topic_id,taxonomy_main_id,taxonomy_main_name,taxonomy_main_group,taxonomy_secondary_id,taxonomy_secondary_name,taxonomy_secondary_group,taxonomy_confidence,taxonomy_is_noise,radway_main_id,radway_main_name,radway_phase,radway_phase_name,radway_is_none,radway_confidence,label,scene_summary,primary_categories,secondary_categories,label_is_noise,keywords,name,secondary_cats,composite_key,composite_name,composite_note
9,4.5,"Reconciliation, Commitments & HEA",Relationship Trajectory (Main Couple),8.2,Public & Leisure Spaces,"Spaces, Time, Activities & Objects",high,False,R13,Heroine's identity is restored,III,Commitment & Restoration,False,high,Marriage Ceremony Planning,"The couple plans their wedding ceremony, discussing details and arrangements.","romance_core, domestic_life","setting:wedding_planning, activity:planning",False,"married, wedding, marriage, marry, divorce, marrying, divorced, engaged, getting, ceremony",Marriage Ceremony Planning,"setting:wedding_planning, activity:planning",A1_commitment_vows,A1) Commitment & Vows,explicit commitment language (HEA/marriage plot)
192,3.1,Positive Emotions & Security,"Emotions, Cognition & Inner Life",,,,high,False,R8,Hero treats heroine tenderly,II,Turning Point & Recognition,False,medium,Optimistic Reassurance,She reassures him that everything will be fine.,"romance_core, domestic_life","setting:kitchen, activity:conversation",False,"everythinga, ita, perfectly, suited, going, sashimi, fixable, totally, shhhh, sod",Optimistic Reassurance,"setting:kitchen, activity:conversation",A2_emotional_safety,A2) Emotional Safety & Reassurance,safety/trust/comfort affect
360,3.1,Positive Emotions & Security,"Emotions, Cognition & Inner Life",,,,high,False,R8,Hero treats heroine tenderly,II,Turning Point & Recognition,False,low,Relaxing Moment,She finds herself relaxing for the first time all day.,"romance_core, domestic_life","setting:home, activity:relaxing",False,"relax, rest, relaxing, relaxed, enjoy, relaxation, relaxes, abysmally, averse, awash",Relaxing Moment,"setting:home, activity:relaxing",A2_emotional_safety,A2) Emotional Safety & Reassurance,safety/trust/comfort affect
70,4.2,"Bonding, Everyday Intimacy & Growth",Relationship Trajectory (Main Couple),,,,high,False,R9,Heroine responds warmly to hero's tenderness,II,Turning Point & Recognition,False,medium,Kitten Rescue And Bonding,"She rescued two hairless kittens, cradling them in her lap, their tiny paws kneading her pasty skin as they purr contentedly.",,,False,"kittens, delivery, cata, purr, claws, rescued, hairless, arrogantly, cheshire, lap",Kitten Rescue And Bonding,,A3_everyday_tenderness,A3) Everyday Tenderness,daily affectionate bonding (non-formal)
230,4.2,"Bonding, Everyday Intimacy & Growth",Relationship Trajectory (Main Couple),1.5,Exercise & Physical Activity,Embodied & Sensory Experience,high,False,R8,Hero treats heroine tenderly,II,Turning Point & Recognition,False,medium,Wheelchair Bonding,"The couple, Churchill and his partner, bond over his fondness for golf and her interest in information about him, as she sits on his lap in the wheelchair.","romance_core, physical_affection","setting:wheelchair, activity:bonding",False,"didn, testily, talked, hadn, wasn, cast, wheelchair, figured, repeated, told",Wheelchair Bonding,"setting:wheelchair, activity:bonding",A3_everyday_tenderness,A3) Everyday Tenderness,daily affectionate bonding (non-formal)
250,4.2,"Bonding, Everyday Intimacy & Growth",Relationship Trajectory (Main Couple),1.1,Body Parts & Physical Reactions,Embodied & Sensory Experience,high,False,R9,Heroine responds warmly to hero's tenderness,II,Turning Point & Recognition,False,low,Protective Conversations By Firelight,"She loved him, their conversations bolder and headstrong, as he protectively pampered her by the firelight.","romance_core, relationship_conflict","setting:fireplace, activity:conversation",False,"loved, loves, adored, clearly, humbled, protector, cared, soul, madly, conversations",Protective Conversations By Firelight,"setting:fireplace, activity:conversation",A3_everyday_tenderness,A3) Everyday Tenderness,daily affectionate bonding (non-formal)
275,4.2,"Bonding, Everyday Intimacy & Growth",Relationship Trajectory (Main Couple),,,,high,False,R9,Heroine responds warmly to hero's tenderness,II,Turning Point & Recognition,False,medium,Back-to-back Support,"The couple stands back-to-back, each having the other's back in a moment of solidarity.","romance_core, physical_affection","setting:standing, activity:back_to_back",False,"othera, lives, compatible, live, better, work, connected, synapses, physically, pasts",Back-to-back Support,"setting:standing, activity:back_to_back",A3_everyday_tenderness,A3) Everyday Tenderness,daily affectionate bonding (non-formal)
363,4.2,"Bonding, Everyday Intimacy & Growth",Relationship Trajectory (Main Couple),,,,medium,False,R9,Heroine responds warmly to hero's tenderness,II,Turning Point & Recognition,False,medium,Goofball's Webcam Connection,"She watches him on webcam, feeling a connection despite his goofball antics.","romance_core, physical_affection","setting:webcam, activity:video_chat",False,"garretta, fulfilled, owners, sees, accepting, shouldna, letting, prophecy, webcam, salaciousa",Goofball's Webcam Connection,"setting:webcam, activity:video_chat",A3_everyday_tenderness,A3) Everyday Tenderness,daily affectionate bonding (non-formal)
12,2.2,Kissing & Non-Explicit Affection,"Sexuality, Attraction & Intimacy",,,,high,False,R8,Hero treats heroine tenderly,II,Turning Point & Recognition,False,medium,Tender Forehead Kisses,"He tenderly kisses her forehead, leaning in with soft lips.","romance_core, physical_affection","setting:bedroom, activity:kissing",False,"kisses, kissed, tongue, mouth, cheek, neck, leans, lip, licks, soft",Tender Forehead Kisses,"setting:bedroom, activity:kissing",B1_attraction_chemistry,B1) Attraction & Sexual Chemistry,sexual tension + kissing (pre-coital intimacy)
13,2.2,Kissing & Non-Explicit Affection,"Sexuality, Attraction & Intimacy",,,,high,False,R8,Hero treats heroine tenderly,II,Turning Point & Recognition,False,high,Playful Laughter And Smiles,The couple shares playful laughter and smiles while looking at each other.,"romance_core, physical_affection","setting:living_room, activity:laughing",False,"smiled, smile, smiles, laugh, laughs, laughed, grinned, grin, eyebrows, giggles",Playful Laughter And Smiles,"setting:living_room, activity:laughing",B1_attraction_chemistry,B1) Attraction & Sexual Chemistry,sexual tension + kissing (pre-coital intimacy)
20,2.1,Attraction & Sexual Tension,"Sexuality, Attraction & Intimacy",,,,high,False,R4,Heroine interprets hero's behaviour as purely sexual interest,I,Initial Conflict & Isolation,False,medium,Eye Contact And Staring,"The couple's gazes meet and hold, their expressions intense.","romance_core, physical_affection","setting:face_to_face, activity:staring",False,"gaze, stare, staring, looks, stares, look, stared, glares, glances, looked",Eye Contact And Staring,"setting:face_to_face, activity:staring",B1_attraction_chemistry,B1) Attraction & Sexual Chemistry,sexual tension + kissing (pre-coital intimacy)
21,2.2,Kissing & Non-Explicit Affection,"Sexuality, Attraction & Intimacy",8.1,Domestic Spaces & Routines,"Spaces, Time, Activities & Objects",high,False,R8,Hero treats heroine tenderly,II,Turning Point & Recognition,False,low,Parked Car Makeout,"The couple, parked in his car, engages in passionate kissing.","romance_core, physical_affection","setting:car, activity:kissing",False,"car, driver, limo, parked, parking, cars, driveway, suv, curb, cab",Parked Car Makeout,"setting:car, activity:kissing",B1_attraction_chemistry,B1) Attraction & Sexual Chemistry,sexual tension + kissing (pre-coital intimacy)
25,2.2,Kissing & Non-Explicit Affection,"Sexuality, Attraction & Intimacy",,,,high,False,R9,Heroine responds warmly to hero's tenderness,II,Turning Point & Recognition,False,low,Playful Laughter And Smiles,The couple shares playful laughter and smiles while interacting.,"romance_core, physical_affection","setting:living_room, activity:laughing",False,"smile, laugh, laughter, grin, smiled, grinned, burst, laughed, chuckled, force",Playful Laughter And Smiles,"setting:living_room, activity:laughing",B1_attraction_chemistry,B1) Attraction & Sexual Chemistry,sexual tension + kissing (pre-coital intimacy)
36,2.2,Kissing & Non-Explicit Affection,"Sexuality, Attraction & Intimacy",,,,high,False,R8,Hero treats heroine tenderly,II,Turning Point & Recognition,False,medium,Kneeling For Intimacy,"She kneels in front of him, her hands on his knees, looking up at him.","physical_affection, romance_core","setting:bedroom, activity:kneeling",False,"knees, feet, fists, arms, foot, fold, shuffle, fist, shoe, sides",Kneeling For Intimacy,"setting:bedroom, activity:kneeling",B1_attraction_chemistry,B1) Attraction & Sexual Chemistry,sexual tension + kissing (pre-coital intimacy)
38,2.1,Attraction & Sexual Tension,"Sexuality, Attraction & Intimacy",,,,high,False,R4,Heroine interprets hero's behaviour as purely sexual interest,I,Initial Conflict & Isolation,False,medium,Eye Contact And Staring,"She stares up at him, holding his gaze, as he looks down at her.","romance_core, physical_affection","setting:bedroom, activity:staring",False,"looks, gaze, stares, glare, stare, look, glances, looked, glanced, staring",Eye Contact And Staring,"setting:bedroom, activity:staring",B1_attraction_chemistry,B1) Attraction & Sexual Chemistry,sexual tension + kissing (pre-coital intimacy)
39,2.2,Kissing & Non-Explicit Affection,"Sexuality, Attraction & Intimacy",,,,high,False,R8,Hero treats heroine tenderly,II,Turning Point & Recognition,False,medium,Lip Biting During Intimacy,She bites her lower lip as he leans in for a kiss.,"physical_affection, romance_core","setting:bedroom, activity:kissing",False,"lip, bite, teeth, nose, tongue, mouth, bridge, grit, lick, chew",Lip Biting During Intimacy,"setting:bedroom, activity:kissing",B1_attraction_chemistry,B1) Attraction & Sexual Chemistry,sexual tension + kissing (pre-coital intimacy)
46,2.1,Attraction & Sexual Tension,"Sexuality, Attraction & Intimacy",,,,high,False,R4,Heroine interprets hero's behaviour as purely sexual interest,I,Initial Conflict & Isolation,False,medium,Attraction At First Glance,"She notices him across the room, their eyes meeting briefly before she looks away, feeling a spark of attraction.","romance_core, physical_affection","setting:room, activity:eye_contact",False,"didn, hardya, wasn, murmured, looked, pickup, wondered, couldn, heard, gave",Attraction At First Glance,"setting:room, activity:eye_contact",B1_attraction_chemistry,B1) Attraction & Sexual Chemistry,sexual tension + kissing (pre-coital intimacy)
47,2.2,Kissing & Non-Explicit Affection,"Sexuality, Attraction & Intimacy",,,,high,False,R8,Hero treats heroine tenderly,II,Turning Point & Recognition,False,low,Hair And Neck game,He gently runs his fingers through her hair and kisses her neck.,"physical_affection, sexual_content","setting:bedroom, activity:kissing",False,"hair, makeup, mascara, lipstick, drag, nape, hairs, rises, bun, strand",Hair And Neck game,"setting:bedroom, activity:kissing",B1_attraction_chemistry,B1) Attraction & Sexual Chemistry,sexual tension + kissing (pre-coital intimacy)
58,2.1,Attraction & Sexual Tension,"Sexuality, Attraction & Intimacy",,,,high,False,R4,Heroine interprets hero's behaviour as purely sexual interest,I,Initial Conflict & Isolation,False,high,Compliments And Flirting,She receives compliments about her appearance from him.,"romance_core, physical_affection","setting:public, activity:flirting",False,"look, youa, stunning, seen, attractive, sweeter, breathtakingly, absolutely, utterly, looks",Compliments And Flirting,"setting:public, activity:flirting",B1_attraction_chemistry,B1) Attraction & Sexual Chemistry,sexual tension + kissing (pre-coital intimacy)
67,2.2,Kissing & Non-Explicit Affection,"Sexuality, Attraction & Intimacy",,,,high,False,R8,Hero treats heroine tenderly,II,Turning Point & Recognition,False,medium,Married Couple's Affectionate Stares,The married couple exchanges affectionate stares and smiles across the wedding aisle.,"romance_core, physical_affection","setting:wedding_aisle, activity:staring_and_smiling",False,"ravena, aresa, nods, tenses, looks, hurting, walks, wona, marry, stares",Married Couple's Affectionate Stares,"setting:wedding_aisle, activity:staring_and_smiling",B1_attraction_chemistry,B1) Attraction & Sexual Chemistry,sexual tension + kissing (pre-coital intimacy)
75,2.2,Kissing & Non-Explicit Affection,"Sexuality, Attraction & Intimacy",8.1,Domestic Spaces & Routines,"Spaces, Time, Activities & Objects",high,False,R8,Hero treats heroine tenderly,II,Turning Point & Recognition,False,low,Bedroom Encounter,"The couple finds themselves in the bedroom, surrounded by pillows and sheets, as they share an intimate moment.","romance_core, physical_affection","setting:bedroom, activity:kissing",False,"bed, bedroom, couch, sheets, sofa, covers, pillows, mattress, flop, edge",Bedroom Encounter,"setting:bedroom, activity:kissing",B1_attraction_chemistry,B1) Attraction & Sexual Chemistry,sexual tension + kissing (pre-coital intimacy)
78,2.2,Kissing & Non-Explicit Affection,"Sexuality, Attraction & Intimacy",,,,high,False,R8,Hero treats heroine tenderly,II,Turning Point & Recognition,False,medium,Tender Forehead Kisses,"The couple, sitting close, shares tender forehead kisses.","romance_core, physical_affection","setting:car, activity:kissing",False,"lucaa, wraps, enzoa, cups, eliciting, gaze, looks, brushing, arm, smiles",Tender Forehead Kisses,"setting:car, activity:kissing",B1_attraction_chemistry,B1) Attraction & Sexual Chemistry,sexual tension + kissing (pre-coital intimacy)
97,2.2,Kissing & Non-Explicit Affection,"Sexuality, Attraction & Intimacy",,,,high,False,R8,Hero treats heroine tenderly,II,Turning Point & Recognition,False,low,Eyes Closed In Intimacy,She closed her eyes as he leaned in for a kiss.,"romance_core, physical_affection","setting:bedroom, activity:kissing",False,"closed, eyelids, shut, sockets, squeeze, vision, fluttered, narrow, bulge, nearly",Eyes Closed In Intimacy,"setting:bedroom, activity:kissing",B1_attraction_chemistry,B1) Attraction & Sexual Chemistry,sexual tension + kissing (pre-coital intimacy)
125,2.2,Kissing & Non-Explicit Affection,"Sexuality, Attraction & Intimacy",8.2,Public & Leisure Spaces,"Spaces, Time, Activities & Objects",high,False,R9,Heroine responds warmly to hero's tenderness,II,Turning Point & Recognition,False,medium,Mid-flight Makeout,The couple passionately kisses throughout their flight.,"romance_core, physical_affection","setting:airplane, activity:kissing",False,"flight, plane, jet, airport, helicopter, pilot, runway, flying, fly, jfk",Mid-flight Makeout,"setting:airplane, activity:kissing",B1_attraction_chemistry,B1) Attraction & Sexual Chemistry,sexual tension + kissing (pre-coital intimacy)
129,2.1,Attraction & Sexual Tension,"Sexuality, Attraction & Intimacy",,,,high,False,R4,Heroine interprets hero's behaviour as purely sexual interest,I,Initial Conflict & Isolation,False,medium,Condom Check Before Sex,"He reaches into his wallet, pulling out a condom packet to check its expiration before they proceed.","sexual_content, domestic_life","setting:bedroom, activity:checking_condom",False,"condom, condoms, wrapper, packet, wallet, nightstand, expired, drawer, pocket, rolled",Condom Check Before Sex,"setting:bedroom, activity:checking_condom",B1_attraction_chemistry,B1) Attraction & Sexual Chemistry,sexual tension + kissing (pre-coital intimacy)
158,2.2,Kissing & Non-Explicit Affection,"Sexuality, Attraction & Intimacy",4.1,"Meeting, First Impressions & Setup",Relationship Trajectory (Main Couple),medium,False,R8,Hero treats heroine tenderly,II,Turning Point & Recognition,False,medium,Road Trip Flirtation,"She and Lukas shared breathless, unblinking moments in the car, his murmurs and intense looks hinting at something more.","romance_core, physical_affection","setting:car, activity:flirting",False,"murmured, smirked, saraa, liaa, laughed, humorously, watched, soa, grinned, thoroughly",Road Trip Flirtation,"setting:car, activity:flirting",B1_attraction_chemistry,B1) Attraction & Sexual Chemistry,sexual tension + kissing (pre-coital intimacy)
164,2.2,Kissing & Non-Explicit Affection,"Sexuality, Attraction & Intimacy",,,,high,False,R8,Hero treats heroine tenderly,II,Turning Point & Recognition,False,medium,Eye Contact And Connection,"The couple's gazes lock, creating a moment of intense connection.","romance_core, physical_affection","setting:eyes, activity:gazing",False,"locked, stare, gazes, stared, lock, othera, moment, staring, meet, air",Eye Contact And Connection,"setting:eyes, activity:gazing",B1_attraction_chemistry,B1) Attraction & Sexual Chemistry,sexual tension + kissing (pre-coital intimacy)
171,2.2,Kissing & Non-Explicit Affection,"Sexuality, Attraction & Intimacy",8.1,Domestic Spaces & Routines,"Spaces, Time, Activities & Objects",high,False,R8,Hero treats heroine tenderly,II,Turning Point & Recognition,False,medium,Bedroom Intimacy,"The couple sits on the bed, legs touching, as they share intimate moments.","romance_core, physical_affection","setting:bedroom, activity:kissing",False,"bed, mattress, bedroom, edge, sits, carries, covers, pushes, pillow, crawls",Bedroom Intimacy,"setting:bedroom, activity:kissing",B1_attraction_chemistry,B1) Attraction & Sexual Chemistry,sexual tension + kissing (pre-coital intimacy)
184,2.2,Kissing & Non-Explicit Affection,"Sexuality, Attraction & Intimacy",,,,high,False,R8,Hero treats heroine tenderly,II,Turning Point & Recognition,False,medium,Low Voice Conversations,"He speaks to her, his voice low, in a quiet, intimate setting.","romance_core, physical_affection","setting:quiet_room, activity:conversation",False,"low, lowers, trails, gruff, husky, hoarse, drops, rough, speaks, soft",Low Voice Conversations,"setting:quiet_room, activity:conversation",B1_attraction_chemistry,B1) Attraction & Sexual Chemistry,sexual tension + kissing (pre-coital intimacy)
196,2.1,Attraction & Sexual Tension,"Sexuality, Attraction & Intimacy",,,,high,False,R4,Heroine interprets hero's behaviour as purely sexual interest,I,Initial Conflict & Isolation,False,medium,Admiring Handsome Man,She admires his stunning features and irresistible looks in a luxurious hotel suite.,"romance_core, physical_affection","setting:hotel_suite, activity:admiring",False,"attractive, hea, incredibly, refined, devastatingly, handsomeness, irresistible, looks, endowed, looked",Admiring Handsome Man,"setting:hotel_suite, activity:admiring",B1_attraction_chemistry,B1) Attraction & Sexual Chemistry,sexual tension + kissing (pre-coital intimacy)
207,2.1,Attraction & Sexual Tension,"Sexuality, Attraction & Intimacy",,,,high,False,R4,Heroine interprets hero's behaviour as purely sexual interest,I,Initial Conflict & Isolation,False,high,Scent-induced Arousal,"She closes her eyes, inhaling deeply, as his masculine scent fills her nostrils, igniting a wave of desire in the bedroom.","sexual_content, romance_core","setting:bedroom, activity:scent_smelling",False,"scent, cologne, smell, smells, smelled, soap, musk, sandalwood, cedar, masculine",Scent-induced Arousal,"setting:bedroom, activity:scent_smelling",B1_attraction_chemistry,B1) Attraction & Sexual Chemistry,sexual tension + kissing (pre-coital intimacy)
211,2.2,Kissing & Non-Explicit Affection,"Sexuality, Attraction & Intimacy",,,,high,False,R8,Hero treats heroine tenderly,II,Turning Point & Recognition,False,low,Hair Play During Intimacy,"She runs her fingers through his hair, playing with the strands as they sit close together.","romance_core, physical_affection","setting:bedroom, activity:kissing",False,"hair, blonde, waves, shoulders, bun, strands, fell, swept, breeze, braid",Hair Play During Intimacy,"setting:bedroom, activity:kissing",B1_attraction_chemistry,B1) Attraction & Sexual Chemistry,sexual tension + kissing (pre-coital intimacy)
227,2.1,Attraction & Sexual Tension,"Sexuality, Attraction & Intimacy",8.1,Domestic Spaces & Routines,"Spaces, Time, Activities & Objects",medium,False,R4,Heroine interprets hero's behaviour as purely sexual interest,I,Initial Conflict & Isolation,False,medium,Voyeuristic Secretary,"A secretary, feeling watched by her boss, struggles with her emotions while working late.","romance_core, sexual_tension","setting:office, activity:working, sexual:eyes_on_me",False,"emersona, feels, scuffle, replies, destructive, cra, voyeur, involves, announces, filing",Voyeuristic Secretary,"setting:office, activity:working, sexual:eyes_on_me",B1_attraction_chemistry,B1) Attraction & Sexual Chemistry,sexual tension + kissing (pre-coital intimacy)
229,2.1,Attraction & Sexual Tension,"Sexuality, Attraction & Intimacy",,,,high,False,R4,Heroine interprets hero's behaviour as purely sexual interest,I,Initial Conflict & Isolation,False,medium,Fascinated Gaze,"She looks at him, her gaze widening with fascination.","romance_core, physical_affection","setting:face_to_face, activity:staring",False,"widens, narrowed, gaze, widened, widen, tilts, narrows, brows, tilted, furrowed",Fascinated Gaze,"setting:face_to_face, activity:staring",B1_attraction_chemistry,B1) Attraction & Sexual Chemistry,sexual tension + kissing (pre-coital intimacy)
235,2.1,Attraction & Sexual Tension,"Sexuality, Attraction & Intimacy",,,,high,False,R4,Heroine interprets hero's behaviour as purely sexual interest,I,Initial Conflict & Isolation,False,medium,Imperious Gaze,"He stares imperiously at her, his gaze intense and commanding.","romance_core, sexual_tension","setting:bedroom, activity:staring",False,"henrya, dennya, turns, smuckersa, gaze, spins, narrows, everybody, defray, gets",Imperious Gaze,"setting:bedroom, activity:staring",B1_attraction_chemistry,B1) Attraction & Sexual Chemistry,sexual tension + kissing (pre-coital intimacy)
255,2.1,Attraction & Sexual Tension,"Sexuality, Attraction & Intimacy",,,,high,False,R4,Heroine interprets hero's behaviour as purely sexual interest,I,Initial Conflict & Isolation,False,high,Hot And Heavy Flirting,"She blushes, playfully teasing him about being the 'hottest' person she's ever met.","romance_core, physical_affection","setting:kitchen, activity:teasing, activity:flirting",False,"hotter, smoking, hots, hottest, really, extremely, totally, scorpion, empathetic, ceaseless",Hot And Heavy Flirting,"setting:kitchen, activity:teasing, activity:flirting",B1_attraction_chemistry,B1) Attraction & Sexual Chemistry,sexual tension + kissing (pre-coital intimacy)
257,2.1,Attraction & Sexual Tension,"Sexuality, Attraction & Intimacy",,,,high,False,R4,Heroine interprets hero's behaviour as purely sexual interest,I,Initial Conflict & Isolation,False,medium,Scent-induced Arousal,"She notices his captivating scent, feeling a sudden surge of arousal.","romance_core, sexual_tension","setting:distillery, activity:sensing",False,"smell, scent, perfume, smells, smelled, air, scents, smelling, distillery, lavender",Scent-induced Arousal,"setting:distillery, activity:sensing",B1_attraction_chemistry,B1) Attraction & Sexual Chemistry,sexual tension + kissing (pre-coital intimacy)
271,2.1,Attraction & Sexual Tension,"Sexuality, Attraction & Intimacy",,,,medium,False,R4,Heroine interprets hero's behaviour as purely sexual interest,I,Initial Conflict & Isolation,False,medium,Physical Labor And Attraction,She remembered his sculpted body from years of construction work as they stood close in the kitchen.,"romance_core, physical_affection","setting:kitchen, activity:remembering_past",False,"sama, couldn, didn, sculpted, conquest, labor, charmed, insisting, advantage, defenses",Physical Labor And Attraction,"setting:kitchen, activity:remembering_past",B1_attraction_chemistry,B1) Attraction & Sexual Chemistry,sexual tension + kissing (pre-coital intimacy)
280,2.1,Attraction & Sexual Tension,"Sexuality, Attraction & Intimacy",,,,high,False,R4,Heroine interprets hero's behaviour as purely sexual interest,I,Initial Conflict & Isolation,False,medium,Growling During Intimacy,He growls deeply as they make out in the bedroom.,"sexual_content, domestic_life","setting:bedroom, activity:kissing",False,"growls, groans, growl, rumbles, growling, rips, low, snarls, grunts, rumble",Growling During Intimacy,"setting:bedroom, activity:kissing",B1_attraction_chemistry,B1) Attraction & Sexual Chemistry,sexual tension + kissing (pre-coital intimacy)
285,2.2,Kissing & Non-Explicit Affection,"Sexuality, Attraction & Intimacy",,,,high,False,R4,Heroine interprets hero's behaviour as purely sexual interest,I,Initial Conflict & Isolation,False,low,Size Comparison Conversation,"The couple compares the size of objects, leading to flirtatious banter.","romance_core, physical_affection","setting:bedroom, activity:comparing_sizes",False,"bigger, huge, size, solid, heavy, geometry, massive, inch, large, larger",Size Comparison Conversation,"setting:bedroom, activity:comparing_sizes",B1_attraction_chemistry,B1) Attraction & Sexual Chemistry,sexual tension + kissing (pre-coital intimacy)
317,2.2,Kissing & Non-Explicit Affection,"Sexuality, Attraction & Intimacy",,,,high,False,R8,Hero treats heroine tenderly,II,Turning Point & Recognition,False,medium,Scent-induced Intimacy,"She notices his scent, triggering intimate thoughts and actions.","romance_core, physical_affection","setting:bedroom, activity:scent_perception",False,"scent, smelled, smell, perfume, nostrils, shampoo, smells, coconut, lavender, flowers",Scent-induced Intimacy,"setting:bedroom, activity:scent_perception",B1_attraction_chemistry,B1) Attraction & Sexual Chemistry,sexual tension + kissing (pre-coital intimacy)
347,2.2,Kissing & Non-Explicit Affection,"Sexuality, Attraction & Intimacy",,,,high,False,R9,Heroine responds warmly to hero's tenderness,II,Turning Point & Recognition,False,low,Expressive Yes,She expresses her agreement with a resounding 'yes'.,"romance_core, physical_affection","setting:conversation, activity:expressing_agreement",False,"yessss, , , , , , , , , ",Expressive Yes,"setting:conversation, activity:expressing_agreement",B1_attraction_chemistry,B1) Attraction & Sexual Chemistry,sexual tension + kissing (pre-coital intimacy)
48,3.1,Positive Emotions & Security,"Emotions, Cognition & Inner Life",,,,high,False,R8,Hero treats heroine tenderly,II,Turning Point & Recognition,False,low,Deep Breaths During Emotional Moment,She takes deep breaths to calm herself during an emotional moment.,"romance_core, relationship_conflict","setting:home, activity:breathing",False,"breath, lungs, deep, exhale, inhale, breathing, exhaled, breaths, heavily, air",Deep Breaths During Emotional Moment,"setting:home, activity:breathing",B2_emotional_intimacy,B2) Emotional Intimacy,emotional closeness (non-physical)
156,4.2,"Bonding, Everyday Intimacy & Growth",Relationship Trajectory (Main Couple),,,,high,False,R8,Hero treats heroine tenderly,II,Turning Point & Recognition,False,low,Trust Assurance Conversation,"The couple, sitting at a table, reassures each other about their trust and commitment.","romance_core, relationship_conflict","setting:table, activity:conversation",False,"trust, trusted, trustworthy, issues, forgave, able, instincts, circle, gut, cana",Trust Assurance Conversation,"setting:table, activity:conversation",B2_emotional_intimacy,B2) Emotional Intimacy,emotional closeness (non-physical)
275,4.2,"Bonding, Everyday Intimacy & Growth",Relationship Trajectory (Main Couple),,,,high,False,R9,Heroine responds warmly to hero's tenderness,II,Turning Point & Recognition,False,medium,Back-to-back Support,"The couple stands back-to-back, each having the other's back in a moment of solidarity.","romance_core, physical_affection","setting:standing, activity:back_to_back",False,"othera, lives, compatible, live, better, work, connected, synapses, physically, pasts",Back-to-back Support,"setting:standing, activity:back_to_back",B2_emotional_intimacy,B2) Emotional Intimacy,emotional closeness (non-physical)
330,4.2,"Bonding, Everyday Intimacy & Growth",Relationship Trajectory (Main Couple),,,,high,False,R8,Hero treats heroine tenderly,II,Turning Point & Recognition,False,medium,Smiling And Laughing Together,"The couple, smiling and laughing, shares playful moments together.","romance_core, physical_affection","setting:various, activity:laughing, activity:smiling",False,"marleya, confidante, splutters, goofily, pleads, kicking, suma, ra, stylist, glance",Smiling And Laughing Together,"setting:various, activity:laughing, activity:smiling",B2_emotional_intimacy,B2) Emotional Intimacy,emotional closeness (non-physical)
363,4.2,"Bonding, Everyday Intimacy & Growth",Relationship Trajectory (Main Couple),,,,medium,False,R9,Heroine responds warmly to hero's tenderness,II,Turning Point & Recognition,False,medium,Goofball's Webcam Connection,"She watches him on webcam, feeling a connection despite his goofball antics.","romance_core, physical_affection","setting:webcam, activity:video_chat",False,"garretta, fulfilled, owners, sees, accepting, shouldna, letting, prophecy, webcam, salaciousa",Goofball's Webcam Connection,"setting:webcam, activity:video_chat",B2_emotional_intimacy,B2) Emotional Intimacy,emotional closeness (non-physical)
1,2.3,Explicit Sexual Acts,"Sexuality, Attraction & Intimacy",,,,high,False,R12,Heroine responds sexually and emotionally,III,Commitment & Restoration,False,high,Intimate Breast And Nipple Kissing,He gently kisses her breasts and nipples while she responds with soft moans.,"physical_affection, sexual_content","setting:bedroom, activity:kissing",False,"kissed, hips, tongue, breasts, mouth, body, arms, slid, neck, thighs",Intimate Breast And Nipple Kissing,"setting:bedroom, activity:kissing",C_explicit_eroticism,C) Explicit Eroticism,explicit sexual act language (heterogeneous by design — use in ratios)
2,2.3,Explicit Sexual Acts,"Sexuality, Attraction & Intimacy",,,,high,False,R12,Heroine responds sexually and emotionally,III,Commitment & Restoration,False,high,Clitoral Stimulation During Foreplay,"She spreads her legs, allowing him to run his tongue along her clit as she moans into his neck.","sexual_content, romance_core","setting:bedroom, activity:oral_sex, sexual:clitoral_stimulation",False,"clit, pussy, tongue, hips, legs, mouth, neck, pull, lip, lower",Clitoral Stimulation During Foreplay,"setting:bedroom, activity:oral_sex, sexual:clitoral_stimulation",C_explicit_eroticism,C) Explicit Eroticism,explicit sexual act language (heterogeneous by design — use in ratios)
15,2.3,Explicit Sexual Acts,"Sexuality, Attraction & Intimacy",,,,high,False,R12,Heroine responds sexually and emotionally,III,Commitment & Restoration,False,high,Clitoral Stimulation During Foreplay,He rubs her clit with his hand while they make out in the elevator.,"sexual_content, romance_core","setting:elevator, activity:making_out, sexual:clitoral_stimulation",False,"clit, hips, pussy, legs, thighs, erection, waist, thigh, panties, pulls",Clitoral Stimulation During Foreplay,"setting:elevator, activity:making_out, sexual:clitoral_stimulation",C_explicit_eroticism,C) Explicit Eroticism,explicit sexual act language (heterogeneous by design — use in ratios)
19,2.3,Explicit Sexual Acts,"Sexuality, Attraction & Intimacy",,,,high,False,R12,Heroine responds sexually and emotionally,III,Commitment & Restoration,False,high,Adrenaline-fueled game,She feels her heart race and stomach flutter as he traces her veins with his fingers during intense foreplay.,"sexual_content, romance_core","setting:bedroom, activity:foreplay, sexual:touching",False,"stomach, chest, blood, veins, temples, spine, belly, adrenaline, heartbeat, beating",Adrenaline-fueled game,"setting:bedroom, activity:foreplay, sexual:touching",C_explicit_eroticism,C) Explicit Eroticism,explicit sexual act language (heterogeneous by design — use in ratios)
42,2.3,Explicit Sexual Acts,"Sexuality, Attraction & Intimacy",,,,high,False,R12,Heroine responds sexually and emotionally,III,Commitment & Restoration,False,high,Exploring Virginity,She tentatively explores her virginity with him.,"romance_core, sexual_content","setting:bedroom, activity:exploring_virginity",False,"sexual, intimate, virginity, intimacy, having, sexually, blowing, sexa, sexuality, just",Exploring Virginity,"setting:bedroom, activity:exploring_virginity",C_explicit_eroticism,C) Explicit Eroticism,explicit sexual act language (heterogeneous by design — use in ratios)
55,2.3,Explicit Sexual Acts,"Sexuality, Attraction & Intimacy",8.1,Domestic Spaces & Routines,"Spaces, Time, Activities & Objects",high,False,R12,Heroine responds sexually and emotionally,III,Commitment & Restoration,False,high,Dominatrix Session,"A dominatrix guides her client through a BDSM session, focusing on her desires and means of gratification.","sexual_content, domestic_life","setting:bedroom, activity:BDSM, sexual:dominatrix",False,"wants, want, knows, needs, need, hera, needed, teach, ita, likes",Dominatrix Session,"setting:bedroom, activity:BDSM, sexual:dominatrix",C_explicit_eroticism,C) Explicit Eroticism,explicit sexual act language (heterogeneous by design — use in ratios)
102,2.3,Explicit Sexual Acts,"Sexuality, Attraction & Intimacy",,,,high,False,R12,Heroine responds sexually and emotionally,III,Commitment & Restoration,False,high,Hair Tugging During game,"He grips her hair, tugging gently as they kiss passionately.","sexual_content, romance_core","setting:bedroom, activity:kissing, sexual:hair_pulling",False,"hair, strands, brushes, grip, strand, handful, hand, runs, threads, gently",Hair Tugging During game,"setting:bedroom, activity:kissing, sexual:hair_pulling",C_explicit_eroticism,C) Explicit Eroticism,explicit sexual act language (heterogeneous by design — use in ratios)
103,2.3,Explicit Sexual Acts,"Sexuality, Attraction & Intimacy",8.1,Domestic Spaces & Routines,"Spaces, Time, Activities & Objects",high,False,R12,Heroine responds sexually and emotionally,III,Commitment & Restoration,False,high,Nude Bed Scene,"She stands naked in the bedroom, her body glistening with sweat.","sexual_content, domestic_life","setting:bedroom, sexual:nudity",False,"nude, nudes, seen, completely, nakedness, standing, stark, gloriously, wet, half",Nude Bed Scene,"setting:bedroom, sexual:nudity",C_explicit_eroticism,C) Explicit Eroticism,explicit sexual act language (heterogeneous by design — use in ratios)
133,2.3,Explicit Sexual Acts,"Sexuality, Attraction & Intimacy",,,,high,False,R12,Heroine responds sexually and emotionally,III,Commitment & Restoration,False,high,Breast And Nipple Play,He teases her nipples with his thumbs and tongue.,"sexual_content, physical_affection","setting:bedroom, activity:nipple_play",False,"nipple, nipples, breasts, breast, cups, pinches, sucking, thumbs, tongue, thumb",Breast And Nipple Play,"setting:bedroom, activity:nipple_play",C_explicit_eroticism,C) Explicit Eroticism,explicit sexual act language (heterogeneous by design — use in ratios)
162,2.3,Explicit Sexual Acts,"Sexuality, Attraction & Intimacy",,,,high,False,R12,Heroine responds sexually and emotionally,III,Commitment & Restoration,False,high,Breast And Nipple Foreplay,"She teasingly caresses her breasts and nipples, her partner watching intently.","sexual_content, romance_core","setting:bedroom, activity:teasing",False,"skirt, dress, breasts, nipples, curves, fabric, wore, panties, lace, blouse",Breast And Nipple Foreplay,"setting:bedroom, activity:teasing",C_explicit_eroticism,C) Explicit Eroticism,explicit sexual act language (heterogeneous by design — use in ratios)
167,2.3,Explicit Sexual Acts,"Sexuality, Attraction & Intimacy",,,,high,False,R12,Heroine responds sexually and emotionally,III,Commitment & Restoration,False,high,Intense Orgasmic Waves,She experiences intense orgasmic waves throughout their passionate encounter.,"sexual_content, romance_core","setting:bedroom, sexual:waves_of_orgasm",False,"orgasms, climax, rips, orgasmic, orgasmed, body, intense, wave, explodes, orgasma",Intense Orgasmic Waves,"setting:bedroom, sexual:waves_of_orgasm",C_explicit_eroticism,C) Explicit Eroticism,explicit sexual act language (heterogeneous by design — use in ratios)
205,2.3,Explicit Sexual Acts,"Sexuality, Attraction & Intimacy",4.2,"Bonding, Everyday Intimacy & Growth",Relationship Trajectory (Main Couple),high,False,R12,Heroine responds sexually and emotionally,III,Commitment & Restoration,False,high,Rule-breaking Encounter,"She defies the rules, leading to a passionate encounter in the car.","romance_core, sexual_content","setting:car, activity:kissing, sexual:oral_sex",False,"fuckup, rule, horny, rules, hint, rest, half, job, world, maybe",Rule-breaking Encounter,"setting:car, activity:kissing, sexual:oral_sex",C_explicit_eroticism,C) Explicit Eroticism,explicit sexual act language (heterogeneous by design — use in ratios)
208,2.3,Explicit Sexual Acts,"Sexuality, Attraction & Intimacy",,,,high,False,R12,Heroine responds sexually and emotionally,III,Commitment & Restoration,False,high,Desperate Harem Offer,"She, desperate for his affection, offers herself to him in a harem-like setting.","romance_core, sexual_content","setting:harem, activity:offering",False,"wants, wanted, want, badly, astonishingly, desperate, bluest, harem, alwaysa, empowering",Desperate Harem Offer,"setting:harem, activity:offering",C_explicit_eroticism,C) Explicit Eroticism,explicit sexual act language (heterogeneous by design — use in ratios)
290,2.3,Explicit Sexual Acts,"Sexuality, Attraction & Intimacy",,,,high,False,R12,Heroine responds sexually and emotionally,III,Commitment & Restoration,False,high,Breast And Nipple Play,"She gently caresses and stimulates her partner's nipples with her fingers, feeling them harden under her touch.","sexual_content, romance_core","setting:bedroom, activity:nipple_play",False,"nipples, nipple, hardened, harden, breasts, pebble, fabric, tighten, puckered, firm",Breast And Nipple Play,"setting:bedroom, activity:nipple_play",C_explicit_eroticism,C) Explicit Eroticism,explicit sexual act language (heterogeneous by design — use in ratios)
301,2.3,Explicit Sexual Acts,"Sexuality, Attraction & Intimacy",8.1,Domestic Spaces & Routines,"Spaces, Time, Activities & Objects",high,False,R12,Heroine responds sexually and emotionally,III,Commitment & Restoration,False,high,Erotic Lingerie Show,"She seductively models lingerie, twirling and posing for him in the bedroom.","sexual_content, domestic_life","setting:bedroom, activity:seductive_modeling",False,"erotic, sexytimes, dangerously, alluring, unnatural, attractive, desired, seductive, sensual, lingerie",Erotic Lingerie Show,"setting:bedroom, activity:seductive_modeling",C_explicit_eroticism,C) Explicit Eroticism,explicit sexual act language (heterogeneous by design — use in ratios)
308,2.3,Explicit Sexual Acts,"Sexuality, Attraction & Intimacy",,,,high,False,R12,Heroine responds sexually and emotionally,III,Commitment & Restoration,False,high,Clitoral Stimulation During game,"He gently caresses her clitoris as they lie on the bed, building anticipation before going further.","sexual_content, romance_core","setting:bedroom, activity:foreplay, sexual:clitoral_stimulation",False,"hea, confidence, preferred, redesigned, jugular, react, truest, amped, advertised, correct",Clitoral Stimulation During game,"setting:bedroom, activity:foreplay, sexual:clitoral_stimulation",C_explicit_eroticism,C) Explicit Eroticism,explicit sexual act language (heterogeneous by design — use in ratios)
318,2.3,Explicit Sexual Acts,"Sexuality, Attraction & Intimacy",,,,high,False,R12,Heroine responds sexually and emotionally,III,Commitment & Restoration,False,high,Mutual Clitoral Stimulation,"She and he mutually stimulate each other's clitoris, expressing mutual pleasure.","sexual_content, romance_core","setting:bedroom, activity:mutual_stimulation",False,"feels, felt, gooda, inconveniently, sign, overwhelmingly, marvelous, bloodthirsty, jury, otherworldly",Mutual Clitoral Stimulation,"setting:bedroom, activity:mutual_stimulation",C_explicit_eroticism,C) Explicit Eroticism,explicit sexual act language (heterogeneous by design — use in ratios)
328,2.3,Explicit Sexual Acts,"Sexuality, Attraction & Intimacy",,,,high,False,R12,Heroine responds sexually and emotionally,III,Commitment & Restoration,False,high,Intense Moaning During Foreplay,"She moans loudly, her body tensing as he stimulates her clitoris with his fingers.","sexual_content, romance_core","setting:bedroom, activity:foreplay, sexual:clitoral_stimulation",False,"moan, groaned, scream, screamed, whimper, moans, whimpered, moaned, inwardly, quivering",Intense Moaning During Foreplay,"setting:bedroom, activity:foreplay, sexual:clitoral_stimulation",C_explicit_eroticism,C) Explicit Eroticism,explicit sexual act language (heterogeneous by design — use in ratios)
338,2.3,Explicit Sexual Acts,"Sexuality, Attraction & Intimacy",4.1,"Meeting, First Impressions & Setup",Relationship Trajectory (Main Couple),high,False,R12,Heroine responds sexually and emotionally,III,Commitment & Restoration,False,high,Freshman Roommate Awakening,"A freshman roommate, Paige, is sexually awakened by her new roommate's advances in their dorm room.","romance_core, sexual_content","setting:dorm_room, activity:sexual_awakening",False,"freshman, comes, roommate, ey, breasta, earful, doesna, thankfully, offer, shrine",Freshman Roommate Awakening,"setting:dorm_room, activity:sexual_awakening",C_explicit_eroticism,C) Explicit Eroticism,explicit sexual act language (heterogeneous by design — use in ratios)
6,5.2,Friends & Social Circles,Social World Outside Couple,,,,high,False,none,None of the above,NA,Not a narrative function,True,high,Wine-drinking At Table,"The couple sits at a table, sipping wine from their glasses.","social_setting, physical_affection","setting:table, activity:drinking_wine",False,"wine, sip, bottle, drunk, whiskey, waiter, scotch, alcohol, drinking, poured",Wine-drinking At Table,"setting:table, activity:drinking_wine",D_power_wealth_luxury,D) Power / Wealth / Luxury,billionaire-world saturation
16,5.1,Family & Kinship,Social World Outside Couple,,,,high,False,none,None of the above,NA,Not a narrative function,True,high,Intergenerational Family Bonding,"The youngest grandson sits with his older uncles, reminiscing about their fathers' shared history.","domestic_life, relationship_conflict","setting:home, activity:reminiscing",False,"fathera, parents, died, dada, older, fathers, children, kids, grandson, hea",Intergenerational Family Bonding,"setting:home, activity:reminiscing",D_power_wealth_luxury,D) Power / Wealth / Luxury,billionaire-world saturation
44,5.1,Family & Kinship,Social World Outside Couple,4.4,"Conflict, Distance & Breakup Threats",Relationship Trajectory (Main Couple),high,False,R7,Hero and heroine are physically or emotionally separated,I,Initial Conflict & Isolation,False,medium,Mother-player Relationship Struggles,the player struggles with his mother's expectations and emotional state in their home.,"romance_core, relationship_conflict","setting:home, activity:arguing",False,"mothera, moma, stepmother, died, mamaa, moms, motherhood, telling, tell, traumatizing",Mother-player Relationship Struggles,"setting:home, activity:arguing",D_power_wealth_luxury,D) Power / Wealth / Luxury,billionaire-world saturation
49,5.2,Friends & Social Circles,Social World Outside Couple,,,,high,False,none,None of the above,NA,Not a narrative function,True,high,Hiring A Babysitter,She realizes she needs a babysitter for her infant.,"domestic_life, social_setting","setting:home, activity:calling",False,"babysitter, babya, born, babysit, healthy, having, want, infant, raise, youa",Hiring A Babysitter,"setting:home, activity:calling",D_power_wealth_luxury,D) Power / Wealth / Luxury,billionaire-world saturation
51,5.2,Friends & Social Circles,Social World Outside Couple,3.2,Negative Emotions & Distress,"Emotions, Cognition & Inner Life",high,False,none,None of the above,NA,Not a narrative function,True,high,Emotional Support At Clinic,"She sat trembling in the clinic, her sister beside her, as they awaited the physician's results.","romance_core, relationship_conflict","setting:clinic, activity:awaiting_results",False,"maddiea, sama, karaa, clinic, answered, didn, tremulous, couldn, friend, sighed",Emotional Support At Clinic,"setting:clinic, activity:awaiting_results",D_power_wealth_luxury,D) Power / Wealth / Luxury,billionaire-world saturation
79,5.1,Family & Kinship,Social World Outside Couple,,,,high,False,none,None of the above,NA,Not a narrative function,True,high,Grandmother's Tears,"The grandmother cries wide-eyed, muttering to herself in the kitchen chairs.","romance_core, domestic_life","setting:kitchen, activity:crying",False,"daisya, rule, replies, grandmother, whispers, says, remya, needs, cries, freezes",Grandmother's Tears,"setting:kitchen, activity:crying",D_power_wealth_luxury,D) Power / Wealth / Luxury,billionaire-world saturation
81,5.1,Family & Kinship,Social World Outside Couple,,,,high,False,none,None of the above,NA,Not a narrative function,True,high,Family Discussion Around Table,"The family sits around the table, discussing their wants and needs.","domestic_life, relationship_conflict","setting:kitchen, activity:discussion",False,"parents, children, kids, families, familya, aunts, uncles, parentsa, theya, grow",Family Discussion Around Table,"setting:kitchen, activity:discussion",D_power_wealth_luxury,D) Power / Wealth / Luxury,billionaire-world saturation
93,5.1,Family & Kinship,Social World Outside Couple,4.5,"Reconciliation, Commitments & HEA",Relationship Trajectory (Main Couple),high,False,R13,Heroine's identity is restored,III,Commitment & Restoration,False,medium,Family Apologies And Reconciliation,"The family gathers around the table, with parents and siblings present, as apologies are exchanged and past faults are addressed.","domestic_life, relationship_conflict","setting:table, activity:apologizing",False,"parents, apologies, died, sister, ex, dada, brogue, pleasure, woozy, daughter",Family Apologies And Reconciliation,"setting:table, activity:apologizing",D_power_wealth_luxury,D) Power / Wealth / Luxury,billionaire-world saturation
98,5.1,Family & Kinship,Social World Outside Couple,4.3,"Secrets, Misunderstandings & Hidden Information",Relationship Trajectory (Main Couple),high,False,none,None of the above,NA,Not a narrative function,True,high,Parental Warning About Engagement,"Dante's parents warn him about his engagement, expressing their concerns.","relationship_conflict, domestic_life","setting:home, activity:warning",False,"dantea, engagement, pudding, glinted, granite, excused, growled, parents, assault, warning",Parental Warning About Engagement,"setting:home, activity:warning",D_power_wealth_luxury,D) Power / Wealth / Luxury,billionaire-world saturation
101,5.1,Family & Kinship,Social World Outside Couple,,,,high,False,none,None of the above,NA,Not a narrative function,True,high,Sister's Tragic Letters,The writer reads his sister's tragic letters in the library.,"romance_core, relationship_conflict","setting:library, activity:reading",False,"gretchena, bronta, library, letter, letters, kleenex, headed, writer, gave, racked",Sister's Tragic Letters,"setting:library, activity:reading",D_power_wealth_luxury,D) Power / Wealth / Luxury,billionaire-world saturation
104,5.1,Family & Kinship,Social World Outside Couple,3.2,Negative Emotions & Distress,"Emotions, Cognition & Inner Life",medium,False,none,None of the above,NA,Not a narrative function,True,high,Sister's Confusing Admissions,"Kelsea struggles to understand her sister's cryptic, emotional admissions.","relationship_conflict, domestic_life","setting:home, activity:confession",False,"kelseya, asks, says, pigeon, uh, helpful, sustainable, excited, cork, answers",Sister's Confusing Admissions,"setting:home, activity:confession",D_power_wealth_luxury,D) Power / Wealth / Luxury,billionaire-world saturation
113,5.1,Family & Kinship,Social World Outside Couple,,,,medium,False,none,None of the above,NA,Not a narrative function,True,high,Sister's Drug Struggle,"The sister, determined to help, visits Daphne in her apartment.","relationship_conflict, domestic_life","setting:apartment, activity:visiting",False,"daphnea, audreya, drugs, curious, sister, shrugged, volunteer, continued, suspected, labela",Sister's Drug Struggle,"setting:apartment, activity:visiting",D_power_wealth_luxury,D) Power / Wealth / Luxury,billionaire-world saturation
124,5.1,Family & Kinship,Social World Outside Couple,,,,high,False,none,None of the above,NA,Not a narrative function,True,high,Engagement Surprise,"The couple's parents, surprised, learn about their engagement.","relationship_conflict, domestic_life","setting:home, activity:argument",False,"viviana, shallowed, ante, returned, engagement, stunt, instances, cheeks, ex, flushed",Engagement Surprise,"setting:home, activity:argument",D_power_wealth_luxury,D) Power / Wealth / Luxury,billionaire-world saturation
130,5.1,Family & Kinship,Social World Outside Couple,,,,medium,False,none,None of the above,NA,Not a narrative function,True,high,Sister's Confusing Admissions,"The sister confesses her struggles and secrets to her sibling in a quiet, intense conversation.","relationship_conflict, domestic_life","setting:home, activity:confession",False,"says, told, argues, replied, offered, asked, promised, prospect, unconvinced, panted",Sister's Confusing Admissions,"setting:home, activity:confession",D_power_wealth_luxury,D) Power / Wealth / Luxury,billionaire-world saturation
134,5.1,Family & Kinship,Social World Outside Couple,4.3,"Secrets, Misunderstandings & Hidden Information",Relationship Trajectory (Main Couple),medium,False,R7,Hero and heroine are physically or emotionally separated,I,Initial Conflict & Isolation,False,medium,Sister's Confusing Admissions,The sister confesses her feelings and secrets to her player sibling in a private conversation.,"relationship_conflict, domestic_life","setting:private_conversation, activity:confessing",False,"cadea, audreya, archera, necks, daphnea, glanced, told, curious, breakthroughs, campus",Sister's Confusing Admissions,"setting:private_conversation, activity:confessing",D_power_wealth_luxury,D) Power / Wealth / Luxury,billionaire-world saturation
137,5.1,Family & Kinship,Social World Outside Couple,,,,medium,False,none,None of the above,NA,Not a narrative function,True,high,Generous Offspring Circumstances,The couple discusses their generous offspring and the apparent circumstances around them.,"relationship_conflict, domestic_life","setting:home, activity:discussion",False,"knows, understood, surely, means, did, goes, understanding, understanda, offspring, reynarda",Generous Offspring Circumstances,"setting:home, activity:discussion",D_power_wealth_luxury,D) Power / Wealth / Luxury,billionaire-world saturation
147,5.2,Friends & Social Circles,Social World Outside Couple,,,,high,False,none,None of the above,NA,Not a narrative function,True,high,Good Luck Wishes,Friends or family members wish someone good luck before an important event.,social_setting,"setting:group_of_people, activity:wishing_good_luck",False,"luck, luckiest, perfection, perfectly, fortunate, fit, solution, unlucky, today, miracle",Good Luck Wishes,"setting:group_of_people, activity:wishing_good_luck",D_power_wealth_luxury,D) Power / Wealth / Luxury,billionaire-world saturation
148,5.3,"Community, Norms & Social Events",Social World Outside Couple,,,,high,False,none,None of the above,NA,Not a narrative function,True,high,Holiday Celebration,The couple enjoys a festive holiday party together.,"romance_core, social_setting","setting:party, activity:celebrating",False,"merry, holiday, parties, holidays, yeara, partya, december, partying, presents, christmases",Holiday Celebration,"setting:party, activity:celebrating",D_power_wealth_luxury,D) Power / Wealth / Luxury,billionaire-world saturation
154,5.1,Family & Kinship,Social World Outside Couple,3.2,Negative Emotions & Distress,"Emotions, Cognition & Inner Life",high,False,none,None of the above,NA,Not a narrative function,True,high,Unexpected Pregnancy,"She realizes she's pregnant, grappling with the unplanned news.","relationship_conflict, domestic_life","setting:home, activity:realization",False,"pregnancy, test, unplanned, weeks, months, fianca, birth, conception, injection, childbirth",Unexpected Pregnancy,"setting:home, activity:realization",D_power_wealth_luxury,D) Power / Wealth / Luxury,billionaire-world saturation
173,5.2,Friends & Social Circles,Social World Outside Couple,,,,high,False,none,None of the above,NA,Not a narrative function,True,high,Friendship Bonding,"The couple, inseparable since freshman year, shares laughter and stories in their dorm room.","romance_core, domestic_life","setting:dorm_room, activity:laughing_and_talking",False,"friendship, friend, buddies, benefits, friendships, acquaintances, wea, friendsa, slowlya, school",Friendship Bonding,"setting:dorm_room, activity:laughing_and_talking",D_power_wealth_luxury,D) Power / Wealth / Luxury,billionaire-world saturation
193,5.2,Friends & Social Circles,Social World Outside Couple,,,,high,False,none,None of the above,NA,Not a narrative function,True,high,Birthday Surprise For Friend,She excitedly plans and executes a surprise birthday party for her friend.,"romance_core, social_setting","setting:party, activity:planning_surprise",False,"patricka, yells, dopey, friend, nervously, announces, nudging, presents, birthday, wasted",Birthday Surprise For Friend,"setting:party, activity:planning_surprise",D_power_wealth_luxury,D) Power / Wealth / Luxury,billionaire-world saturation
200,5.1,Family & Kinship,Social World Outside Couple,,,,high,False,none,None of the above,NA,Not a narrative function,True,high,Siblings' Confusing Disclosure,A sister and her older sibling have a tense conversation about a hidden truth.,"relationship_conflict, domestic_life","setting:home, activity:arguing",False,"sister, sistera, partnera, niece, daughter, older, disclosure, mask, members, sibling",Siblings' Confusing Disclosure,"setting:home, activity:arguing",D_power_wealth_luxury,D) Power / Wealth / Luxury,billionaire-world saturation
209,5.1,Family & Kinship,Social World Outside Couple,4.3,"Secrets, Misunderstandings & Hidden Information",Relationship Trajectory (Main Couple),medium,False,none,None of the above,NA,Not a narrative function,True,high,Clan Heir's Obsession,"The eldest son of a powerful clan is consumed by an unwarranted obsession with his adoptive sister, leading to intense, often inappropriate interactions.",,,False,"fitzpatricka, brennana, eldest, clan, ireland, unwarranted, obsession, wing, adoptive, squash",Clan Heir's Obsession,,D_power_wealth_luxury,D) Power / Wealth / Luxury,billionaire-world saturation
234,5.1,Family & Kinship,Social World Outside Couple,4.3,"Secrets, Misunderstandings & Hidden Information",Relationship Trajectory (Main Couple),medium,False,none,None of the above,NA,Not a narrative function,True,high,Witch's Daughter Murder Plot,The witch's daughter plans to murder someone while her mother is away.,"relationship_conflict, domestic_life","setting:home, activity:planning_murder",False,"winniea, witch, laughed, asked, murdering, flared, chided, sitter, daughter, chimed",Witch's Daughter Murder Plot,"setting:home, activity:planning_murder",D_power_wealth_luxury,D) Power / Wealth / Luxury,billionaire-world saturation
242,5.2,Friends & Social Circles,Social World Outside Couple,,,,medium,False,none,None of the above,NA,Not a narrative function,True,high,Awkward Handshake Introduction,"Ellie hesitates before extending her hand to Lottie, who looks uncertain about the gesture.","social_setting, relationship_conflict","setting:office, activity:handshake",False,"davea, elliea, says, asks, clasps, sadiea, class, gives, handshake, lottiea",Awkward Handshake Introduction,"setting:office, activity:handshake",D_power_wealth_luxury,D) Power / Wealth / Luxury,billionaire-world saturation
243,5.2,Friends & Social Circles,Social World Outside Couple,,,,high,False,none,None of the above,NA,Not a narrative function,True,high,Fearless Ladies Conversation,The fearless ladies engage in an outspoken conversation around the table.,"romance_core, social_setting","setting:table, activity:conversation",False,"charlottea, answer, answered, reply, epitome, ladies, stammer, acknowledges, deteriorated, helloa",Fearless Ladies Conversation,"setting:table, activity:conversation",D_power_wealth_luxury,D) Power / Wealth / Luxury,billionaire-world saturation
244,5.1,Family & Kinship,Social World Outside Couple,,,,high,False,none,None of the above,NA,Not a narrative function,True,high,Age Gap Roleplay,"Gage, the older man, assumes a paternal role with Haven, intervening on her behalf and remembering details about people they meet.","romance_core, domestic_life","setting:social_setting, activity:intervening",False,"cordless, drill, didn, accomplished, reassuring, results, oldest, strides, homebody, maybach",Age Gap Roleplay,"setting:social_setting, activity:intervening",D_power_wealth_luxury,D) Power / Wealth / Luxury,billionaire-world saturation
247,5.3,"Community, Norms & Social Events",Social World Outside Couple,,,,high,False,none,None of the above,NA,Not a narrative function,True,high,Statue Of Liberty Visit,She excitedly points out the Statue of Liberty during their boat ride.,"social_setting, romance_core","setting:boat, activity:pointing",False,"statue, earnestly, ora, gently, sister, piranhas, outpouring, slept, cornbread, lavishing",Statue Of Liberty Visit,"setting:boat, activity:pointing",D_power_wealth_luxury,D) Power / Wealth / Luxury,billionaire-world saturation
251,5.3,"Community, Norms & Social Events",Social World Outside Couple,,,,high,False,none,None of the above,NA,Not a narrative function,True,high,Press Conference Speech,She confidently delivers her speech at a press conference.,"social_setting, romance_core","setting:press_conference, activity:speech",False,"georgiaa, thosea, press, conference, yelped, scolded, giggled, cursing, laughed, called",Press Conference Speech,"setting:press_conference, activity:speech",D_power_wealth_luxury,D) Power / Wealth / Luxury,billionaire-world saturation
264,5.1,Family & Kinship,Social World Outside Couple,4.4,"Conflict, Distance & Breakup Threats",Relationship Trajectory (Main Couple),high,False,R7,Hero and heroine are physically or emotionally separated,I,Initial Conflict & Isolation,False,medium,Schoolyard Argument,The daughter and her friends argue loudly in the schoolyard.,"relationship_conflict, social_setting","setting:school, activity:arguing",False,"lilliea, rubya, daughtera, holds, daughter, squeeze, starts, dumpling, eleanora, school",Schoolyard Argument,"setting:school, activity:arguing",D_power_wealth_luxury,D) Power / Wealth / Luxury,billionaire-world saturation
274,5.3,"Community, Norms & Social Events",Social World Outside Couple,2.1,Attraction & Sexual Tension,"Sexuality, Attraction & Intimacy",high,False,none,None of the above,NA,Not a narrative function,True,high,Exclusive Club Nights,"The couple frequents exclusive clubs, engaging in wild nights out.","social_setting, sexual_content","setting:club, activity:partying",False,"clubs, members, exclusive, cluba, stag, wilder, restaurants, member, strip, whores",Exclusive Club Nights,"setting:club, activity:partying",D_power_wealth_luxury,D) Power / Wealth / Luxury,billionaire-world saturation
329,5.1,Family & Kinship,Social World Outside Couple,,,,high,False,none,None of the above,NA,Not a narrative function,True,high,Parenting And Care Routine,"The couple ensures their child is safe and cared for, preparing formula and putting them to sleep.","domestic_life, relationship_conflict","setting:bedroom, activity:parenting, relationship:family",False,"remya, dependable, coos, wails, parenting, competent, guardian, having, raise, formula",Parenting And Care Routine,"setting:bedroom, activity:parenting, relationship:family",D_power_wealth_luxury,D) Power / Wealth / Luxury,billionaire-world saturation
336,5.2,Friends & Social Circles,Social World Outside Couple,,,,medium,False,none,None of the above,NA,Not a narrative function,True,high,Polite Conversations,"She asks, he answers politely.","social_setting, romance_core","setting:restaurant, activity:dinner",False,"alternatives, automatically, beg, thanks, answer, hear, looking, make, say, way",Polite Conversations,"setting:restaurant, activity:dinner",D_power_wealth_luxury,D) Power / Wealth / Luxury,billionaire-world saturation
362,5.2,Friends & Social Circles,Social World Outside Couple,,,,high,False,none,None of the above,NA,Not a narrative function,True,high,Adorable Nephew And Schnoodle,"The couple coos over their adorable nephew and his schnoodle, finding them absolutely adorable.","domestic_life, social_setting","setting:home, activity:cooing",False,"adorable, cutest, nephew, cutes, absolutely, schnoodle, easter, whitea, beinga, incredibly",Adorable Nephew And Schnoodle,"setting:home, activity:cooing",D_power_wealth_luxury,D) Power / Wealth / Luxury,billionaire-world saturation
69,3.2,Negative Emotions & Distress,"Emotions, Cognition & Inner Life",,,,high,False,R1,Heroine's social identity is destroyed,I,Initial Conflict & Isolation,False,high,Painful Emotional Burden,She struggles with the emotional pain and guilt that weigh heavily on her heart.,"romance_core, relationship_conflict","setting:mind, activity:struggling",False,"hurts, guilt, painful, hurting, experiencing, painkillers, guilty, injury, agony, inflict",Painful Emotional Burden,"setting:mind, activity:struggling",E_coercion_brutality_danger,E) Coercion / Brutality / Danger,threat + coercion + traumatic texture
82,3.2,Negative Emotions & Distress,"Emotions, Cognition & Inner Life",,,,high,False,R1,Heroine's social identity is destroyed,I,Initial Conflict & Isolation,False,medium,Frightened Admissions,"She admits her fears and insecurities to him in a quiet, intimate setting.","romance_core, relationship_conflict","setting:quiet_intimate, activity:admitting_fears",False,"scared, afraid, sad, terrifying, scary, scare, scares, frightening, frightened, fears",Frightened Admissions,"setting:quiet_intimate, activity:admitting_fears",E_coercion_brutality_danger,E) Coercion / Brutality / Danger,threat + coercion + traumatic texture
127,7.2,"Violence, Threats & Coercion","Conflict, Risk & Harm",3.2,Negative Emotions & Distress,"Emotions, Cognition & Inner Life",high,False,R2,Heroine reacts antagonistically to the hero,I,Initial Conflict & Isolation,False,medium,Emotional Panic Attacks,"She struggles with sudden, intense feelings of panic and dread.","romance_core, relationship_conflict","setting:mind, activity:emotional_struggle",False,"panic, emotions, emotional, attack, emotionally, attacks, hysteria, unease, excited, panicking",Emotional Panic Attacks,"setting:mind, activity:emotional_struggle",E_coercion_brutality_danger,E) Coercion / Brutality / Danger,threat + coercion + traumatic texture
160,3.2,Negative Emotions & Distress,"Emotions, Cognition & Inner Life",,,,high,False,none,None of the above,NA,Not a narrative function,True,high,Emotional Panic Attack,"She gasps repeatedly, tears streaming down her cheeks, as panic surges through her body.","romance_core, relationship_conflict","setting:bedroom, activity:gasping",False,"gasped, tears, panic, cheeks, stomach, tear, hips, winced, wiped, belly",Emotional Panic Attack,"setting:bedroom, activity:gasping",E_coercion_brutality_danger,E) Coercion / Brutality / Danger,threat + coercion + traumatic texture
302,7.2,"Violence, Threats & Coercion","Conflict, Risk & Harm",,,,high,False,R6,Hero retaliates or punishes heroine,I,Initial Conflict & Isolation,False,high,Gun Threat During Argument,He raises his gun towards her during an intense argument.,"relationship_conflict, domestic_life","setting:home, activity:arguing",False,"gun, weapon, bullets, pistol, guns, barrel, rifle, gunshot, aimed, shotgun",Gun Threat During Argument,"setting:home, activity:arguing",E_coercion_brutality_danger,E) Coercion / Brutality / Danger,threat + coercion + traumatic texture
82,3.2,Negative Emotions & Distress,"Emotions, Cognition & Inner Life",,,,high,False,R1,Heroine's social identity is destroyed,I,Initial Conflict & Isolation,False,medium,Frightened Admissions,"She admits her fears and insecurities to him in a quiet, intimate setting.","romance_core, relationship_conflict","setting:quiet_intimate, activity:admitting_fears",False,"scared, afraid, sad, terrifying, scary, scare, scares, frightening, frightened, fears",Frightened Admissions,"setting:quiet_intimate, activity:admitting_fears",F1_sadness_grief,F1) Sadness & Grief,sadness affect cluster
160,3.2,Negative Emotions & Distress,"Emotions, Cognition & Inner Life",,,,high,False,none,None of the above,NA,Not a narrative function,True,high,Emotional Panic Attack,"She gasps repeatedly, tears streaming down her cheeks, as panic surges through her body.","romance_core, relationship_conflict","setting:bedroom, activity:gasping",False,"gasped, tears, panic, cheeks, stomach, tear, hips, winced, wiped, belly",Emotional Panic Attack,"setting:bedroom, activity:gasping",F1_sadness_grief,F1) Sadness & Grief,sadness affect cluster
239,3.2,Negative Emotions & Distress,"Emotions, Cognition & Inner Life",,,,high,False,R1,Heroine's social identity is destroyed,I,Initial Conflict & Isolation,False,medium,Tearful Emotional Moment,"She struggles to hold back tears, her eyes welling up as she grapples with her emotions.","romance_core, relationship_conflict","setting:bedroom, activity:crying",False,"tears, prick, wipe, blink, cheeks, tear, leak, sting, stung, welled",Tearful Emotional Moment,"setting:bedroom, activity:crying",F1_sadness_grief,F1) Sadness & Grief,sadness affect cluster
270,3.2,Negative Emotions & Distress,"Emotions, Cognition & Inner Life",,,,high,False,R1,Heroine's social identity is destroyed,I,Initial Conflict & Isolation,False,high,Tearful Sobbing,"She sat alone, tears streaming down her face, sobbing uncontrollably.","romance_core, relationship_conflict","setting:solitary, activity:crying",False,"cried, tears, sobbing, sobbed, bawling, weep, stop, whatsoever, feminine, start",Tearful Sobbing,"setting:solitary, activity:crying",F1_sadness_grief,F1) Sadness & Grief,sadness affect cluster
99,3.2,Negative Emotions & Distress,"Emotions, Cognition & Inner Life",,,,medium,False,none,None of the above,NA,Not a narrative function,True,high,Desire And Regret Conversation,"The couple, sitting at the table, discusses their feelings of desire and regret from the past.","romance_core, relationship_conflict","setting:table, activity:discussing_feelings",False,"loved, loves, adored, utterly, madly, vacuum, told, despite, desperately, falling",Desire And Regret Conversation,"setting:table, activity:discussing_feelings",F2_anger_frustration,F2) Anger & Frustration,anger/resentment affect
325,3.2,Negative Emotions & Distress,"Emotions, Cognition & Inner Life",,,,medium,False,none,None of the above,NA,Not a narrative function,True,high,Owl Observation,She watches an elf owl perched on a branch.,"romance_core, domestic_life","setting:outdoors, activity:observing",False,"owl, leta, herea, repeats, elf, alternatives, feed, presentable, watercolor, hopelessness",Owl Observation,"setting:outdoors, activity:observing",F2_anger_frustration,F2) Anger & Frustration,anger/resentment affect
279,3.2,Negative Emotions & Distress,"Emotions, Cognition & Inner Life",,,,medium,False,R5,Heroine responds with anger or coldness,I,Initial Conflict & Isolation,False,medium,Pilot's Mileage Concerns,"The pilot worries about the miles they've flown, fearing the loss of their co-pilot.","relationship_conflict, domestic_life","setting:cockpit, activity:worrying",False,"mile, dishing, pilot, london, precautions, losing, wolves, trek, booking, competitors",Pilot's Mileage Concerns,"setting:cockpit, activity:worrying",F3_anxiety_worry,F3) Anxiety & Worry,anxiety/worry affect
346,3.2,Negative Emotions & Distress,"Emotions, Cognition & Inner Life",,,,medium,False,R2,Heroine reacts antagonistically to the hero,I,Initial Conflict & Isolation,False,medium,Anxious Voice Hearing,"She hears her name called, feeling anxious and uncertain about the voice's source.","relationship_conflict, domestic_life","setting:home, activity:listening",False,"clairea, admirable, passionate, unenthusiastically, shortcuts, abysmally, verb, anxiousness, horrors, nonnegotiable",Anxious Voice Hearing,"setting:home, activity:listening",F3_anxiety_worry,F3) Anxiety & Worry,anxiety/worry affect
11,8.2,Public & Leisure Spaces,"Spaces, Time, Activities & Objects",,,,high,False,none,None of the above,NA,Not a narrative function,True,high,Wine Tasting At Dinner,"The couple sits at a dinner table, sipping wine and waiting for their food.","social_setting, romance_core","setting:restaurant, activity:dinner, activity:wine_tasting",False,"wine, kitchen, plate, sip, waitress, bottle, cup, mug, dinner, food",Wine Tasting At Dinner,"setting:restaurant, activity:dinner, activity:wine_tasting",G_courtship_rituals_gifts,G) Courtship Rituals / Gifts,ritualized romance behaviors (RELAXED — broader pattern)
148,5.3,"Community, Norms & Social Events",Social World Outside Couple,,,,high,False,none,None of the above,NA,Not a narrative function,True,high,Holiday Celebration,The couple enjoys a festive holiday party together.,"romance_core, social_setting","setting:party, activity:celebrating",False,"merry, holiday, parties, holidays, yeara, partya, december, partying, presents, christmases",Holiday Celebration,"setting:party, activity:celebrating",G_courtship_rituals_gifts,G) Courtship Rituals / Gifts,ritualized romance behaviors (RELAXED — broader pattern)
274,5.3,"Community, Norms & Social Events",Social World Outside Couple,2.1,Attraction & Sexual Tension,"Sexuality, Attraction & Intimacy",high,False,none,None of the above,NA,Not a narrative function,True,high,Exclusive Club Nights,"The couple frequents exclusive clubs, engaging in wild nights out.","social_setting, sexual_content","setting:club, activity:partying",False,"clubs, members, exclusive, cluba, stag, wilder, restaurants, member, strip, whores",Exclusive Club Nights,"setting:club, activity:partying",G_courtship_rituals_gifts,G) Courtship Rituals / Gifts,ritualized romance behaviors (RELAXED — broader pattern)
6,5.2,Friends & Social Circles,Social World Outside Couple,,,,high,False,none,None of the above,NA,Not a narrative function,True,high,Wine-drinking At Table,"The couple sits at a table, sipping wine from their glasses.","social_setting, physical_affection","setting:table, activity:drinking_wine",False,"wine, sip, bottle, drunk, whiskey, waiter, scotch, alcohol, drinking, poured",Wine-drinking At Table,"setting:table, activity:drinking_wine",L_vices_addictions,L) Vices / Addictions,substance use & self-destructive risk (RELAXED)
11,8.2,Public & Leisure Spaces,"Spaces, Time, Activities & Objects",,,,high,False,none,None of the above,NA,Not a narrative function,True,high,Wine Tasting At Dinner,"The couple sits at a dinner table, sipping wine and waiting for their food.","social_setting, romance_core","setting:restaurant, activity:dinner, activity:wine_tasting",False,"wine, kitchen, plate, sip, waitress, bottle, cup, mug, dinner, food",Wine Tasting At Dinner,"setting:restaurant, activity:dinner, activity:wine_tasting",L_vices_addictions,L) Vices / Addictions,substance use & self-destructive risk (RELAXED)
75,2.2,Kissing & Non-Explicit Affection,"Sexuality, Attraction & Intimacy",8.1,Domestic Spaces & Routines,"Spaces, Time, Activities & Objects",high,False,R8,Hero treats heroine tenderly,II,Turning Point & Recognition,False,low,Bedroom Encounter,"The couple finds themselves in the bedroom, surrounded by pillows and sheets, as they share an intimate moment.","romance_core, physical_affection","setting:bedroom, activity:kissing",False,"bed, bedroom, couch, sheets, sofa, covers, pillows, mattress, flop, edge",Bedroom Encounter,"setting:bedroom, activity:kissing",L_vices_addictions,L) Vices / Addictions,substance use & self-destructive risk (RELAXED)
113,5.1,Family & Kinship,Social World Outside Couple,,,,medium,False,none,None of the above,NA,Not a narrative function,True,high,Sister's Drug Struggle,"The sister, determined to help, visits Daphne in her apartment.","relationship_conflict, domestic_life","setting:apartment, activity:visiting",False,"daphnea, audreya, drugs, curious, sister, shrugged, volunteer, continued, suspected, labela",Sister's Drug Struggle,"setting:apartment, activity:visiting",L_vices_addictions,L) Vices / Addictions,substance use & self-destructive risk (RELAXED)
146,8.1,Domestic Spaces & Routines,"Spaces, Time, Activities & Objects",,,,high,False,none,None of the above,NA,Not a narrative function,True,high,Bedtime Routine,"She gets into her own bed, turning right around after a long day.","domestic_life, romance_core","setting:bedroom, activity:bedtime",False,"bed, mattress, bedroom, sheets, covers, climb, lay, edge, blankets, pillow",Bedtime Routine,"setting:bedroom, activity:bedtime",L_vices_addictions,L) Vices / Addictions,substance use & self-destructive risk (RELAXED)
157,4.2,"Bonding, Everyday Intimacy & Growth",Relationship Trajectory (Main Couple),8.2,Public & Leisure Spaces,"Spaces, Time, Activities & Objects",high,False,R8,Hero treats heroine tenderly,II,Turning Point & Recognition,False,medium,Unexpected Barroom Moment,"In the midst of a lively barroom, a sudden, wordless moment of warmth passes between Trinity and Sam.","romance_core, physical_affection","setting:barroom, activity:silent_staring",False,"trinitya, didn, couldn, inquired, muttered, segue, exclaimed, wordless, debated, sudden",Unexpected Barroom Moment,"setting:barroom, activity:silent_staring",L_vices_addictions,L) Vices / Addictions,substance use & self-destructive risk (RELAXED)
171,2.2,Kissing & Non-Explicit Affection,"Sexuality, Attraction & Intimacy",8.1,Domestic Spaces & Routines,"Spaces, Time, Activities & Objects",high,False,R8,Hero treats heroine tenderly,II,Turning Point & Recognition,False,medium,Bedroom Intimacy,"The couple sits on the bed, legs touching, as they share intimate moments.","romance_core, physical_affection","setting:bedroom, activity:kissing",False,"bed, mattress, bedroom, edge, sits, carries, covers, pushes, pillow, crawls",Bedroom Intimacy,"setting:bedroom, activity:kissing",L_vices_addictions,L) Vices / Addictions,substance use & self-destructive risk (RELAXED)
203,4.4,"Conflict, Distance & Breakup Threats",Relationship Trajectory (Main Couple),,,,high,False,R7,Hero and heroine are physically or emotionally separated,I,Initial Conflict & Isolation,False,medium,Incessant Complaints About Broccoli,"The couple, at a restaurant in the Bahamas, argues incessantly about the broccoli on their plates.","relationship_conflict, domestic_life","setting:restaurant, activity:arguing",False,"bronta, sharona, revulsion, guests, creature, evacuated, register, doubted, funa, minibar",Incessant Complaints About Broccoli,"setting:restaurant, activity:arguing",L_vices_addictions,L) Vices / Addictions,substance use & self-destructive risk (RELAXED)
255,2.1,Attraction & Sexual Tension,"Sexuality, Attraction & Intimacy",,,,high,False,R4,Heroine interprets hero's behaviour as purely sexual interest,I,Initial Conflict & Isolation,False,high,Hot And Heavy Flirting,"She blushes, playfully teasing him about being the 'hottest' person she's ever met.","romance_core, physical_affection","setting:kitchen, activity:teasing, activity:flirting",False,"hotter, smoking, hots, hottest, really, extremely, totally, scorpion, empathetic, ceaseless",Hot And Heavy Flirting,"setting:kitchen, activity:teasing, activity:flirting",L_vices_addictions,L) Vices / Addictions,substance use & self-destructive risk (RELAXED)
284,8.1,Domestic Spaces & Routines,"Spaces, Time, Activities & Objects",,,,high,False,none,None of the above,NA,Not a narrative function,True,high,Dog Whining,The dog whines repeatedly from the back of the room.,domestic_life,"setting:room, activity:whining",False,"whines, maxa, answered, bounds, wriggles, perplexed, barks, outmaneuvered, rigidly, extremes",Dog Whining,"setting:room, activity:whining",L_vices_addictions,L) Vices / Addictions,substance use & self-destructive risk (RELAXED)
294,4.4,"Conflict, Distance & Breakup Threats",Relationship Trajectory (Main Couple),,,,high,False,R7,Hero and heroine are physically or emotionally separated,I,Initial Conflict & Isolation,False,medium,Embarrassing Admissions,"She cringes, admitting her embarrassing moments to him in the kitchen.","relationship_conflict, domestic_life","setting:kitchen, activity:admitting_embarrassing_moments",False,"embarrassing, embarrassed, humiliating, shame, humiliated, embarrassment, ashamed, pity, embarrassinga, spare",Embarrassing Admissions,"setting:kitchen, activity:admitting_embarrassing_moments",L_vices_addictions,L) Vices / Addictions,substance use & self-destructive risk (RELAXED)
302,7.2,"Violence, Threats & Coercion","Conflict, Risk & Harm",,,,high,False,R6,Hero retaliates or punishes heroine,I,Initial Conflict & Isolation,False,high,Gun Threat During Argument,He raises his gun towards her during an intense argument.,"relationship_conflict, domestic_life","setting:home, activity:arguing",False,"gun, weapon, bullets, pistol, guns, barrel, rifle, gunshot, aimed, shotgun",Gun Threat During Argument,"setting:home, activity:arguing",L_vices_addictions,L) Vices / Addictions,substance use & self-destructive risk (RELAXED)
304,4.3,"Secrets, Misunderstandings & Hidden Information",Relationship Trajectory (Main Couple),,,,medium,False,R7,Hero and heroine are physically or emotionally separated,I,Initial Conflict & Isolation,False,medium,Local Honey Accident,"She drops a jar of local honey, startling her mother who was behind her.","domestic_life, relationship_conflict","setting:kitchen, activity:accident",False,"jar, barista, trance, suggests, georgiaa, taffy, saltwater, supplement, local, mileage",Local Honey Accident,"setting:kitchen, activity:accident",L_vices_addictions,L) Vices / Addictions,substance use & self-destructive risk (RELAXED)
332,4.3,"Secrets, Misunderstandings & Hidden Information",Relationship Trajectory (Main Couple),,,,high,False,R7,Hero and heroine are physically or emotionally separated,I,Initial Conflict & Isolation,False,medium,Keeping Secrets,"The couple exchanges furtive glances and hushed words, guarding their secret from prying eyes.",,,False,"secrets, confidential, secrecy, keeping, secretive, discreet, kept, identity, sneaking, spilling",Keeping Secrets,,L_vices_addictions,L) Vices / Addictions,substance use & self-destructive risk (RELAXED)
342,4.4,"Conflict, Distance & Breakup Threats",Relationship Trajectory (Main Couple),,,,high,False,R2,Heroine reacts antagonistically to the hero,I,Initial Conflict & Isolation,False,high,Mistaken Accusations,"A couple argues heatedly, each convinced the other has done something wrong.","relationship_conflict, domestic_life","setting:living_room, activity:arguing",False,"wrong, somethinga, terribly, wrongs, feels, harbinger, critics, uncharacteristic, peculiar, event",Mistaken Accusations,"setting:living_room, activity:arguing",L_vices_addictions,L) Vices / Addictions,substance use & self-destructive risk (RELAXED)
358,4.2,"Bonding, Everyday Intimacy & Growth",Relationship Trajectory (Main Couple),,,,high,False,R8,Hero treats heroine tenderly,II,Turning Point & Recognition,False,medium,Victorious Sports Celebration,"He celebrates his team's victory with a triumphant roar, earning admiring glances from the crowd.","social_setting, physical_affection","setting:sports_event, activity:celebrating",False,"merinaa, earful, fizzled, victorious, barreled, tabloids, partly, barked, attained, achel",Victorious Sports Celebration,"setting:sports_event, activity:celebrating",L_vices_addictions,L) Vices / Addictions,substance use & self-destructive risk (RELAXED)
90,6.5,"Law, Medicine, Education & Formal Institutions","Work, Wealth, Status & Institutions",,,,high,False,none,None of the above,NA,Not a narrative function,True,high,Medical Appointment At Hospital,"The couple finds themselves in the hospital, discussing their medical appointment.","domestic_life, social_setting","setting:hospital, activity:discussion",False,"hospital, surgeon, surgery, doctors, trauma, doctora, medical, appointment, er, clinic",Medical Appointment At Hospital,"setting:hospital, activity:discussion",M_health_recovery_growth,M) Health / Recovery / Growth,healing & protective caretaking (RELAXED)
119,4.2,"Bonding, Everyday Intimacy & Growth",Relationship Trajectory (Main Couple),,,,high,False,R8,Hero treats heroine tenderly,II,Turning Point & Recognition,False,low,Whispered Secrets Between Lovers,"In a quiet moment, a couple exchanges hushed confessions and secrets, their eyes locked and smiles subtle.","romance_core, physical_affection","setting:private_space, activity:whispering",False,"elliota, snaps, glares, replies, daniela, epitome, goes, gives, billya, takes",Whispered Secrets Between Lovers,"setting:private_space, activity:whispering",M_health_recovery_growth,M) Health / Recovery / Growth,healing & protective caretaking (RELAXED)
185,4.2,"Bonding, Everyday Intimacy & Growth",Relationship Trajectory (Main Couple),,,,high,False,R9,Heroine responds warmly to hero's tenderness,II,Turning Point & Recognition,False,low,Thrilling Experiences,The couple shares exciting and extraordinary moments together.,,,False,"awesome, wonderful, extraordinary, glorious, exciting, stunning, spectacular, thrilling, satisfying, ita",Thrilling Experiences,,M_health_recovery_growth,M) Health / Recovery / Growth,healing & protective caretaking (RELAXED)
204,4.2,"Bonding, Everyday Intimacy & Growth",Relationship Trajectory (Main Couple),,,,medium,False,R10,Heroine reinterprets hero's behaviour as result of previous hurt,II,Turning Point & Recognition,False,medium,Forgetting And Reminding,"She reminds him of something he'd forgotten, sparking a conversation about their shared past.","romance_core, relationship_conflict","setting:kitchen, activity:conversation",False,"forget, forgot, forgotten, forgetting, completely, everybody, silliness, friendliest, requisite, defcon",Forgetting And Reminding,"setting:kitchen, activity:conversation",M_health_recovery_growth,M) Health / Recovery / Growth,healing & protective caretaking (RELAXED)
228,4.2,"Bonding, Everyday Intimacy & Growth",Relationship Trajectory (Main Couple),8.1,Domestic Spaces & Routines,"Spaces, Time, Activities & Objects",high,False,R13,Heroine's identity is restored,III,Commitment & Restoration,False,medium,Homecoming Conversations,The couple shares emotional conversations upon returning home.,"romance_core, domestic_life","setting:home, activity:conversation",False,"home, edit, literally, heading, homesick, likea, sense, want, descriptions, schooled",Homecoming Conversations,"setting:home, activity:conversation",M_health_recovery_growth,M) Health / Recovery / Growth,healing & protective caretaking (RELAXED)
250,4.2,"Bonding, Everyday Intimacy & Growth",Relationship Trajectory (Main Couple),1.1,Body Parts & Physical Reactions,Embodied & Sensory Experience,high,False,R9,Heroine responds warmly to hero's tenderness,II,Turning Point & Recognition,False,low,Protective Conversations By Firelight,"She loved him, their conversations bolder and headstrong, as he protectively pampered her by the firelight.","romance_core, relationship_conflict","setting:fireplace, activity:conversation",False,"loved, loves, adored, clearly, humbled, protector, cared, soul, madly, conversations",Protective Conversations By Firelight,"setting:fireplace, activity:conversation",M_health_recovery_growth,M) Health / Recovery / Growth,healing & protective caretaking (RELAXED)
278,6.5,"Law, Medicine, Education & Formal Institutions","Work, Wealth, Status & Institutions",,,,high,False,none,None of the above,NA,Not a narrative function,True,high,Medical Emergency Response,"A paramedic rushes to the aid of a patient in distress, using paddles to revive them.","domestic_life, sexual_tension","setting:hospital, activity:medical_emergency",False,"gracea, asked, paged, liked, avoid, east, ways, preface, enlisted, restart",Medical Emergency Response,"setting:hospital, activity:medical_emergency",M_health_recovery_growth,M) Health / Recovery / Growth,healing & protective caretaking (RELAXED)
363,4.2,"Bonding, Everyday Intimacy & Growth",Relationship Trajectory (Main Couple),,,,medium,False,R9,Heroine responds warmly to hero's tenderness,II,Turning Point & Recognition,False,medium,Goofball's Webcam Connection,"She watches him on webcam, feeling a connection despite his goofball antics.","romance_core, physical_affection","setting:webcam, activity:video_chat",False,"garretta, fulfilled, owners, sees, accepting, shouldna, letting, prophecy, webcam, salaciousa",Goofball's Webcam Connection,"setting:webcam, activity:video_chat",M_health_recovery_growth,M) Health / Recovery / Growth,healing & protective caretaking (RELAXED)
3,4.2,"Bonding, Everyday Intimacy & Growth",Relationship Trajectory (Main Couple),,,,high,False,R8,Hero treats heroine tenderly,II,Turning Point & Recognition,False,medium,Dinner Invitation,"He invites her to dinner, suggesting a restaurant or specific meal.","romance_core, social_setting","setting:restaurant, activity:invitation",False,"dinner, eat, food, lunch, breakfast, bakery, chicken, sandwich, meal, dessert",Dinner Invitation,"setting:restaurant, activity:invitation",H_domestic_nesting,H) Domestic Nesting (Home-as-Refuge),nest-building and everyday shared life
6,5.2,Friends & Social Circles,Social World Outside Couple,,,,high,False,none,None of the above,NA,Not a narrative function,True,high,Wine-drinking At Table,"The couple sits at a table, sipping wine from their glasses.","social_setting, physical_affection","setting:table, activity:drinking_wine",False,"wine, sip, bottle, drunk, whiskey, waiter, scotch, alcohol, drinking, poured",Wine-drinking At Table,"setting:table, activity:drinking_wine",H_domestic_nesting,H) Domestic Nesting (Home-as-Refuge),nest-building and everyday shared life
10,8.1,Domestic Spaces & Routines,"Spaces, Time, Activities & Objects",,,,high,False,none,None of the above,NA,Not a narrative function,True,high,Knocking On Door,Someone hesitates before knocking on a door in a hallway.,"domestic_life, social_setting","setting:hallway, activity:knocking",False,"door, doors, opens, opened, knock, hallway, stairs, elevators, floor, doorbell",Knocking On Door,"setting:hallway, activity:knocking",H_domestic_nesting,H) Domestic Nesting (Home-as-Refuge),nest-building and everyday shared life
14,4.2,"Bonding, Everyday Intimacy & Growth",Relationship Trajectory (Main Couple),,,,high,False,R9,Heroine responds warmly to hero's tenderness,II,Turning Point & Recognition,False,high,Playful Smiling Interactions,The couple exchanges playful smiles and laughter while interacting.,"romance_core, physical_affection","setting:various, activity:smiling, activity:laughing",False,"smile, smiles, grin, smiled, laugh, grinned, grins, laughed, laughs, smirked",Playful Smiling Interactions,"setting:various, activity:smiling, activity:laughing",H_domestic_nesting,H) Domestic Nesting (Home-as-Refuge),nest-building and everyday shared life
23,4.2,"Bonding, Everyday Intimacy & Growth",Relationship Trajectory (Main Couple),8.1,Domestic Spaces & Routines,"Spaces, Time, Activities & Objects",high,False,R8,Hero treats heroine tenderly,II,Turning Point & Recognition,False,medium,Board Game Around Table,"The couple sits around a table, playing a board game, their hands occasionally touching.","domestic_life, physical_affection","setting:table, activity:board_game",False,"reesea, merinaa, gwynetha, taga, board, hadna, gave, told, cadea, wasna",Board Game Around Table,"setting:table, activity:board_game",H_domestic_nesting,H) Domestic Nesting (Home-as-Refuge),nest-building and everyday shared life
24,8.1,Domestic Spaces & Routines,"Spaces, Time, Activities & Objects",,,,high,False,none,None of the above,NA,Not a narrative function,True,high,Phone Notifications During Night,"She's about to fall asleep when her phone buzzes on the nightstand, lighting up the screen with an incoming message.","domestic_life, relationship_conflict","setting:bedroom, activity:texting",False,"rings, buzzes, pocket, rang, screen, cellphone, nightstand, ringing, message, purse",Phone Notifications During Night,"setting:bedroom, activity:texting",H_domestic_nesting,H) Domestic Nesting (Home-as-Refuge),nest-building and everyday shared life
26,4.2,"Bonding, Everyday Intimacy & Growth",Relationship Trajectory (Main Couple),8.4,"Time, Seasons & Temporal Framing","Spaces, Time, Activities & Objects",high,False,R8,Hero treats heroine tenderly,II,Turning Point & Recognition,False,low,Nighttime Fun Planning,The couple discusses and plans their evening activities during the night.,"romance_core, social_setting","setting:nighttime, activity:planning",False,"tonight, night, evening, nights, stand, saturday, happened, tonighta, nighttime, nighta",Nighttime Fun Planning,"setting:nighttime, activity:planning",H_domestic_nesting,H) Domestic Nesting (Home-as-Refuge),nest-building and everyday shared life
27,8.1,Domestic Spaces & Routines,"Spaces, Time, Activities & Objects",,,,high,False,none,None of the above,NA,Not a narrative function,True,high,Exiting Through Doorways,"She opened the door and stepped out into the hallway, leaving him behind in the car.","domestic_life, social_setting","setting:doorway, activity:exiting",False,"door, doors, opened, car, stairs, shut, stepped, purse, headed, walked",Exiting Through Doorways,"setting:doorway, activity:exiting",H_domestic_nesting,H) Domestic Nesting (Home-as-Refuge),nest-building and everyday shared life
31,4.2,"Bonding, Everyday Intimacy & Growth",Relationship Trajectory (Main Couple),8.2,Public & Leisure Spaces,"Spaces, Time, Activities & Objects",medium,False,R8,Hero treats heroine tenderly,II,Turning Point & Recognition,False,medium,Clothing Shopping Together,"The couple browses clothing racks, trying on outfits and discussing their choices.","domestic_life, romance_core","setting:clothing_store, activity:shopping",False,"wea, wear, clothes, outfit, wearing, going, wardrobe, worn, clothing, doing",Clothing Shopping Together,"setting:clothing_store, activity:shopping",H_domestic_nesting,H) Domestic Nesting (Home-as-Refuge),nest-building and everyday shared life
34,4.2,"Bonding, Everyday Intimacy & Growth",Relationship Trajectory (Main Couple),8.2,Public & Leisure Spaces,"Spaces, Time, Activities & Objects",high,False,R9,Heroine responds warmly to hero's tenderness,II,Turning Point & Recognition,False,low,Archery Hunting,"The couple, wary of each other, engages in a game of archery at a hunting event.","domestic_life, physical_affection","setting:outdoors, activity:hunting, activity:archery",False,"huntera, cards, california, glanced, archery, turned, chips, shoulder, gritted, threw",Archery Hunting,"setting:outdoors, activity:hunting, activity:archery",H_domestic_nesting,H) Domestic Nesting (Home-as-Refuge),nest-building and everyday shared life
35,4.2,"Bonding, Everyday Intimacy & Growth",Relationship Trajectory (Main Couple),,,,high,False,R5,Heroine responds with anger or coldness,I,Initial Conflict & Isolation,False,low,Silent Ride Together,"The couple sits silently together in a car, each lost in their own thoughts.","romance_core, domestic_life","setting:car, activity:silent",False,"silent, fell, remained, beat, stays, descends, awkward, stretched, stretches, moment",Silent Ride Together,"setting:car, activity:silent",H_domestic_nesting,H) Domestic Nesting (Home-as-Refuge),nest-building and everyday shared life
43,4.2,"Bonding, Everyday Intimacy & Growth",Relationship Trajectory (Main Couple),,,,medium,False,R8,Hero treats heroine tenderly,II,Turning Point & Recognition,False,low,Ready For Action,The user is prepared and eager for a specific task or event.,"romance_core, domestic_life","setting:home, activity:preparing",False,"ia, going, working, ready, doing, supposed, aware, prepared, oversee, trying",Ready For Action,"setting:home, activity:preparing",H_domestic_nesting,H) Domestic Nesting (Home-as-Refuge),nest-building and everyday shared life
49,5.2,Friends & Social Circles,Social World Outside Couple,,,,high,False,none,None of the above,NA,Not a narrative function,True,high,Hiring A Babysitter,She realizes she needs a babysitter for her infant.,"domestic_life, social_setting","setting:home, activity:calling",False,"babysitter, babya, born, babysit, healthy, having, want, infant, raise, youa",Hiring A Babysitter,"setting:home, activity:calling",H_domestic_nesting,H) Domestic Nesting (Home-as-Refuge),nest-building and everyday shared life
51,5.2,Friends & Social Circles,Social World Outside Couple,3.2,Negative Emotions & Distress,"Emotions, Cognition & Inner Life",high,False,none,None of the above,NA,Not a narrative function,True,high,Emotional Support At Clinic,"She sat trembling in the clinic, her sister beside her, as they awaited the physician's results.","romance_core, relationship_conflict","setting:clinic, activity:awaiting_results",False,"maddiea, sama, karaa, clinic, answered, didn, tremulous, couldn, friend, sighed",Emotional Support At Clinic,"setting:clinic, activity:awaiting_results",H_domestic_nesting,H) Domestic Nesting (Home-as-Refuge),nest-building and everyday shared life
53,4.2,"Bonding, Everyday Intimacy & Growth",Relationship Trajectory (Main Couple),,,,high,False,R9,Heroine responds warmly to hero's tenderness,II,Turning Point & Recognition,False,low,Dress Shopping Together,She tries on various dresses while he waits patiently in the fitting room.,"romance_core, domestic_life","setting:clothing_store, activity:shopping",False,"dress, dresses, panties, skirt, lace, heels, gown, wearing, wear, stilettos",Dress Shopping Together,"setting:clothing_store, activity:shopping",H_domestic_nesting,H) Domestic Nesting (Home-as-Refuge),nest-building and everyday shared life
57,8.1,Domestic Spaces & Routines,"Spaces, Time, Activities & Objects",,,,high,False,none,None of the above,NA,Not a narrative function,True,high,Shower Hygiene,"The couple heads into the bathroom, with one of them taking a shower.","domestic_life, physical_affection","setting:bathroom, activity:showering",False,"shower, bathroom, bath, tub, toilet, bathtub, showers, restroom, showering, showered",Shower Hygiene,"setting:bathroom, activity:showering",H_domestic_nesting,H) Domestic Nesting (Home-as-Refuge),nest-building and everyday shared life
70,4.2,"Bonding, Everyday Intimacy & Growth",Relationship Trajectory (Main Couple),,,,high,False,R9,Heroine responds warmly to hero's tenderness,II,Turning Point & Recognition,False,medium,Kitten Rescue And Bonding,"She rescued two hairless kittens, cradling them in her lap, their tiny paws kneading her pasty skin as they purr contentedly.",,,False,"kittens, delivery, cata, purr, claws, rescued, hairless, arrogantly, cheshire, lap",Kitten Rescue And Bonding,,H_domestic_nesting,H) Domestic Nesting (Home-as-Refuge),nest-building and everyday shared life
71,4.2,"Bonding, Everyday Intimacy & Growth",Relationship Trajectory (Main Couple),,,,medium,False,R9,Heroine responds warmly to hero's tenderness,II,Turning Point & Recognition,False,low,Phone Interruption,"He pulls his phone from his pocket to check a message, interrupting their conversation.","romance_core, social_setting","setting:table, activity:checking_phone",False,"pocket, dialed, cellphone, rang, screen, message, hangs, pulls, ringing, buzzed",Phone Interruption,"setting:table, activity:checking_phone",H_domestic_nesting,H) Domestic Nesting (Home-as-Refuge),nest-building and everyday shared life
92,8.1,Domestic Spaces & Routines,"Spaces, Time, Activities & Objects",,,,high,False,none,None of the above,NA,Not a narrative function,True,high,Luxury Hotel Suite,"The couple explores a lavish hotel suite, admiring the beige furniture, brown wood tables, and floor-to-ceiling windows.","domestic_life, social_setting","setting:hotel_suite, activity:exploring",False,"furniture, fireplace, ceiling, windows, chairs, floors, wood, walls, floor, ceilings",Luxury Hotel Suite,"setting:hotel_suite, activity:exploring",H_domestic_nesting,H) Domestic Nesting (Home-as-Refuge),nest-building and everyday shared life
96,4.2,"Bonding, Everyday Intimacy & Growth",Relationship Trajectory (Main Couple),,,,high,False,R9,Heroine responds warmly to hero's tenderness,II,Turning Point & Recognition,False,medium,Whispered Love Confessions,She whispers her love in his ear.,"romance_core, relationship_conflict","setting:bedroom, activity:whispering",False,"whispers, whispered, whisper, softly, breaking, ear, plea, murmured, soft, someday",Whispered Love Confessions,"setting:bedroom, activity:whispering",H_domestic_nesting,H) Domestic Nesting (Home-as-Refuge),nest-building and everyday shared life
100,4.2,"Bonding, Everyday Intimacy & Growth",Relationship Trajectory (Main Couple),,,,high,False,R8,Hero treats heroine tenderly,II,Turning Point & Recognition,False,medium,Gifting White Roses,"He presents her with a bouquet of white roses, her favorite.","romance_core, domestic_life","setting:home, activity:gift_giving",False,"roses, flowers, bouquet, florist, petals, yellow, lilies, vase, daisies, dozen",Gifting White Roses,"setting:home, activity:gift_giving",H_domestic_nesting,H) Domestic Nesting (Home-as-Refuge),nest-building and everyday shared life
105,4.2,"Bonding, Everyday Intimacy & Growth",Relationship Trajectory (Main Couple),,,,medium,False,R9,Heroine responds warmly to hero's tenderness,II,Turning Point & Recognition,False,low,Hurried Conversations,The couple hurriedly discusses their plans in a car.,,,False,"hurry, going, live, trippy, goes, pro, prepared, bring, trade, location",Hurried Conversations,,H_domestic_nesting,H) Domestic Nesting (Home-as-Refuge),nest-building and everyday shared life
106,4.2,"Bonding, Everyday Intimacy & Growth",Relationship Trajectory (Main Couple),,,,high,False,R9,Heroine responds warmly to hero's tenderness,II,Turning Point & Recognition,False,low,Nighttime Conversations,"The couple sits together in the dimly lit bedroom, discussing their feelings late into the night.","romance_core, relationship_conflict","setting:bedroom, activity:discussing",False,"wasa, thata, likea, sa, wella, uha, meana, alsoa, thisa, oha",Nighttime Conversations,"setting:bedroom, activity:discussing",H_domestic_nesting,H) Domestic Nesting (Home-as-Refuge),nest-building and everyday shared life
108,4.2,"Bonding, Everyday Intimacy & Growth",Relationship Trajectory (Main Couple),,,,high,False,R10,Heroine reinterprets hero's behaviour as result of previous hurt,II,Turning Point & Recognition,False,medium,Epic Love Confessions,"The couple, in a quiet moment, confesses their deep, long-standing love for each other.","romance_core, relationship_conflict","setting:quiet_moment, activity:love_confession",False,"loved, fall, falling, believe, consuming, isna, true, fickle, kind, loves",Epic Love Confessions,"setting:quiet_moment, activity:love_confession",H_domestic_nesting,H) Domestic Nesting (Home-as-Refuge),nest-building and everyday shared life
110,4.2,"Bonding, Everyday Intimacy & Growth",Relationship Trajectory (Main Couple),,,,high,False,R8,Hero treats heroine tenderly,II,Turning Point & Recognition,False,low,Intense Listening Conversation,"The couple sits unblinking, feverishly listening to each other's confessions in a quiet room.","romance_core, relationship_conflict","setting:quiet_room, activity:confessing",False,"listen, asked, listening, demanded, replied, heard, whata, downplay, reply, everythinga",Intense Listening Conversation,"setting:quiet_room, activity:confessing",H_domestic_nesting,H) Domestic Nesting (Home-as-Refuge),nest-building and everyday shared life
115,4.2,"Bonding, Everyday Intimacy & Growth",Relationship Trajectory (Main Couple),8.2,Public & Leisure Spaces,"Spaces, Time, Activities & Objects",medium,False,R9,Heroine responds warmly to hero's tenderness,II,Turning Point & Recognition,False,low,Golfing Couple's Weekend,"The couple, thoughtful about their relationship, spends a weekend playing golf and discussing their problems.","romance_core, relationship_conflict","setting:golf_course, activity:discussing_problems",False,"landona, asked, glanced, golf, sighed, years, hadna, justa, talk, winced",Golfing Couple's Weekend,"setting:golf_course, activity:discussing_problems",H_domestic_nesting,H) Domestic Nesting (Home-as-Refuge),nest-building and everyday shared life
116,4.2,"Bonding, Everyday Intimacy & Growth",Relationship Trajectory (Main Couple),,,,high,False,R9,Heroine responds warmly to hero's tenderness,II,Turning Point & Recognition,False,low,Important Conversation,"The couple discusses a crucial matter, emphasizing its importance.","romance_core, relationship_conflict","setting:living_room, activity:discussing",False,"important, condition, just, plenty, second, ways, grated, dependent, thing, morea",Important Conversation,"setting:living_room, activity:discussing",H_domestic_nesting,H) Domestic Nesting (Home-as-Refuge),nest-building and everyday shared life
119,4.2,"Bonding, Everyday Intimacy & Growth",Relationship Trajectory (Main Couple),,,,high,False,R8,Hero treats heroine tenderly,II,Turning Point & Recognition,False,low,Whispered Secrets Between Lovers,"In a quiet moment, a couple exchanges hushed confessions and secrets, their eyes locked and smiles subtle.","romance_core, physical_affection","setting:private_space, activity:whispering",False,"elliota, snaps, glares, replies, daniela, epitome, goes, gives, billya, takes",Whispered Secrets Between Lovers,"setting:private_space, activity:whispering",H_domestic_nesting,H) Domestic Nesting (Home-as-Refuge),nest-building and everyday shared life
120,4.2,"Bonding, Everyday Intimacy & Growth",Relationship Trajectory (Main Couple),,,,high,False,R9,Heroine responds warmly to hero's tenderness,II,Turning Point & Recognition,False,low,Repeated Affirmations,She repeatedly affirms her love and commitment to him.,"romance_core, relationship_conflict","setting:bedroom, activity:affirming_relationship",False,"aye, string, parts, fianca, yesterday, unable, sounds, word, having, theya",Repeated Affirmations,"setting:bedroom, activity:affirming_relationship",H_domestic_nesting,H) Domestic Nesting (Home-as-Refuge),nest-building and everyday shared life
121,4.2,"Bonding, Everyday Intimacy & Growth",Relationship Trajectory (Main Couple),,,,high,False,R9,Heroine responds warmly to hero's tenderness,II,Turning Point & Recognition,False,medium,Convenient Travel Options,The couple discusses better and more convenient travel options for their future trips together.,"romance_core, domestic_life","setting:car, activity:discussing",False,"better, easier, vossameera, possibly, probably, smoother, suppose, sakes, option, ideal",Convenient Travel Options,"setting:car, activity:discussing",H_domestic_nesting,H) Domestic Nesting (Home-as-Refuge),nest-building and everyday shared life
128,4.2,"Bonding, Everyday Intimacy & Growth",Relationship Trajectory (Main Couple),,,,high,False,R9,Heroine responds warmly to hero's tenderness,II,Turning Point & Recognition,False,low,Easy Conversations,"The couple engages in casual, relaxed conversations while spending time together.","romance_core, social_setting","setting:car, activity:casual_conversation",False,"easy, simple, straightforward, peasy, natural, surprisingly, ita, easiest, comparison, target",Easy Conversations,"setting:car, activity:casual_conversation",H_domestic_nesting,H) Domestic Nesting (Home-as-Refuge),nest-building and everyday shared life
136,4.2,"Bonding, Everyday Intimacy & Growth",Relationship Trajectory (Main Couple),,,,high,False,R8,Hero treats heroine tenderly,II,Turning Point & Recognition,False,low,Excited Diversion,"The couple, excited and thrill-seeking, plans a fun activity together.","romance_core, domestic_life","setting:outdoors, activity:planning",False,"fun, excited, excitement, entertaining, having, sounds, uncomplicated, goad, diversion, funa",Excited Diversion,"setting:outdoors, activity:planning",H_domestic_nesting,H) Domestic Nesting (Home-as-Refuge),nest-building and everyday shared life
140,4.2,"Bonding, Everyday Intimacy & Growth",Relationship Trajectory (Main Couple),,,,high,False,R8,Hero treats heroine tenderly,II,Turning Point & Recognition,False,medium,Silent Staring Conversation,"Across the room, their eyes meet and hold, conveying unspoken emotions.","romance_core, relationship_conflict","setting:room, activity:staring",False,"jamesona, milesa, proves, stammers, stares, rolls, sits, imagine, transferring, laughs",Silent Staring Conversation,"setting:room, activity:staring",H_domestic_nesting,H) Domestic Nesting (Home-as-Refuge),nest-building and everyday shared life
141,4.2,"Bonding, Everyday Intimacy & Growth",Relationship Trajectory (Main Couple),,,,medium,False,R5,Heroine responds with anger or coldness,I,Initial Conflict & Isolation,False,medium,Hurried Conversations,"The couple, in a hurry, has a brief, intense conversation in the doorway.","romance_core, relationship_conflict","setting:doorway, activity:argument",False,"rush, , , , , , , , , ",Hurried Conversations,"setting:doorway, activity:argument",H_domestic_nesting,H) Domestic Nesting (Home-as-Refuge),nest-building and everyday shared life
142,4.2,"Bonding, Everyday Intimacy & Growth",Relationship Trajectory (Main Couple),,,,high,False,R8,Hero treats heroine tenderly,II,Turning Point & Recognition,False,low,Kitchen Conversation,"The couple stands in the kitchen, discussing their day while she leans against the counter.","romance_core, domestic_life","setting:kitchen, activity:discussing",False,"kitchen, fridge, cabinets, appliances, counter, stocked, stainless, countertops, dishes, kitchens",Kitchen Conversation,"setting:kitchen, activity:discussing",H_domestic_nesting,H) Domestic Nesting (Home-as-Refuge),nest-building and everyday shared life
143,4.2,"Bonding, Everyday Intimacy & Growth",Relationship Trajectory (Main Couple),,,,high,False,R8,Hero treats heroine tenderly,II,Turning Point & Recognition,False,medium,Casual Conversations,"The couple engages in light, informal discussions while spending time together.","romance_core, social_setting","setting:home, activity:talking",False,"conversation, talk, conversations, discuss, need, chat, talked, later, having, discussion",Casual Conversations,"setting:home, activity:talking",H_domestic_nesting,H) Domestic Nesting (Home-as-Refuge),nest-building and everyday shared life
144,4.2,"Bonding, Everyday Intimacy & Growth",Relationship Trajectory (Main Couple),6.4,"Money, Housing & Economic Security","Work, Wealth, Status & Institutions",medium,False,R8,Hero treats heroine tenderly,II,Turning Point & Recognition,False,medium,Dates And Calendar Confusion,"She struggles to manage her calendar, trying to fit in dates with him.","relationship_conflict, domestic_life","setting:calendar, activity:planning",False,"dates, datea, dated, isna, official, started, service, bring, apps, canceling",Dates And Calendar Confusion,"setting:calendar, activity:planning",H_domestic_nesting,H) Domestic Nesting (Home-as-Refuge),nest-building and everyday shared life
146,8.1,Domestic Spaces & Routines,"Spaces, Time, Activities & Objects",,,,high,False,none,None of the above,NA,Not a narrative function,True,high,Bedtime Routine,"She gets into her own bed, turning right around after a long day.","domestic_life, romance_core","setting:bedroom, activity:bedtime",False,"bed, mattress, bedroom, sheets, covers, climb, lay, edge, blankets, pillow",Bedtime Routine,"setting:bedroom, activity:bedtime",H_domestic_nesting,H) Domestic Nesting (Home-as-Refuge),nest-building and everyday shared life
147,5.2,Friends & Social Circles,Social World Outside Couple,,,,high,False,none,None of the above,NA,Not a narrative function,True,high,Good Luck Wishes,Friends or family members wish someone good luck before an important event.,social_setting,"setting:group_of_people, activity:wishing_good_luck",False,"luck, luckiest, perfection, perfectly, fortunate, fit, solution, unlucky, today, miracle",Good Luck Wishes,"setting:group_of_people, activity:wishing_good_luck",H_domestic_nesting,H) Domestic Nesting (Home-as-Refuge),nest-building and everyday shared life
152,4.2,"Bonding, Everyday Intimacy & Growth",Relationship Trajectory (Main Couple),,,,medium,False,R2,Heroine reacts antagonistically to the hero,I,Initial Conflict & Isolation,False,medium,Hesitant Glances At Market,"She hesitates, her gaze lingering on him as he walks away from the market.","romance_core, social_setting","setting:market, activity:staring",False,"valentinaa, valentinoa, looks, smiles, gaze, hesitates, nod, grandmother, stares, market",Hesitant Glances At Market,"setting:market, activity:staring",H_domestic_nesting,H) Domestic Nesting (Home-as-Refuge),nest-building and everyday shared life
155,4.2,"Bonding, Everyday Intimacy & Growth",Relationship Trajectory (Main Couple),,,,high,False,R8,Hero treats heroine tenderly,II,Turning Point & Recognition,False,medium,Whispered Secrets Between Lovers,"In a dimly lit room, a couple leans in close, their breaths mingling as they whisper secrets to each other.","romance_core, physical_affection","setting:bedroom, activity:whispering",False,"whispers, whispered, whisper, ear, hoarsely, darkly, softly, angrily, hear, husky",Whispered Secrets Between Lovers,"setting:bedroom, activity:whispering",H_domestic_nesting,H) Domestic Nesting (Home-as-Refuge),nest-building and everyday shared life
156,4.2,"Bonding, Everyday Intimacy & Growth",Relationship Trajectory (Main Couple),,,,high,False,R8,Hero treats heroine tenderly,II,Turning Point & Recognition,False,low,Trust Assurance Conversation,"The couple, sitting at a table, reassures each other about their trust and commitment.","romance_core, relationship_conflict","setting:table, activity:conversation",False,"trust, trusted, trustworthy, issues, forgave, able, instincts, circle, gut, cana",Trust Assurance Conversation,"setting:table, activity:conversation",H_domestic_nesting,H) Domestic Nesting (Home-as-Refuge),nest-building and everyday shared life
157,4.2,"Bonding, Everyday Intimacy & Growth",Relationship Trajectory (Main Couple),8.2,Public & Leisure Spaces,"Spaces, Time, Activities & Objects",high,False,R8,Hero treats heroine tenderly,II,Turning Point & Recognition,False,medium,Unexpected Barroom Moment,"In the midst of a lively barroom, a sudden, wordless moment of warmth passes between Trinity and Sam.","romance_core, physical_affection","setting:barroom, activity:silent_staring",False,"trinitya, didn, couldn, inquired, muttered, segue, exclaimed, wordless, debated, sudden",Unexpected Barroom Moment,"setting:barroom, activity:silent_staring",H_domestic_nesting,H) Domestic Nesting (Home-as-Refuge),nest-building and everyday shared life
159,4.2,"Bonding, Everyday Intimacy & Growth",Relationship Trajectory (Main Couple),,,,medium,False,R8,Hero treats heroine tenderly,II,Turning Point & Recognition,False,low,Casual Conversations,The couple exchanges light-hearted remarks while walking through a colorful market.,"romance_core, social_setting","setting:market, activity:casual_conversation",False,"yeah, reply, agreed, answered, agree, answer, yesa, plea, eagerly, admitted",Casual Conversations,"setting:market, activity:casual_conversation",H_domestic_nesting,H) Domestic Nesting (Home-as-Refuge),nest-building and everyday shared life
161,4.2,"Bonding, Everyday Intimacy & Growth",Relationship Trajectory (Main Couple),,,,high,False,R9,Heroine responds warmly to hero's tenderness,II,Turning Point & Recognition,False,medium,Admiring Qualities,He admires her excellent qualities in the kitchen.,"romance_core, domestic_life","setting:kitchen, activity:admiring",False,"liked, likes, hea, really, aggressively, actor, nicest, qualities, enjoy, intelligent",Admiring Qualities,"setting:kitchen, activity:admiring",H_domestic_nesting,H) Domestic Nesting (Home-as-Refuge),nest-building and everyday shared life
170,4.2,"Bonding, Everyday Intimacy & Growth",Relationship Trajectory (Main Couple),,,,high,False,R9,Heroine responds warmly to hero's tenderness,II,Turning Point & Recognition,False,medium,Noon Conversations,The couple engages in curious and thoughtful discussions during the day.,"romance_core, social_setting","setting:kitchen, activity:conversation",False,"rebeccaa, cassiea, katea, startling, shrieked, winces, thanks, noon, analogies, required",Noon Conversations,"setting:kitchen, activity:conversation",H_domestic_nesting,H) Domestic Nesting (Home-as-Refuge),nest-building and everyday shared life
173,5.2,Friends & Social Circles,Social World Outside Couple,,,,high,False,none,None of the above,NA,Not a narrative function,True,high,Friendship Bonding,"The couple, inseparable since freshman year, shares laughter and stories in their dorm room.","romance_core, domestic_life","setting:dorm_room, activity:laughing_and_talking",False,"friendship, friend, buddies, benefits, friendships, acquaintances, wea, friendsa, slowlya, school",Friendship Bonding,"setting:dorm_room, activity:laughing_and_talking",H_domestic_nesting,H) Domestic Nesting (Home-as-Refuge),nest-building and everyday shared life
175,4.2,"Bonding, Everyday Intimacy & Growth",Relationship Trajectory (Main Couple),,,,medium,False,R8,Hero treats heroine tenderly,II,Turning Point & Recognition,False,medium,Underwater Glance,A person struggles to maintain composure while trying to catch another's attention underwater.,"romance_core, relationship_conflict","setting:underwater, activity:trying_to_get_attention",False,"rachela, maggiea, michaela, leveled, blinked, believe, taga, cooed, confirmed, underwater",Underwater Glance,"setting:underwater, activity:trying_to_get_attention",H_domestic_nesting,H) Domestic Nesting (Home-as-Refuge),nest-building and everyday shared life
180,4.2,"Bonding, Everyday Intimacy & Growth",Relationship Trajectory (Main Couple),,,,high,False,R8,Hero treats heroine tenderly,II,Turning Point & Recognition,False,low,Ode Recital,She recites the same ode every time they meet.,"romance_core, domestic_life","setting:home, activity:reciting",False,"ode, deserve, believed, ended, outdo, flashing, geometry, stratosphere, adhered, cleanup",Ode Recital,"setting:home, activity:reciting",H_domestic_nesting,H) Domestic Nesting (Home-as-Refuge),nest-building and everyday shared life
183,4.2,"Bonding, Everyday Intimacy & Growth",Relationship Trajectory (Main Couple),8.1,Domestic Spaces & Routines,"Spaces, Time, Activities & Objects",medium,False,R9,Heroine responds warmly to hero's tenderness,II,Turning Point & Recognition,False,low,Division Discussion,The couple discusses their division of labor in the kitchen.,"domestic_life, relationship_conflict","setting:kitchen, activity:discussion",False,"division, stick, excuse, probably, , , , , , ",Division Discussion,"setting:kitchen, activity:discussion",H_domestic_nesting,H) Domestic Nesting (Home-as-Refuge),nest-building and everyday shared life
185,4.2,"Bonding, Everyday Intimacy & Growth",Relationship Trajectory (Main Couple),,,,high,False,R9,Heroine responds warmly to hero's tenderness,II,Turning Point & Recognition,False,low,Thrilling Experiences,The couple shares exciting and extraordinary moments together.,,,False,"awesome, wonderful, extraordinary, glorious, exciting, stunning, spectacular, thrilling, satisfying, ita",Thrilling Experiences,,H_domestic_nesting,H) Domestic Nesting (Home-as-Refuge),nest-building and everyday shared life
189,4.2,"Bonding, Everyday Intimacy & Growth",Relationship Trajectory (Main Couple),,,,high,False,R8,Hero treats heroine tenderly,II,Turning Point & Recognition,False,low,Weekend Planning,The couple discusses and plans their upcoming weekend activities.,"romance_core, domestic_life","setting:home, activity:planning",False,"tomorrow, weekend, monday, weekends, saturday, weekenda, thursday, holiday, noon, nudist",Weekend Planning,"setting:home, activity:planning",H_domestic_nesting,H) Domestic Nesting (Home-as-Refuge),nest-building and everyday shared life
193,5.2,Friends & Social Circles,Social World Outside Couple,,,,high,False,none,None of the above,NA,Not a narrative function,True,high,Birthday Surprise For Friend,She excitedly plans and executes a surprise birthday party for her friend.,"romance_core, social_setting","setting:party, activity:planning_surprise",False,"patricka, yells, dopey, friend, nervously, announces, nudging, presents, birthday, wasted",Birthday Surprise For Friend,"setting:party, activity:planning_surprise",H_domestic_nesting,H) Domestic Nesting (Home-as-Refuge),nest-building and everyday shared life
198,4.2,"Bonding, Everyday Intimacy & Growth",Relationship Trajectory (Main Couple),,,,high,False,R8,Hero treats heroine tenderly,II,Turning Point & Recognition,False,low,Holiday Horseplay,"The couple, on holiday, playfully interact with a horse at a stable.","romance_core, physical_affection","setting:stable, activity:horseplay",False,"sainta, growls, stiffens, patron, smirks, snickers, holidays, swings, prayera, grownups",Holiday Horseplay,"setting:stable, activity:horseplay",H_domestic_nesting,H) Domestic Nesting (Home-as-Refuge),nest-building and everyday shared life
204,4.2,"Bonding, Everyday Intimacy & Growth",Relationship Trajectory (Main Couple),,,,medium,False,R10,Heroine reinterprets hero's behaviour as result of previous hurt,II,Turning Point & Recognition,False,medium,Forgetting And Reminding,"She reminds him of something he'd forgotten, sparking a conversation about their shared past.","romance_core, relationship_conflict","setting:kitchen, activity:conversation",False,"forget, forgot, forgotten, forgetting, completely, everybody, silliness, friendliest, requisite, defcon",Forgetting And Reminding,"setting:kitchen, activity:conversation",H_domestic_nesting,H) Domestic Nesting (Home-as-Refuge),nest-building and everyday shared life
210,4.2,"Bonding, Everyday Intimacy & Growth",Relationship Trajectory (Main Couple),8.1,Domestic Spaces & Routines,"Spaces, Time, Activities & Objects",high,False,R8,Hero treats heroine tenderly,II,Turning Point & Recognition,False,medium,Reunion Conversation In Car,"The couple, reunited after years, converse in a parked car, reminiscing about their past and exploring their feelings.","romance_core, relationship_conflict","setting:car, activity:conversing",False,"emerya, ensemble, muttered, groaned, asked, jensena, gesturing, laughed, reunion, feelings",Reunion Conversation In Car,"setting:car, activity:conversing",H_domestic_nesting,H) Domestic Nesting (Home-as-Refuge),nest-building and everyday shared life
218,8.1,Domestic Spaces & Routines,"Spaces, Time, Activities & Objects",,,,high,False,none,None of the above,NA,Not a narrative function,True,high,Birdwatching In Park,"The couple sits on a bench in the park, watching birds and ducks.","romance_core, domestic_life","setting:park, activity:birdwatching",False,"pigeon, birds, duck, duckling, chirping, wings, speculate, pecking, crows, antics",Birdwatching In Park,"setting:park, activity:birdwatching",H_domestic_nesting,H) Domestic Nesting (Home-as-Refuge),nest-building and everyday shared life
220,4.2,"Bonding, Everyday Intimacy & Growth",Relationship Trajectory (Main Couple),,,,high,False,R7,Hero and heroine are physically or emotionally separated,I,Initial Conflict & Isolation,False,medium,Evening Boat Ride,"The couple relaxes on a boat, enjoying the evening and each other's company.","romance_core, domestic_life","setting:boat, activity:relaxing",False,"margota, eddiea, couldn, didn, wasn, blinked, moment, raised, boat, inspiration",Evening Boat Ride,"setting:boat, activity:relaxing",H_domestic_nesting,H) Domestic Nesting (Home-as-Refuge),nest-building and everyday shared life
221,8.1,Domestic Spaces & Routines,"Spaces, Time, Activities & Objects",,,,high,False,none,None of the above,NA,Not a narrative function,True,high,Quick Shower Hygiene,She leads her into the bathroom and turns on the hot water for a quick shower.,"domestic_life, physical_affection","setting:bathroom, activity:showering",False,"shower, bathroom, bath, towel, restroom, toilet, showered, tub, towels, quick",Quick Shower Hygiene,"setting:bathroom, activity:showering",H_domestic_nesting,H) Domestic Nesting (Home-as-Refuge),nest-building and everyday shared life
226,4.2,"Bonding, Everyday Intimacy & Growth",Relationship Trajectory (Main Couple),5.2,Friends & Social Circles,Social World Outside Couple,high,False,R8,Hero treats heroine tenderly,II,Turning Point & Recognition,False,medium,Disco Night Adventure,She and her girlfriend dance the night away at a lively disco in Maine.,"romance_core, social_setting","setting:disco, activity:dancing",False,"hayesa, doesna, wants, copying, imperial, disco, infinity, pottery, scandalous, doga",Disco Night Adventure,"setting:disco, activity:dancing",H_domestic_nesting,H) Domestic Nesting (Home-as-Refuge),nest-building and everyday shared life
228,4.2,"Bonding, Everyday Intimacy & Growth",Relationship Trajectory (Main Couple),8.1,Domestic Spaces & Routines,"Spaces, Time, Activities & Objects",high,False,R13,Heroine's identity is restored,III,Commitment & Restoration,False,medium,Homecoming Conversations,The couple shares emotional conversations upon returning home.,"romance_core, domestic_life","setting:home, activity:conversation",False,"home, edit, literally, heading, homesick, likea, sense, want, descriptions, schooled",Homecoming Conversations,"setting:home, activity:conversation",H_domestic_nesting,H) Domestic Nesting (Home-as-Refuge),nest-building and everyday shared life
230,4.2,"Bonding, Everyday Intimacy & Growth",Relationship Trajectory (Main Couple),1.5,Exercise & Physical Activity,Embodied & Sensory Experience,high,False,R8,Hero treats heroine tenderly,II,Turning Point & Recognition,False,medium,Wheelchair Bonding,"The couple, Churchill and his partner, bond over his fondness for golf and her interest in information about him, as she sits on his lap in the wheelchair.","romance_core, physical_affection","setting:wheelchair, activity:bonding",False,"didn, testily, talked, hadn, wasn, cast, wheelchair, figured, repeated, told",Wheelchair Bonding,"setting:wheelchair, activity:bonding",H_domestic_nesting,H) Domestic Nesting (Home-as-Refuge),nest-building and everyday shared life
232,4.2,"Bonding, Everyday Intimacy & Growth",Relationship Trajectory (Main Couple),,,,high,False,R9,Heroine responds warmly to hero's tenderness,II,Turning Point & Recognition,False,low,Winning Bid Excitement,She excitedly shares the news of winning a house at an auction with her partner in the car.,"romance_core, social_setting","setting:car, activity:sharing_good_news",False,"won, winning, firsthand, blah, wins, prize, earn, arena, importantlya, definitely",Winning Bid Excitement,"setting:car, activity:sharing_good_news",H_domestic_nesting,H) Domestic Nesting (Home-as-Refuge),nest-building and everyday shared life
233,4.2,"Bonding, Everyday Intimacy & Growth",Relationship Trajectory (Main Couple),,,,high,False,R8,Hero treats heroine tenderly,II,Turning Point & Recognition,False,medium,Admiring Intelligence,He admired her intelligence as they discussed their shared interests over dinner.,"romance_core, social_setting","setting:restaurant, activity:discussing",False,"loved, liked, adored, attractive, proud, intelligent, looked, excellent, pieces, stunning",Admiring Intelligence,"setting:restaurant, activity:discussing",H_domestic_nesting,H) Domestic Nesting (Home-as-Refuge),nest-building and everyday shared life
242,5.2,Friends & Social Circles,Social World Outside Couple,,,,medium,False,none,None of the above,NA,Not a narrative function,True,high,Awkward Handshake Introduction,"Ellie hesitates before extending her hand to Lottie, who looks uncertain about the gesture.","social_setting, relationship_conflict","setting:office, activity:handshake",False,"davea, elliea, says, asks, clasps, sadiea, class, gives, handshake, lottiea",Awkward Handshake Introduction,"setting:office, activity:handshake",H_domestic_nesting,H) Domestic Nesting (Home-as-Refuge),nest-building and everyday shared life
243,5.2,Friends & Social Circles,Social World Outside Couple,,,,high,False,none,None of the above,NA,Not a narrative function,True,high,Fearless Ladies Conversation,The fearless ladies engage in an outspoken conversation around the table.,"romance_core, social_setting","setting:table, activity:conversation",False,"charlottea, answer, answered, reply, epitome, ladies, stammer, acknowledges, deteriorated, helloa",Fearless Ladies Conversation,"setting:table, activity:conversation",H_domestic_nesting,H) Domestic Nesting (Home-as-Refuge),nest-building and everyday shared life
246,4.2,"Bonding, Everyday Intimacy & Growth",Relationship Trajectory (Main Couple),,,,high,False,R9,Heroine responds warmly to hero's tenderness,II,Turning Point & Recognition,False,medium,Captain's Real Name Revelation,"She turns in his arms, smiling up at him, as he reveals his real name over the intercom.","romance_core, relationship_conflict","setting:car, activity:revelation",False,"captaina, following, wraps, moves, weeksa, badge, placing, stands, try, looks",Captain's Real Name Revelation,"setting:car, activity:revelation",H_domestic_nesting,H) Domestic Nesting (Home-as-Refuge),nest-building and everyday shared life
250,4.2,"Bonding, Everyday Intimacy & Growth",Relationship Trajectory (Main Couple),1.1,Body Parts & Physical Reactions,Embodied & Sensory Experience,high,False,R9,Heroine responds warmly to hero's tenderness,II,Turning Point & Recognition,False,low,Protective Conversations By Firelight,"She loved him, their conversations bolder and headstrong, as he protectively pampered her by the firelight.","romance_core, relationship_conflict","setting:fireplace, activity:conversation",False,"loved, loves, adored, clearly, humbled, protector, cared, soul, madly, conversations",Protective Conversations By Firelight,"setting:fireplace, activity:conversation",H_domestic_nesting,H) Domestic Nesting (Home-as-Refuge),nest-building and everyday shared life
256,4.2,"Bonding, Everyday Intimacy & Growth",Relationship Trajectory (Main Couple),,,,medium,False,R8,Hero treats heroine tenderly,II,Turning Point & Recognition,False,low,Hushed Conversations,"She whispered, he leaned in, their voices low in the dimly lit room.","romance_core, relationship_conflict","setting:bedroom, activity:whispering",False,"shh, whew, uh, ah, huh, whata, wrong, whack, wh, ew",Hushed Conversations,"setting:bedroom, activity:whispering",H_domestic_nesting,H) Domestic Nesting (Home-as-Refuge),nest-building and everyday shared life
258,4.2,"Bonding, Everyday Intimacy & Growth",Relationship Trajectory (Main Couple),,,,medium,False,R10,Heroine reinterprets hero's behaviour as result of previous hurt,II,Turning Point & Recognition,False,medium,Sunset Parade Motivation,"She watched the parade, motivated by the sunset, her hand shot out as she finished her magazine.","romance_core, domestic_life","setting:parade, activity:motivating",False,"austina, youra, parade, happened, flippantly, sidling, abruptly, didna, issues, wherea",Sunset Parade Motivation,"setting:parade, activity:motivating",H_domestic_nesting,H) Domestic Nesting (Home-as-Refuge),nest-building and everyday shared life
260,4.2,"Bonding, Everyday Intimacy & Growth",Relationship Trajectory (Main Couple),,,,high,False,R9,Heroine responds warmly to hero's tenderness,II,Turning Point & Recognition,False,low,Nodding Agreement At Table,He nodded in agreement at the table with the waiter.,"romance_core, domestic_life","setting:restaurant, activity:nodding",False,"nodded, shrugged, scowl, shrug, agreement, gearshift, assertion, tracea, waiter, sullenly",Nodding Agreement At Table,"setting:restaurant, activity:nodding",H_domestic_nesting,H) Domestic Nesting (Home-as-Refuge),nest-building and everyday shared life
263,4.2,"Bonding, Everyday Intimacy & Growth",Relationship Trajectory (Main Couple),,,,high,False,R9,Heroine responds warmly to hero's tenderness,II,Turning Point & Recognition,False,low,Riddles And Challenges,The couple engages in a playful game of riddles and challenges to test each other's wit and intelligence.,,,False,"supposed, whata, question, challenge, true, isna, means, conventional, presumptuous, riddle",Riddles And Challenges,,H_domestic_nesting,H) Domestic Nesting (Home-as-Refuge),nest-building and everyday shared life
265,8.1,Domestic Spaces & Routines,"Spaces, Time, Activities & Objects",,,,high,False,none,None of the above,NA,Not a narrative function,True,high,Careful Tune-up Before Night Out,She carefully checks and tunes her car before their night out.,"domestic_life, social_setting","setting:car, activity:checking, activity:tuning",False,"just, checking, saya, practicing, record, careful, tune, curveball, easy, peasy",Careful Tune-up Before Night Out,"setting:car, activity:checking, activity:tuning",H_domestic_nesting,H) Domestic Nesting (Home-as-Refuge),nest-building and everyday shared life
275,4.2,"Bonding, Everyday Intimacy & Growth",Relationship Trajectory (Main Couple),,,,high,False,R9,Heroine responds warmly to hero's tenderness,II,Turning Point & Recognition,False,medium,Back-to-back Support,"The couple stands back-to-back, each having the other's back in a moment of solidarity.","romance_core, physical_affection","setting:standing, activity:back_to_back",False,"othera, lives, compatible, live, better, work, connected, synapses, physically, pasts",Back-to-back Support,"setting:standing, activity:back_to_back",H_domestic_nesting,H) Domestic Nesting (Home-as-Refuge),nest-building and everyday shared life
281,8.1,Domestic Spaces & Routines,"Spaces, Time, Activities & Objects",,,,high,False,none,None of the above,NA,Not a narrative function,True,high,Sleeping Together,"She watches him sleep, exhausted from the night's activities.","romance_core, domestic_life","setting:bed, activity:sleeping",False,"sleep, asleep, slept, night, woke, fell, sleeps, woken, wake, bed",Sleeping Together,"setting:bed, activity:sleeping",H_domestic_nesting,H) Domestic Nesting (Home-as-Refuge),nest-building and everyday shared life
282,4.2,"Bonding, Everyday Intimacy & Growth",Relationship Trajectory (Main Couple),,,,high,False,R11,Hero declares love and demonstrates commitment,III,Commitment & Restoration,False,high,Emotional Love Confession,"She told him she loved him, hoping for a reciprocated declaration.","romance_core, relationship_conflict","setting:bedroom, activity:confessing_love",False,"loved, respect, grandparentsa, outlast, interfered, woolton, mortgage, exceptions, grandkids, utmost",Emotional Love Confession,"setting:bedroom, activity:confessing_love",H_domestic_nesting,H) Domestic Nesting (Home-as-Refuge),nest-building and everyday shared life
284,8.1,Domestic Spaces & Routines,"Spaces, Time, Activities & Objects",,,,high,False,none,None of the above,NA,Not a narrative function,True,high,Dog Whining,The dog whines repeatedly from the back of the room.,domestic_life,"setting:room, activity:whining",False,"whines, maxa, answered, bounds, wriggles, perplexed, barks, outmaneuvered, rigidly, extremes",Dog Whining,"setting:room, activity:whining",H_domestic_nesting,H) Domestic Nesting (Home-as-Refuge),nest-building and everyday shared life
287,4.2,"Bonding, Everyday Intimacy & Growth",Relationship Trajectory (Main Couple),,,,high,False,R10,Heroine reinterprets hero's behaviour as result of previous hurt,II,Turning Point & Recognition,False,medium,Legendary Certainty,"He knew her, and she knew him, with a certainty that transcended words.","romance_core, relationship_conflict","setting:table, activity:conversation",False,"knew, exactly, understood, doing, knows, heard, course, needed, gloating, befuddled",Legendary Certainty,"setting:table, activity:conversation",H_domestic_nesting,H) Domestic Nesting (Home-as-Refuge),nest-building and everyday shared life
289,4.2,"Bonding, Everyday Intimacy & Growth",Relationship Trajectory (Main Couple),,,,high,False,R9,Heroine responds warmly to hero's tenderness,II,Turning Point & Recognition,False,low,Classical Music Appreciation,The couple enjoys listening to classical music together.,"romance_core, domestic_life","setting:home, activity:listening_to_music",False,"music, band, song, musicians, classical, jazz, playing, play, speakers, songs",Classical Music Appreciation,"setting:home, activity:listening_to_music",H_domestic_nesting,H) Domestic Nesting (Home-as-Refuge),nest-building and everyday shared life
292,8.1,Domestic Spaces & Routines,"Spaces, Time, Activities & Objects",,,,high,False,none,None of the above,NA,Not a narrative function,True,high,Shower Hygiene,"He steps into the shower, turning on the water and washing himself.","domestic_life, physical_affection","setting:bathroom, activity:showering",False,"shower, bathroom, towel, bath, tub, restroom, toilet, walks, towels, shirt",Shower Hygiene,"setting:bathroom, activity:showering",H_domestic_nesting,H) Domestic Nesting (Home-as-Refuge),nest-building and everyday shared life
305,4.2,"Bonding, Everyday Intimacy & Growth",Relationship Trajectory (Main Couple),,,,medium,False,R9,Heroine responds warmly to hero's tenderness,II,Turning Point & Recognition,False,low,Quiet Conversation About Best Option,"The couple sits quietly, discussing the best course of action.","romance_core, relationship_conflict","setting:quiet, activity:discussing_options",False,"best, thata, thing, really, recommend, ita, probably, highly, quietest, younga",Quiet Conversation About Best Option,"setting:quiet, activity:discussing_options",H_domestic_nesting,H) Domestic Nesting (Home-as-Refuge),nest-building and everyday shared life
306,4.2,"Bonding, Everyday Intimacy & Growth",Relationship Trajectory (Main Couple),,,,high,False,R9,Heroine responds warmly to hero's tenderness,II,Turning Point & Recognition,False,low,Playful Laughter In Fun Setting,The couple laughs and grins at each other while enjoying a humorous moment together in a fun setting.,,,False,"laughs, laugh, laughter, grins, holidays, resuscitation, issuesa, giggles, amphitheater, humorous",Playful Laughter In Fun Setting,,H_domestic_nesting,H) Domestic Nesting (Home-as-Refuge),nest-building and everyday shared life
307,4.2,"Bonding, Everyday Intimacy & Growth",Relationship Trajectory (Main Couple),,,,medium,False,R9,Heroine responds warmly to hero's tenderness,II,Turning Point & Recognition,False,low,Color Scheme Discussion,The couple discusses their favorite colors and shades around the table.,"romance_core, domestic_life","setting:table, activity:discussion",False,"colors, favorite, yellow, scheme, bright, ones, shade, primary, packets, burgundy",Color Scheme Discussion,"setting:table, activity:discussion",H_domestic_nesting,H) Domestic Nesting (Home-as-Refuge),nest-building and everyday shared life
319,4.2,"Bonding, Everyday Intimacy & Growth",Relationship Trajectory (Main Couple),,,,high,False,R9,Heroine responds warmly to hero's tenderness,II,Turning Point & Recognition,False,medium,Nighttime Carousel Conversation,She confesses her feelings in the car under the night sky.,"romance_core, social_setting","setting:car, activity:confession",False,"enjoy, penguins, buildup, unsurprisingly, americaa, cabs, nightie, carousel, bass, thrive",Nighttime Carousel Conversation,"setting:car, activity:confession",H_domestic_nesting,H) Domestic Nesting (Home-as-Refuge),nest-building and everyday shared life
327,4.2,"Bonding, Everyday Intimacy & Growth",Relationship Trajectory (Main Couple),,,,high,False,R9,Heroine responds warmly to hero's tenderness,II,Turning Point & Recognition,False,low,Nodding Agreement,She nods in agreement during a conversation around the table.,"romance_core, domestic_life","setting:table, activity:nodding",False,"nod, thank, solemnly, dribble, zit, prompt, undeniable, briskly, eagerly, guards",Nodding Agreement,"setting:table, activity:nodding",H_domestic_nesting,H) Domestic Nesting (Home-as-Refuge),nest-building and everyday shared life
330,4.2,"Bonding, Everyday Intimacy & Growth",Relationship Trajectory (Main Couple),,,,high,False,R8,Hero treats heroine tenderly,II,Turning Point & Recognition,False,medium,Smiling And Laughing Together,"The couple, smiling and laughing, shares playful moments together.","romance_core, physical_affection","setting:various, activity:laughing, activity:smiling",False,"marleya, confidante, splutters, goofily, pleads, kicking, suma, ra, stylist, glance",Smiling And Laughing Together,"setting:various, activity:laughing, activity:smiling",H_domestic_nesting,H) Domestic Nesting (Home-as-Refuge),nest-building and everyday shared life
334,4.2,"Bonding, Everyday Intimacy & Growth",Relationship Trajectory (Main Couple),,,,medium,False,R9,Heroine responds warmly to hero's tenderness,II,Turning Point & Recognition,False,low,Resolute Nodding Agreement,She nodded resolutely in agreement during a prolonged conversation.,"romance_core, domestic_life","setting:table, activity:nodding",False,"nodded, enthusiastically, solemnly, smiled, politely, chewed, slowly, encouragingly, perfunctory, declarations",Resolute Nodding Agreement,"setting:table, activity:nodding",H_domestic_nesting,H) Domestic Nesting (Home-as-Refuge),nest-building and everyday shared life
336,5.2,Friends & Social Circles,Social World Outside Couple,,,,medium,False,none,None of the above,NA,Not a narrative function,True,high,Polite Conversations,"She asks, he answers politely.","social_setting, romance_core","setting:restaurant, activity:dinner",False,"alternatives, automatically, beg, thanks, answer, hear, looking, make, say, way",Polite Conversations,"setting:restaurant, activity:dinner",H_domestic_nesting,H) Domestic Nesting (Home-as-Refuge),nest-building and everyday shared life
337,4.2,"Bonding, Everyday Intimacy & Growth",Relationship Trajectory (Main Couple),,,,high,False,R8,Hero treats heroine tenderly,II,Turning Point & Recognition,False,low,Hasty Question Game,She quickly asks him questions while they play a board game around the table.,"romance_core, physical_affection","setting:table, activity:questioning",False,"tell, did, yodeling, told, pointers, metaphor, vent, hasty, boards, deed",Hasty Question Game,"setting:table, activity:questioning",H_domestic_nesting,H) Domestic Nesting (Home-as-Refuge),nest-building and everyday shared life
344,4.2,"Bonding, Everyday Intimacy & Growth",Relationship Trajectory (Main Couple),,,,medium,False,R8,Hero treats heroine tenderly,II,Turning Point & Recognition,False,low,Slow-paced Conversation,"She hesitates, choosing her words carefully as they sit across from each other at the kitchen table.","romance_core, relationship_conflict","setting:kitchen, activity:conversation",False,"slow, slower, motion, slows, snail, slowing, process, pace, controlled, experimentation",Slow-paced Conversation,"setting:kitchen, activity:conversation",H_domestic_nesting,H) Domestic Nesting (Home-as-Refuge),nest-building and everyday shared life
358,4.2,"Bonding, Everyday Intimacy & Growth",Relationship Trajectory (Main Couple),,,,high,False,R8,Hero treats heroine tenderly,II,Turning Point & Recognition,False,medium,Victorious Sports Celebration,"He celebrates his team's victory with a triumphant roar, earning admiring glances from the crowd.","social_setting, physical_affection","setting:sports_event, activity:celebrating",False,"merinaa, earful, fizzled, victorious, barreled, tabloids, partly, barked, attained, achel",Victorious Sports Celebration,"setting:sports_event, activity:celebrating",H_domestic_nesting,H) Domestic Nesting (Home-as-Refuge),nest-building and everyday shared life
362,5.2,Friends & Social Circles,Social World Outside Couple,,,,high,False,none,None of the above,NA,Not a narrative function,True,high,Adorable Nephew And Schnoodle,"The couple coos over their adorable nephew and his schnoodle, finding them absolutely adorable.","domestic_life, social_setting","setting:home, activity:cooing",False,"adorable, cutest, nephew, cutes, absolutely, schnoodle, easter, whitea, beinga, incredibly",Adorable Nephew And Schnoodle,"setting:home, activity:cooing",H_domestic_nesting,H) Domestic Nesting (Home-as-Refuge),nest-building and everyday shared life
363,4.2,"Bonding, Everyday Intimacy & Growth",Relationship Trajectory (Main Couple),,,,medium,False,R9,Heroine responds warmly to hero's tenderness,II,Turning Point & Recognition,False,medium,Goofball's Webcam Connection,"She watches him on webcam, feeling a connection despite his goofball antics.","romance_core, physical_affection","setting:webcam, activity:video_chat",False,"garretta, fulfilled, owners, sees, accepting, shouldna, letting, prophecy, webcam, salaciousa",Goofball's Webcam Connection,"setting:webcam, activity:video_chat",H_domestic_nesting,H) Domestic Nesting (Home-as-Refuge),nest-building and everyday shared life
365,8.1,Domestic Spaces & Routines,"Spaces, Time, Activities & Objects",,,,high,False,none,None of the above,NA,Not a narrative function,True,high,Morning Grooming In Bathroom,"She looks at her reflection in the bathroom mirror, her eyes meeting her own as she prepares for the day.","domestic_life, physical_affection","setting:bathroom, activity:grooming",False,"mirror, reflection, bathroom, stare, survey, mirrors, glance, length, studied, look",Morning Grooming In Bathroom,"setting:bathroom, activity:grooming",H_domestic_nesting,H) Domestic Nesting (Home-as-Refuge),nest-building and everyday shared life
13,2.2,Kissing & Non-Explicit Affection,"Sexuality, Attraction & Intimacy",,,,high,False,R8,Hero treats heroine tenderly,II,Turning Point & Recognition,False,high,Playful Laughter And Smiles,The couple shares playful laughter and smiles while looking at each other.,"romance_core, physical_affection","setting:living_room, activity:laughing",False,"smiled, smile, smiles, laugh, laughs, laughed, grinned, grin, eyebrows, giggles",Playful Laughter And Smiles,"setting:living_room, activity:laughing",I_humor_lightness,I) Humor / Lightness,comic relief / breezy tone proxies
14,4.2,"Bonding, Everyday Intimacy & Growth",Relationship Trajectory (Main Couple),,,,high,False,R9,Heroine responds warmly to hero's tenderness,II,Turning Point & Recognition,False,high,Playful Smiling Interactions,The couple exchanges playful smiles and laughter while interacting.,"romance_core, physical_affection","setting:various, activity:smiling, activity:laughing",False,"smile, smiles, grin, smiled, laugh, grinned, grins, laughed, laughs, smirked",Playful Smiling Interactions,"setting:various, activity:smiling, activity:laughing",I_humor_lightness,I) Humor / Lightness,comic relief / breezy tone proxies
25,2.2,Kissing & Non-Explicit Affection,"Sexuality, Attraction & Intimacy",,,,high,False,R9,Heroine responds warmly to hero's tenderness,II,Turning Point & Recognition,False,low,Playful Laughter And Smiles,The couple shares playful laughter and smiles while interacting.,"romance_core, physical_affection","setting:living_room, activity:laughing",False,"smile, laugh, laughter, grin, smiled, grinned, burst, laughed, chuckled, force",Playful Laughter And Smiles,"setting:living_room, activity:laughing",I_humor_lightness,I) Humor / Lightness,comic relief / breezy tone proxies
78,2.2,Kissing & Non-Explicit Affection,"Sexuality, Attraction & Intimacy",,,,high,False,R8,Hero treats heroine tenderly,II,Turning Point & Recognition,False,medium,Tender Forehead Kisses,"The couple, sitting close, shares tender forehead kisses.","romance_core, physical_affection","setting:car, activity:kissing",False,"lucaa, wraps, enzoa, cups, eliciting, gaze, looks, brushing, arm, smiles",Tender Forehead Kisses,"setting:car, activity:kissing",I_humor_lightness,I) Humor / Lightness,comic relief / breezy tone proxies
140,4.2,"Bonding, Everyday Intimacy & Growth",Relationship Trajectory (Main Couple),,,,high,False,R8,Hero treats heroine tenderly,II,Turning Point & Recognition,False,medium,Silent Staring Conversation,"Across the room, their eyes meet and hold, conveying unspoken emotions.","romance_core, relationship_conflict","setting:room, activity:staring",False,"jamesona, milesa, proves, stammers, stares, rolls, sits, imagine, transferring, laughs",Silent Staring Conversation,"setting:room, activity:staring",I_humor_lightness,I) Humor / Lightness,comic relief / breezy tone proxies
152,4.2,"Bonding, Everyday Intimacy & Growth",Relationship Trajectory (Main Couple),,,,medium,False,R2,Heroine reacts antagonistically to the hero,I,Initial Conflict & Isolation,False,medium,Hesitant Glances At Market,"She hesitates, her gaze lingering on him as he walks away from the market.","romance_core, social_setting","setting:market, activity:staring",False,"valentinaa, valentinoa, looks, smiles, gaze, hesitates, nod, grandmother, stares, market",Hesitant Glances At Market,"setting:market, activity:staring",I_humor_lightness,I) Humor / Lightness,comic relief / breezy tone proxies
158,2.2,Kissing & Non-Explicit Affection,"Sexuality, Attraction & Intimacy",4.1,"Meeting, First Impressions & Setup",Relationship Trajectory (Main Couple),medium,False,R8,Hero treats heroine tenderly,II,Turning Point & Recognition,False,medium,Road Trip Flirtation,"She and Lukas shared breathless, unblinking moments in the car, his murmurs and intense looks hinting at something more.","romance_core, physical_affection","setting:car, activity:flirting",False,"murmured, smirked, saraa, liaa, laughed, humorously, watched, soa, grinned, thoroughly",Road Trip Flirtation,"setting:car, activity:flirting",I_humor_lightness,I) Humor / Lightness,comic relief / breezy tone proxies
210,4.2,"Bonding, Everyday Intimacy & Growth",Relationship Trajectory (Main Couple),8.1,Domestic Spaces & Routines,"Spaces, Time, Activities & Objects",high,False,R8,Hero treats heroine tenderly,II,Turning Point & Recognition,False,medium,Reunion Conversation In Car,"The couple, reunited after years, converse in a parked car, reminiscing about their past and exploring their feelings.","romance_core, relationship_conflict","setting:car, activity:conversing",False,"emerya, ensemble, muttered, groaned, asked, jensena, gesturing, laughed, reunion, feelings",Reunion Conversation In Car,"setting:car, activity:conversing",I_humor_lightness,I) Humor / Lightness,comic relief / breezy tone proxies
306,4.2,"Bonding, Everyday Intimacy & Growth",Relationship Trajectory (Main Couple),,,,high,False,R9,Heroine responds warmly to hero's tenderness,II,Turning Point & Recognition,False,low,Playful Laughter In Fun Setting,The couple laughs and grins at each other while enjoying a humorous moment together in a fun setting.,,,False,"laughs, laugh, laughter, grins, holidays, resuscitation, issuesa, giggles, amphitheater, humorous",Playful Laughter In Fun Setting,,I_humor_lightness,I) Humor / Lightness,comic relief / breezy tone proxies
330,4.2,"Bonding, Everyday Intimacy & Growth",Relationship Trajectory (Main Couple),,,,high,False,R8,Hero treats heroine tenderly,II,Turning Point & Recognition,False,medium,Smiling And Laughing Together,"The couple, smiling and laughing, shares playful moments together.","romance_core, physical_affection","setting:various, activity:laughing, activity:smiling",False,"marleya, confidante, splutters, goofily, pleads, kicking, suma, ra, stylist, glance",Smiling And Laughing Together,"setting:various, activity:laughing, activity:smiling",I_humor_lightness,I) Humor / Lightness,comic relief / breezy tone proxies
334,4.2,"Bonding, Everyday Intimacy & Growth",Relationship Trajectory (Main Couple),,,,medium,False,R9,Heroine responds warmly to hero's tenderness,II,Turning Point & Recognition,False,low,Resolute Nodding Agreement,She nodded resolutely in agreement during a prolonged conversation.,"romance_core, domestic_life","setting:table, activity:nodding",False,"nodded, enthusiastically, solemnly, smiled, politely, chewed, slowly, encouragingly, perfunctory, declarations",Resolute Nodding Agreement,"setting:table, activity:nodding",I_humor_lightness,I) Humor / Lightness,comic relief / breezy tone proxies
4,4.3,"Secrets, Misunderstandings & Hidden Information",Relationship Trajectory (Main Couple),,,,medium,False,R7,Hero and heroine are physically or emotionally separated,I,Initial Conflict & Isolation,False,medium,Unclear Relationship Feelings,The couple expresses confusion about their relationship status and past behavior.,"romance_core, relationship_conflict","setting:home, activity:conversation",False,"seen, felt, ia, wanted, hea, experienced, loved, dated, thought, told",Unclear Relationship Feelings,"setting:home, activity:conversation",J_social_support_kin,J) Social Support / Kin,stable social buffering around couple
16,5.1,Family & Kinship,Social World Outside Couple,,,,high,False,none,None of the above,NA,Not a narrative function,True,high,Intergenerational Family Bonding,"The youngest grandson sits with his older uncles, reminiscing about their fathers' shared history.","domestic_life, relationship_conflict","setting:home, activity:reminiscing",False,"fathera, parents, died, dada, older, fathers, children, kids, grandson, hea",Intergenerational Family Bonding,"setting:home, activity:reminiscing",J_social_support_kin,J) Social Support / Kin,stable social buffering around couple
28,4.4,"Conflict, Distance & Breakup Threats",Relationship Trajectory (Main Couple),,,,medium,False,R7,Hero and heroine are physically or emotionally separated,I,Initial Conflict & Isolation,False,medium,Unclear Feelings Conversation,"The couple sits at a table, struggling to express their feelings.","romance_core, relationship_conflict","setting:table, activity:conversation",False,"dona, want, say, need, think, talk, really, anymore, anybody, flatter",Unclear Feelings Conversation,"setting:table, activity:conversation",J_social_support_kin,J) Social Support / Kin,stable social buffering around couple
44,5.1,Family & Kinship,Social World Outside Couple,4.4,"Conflict, Distance & Breakup Threats",Relationship Trajectory (Main Couple),high,False,R7,Hero and heroine are physically or emotionally separated,I,Initial Conflict & Isolation,False,medium,Mother-player Relationship Struggles,the player struggles with his mother's expectations and emotional state in their home.,"romance_core, relationship_conflict","setting:home, activity:arguing",False,"mothera, moma, stepmother, died, mamaa, moms, motherhood, telling, tell, traumatizing",Mother-player Relationship Struggles,"setting:home, activity:arguing",J_social_support_kin,J) Social Support / Kin,stable social buffering around couple
50,4.4,"Conflict, Distance & Breakup Threats",Relationship Trajectory (Main Couple),,,,medium,False,R7,Hero and heroine are physically or emotionally separated,I,Initial Conflict & Isolation,False,medium,Unclear Relationship Feelings,"The couple sits in the car, struggling to express their uncertain emotions.","romance_core, relationship_conflict","setting:car, activity:discussion",False,"didna, didn, wasna, wouldna, couldna, hadna, wasn, couldn, idea, hadn",Unclear Relationship Feelings,"setting:car, activity:discussion",J_social_support_kin,J) Social Support / Kin,stable social buffering around couple
52,4.3,"Secrets, Misunderstandings & Hidden Information",Relationship Trajectory (Main Couple),3.3,Ambivalence & Internal Conflict,"Emotions, Cognition & Inner Life",medium,False,R3,Hero responds ambiguously to heroine,I,Initial Conflict & Isolation,False,medium,Unclear Relationship Feelings,"He wanted to understand everything about her, but her past caught up with them at home.","romance_core, relationship_conflict","setting:home, activity:investigation",False,"sama, www, didn, event, mocking, muttered, answered, masculine, shattering, unethical",Unclear Relationship Feelings,"setting:home, activity:investigation",J_social_support_kin,J) Social Support / Kin,stable social buffering around couple
62,4.3,"Secrets, Misunderstandings & Hidden Information",Relationship Trajectory (Main Couple),,,,high,False,R7,Hero and heroine are physically or emotionally separated,I,Initial Conflict & Isolation,False,medium,Months Of Careful Lies,"He carefully lies about his past, trying to hide his true self from her.","relationship_conflict, domestic_life","setting:home, activity:lying",False,"josha, declana, woulda, didna, months, med, frienda, chess, situation, careful",Months Of Careful Lies,"setting:home, activity:lying",J_social_support_kin,J) Social Support / Kin,stable social buffering around couple
79,5.1,Family & Kinship,Social World Outside Couple,,,,high,False,none,None of the above,NA,Not a narrative function,True,high,Grandmother's Tears,"The grandmother cries wide-eyed, muttering to herself in the kitchen chairs.","romance_core, domestic_life","setting:kitchen, activity:crying",False,"daisya, rule, replies, grandmother, whispers, says, remya, needs, cries, freezes",Grandmother's Tears,"setting:kitchen, activity:crying",J_social_support_kin,J) Social Support / Kin,stable social buffering around couple
81,5.1,Family & Kinship,Social World Outside Couple,,,,high,False,none,None of the above,NA,Not a narrative function,True,high,Family Discussion Around Table,"The family sits around the table, discussing their wants and needs.","domestic_life, relationship_conflict","setting:kitchen, activity:discussion",False,"parents, children, kids, families, familya, aunts, uncles, parentsa, theya, grow",Family Discussion Around Table,"setting:kitchen, activity:discussion",J_social_support_kin,J) Social Support / Kin,stable social buffering around couple
87,4.4,"Conflict, Distance & Breakup Threats",Relationship Trajectory (Main Couple),,,,high,False,R7,Hero and heroine are physically or emotionally separated,I,Initial Conflict & Isolation,False,high,Unclear Relationship Feelings,The couple argues about their relationship status in the kitchen.,"romance_core, relationship_conflict","setting:kitchen, activity:arguing",False,"leave, leaving, walk, left, need, leta, run, needed, fleeing, unscathed",Unclear Relationship Feelings,"setting:kitchen, activity:arguing",J_social_support_kin,J) Social Support / Kin,stable social buffering around couple
93,5.1,Family & Kinship,Social World Outside Couple,4.5,"Reconciliation, Commitments & HEA",Relationship Trajectory (Main Couple),high,False,R13,Heroine's identity is restored,III,Commitment & Restoration,False,medium,Family Apologies And Reconciliation,"The family gathers around the table, with parents and siblings present, as apologies are exchanged and past faults are addressed.","domestic_life, relationship_conflict","setting:table, activity:apologizing",False,"parents, apologies, died, sister, ex, dada, brogue, pleasure, woozy, daughter",Family Apologies And Reconciliation,"setting:table, activity:apologizing",J_social_support_kin,J) Social Support / Kin,stable social buffering around couple
98,5.1,Family & Kinship,Social World Outside Couple,4.3,"Secrets, Misunderstandings & Hidden Information",Relationship Trajectory (Main Couple),high,False,none,None of the above,NA,Not a narrative function,True,high,Parental Warning About Engagement,"Dante's parents warn him about his engagement, expressing their concerns.","relationship_conflict, domestic_life","setting:home, activity:warning",False,"dantea, engagement, pudding, glinted, granite, excused, growled, parents, assault, warning",Parental Warning About Engagement,"setting:home, activity:warning",J_social_support_kin,J) Social Support / Kin,stable social buffering around couple
101,5.1,Family & Kinship,Social World Outside Couple,,,,high,False,none,None of the above,NA,Not a narrative function,True,high,Sister's Tragic Letters,The writer reads his sister's tragic letters in the library.,"romance_core, relationship_conflict","setting:library, activity:reading",False,"gretchena, bronta, library, letter, letters, kleenex, headed, writer, gave, racked",Sister's Tragic Letters,"setting:library, activity:reading",J_social_support_kin,J) Social Support / Kin,stable social buffering around couple
104,5.1,Family & Kinship,Social World Outside Couple,3.2,Negative Emotions & Distress,"Emotions, Cognition & Inner Life",medium,False,none,None of the above,NA,Not a narrative function,True,high,Sister's Confusing Admissions,"Kelsea struggles to understand her sister's cryptic, emotional admissions.","relationship_conflict, domestic_life","setting:home, activity:confession",False,"kelseya, asks, says, pigeon, uh, helpful, sustainable, excited, cork, answers",Sister's Confusing Admissions,"setting:home, activity:confession",J_social_support_kin,J) Social Support / Kin,stable social buffering around couple
107,4.4,"Conflict, Distance & Breakup Threats",Relationship Trajectory (Main Couple),,,,medium,False,R7,Hero and heroine are physically or emotionally separated,I,Initial Conflict & Isolation,False,medium,Unclear Relationship Feelings,"The couple sits at the table, struggling to express their true feelings.","romance_core, relationship_conflict","setting:table, activity:discussion",False,"wasna, didna, matter, sense, true, couldna, happen, happening, hadna, mattered",Unclear Relationship Feelings,"setting:table, activity:discussion",J_social_support_kin,J) Social Support / Kin,stable social buffering around couple
113,5.1,Family & Kinship,Social World Outside Couple,,,,medium,False,none,None of the above,NA,Not a narrative function,True,high,Sister's Drug Struggle,"The sister, determined to help, visits Daphne in her apartment.","relationship_conflict, domestic_life","setting:apartment, activity:visiting",False,"daphnea, audreya, drugs, curious, sister, shrugged, volunteer, continued, suspected, labela",Sister's Drug Struggle,"setting:apartment, activity:visiting",J_social_support_kin,J) Social Support / Kin,stable social buffering around couple
130,5.1,Family & Kinship,Social World Outside Couple,,,,medium,False,none,None of the above,NA,Not a narrative function,True,high,Sister's Confusing Admissions,"The sister confesses her struggles and secrets to her sibling in a quiet, intense conversation.","relationship_conflict, domestic_life","setting:home, activity:confession",False,"says, told, argues, replied, offered, asked, promised, prospect, unconvinced, panted",Sister's Confusing Admissions,"setting:home, activity:confession",J_social_support_kin,J) Social Support / Kin,stable social buffering around couple
134,5.1,Family & Kinship,Social World Outside Couple,4.3,"Secrets, Misunderstandings & Hidden Information",Relationship Trajectory (Main Couple),medium,False,R7,Hero and heroine are physically or emotionally separated,I,Initial Conflict & Isolation,False,medium,Sister's Confusing Admissions,The sister confesses her feelings and secrets to her player sibling in a private conversation.,"relationship_conflict, domestic_life","setting:private_conversation, activity:confessing",False,"cadea, audreya, archera, necks, daphnea, glanced, told, curious, breakthroughs, campus",Sister's Confusing Admissions,"setting:private_conversation, activity:confessing",J_social_support_kin,J) Social Support / Kin,stable social buffering around couple
149,4.4,"Conflict, Distance & Breakup Threats",Relationship Trajectory (Main Couple),,,,medium,False,R7,Hero and heroine are physically or emotionally separated,I,Initial Conflict & Isolation,False,medium,Manager's Disappointed Moment,"The manager, dejected, frowns at a gathering of friends who seem distracted.","relationship_conflict, domestic_life","setting:gathering, activity:frowning",False,"logana, bronta, grunted, suspected, manager, pursued, recall, populara, manya, buddies",Manager's Disappointed Moment,"setting:gathering, activity:frowning",J_social_support_kin,J) Social Support / Kin,stable social buffering around couple
154,5.1,Family & Kinship,Social World Outside Couple,3.2,Negative Emotions & Distress,"Emotions, Cognition & Inner Life",high,False,none,None of the above,NA,Not a narrative function,True,high,Unexpected Pregnancy,"She realizes she's pregnant, grappling with the unplanned news.","relationship_conflict, domestic_life","setting:home, activity:realization",False,"pregnancy, test, unplanned, weeks, months, fianca, birth, conception, injection, childbirth",Unexpected Pregnancy,"setting:home, activity:realization",J_social_support_kin,J) Social Support / Kin,stable social buffering around couple
172,4.3,"Secrets, Misunderstandings & Hidden Information",Relationship Trajectory (Main Couple),,,,medium,False,R2,Heroine reacts antagonistically to the hero,I,Initial Conflict & Isolation,False,medium,Unclear Relationship Feelings,Stella and the unnamed narrator exchange uncertain glances and have a conversation about their relationship.,"romance_core, relationship_conflict","setting:kitchen, activity:conversation",False,"stellaa, avaa, resurfaced, julesa, unrecognizable, musta, bridgeta, widened, parted, woulda",Unclear Relationship Feelings,"setting:kitchen, activity:conversation",J_social_support_kin,J) Social Support / Kin,stable social buffering around couple
199,4.3,"Secrets, Misunderstandings & Hidden Information",Relationship Trajectory (Main Couple),,,,medium,False,R7,Hero and heroine are physically or emotionally separated,I,Initial Conflict & Isolation,False,medium,Apprehensive Password Exchange,"She hesitates before sharing her password, feeling apprehensive about the figurative implications.","relationship_conflict, domestic_life","setting:laptop_or_phone, activity:hesitating",False,"liaa, case, password, owners, kick, danish, perking, disappear, ehhh, happening",Apprehensive Password Exchange,"setting:laptop_or_phone, activity:hesitating",J_social_support_kin,J) Social Support / Kin,stable social buffering around couple
200,5.1,Family & Kinship,Social World Outside Couple,,,,high,False,none,None of the above,NA,Not a narrative function,True,high,Siblings' Confusing Disclosure,A sister and her older sibling have a tense conversation about a hidden truth.,"relationship_conflict, domestic_life","setting:home, activity:arguing",False,"sister, sistera, partnera, niece, daughter, older, disclosure, mask, members, sibling",Siblings' Confusing Disclosure,"setting:home, activity:arguing",J_social_support_kin,J) Social Support / Kin,stable social buffering around couple
201,4.4,"Conflict, Distance & Breakup Threats",Relationship Trajectory (Main Couple),,,,high,False,R2,Heroine reacts antagonistically to the hero,I,Initial Conflict & Isolation,False,medium,Jealousy Conversation,The couple discusses their feelings of jealousy and irrational thoughts.,"relationship_conflict, domestic_life","setting:living_room, activity:arguing",False,"jealous, jealousy, tribute, irrationally, envious, mediocre, elderly, envy, girlfriend, pang",Jealousy Conversation,"setting:living_room, activity:arguing",J_social_support_kin,J) Social Support / Kin,stable social buffering around couple
222,4.4,"Conflict, Distance & Breakup Threats",Relationship Trajectory (Main Couple),8.1,Domestic Spaces & Routines,"Spaces, Time, Activities & Objects",high,False,R7,Hero and heroine are physically or emotionally separated,I,Initial Conflict & Isolation,False,medium,Trash Can Trial,The couple argues near the trash can during a heated discussion.,"relationship_conflict, domestic_life","setting:kitchen, activity:arguing",False,"yeah, benjamina, aftera, trial, hauled, sale, rode, goda, wella, sistera",Trash Can Trial,"setting:kitchen, activity:arguing",J_social_support_kin,J) Social Support / Kin,stable social buffering around couple
236,4.4,"Conflict, Distance & Breakup Threats",Relationship Trajectory (Main Couple),,,,medium,False,R7,Hero and heroine are physically or emotionally separated,I,Initial Conflict & Isolation,False,medium,Sarcastic Jokes,"She laughs at his sarcastic jokes, but feels uncomfortable with their lack of genuine humor.","romance_core, relationship_conflict","setting:conversation, activity:sarcasm",False,"joke, funny, jokea, whata, amusing, isna, sick, sarcasm, somethinga, freakin",Sarcastic Jokes,"setting:conversation, activity:sarcasm",J_social_support_kin,J) Social Support / Kin,stable social buffering around couple
272,4.4,"Conflict, Distance & Breakup Threats",Relationship Trajectory (Main Couple),,,,high,False,R7,Hero and heroine are physically or emotionally separated,I,Initial Conflict & Isolation,False,high,Reluctant Relationship Talk,"She hesitates, then says 'no' to his advances, sparking a conversation about their relationship.","relationship_conflict, romance_core","setting:bedroom, activity:talking",False,"answered, says, told, tell, quickly, asks, assured, reada, girlfriend, introduce",Reluctant Relationship Talk,"setting:bedroom, activity:talking",J_social_support_kin,J) Social Support / Kin,stable social buffering around couple
293,4.4,"Conflict, Distance & Breakup Threats",Relationship Trajectory (Main Couple),,,,high,False,R7,Hero and heroine are physically or emotionally separated,I,Initial Conflict & Isolation,False,medium,Talking About Relationship,"The couple sits at a table, discussing their relationship dynamics and feelings.","romance_core, relationship_conflict","setting:table, activity:talking",False,"jensena, fixer, total, complaining, pained, adviser, outmaneuvered, rewritten, flittered, spat",Talking About Relationship,"setting:table, activity:talking",J_social_support_kin,J) Social Support / Kin,stable social buffering around couple
295,4.4,"Conflict, Distance & Breakup Threats",Relationship Trajectory (Main Couple),,,,high,False,R7,Hero and heroine are physically or emotionally separated,I,Initial Conflict & Isolation,False,medium,Argument About Betrayal,"He bit back the words about Alex's betrayal, his heart sinking as he followed her mother into the house.","relationship_conflict, domestic_life","setting:home, activity:argument",False,"alexaa, spell, bookcrazy, execute, spells, explosion, grateful, shared, friend, dazed",Argument About Betrayal,"setting:home, activity:argument",J_social_support_kin,J) Social Support / Kin,stable social buffering around couple
322,4.4,"Conflict, Distance & Breakup Threats",Relationship Trajectory (Main Couple),,,,high,False,R7,Hero and heroine are physically or emotionally separated,I,Initial Conflict & Isolation,False,low,Scornful Head Shaking,He scornfully shakes his head at her.,"relationship_conflict, domestic_life","setting:home, activity:arguing",False,"shook, head, shaking, dislodge, scornful, lockdown, graying, slightly, behavior, chortled",Scornful Head Shaking,"setting:home, activity:arguing",J_social_support_kin,J) Social Support / Kin,stable social buffering around couple
329,5.1,Family & Kinship,Social World Outside Couple,,,,high,False,none,None of the above,NA,Not a narrative function,True,high,Parenting And Care Routine,"The couple ensures their child is safe and cared for, preparing formula and putting them to sleep.","domestic_life, relationship_conflict","setting:bedroom, activity:parenting, relationship:family",False,"remya, dependable, coos, wails, parenting, competent, guardian, having, raise, formula",Parenting And Care Routine,"setting:bedroom, activity:parenting, relationship:family",J_social_support_kin,J) Social Support / Kin,stable social buffering around couple
332,4.3,"Secrets, Misunderstandings & Hidden Information",Relationship Trajectory (Main Couple),,,,high,False,R7,Hero and heroine are physically or emotionally separated,I,Initial Conflict & Isolation,False,medium,Keeping Secrets,"The couple exchanges furtive glances and hushed words, guarding their secret from prying eyes.",,,False,"secrets, confidential, secrecy, keeping, secretive, discreet, kept, identity, sneaking, spilling",Keeping Secrets,,J_social_support_kin,J) Social Support / Kin,stable social buffering around couple
33,6.1,Hero's Elite Work & Business World,"Work, Wealth, Status & Institutions",,,,high,False,none,None of the above,NA,Not a narrative function,True,high,Business Discussion,The couple discusses business matters at the dinner table.,"domestic_life, work_or_school","setting:dinner_table, activity:discussion",False,"business, company, dollars, pay, job, million, thousand, paid, investment, cost",Business Discussion,"setting:dinner_table, activity:discussion",K_professional_intrusion,K) Professional Intrusion,workplace and institutional texture
60,6.1,Hero's Elite Work & Business World,"Work, Wealth, Status & Institutions",,,,high,False,none,None of the above,NA,Not a narrative function,True,high,Boss's Boss Interaction,The employee interacts with their boss's boss in a professional setting.,"work_or_school, relationship_conflict","setting:office, activity:discussion",False,"bossa, ceos, employee, bosses, board, company, manager, job, hea, youa",Boss's Boss Interaction,"setting:office, activity:discussion",K_professional_intrusion,K) Professional Intrusion,workplace and institutional texture
109,6.1,Hero's Elite Work & Business World,"Work, Wealth, Status & Institutions",,,,high,False,none,None of the above,NA,Not a narrative function,True,high,Wealthy Businessman's Lifestyle,The wealthy businessman discusses business deals over dinner at an upscale restaurant.,"social_setting, romance_core","setting:restaurant, activity:discussing_business",False,"wealthy, richest, millionaire, eligible, billionairea, wealthiest, wealth, worlda, billion, world",Wealthy Businessman's Lifestyle,"setting:restaurant, activity:discussing_business",K_professional_intrusion,K) Professional Intrusion,workplace and institutional texture
118,6.1,Hero's Elite Work & Business World,"Work, Wealth, Status & Institutions",,,,high,False,none,None of the above,NA,Not a narrative function,True,high,Boardroom Negotiation,"The couple sits across from each other at a boardroom table, discussing a business deal.","romance_core, work_or_school","setting:boardroom, activity:negotiating",False,"holta, donovana, doesna, zullya, addressing, lets, publicity, finds, knows, forthcoming",Boardroom Negotiation,"setting:boardroom, activity:negotiating",K_professional_intrusion,K) Professional Intrusion,workplace and institutional texture
151,6.1,Hero's Elite Work & Business World,"Work, Wealth, Status & Institutions",,,,high,False,none,None of the above,NA,Not a narrative function,True,high,Negotiating Business Deal,"The couple sits around a table, discussing strategies and terms for a business deal.","domestic_life, work_or_school","setting:table, activity:discussing",False,"leta, shall, suggested, leave, says, talk, walk, outside, trickle, technique",Negotiating Business Deal,"setting:table, activity:discussing",K_professional_intrusion,K) Professional Intrusion,workplace and institutional texture
187,6.1,Hero's Elite Work & Business World,"Work, Wealth, Status & Institutions",,,,high,False,none,None of the above,NA,Not a narrative function,True,high,Political Planning Session,"Politicians gather around a table, discussing feasible action plans and conditions.","domestic_life, work_or_school","setting:table, activity:planning",False,"plan, plans, work, united, conditions, figure, suited, states, planning, bantered",Political Planning Session,"setting:table, activity:planning",K_professional_intrusion,K) Professional Intrusion,workplace and institutional texture
191,6.1,Hero's Elite Work & Business World,"Work, Wealth, Status & Institutions",,,,high,False,none,None of the above,NA,Not a narrative function,True,high,Business Meeting With Client,"Eddie meets with a client in an office, discussing business and his role in the company.","romance_core, work_or_school","setting:office, activity:discussing_business",False,"eddiea, wasn, onboarding, didn, couldn, blinked, mitchella, meeting, complied, karaoke",Business Meeting With Client,"setting:office, activity:discussing_business",K_professional_intrusion,K) Professional Intrusion,workplace and institutional texture
195,6.1,Hero's Elite Work & Business World,"Work, Wealth, Status & Institutions",,,,high,False,none,None of the above,NA,Not a narrative function,True,high,Business Deal Negotiation,"The couple, seated around a table, engages in intense negotiations over a business deal.","romance_core, domestic_life","setting:table, activity:negotiating",False,"spoke, asked, cartera, walked, reservation, blakea, noraa, smiled, pro, standards",Business Deal Negotiation,"setting:table, activity:negotiating",K_professional_intrusion,K) Professional Intrusion,workplace and institutional texture
212,6.3,Shared Workplaces & Professional Interaction,"Work, Wealth, Status & Institutions",,,,high,False,none,None of the above,NA,Not a narrative function,True,high,Office Work At Desk,"She sits at her desk in the office, staring at her computer screen.","domestic_life, work_or_school","setting:office, activity:working",False,"desk, screen, laptop, monitor, office, stare, papers, drawer, chair, paperweight",Office Work At Desk,"setting:office, activity:working",K_professional_intrusion,K) Professional Intrusion,workplace and institutional texture
223,6.1,Hero's Elite Work & Business World,"Work, Wealth, Status & Institutions",,,,high,False,none,None of the above,NA,Not a narrative function,True,high,Work-related Presentation,The couple discusses work and expectations in the office before the presentation.,"romance_core, domestic_life","setting:office, activity:discussing",False,"wea, work, need, talked, presentation, whatevera, talk, discuss, adults, handle",Work-related Presentation,"setting:office, activity:discussing",K_professional_intrusion,K) Professional Intrusion,workplace and institutional texture
259,6.2,Heroine's Work & Professional Identity,"Work, Wealth, Status & Institutions",,,,high,False,none,None of the above,NA,Not a narrative function,True,high,Work At Desk,"She sits behind her desk, worried, as she waits for news on her computer.","domestic_life, work_or_school","setting:office, activity:waiting",False,"desk, laptop, papers, office, cubicle, stack, screen, paper, chair, seat",Work At Desk,"setting:office, activity:waiting",K_professional_intrusion,K) Professional Intrusion,workplace and institutional texture
277,6.1,Hero's Elite Work & Business World,"Work, Wealth, Status & Institutions",,,,high,False,none,None of the above,NA,Not a narrative function,True,high,Business Deal Negotiation,"He sits across the table, negotiating business terms with a potential investor.","business_or_work, social_setting","setting:office, activity:negotiating",False,"company, buy, profits, business, companies, funds, paid, businesses, successes, millions",Business Deal Negotiation,"setting:office, activity:negotiating",K_professional_intrusion,K) Professional Intrusion,workplace and institutional texture
296,6.1,Hero's Elite Work & Business World,"Work, Wealth, Status & Institutions",4.1,"Meeting, First Impressions & Setup",Relationship Trajectory (Main Couple),high,False,none,None of the above,NA,Not a narrative function,True,high,Business Meeting Negotiation,The couple discusses business terms in an office setting.,"domestic_life, sexual_content","setting:office, activity:negotiating",False,"meeting, office, meetings, board, offices, conference, tomorrow, engineering, noon, business",Business Meeting Negotiation,"setting:office, activity:negotiating",K_professional_intrusion,K) Professional Intrusion,workplace and institutional texture
298,6.1,Hero's Elite Work & Business World,"Work, Wealth, Status & Institutions",,,,high,False,none,None of the above,NA,Not a narrative function,True,high,Business Expansion Negotiation,"The stocky, brown-haired man, Travis, negotiates a business deal in his office, aiming to launch himself into the top ranks of Texas developers.","business_or_work, domestic_life","setting:office, activity:negotiating",False,"aren, jail, nightlife, means, fatherless, haired, undisclosed, lizards, derision, inspires",Business Expansion Negotiation,"setting:office, activity:negotiating",K_professional_intrusion,K) Professional Intrusion,workplace and institutional texture
309,6.1,Hero's Elite Work & Business World,"Work, Wealth, Status & Institutions",,,,high,False,none,None of the above,NA,Not a narrative function,True,high,Contract Negotiation,The couple discusses and negotiates the terms of a contract around a table.,,,False,"contract, signed, contracts, sign, clause, dalliances, promissory, signing, read, contracta",Contract Negotiation,,K_professional_intrusion,K) Professional Intrusion,workplace and institutional texture
316,6.2,Heroine's Work & Professional Identity,"Work, Wealth, Status & Institutions",,,,high,False,none,None of the above,NA,Not a narrative function,True,high,Office Work At Desk,"He sits behind his desk, focused on work-related tasks.","domestic_life, work_or_school","setting:office, activity:working",False,"desk, papers, sitting, sits, office, sat, chair, seated, monitor, walks",Office Work At Desk,"setting:office, activity:working",K_professional_intrusion,K) Professional Intrusion,workplace and institutional texture
326,6.1,Hero's Elite Work & Business World,"Work, Wealth, Status & Institutions",,,,high,False,none,None of the above,NA,Not a narrative function,True,high,Business Call Negotiation,The couple discusses business terms over the phone in their home office.,"domestic_life, work_or_school","setting:home_office, activity:phone_call",False,"calling, called, anytime, earliest, calls, later, convenience, alright, pressa, newsa",Business Call Negotiation,"setting:home_office, activity:phone_call",K_professional_intrusion,K) Professional Intrusion,workplace and institutional texture
343,6.1,Hero's Elite Work & Business World,"Work, Wealth, Status & Institutions",,,,high,False,none,None of the above,NA,Not a narrative function,True,high,Business Attire In Office,"He, dressed in a crisp navy suit and tie, stands in his office, negotiating a business deal.","business_setting, romance_core","setting:office, activity:negotiating",False,"navy, tie, wearing, crisp, shirt, tailored, charcoal, perfectly, custom, wore",Business Attire In Office,"setting:office, activity:negotiating",K_professional_intrusion,K) Professional Intrusion,workplace and institutional texture
348,6.1,Hero's Elite Work & Business World,"Work, Wealth, Status & Institutions",5.2,Friends & Social Circles,Social World Outside Couple,high,False,none,None of the above,NA,Not a narrative function,True,high,Seminar Networking,Business-minded attendees connect and discuss opportunities during a seminar.,"social_setting, work_or_school","setting:seminar, activity:discussing",False,"seminar, swallowed, received, geniuses, brochures, slackened, clients, spiel, didn, pharmaceuticals",Seminar Networking,"setting:seminar, activity:discussing",K_professional_intrusion,K) Professional Intrusion,workplace and institutional texture
61,4.5,"Reconciliation, Commitments & HEA",Relationship Trajectory (Main Couple),3.1,Positive Emotions & Security,"Emotions, Cognition & Inner Life",high,False,R10,Heroine reinterprets hero's behaviour as result of previous hurt,II,Turning Point & Recognition,False,medium,Apology And Forgiveness,"She apologizes for her mistake, and he forgives her, leading to a moment of emotional connection.","romance_core, relationship_conflict","setting:home, activity:apologizing",False,"apologize, forgive, sorry, apology, apologized, apologizing, forgiveness, forgiven, apologies, profusely",Apology And Forgiveness,"setting:home, activity:apologizing",N_separation_reunion,N) Separation / Reunion,breakup → reunion arc
65,4.4,"Conflict, Distance & Breakup Threats",Relationship Trajectory (Main Couple),,,,medium,False,R7,Hero and heroine are physically or emotionally separated,I,Initial Conflict & Isolation,False,medium,Apologetic Excuse Me,"She hesitates, then says 'excuse me' in a soft, uncertain voice.","relationship_conflict, romance_core","setting:none, activity:saying_sorry",False,"excuse, aye, alright, look, ew, excellent, bye, called, lottiea, buta",Apologetic Excuse Me,"setting:none, activity:saying_sorry",N_separation_reunion,N) Separation / Reunion,breakup → reunion arc
87,4.4,"Conflict, Distance & Breakup Threats",Relationship Trajectory (Main Couple),,,,high,False,R7,Hero and heroine are physically or emotionally separated,I,Initial Conflict & Isolation,False,high,Unclear Relationship Feelings,The couple argues about their relationship status in the kitchen.,"romance_core, relationship_conflict","setting:kitchen, activity:arguing",False,"leave, leaving, walk, left, need, leta, run, needed, fleeing, unscathed",Unclear Relationship Feelings,"setting:kitchen, activity:arguing",N_separation_reunion,N) Separation / Reunion,breakup → reunion arc
268,4.4,"Conflict, Distance & Breakup Threats",Relationship Trajectory (Main Couple),,,,medium,False,R7,Hero and heroine are physically or emotionally separated,I,Initial Conflict & Isolation,False,medium,Emotional Conversation Around Table,"The couple sits at a table, engaged in a deep, emotional conversation.","romance_core, relationship_conflict","setting:table, activity:conversation",False,"ameliea, diary, frowns, tosses, widens, pouts, gaze, glances, breaks, props",Emotional Conversation Around Table,"setting:table, activity:conversation",N_separation_reunion,N) Separation / Reunion,breakup → reunion arc
273,4.4,"Conflict, Distance & Breakup Threats",Relationship Trajectory (Main Couple),,,,high,False,R10,Heroine reinterprets hero's behaviour as result of previous hurt,II,Turning Point & Recognition,False,high,Tearful Apology,"She, tears streaming down her face, apologizes to him in a soft, contrite voice.","romance_core, relationship_conflict","setting:bedroom, activity:apologizing",False,"sorry, apologize, apology, ia, apologized, whispered, ruined, apologizing, truly, hastily",Tearful Apology,"setting:bedroom, activity:apologizing",N_separation_reunion,N) Separation / Reunion,breakup → reunion arc
341,4.4,"Conflict, Distance & Breakup Threats",Relationship Trajectory (Main Couple),,,,high,False,R7,Hero and heroine are physically or emotionally separated,I,Initial Conflict & Isolation,False,high,Reunion After Argument,"After a heated argument, he hesitates but ultimately decides not to leave her.","relationship_conflict, romance_core","setting:home, activity:arguing, activity:reunion",False,"leaving, mirandaa, disrespectful, hadna, replacement, coolly, reunion, bogged, realizations, supplication",Reunion After Argument,"setting:home, activity:arguing, activity:reunion",N_separation_reunion,N) Separation / Reunion,breakup → reunion arc
312,1.1,Body Parts & Physical Reactions,Embodied & Sensory Experience,,,,high,False,none,None of the above,NA,Not a narrative function,True,high,Stubble And Tousled Hair,"He runs a hand through his tousled hair, dark stubble dappling his chin.","romance_core, physical_affection","setting:bedroom, activity:grooming",False,"hair, stubble, shaved, forehead, tousled, shaven, shave, mussed, scruff, shadow",Stubble And Tousled Hair,"setting:bedroom, activity:grooming",O_aesthetics_appearance,O) Aesthetics / Appearance,personal appearance & presentation
4,4.3,"Secrets, Misunderstandings & Hidden Information",Relationship Trajectory (Main Couple),,,,medium,False,R7,Hero and heroine are physically or emotionally separated,I,Initial Conflict & Isolation,False,medium,Unclear Relationship Feelings,The couple expresses confusion about their relationship status and past behavior.,"romance_core, relationship_conflict","setting:home, activity:conversation",False,"seen, felt, ia, wanted, hea, experienced, loved, dated, thought, told",Unclear Relationship Feelings,"setting:home, activity:conversation",Q_miscommunication,Q) Miscommunication & Conflict,"secrets, misunderstandings, conflict"
52,4.3,"Secrets, Misunderstandings & Hidden Information",Relationship Trajectory (Main Couple),3.3,Ambivalence & Internal Conflict,"Emotions, Cognition & Inner Life",medium,False,R3,Hero responds ambiguously to heroine,I,Initial Conflict & Isolation,False,medium,Unclear Relationship Feelings,"He wanted to understand everything about her, but her past caught up with them at home.","romance_core, relationship_conflict","setting:home, activity:investigation",False,"sama, www, didn, event, mocking, muttered, answered, masculine, shattering, unethical",Unclear Relationship Feelings,"setting:home, activity:investigation",Q_miscommunication,Q) Miscommunication & Conflict,"secrets, misunderstandings, conflict"
62,4.3,"Secrets, Misunderstandings & Hidden Information",Relationship Trajectory (Main Couple),,,,high,False,R7,Hero and heroine are physically or emotionally separated,I,Initial Conflict & Isolation,False,medium,Months Of Careful Lies,"He carefully lies about his past, trying to hide his true self from her.","relationship_conflict, domestic_life","setting:home, activity:lying",False,"josha, declana, woulda, didna, months, med, frienda, chess, situation, careful",Months Of Careful Lies,"setting:home, activity:lying",Q_miscommunication,Q) Miscommunication & Conflict,"secrets, misunderstandings, conflict"
63,4.3,"Secrets, Misunderstandings & Hidden Information",Relationship Trajectory (Main Couple),,,,high,False,R7,Hero and heroine are physically or emotionally separated,I,Initial Conflict & Isolation,False,medium,Deceptive Relationship,"She lies to him about her whereabouts, trying to hide her true feelings.","romance_core, relationship_conflict","setting:home, activity:lying",False,"lie, lied, lying, lies, deception, truths, outright, omission, liara, believe",Deceptive Relationship,"setting:home, activity:lying",Q_miscommunication,Q) Miscommunication & Conflict,"secrets, misunderstandings, conflict"
76,4.3,"Secrets, Misunderstandings & Hidden Information",Relationship Trajectory (Main Couple),,,,high,False,R7,Hero and heroine are physically or emotionally separated,I,Initial Conflict & Isolation,False,medium,Whispered Secrets,She whispers secrets to him in the dimly lit bedroom.,"romance_core, relationship_conflict","setting:bedroom, activity:whispering",False,"whisper, whispered, murmur, whispers, whata, breathy, shh, contorting, conceited, meek",Whispered Secrets,"setting:bedroom, activity:whispering",Q_miscommunication,Q) Miscommunication & Conflict,"secrets, misunderstandings, conflict"
114,4.3,"Secrets, Misunderstandings & Hidden Information",Relationship Trajectory (Main Couple),5.2,Friends & Social Circles,Social World Outside Couple,medium,False,R7,Hero and heroine are physically or emotionally separated,I,Initial Conflict & Isolation,False,medium,Reluctant Relationship Choices,"Isa hesitates to share her top choices for Eli's new PA, causing tension with Melanie.","relationship_conflict, domestic_life","setting:home, activity:arguing",False,"taga, asked, drewa, wasna, replied, enthralled, hadna, kadea, choices, deter",Reluctant Relationship Choices,"setting:home, activity:arguing",Q_miscommunication,Q) Miscommunication & Conflict,"secrets, misunderstandings, conflict"
172,4.3,"Secrets, Misunderstandings & Hidden Information",Relationship Trajectory (Main Couple),,,,medium,False,R2,Heroine reacts antagonistically to the hero,I,Initial Conflict & Isolation,False,medium,Unclear Relationship Feelings,Stella and the unnamed narrator exchange uncertain glances and have a conversation about their relationship.,"romance_core, relationship_conflict","setting:kitchen, activity:conversation",False,"stellaa, avaa, resurfaced, julesa, unrecognizable, musta, bridgeta, widened, parted, woulda",Unclear Relationship Feelings,"setting:kitchen, activity:conversation",Q_miscommunication,Q) Miscommunication & Conflict,"secrets, misunderstandings, conflict"
240,4.3,"Secrets, Misunderstandings & Hidden Information",Relationship Trajectory (Main Couple),6.2,Heroine's Work & Professional Identity,"Work, Wealth, Status & Institutions",medium,False,R7,Hero and heroine are physically or emotionally separated,I,Initial Conflict & Isolation,False,medium,Career-focused Relationship Struggles,She thought about their relationship while booking a flight for her career opportunity.,"romance_core, relationship_conflict","setting:office, activity:thinking, relationship:long_term",False,"ia, worked, applied, developed, years, tasked, built, research, achieved, deal",Career-focused Relationship Struggles,"setting:office, activity:thinking, relationship:long_term",Q_miscommunication,Q) Miscommunication & Conflict,"secrets, misunderstandings, conflict"
332,4.3,"Secrets, Misunderstandings & Hidden Information",Relationship Trajectory (Main Couple),,,,high,False,R7,Hero and heroine are physically or emotionally separated,I,Initial Conflict & Isolation,False,medium,Keeping Secrets,"The couple exchanges furtive glances and hushed words, guarding their secret from prying eyes.",,,False,"secrets, confidential, secrecy, keeping, secretive, discreet, kept, identity, sneaking, spilling",Keeping Secrets,,Q_miscommunication,Q) Miscommunication & Conflict,"secrets, misunderstandings, conflict"
61,4.5,"Reconciliation, Commitments & HEA",Relationship Trajectory (Main Couple),3.1,Positive Emotions & Security,"Emotions, Cognition & Inner Life",high,False,R10,Heroine reinterprets hero's behaviour as result of previous hurt,II,Turning Point & Recognition,False,medium,Apology And Forgiveness,"She apologizes for her mistake, and he forgives her, leading to a moment of emotional connection.","romance_core, relationship_conflict","setting:home, activity:apologizing",False,"apologize, forgive, sorry, apology, apologized, apologizing, forgiveness, forgiven, apologies, profusely",Apology And Forgiveness,"setting:home, activity:apologizing",Q_repair,Q) Repair & Reconciliation,"apologies, forgiveness, reconciliation"
65,4.4,"Conflict, Distance & Breakup Threats",Relationship Trajectory (Main Couple),,,,medium,False,R7,Hero and heroine are physically or emotionally separated,I,Initial Conflict & Isolation,False,medium,Apologetic Excuse Me,"She hesitates, then says 'excuse me' in a soft, uncertain voice.","relationship_conflict, romance_core","setting:none, activity:saying_sorry",False,"excuse, aye, alright, look, ew, excellent, bye, called, lottiea, buta",Apologetic Excuse Me,"setting:none, activity:saying_sorry",Q_repair,Q) Repair & Reconciliation,"apologies, forgiveness, reconciliation"
93,5.1,Family & Kinship,Social World Outside Couple,4.5,"Reconciliation, Commitments & HEA",Relationship Trajectory (Main Couple),high,False,R13,Heroine's identity is restored,III,Commitment & Restoration,False,medium,Family Apologies And Reconciliation,"The family gathers around the table, with parents and siblings present, as apologies are exchanged and past faults are addressed.","domestic_life, relationship_conflict","setting:table, activity:apologizing",False,"parents, apologies, died, sister, ex, dada, brogue, pleasure, woozy, daughter",Family Apologies And Reconciliation,"setting:table, activity:apologizing",Q_repair,Q) Repair & Reconciliation,"apologies, forgiveness, reconciliation"
96,4.2,"Bonding, Everyday Intimacy & Growth",Relationship Trajectory (Main Couple),,,,high,False,R9,Heroine responds warmly to hero's tenderness,II,Turning Point & Recognition,False,medium,Whispered Love Confessions,She whispers her love in his ear.,"romance_core, relationship_conflict","setting:bedroom, activity:whispering",False,"whispers, whispered, whisper, softly, breaking, ear, plea, murmured, soft, someday",Whispered Love Confessions,"setting:bedroom, activity:whispering",Q_repair,Q) Repair & Reconciliation,"apologies, forgiveness, reconciliation"
108,4.2,"Bonding, Everyday Intimacy & Growth",Relationship Trajectory (Main Couple),,,,high,False,R10,Heroine reinterprets hero's behaviour as result of previous hurt,II,Turning Point & Recognition,False,medium,Epic Love Confessions,"The couple, in a quiet moment, confesses their deep, long-standing love for each other.","romance_core, relationship_conflict","setting:quiet_moment, activity:love_confession",False,"loved, fall, falling, believe, consuming, isna, true, fickle, kind, loves",Epic Love Confessions,"setting:quiet_moment, activity:love_confession",Q_repair,Q) Repair & Reconciliation,"apologies, forgiveness, reconciliation"
159,4.2,"Bonding, Everyday Intimacy & Growth",Relationship Trajectory (Main Couple),,,,medium,False,R8,Hero treats heroine tenderly,II,Turning Point & Recognition,False,low,Casual Conversations,The couple exchanges light-hearted remarks while walking through a colorful market.,"romance_core, social_setting","setting:market, activity:casual_conversation",False,"yeah, reply, agreed, answered, agree, answer, yesa, plea, eagerly, admitted",Casual Conversations,"setting:market, activity:casual_conversation",Q_repair,Q) Repair & Reconciliation,"apologies, forgiveness, reconciliation"
192,3.1,Positive Emotions & Security,"Emotions, Cognition & Inner Life",,,,high,False,R8,Hero treats heroine tenderly,II,Turning Point & Recognition,False,medium,Optimistic Reassurance,She reassures him that everything will be fine.,"romance_core, domestic_life","setting:kitchen, activity:conversation",False,"everythinga, ita, perfectly, suited, going, sashimi, fixable, totally, shhhh, sod",Optimistic Reassurance,"setting:kitchen, activity:conversation",Q_repair,Q) Repair & Reconciliation,"apologies, forgiveness, reconciliation"
273,4.4,"Conflict, Distance & Breakup Threats",Relationship Trajectory (Main Couple),,,,high,False,R10,Heroine reinterprets hero's behaviour as result of previous hurt,II,Turning Point & Recognition,False,high,Tearful Apology,"She, tears streaming down her face, apologizes to him in a soft, contrite voice.","romance_core, relationship_conflict","setting:bedroom, activity:apologizing",False,"sorry, apologize, apology, ia, apologized, whispered, ruined, apologizing, truly, hastily",Tearful Apology,"setting:bedroom, activity:apologizing",Q_repair,Q) Repair & Reconciliation,"apologies, forgiveness, reconciliation"
282,4.2,"Bonding, Everyday Intimacy & Growth",Relationship Trajectory (Main Couple),,,,high,False,R11,Hero declares love and demonstrates commitment,III,Commitment & Restoration,False,high,Emotional Love Confession,"She told him she loved him, hoping for a reciprocated declaration.","romance_core, relationship_conflict","setting:bedroom, activity:confessing_love",False,"loved, respect, grandparentsa, outlast, interfered, woolton, mortgage, exceptions, grandkids, utmost",Emotional Love Confession,"setting:bedroom, activity:confessing_love",Q_repair,Q) Repair & Reconciliation,"apologies, forgiveness, reconciliation"
305,4.2,"Bonding, Everyday Intimacy & Growth",Relationship Trajectory (Main Couple),,,,medium,False,R9,Heroine responds warmly to hero's tenderness,II,Turning Point & Recognition,False,low,Quiet Conversation About Best Option,"The couple sits quietly, discussing the best course of action.","romance_core, relationship_conflict","setting:quiet, activity:discussing_options",False,"best, thata, thing, really, recommend, ita, probably, highly, quietest, younga",Quiet Conversation About Best Option,"setting:quiet, activity:discussing_options",Q_repair,Q) Repair & Reconciliation,"apologies, forgiveness, reconciliation"
70,4.2,"Bonding, Everyday Intimacy & Growth",Relationship Trajectory (Main Couple),,,,high,False,R9,Heroine responds warmly to hero's tenderness,II,Turning Point & Recognition,False,medium,Kitten Rescue And Bonding,"She rescued two hairless kittens, cradling them in her lap, their tiny paws kneading her pasty skin as they purr contentedly.",,,False,"kittens, delivery, cata, purr, claws, rescued, hairless, arrogantly, cheshire, lap",Kitten Rescue And Bonding,,R1_protective_caretaking,R1) Protective Caretaking,tender protective care (nurturing caretaking)
250,4.2,"Bonding, Everyday Intimacy & Growth",Relationship Trajectory (Main Couple),1.1,Body Parts & Physical Reactions,Embodied & Sensory Experience,high,False,R9,Heroine responds warmly to hero's tenderness,II,Turning Point & Recognition,False,low,Protective Conversations By Firelight,"She loved him, their conversations bolder and headstrong, as he protectively pampered her by the firelight.","romance_core, relationship_conflict","setting:fireplace, activity:conversation",False,"loved, loves, adored, clearly, humbled, protector, cared, soul, madly, conversations",Protective Conversations By Firelight,"setting:fireplace, activity:conversation",R1_protective_caretaking,R1) Protective Caretaking,tender protective care (nurturing caretaking)
22,3.3,Ambivalence & Internal Conflict,"Emotions, Cognition & Inner Life",,,,high,False,R5,Heroine responds with anger or coldness,I,Initial Conflict & Isolation,False,medium,Resisting Temptation,"She struggles with her desire, trying to make the right choice.","romance_core, relationship_conflict","setting:mind, activity:thought",False,"didna, couldna, wasna, hadna, wouldna, control, fucked, want, expecting, anymore",Resisting Temptation,"setting:mind, activity:thought",R2_alpha_guarding,R2) Alpha Guarding,possessive protective aggression (alpha guarding)
169,4.4,"Conflict, Distance & Breakup Threats",Relationship Trajectory (Main Couple),,,,high,False,R7,Hero and heroine are physically or emotionally separated,I,Initial Conflict & Isolation,False,medium,Risky Business Decision,The couple argues in the kitchen about a risky business move.,"relationship_conflict, domestic_life","setting:kitchen, activity:arguing",False,"risky, stake, low, far, risk, responsibility, temptation, expensive, busy, toodles",Risky Business Decision,"setting:kitchen, activity:arguing",R2_alpha_guarding,R2) Alpha Guarding,possessive protective aggression (alpha guarding)
201,4.4,"Conflict, Distance & Breakup Threats",Relationship Trajectory (Main Couple),,,,high,False,R2,Heroine reacts antagonistically to the hero,I,Initial Conflict & Isolation,False,medium,Jealousy Conversation,The couple discusses their feelings of jealousy and irrational thoughts.,"relationship_conflict, domestic_life","setting:living_room, activity:arguing",False,"jealous, jealousy, tribute, irrationally, envious, mediocre, elderly, envy, girlfriend, pang",Jealousy Conversation,"setting:living_room, activity:arguing",R2_alpha_guarding,R2) Alpha Guarding,possessive protective aggression (alpha guarding)
268,4.4,"Conflict, Distance & Breakup Threats",Relationship Trajectory (Main Couple),,,,medium,False,R7,Hero and heroine are physically or emotionally separated,I,Initial Conflict & Isolation,False,medium,Emotional Conversation Around Table,"The couple sits at a table, engaged in a deep, emotional conversation.","romance_core, relationship_conflict","setting:table, activity:conversation",False,"ameliea, diary, frowns, tosses, widens, pouts, gaze, glances, breaks, props",Emotional Conversation Around Table,"setting:table, activity:conversation",R2_alpha_guarding,R2) Alpha Guarding,possessive protective aggression (alpha guarding)
322,4.4,"Conflict, Distance & Breakup Threats",Relationship Trajectory (Main Couple),,,,high,False,R7,Hero and heroine are physically or emotionally separated,I,Initial Conflict & Isolation,False,low,Scornful Head Shaking,He scornfully shakes his head at her.,"relationship_conflict, domestic_life","setting:home, activity:arguing",False,"shook, head, shaking, dislodge, scornful, lockdown, graying, slightly, behavior, chortled",Scornful Head Shaking,"setting:home, activity:arguing",R2_alpha_guarding,R2) Alpha Guarding,possessive protective aggression (alpha guarding)
340,4.4,"Conflict, Distance & Breakup Threats",Relationship Trajectory (Main Couple),,,,medium,False,R7,Hero and heroine are physically or emotionally separated,I,Initial Conflict & Isolation,False,medium,Emotional Denial Conversation,"She struggles to express her feelings, making him cringe with frustration.","romance_core, relationship_conflict","setting:bedroom, activity:arguing",False,"reida, ha, mouths, samuela, fortunately, denial, minimized, texta, punched, guarda",Emotional Denial Conversation,"setting:bedroom, activity:arguing",R2_alpha_guarding,R2) Alpha Guarding,possessive protective aggression (alpha guarding)
342,4.4,"Conflict, Distance & Breakup Threats",Relationship Trajectory (Main Couple),,,,high,False,R2,Heroine reacts antagonistically to the hero,I,Initial Conflict & Isolation,False,high,Mistaken Accusations,"A couple argues heatedly, each convinced the other has done something wrong.","relationship_conflict, domestic_life","setting:living_room, activity:arguing",False,"wrong, somethinga, terribly, wrongs, feels, harbinger, critics, uncharacteristic, peculiar, event",Mistaken Accusations,"setting:living_room, activity:arguing",R2_alpha_guarding,R2) Alpha Guarding,possessive protective aggression (alpha guarding)
345,4.4,"Conflict, Distance & Breakup Threats",Relationship Trajectory (Main Couple),,,,high,False,R7,Hero and heroine are physically or emotionally separated,I,Initial Conflict & Isolation,False,medium,Firm Rejections,She firmly rejects his advances in the dimly lit room.,"relationship_conflict, domestic_life","setting:bedroom, activity:rejecting",False,"dona, coy, daft, tramp, start, naa, pffft, dreamsa, downplay, maserati",Firm Rejections,"setting:bedroom, activity:rejecting",R2_alpha_guarding,R2) Alpha Guarding,possessive protective aggression (alpha guarding)
366,4.4,"Conflict, Distance & Breakup Threats",Relationship Trajectory (Main Couple),8.1,Domestic Spaces & Routines,"Spaces, Time, Activities & Objects",medium,False,R2,Heroine reacts antagonistically to the hero,I,Initial Conflict & Isolation,False,high,Scowling At Beeps,"She scowls at the beeping sounds, her expression smooth like the avocado she's slicing for smoothies.","relationship_conflict, domestic_life","setting:kitchen, activity:scowling",False,"scowl, beeping, beeps, beeped, crews, frowning, galloped, spelling, bees, mango",Scowling At Beeps,"setting:kitchen, activity:scowling",R2_alpha_guarding,R2) Alpha Guarding,possessive protective aggression (alpha guarding)
22,3.3,Ambivalence & Internal Conflict,"Emotions, Cognition & Inner Life",,,,high,False,R5,Heroine responds with anger or coldness,I,Initial Conflict & Isolation,False,medium,Resisting Temptation,"She struggles with her desire, trying to make the right choice.","romance_core, relationship_conflict","setting:mind, activity:thought",False,"didna, couldna, wasna, hadna, wouldna, control, fucked, want, expecting, anymore",Resisting Temptation,"setting:mind, activity:thought",R_jealousy_possessiveness,R) Jealousy & Possessiveness,jealous/possessive conflict (kept for H4 hypothesis continuity)
201,4.4,"Conflict, Distance & Breakup Threats",Relationship Trajectory (Main Couple),,,,high,False,R2,Heroine reacts antagonistically to the hero,I,Initial Conflict & Isolation,False,medium,Jealousy Conversation,The couple discusses their feelings of jealousy and irrational thoughts.,"relationship_conflict, domestic_life","setting:living_room, activity:arguing",False,"jealous, jealousy, tribute, irrationally, envious, mediocre, elderly, envy, girlfriend, pang",Jealousy Conversation,"setting:living_room, activity:arguing",R_jealousy_possessiveness,R) Jealousy & Possessiveness,jealous/possessive conflict (kept for H4 hypothesis continuity)
268,4.4,"Conflict, Distance & Breakup Threats",Relationship Trajectory (Main Couple),,,,medium,False,R7,Hero and heroine are physically or emotionally separated,I,Initial Conflict & Isolation,False,medium,Emotional Conversation Around Table,"The couple sits at a table, engaged in a deep, emotional conversation.","romance_core, relationship_conflict","setting:table, activity:conversation",False,"ameliea, diary, frowns, tosses, widens, pouts, gaze, glances, breaks, props",Emotional Conversation Around Table,"setting:table, activity:conversation",R_jealousy_possessiveness,R) Jealousy & Possessiveness,jealous/possessive conflict (kept for H4 hypothesis continuity)
322,4.4,"Conflict, Distance & Breakup Threats",Relationship Trajectory (Main Couple),,,,high,False,R7,Hero and heroine are physically or emotionally separated,I,Initial Conflict & Isolation,False,low,Scornful Head Shaking,He scornfully shakes his head at her.,"relationship_conflict, domestic_life","setting:home, activity:arguing",False,"shook, head, shaking, dislodge, scornful, lockdown, graying, slightly, behavior, chortled",Scornful Head Shaking,"setting:home, activity:arguing",R_jealousy_possessiveness,R) Jealousy & Possessiveness,jealous/possessive conflict (kept for H4 hypothesis continuity)
345,4.4,"Conflict, Distance & Breakup Threats",Relationship Trajectory (Main Couple),,,,high,False,R7,Hero and heroine are physically or emotionally separated,I,Initial Conflict & Isolation,False,medium,Firm Rejections,She firmly rejects his advances in the dimly lit room.,"relationship_conflict, domestic_life","setting:bedroom, activity:rejecting",False,"dona, coy, daft, tramp, start, naa, pffft, dreamsa, downplay, maserati",Firm Rejections,"setting:bedroom, activity:rejecting",R_jealousy_possessiveness,R) Jealousy & Possessiveness,jealous/possessive conflict (kept for H4 hypothesis continuity)
366,4.4,"Conflict, Distance & Breakup Threats",Relationship Trajectory (Main Couple),8.1,Domestic Spaces & Routines,"Spaces, Time, Activities & Objects",medium,False,R2,Heroine reacts antagonistically to the hero,I,Initial Conflict & Isolation,False,high,Scowling At Beeps,"She scowls at the beeping sounds, her expression smooth like the avocado she's slicing for smoothies.","relationship_conflict, domestic_life","setting:kitchen, activity:scowling",False,"scowl, beeping, beeps, beeped, crews, frowning, galloped, spelling, bees, mango",Scowling At Beeps,"setting:kitchen, activity:scowling",R_jealousy_possessiveness,R) Jealousy & Possessiveness,jealous/possessive conflict (kept for H4 hypothesis continuity)
10,8.1,Domestic Spaces & Routines,"Spaces, Time, Activities & Objects",,,,high,False,none,None of the above,NA,Not a narrative function,True,high,Knocking On Door,Someone hesitates before knocking on a door in a hallway.,"domestic_life, social_setting","setting:hallway, activity:knocking",False,"door, doors, opens, opened, knock, hallway, stairs, elevators, floor, doorbell",Knocking On Door,"setting:hallway, activity:knocking",S_scene_anchors,S) Scene Anchors (Setting-Rich),setting/objects/time/atmosphere topics (for qualitative sampling)
11,8.2,Public & Leisure Spaces,"Spaces, Time, Activities & Objects",,,,high,False,none,None of the above,NA,Not a narrative function,True,high,Wine Tasting At Dinner,"The couple sits at a dinner table, sipping wine and waiting for their food.","social_setting, romance_core","setting:restaurant, activity:dinner, activity:wine_tasting",False,"wine, kitchen, plate, sip, waitress, bottle, cup, mug, dinner, food",Wine Tasting At Dinner,"setting:restaurant, activity:dinner, activity:wine_tasting",S_scene_anchors,S) Scene Anchors (Setting-Rich),setting/objects/time/atmosphere topics (for qualitative sampling)
24,8.1,Domestic Spaces & Routines,"Spaces, Time, Activities & Objects",,,,high,False,none,None of the above,NA,Not a narrative function,True,high,Phone Notifications During Night,"She's about to fall asleep when her phone buzzes on the nightstand, lighting up the screen with an incoming message.","domestic_life, relationship_conflict","setting:bedroom, activity:texting",False,"rings, buzzes, pocket, rang, screen, cellphone, nightstand, ringing, message, purse",Phone Notifications During Night,"setting:bedroom, activity:texting",S_scene_anchors,S) Scene Anchors (Setting-Rich),setting/objects/time/atmosphere topics (for qualitative sampling)
27,8.1,Domestic Spaces & Routines,"Spaces, Time, Activities & Objects",,,,high,False,none,None of the above,NA,Not a narrative function,True,high,Exiting Through Doorways,"She opened the door and stepped out into the hallway, leaving him behind in the car.","domestic_life, social_setting","setting:doorway, activity:exiting",False,"door, doors, opened, car, stairs, shut, stepped, purse, headed, walked",Exiting Through Doorways,"setting:doorway, activity:exiting",S_scene_anchors,S) Scene Anchors (Setting-Rich),setting/objects/time/atmosphere topics (for qualitative sampling)
30,8.2,Public & Leisure Spaces,"Spaces, Time, Activities & Objects",,,,high,False,none,None of the above,NA,Not a narrative function,True,high,Hockey Game Action,"The couple watches a hockey game, focusing on the players and the puck.","social_setting, romance_core","setting:sports_event, activity:watching_game",False,"game, hockey, puck, players, games, play, player, teams, goalie, goal",Hockey Game Action,"setting:sports_event, activity:watching_game",S_scene_anchors,S) Scene Anchors (Setting-Rich),setting/objects/time/atmosphere topics (for qualitative sampling)
54,8.2,Public & Leisure Spaces,"Spaces, Time, Activities & Objects",,,,high,False,none,None of the above,NA,Not a narrative function,True,high,Phone Ringing And Answering,"The phone rings, and someone picks it up.","domestic_life, social_setting","setting:phone, activity:answering",False,"rang, dialed, message, texted, screen, picked, pocket, texting, checked, rings",Phone Ringing And Answering,"setting:phone, activity:answering",S_scene_anchors,S) Scene Anchors (Setting-Rich),setting/objects/time/atmosphere topics (for qualitative sampling)
57,8.1,Domestic Spaces & Routines,"Spaces, Time, Activities & Objects",,,,high,False,none,None of the above,NA,Not a narrative function,True,high,Shower Hygiene,"The couple heads into the bathroom, with one of them taking a shower.","domestic_life, physical_affection","setting:bathroom, activity:showering",False,"shower, bathroom, bath, tub, toilet, bathtub, showers, restroom, showering, showered",Shower Hygiene,"setting:bathroom, activity:showering",S_scene_anchors,S) Scene Anchors (Setting-Rich),setting/objects/time/atmosphere topics (for qualitative sampling)
72,8.2,Public & Leisure Spaces,"Spaces, Time, Activities & Objects",,,,high,False,none,None of the above,NA,Not a narrative function,True,high,Hockey Game Action,"The couple watches a hockey game together, cheering for their team.","romance_core, social_setting","setting:sports_event, activity:cheering",False,"natea, hockey, game, bankers, router, weirdly, corporate, general, famously, teama",Hockey Game Action,"setting:sports_event, activity:cheering",S_scene_anchors,S) Scene Anchors (Setting-Rich),setting/objects/time/atmosphere topics (for qualitative sampling)
83,8.2,Public & Leisure Spaces,"Spaces, Time, Activities & Objects",,,,high,False,none,None of the above,NA,Not a narrative function,True,high,Animal Farm Visit,"The couple visits a farm filled with goats, dogs, and other animals.","domestic_life, social_setting","setting:farm, activity:visiting_animals",False,"goats, dogs, animal, puppies, animals, sheep, pet, lion, pets, hound",Animal Farm Visit,"setting:farm, activity:visiting_animals",S_scene_anchors,S) Scene Anchors (Setting-Rich),setting/objects/time/atmosphere topics (for qualitative sampling)
92,8.1,Domestic Spaces & Routines,"Spaces, Time, Activities & Objects",,,,high,False,none,None of the above,NA,Not a narrative function,True,high,Luxury Hotel Suite,"The couple explores a lavish hotel suite, admiring the beige furniture, brown wood tables, and floor-to-ceiling windows.","domestic_life, social_setting","setting:hotel_suite, activity:exploring",False,"furniture, fireplace, ceiling, windows, chairs, floors, wood, walls, floor, ceilings",Luxury Hotel Suite,"setting:hotel_suite, activity:exploring",S_scene_anchors,S) Scene Anchors (Setting-Rich),setting/objects/time/atmosphere topics (for qualitative sampling)
112,8.2,Public & Leisure Spaces,"Spaces, Time, Activities & Objects",,,,high,False,none,None of the above,NA,Not a narrative function,True,high,Snowy Winter Walk,"The couple walks through the snowy streets, flakes falling around them.","romance_core, domestic_life","setting:outdoors, activity:walking",False,"rain, winter, wet, raining, chilly, icy, snowing, rained, flakes, freezing",Snowy Winter Walk,"setting:outdoors, activity:walking",S_scene_anchors,S) Scene Anchors (Setting-Rich),setting/objects/time/atmosphere topics (for qualitative sampling)
135,8.2,Public & Leisure Spaces,"Spaces, Time, Activities & Objects",,,,high,False,none,None of the above,NA,Not a narrative function,True,high,Sunset Beach Walk,"The couple walks along the beach, watching the sun set over the ocean.","romance_core, domestic_life","setting:beach, activity:walking",False,"sun, sky, beach, clouds, horizon, sand, ocean, sunset, orange, cloud",Sunset Beach Walk,"setting:beach, activity:walking",S_scene_anchors,S) Scene Anchors (Setting-Rich),setting/objects/time/atmosphere topics (for qualitative sampling)
146,8.1,Domestic Spaces & Routines,"Spaces, Time, Activities & Objects",,,,high,False,none,None of the above,NA,Not a narrative function,True,high,Bedtime Routine,"She gets into her own bed, turning right around after a long day.","domestic_life, romance_core","setting:bedroom, activity:bedtime",False,"bed, mattress, bedroom, sheets, covers, climb, lay, edge, blankets, pillow",Bedtime Routine,"setting:bedroom, activity:bedtime",S_scene_anchors,S) Scene Anchors (Setting-Rich),setting/objects/time/atmosphere topics (for qualitative sampling)
148,5.3,"Community, Norms & Social Events",Social World Outside Couple,,,,high,False,none,None of the above,NA,Not a narrative function,True,high,Holiday Celebration,The couple enjoys a festive holiday party together.,"romance_core, social_setting","setting:party, activity:celebrating",False,"merry, holiday, parties, holidays, yeara, partya, december, partying, presents, christmases",Holiday Celebration,"setting:party, activity:celebrating",S_scene_anchors,S) Scene Anchors (Setting-Rich),setting/objects/time/atmosphere topics (for qualitative sampling)
218,8.1,Domestic Spaces & Routines,"Spaces, Time, Activities & Objects",,,,high,False,none,None of the above,NA,Not a narrative function,True,high,Birdwatching In Park,"The couple sits on a bench in the park, watching birds and ducks.","romance_core, domestic_life","setting:park, activity:birdwatching",False,"pigeon, birds, duck, duckling, chirping, wings, speculate, pecking, crows, antics",Birdwatching In Park,"setting:park, activity:birdwatching",S_scene_anchors,S) Scene Anchors (Setting-Rich),setting/objects/time/atmosphere topics (for qualitative sampling)
221,8.1,Domestic Spaces & Routines,"Spaces, Time, Activities & Objects",,,,high,False,none,None of the above,NA,Not a narrative function,True,high,Quick Shower Hygiene,She leads her into the bathroom and turns on the hot water for a quick shower.,"domestic_life, physical_affection","setting:bathroom, activity:showering",False,"shower, bathroom, bath, towel, restroom, toilet, showered, tub, towels, quick",Quick Shower Hygiene,"setting:bathroom, activity:showering",S_scene_anchors,S) Scene Anchors (Setting-Rich),setting/objects/time/atmosphere topics (for qualitative sampling)
247,5.3,"Community, Norms & Social Events",Social World Outside Couple,,,,high,False,none,None of the above,NA,Not a narrative function,True,high,Statue Of Liberty Visit,She excitedly points out the Statue of Liberty during their boat ride.,"social_setting, romance_core","setting:boat, activity:pointing",False,"statue, earnestly, ora, gently, sister, piranhas, outpouring, slept, cornbread, lavishing",Statue Of Liberty Visit,"setting:boat, activity:pointing",S_scene_anchors,S) Scene Anchors (Setting-Rich),setting/objects/time/atmosphere topics (for qualitative sampling)
251,5.3,"Community, Norms & Social Events",Social World Outside Couple,,,,high,False,none,None of the above,NA,Not a narrative function,True,high,Press Conference Speech,She confidently delivers her speech at a press conference.,"social_setting, romance_core","setting:press_conference, activity:speech",False,"georgiaa, thosea, press, conference, yelped, scolded, giggled, cursing, laughed, called",Press Conference Speech,"setting:press_conference, activity:speech",S_scene_anchors,S) Scene Anchors (Setting-Rich),setting/objects/time/atmosphere topics (for qualitative sampling)
265,8.1,Domestic Spaces & Routines,"Spaces, Time, Activities & Objects",,,,high,False,none,None of the above,NA,Not a narrative function,True,high,Careful Tune-up Before Night Out,She carefully checks and tunes her car before their night out.,"domestic_life, social_setting","setting:car, activity:checking, activity:tuning",False,"just, checking, saya, practicing, record, careful, tune, curveball, easy, peasy",Careful Tune-up Before Night Out,"setting:car, activity:checking, activity:tuning",S_scene_anchors,S) Scene Anchors (Setting-Rich),setting/objects/time/atmosphere topics (for qualitative sampling)
274,5.3,"Community, Norms & Social Events",Social World Outside Couple,2.1,Attraction & Sexual Tension,"Sexuality, Attraction & Intimacy",high,False,none,None of the above,NA,Not a narrative function,True,high,Exclusive Club Nights,"The couple frequents exclusive clubs, engaging in wild nights out.","social_setting, sexual_content","setting:club, activity:partying",False,"clubs, members, exclusive, cluba, stag, wilder, restaurants, member, strip, whores",Exclusive Club Nights,"setting:club, activity:partying",S_scene_anchors,S) Scene Anchors (Setting-Rich),setting/objects/time/atmosphere topics (for qualitative sampling)
281,8.1,Domestic Spaces & Routines,"Spaces, Time, Activities & Objects",,,,high,False,none,None of the above,NA,Not a narrative function,True,high,Sleeping Together,"She watches him sleep, exhausted from the night's activities.","romance_core, domestic_life","setting:bed, activity:sleeping",False,"sleep, asleep, slept, night, woke, fell, sleeps, woken, wake, bed",Sleeping Together,"setting:bed, activity:sleeping",S_scene_anchors,S) Scene Anchors (Setting-Rich),setting/objects/time/atmosphere topics (for qualitative sampling)
284,8.1,Domestic Spaces & Routines,"Spaces, Time, Activities & Objects",,,,high,False,none,None of the above,NA,Not a narrative function,True,high,Dog Whining,The dog whines repeatedly from the back of the room.,domestic_life,"setting:room, activity:whining",False,"whines, maxa, answered, bounds, wriggles, perplexed, barks, outmaneuvered, rigidly, extremes",Dog Whining,"setting:room, activity:whining",S_scene_anchors,S) Scene Anchors (Setting-Rich),setting/objects/time/atmosphere topics (for qualitative sampling)
292,8.1,Domestic Spaces & Routines,"Spaces, Time, Activities & Objects",,,,high,False,none,None of the above,NA,Not a narrative function,True,high,Shower Hygiene,"He steps into the shower, turning on the water and washing himself.","domestic_life, physical_affection","setting:bathroom, activity:showering",False,"shower, bathroom, towel, bath, tub, restroom, toilet, walks, towels, shirt",Shower Hygiene,"setting:bathroom, activity:showering",S_scene_anchors,S) Scene Anchors (Setting-Rich),setting/objects/time/atmosphere topics (for qualitative sampling)
323,8.2,Public & Leisure Spaces,"Spaces, Time, Activities & Objects",,,,high,False,none,None of the above,NA,Not a narrative function,True,high,Photography Session,"A couple poses for a photoshoot in a studio, with cameras capturing their intimate moments.","romance_core, physical_affection","setting:studio, activity:posing",False,"cameras, photos, pictures, photographers, camera, sign, photo, photoshoot, note, images",Photography Session,"setting:studio, activity:posing",S_scene_anchors,S) Scene Anchors (Setting-Rich),setting/objects/time/atmosphere topics (for qualitative sampling)
357,8.2,Public & Leisure Spaces,"Spaces, Time, Activities & Objects",,,,high,False,none,None of the above,NA,Not a narrative function,True,high,Annie's Gossip Reading,Annie reads gossip magazines in her living room to stay updated on social trends.,"domestic_life, social_setting","setting:living_room, activity:reading",False,"wasn, couldn, hungover, recognized, didn, innocently, indicated, whats, accordion, herculean",Annie's Gossip Reading,"setting:living_room, activity:reading",S_scene_anchors,S) Scene Anchors (Setting-Rich),setting/objects/time/atmosphere topics (for qualitative sampling)
365,8.1,Domestic Spaces & Routines,"Spaces, Time, Activities & Objects",,,,high,False,none,None of the above,NA,Not a narrative function,True,high,Morning Grooming In Bathroom,"She looks at her reflection in the bathroom mirror, her eyes meeting her own as she prepares for the day.","domestic_life, physical_affection","setting:bathroom, activity:grooming",False,"mirror, reflection, bathroom, stare, survey, mirrors, glance, length, studied, look",Morning Grooming In Bathroom,"setting:bathroom, activity:grooming",S_scene_anchors,S) Scene Anchors (Setting-Rich),setting/objects/time/atmosphere topics (for qualitative sampling)
