book_id,segment,B1_attraction_chemistry,C_explicit_eroticism,D_power_wealth_luxury,F1_sadness_grief,G_courtship_rituals_gifts,L_vices_addictions,M_health_recovery_growth,H_domestic_nesting,I_humor_lightness,J_social_support_kin,K_professional_intrusion,Q_miscommunication,Q_repair,R2_alpha_guarding,R_jealousy_possessiveness,S_scene_anchors,H1_love_over_sex_log,H3_luxury_saturation,H3_love_depth,H3_interaction,H4_protect_over_jealous_log,H5_dark_over_tender_log,Q_repair_over_miscomm_log,H1_chemistry_over_sex_log,H1_tender_over_sex_log,H1_vows_over_sex_log,H4_tender_over_alpha_log,H5_trauma_over_safety_log,H5_anger_over_tender_log
104659050,begin,0.14667850645734481,0.09837544981280533,0.06039368681245955,0.011345851083364842,0.027561054205889172,0.07332000424729998,0.009709406893156594,0.19514486070293685,0.010868667911843414,0.03459351836469412,0.037166895442405035,0.02889202538207686,0.04009731916890342,0.0028959526403892874,0.0015339920645926263,0.10897565714638745,,0.06039368681245955,,,0.6351341594625106,,0.327734187714789,0.39944853419653836,,,,,
104659050,middle,0.09817800413711782,0.1343495670349205,0.060502085485553636,0.004442835901762218,0.012676543571579643,0.0651516897764892,0.030463751816443865,0.20966520983233825,0.00907816806023942,0.048767761423152825,0.11125697142625474,0.017160617246746914,0.07653170317196817,0.03705432539527353,0.036251374162302764,0.07978373144269524,,0.060502085485553636,,,0.021907203489639038,,1.4950428071602135,-0.3136601702898232,,,,,
104659050,end,0.09889016158963115,0.10262165509379567,0.07298668834259246,0.00443293242614506,0.02290355228630067,0.1221802455379214,0.009597677436359201,0.20173086392711362,0.00546440454331204,0.08813842530200844,0.04810760289186905,0.04085808618940156,0.07431937518367854,0.001966652611258078,0.0010360396631279038,0.09958475299990117,,0.07298668834259246,,,0.6404710879095559,,0.5982559180027458,-0.037038850749872676,,,,,
11266880,begin,0.09441497833200876,0.12757383651859944,0.06722302410652155,0.005088312224368807,0.01297421825365344,0.06516944389874633,0.0026129638631519044,0.19386450600317567,0.002762003218977945,0.03171400723982138,0.046122182110294764,0.012924216890841446,0.06453838781542384,0.019747539472227092,0.01843067845892811,0.09890493390814892,,0.06722302410652155,,,0.06900869819761812,,1.6080955002510384,-0.30099282467606825,,,,,
11266880,middle,0.08520365650185195,0.11235698613613437,0.03781626301146817,0.006555307766975252,0.01060406228509013,0.03752908968432431,0.016768387776392654,0.1474107865213725,0.0057448707687079974,0.01713676156247271,0.07206816742048629,0.0037781370129827225,0.093135113981743,0.003692448088535634,0.001959679101216063,0.06986239490660004,,0.03781626301146817,,,0.6332695696271919,,3.2045663342265245,-0.27663399263929556,,,,,
11266880,end,0.12202184678080026,0.08816284207695096,0.0942801503451264,0.007233559008197407,0.002552727026632409,0.05076486712724701,0.03879180218891671,0.1722079102366588,0.008065532959501291,0.03918943309799791,0.05690081557265675,0.012655243642838114,0.051290335950403367,0.0032278639728221736,0.0017369847119527466,0.06998951747898001,,0.0942801503451264,,,0.6194041337093923,,1.3993711860451272,0.32501137071308994,,,,,
123257687,begin,0.08510852835490046,0.01221706602207111,0.06920094349420061,0.002218495583489653,0.04045567769498851,0.09443303018891894,0.040949938982445866,0.19045482682308804,0.009601815179790361,0.02345743209278481,0.11103156781952159,0.038286278073082866,0.06767674592791931,0.00850484920438815,0.0009298884835249064,0.08718845322000486,,0.06920094349420061,,,2.212369858798576,,0.569639734081957,1.9410233179935967,,,,,
123257687,middle,0.1181755909894844,0.0767568495647159,0.0753917752729037,0.00238216478948377,0.017718550436273225,0.032527903604273836,0.029702302035140214,0.1866918225597347,0.008982032387507183,0.05954365496736565,0.06748051850358028,0.018621069079038974,0.08766835570936726,0.02804472949689604,0.027057478588677155,0.05192106577856126,,0.0753917752729037,,,0.03583597674221517,,1.5492250295314567,0.4315243838876306,,,,,
123257687,end,0.038794599110086786,0.04543815826655175,0.16307591390914947,0.003981325447042963,0.02113399901788832,0.010718251672673536,0.004349060090882986,0.22507862513660515,0.026660298096941728,0.18016879567568378,0.059012397503853176,0.08418524806065096,0.03856505453624044,0.0030213511669433973,0.0015536284158219162,0.07684888923503087,,0.16307591390914947,,,0.6647985043990579,,-0.7806591098160287,-0.15806743497939868,,,,,
123446478,begin,0.10430266935405261,0.03749106083429095,0.08797996787739401,0.007601569466023716,0.0011127567330487188,0.04547305578182948,0.021915675672389494,0.24920833443761106,0.0029913679467637394,0.047480454252531196,0.0551171124468402,0.028456552426400918,0.1477815262958546,0.027179743605803823,0.02556114074792779,0.0491591298000075,,0.08797996787739401,,,0.06139638708055273,,1.6473281877068013,1.023177342678586,,,,,
123446478,middle,0.024360431851498894,0.1044967110880916,0.08863001888387576,0.0026593686640065057,0.0008634242977090735,0.027611390145196986,0.00860259047603265,0.17511276800563377,0.0031000617850286704,0.04274389617973692,0.06779839463975135,0.008439496750980699,0.027254355991471066,0.052887952888669765,0.05199041778433215,0.07486519943339376,,0.08863001888387576,,,0.017115824622958797,,1.1722088883143882,-1.4561639477902895,,,,,
123446478,end,0.05699866513041819,0.09362837895615053,0.05670589651068254,0.002537336407647211,0.018946432878866333,0.028255952061488107,0.07078398948311886,0.25276023891349353,0.009211894365751363,0.03556378892208147,0.055388008156802955,0.003530908379317496,0.04551568483055421,0.04897979162952422,0.03498984160919993,0.08590736833811291,,0.05670589651068254,,,0.336341854755132,,2.556240616076991,-0.4962988190585369,,,,,
127305713,begin,0.04437733190439224,0.046017941267244906,0.05350362866787197,0.0045865138882939666,0.008939234797185277,0.03293597122301385,0.029104089439946204,0.2879043935502436,0.023711298513171497,0.060974201383069734,0.07548646460641129,0.03575433782127117,0.03532687396729359,0.0019473206983534157,0.0011020485377176098,0.04799749050707357,,0.05350362866787197,,,0.5688900767284064,,-0.012027284533954852,-0.03630174826946542,,,,,
127305713,middle,0.08203226028830762,0.08385571173957576,0.040361144316328916,0.004954651701772216,0.010474135445616949,0.02243611568066098,0.0232581918901498,0.3031205753915021,0.018783349152142335,0.045609720761042354,0.07517539930718853,0.0363491747656642,0.08572832917005432,0.03580226672414316,0.03415851099941436,0.0711418644514202,,0.040361144316328916,,,0.04699808470896061,,0.857995985918568,-0.021984751366747268,,,,,
127305713,end,0.07672740908745036,0.024363907383715532,0.03963569678951023,0.0027478731854714646,0.02468849396246642,0.07650769818915731,0.03864141291549603,0.2623444139059125,0.021213340732577177,0.05441711225193675,0.01255036232458121,0.036852806436518844,0.054162848387605524,0.03747099323856602,0.007111352979794665,0.08740884501759777,,0.03963569678951023,,,1.6617606784159817,,0.3850547732521443,1.147128156983038,,,,,
149105520,begin,0.13340144045524413,0.020373470621794273,0.09396909353936986,0.004277720891824436,0.0005248527132382788,0.1256605355942023,0.03024158455819649,0.2320836301992027,0.015912499365744064,0.03277520114973015,0.06894470474144097,0.04635091705777554,0.027481428076095542,0.022398002787569614,0.021889161165127527,0.015376456478847526,,0.09396909353936986,,,0.02297916545016543,,-0.5227158302390151,1.8790877505444161,,,,,
149105520,middle,0.165994702677104,0.06327313461575952,0.014178069261658202,0.0064463091696862415,0.015881782242153426,0.1446810938269616,0.04303902687595783,0.27879579449137504,0.02846918738387928,0.09351450956257387,0.04409901631658519,0.07753796839752818,0.006135223051023308,0.0033781030456800677,0.0018058385617922554,0.1391443958840423,,0.014178069261658202,,,0.6260316360162967,,-2.5365712134072336,0.9644852707549905,,,,,
149105520,end,0.11525821634642222,0.07244287522409845,0.05444282876257215,0.01226383370507642,0.0007708553058483413,0.04346898040701828,0.016308191797901196,0.14526962970437138,0.005465766180402453,0.0218606746943105,0.05725352407132582,0.03849755619817615,0.003415143112199668,0.002581148690500287,0.0014470252652746714,0.08569236323848153,,0.05444282876257215,,,0.5784211358964608,,-2.422108569523672,0.46437151975463786,,,,,
15197,begin,0.1455067117803888,0.13216656654148717,0.12005923101752015,0.006922699411648521,0.0033787120526793143,0.08636440203776814,0.007067034743777796,0.18429224890688317,0.016522481127329396,0.05864834239330702,0.0635893613635898,0.03536784362779977,0.03905248976790627,0.005220910511054586,0.0029128580700453098,0.033870599903823746,,0.12005923101752015,,,0.5833853328631671,,0.09910092985331431,0.09615852611372588,,,,,
15197,middle,0.09560267271988425,0.09475243007903793,0.07851619037777341,0.009119979710485077,0.09341996909115502,0.10060383276980152,0.00736681952890877,0.15554445989913443,0.013579522585681477,0.05972730249692905,0.005832194754608921,0.04721485071104524,0.06061676771478748,0.0014044557148609146,0.0006783921251749904,0.15592396759405697,,0.07851619037777341,,,0.72691841658414,,0.24985839034938806,0.008933192222270403,,,,,
15197,end,0.08256806646046805,0.02996862929089511,0.05665885646441868,0.004324333369455227,0.000980053639756681,0.015918331692073334,0.03376873986517338,0.17213238545215717,0.0057977432144603125,0.06950391192343182,0.04497174166765998,0.05462862738461323,0.037532127795117984,0.002649132186641867,0.0014244303182854392,0.04010748533833359,,0.05665885646441868,,,0.6201357746270464,,-0.3753524108032744,1.0134506004151662,,,,,
161913,begin,0.21485569473199784,0.1333486899885793,0.16218173787020088,0.00637517792105646,0.02781698072805207,0.038552849109162346,0.015154537534050275,0.2763722116849232,0.015324334053341255,0.04509016266764929,0.01039401285057981,0.03276126042503862,0.006364065648031547,0.0034256511910106934,0.0018700451394442661,0.0560900167659568,,0.16218173787020088,,,0.6050862822670346,,-1.6384527102825115,0.4769963439331921,,,,,
161913,middle,0.11946385394525658,0.04263346637598808,0.11827979973866533,0.008924939130946528,0.03362494267465873,0.06395511539109584,0.010448109321250409,0.2799749097174921,0.01899895315333485,0.10076006625995203,0.035273093219109986,0.04453007688156607,0.06369449085832082,0.01576167588516124,0.0015040766270889468,0.10153467529850985,,0.11827979973866533,,,2.348801047770709,,0.35792647059545146,1.0303592228546323,,,,,
161913,end,0.12008604773602642,0.047627605244140045,0.19836947585728273,0.0060432547152665965,0.04841279152580492,0.11122499235888027,0.037102658252443264,0.3465870056582942,0.005980165920529172,0.029300725588627653,0.08835509233625913,0.020258955274378074,0.0364773170703057,0.0033143310591879304,0.001873356100591651,0.11215621208073799,,0.19836947585728273,,,0.570292298251629,,0.5880717399652151,0.9247833463623758,,,,,
17561022,begin,0.10306552603630419,0.231753160285734,0.06320705941774692,0.007870132296039145,0.03791002359373652,0.0765241056835562,0.04547335553615596,0.20242045234654063,0.03984384855489926,0.03454440859563564,0.0720237384770428,0.005709788196302494,0.009645589070472976,0.027796529979179193,0.026057639908548313,0.09876373561813052,,0.06320705941774692,,,0.06459778751414236,,0.5242473366450939,-0.8103024923112918,,,,,
17561022,middle,0.04503200417671645,0.18037571114280498,0.14168729778585373,0.005595412586882094,0.01531337552206061,0.03965098963237709,0.007232400882892266,0.12269532087328448,0.006261464672173246,0.24566588044256987,0.018107753915272133,0.05565658455933447,0.045839748139251714,0.0135332772660958,0.011807255822149292,0.061811340089546016,,0.14168729778585373,,,0.1364265914551881,,-0.19404496587164077,-1.3876518565401847,,,,,
17561022,end,0.05390812479294593,0.24340465221868227,0.10012932640756152,0.008631412837202132,0.02985612248363278,0.08379221034274968,0.04296551436770558,0.13459545255929842,0.006884853921996779,0.17778727082406745,0.03793127695512568,0.04926799979392995,0.018816651358802606,0.003225860543499938,0.0018438573057003567,0.05512418139421076,,0.10012932640756152,,,0.559107763193035,,-0.9624997444339565,-1.5074296474814857,,,,,
1756703,begin,0.10999051779237434,0.04631529045639067,0.11013451234784653,0.005667553062202456,0.01251221410618821,0.02856947546666233,0.009741183838400771,0.19878276076685847,0.012736990923423066,0.05977580819657811,0.06690570566410764,0.006496422687180733,0.03994345303114163,0.004760779131648475,0.0026537251422147027,0.13245171801401703,,0.11013451234784653,,,0.5842802408175318,,1.8160842261845063,0.8649095069214137,,,,,
1756703,middle,0.2682371163946332,0.030681985516459002,0.14639074656426115,0.002209862579027884,0.003153640693257518,0.02271929142422683,0.004146305160605768,0.11642272184108715,0.012408614327078496,0.13480278746864496,0.040401710408735116,0.023393238757639344,0.004853880089995956,0.0030067752280292606,0.0016847244603623098,0.049863640479720306,,0.14639074656426115,,,0.5790052603650064,,-1.5725053819230417,2.168166796790689,,,,,
1756703,end,0.26069951642804684,0.019882212303089793,0.03340962644603324,0.003776293395607283,0.003621644557741652,0.015430372143930157,0.02456696539922031,0.19460352329670663,0.01916769268492172,0.030086657733438216,0.08868514599903672,0.0057850672774659925,0.018753741091488738,0.003667346772837199,0.0020596128333808133,0.11658909089112249,,0.03340962644603324,,,0.5767376594655707,,1.1759937445497646,2.5734965290284464,,,,,
18692741,begin,0.05527139365304484,0.01785589901014802,0.06660223585027189,0.026603837619865543,0.011000242270610458,0.11846916494336687,0.005395414277362596,0.4513736833383938,0.03103617515395746,0.07809441666888389,0.027602263800748594,0.018176158504469513,0.06023692247594181,0.004289890378484175,0.002433163169086422,0.0569829073803978,,0.06660223585027189,,,0.5668912290961945,,1.1981363167961874,1.1298836405451271,,,,,
18692741,middle,0.047122836175565605,0.17829722761579408,0.03712107721859811,0.005871788165104547,0.027273359137093806,0.08362833922930728,0.02268077991011608,0.3588564964101652,0.004467236385410234,0.05137159938046419,0.04585962223216282,0.014176532027017073,0.04442935713735041,0.04092982977656999,0.03972072851962949,0.04321295146606307,,0.03712107721859811,,,0.029985207520149437,,1.1422644952116725,-1.3306786354351459,,,,,
18692741,end,0.05781012745409408,0.11031554502146558,0.050082879066579225,0.006050055668416437,0.017409481573899516,0.10155414249333519,0.054066594405637006,0.5040348006027692,0.004911999646889755,0.02871335939226186,0.03351406175344335,0.01622461837318437,0.010892360448240341,0.0028712102583615825,0.0016918994517146208,0.05774601148862124,,0.050082879066579225,,,0.5286391474546477,,-0.398437903783587,-0.6461726415489384,,,,,
201413413,begin,0.029236768495059,0.12414965628352276,0.03512066118722007,0.02823921364903246,0.016571541501215044,0.028063162958794387,0.0074806633133451435,0.08628861613993015,0.006607326908941578,0.028702140807814167,0.08735836121092344,0.005599754276419722,0.015857563888516883,0.00366014710981569,0.0021998612499961145,0.03714297000332274,,0.03512066118722007,,,0.5089277552625511,,1.0408083819442995,-1.446034483043793,,,,,
201413413,middle,0.05918540965891722,0.048701155888842836,0.036068582839378624,0.007476814323409448,0.03070648030556532,0.06416032934951477,0.010693145894550973,0.1615927074796741,0.007747504230196894,0.03609680387246895,0.1623191544506374,0.007974793876508271,0.059364145267029475,0.004949762202131311,0.002907725336719957,0.10377057498272817,,0.036068582839378624,,,0.5318265883531375,,2.0072960847692523,0.1949686510897255,,,,,
201413413,end,0.049650324355506724,0.10615831433912648,0.07247028720555165,0.004535438852521757,0.015984266862736227,0.0478788164492803,0.05060536199166799,0.17567490965764432,0.007910071135457074,0.02725833253843564,0.037852357301004856,0.007589616121425057,0.03704189562188059,0.004804074117326194,0.0029008908045799245,0.05570707454466431,,0.07247028720555165,,,0.5043099412341343,,1.58516381872785,-0.7599158672909794,,,,,
20346544,begin,0.04398161585502381,0.02630590099648119,0.3867191241061096,0.006849726400543448,0.016799722156447428,0.3091406383706586,0.009647240472599792,0.2002680219143132,0.010694165388694655,0.40615806862805165,0.02217762896754902,0.025255697071316127,0.011793930733192813,0.006744574078299853,0.003963595237980958,0.04770115789442521,,0.3867191241061096,,,0.5314828315821822,,-0.7614215108155218,0.5139631615764184,,,,,
20346544,middle,0.04216600035670303,0.324985359964693,0.18544479629169663,0.008313621664186692,0.01543029005913588,0.1697207911346394,0.04444748075341158,0.20461773194916233,0.006299329700688402,0.17826248060745584,0.011865697927997807,0.02399593136037058,0.023202577070269514,0.0031708617272223315,0.0018544959345001917,0.047566546711830415,,0.18544479629169663,,,0.5361667006897282,,-0.03361951133813701,-2.0421452790437407,,,,,
20346544,end,0.0351863767975272,0.12339366868043698,0.15237528171750125,0.005594228135566767,0.0037658763237761374,0.11292236269200802,0.008003909262796417,0.2805472265324174,0.011194146339194296,0.22234543400435286,0.030785289292768796,0.007144298847174288,0.03751018732574326,0.021704184930529412,0.019876034906668012,0.09066419812291855,,0.15237528171750125,,,0.08798612835575526,,1.6581845806079691,-1.2547005023957225,,,,,
208153130,begin,0.11445538381444965,0.12609065696212693,0.06011373206762027,0.006014610365040045,0.041765856785054394,0.08094577099657986,0.013206780493635915,0.18204006631392253,0.008085853196948376,0.02296864818937452,0.0593774106689573,0.014826881976363449,0.05187796389450187,0.026988112422124764,0.01983463299254796,0.12486307052516762,,0.06011373206762027,,,0.3079535746887627,,1.2524040623104078,-0.09681525566704874,,,,,
208153130,middle,0.11493146522660833,0.17806624272794694,0.034306734075217137,0.0042099352713130915,0.007135389985554735,0.06621620438455834,0.016761791838804864,0.1865792307179444,0.019390201260395663,0.013749215543010354,0.03830744798654008,0.002345260675243676,0.025368411968811466,0.04341725553106147,0.04272960553918407,0.05854645318853762,,0.034306734075217137,,,0.01596456617614228,,2.3807213363069186,-0.4378165501300566,,,,,
208153130,end,0.11330087318554538,0.11413299189657021,0.07278214873124673,0.007653437163388388,0.02851502523291767,0.07860516924328566,0.021495577129331166,0.17530896661351777,0.006314124078557917,0.03214378165027673,0.041680118448391486,0.02714723239167157,0.06437356159014317,0.026970347838988558,0.012575262015345659,0.08761458142666523,,0.07278214873124673,,,0.7629640413703864,,0.8634066097291351,-0.0073174248369642925,,,,,
21787,begin,0.09664042084067714,0.2041982683000135,0.03523061684301844,0.0022973000097900763,0.02631453380318736,0.10057473501172709,0.06468922096895102,0.18547804517773728,0.0021066236447010974,0.0717659512483663,0.046123365766686686,0.038848118635950675,0.055604558123343084,0.0013407994375333465,0.0007337752765142551,0.05089431363653624,,0.03523061684301844,,,0.6022021497167369,,0.35859777228442047,-0.748088885986403,,,,,
21787,middle,0.01993425364072484,0.27679702275045553,0.05075492655885277,0.009739877070123549,0.0007003124650006326,0.004807752571891724,0.048260604615291726,0.1042522919931307,0.0036771156006485456,0.01561477062032766,0.046371127192372345,0.0014810559687417552,0.07187932670371405,0.0006316624545837656,0.00028675786879597755,0.049327871562536034,,0.05075492655885277,,,0.7878176396401662,,3.8815723151883397,-2.6307983763358003,,,,,
21787,end,0.08316266856753043,0.23652834287099136,0.03400339861467572,0.0031864471595611653,0.0006258022264381594,0.07166231142127748,0.0023289004218226277,0.16208915541236524,0.001986399574010205,0.007881259894013429,0.010187139423998052,0.0021504431420158896,0.05096996191954506,0.00197294183876858,0.001047142088394678,0.1187377485935132,,0.03400339861467572,,,0.6330133196962437,,3.16511725063191,-1.0452616949864304,,,,,
22609391,begin,0.07120411256470911,0.05220080352041816,0.05427239104659409,0.003633866010126361,0.02462065067617828,0.05122004290661175,0.003772072393741268,0.1765003268401038,0.03567620698434191,0.04354687199225922,0.06094131995816992,0.003548727662025742,0.031860119458075466,0.02442238813201912,0.02344643532755351,0.0420304720560753,,0.05427239104659409,,,0.040780081987147554,,2.194515555030669,0.3104475770328117,,,,,
22609391,middle,0.06914314342885348,0.032367114676160796,0.11973364779311968,0.0017350169312892925,0.0011579366793916953,0.0549163317131853,0.028936464995160845,0.2764086065875969,0.05771760691926248,0.1044196152815378,0.10036246529439859,0.025831149336032817,0.003382251662332606,0.020916531763892344,0.02013414616964235,0.029465330845431535,,0.11973364779311968,,,0.03812079396073598,,-2.0327825371710047,0.7590195374922031,,,,,
22609391,end,0.07130738963865403,0.03429136702052319,0.10103174705090134,0.00547311383205744,0.032023021450038755,0.04946006414186046,0.022959065646995923,0.2812263094687725,0.09843578511150386,0.040260115649705976,0.04658936193988567,0.023683360851997754,0.025491942608001555,0.002696884162562662,0.0014076024800156318,0.06240757687839148,,0.10103174705090134,,,0.6498697583538089,,0.0735867027264745,0.7320911936770389,,,,,
22707536,begin,0.04893240044720649,0.010944422833103056,0.05411460865520618,0.0033338787300255255,0.030676826412473015,0.099871909459651,0.003737188307942762,0.2720436191672371,0.021328594385280092,0.12085816212038214,0.057957827920798705,0.15246982411378984,0.05410425097857199,0.0015568882779473817,0.0008631658183989295,0.05321768996810876,,0.05411460865520618,,,0.5893218453918827,,-1.0360420187129253,1.4975388362839892,,,,,
22707536,middle,0.1680342492716214,0.1772407145045684,0.1525407482037246,0.003869750782706298,0.02892501985945506,0.2135483768874798,0.0018629085528864497,0.2217988383456511,0.001980605923983123,0.03196555637236161,0.00628491615833659,0.01443558331330768,0.0045310629164102955,0.0015522234921299554,0.0008139214118636937,0.10039144270686559,,0.1525407482037246,,,0.6449960412998719,,-1.1585882670432053,-0.05334064514686787,,,,,
22707536,end,0.09393015209248734,0.23868102072527442,0.011975553875841887,0.0033033272022630154,0.010020758137206055,0.02029852462984364,0.00167532581197421,0.10695147444378143,0.001942588704337571,0.033314168692059824,0.052325237371823825,0.06343070163179433,0.040017546006982,0.001820301069687639,0.0009809493516061145,0.0626912190156566,,0.011975553875841887,,,0.6177666678767846,,-0.4606207653740926,-0.9325701195029807,,,,,
23518136,begin,0.052774380331696055,0.21076432326683736,0.10263440082086696,0.005601306281310583,0.008472312179282826,0.01922024885432197,0.06819939025823724,0.1805559827046298,0.02725840563939493,0.04611759102199133,0.056750505510151525,0.006866132456942585,0.00938562677345916,0.0029931625412427717,0.0015993332339999215,0.03086450840600742,,0.10263440082086696,,,0.6264526947058435,,0.3125393742639426,-1.384700502131311,,,,,
23518136,middle,0.11494301611293571,0.24022160828369155,0.07031812959793082,0.007078068922691293,0.014793043190956586,0.048019821780481996,0.04989174051910143,0.15814315084702407,0.01903308212898896,0.10771956378638323,0.06136676566803326,0.058102685682146216,0.007105159901830425,0.003747154878527178,0.002060717880744969,0.0957051587314806,,0.07031812959793082,,,0.5977241285290233,,-2.1012670990016766,-0.7371208345426252,,,,,
23518136,end,0.08038707632029844,0.1103423960963606,0.10344964730294334,0.0073313014139515294,0.017626210390780002,0.06365039703329733,0.009235418380442735,0.21272059408443655,0.020472861774951986,0.09770083699957322,0.039600134530706495,0.048447478576038275,0.04182033821101798,0.04279065642906898,0.041626067929601385,0.07357285048232924,,0.10344964730294334,,,0.027592513280772835,,-0.14709424310886687,-0.3167314251276383,,,,,
27394781,begin,0.09342655805802907,0.0875322274621022,0.0803714570670022,0.0030811010918759085,0.06086639884138464,0.06868054831602881,0.003922724564864463,0.18760173823769805,0.0036323830108567316,0.04454762092401116,0.01810876464757441,0.05026181754471596,0.01030573571589422,0.0027744918356896148,0.0014444670872262725,0.08213180104609275,,0.0803714570670022,,,0.6523954564923375,,-1.58446795542875,0.06516789216567931,,,,,
27394781,middle,0.03987307946159622,0.0664715187723826,0.035920560537381144,0.002530523561686094,0.048775419601067266,0.1564581003745089,0.003525489521745052,0.18162901689411445,0.003000449135308087,0.036579963749648337,0.022550132124682175,0.004844757949270688,0.005849120677668322,0.048097973699300085,0.046932563074412674,0.09150040105972601,,0.035920560537381144,,,0.024527789975936187,,0.18835861710694424,-0.5110621354708096,,,,,
27394781,end,0.07464293813338864,0.205602059153488,0.060074885717468655,0.006807728647175041,0.0022820192981758136,0.12933360302783845,0.006581138200920961,0.10572951192430664,0.006656971066582919,0.15981858982967442,0.10497421892162723,0.1204000858783085,0.0063467874409014625,0.003576599446598047,0.0018629669277075793,0.02429961965825945,,0.060074885717468655,,,0.6519850563934773,,-2.942722234073391,-1.0132180957729355,,,,,
28675670,begin,0.09774906942943751,0.04253774248911082,0.08939327045908105,0.0046029044760501,0.017765597685949912,0.06945975373031031,0.018620715709914477,0.26616926395046653,0.015594237339535057,0.03114171575830684,0.04009751777152487,0.02611795536609497,0.13892244440202633,0.0024835709543324794,0.0013878841345878635,0.05877354954306966,,0.08939327045908105,,,0.5815993465805409,,1.6712617117418231,0.8319986604753358,,,,,
28675670,middle,0.14892033731347507,0.06263515711669297,0.05421353021862192,0.007555971269317991,0.009035566165858282,0.08587520963652026,0.00586534776990133,0.16299458305151915,0.026352065928628866,0.06216013373820238,0.09754169147658481,0.031842541077200255,0.04578098201707615,0.019090344212171935,0.0172937066648276,0.04495980014477341,,0.05421353021862192,,,0.09883456817246028,,0.3630560384466328,0.8660755279550962,,,,,
28675670,end,0.09301257383885697,0.04695493031815446,0.1081986143787019,0.007125769320726504,0.02021624506001895,0.04813784671222318,0.030233696918399666,0.13120888488922347,0.019812253838613045,0.0699089445431708,0.08836640787944755,0.06064411339747594,0.1164577763644211,0.0028165271015959466,0.0013989789649755204,0.05221167825126392,,0.1081986143787019,,,0.6994023744171995,,0.652498297820495,0.6835359287258935,,,,,
28869598,begin,0.08388324714982776,0.15933553847468848,0.07288460188011882,0.005802754329095564,0.03776880175196101,0.09968318882752447,0.008329921419386047,0.2405548053051481,0.0232437112849244,0.07676414661989903,0.06682672691219763,0.0700574444106001,0.006885441855510373,0.0032620020995116493,0.0018216309573888202,0.1118594921815193,,0.07288460188011882,,,0.582366622815603,,-2.3197752837662815,-0.6415807211778246,,,,,
28869598,middle,0.03604284722323992,0.14468936396588394,0.083922813183388,0.0038682789649760025,0.023831823227962443,0.06724092698705594,0.023547994539878582,0.1476898453426298,0.00814796731867966,0.06404082144821202,0.03313549259974711,0.03534802726859454,0.05710252037235642,0.00944981048111555,0.0009835940418799639,0.09947253696451655,,0.083922813183388,,,2.261626366011999,,0.47959489270766475,-1.3898598624878593,,,,,
28869598,end,0.0405815175745762,0.09310817605341422,0.12952541899348116,0.0021187473815228344,0.0013441598590445835,0.04198543906519147,0.021847644031651542,0.30663091816289195,0.00400663524014563,0.020067481362063575,0.1627113233691529,0.042615457734163364,0.04525338726030455,0.0018338255408803371,0.0009885588209495588,0.057894581126146386,,0.12952541899348116,,,0.6174454744800206,,0.06005911101854622,-0.8304353684265746,,,,,
28963772,begin,0.12387693904174422,0.03928023136241174,0.04567148698731027,0.00455205505606599,0.003815815267404336,0.014735766975363126,0.005583961002163098,0.11789862281168768,0.005989073026143637,0.0332365189248145,0.10625660953643337,0.013669554979948616,0.007263054397172856,0.03972258165237867,0.038182879755305224,0.026119421503162318,,0.04567148698731027,,,0.03953157701599208,,-0.6323061184301064,1.1485498869102986,,,,,
28963772,middle,0.06895144629476509,0.09394960277875145,0.09243977206350906,0.0035635869214530784,0.01785086363952191,0.0977162461968715,0.003559423501306847,0.1442260869038739,0.010742018481896789,0.11850771678218669,0.11523091157332072,0.12061860571182748,0.05191276089130793,0.0033502577765323477,0.001828810549031745,0.03206251883735533,,0.09243977206350906,,,0.6051232946774565,,-0.8430579417295472,-0.30935205892467854,,,,,
28963772,end,0.038357491374976814,0.07998239449029242,0.06179564623701572,0.0029685730137357542,0.001182546010882799,0.008961838189738138,0.016242166039758903,0.13320903271125478,0.004653335473876388,0.07977377114867581,0.04818695060555066,0.024879327367830523,0.07574709654164263,0.017621994076809474,0.01668067860697565,0.05645716164994356,,0.06179564623701572,,,0.0548935031995299,,1.1133358902552106,-0.7348431230919941,,,,,
29424551,begin,0.05750484766020332,0.10281644484403889,0.04973661012350609,0.0057049569204235245,0.001563373350742253,0.03258518911675236,0.02365014805872239,0.26135011749967624,0.013111221298089518,0.05852542074890719,0.08845315085117612,0.026230002434884696,0.06893495162133952,0.01877977525834003,0.017642719906198596,0.07651892030540183,,0.04973661012350609,,,0.06245384660685849,,0.9662358258843406,-0.5810683944799302,,,,,
29424551,middle,0.08317096203652591,0.09732641488640653,0.051771718258570444,0.004460846845488375,0.0067021951213627395,0.019881807080184,0.0074099389542181746,0.1877330549528034,0.004769724634342015,0.0595241573608531,0.04895608835673703,0.09421749056610813,0.03871387151305845,0.039241041564299736,0.03809702106589179,0.031042625536122654,,0.051771718258570444,,,0.029586320720358383,,-0.8893926497870344,-0.15717040951146144,,,,,
29424551,end,0.06718621744701252,0.06391130372190436,0.06735742591829405,0.006945453969800415,0.011553919234717273,0.035305029047979344,0.005037721337304978,0.16978195584590955,0.01184175885348505,0.05932688731538649,0.06226764603327767,0.009074740236297589,0.04424204613711853,0.021225741772323805,0.020707767042833416,0.05657702400243713,,0.06735742591829405,,,0.024704651883101558,,1.5840932640986298,0.049971123515860416,,,,,
29939161,begin,0.03137109983693204,0.06065960988717465,0.20940744459998226,0.0008808105227176473,0.0002595798489838595,0.12348255533012382,0.0007478935803325773,0.3533266793355203,0.0067762965308400674,0.08079994672429552,0.12141544857766949,0.07647236603920524,0.0009283714252529125,0.07790617305310084,0.07769525498627496,0.050649384808363396,,0.20940744459998226,,,0.0027109710712625024,,-4.410189332035872,-0.6593755986967884,,,,,
29939161,middle,0.21071065818401866,0.12762369625378991,0.04687545451749557,0.002754153364597605,0.0005052293519684854,0.08452300520775118,0.0010793627434459772,0.16672926140942543,0.03238208743546694,0.05325521277522558,0.08017351256068787,0.04612181926739328,0.10253919303388354,0.0017200398281609006,0.0009022735282004489,0.041188095375511595,,0.04687545451749557,,,0.6446585203265025,,0.7989470263892255,0.5013967535135899,,,,,
29939161,end,0.11329437697901941,0.039767712922311155,0.10854435326944782,0.003749771476263659,0.0008842072699887663,0.013757824070984139,0.011630240603029819,0.21624798944851917,0.014867861374044906,0.025235820600796394,0.13623505912467687,0.0028552805003645982,0.15474699331862013,0.0025184423843295626,0.0012653238518592455,0.010553669592276268,,0.10854435326944782,,,0.6879195028137604,,3.9922776901662402,1.0469178681726348,,,,,
30291077,begin,0.06343829276247319,0.12641764029253252,0.05670083046096461,0.03212776541058401,0.04305999495337597,0.0901120069765586,0.0627439587708024,0.2702574910733335,0.022097257598522622,0.03975497336886469,0.013658724479057164,0.07299054029812956,0.03691383787388511,0.0033772785416731417,0.001832266642298832,0.1118492463449454,,0.05670083046096461,,,0.6112668465759183,,-0.6817299674809094,-0.6895155123768615,,,,,
30291077,middle,0.04814337874564033,0.23458567097040425,0.12604059288011793,0.009471443056402129,0.021895694340970436,0.0712161571129816,0.023624024517346416,0.20823933853039817,0.024317231436322542,0.021966483772128516,0.018916101541746912,0.0651476091580683,0.035392816731715876,0.0025039713840952437,0.001304119623744316,0.0687165507088911,,0.12604059288011793,,,0.6519826086786376,,-0.6101338187523142,-1.5836207318322357,,,,,
30291077,end,0.022104733365643302,0.14506429483983174,0.08408274861007622,0.0048009779008298175,0.030135664423938967,0.04886168281940355,0.026311169327461605,0.29608822711335103,0.0044166095465897155,0.07574195407497039,0.08506725968751006,0.04594491521175381,0.014636658599744515,0.021522332179771564,0.0012519654103281227,0.045314904339047134,,0.08408274861007622,,,2.8436244943258417,,-1.1438673844479212,-1.881346947114361,,,,,
30618705,begin,0.034109625297583934,0.182473790266504,0.07263782898733653,0.005586086205477746,0.0007417052524449915,0.017531878669303853,0.08926771847569541,0.1653381320261799,0.003951224173941837,0.07051238975734649,0.02505560727518446,0.04143622376538186,0.045873778132070366,0.0008000266521286893,0.0004737734286267636,0.06017414156484235,,0.07263782898733653,,,0.5230565222108199,,0.10173586837649884,-1.6770030998957655,,,,,
30618705,middle,0.021454748359852904,0.04171219891241222,0.046602969968554744,0.003832052968831064,0.03321096152411,0.04214546381913683,0.0039004788039140566,0.08741512825954752,0.0034977115077797047,0.14527677615499135,0.07411343140978514,0.004206545697952221,0.09612451149291745,0.039098093379849326,0.001289060840132982,0.0566163281249306,,0.046602969968554744,,,3.4114098993511317,,3.1287752408404392,-0.6648250011282291,,,,,
30618705,end,0.12961433260772387,0.08332203462243626,0.0437059007122443,0.008915087308501091,0.016505092792964988,0.07820630928986712,0.028956185339978718,0.14315312085370685,0.03025883270599826,0.1777027303998267,0.04218040141010547,0.07852228484253745,0.06083810035125181,0.003809753839377558,0.0020217636281824125,0.051820053541707295,,0.0437059007122443,,,0.6333623185358253,,-0.25516252284690255,0.4418460470526231,,,,,
30627346,begin,0.031482796773837814,0.07678018721142586,0.10902394375950974,0.006117208262205596,0.018373494976934857,0.07094845544815996,0.022426933659003202,0.17741981786497008,0.007297774674824194,0.10592880878978322,0.06295867242859927,0.054719604976077536,0.016382266912798593,0.003827200526826833,0.0022339525981854166,0.06718044303564517,,0.10902394375950974,,,0.5381748374722015,,-1.2059798253383822,-0.8914866266054173,,,,,
30627346,middle,0.06153684281974742,0.11861739887138387,0.05206336813552728,0.0069370874863043264,0.03683514501989345,0.11309543900312166,0.032598016359883505,0.22486538729028138,0.008189007363503685,0.048227215880992505,0.037833413269188,0.022737303145872346,0.009504469543269936,0.005728908989949157,0.003267324832770102,0.14289852838876724,,0.05206336813552728,,,0.5614220774295182,,-0.8721834914158229,-0.6562592923776736,,,,,
30627346,end,0.06621205419401632,0.11323676301968638,0.07322761703228438,0.0044988998021967385,0.001966550294030045,0.01802162240700067,0.03474220343022339,0.19102915214616165,0.027190998921878057,0.04857391168528698,0.03754205301451932,0.005060956761548695,0.06957542540246091,0.016010811652667798,0.001669591898739803,0.09069065608105635,,0.07322761703228438,,,2.260148684158878,,2.620672674167278,-0.5366120689527039,,,,,
306364,begin,0.18959360288064434,0.044465823546147726,0.18455131424225515,0.004984585791368504,0.009959605762576628,0.04183298457146257,0.033369536277372394,0.18407108213056364,0.024747413825634043,0.10512043007147515,0.024811395045938933,0.00553469607029659,0.0063693093128526996,0.010721209461513092,0.008684710379216998,0.072134692910277,,0.18455131424225515,,,0.21063805073455644,,0.14043070994129803,1.450144750764874,,,,,
306364,middle,0.12584083447679345,0.06309665666184752,0.20513551209906591,0.0030771064658292827,0.07184302150752014,0.04925041372849361,0.00916063600247179,0.19292240808617578,0.017757437288917464,0.10083501859151617,0.08527573999187635,0.027703923156130173,0.03993933458807495,0.022962595474967824,0.021630648420268284,0.09596836619839758,,0.20513551209906591,,,0.059752709565876305,,0.36577657655115603,0.6903422045336143,,,,,
306364,end,0.15600524677090805,0.02575586647263305,0.11077998606799849,0.0030239995988733115,0.001010366383694187,0.020739771463851742,0.042073345751110415,0.38050146262310625,0.006568137468218125,0.04881451280882818,0.04852023056096531,0.031154178567309388,0.0031860641404337924,0.029425879497090864,0.027996793421130425,0.0767865398152494,,0.11077998606799849,,,0.049782824582573326,,-2.279880316678979,1.8011947991571793,,,,,
31276376,begin,0.1094889980448749,0.14800287818642355,0.11371598267083313,0.0061148292664706715,0.001416007806695151,0.06297743114406133,0.016523228640199575,0.18094389317121137,0.004141164292434795,0.07043574846935688,0.03205790080568564,0.026044318175386754,0.07500986573177842,0.002268412748716937,0.0011718702478281885,0.09244742715617399,,0.11371598267083313,,,0.660067149127948,,1.0577949519727556,-0.30140527435443953,,,,,
31276376,middle,0.056084744470777985,0.04659971308800606,0.16717686292671832,0.0066805486619881775,0.0037557537229962732,0.021888680094858587,0.0061896424440859715,0.1896010184397276,0.024757767517255447,0.08643841484309123,0.03737246740802125,0.014578837162929544,0.039502454208039016,0.029841686266508863,0.028762428651978825,0.0801829473872655,,0.16717686292671832,,,0.03683505187899616,,0.9967485583936888,0.18526582764988175,,,,,
31276376,end,0.05543889666779177,0.022514166181884423,0.06184422310706573,0.004822107817374799,0.014455304349486737,0.029985342064934233,0.06291245073212977,0.3200113513303899,0.04961574764045918,0.05048793945210106,0.05371926337111984,0.02379603722680585,0.04980542624716853,0.05790505017068877,0.056504566041865496,0.07742462595882307,,0.06184422310706573,,,0.024482725253218707,,0.7385829301536124,0.9011103563561425,,,,,
31424202,begin,0.12522038966939894,0.10224327427648609,0.06046763967822403,0.006276507009770521,0.0014758644650856528,0.040463120039447645,0.026700463374963613,0.20409200460143487,0.024483523005323492,0.04156913444673191,0.06030716802018725,0.009672182005279367,0.02093618062622984,0.003022062301958582,0.001541846314825851,0.06271735469756429,,0.06046763967822403,,,0.6726413580179296,,0.7721692409681951,0.2027184920195828,,,,,
31424202,middle,0.14839119052051658,0.11316661895529885,0.057479303549979766,0.00417193687910524,0.030134811398542124,0.07631726815159891,0.018725043506154143,0.12879624029628953,0.026824030218573523,0.07548311024966402,0.048947165746498614,0.04208409999880615,0.06826893936049608,0.0008427611759652062,0.0004752821250784166,0.08333846576324645,,0.057479303549979766,,,0.5718591092885381,,0.4837757844233139,0.27098863160686526,,,,,
31424202,end,0.14256900617242166,0.17000960693618128,0.07299406143413681,0.010222438142774896,0.00962014202224079,0.05527139448333995,0.007005181065776932,0.14643474784092908,0.0074024893027747505,0.0709989179333163,0.037733437666982644,0.003825369953367343,0.06444191305278929,0.0029974060155449566,0.001573601809962309,0.05724950806926197,,0.07299406143413681,,,0.6440783980696896,,2.823863202049521,-0.17602767838625488,,,,,
31625455,begin,0.022999718172030566,0.05980807012715508,0.09692215505184132,0.013394898065779917,0.007315538563680828,0.020411506933163102,0.0710331498026688,0.19718913973922603,0.003498426755405687,0.06839408637793995,0.010286713531238091,0.04973495942763272,0.104382574065724,0.002351987537370935,0.001255632261764706,0.061718385132594276,,0.09692215505184132,,,0.6272504787352995,,0.7413441253224624,-0.9556318835097763,,,,,
31625455,middle,0.0861392083641617,0.11800122773810834,0.10334922245368545,0.002702603860322398,0.02685475722619181,0.05378615259074439,0.053331501813632186,0.2079879706634329,0.0037674211298404678,0.05364801732669176,0.03451269990381908,0.035846011581781176,0.011036166666495,0.0023960589253796457,0.0013222201257135123,0.08085660033121951,,0.10334922245368545,,,0.5941742830684777,,-1.1779918392419542,-0.3147272048995853,,,,,
31625455,end,0.10065484648352122,0.1171958834017758,0.08097046218323256,0.0015965287379578583,0.005071223486767948,0.057260080270907066,0.04626906540382286,0.1630493689378082,0.039051514690803715,0.03387514759361775,0.012179575132311512,0.02803165093183442,0.022133345550134995,0.027735261679963725,0.026971008412393645,0.03521486132886265,,0.08097046218323256,,,0.027941040240784698,,-0.23623943605618214,-0.15214804698754536,,,,,
32195234,begin,0.09545668846813687,0.050182562207707004,0.06663430717934062,0.0021492705828818136,0.012779881813656586,0.02411196616086119,0.04543778514327684,0.32848040614050134,0.002655540279337988,0.026117348857687194,0.03033865158767505,0.023437459144548034,0.023650829036001814,0.04494344368229823,0.04445995706920886,0.03545090053237473,,0.06663430717934062,,,0.010815707377534345,,0.00906222322803174,0.6429955696062732,,,,,
32195234,middle,0.0662670313779541,0.1983095414732795,0.1077558652396427,0.005926067753201423,0.014006178096930208,0.04633130656174991,0.005291818255033003,0.3120319579236709,0.006233677217979857,0.030529883097593344,0.09060502298167351,0.029255635808858402,0.021573450154809486,0.003038245318716181,0.0015484267198815733,0.08666106759455551,,0.1077558652396427,,,0.673724229800742,,-0.30459666185593814,-1.096126593755589,,,,,
32195234,end,0.09347443592985145,0.2595638386914141,0.01510491451534482,0.012595576570733883,0.02584639191210772,0.06154213151969352,0.016245630991745676,0.14609627326453875,0.003753709052138919,0.04350442180093244,0.06236271919193015,0.029432368485075744,0.015044567709846227,0.0032647141893773785,0.001748685976204286,0.058135267650061,,0.01510491451534482,,,0.6240421501470896,,-0.6710455697337112,-1.021307847028025,,,,,
33743772,begin,0.0487232901227661,0.07292547686912136,0.11403797358583961,0.005131425818641432,0.0240890062381466,0.09665702424677818,0.0032274284745831,0.19649493999830725,0.0030332209450226358,0.07013979571563614,0.06483180333905472,0.03127782350639352,0.150894168764383,0.003202601570351987,0.001736635975147594,0.05922243860982137,,0.11403797358583961,,,0.6117501131783296,,1.5736440458390861,-0.4032740912074102,,,,,
33743772,middle,0.1416612372826621,0.046509465834720494,0.04793171265695385,0.0055438871399170996,0.012425707928026379,0.07891337183781374,0.14828927243021764,0.2210023863203439,0.004013124524022059,0.1263817780602583,0.03272992482375648,0.08401561479149171,0.015975224747041803,0.03142111510047199,0.03021650326201432,0.09421743435897885,,0.04793171265695385,,,0.039090612869719266,,-1.6599129106148771,1.1137682545445846,,,,,
33743772,end,0.052707133797823005,0.06376283365134952,0.023656319148046702,0.0024411538004954626,0.0009903094996756253,0.03448281799651938,0.23944754907968474,0.13021048313093928,0.023790117419530063,0.1426707313035737,0.06687985725703978,0.10018224888874694,0.003569687084455105,0.0013787789473790836,0.0007941197468501513,0.016214065747055643,,0.023656319148046702,,,0.5511858539816643,,-3.3342429600111014,-0.19041637379776022,,,,,
34272677,begin,0.10258402520530367,0.0756673207938838,0.07390813798592659,0.004609336930298347,0.06904429772921838,0.08118925710383185,0.0016683449872922816,0.14019007233892927,0.002741359319021932,0.007258056223044239,0.12897181094587784,0.002950231493740033,0.05728453557364405,0.002923983767194547,0.0014828362708210726,0.1515394753101481,,0.07390813798592659,,,0.6786581219683114,,2.965825619837798,0.30433237963331594,,,,,
34272677,middle,0.1202973287574309,0.3367957114211453,0.006926778724404863,0.0012980922541700661,0.000700052563437283,0.005129201883897637,0.06481879441682184,0.18933563363207243,0.04432931620297741,0.0618847740251702,0.0074454594329925,0.04138432705972835,0.002225640413476501,0.0014629256744680696,0.0008360964998878761,0.0474770851316601,,0.006926778724404863,,,0.5589375680046089,,-2.9224324907068513,-1.029504787538051,,,,,
34272677,end,0.17437297950466807,0.5139671663346879,0.01534011762154334,0.007870885860974878,0.00021843348185423818,0.07448766452053371,0.000586642553129587,0.10070712800643628,0.08759274472364291,0.004013370705084477,0.004027297283509643,0.0027697834493263674,0.03492879094228961,0.00439093675469007,0.002315640448616797,0.06932728155081827,,0.01534011762154334,,,0.6396522502867201,,2.534209959852127,-1.0809590300807024,,,,,
34322023,begin,0.07440891928623351,0.021147733826496654,0.061335269138901485,0.004746159903182065,0.0020857769273846336,0.01821205273711633,0.026971199301309902,0.381983490232325,0.05081793264711235,0.045859088977839836,0.05271536831084925,0.03030697432417761,0.07101924888143765,0.03636219627906959,0.03518524094894814,0.03553403252231345,,0.061335269138901485,,,0.032902047853229366,,0.8515541749884479,1.258009219351195,,,,,
34322023,middle,0.08752816967091917,0.035831071780568914,0.05689776189043333,0.0037033622460140346,0.010313020774986928,0.06910866276157068,0.030572750946909547,0.2325667767139197,0.08793400479329773,0.04434605161041423,0.0403916125829684,0.04087887285327527,0.05267667297748266,0.013802789665564096,0.001108022600785143,0.035223760895077096,,0.05689776189043333,,,2.5214640803223487,,0.2535538674627351,0.8931287533203625,,,,,
34322023,end,0.058620571595537976,0.015339008673810257,0.08979857774899055,0.0041127127802296475,0.0023426525730410536,0.06121814750021909,0.02938048390575525,0.26564098853565976,0.049175086390614894,0.08593509063752418,0.05847517008474245,0.04885018773428834,0.06718659554268312,0.01004079398217068,0.0016756119600175219,0.04805234920019741,,0.08979857774899055,,,1.7899807150936669,,0.3187099482527942,1.3406383834333346,,,,,
34438741,begin,0.12807008360292582,0.13483873926692166,0.06065500405829476,0.008340835502922288,0.014881182334285302,0.04062706233022419,0.028747275520653787,0.19707767713715718,0.008499115356571822,0.05635667455936226,0.04905648611634018,0.007568287343312637,0.07881612784091178,0.04791163662566974,0.04361772809294005,0.060482668165516715,,0.06065500405829476,,,0.09389268072521384,,2.3430314108452546,-0.05150150629320027,,,,,
34438741,middle,0.13037925956658405,0.22424776023804718,0.0611925093416069,0.009659641848486873,0.016329737966592317,0.06438611839201722,0.023719726127801065,0.17888983752820345,0.023105313463148806,0.04350589263440853,0.015396689161021741,0.019913314033589098,0.03441624929013648,0.014915542326523588,0.012858754389551613,0.06874826931751647,,0.0611925093416069,,,0.148368200529573,,0.5471191002269045,-0.5423007181011839,,,,,
34438741,end,0.09805390779054633,0.09121959308691852,0.026367246815366792,0.00778932005119784,0.01846272513454464,0.05038493145519521,0.01910590634783759,0.201050980395715,0.0067466040706155046,0.04533557673752767,0.039350623168515605,0.029478933715549032,0.058745432302767506,0.025147034668357316,0.023674927304232606,0.07767055794994998,,0.026367246815366792,,,0.060320942710504255,,0.6895206055552294,0.07224693236469637,,,,,
34812836,begin,0.12980671675970873,0.07771176704467271,0.03354062302332051,0.007665564565456969,0.013063307823321938,0.04000037639457118,0.007532118204948319,0.2022938982835079,0.029514271440634163,0.0227044525110746,0.09771014179411092,0.0026093808052660076,0.03409514875521081,0.002072977179715398,0.0010417143414203258,0.10353059638116172,,0.03354062302332051,,,0.6876408498783686,,2.5696883250887597,0.5130346977511113,,,,,
34812836,middle,0.051856412562585774,0.1238681541120861,0.10120954359155862,0.003921871767388734,0.02671799020288094,0.09867511723027149,0.003994120759069704,0.270724526291011,0.027950389307620654,0.031109346447263146,0.03014166170771451,0.0040708474578722825,0.026147894080120866,0.05694139455833774,0.05573873471819177,0.0982398821871286,,0.10120954359155862,,,0.02134687225776677,,1.8597100809087155,-0.8707279135793846,,,,,
34812836,end,0.06628355898089815,0.11399820897656739,0.0741909783486379,0.0045763164442291105,0.01743060692368964,0.0931362490388231,0.06521953742270245,0.22222132800687774,0.026144789481188833,0.10740313731293567,0.025303668937860586,0.03427666563040128,0.014509705160647762,0.030429247725275187,0.02911644634873483,0.11603832174086945,,0.0741909783486379,,,0.04409957928480823,,-0.859607330313366,-0.5422345357168141,,,,,
35008850,begin,0.10446377094010798,0.07500404749703068,0.06272188238082192,0.0027904033602737157,0.04718336337638723,0.13074760961289078,0.0018010665980678243,0.2506790077346262,0.002369668119328588,0.02065607913682755,0.04241279526764008,0.0020196118585785556,0.053833644797544745,0.0017613865285106517,0.0009347952554622645,0.11198712155408332,,0.06272188238082192,,,0.633027443241664,,3.2825168494276658,0.3312944831445468,,,,,
35008850,middle,0.05352483446595428,0.09237573943309337,0.042457205855511854,0.012570523318655548,0.0020973842081286557,0.01903538695650197,0.023489724290031294,0.14911302176594463,0.01815403733558708,0.04304097016747226,0.07220681314151281,0.004375944777153564,0.027737191063900195,0.003524454151677998,0.001885298130326224,0.05279247357222821,,0.042457205855511854,,,0.6253930181376237,,1.8464592608428219,-0.5457107846557423,,,,,
35008850,end,0.13916567411088404,0.021089116899115204,0.02806860110077783,0.00507045095480047,0.010290863787376541,0.07216181394268864,0.014573243941451689,0.15734697038465564,0.004324990147365303,0.05089818224907332,0.08912514097119302,0.012814727810749214,0.029199502785106964,0.017551828994966347,0.01643141540601647,0.0670969962683094,,0.02806860110077783,,,0.06595920004114486,,0.823512775930995,1.8868677717694808,,,,,
35053870,begin,0.07814058896366012,0.0285274588199654,0.08293660698991415,0.003062812207977527,0.0016122228797520242,0.03182927377379498,0.038494982692814164,0.2549660633882269,0.022667060204359064,0.06727443492107095,0.048686596804852156,0.031159002388296615,0.05248936636041688,0.002575469318319581,0.0014139994940251836,0.14042442859421356,,0.08293660698991415,,,0.5992908069206413,,0.5214943572141806,1.0076202801141148,,,,,
35053870,middle,0.05713149135690806,0.10395695253996752,0.04477809902826777,0.0031146918427946385,0.011942657249030103,0.06612415024244492,0.026167807015592348,0.20098481542210417,0.005128945520004949,0.044264730495463624,0.05510515027629945,0.028320680671358983,0.03887535226669088,0.002403630961595613,0.0013455892104936116,0.15577193045852614,,0.04477809902826777,,,0.5798215607710473,,0.3167585420849708,-0.5986135345454064,,,,,
35053870,end,0.06257764136192685,0.0947196945455003,0.10027735821067618,0.0027595376008176086,0.0016898087445452318,0.05509437624563105,0.05316432977660339,0.23823452207441,0.012214089883097745,0.02675744694991121,0.03850299438899182,0.004649762893078443,0.030055535248390202,0.01526797390556612,0.014087646200257842,0.09005980220648195,,0.10027735821067618,,,0.08045368123392294,,1.8660488473137948,-0.41450847614077446,,,,,
35109856,begin,0.0962386837704769,0.06465092153932855,0.0637723956725691,0.004478534534933077,0.020467200512528507,0.02944748896627026,0.020910004314389365,0.28635558446361464,0.01292131405170002,0.0615104860056245,0.05103432073803808,0.0029772728154844738,0.033734137133884345,0.0024188811998441012,0.0012716854539002373,0.05277778415596342,,0.0637723956725691,,,0.6425892493628318,,2.4271963987344423,0.3978239588558723,,,,,
35109856,middle,0.0939398711300566,0.03483861128535159,0.0934918350048322,0.0030034688500156777,0.02108850046005059,0.08214653122435228,0.0040162964632504345,0.2948818585116193,0.034235687043531034,0.05985322187335272,0.028808395786838036,0.005708826639309079,0.0583714073785322,0.028584671069328278,0.027360780498261787,0.07797482617772025,,0.0934918350048322,,,0.043758413387821715,,2.3246546394716048,0.9919105590307877,,,,,
35109856,end,0.10120353778911442,0.0983538127669836,0.040109269256017606,0.0027876043830590267,0.002276532023364373,0.018910807437348784,0.05000294669022644,0.2673996274390848,0.006175341670361486,0.024432068825745747,0.018243739657943764,0.003475215086364234,0.022756007491966327,0.050405408263285885,0.049508365624051816,0.09737205770357045,,0.040109269256017606,,,0.017956458871735137,,1.8789290365539975,0.02856211692472055,,,,,
36429604,begin,0.09912794453999245,0.033988287639269824,0.11335880908955119,0.007352919797358274,0.0016007627732321586,0.10958530615469453,0.00840050702309141,0.2632987661854856,0.005989456082871735,0.14579795214170588,0.1196586084934718,0.13113702227137172,0.022502152321570906,0.004811837769159633,0.002683495514761266,0.02141787280450562,,0.11335880908955119,,,0.5837940628624176,,-1.762594971096033,1.0703760672190197,,,,,
36429604,middle,0.16561606670517615,0.08437221150713681,0.0630005602257629,0.004546101093125889,0.01333520145013874,0.15340258827466918,0.004494077414452052,0.25622225737424403,0.004733322813408372,0.08583117149658834,0.18521165162621944,0.07336097562882453,0.062053188873233966,0.002536940503153135,0.0014136378789596346,0.032988193269399384,,0.0630005602257629,,,0.5844793441898215,,-0.16739774078409564,0.6744283444391443,,,,,
36429604,end,0.17620264241279548,0.0802071066867222,0.0194404440880568,0.006133346643010727,0.0017681542926085913,0.09333352891172482,0.058100026881242356,0.20689498518342336,0.005141687558722858,0.16589171147724457,0.1557522859241675,0.15258946042085192,0.005927925200002933,0.0032115937568328104,0.001854490783105394,0.015949336279296043,,0.0194404440880568,,,0.5489294006330407,,-3.2479146545808044,0.7870157946787486,,,,,
36437212,begin,0.13417820371720404,0.026585593137494524,0.027259276490682684,0.0037713729881560013,0.002306584930553298,0.01631109997873579,0.0039025678904439473,0.3198318923007873,0.005877249715879563,0.08911423236846185,0.012583190293052271,0.003988195155193984,0.0053586341003928955,0.10040730601835055,0.09916130410699124,0.10909582184441916,,0.027259276490682684,,,0.012486989950709848,,0.2953062128362509,1.6187691763390695,,,,,
36437212,middle,0.08080572178799907,0.2308726773330164,0.008144018114685077,0.0019054123750729631,0.0007991274866592343,0.12296869700382682,0.03136176869984248,0.0628597658443674,0.008371767740642643,0.19223458622277895,0.007752099514322446,0.13561331479558983,0.0031745779927088787,0.0016392270723715526,0.0008205472633390393,0.00988050119913998,,0.008144018114685077,,,0.6914005011993973,,-3.754325275549556,-1.0498105570593754,,,,,
36437212,end,0.12361653083539138,0.18452624892248448,0.0026228800013116255,0.00046285557649076504,0.00025548158716677094,0.01508661527908587,0.000664407284695155,0.3841763688601841,0.0006058385076781035,0.0634868394056935,0.0014821214897362425,0.061803581922693696,0.0800150852731822,0.0005216284673472685,0.0003034410114512394,0.21602029838838574,,0.0026228800013116255,,,0.5403934784115849,,0.25825017751837986,-0.4006047730084472,,,,,
36512901,begin,0.020686717040011376,0.013110042601779108,0.040504544512607155,0.003734865878318943,0.001532754227510625,0.010820448105015193,0.004787523476457846,0.6743201609298307,0.004892196431653764,0.049350214116845065,0.14787958611206342,0.030349147684804154,0.004234600292678642,0.0018977304594286022,0.00099412684634915,0.014480858319942728,,0.040504544512607155,,,0.6460705497739676,,-1.9692763198759695,0.45608532261455537,,,,,
36512901,middle,0.023734736463226037,0.03212890946078288,0.014202039633641183,0.00651337306930746,0.0017309121682630617,0.010610538111965696,0.0067960938007681606,0.6711265582525177,0.004007874929635553,0.014709309590959962,0.06502038600526207,0.0037627267344624545,0.047749325058239867,0.0022515929446036455,0.0012053945857955428,0.0160752195522654,,0.014202039633641183,,,0.6244457421542595,,2.5405762550891993,-0.30280557512415385,,,,,
36512901,end,0.09101028801674628,0.08920025041883857,0.015699323094829683,0.004283350162828857,0.0019482795533890282,0.06984124425869007,0.034965083288406286,0.4920847090167251,0.021339332178033812,0.016377868799611856,0.009639211264479978,0.004245944549893181,0.060790697174777086,0.028418425871789024,0.02729274629124474,0.017966287479901564,,0.015699323094829683,,,0.040415318540496514,,2.6612534250758992,0.020088485327956374,,,,,
36564103,begin,0.07524671511346807,0.0212898687913075,0.11498908464430671,0.004291622543857157,0.049430980761537145,0.0914931823931025,0.05000094116184569,0.20542155041043927,0.03404968657413482,0.06290717482254723,0.03295020173400475,0.002654574830656637,0.061607279811830416,0.014145367974319915,0.012850533508457976,0.13124980163426403,,0.11498908464430671,,,0.09599476748066937,,3.1441351340554657,1.2625072536718438,,,,,
36564103,middle,0.15293486407566706,0.03304730540287499,0.08431455132728,0.0077228178762483515,0.0011881916482907803,0.0775025722653035,0.003561112279478779,0.2393009078931174,0.0046897529034919845,0.02453225859913743,0.10374664742848863,0.034989457922581436,0.07291524493764089,0.038789746415127536,0.037485033632028174,0.05522081880435316,,0.08431455132728,,,0.03421329660400074,,0.7342360593050365,1.5320483532176106,,,,,
36564103,end,0.1462636858741694,0.1078792647321067,0.05908635521617628,0.005625739632221558,0.017302454481220815,0.1015307702198389,0.02543304631973563,0.19076344515734062,0.014661092225218228,0.07546063082674884,0.06209987897213919,0.04902939488503906,0.06870638761989661,0.002470147838490876,0.001233400952496864,0.10699332454958584,,0.05908635521617628,,,0.6940969609404419,,0.33741631836512687,0.30439594508589085,,,,,
36600859,begin,0.026413572519950277,0.059655392540582206,0.009899901568417548,0.0011695638591317577,0.0009435638145937619,0.06222765293773025,0.00230522061777547,0.12916217630418717,0.002700073782106008,0.035217294269947436,0.005966766558001409,0.028631904392176152,0.09960857768605819,0.0017041843849350772,0.0010234632505359026,0.007556782256947136,,0.009899901568417548,,,0.5095044311254373,,1.246701761746837,-0.8146854630343885,,,,,
36600859,middle,0.030905794078691835,0.11247028063337373,0.029786946767635374,0.00412743228435759,0.0029042793585896554,0.016245802273882858,0.01766026777809956,0.15793186123179387,0.007834511688147278,0.029820557679541237,0.017402947718053743,0.008105457996338224,0.028083484478714154,0.004846566724872138,0.002859253962133739,0.023779610467146387,,0.029786946767635374,,,0.5275664540024732,,1.2425562425489671,-1.2917218729632807,,,,,
36600859,end,0.08406997299945704,0.010065037337929872,0.04878774412772111,0.0030797048037717184,0.0012782386087718564,0.029052604526833895,0.002506402482437366,0.056067756582597356,0.0029053194571048778,0.018627478841254142,0.00597650556955273,0.0020142784132606588,0.003594773197675097,0.0017308256697566736,0.0009266744299577663,0.011418971104735868,,0.04878774412772111,,,0.6242505900469961,,0.5790016876892565,2.1224942411035452,,,,,
36662463,begin,0.059637129201593427,0.003276459429678794,0.042864548523756846,0.0008875927809740933,0.05699677853533443,0.05924668544921544,0.12926642473539202,0.2786131538375739,0.01656730703814824,0.03433812696180709,0.11259513133436765,0.027769346616906575,0.10959428567866236,0.05702157620507228,0.05661812064928103,0.060706182618104086,,0.042864548523756846,,,0.007100514371974231,,1.3728255767636481,2.9012265630780543,,,,,
36662463,middle,0.0624297736764892,0.29421241439948415,0.024016910567920137,0.0019297190906629072,0.0002475320946738865,0.003919234446801241,0.0934730726881003,0.18179903831573044,0.0006883532887205699,0.00842354007830478,0.054481898138121466,0.0005742738287334072,0.10930402043465501,0.00035510094867521294,0.00020395250966192917,0.09534693894339975,,0.024016910567920137,,,0.5524359622345321,,5.247051454400324,-1.550247081618656,,,,,
36662463,end,0.04169463299090426,0.09791333903152642,0.07935773679567583,0.0065967370948948525,0.008839229731579929,0.025634442409853284,0.09632178917603401,0.15727825107561402,0.004198842443374828,0.12765121998863563,0.04681704901291409,0.0015670536248348853,0.03949133363301961,0.0009936882201235287,0.0005505135893643485,0.05478354576090122,,0.07935773679567583,,,0.5897628623226083,,3.2262714469746188,-0.8536966060327664,,,,,
40131614,begin,0.115710835789882,0.033106766065831225,0.08807986819733192,0.004171099579536449,0.0009018159753885482,0.07890632062619861,0.00873329047137275,0.23285380183364582,0.003878756573810695,0.010623402172646412,0.09567249352361738,0.02526854622514729,0.049514249069043725,0.002607700618090201,0.0013316034900781831,0.01840634669578419,,0.08807986819733192,,,0.6717177097504257,,0.672680719953183,1.2513350469924478,,,,,
40131614,middle,0.09824326206046885,0.06378386694983641,0.04235031772510042,0.004574038005272814,0.0010821292196123865,0.052600952639605,0.024226875992535854,0.25653137580525015,0.04526920328943356,0.05069541141486261,0.05811503025588851,0.03681651730300893,0.04047321761233885,0.020658832082701934,0.019358986338154655,0.07284767453321413,,0.04235031772510042,,,0.06498295983173596,,0.09469142364578431,0.4319408805518794,,,,,
40131614,end,0.12041875223324881,0.06013304290272666,0.09480841770709793,0.002102837856213839,0.012195790561018516,0.08765916483158012,0.019451399788380796,0.24121520200300836,0.035408806615873166,0.02112917740785463,0.04541142916312708,0.07269079187437874,0.06527558672365899,0.03079059165928317,0.030279380588883825,0.07809143396432744,,0.09480841770709793,,,0.0167416571576946,,-0.10759505151881399,0.6944074556873105,,,,,
4066312,begin,0.049839848821777305,0.038224984048997074,0.06455654004721725,0.0021057910347547118,0.0015867393922945128,0.026969039585793927,0.0037100883028406773,0.11250028613804411,0.006562562135269337,0.050297185140483834,0.11012779319836181,0.04810875831867313,0.023463649490169727,0.030404227530261237,0.02933656230400801,0.017985435853696406,,0.06455654004721725,,,0.035745866987833,,-0.7179900206078651,0.2653194101878986,,,,,
4066312,middle,0.13402649593339402,0.05647307560772222,0.08716188483465302,0.0039318425342826,0.0033267022089280254,0.06633157400465084,0.02024304296174885,0.16432582738299786,0.02273729088154599,0.053632655308058885,0.06356447128599525,0.01937180142252957,0.035530736867858854,0.0046777381804276544,0.002519223890992568,0.040143013411967,,0.08716188483465302,,,0.6186807108001604,,0.606556199547998,0.8642632783821043,,,,,
4066312,end,0.11652841150576948,0.028605576649673958,0.08788256569173498,0.002650773014108239,0.001592480145074326,0.0714524740404811,0.004131208182764846,0.11073405777711823,0.006671593146431278,0.07801225966231025,0.022121348204863944,0.044722851141175454,0.0911978144283231,0.01578153066932745,0.014451468130439184,0.05824777919028084,,0.08788256569173498,,,0.08803846965912943,,0.7125349554147586,1.4045070562437454,,,,,
40727118,begin,0.15662390089821268,0.03586692286978743,0.09784669088043603,0.001929921811193834,0.0009389951231919254,0.067293851012281,0.03146796354272678,0.23930942823523774,0.010518035523075491,0.09118731394933537,0.00736552856614002,0.04080572637752595,0.07323366474239905,0.08421644518016112,0.07310230891316291,0.1175150367500074,,0.09784669088043603,,,0.1415284558995511,,0.5848219409106741,1.4740103977863335,,,,,
40727118,middle,0.11421975937042189,0.11308083871262137,0.09004201797141036,0.005391340085251049,0.02528856160816218,0.06104756667965338,0.002725338623354508,0.18037111960376737,0.008122005352039288,0.10194634817175598,0.05884046752113938,0.0730770813095194,0.04878981966696583,0.003458334123932581,0.0018510661339735984,0.05042702881588229,,0.09004201797141036,,,0.6247742757429364,,-0.4039863029226858,0.010021268553990659,,,,,
40727118,end,0.05799101772590226,0.08633581372700275,0.0965183704223446,0.012004882104233523,0.05389414891698997,0.12237798159520015,0.02199008887157687,0.23120642907603733,0.021286535554152018,0.0951887102638656,0.03702457610091195,0.09353069237238464,0.0069647169336788705,0.020383510867323536,0.019258588344833044,0.13705431706038154,,0.0965183704223446,,,0.05676630868744503,,-2.5972997990162017,-0.39795070999935467,,,,,
42427664,begin,0.07530832734466401,0.06496888194421853,0.07397972367740892,0.003459291759124089,0.0009224877300461373,0.05895230591512027,0.02155669775298818,0.21066601284249534,0.005004627458539873,0.07374091458441534,0.08926713513515663,0.06744731189981046,0.07173563154913153,0.026113722044300777,0.025477217695610708,0.05251925380929784,,0.07397972367740892,,,0.02467533919938969,,0.06163996249725612,0.14768018844440212,,,,,
42427664,middle,0.13530114140366162,0.11022059579269884,0.07110222282283216,0.0026553391287157963,0.0031828361298208204,0.015137297833142955,0.014032743307328259,0.2067720303919973,0.027204449627810143,0.027655350426540812,0.04574500811316775,0.010478716983175262,0.08865517383966202,0.041442081506349704,0.040191595743948566,0.052514897009326385,,0.07110222282283216,,,0.03063816267424002,,2.1353239998506175,0.2050175155294225,,,,,
42427664,end,0.07008562925137879,0.03456662125774698,0.07418566565048568,0.0026943114759815476,0.001190398699404722,0.057565435607198984,0.03426892320487377,0.20638130923816267,0.01945383387140927,0.07892372319309875,0.01656347621941513,0.13625125577985112,0.06911512268695523,0.0018659656345386114,0.0009656878882962414,0.06782497606963696,,0.07418566565048568,,,0.658194056115252,,-0.6787199620517856,0.7068145955076743,,,,,
43728457,begin,0.03670864318199655,0.13503734670332326,0.20137923493341087,0.004544060593331137,0.013034802949445659,0.049257893370360885,0.021578632107714747,0.126260094484359,0.006578281198639863,0.18389933907686642,0.07929793604310793,0.005572697130910903,0.012657188960344347,0.05477876719142419,0.0532440013723781,0.03641988094661887,,0.20137923493341087,,,0.028416984701048253,,0.8202457628344826,-1.3025193102096306,,,,,
43728457,middle,0.05599900330246717,0.31725145306778657,0.12971344209983898,0.0038196074328215083,0.02534544299237625,0.05477351219305655,0.05942874541422381,0.19918775528647403,0.01246484145931524,0.04485445672554913,0.025078890455846877,0.04202263818956242,0.004851854428261544,0.0023901142022615196,0.0011906676631931747,0.06579109133917903,,0.12971344209983898,,,0.6964057270003607,,-2.1586652002640268,-1.734346089142995,,,,,
43728457,end,0.02553526166505723,0.1611961507599411,0.34440620646637843,0.0026738811631761075,0.0271078363801902,0.21130198769364883,0.00385542737034887,0.06719438523530252,0.004306108382698841,0.31336177592506387,0.03983948452053503,0.023621244018629264,0.06130988661940288,0.0025240188108348167,0.0014781355790147123,0.05354767614319487,,0.34440620646637843,,,0.534790663626719,,0.9537686116437989,-1.842528686606382,,,,,
44099084,begin,0.15571164200791535,0.11056497878779896,0.048913221017114906,0.0068776924017728,0.09625780867109177,0.17762061190256828,0.006297873617716425,0.13712598228739875,0.03244716353486176,0.05517123106161215,0.03726667499729347,0.036545445584878225,0.009113597964907853,0.06250179020726573,0.06069588141530179,0.1523975451641779,,0.048913221017114906,,,0.029318879329665926,,-1.3887066332659077,0.34239983432879084,,,,,
44099084,middle,0.07167354685295711,0.15006283144351495,0.07975311057782915,0.007428802604923093,0.036063762018798795,0.04311878189699945,0.023384465550656198,0.11599384390898128,0.001895145417159643,0.08088068836293394,0.06555844740998473,0.028566959303724947,0.006281337933493519,0.0018030007623299556,0.0008794237709452826,0.050315159299253544,,0.07975311057782915,,,0.7173587737472324,,-1.5145435921469268,-0.7389250570326973,,,,,
44099084,end,0.04289885229320166,0.07532005601213738,0.11322390304217435,0.025024208786766138,0.005577150933825845,0.03899583841488938,0.003605494573467085,0.1663566550241554,0.004242791967369731,0.1254836234896869,0.007803187623464161,0.03027456822627082,0.03621378284402506,0.026599512728215008,0.02580975443260519,0.01839305909029398,,0.11322390304217435,,,0.03013924755106867,,0.1791263432390009,-0.5628913411532435,,,,,
44168447,begin,0.10236165597679207,0.14527372064497138,0.025509681557638348,0.012537733055327923,0.024100018300256494,0.08564506419092442,0.04430933916423836,0.19563436156573302,0.004395692466963858,0.07654906059552276,0.016456579031533664,0.07741840534038018,0.04367227800657298,0.00435887053091703,0.0022357308553182464,0.07894243846877305,,0.025509681557638348,,,0.6674270019186439,,-0.5725010363607406,-0.35010461665584347,,,,,
44168447,middle,0.15415734553421806,0.2923485584121153,0.03761262658181941,0.052569889227172054,0.053363402931394764,0.0856979233331178,0.006442896489786728,0.07217964924774395,0.003539527687107691,0.03273738377636154,0.05955423688169746,0.01345013132087224,0.00820183612189223,0.002469529243206404,0.0013787640179554557,0.06656983325979768,,0.03761262658181941,,,0.5825199131271459,,-0.4945832525916245,-0.6399699122292732,,,,,
44168447,end,0.18636161714712363,0.08542907620090175,0.0040963160037568854,2.883386388270408e-05,2.8156896024894837e-05,0.1653372121013607,0.03428419984900337,0.1252230492283284,6.794918512259794e-05,0.0972311116251094,0.10002824298968364,0.09237013047129304,0.04796023463930052,3.592958849395842e-05,2.2380088677821755e-05,0.06538717370102724,,0.0040963160037568854,,,0.4571283370073651,,-0.6554214161083283,0.7799961112204616,,,,,
45156972,begin,0.1265970091901721,0.08919868202321234,0.08441859520674173,0.005640193116508076,0.002515644351774006,0.040755508953166625,0.03840969281273551,0.2596145525199709,0.09146645710538835,0.04391402180250727,0.03295634060019011,0.003731970977871182,0.0756679503501899,0.00334118665282041,0.0017696787955410948,0.06534062052684741,,0.08441859520674173,,,0.6352623058740932,,3.009163483773804,0.3501393095729042,,,,,
45156972,middle,0.11727844069090843,0.06154351527578665,0.05985569537128123,0.003897079531534224,0.013924010276296434,0.04423453786420827,0.011775114304154151,0.2915486885346422,0.12152809910477273,0.04092150823893861,0.07190710753296989,0.021741633884927065,0.03620853765729275,0.0359875213417034,0.0344595351032329,0.04687323217111546,,0.05985569537128123,,,0.043385276771158665,,0.5100475271101996,0.6447987305207961,,,,,
45156972,end,0.09248729600874772,0.05858195811115198,0.04358330303276547,0.015034239981046792,0.0009210479190136057,0.044658415515856406,0.021435662885097538,0.2495699490490346,0.07626849456554707,0.04169061796150608,0.09150437258679231,0.005687989653621677,0.03821448138142943,0.0028316200971723595,0.0015543473875577565,0.06925106142728905,,0.04358330303276547,,,0.5995031916892488,,1.9047080381742143,0.4566382698060667,,,,,
45857023,begin,0.016657086017361347,0.05423305375815501,0.044911984526139107,0.00417178947130471,0.022646337118866943,0.07573774959773133,0.00411508974058249,0.5245159318566283,0.010893531613880255,0.028833134024209194,0.028400901341694942,0.00779758961557034,0.026219174031633062,0.01594443588317194,0.0007422844655682595,0.080630923017837,,0.044911984526139107,,,3.0658490835015577,,1.2125862168462964,-1.180413264043278,,,,,
45857023,middle,0.04068782352733945,0.21745750986660595,0.012336000860026465,0.02589254449524884,0.0463250152141394,0.07540659842442035,0.018645974643974373,0.3659480041171403,0.007296501940364392,0.014508575373732652,0.02928688630229673,0.001532204002445601,0.03968318009902101,0.0014128797974146208,0.0007621641493123645,0.08391721278912337,,0.012336000860026465,,,0.6166196890831799,,3.2535929570672106,-1.6760546245684018,,,,,
45857023,end,0.022984302757203087,0.06557502054368866,0.047496311407266824,0.00452019613901772,0.012491236946651614,0.03126358111736577,0.026907469873899404,0.4793266546670403,0.008046554805365057,0.03486094414881936,0.007999354157186415,0.017369517398398582,0.005354078265509647,0.0021306864861308,0.0012462740534625787,0.05329758950510556,,0.047496311407266824,,,0.5359530311865148,,-1.176729047505388,-1.0483550875127827,,,,,
46142566,begin,0.048039453961129644,0.1321584397227206,0.04544536071722902,0.003646185087589414,0.0124802127395079,0.030739564377574687,0.04903031767804914,0.18058854271192523,0.0029843756060121667,0.06353863009864888,0.05371292811310162,0.012651713221633028,0.11327058423660875,0.0012395225957355222,0.0006850399129048286,0.04402803471094819,,0.04544536071722902,,,0.5923522098781708,,2.1919166593903405,-1.0119656235615255,,,,,
46142566,middle,0.11932496774273744,0.3052460580734719,0.022227574168199322,0.009360013978247313,0.02707016054002416,0.04482647000866386,0.00794021950707411,0.111897695721007,0.0033003375257223046,0.02449701336857228,0.048569208048862625,0.0017717598438947567,0.05259229495572256,0.0020689134567238457,0.0011111537198035266,0.0415742170549765,,0.022227574168199322,,,0.6212083745494246,,3.390051073212077,-0.9392625021819903,,,,,
46142566,end,0.03762632562868085,0.16120243343968413,0.05030854804238861,0.004563686922211898,0.016060682331986185,0.027763654161439978,0.031391066008025076,0.3041462717219279,0.03587818221777603,0.04341083338873659,0.02619526645100436,0.004447435488231611,0.006416355506495921,0.03576667191493518,0.03509024983835404,0.03143931663384202,,0.05030854804238861,,,0.019092659264635437,,0.3664536592829668,-1.4549365972114312,,,,,
48572514,begin,0.046330627440324575,0.05663562273354234,0.13369768398283957,0.0051827557637595684,0.057164857569458896,0.09037215256100904,0.043979518604897905,0.3221283164806393,0.02338247149432688,0.16712384128508193,0.05080884201014601,0.0539464769268274,0.06324571168508457,0.0024172575426367852,0.001299294329055295,0.0922605061147946,,0.13369768398283957,,,0.6204566113163112,,0.15903221335692042,-0.20083099477809485,,,,,
48572514,middle,0.05055819903508462,0.04662948070990547,0.16803883603106587,0.003443063156562602,0.011827857400748138,0.05638639516303498,0.025220481760016927,0.2519288686455517,0.006372550483300342,0.1393457684029722,0.06640116260588509,0.025404735725422234,0.036736377354788616,0.022014170865408102,0.02109363288072881,0.08051311655095952,,0.16803883603106587,,,0.04271315821194355,,0.3688197288258732,0.08089048805016086,,,,,
48572514,end,0.03502118855718312,0.11070225275949461,0.2541679865032182,0.0028501578861086134,0.040875268613117674,0.04697613490563188,0.003122817070553415,0.11539542436046132,0.002035533256285838,0.17379102396128443,0.06113893434685007,0.009782458419826504,0.041724730000383986,0.05235428023705288,0.05181730401707061,0.07108956477925991,,0.2541679865032182,,,0.01030935010557199,,1.4504249217138736,-1.150871403438408,,,,,
49571946,begin,0.15105953440026984,0.22182734278910515,0.016404432932105372,0.001963593948472724,0.07905679459146994,0.12264082316936187,0.004813751417972946,0.07600632810517532,0.011778779442277194,0.0400946352954136,0.010203812855945345,0.03153971226354079,0.009061093977681288,0.06348719323713345,0.0629298454237219,0.12234380806401253,,0.016404432932105372,,,0.008817523537606675,,-1.2471789474298491,-0.3842232055475574,,,,,
49571946,middle,0.12790605156171453,0.01843953565922484,0.06261666973799698,0.003533658859201331,0.007879638188044125,0.10536363584138612,0.004733181996489485,0.282969885213133,0.03067935952049571,0.060650618871346935,0.08138336421625157,0.024340108491025525,0.005854165896676075,0.03553580251975712,0.034521722698669356,0.09552913536773557,,0.06261666973799698,,,0.0289511140026546,,-1.4248422976336519,1.9367525739924245,,,,,
49571946,end,0.15406081323113377,0.10844592962752599,0.06914663623289478,0.0027952255280486713,0.08303936683933932,0.11593388258301532,0.04584908013112525,0.13195681159500283,0.013339554419261525,0.03530355809033448,0.018358562569923187,0.0685135736823224,0.031123280726387936,0.03232892603539023,0.03164438345290452,0.12982143075320407,,0.06914663623289478,,,0.02140102844986913,,-0.7890582318001171,0.3510929810365653,,,,,
51208558,begin,0.03074546836629527,0.08241798014286508,0.03702365456958314,0.011193854304290214,0.03074555243903972,0.04692195574483352,0.033241536615311776,0.34593962255370925,0.003095323670086591,0.0535858052601235,0.013867187616240102,0.009937951336081644,0.1062581688846885,0.022687634094069927,0.021750022511782003,0.08184754961335987,,0.03702365456958314,,,0.04220332992752107,,2.3694195837517307,-0.9860406141503129,,,,,
51208558,middle,0.02229035700845327,0.15630732538049663,0.0281030296510203,0.006763600767466928,0.03763553270901614,0.07801369259206686,0.09001570492760719,0.3211822192054785,0.003032092328147602,0.024071418423839242,0.06698792618117322,0.009670148144654379,0.03168689262449045,0.0022203377855930418,0.0011182178110169581,0.0637479271662117,,0.0281030296510203,,,0.685479562209613,,1.1867876367314185,-1.9476314761571298,,,,,
51208558,end,0.05313346659915252,0.07562318514087286,0.03646183579673535,0.005110029974645219,0.06600178015830678,0.1047607427099443,0.0222366274365964,0.25073403420660706,0.0017294158300320808,0.09891783703423948,0.011415617626999738,0.025555846289151803,0.02065248346932853,0.026549955433771456,0.025923717233548412,0.08973762582921761,,0.03646183579673535,,,0.023868886285961732,,-0.2130212410893928,-0.35295033511888363,,,,,
51778361,begin,0.11252284926530107,0.07207937714049535,0.06975192480718816,0.003975514985572348,0.026564612796782267,0.1269169247718061,0.004292746382416145,0.2664490043520039,0.028972507017771727,0.05642905746102494,0.04601093888773067,0.07275385800437995,0.03230309685979241,0.025259506712587473,0.024462219050689876,0.0828030592257881,,0.06975192480718816,,,0.03207145031312386,,-0.8119016205647931,0.4453833471111577,,,,,
51778361,middle,0.09804756481202855,0.18686805327463768,0.054165885197459705,0.003126029019230302,0.031800980615458906,0.07340763638851822,0.02267874303410792,0.18757855840299018,0.006947579573060579,0.047052866601321,0.04315278366591334,0.04129735178210109,0.02749854506413896,0.0018002614128211178,0.000949467276507543,0.07640528517420744,,0.054165885197459705,,,0.6392887496756705,,-0.40665312933345543,-0.6449452064688601,,,,,
51778361,end,0.13710955917719153,0.047297324791610966,0.05873806156713269,0.01096795376235536,0.0482413866989594,0.12211555520581094,0.007388782080399118,0.21882578552481363,0.06446621489596886,0.06975400189202288,0.08650174511398684,0.017809487351104894,0.006712384300391137,0.0024740852353396267,0.0012567060526273187,0.14199243732095101,,0.05873806156713269,,,0.6769853654322109,,-0.9756842703210102,1.0643127234681726,,,,,
53490997,begin,0.0773126354432653,0.1574492443920016,0.0637669439002435,0.005226619601674973,0.0015316942386592463,0.015542336593987665,0.015988793569211377,0.10199131000157732,0.004339308698932798,0.04621831341405907,0.032045454425094086,0.008868489081446813,0.06185775470013052,0.016350592556544093,0.015002901070615995,0.0500043939614701,,0.0637669439002435,,,0.08601505800585674,,1.942236442191871,-0.7112391632764876,,,,,
53490997,middle,0.062193501787354964,0.17989863033909037,0.05797941477510618,0.004665476688715905,0.023699100034743764,0.060757093801200424,0.0671252097007433,0.20403299605763356,0.011202121468003477,0.04035062539096968,0.07117608759711531,0.02813171032200556,0.04726629867509218,0.03782903360057569,0.027167226428556495,0.07248945070912304,,0.05797941477510618,,,0.3310551823650951,,0.5188857287275828,-1.0621324860047783,,,,,
53490997,end,0.06112319373042069,0.12081183141554735,0.04764439097878353,0.004618209388821562,0.015235817562798798,0.043685907924766225,0.059523563205701506,0.1660284709792582,0.00470694085934939,0.029422558115625958,0.019060034744835936,0.015459599692019871,0.01951013533653724,0.0025110086011240693,0.0014531779418014577,0.03844819075722346,,0.04764439097878353,,,0.5466419201097175,,0.23269051316839873,-0.6813347429834384,,,,,
53491020,begin,0.15637768840579236,0.02214701341529772,0.07584729274587834,0.006702386496726527,0.0014435015724629154,0.03285099876668701,0.08480926629835482,0.26017897167047377,0.033364054048088114,0.14427819203005438,0.052600900018001065,0.0672973762306359,0.005743958488583471,0.004159140574657563,0.0022513715699568533,0.09549860114028463,,0.07584729274587834,,,0.6135651734797065,,-2.460813423414151,1.9545327507644261,,,,,
53491020,middle,0.1863558657072372,0.15398484189421868,0.10654665758152726,0.006202874842554092,0.04152718631152548,0.06925035421559553,0.006757729808048696,0.18677448639414707,0.007045467096329258,0.09555023846388765,0.019259238856182682,0.06721409364316042,0.023734933508842496,0.004448181502555898,0.0025163626409990324,0.07157774242269505,,0.10654665758152726,,,0.5695083647973398,,-1.0409077483880447,0.19080280588725773,,,,,
53491020,end,0.14441449644816437,0.15498283593954443,0.08684154346682912,0.0031852261926073717,0.002020508543683615,0.029327606086909944,0.03803755075485223,0.2438068247736475,0.005899033790153307,0.05247136807326445,0.041820899336549346,0.04673189406596682,0.03239782171406368,0.003603827451336572,0.0021175695975435265,0.041035541447713736,,0.08684154346682912,,,0.5315327630651421,,-0.36632623115673546,-0.0706262903964765,,,,,
53491063,begin,0.3349591024793964,0.046040430321692784,0.028480721013577532,0.009690246081930634,0.09228124223290515,0.11069391265251917,0.11219227124855871,0.19733635279207914,0.007193832352533407,0.030346927772423416,0.016174375925853357,0.005449615944264036,0.01586592966534657,0.018937895252156212,0.017062544654104356,0.12238850549165001,,0.028480721013577532,,,0.10427346101714186,,1.0685084283936117,1.9844697773497861,,,,,
53491063,middle,0.4513842565166564,0.021525134522460163,0.015461212405517321,0.0027336541440358643,0.07392461214052336,0.21921836124941138,0.0026372212738578083,0.052290733864696515,0.0037477990527298314,0.11566497294713805,0.007769907969878333,0.10320929365904044,0.00904537555782425,0.0025035400918817425,0.001386889429586774,0.08490939489579942,,0.015461212405517321,,,0.5903209243953631,,-2.434404406185621,3.043053446043937,,,,,
53491063,end,0.19292285256411934,0.42233520277731135,0.017154946976800183,0.003892987036838766,0.0016733455317316144,0.009235237254227483,0.004593092910236901,0.16918434598495657,0.004922745763115425,0.016421227396862026,0.01407657042170548,0.004138176005408621,0.005670864326848821,0.0029254942423715268,0.0018177091991484636,0.015440969124251193,,0.017154946976800183,,,0.47567818410799845,,0.31502113361807815,-0.7835061211423954,,,,,
54474410,begin,0.12664757132979076,0.14985979401169533,0.10652109462697587,0.004695224899179914,0.008553167441836502,0.06276449129430385,0.0065580225063167534,0.2577812221726211,0.011761858813488239,0.03463965689381971,0.0196685059211626,0.007216941916223501,0.02992560266681419,0.0009027149359579005,0.00047486525709270285,0.058333190946821406,,0.10652109462697587,,,0.6413792335095225,,1.42217794701267,-0.168290727354111,,,,,
54474410,middle,0.11720090368492549,0.20456278184306254,0.053073271412193465,0.009168263997936835,0.01990461652543884,0.07556108486888241,0.0088251771679441,0.1390151205140353,0.006988033374408049,0.046645759707380684,0.07243906155724905,0.035876206082033964,0.04310392988236288,0.021601148153207163,0.019832704813311085,0.0754469777464803,,0.053073271412193465,,,0.08541000749153138,,0.18353520722495187,-0.5569816984514486,,,,,
54474410,end,0.09063267969011131,0.18486281193498696,0.07480243978145369,0.005960253233366409,0.029161635376780563,0.05994267158356125,0.003831201939516102,0.1322016480653021,0.010263823396182769,0.062447721469213686,0.020433029701889913,0.03345786945502455,0.044941531230267596,0.016745920788268878,0.01555901465106088,0.08713326722506962,,0.07480243978145369,,,0.07350994750074147,,0.29506768279924156,-0.7127935178033304,,,,,
55538972,begin,0.07775002732826904,0.06787988060022178,0.06509221308740606,0.002955315269894217,0.04111301265040714,0.08047181849822939,0.023718573986951274,0.20854856410280342,0.003555585689612976,0.05256656768662845,0.05137332625746233,0.03444067971803125,0.05717296368619562,0.001650744862265915,0.0009462025684814169,0.10953861401535096,,0.06509221308740606,,,0.556074524642951,,0.5068311637777234,0.13575735101888853,,,,,
55538972,middle,0.09543332767465691,0.10042202276567781,0.060253289176667314,0.006431586294572034,0.03233309213958321,0.06791055880432992,0.028369273504725394,0.23089284012091082,0.005004678422605958,0.02617347620211232,0.02614076032578856,0.03889526766043912,0.07300399735544451,0.002956861777966347,0.0015614794013092367,0.11200610217623133,,0.060253289176667314,,,0.6381927156112761,,0.6296295967404442,-0.05095314877896451,,,,,
55538972,end,0.09531373901028345,0.03347947846272216,0.0805778005685459,0.0017486118627467238,0.07076153954829066,0.06848694627866883,0.03173200020327914,0.18121673961446738,0.034090390924821565,0.03329860593782019,0.0664609240007006,0.03775025761004799,0.08977591456458456,0.018675596593847977,0.01808177877464742,0.10335651521031726,,0.0805778005685459,,,0.032311184568537765,,0.8663090768266266,1.0462219212608304,,,,,
55583305,begin,0.07022178081263657,0.06065120312070412,0.0738051598893314,0.0034942958816773714,0.001315677961689684,0.03228701223194372,0.0024837583051831396,0.245150380365669,0.020658168296199268,0.034297185726088905,0.0686578640050115,0.04032326637868741,0.05882968786968641,0.03117008560299615,0.02987154343711684,0.035122681987778244,,0.0738051598893314,,,0.042551142805010045,,0.37771019017770824,0.14651681150313456,,,,,
55583305,middle,0.14372116315505432,0.11017487901697545,0.09225570343875587,0.0018841137760695409,0.008493313265622028,0.03896818897566119,0.019210455407197645,0.1763687957182939,0.003559735284561195,0.04465182816562419,0.0402369190781774,0.032473016135281293,0.053112331821666296,0.027080054689806742,0.026257462162128018,0.03808175507676273,,0.09225570343875587,,,0.03084608930274202,,0.4919877007904634,0.26580402424155114,,,,,
55583305,end,0.1378035943805282,0.08250800838519019,0.06982993485950367,0.007215139360545331,0.016713897824242208,0.03245249621185786,0.006604003227173333,0.27800194326030736,0.0403671814236347,0.041317249659793866,0.053144845551220524,0.03335185754690271,0.050682048653559617,0.00422004709171103,0.0022232514811882714,0.10334188579761751,,0.06982993485950367,,,0.6406627771980489,,0.41844805635108306,0.5129292190291543,,,,,
55590890,begin,0.18095984741067303,0.021005994164463363,0.06870999988863383,0.003148839884471045,0.009107163269965952,0.052914398668631325,0.050840070506402685,0.2378536610273085,0.0037095911777662157,0.034739914495295454,0.08559051218677245,0.03504436900044492,0.022141301763592483,0.002159172018204204,0.0011506549597855296,0.03659771618621272,,0.06870999988863383,,,0.6289878532472937,,-0.459153593323824,2.1534252574952504,,,,,
55590890,middle,0.20030168695517409,0.10374143751834516,0.03449377994545342,0.003451030572858503,0.0005342026178117301,0.035795835214530614,0.02988739042506126,0.28752632909429504,0.017019142085084434,0.016313097049698962,0.0417515649818018,0.010633737738908357,0.08517281254088964,0.001357752532658442,0.0007267503381564065,0.06834099623880281,,0.03449377994545342,,,0.6243642551099864,,2.080568233884698,0.6579183921710294,,,,,
55590890,end,0.1647278144694257,0.1076501167288468,0.07818735977203042,0.0007356011243410308,0.010519244362248782,0.04418828423787624,0.02057928844709396,0.20346258632237024,0.014967512423127723,0.06393444179007739,0.05189786926079675,0.031902295956964866,0.030478205860142837,0.04612870051348774,0.04585022441986213,0.02858147133683852,,0.07818735977203042,,,0.006055102069700613,,-0.045664649966679516,0.4254049756656575,,,,,
55738401,begin,0.050882226396444,0.10022276374060668,0.11340332010314963,0.01898113942690123,0.04717025064413445,0.09643147360408402,0.034640219310340066,0.2148822170446176,0.005826770940139124,0.048711663466516064,0.022157934513108022,0.02652216406735515,0.06178612795897015,0.024404938535402137,0.023777222117200045,0.12210221337895442,,0.11340332010314963,,,0.026056360601870665,,0.8456765903909189,-0.6778719947107397,,,,,
55738401,middle,0.045234677356741686,0.18031844977326164,0.16574229348020608,0.0029248056562111574,0.049699365671606675,0.09942692860890043,0.0029553398191785665,0.14139036358005896,0.002954003701620773,0.07736794444814281,0.09832103742172635,0.08961758196607911,0.0286852085568406,0.0015530588768267748,0.0008629752823442005,0.11046838224458404,,0.16574229348020608,,,0.5870812574888928,,-1.1391462173122702,-1.3828439013571234,,,,,
55738401,end,0.07504705939808475,0.054971514994507496,0.11258160823079043,0.011163431516362073,0.023057114666097313,0.08079834469445267,0.0076176001422446115,0.20847278703317484,0.031786153534792486,0.09341780159671519,0.100586230168054,0.04499195005793005,0.021051000326706835,0.05250674256040561,0.05179133792144598,0.03851661680919174,,0.11258160823079043,,,0.013718414314622951,,-0.7595102291071125,0.31129536733671825,,,,,
55817097,begin,0.05705459093606387,0.06167413479215144,0.11950592307874336,0.033795980353747104,0.035446562832033894,0.09365166520960198,0.05332907968299861,0.22559508690711474,0.012224869905903006,0.0850255895588726,0.07853933244466728,0.09135562124126423,0.05916698018537194,0.0039798173311156575,0.0020955883177592198,0.09954811446407347,,0.11950592307874336,,,0.6411757447620632,,-0.4343902419958767,-0.0778547757978818,,,,,
55817097,middle,0.07628257833074828,0.06561765671200052,0.04917249870618256,0.004221140694193876,0.011144025199124183,0.05379386866178366,0.03713210078961039,0.1522141699179522,0.017378839786954554,0.0897465813417296,0.04858364556235773,0.09994634263530483,0.033535335232143255,0.0025314881103505617,0.0014354118585920667,0.06432335946790824,,0.04917249870618256,,,0.5670540231941326,,-1.092013988816455,0.1505976334899377,,,,,
55817097,end,0.0493962861503212,0.10980715015362075,0.0937150065778821,0.042994406754736474,0.05651700640412521,0.03361613380626074,0.004311462013401359,0.17463477625689736,0.015754243543407008,0.08403084186375227,0.03628744665830091,0.06886190470752439,0.035036213220586386,0.04838694995626799,0.02904980489036191,0.09828388590609097,,0.0937150065778821,,,0.5102046248959007,,-0.6757069082900502,-0.7988392671285176,,,,,
55849103,begin,0.15278441570746054,0.05952571792290214,0.1010975557301186,0.005064037413622198,0.0017940507801059201,0.00960926798491259,0.029602640924938247,0.18787775033218018,0.016917260698390404,0.040002616698623504,0.058623531738978295,0.011732361429576243,0.08805634603320782,0.0029176777597187437,0.0013096890432791595,0.023863018575658985,,0.1010975557301186,,,0.8005777055449519,,2.0155520732094137,0.9426091727523527,,,,,
55849103,middle,0.07083497046309407,0.06793507614968625,0.03656978284141858,0.03442102086103663,0.01408686840022589,0.07301523697574797,0.04788728724609897,0.18736647853354452,0.05849681289134442,0.08086070480606905,0.014424085044052735,0.11138863184404897,0.03508754989224395,0.00542521598914569,0.004080034680520094,0.10658924071686295,,0.03656978284141858,,,0.28489146534214527,,-1.155159388387589,0.04179972264703791,,,,,
55849103,end,0.10992257222767765,0.09240953329732168,0.056553732025842296,0.005592828487108939,0.018265908800981088,0.05546544089413344,0.006190081728156961,0.21917702623664093,0.06214303387648428,0.04154310971344916,0.08405688759093663,0.006108056417798985,0.04975552052771151,0.003967825157729821,0.0016287360582998055,0.07508974998239094,,0.056553732025842296,,,0.8900520465767192,,2.0973691920810715,0.1735443575035034,,,,,
56916467,begin,0.061242119198451586,0.019632155395342306,0.1184179726931237,0.002223069157393549,0.022190187956572984,0.06172614141932715,0.003558056527488851,0.14379507327517063,0.010969230153558466,0.06486928051294139,0.05331630898660445,0.0317260852750701,0.06384986776642315,0.03359830407751497,0.032759470920556935,0.08190969976445736,,0.1184179726931237,,,0.025282721030015054,,0.6993794319387785,1.1376317646043606,,,,,
56916467,middle,0.046195924074145,0.07717385843740342,0.06269463652345177,0.007126739015495974,0.01737515358899769,0.10308962060420976,0.029654454097298222,0.2795634210801194,0.0035632751341200812,0.019868492545657448,0.035220219205344724,0.004243744554937482,0.03617889729230447,0.006003098937777844,0.004299782640278726,0.11063324905670631,,0.06269463652345177,,,0.33364537677435546,,2.14282199872819,-0.5131605186906008,,,,,
56916467,end,0.08077650672689612,0.02986594537900033,0.13463525338208185,0.0037713166498773674,0.022500811946514574,0.05455492515851808,0.003767504220019829,0.20227391032419947,0.010520410025972374,0.06250815098443945,0.03670083091972854,0.012299458859799828,0.09860636729430694,0.001790845379879433,0.0010059148410481392,0.049882619556582596,,0.13463525338208185,,,0.5763549841032196,,2.081509410469147,0.9949461815232876,,,,,
57200226,begin,0.08566368364135153,0.02971374180338148,0.06915768092724892,0.0041981010146619506,0.02159741258747666,0.053459648165380944,0.0960814816216066,0.294242660170928,0.029876819422874797,0.04988067624061229,0.05989672677553977,0.010006536473679285,0.023461477765305237,0.010578176014423436,0.008985922259064067,0.06653250347677693,,0.06915768092724892,,,0.1631171037007162,,0.8520639977303133,1.058797368123289,,,,,
57200226,middle,0.08838590518450601,0.13532738744568293,0.05341001046406369,0.0014162172706992117,0.005269685331070486,0.0717954218328117,0.09322724769283502,0.18904558483886863,0.04251657817654389,0.04238791709961276,0.0703561293461589,0.024949128957834233,0.055600993338856944,0.029876537550861417,0.02929126456778335,0.029700775917871694,,0.05341001046406369,,,0.019783472344223618,,0.8013400611973394,-0.42598049702387497,,,,,
57200226,end,0.06217995863720209,0.06565165749795027,0.07265474257741249,0.005226885437093164,0.005733000948271427,0.02395494154351651,0.1472583670186318,0.36279526104335613,0.017356321978995132,0.03039008060592576,0.010112409544917269,0.013053031653147548,0.10448296142474599,0.026518211197852748,0.02486319304452646,0.03479366263763779,,0.07265474257741249,,,0.06444068303218975,,2.0799365554412916,-0.05432925807280231,,,,,
57216633,begin,0.070057714126041,0.12045482834034629,0.019134385037431992,0.0038787226062828714,0.0004107781675555817,0.07028505264213748,0.05656640030824597,0.15059134708841687,0.023428706682811065,0.03355903444273595,0.07006688570129645,0.020616817994011275,0.08754171094093402,0.0020454120300724527,0.0009954061903432276,0.02805764543592997,,0.019134385037431992,,,0.7196883133811038,,1.4459711462021079,-0.5419494522330921,,,,,
57216633,middle,0.07323978196810683,0.14183825293346955,0.12567577333387125,0.007307787847556756,0.00641524216808462,0.04959901571663784,0.00799344811990272,0.20674698816094672,0.01297396975891936,0.027869157210587175,0.0505522146545131,0.00852086466868405,0.05925182712220027,0.006149783426825945,0.0035134346752933436,0.0366144340566336,,0.12567577333387125,,,0.5597007799179403,,1.9391783192974197,-0.6609419982461551,,,,,
57216633,end,0.16805292436998523,0.24182798552674245,0.07633556171411615,0.005429114003070897,0.047998207238232046,0.08465055823998724,0.005315170916425434,0.12331953599762055,0.004869115595724163,0.03133806952586822,0.040094748873554284,0.04247884599011045,0.007041606228528878,0.03933607894072729,0.038539881583140236,0.15570022543268477,,0.07633556171411615,,,0.020448021348074885,,-1.7970514468811087,-0.3639458986761912,,,,,
58013278,begin,0.16389989998182472,0.02890351363295974,0.025280332672210224,0.005071726627132431,0.0033563116552603836,0.02517233766084797,0.006419629954197729,0.09996178866280546,0.008860334657937737,0.07181927283130232,0.04205980780542813,0.07429397699568446,0.00886973170983664,0.0038389963225981026,0.001992789323963642,0.044207124576733224,,0.025280332672210224,,,0.6554343979677952,,-2.125286059500822,1.735264212782294,,,,,
58013278,middle,0.1895618953668264,0.14259944035401503,0.03084775854501451,0.011381514074864919,0.011988796281344527,0.0499593617125897,0.009873482867859598,0.37282260515015225,0.016781418570795473,0.03270522798341508,0.08120182479506949,0.007552946452572991,0.07690624440371377,0.004806963691737549,0.002598464883455581,0.0902854175065989,,0.03084775854501451,,,0.614968035779837,,2.320529941938208,0.28467427511521404,,,,,
58013278,end,0.29068614435178153,0.1542508382713359,0.011668202864635694,0.0023833830887132488,0.0013338265602171717,0.1326527257695658,0.003269287464304536,0.053671123821132795,0.003797950792658654,0.01171760641027595,0.03888295708001932,0.00309888058630174,0.0038918690700745417,0.001931805984859984,0.0010822866591945553,0.02592287325307855,,0.011668202864635694,,,0.5789732023000047,,0.22778284572026664,0.6336610033160919,,,,,
58995736,begin,0.08085240776751641,0.03416427201304082,0.1466000915081929,0.004278020908576979,0.055868784003869354,0.09344619631320628,0.02127307793120506,0.2354860690042777,0.006537723620759712,0.11152894890622225,0.06842372392720818,0.012610317539379664,0.031751037833652906,0.0029189713027468,0.001677958497701273,0.09866468771484503,,0.1466000915081929,,,0.5534001290781738,,0.9233622788034581,0.8614280444462317,,,,,
58995736,middle,0.07599314937383109,0.1512037256009732,0.06517094621819265,0.00362709861588824,0.02300978032003512,0.06936341018209945,0.008941643131066209,0.13570984318876483,0.007897858910256005,0.04625762386028857,0.08654169226848409,0.02984092752971134,0.026763961495000117,0.02879764248370933,0.01697760188238385,0.07374783440846863,,0.06517094621819265,,,0.5283744116377203,,-0.10882074353729898,-0.6879783618319324,,,,,
58995736,end,0.1460559115392439,0.17230100002970505,0.046311760683654855,0.003563392825450942,0.011328075957699192,0.03822072237198531,0.0032032337671015648,0.15803811228864875,0.01975019905296397,0.023800364348939496,0.0416956254623217,0.054172119822178746,0.06397569166853297,0.0014493334725661402,0.0008033512167247859,0.0646277307329444,,0.046311760683654855,,,0.5895127795371691,,0.16633398316190418,-0.16525240048257817,,,,,
60217302,begin,0.0674760112324191,0.06227272926871933,0.06554851595993072,0.003357443263009836,0.019219893767634524,0.10833854257117614,0.045588590603192945,0.20235981497129657,0.009540845441914947,0.07660007291072668,0.037565356114606284,0.0698392189930596,0.018491474382597448,0.009810448590513388,0.008621855762340258,0.06411517947420403,,0.06554851595993072,,,0.12913360261156281,,-1.3288461879730251,0.08024730975435013,,,,,
60217302,middle,0.09726772292108984,0.14888093243815032,0.04909457277519023,0.007375857549197095,0.0021657776063486907,0.04232918553075815,0.04003209134506518,0.21228017618567005,0.014814074647783261,0.1305876188868113,0.056707332739065044,0.11894793666091329,0.039789799780739814,0.004177218460428571,0.0022608555086680443,0.028110130768105465,,0.04909457277519023,,,0.6136994520812173,,-1.0950585730498323,-0.42567610450843496,,,,,
60217302,end,0.045638598457529544,0.05896454145305108,0.11792981388024178,0.006086192539183717,0.022131968011711533,0.062302894053324114,0.039138201608149764,0.22119132437330916,0.031981244440870325,0.08606690284208197,0.0852860603958489,0.09099359203539811,0.11120249979402408,0.003981553177548493,0.002180138263140516,0.05863851263765816,,0.11792981388024178,,,0.6020762359294514,,0.2005617777205737,-0.25617750320062793,,,,,
60416566,begin,0.07187241897717457,0.08023248365956272,0.062405380289265025,0.005810667879150959,0.0060981823046482265,0.015602364027999981,0.016142470445334713,0.12873315581285627,0.01351313645884322,0.05390973267623482,0.0830556607602608,0.03497322901482391,0.043858739785541286,0.0027599877354001568,0.0014893446122763636,0.03587248592453726,,0.062405380289265025,,,0.6165811142295681,,0.22638533371489888,-0.11003442769605343,,,,,
60416566,middle,0.18175424609840324,0.11896088944808629,0.05717917682770976,0.0058600879459430105,0.0010471680516542221,0.13796627448067575,0.017766993793394414,0.18885162915452092,0.02152657972610609,0.022787968340702843,0.0900080662338828,0.013201107147283534,0.003842277640637756,0.003980776636599413,0.002126767934167083,0.08265368555525736,,0.05717917682770976,,,0.6266545987591359,,-1.2340508944419168,0.4238577952827982,,,,,
60416566,end,0.14733979801636835,0.11375124265753103,0.10975411515648267,0.002462939093153709,0.023456380114906153,0.07329618631267071,0.03690554117610134,0.2048761722939301,0.00382803367841186,0.03661620403105362,0.027131205282362146,0.021177046932421437,0.04569915636830312,0.00187820138446288,0.0010162811318442644,0.04419490342291372,,0.10975411515648267,,,0.6137133797343193,,0.7691365964212036,0.25872548408830465,,,,,
60576722,begin,0.0597716639734855,0.08175983837949091,0.06638589379421812,0.006957017392721492,0.043045521009398645,0.12442539447900805,0.003430866915155559,0.22009453129344342,0.02582028615488388,0.11132215008048907,0.058680101300832066,0.04515587411489152,0.020906065512018793,0.003202838876622145,0.0016354881497173733,0.09802267616316503,,0.06638589379421812,,,0.67179716604935,,-0.7700553542642861,-0.31324994830083996,,,,,
60576722,middle,0.09005416247153322,0.14026139798321902,0.07056548289834602,0.004289591924379908,0.0220310654415168,0.016297999141741275,0.022095189752546016,0.25718487609170765,0.026019648402621456,0.04414648611133703,0.07641440298669754,0.015091758575899705,0.07971032224631475,0.0022338207765095455,0.001165008412779419,0.045872486106492576,,0.07056548289834602,,,0.6505747323900355,,1.6641965722303604,-0.44309254073904336,,,,,
60576722,end,0.039859128078565065,0.04316803762281346,0.11300746383373204,0.0024504592587728637,0.0010020818601876131,0.032650173208819806,0.05050115870650727,0.28639794356637116,0.014323072925798402,0.1182804672534297,0.07225781481685317,0.030010941923684843,0.0939067214456537,0.0014024685529392053,0.0007148566500542347,0.017155722957660137,,0.11300746383373204,,,0.6732220518854559,,1.140717246773138,-0.07974698859829887,,,,,
60686882,begin,0.08560894132000878,0.05367012844043288,0.06953253811554803,0.009564011074381925,0.0026475347505509053,0.03956500825312046,0.04163942790733151,0.22736375694516847,0.013713094673151564,0.062079447049405746,0.1055223160839621,0.03408579100794963,0.050697062590664324,0.004729104081007094,0.002874463101669924,0.045267173395559905,,0.06953253811554803,,,0.49773346658377093,,0.3969777478897685,0.46692620181818256,,,,,
60686882,middle,0.055332643814318176,0.07116027039099662,0.10285392223989338,0.0067035085666256305,0.015229601193254054,0.04665937739076576,0.025577600548515517,0.28655312981405495,0.006195829201815736,0.03687413589895835,0.07695048650086117,0.003489982279758196,0.026069643158955522,0.0025206588428356123,0.001318815236973077,0.06781800394530502,,0.10285392223989338,,,0.6474252011133528,,2.010626745972259,-0.25156760446317916,,,,,
60686882,end,0.12519683458753444,0.029089435632381727,0.038303242247897704,0.005312034044316581,0.0014890654193888669,0.018029108581756537,0.029840266200174055,0.21423656132355037,0.01815984067199548,0.04299976665053837,0.1136437428143807,0.02475283761565423,0.03332347836380179,0.014599455667710003,0.013288805534124691,0.08182125727345851,,0.038303242247897704,,,0.0940554982225521,,0.2973116807702305,1.4594857151636234,,,,,
60797616,begin,0.09981996746144128,0.12024172498719371,0.07930625464991238,0.005425241905145377,0.023013595533729576,0.0224805872368258,0.0383409006111103,0.1777975384948031,0.004844339297008764,0.05684783916242288,0.03233468726952915,0.023727565387416417,0.03867151883509402,0.03401650179100921,0.03217167973148003,0.044410523634280115,,0.07930625464991238,,,0.05575751386838235,,0.4884496271998158,-0.18613415203411554,,,,,
60797616,middle,0.26882429850528805,0.189934063554845,0.04347388275055415,0.010561462601610649,0.017485831611840464,0.05765398748316946,0.007596223100061539,0.1193257046546874,0.02191721317391504,0.032420613516913305,0.05844288237825787,0.0029041230202129136,0.004975992924925308,0.01708129327662236,0.0009207614285284332,0.06650315978181334,,0.04347388275055415,,,2.9195112893443858,,0.5383501411643739,0.3473794777038688,,,,,
60797616,end,0.04853049138349651,0.25369340216190617,0.055093750282209926,0.008794225925781607,0.010486899040677651,0.023711952245612775,0.03881651942988876,0.2558096753747778,0.005815045032304892,0.08177098719385212,0.014564846985763817,0.016769148799761675,0.07604411127732859,0.05223944830136494,0.01722662341060612,0.05488735627698707,,0.055093750282209926,,,1.1093429586987842,,1.5117262848631858,-1.653917507457223,,,,,
60809640,begin,0.10623881389282447,0.08348167281969625,0.09556750093156906,0.0049184974506507485,0.006514004919368484,0.03774937882091302,0.005257493778832028,0.1684801797606872,0.02636807596967246,0.08854568205051101,0.03593066772414407,0.018481879684685263,0.014282022677273508,0.01770691412908998,0.016607148341537016,0.0549739842921754,,0.09556750093156906,,,0.06411822670984257,,-0.25777327457707466,0.24105983478273973,,,,,
60809640,middle,0.08238442443746172,0.07257663355884657,0.08022474666792762,0.017030149336268643,0.011150335272626252,0.06340940879848321,0.025448716587147664,0.1927788865845409,0.011330784068774505,0.08083622499966367,0.0741192784371498,0.04462555468094433,0.02098821842139892,0.01439175281877153,0.0013274665159423052,0.05582987227071182,,0.08022474666792762,,,2.382699521930804,,-0.7543201809022788,0.12675173671080664,,,,,
60809640,end,0.05273340068292121,0.22244895448814075,0.0611946629787114,0.0038654567856776,0.0057292596965815715,0.07124265755621091,0.04112772853280117,0.21271008423210858,0.004532499993563682,0.06044222267915783,0.05244805784580652,0.022272901979790885,0.055870745691369794,0.01837608230448411,0.017240767126294,0.05740994969898408,,0.0611946629787114,,,0.06376959986358344,,0.919643130272171,-1.4394341456872484,,,,,
61229235,begin,0.07468215909606064,0.03282132640948285,0.23037782021857295,0.0023224371285579673,0.0019242102325291248,0.03301214883996638,0.004712082087901017,0.09708111033507591,0.03660321021774157,0.12715962034995437,0.07112684101614947,0.039289629267387986,0.029190932157479657,0.05060689787167384,0.049118778093747664,0.038286884903608084,,0.23037782021857295,,,0.029845882340693297,,-0.29709367428950184,0.8221456525008892,,,,,
61229235,middle,0.05341288856843664,0.1284488472230567,0.3397116307373194,0.002428520561178747,0.007136280090082072,0.046647038847830835,0.017361970747052514,0.12592998468540167,0.004995353804239807,0.2267096685123118,0.0225929782207068,0.019616048462375604,0.00860037177001911,0.011945855316228758,0.010865429231028024,0.019425328614212423,,0.3397116307373194,,,0.09478994073247105,,-0.8244773089905157,-0.8774677364657459,,,,,
61229235,end,0.09038979023363437,0.03512433271743853,0.28695909617655263,0.003576693914069844,0.0017354870671147824,0.01599788301651132,0.030775355795491986,0.12328929999852771,0.060446200481133715,0.2171830125718673,0.06341222556699508,0.020985995660936164,0.07605603599498517,0.002676369653887506,0.0014979417199359891,0.04992286811154675,,0.28695909617655263,,,0.580075501064182,,1.2875805407748562,0.9452197842700594,,,,,
61273778,begin,0.1686738454620685,0.10610443143548984,0.011698933772378935,0.004357634358747233,0.0009057104251850169,0.039607612825946284,0.0038988587101494486,0.16044882201961683,0.07359534255153168,0.013915943980914714,0.1027062710744854,0.028748387480098444,0.02944251997005482,0.01842421893821434,0.0010611291670798886,0.06580456178928004,,0.011698933772378935,,,2.8534447789997417,,0.02385738893732814,0.46353963435242207,,,,,
61273778,middle,0.2266181964308235,0.15860225208557927,0.031798493027597956,0.00670660581256142,0.015482261248349808,0.03806022401230199,0.006565155041077089,0.23087830334763743,0.19649195429073565,0.06069131326525325,0.043227874773534264,0.04273437614272347,0.03580921884813465,0.003447027956037196,0.0018943472344035617,0.04338568295640608,,0.031798493027597956,,,0.5984004017672087,,-0.1767937629668097,0.3568652461142314,,,,,
61273778,end,0.16388631164119088,0.026171377692316727,0.11250279074150658,0.006573742975483765,0.0025635953197545433,0.03832532988803772,0.10180579934362449,0.19482550278817676,0.08491258163680172,0.10853008015615509,0.08773342056435998,0.011182401894275868,0.046467110597511505,0.03648456094922496,0.01319292194379163,0.06747881928098737,,0.11250279074150658,,,1.0171603271447642,,1.4243355783609224,1.8344744994438744,,,,,
62316382,begin,0.20614784101704434,0.08789278949310146,0.053041492070408376,0.0026088033923351173,0.0018827599062117087,0.028297516968459925,0.021475520091390848,0.1158759232169022,0.01026475123619258,0.039001151978711464,0.04463819137701241,0.030838308706200523,0.011336340159883515,0.058998048870235284,0.05760106355565831,0.03529431830137752,,0.053041492070408376,,,0.02396293025311591,,-1.0006884159656466,0.8524692891358927,,,,,
62316382,middle,0.1615885569130944,0.1479313951680925,0.09228760421563523,0.01058175418331302,0.018092020650888777,0.04163566236448494,0.021456084044762354,0.17148361382303628,0.041530326437117605,0.032762805898354855,0.036900167258102405,0.020858343819959754,0.03715421734039697,0.002625008261333378,0.0015627620897949747,0.08165517730464415,,0.09228760421563523,,,0.5183704077989546,,0.5773022084520978,0.08830414093702732,,,,,
62316382,end,0.07011159671719051,0.11994875594883793,0.07415582750050352,0.0026296406220045025,0.048189425028884465,0.07435113686577133,0.03552754031055619,0.1292934951944371,0.005274246696342272,0.04639937223545292,0.05689621338853701,0.017055095030553535,0.05025967223214047,0.0029860174264676725,0.001797989937791845,0.06611769169697206,,0.07415582750050352,,,0.5070500115908612,,1.0807152874716222,-0.5369704803855275,,,,,
62322599,begin,0.14399558318775746,0.1007013806797439,0.09921896703391254,0.005806118945718308,0.0027536469683962814,0.03231205362598951,0.005879263601623062,0.27365514067305585,0.030706383566603046,0.07092330989195186,0.018603052137424154,0.0051027894409104955,0.06645985799273185,0.010949825454302358,0.00964361276604594,0.12977723453486192,,0.09921896703391254,,,0.12701534049743124,,2.5666298813033968,0.35762013067834886,,,,,
62322599,middle,0.10009107125217714,0.23413731388359782,0.07083833189160749,0.005022415970936416,0.0008719704033867367,0.112756876731564,0.031180768627114358,0.1950705776934604,0.0027127918668726236,0.060958682877608576,0.01773390777154057,0.04375243214772972,0.048745096699767114,0.0027559147818924526,0.0015390083306685552,0.0799842399904272,,0.07083833189160749,,,0.5823243959045543,,0.10805506772356299,-0.8498215507943514,,,,,
62322599,end,0.08497538725628688,0.1319338333071509,0.03110857530032652,0.011219117701849472,0.04311264794841006,0.05413083894530995,0.03292700751648456,0.16513674656926794,0.02141431443130195,0.04481694080409353,0.0562752746678329,0.01716261395734074,0.00800029795412293,0.0035580500227982664,0.0019810308081728263,0.0847892925318252,,0.03110857530032652,,,0.5853716819559827,,-0.7631879026756074,-0.43993469270302255,,,,,
62626163,begin,0.08211128598245086,0.024741075662765597,0.04742596986798105,0.004337718037224858,0.028367014920492872,0.08368201450966009,0.015014480748077985,0.1950549362296232,0.018991449799260023,0.08003781544784563,0.14050985043946077,0.015932678048585926,0.018572630046250312,0.023721234205651125,0.017045643914497473,0.07811674955154939,,0.04742596986798105,,,0.33045941399356016,,0.15330784988302604,1.1995823893150597,,,,,
62626163,middle,0.1046073222053898,0.07490111658511288,0.0583418476186781,0.005820062435006859,0.027044210454210477,0.08935209435996158,0.006102185904366124,0.1888650925054127,0.024595752495149552,0.07576495077590217,0.11249028782177584,0.05365178461814768,0.09252524936730186,0.003439085344565168,0.0018930477299370953,0.08606888027252117,,0.0583418476186781,,,0.5967800854974525,,0.5449590100616009,0.3340409617217812,,,,,
62626163,end,0.07921623691138409,0.23386880299974014,0.05748594793250554,0.004005652556885987,0.04322884416898993,0.04994913364922906,0.02815305971566774,0.20453210136419986,0.003882424262789384,0.03553890649055921,0.05029710119757135,0.01803434493403762,0.01624547723679677,0.014063826377975625,0.01310357111843766,0.08680179367810573,,0.05748594793250554,,,0.07071598792476053,,-0.1044573401391169,-1.0825706501634818,,,,,
63046139,begin,0.048130676759027505,0.14078949161793028,0.02007683332271714,0.0024547788412617884,0.0021611989862563856,0.02331908718182116,0.005458529855029368,0.20824669130484583,0.0053029679144094505,0.06901045080477276,0.015659268057910482,0.05566697166124361,0.006653245047409023,0.003468669833114335,0.001942092805884983,0.016270636922108634,,0.02007683332271714,,,0.5797785069959422,,-2.1241499624892186,-1.0733323894862936,,,,,
63046139,middle,0.0035355214240082654,0.09675652236928231,0.014286358751366331,0.00328543280060593,4.586107379127767e-08,0.0020147429303159557,1.1455029699068529e-07,0.097106107730955,1.5209899161384008e-07,0.0009341845757677247,0.12472191812297859,0.0010251092511331084,1.456642912956256e-07,0.0018858745753155325,0.0009897841152929233,0.00203024297311637,,0.014286358751366331,,,0.6441804101048172,,-6.797544866802954,-3.3090644840295567,,,,,
63046139,end,0.18121346183103687,0.0959072056308177,0.03879321139916766,0.005971684009727364,0.0013991302952617553,0.02235435407940801,0.07034936664928133,0.1350064989794527,0.005128788683325581,0.02278506784432879,0.011548172560967579,0.005623071701730173,0.004548229368243903,0.004858447543734176,0.002619723905746768,0.060326016812389735,,0.03879321139916766,,,0.6174741778096751,,-0.21209805466639597,0.6362896591740619,,,,,
63095160,begin,0.202436168474273,0.05509967616667223,0.05601368547645457,0.008427051315303366,0.011754911129085045,0.03794285584631888,0.008872185461567417,0.18119085747937058,0.2282658605367461,0.07727834230654865,0.0475810891569621,0.014512809674028682,0.07274785580453386,0.003992663185949569,0.00233335815797829,0.035528001606166267,,0.05601368547645457,,,0.5369719269054274,,1.6119125906531933,1.3012675715496513,,,,,
63095160,middle,0.23049215691459576,0.07655793718927024,0.04399504588289839,0.008714712651256735,0.0360923092559256,0.06410198050309196,0.021529645455268167,0.23951514338842464,0.28045078953778313,0.03570536620474964,0.04352277980888914,0.020068116252952517,0.04904355361039201,0.013476740758262919,0.0015538746710998365,0.07158759707220273,,0.04399504588289839,,,2.1596445468827916,,0.8935470137387944,1.102160309004395,,,,,
63095160,end,0.23335569503215975,0.1079702158954511,0.09772293850539314,0.004822642210469548,0.00218674602549278,0.04937442702868474,0.0059466663505897185,0.25838174120140855,0.2369830201265968,0.06648963086164356,0.03952959293551734,0.0036589595794602587,0.03494837743192979,0.037182166352549624,0.036227099507732105,0.03680160719462196,,0.09772293850539314,,,0.026021094240839204,,2.2564485519257462,0.7707034908148387,,,,,
63130875,begin,0.06538208376572664,0.05690483089999054,0.07806107330057459,0.002579913230244847,0.018006223857638077,0.07592879231151163,0.0205354239949512,0.20935183054211132,0.008394396292539128,0.07755007044251788,0.0887410896414803,0.0370612321547559,0.04088725137582421,0.04555818450594622,0.030172522166744768,0.05128726059286958,,0.07806107330057459,,,0.4120474487103838,,0.0982443194803384,0.13886575483303742,,,,,
63130875,middle,0.09832260214657469,0.1684936394065862,0.08975770233195486,0.003715648530676804,0.0011237045613318054,0.052032205832929654,0.003063335806865974,0.23298062094342517,0.0031228364939571937,0.041122255510331655,0.03654278892826282,0.021836338472922313,0.06176317902682035,0.002124704242823234,0.0011294513020577734,0.04605769335671506,,0.08975770233195486,,,0.6314862205157974,,1.039702290359363,-0.5386398341221375,,,,,
63130875,end,0.11746472209883473,0.04539423358552219,0.08902494657029339,0.006151188675397544,0.05723194598600936,0.11871814519277189,0.004416306675125731,0.18635805691042973,0.004517324381736407,0.09912218289127392,0.02542257714044872,0.04880333411769028,0.02111005379458059,0.018534270131064717,0.001216126169002833,0.11509679625017992,,0.08902494657029339,,,2.723182929824284,,-0.8380223429754476,0.9507394517725047,,,,,
63830782,begin,0.0834286981958972,0.03756388340460194,0.08550415253618485,0.004392494573987528,0.028602043439017233,0.05614392952848007,0.003450462199441157,0.2123037799290688,0.018261821352396606,0.07411912920107838,0.1341542718130373,0.015239157004891654,0.03994284752683999,0.022448557227910712,0.020663423011378808,0.12400514327004057,,0.08550415253618485,,,0.08285736488832818,,0.9635408036543018,0.7979346774687865,,,,,
63830782,middle,0.08903828787316542,0.11944591723971106,0.040937350200338625,0.004910584901001288,0.011807714076227337,0.04684382333292165,0.01526966517664363,0.21970002287338639,0.00696371863903295,0.03399440223285725,0.10209016003857048,0.03057362037357886,0.07070222579341273,0.0036622488471800383,0.0019819008710352443,0.07706569391679827,,0.040937350200338625,,,0.6137895579413257,,0.8383209330997525,-0.2937943563785206,,,,,
63830782,end,0.04950074420242524,0.12123751160899664,0.04454756245352929,0.0039733863963885025,0.0015266599072403277,0.029294917794439008,0.009155209692589459,0.17730079052507391,0.01628197277418937,0.04765670209630241,0.13427423997867968,0.004474407943756167,0.04157721363983829,0.024465131564323676,0.022805524737036637,0.0312956019834873,,0.04454756245352929,,,0.07024310834737335,,2.228978811314277,-0.8957518703455536,,,,,
75599070,begin,0.13662014637173872,0.045029558244706024,0.029713823965498164,0.013432862293592349,0.05759818023768413,0.08141464555992976,0.008396806419303423,0.16024425988792307,0.00778495810646037,0.03344357453718903,0.2023897335024505,0.011441818199164733,0.016886787666920568,0.006717379671654291,0.003532328554935599,0.09478624431589401,,0.029713823965498164,,,0.6426066450990673,,0.38922843575758126,1.1098704088098297,,,,,
75599070,middle,0.1754662191508936,0.08838824789643365,0.20244848790201816,0.017346470595321347,0.0009381251009044911,0.027083582730353595,0.007115586319320317,0.177516977243483,0.12842175526507837,0.19353270713088028,0.023775366491820105,0.003751585208977039,0.1319147863278791,0.005280673145522977,0.002801945518415458,0.04756800489862273,,0.20244848790201816,,,0.6335720960327151,,3.55971874510109,0.6857019078791369,,,,,
75599070,end,0.1430704393567861,0.18123185833019634,0.03341111971168874,0.0041315875735155345,0.001140155366467166,0.015161603947551679,0.003556970167973985,0.4966247135599451,0.0029219082403531198,0.010637152899029412,0.006202828081891153,0.017919489198691577,0.12010748760092271,0.0015763448463423616,0.0009034573325684076,0.23385424618807338,,0.03341111971168874,,,0.5561631041097987,,1.9024506914956443,-0.23643863309737845,,,,,
8686068,begin,0.05034432066528992,0.08299612133994749,0.012019513610517441,0.008995283761140192,0.0016707790394590877,0.08457541643546333,0.08538867058569106,0.21469127640578076,0.004596478274074469,0.053878865112628335,0.1287907511608456,0.0029764299878094584,0.09860000740317569,0.03715941663675581,0.03590895874069786,0.0969689434345605,,0.012019513610517441,,,0.03422946657825987,,3.5000209704062493,-0.4999002458393784,,,,,
8686068,middle,0.14910419873877243,0.4141362924287955,0.014436786018162185,0.008197440400369353,0.028747595473164914,0.04939928507625818,0.003614458463501261,0.05879527338786632,0.005711073185102484,0.017085876901901442,0.08369701622161803,0.0053689744184058545,0.007451735478669465,0.004525216867049876,0.002223192126948565,0.050333582081084106,,0.014436786018162185,,,0.7104927012205993,,0.3277579986312569,-1.0215454544481997,,,,,
8686068,end,0.03724921897780816,0.20555977066935993,0.21547141022645983,0.0042604036727948505,0.19119934455931306,0.06015563749379086,0.004196690174256469,0.12150740676783806,0.004037965295010526,0.06070608777677556,0.09345082262659778,0.0037968713183019723,0.008080988034261546,0.0025378712170387708,0.0014247262886661028,0.21129878536020943,,0.21547141022645983,,,0.5770382193769397,,0.7551971557344066,-1.7080838878310638,,,,,
