book_id,composite_key,pc1,pc2
104659050,A1_commitment_vows,3.359790972244459,1.401220062776584
11266880,A1_commitment_vows,0.13415645299713144,0.27819570744706384
123257687,A1_commitment_vows,0.9462955277865928,0.5592661657102856
123446478,A1_commitment_vows,1.2005350160858186,1.91672969860531
127305713,A1_commitment_vows,-0.8619319860644329,0.7694364847953967
149105520,A1_commitment_vows,-0.4579134068332164,-0.24286602596442247
15197,A1_commitment_vows,-0.27164585884485104,-1.2850854571652055
161913,A1_commitment_vows,-0.556637403694948,-0.4823692890527662
17561022,A1_commitment_vows,-1.4710310565116553,0.05436143576930133
1756703,A1_commitment_vows,0.29999757967805085,-0.9687140199523467
18692741,A1_commitment_vows,-0.684479584000075,0.27422632482060305
201413413,A1_commitment_vows,0.08086471569193561,-0.9005918257695296
20346544,A1_commitment_vows,-1.126363756601558,0.18860566778439958
208153130,A1_commitment_vows,-0.2926126659725322,1.1587607027638356
21787,A1_commitment_vows,-0.6031534230387819,-0.7328136921672554
22609391,A1_commitment_vows,-0.8287449276794744,-0.11051856335872606
22707536,A1_commitment_vows,-1.4674883794804732,0.8800743610824084
23518136,A1_commitment_vows,0.11946216934475942,0.5074102362265086
27394781,A1_commitment_vows,-0.48434751592459346,-0.19217694349867712
28675670,A1_commitment_vows,-0.23912240502837415,0.5212133489275599
28869598,A1_commitment_vows,-0.5602337916599908,-0.5153741680050942
28963772,A1_commitment_vows,-0.4512945265516211,-0.33219843170536323
29424551,A1_commitment_vows,-1.1862947975742149,0.11816795964655318
29939161,A1_commitment_vows,-0.42180590913866894,-0.9839404605299382
30291077,A1_commitment_vows,-0.7271467820532773,-0.04168903930936944
30618705,A1_commitment_vows,0.5363239656707848,-0.38945974409617284
30627346,A1_commitment_vows,-0.49417438993762924,-1.414727226067932
306364,A1_commitment_vows,-0.08366077408331965,-0.18281721072457938
31276376,A1_commitment_vows,-0.5636566281483562,0.306690977540096
31424202,A1_commitment_vows,0.1269962369618962,0.9460165263198195
31625455,A1_commitment_vows,0.15612758526815748,0.07634452186987185
32195234,A1_commitment_vows,-0.7875865205759157,1.1979689093401804
33743772,A1_commitment_vows,0.00866472845689758,-0.10920839167396874
34272677,A1_commitment_vows,-1.4704882735515525,-0.4908845305675144
34322023,A1_commitment_vows,0.9348299685532897,0.4605171818779359
34438741,A1_commitment_vows,0.7039349083770142,1.9499647395767727
34812836,A1_commitment_vows,2.538295371655979,-0.4886103588122269
35008850,A1_commitment_vows,0.8649463997033675,-1.5588793273273949
35053870,A1_commitment_vows,0.06194433124100935,-1.5124450883145437
35109856,A1_commitment_vows,-1.2090669816943391,-0.6820468655048516
36429604,A1_commitment_vows,0.0026843398198655305,-1.5385614349836212
36437212,A1_commitment_vows,-1.8993536052745867,0.8385291435154729
36512901,A1_commitment_vows,2.3488404573607258,0.7957150552714535
36564103,A1_commitment_vows,0.4896725559381249,-1.1741766170295727
36600859,A1_commitment_vows,-0.015515168394109574,-1.086273066096417
36662463,A1_commitment_vows,0.4703414062007904,-0.6769414360307467
40131614,A1_commitment_vows,-0.12552768188734784,-1.2706682963817548
4066312,A1_commitment_vows,0.3182444437269038,-0.2805647493219893
40727118,A1_commitment_vows,-0.6726133312046658,0.14439111102822477
42427664,A1_commitment_vows,0.19988734625737142,0.5159764505460981
43728457,A1_commitment_vows,-1.1376976464108286,-0.9290662040573762
44099084,A1_commitment_vows,1.7789017343158888,-1.8753101987043206
44168447,A1_commitment_vows,-0.9924750718341949,-0.7165179366492013
45156972,A1_commitment_vows,-1.0979390990794524,-0.28544690873361167
45857023,A1_commitment_vows,-1.2399833123867186,0.272297681488856
46142566,A1_commitment_vows,0.4152700841932352,0.041546969423062165
48572514,A1_commitment_vows,-0.4286650014211411,1.5183088711252908
49571946,A1_commitment_vows,0.47192982793487986,-0.6479803271444261
51208558,A1_commitment_vows,-0.4643789305386257,-0.2476317316080202
51778361,A1_commitment_vows,0.19500533662805764,-0.8152940521345131
53490997,A1_commitment_vows,-0.19277342677540724,0.9835727691676979
53491020,A1_commitment_vows,2.384714022674393,3.189257437409533
53491063,A1_commitment_vows,-1.2807611287136509,-0.8631813379498164
54474410,A1_commitment_vows,-0.09699089783286956,0.5042367365329802
55538972,A1_commitment_vows,-0.12544126418895613,-0.10788590007083279
55583305,A1_commitment_vows,-0.8697012756698472,-0.5142885552166876
55590890,A1_commitment_vows,-1.139627248811247,-0.0039838872095517355
55738401,A1_commitment_vows,-0.19232347826521365,0.26066023294661095
55817097,A1_commitment_vows,-0.6645345772394862,2.449085202135838
55849103,A1_commitment_vows,-0.9780036065959207,-0.7062592422284196
56916467,A1_commitment_vows,2.9147776656957167,-1.21433787610503
57200226,A1_commitment_vows,-0.9507019406067203,0.09672141746191934
57216633,A1_commitment_vows,-0.9983900801888406,0.5746858659927784
58013278,A1_commitment_vows,-0.8161161941858952,1.1190580125506626
58995736,A1_commitment_vows,-0.1284851271746072,0.004645742617038916
60217302,A1_commitment_vows,-0.5300388938734083,-0.16104054012146796
60416566,A1_commitment_vows,-0.33529999687386913,0.13055319309725902
60576722,A1_commitment_vows,1.296099677641551,-0.5280272727180326
60686882,A1_commitment_vows,0.050094694894158416,0.29288369658725427
60797616,A1_commitment_vows,-0.03287671093572357,-1.8697546700356589
60809640,A1_commitment_vows,-0.07016957920350511,-1.0025450154341093
61229235,A1_commitment_vows,0.7504105189228271,0.32182775376210637
61273778,A1_commitment_vows,-0.21831041365749504,-0.9070879127321054
62316382,A1_commitment_vows,5.111549959443378,-0.35684010172896197
62322599,A1_commitment_vows,-0.38298969932572086,0.2377866279838335
62626163,A1_commitment_vows,1.5784503181249858,-0.32176707365694646
63046139,A1_commitment_vows,-0.9899531754158878,2.44690586918891
63095160,A1_commitment_vows,3.3460059329124103,-0.24174906210015515
63130875,A1_commitment_vows,1.4156393252498003,0.8415500422232527
63830782,A1_commitment_vows,0.7037505946494856,-0.4310310737297565
75599070,A1_commitment_vows,-0.46477077119697946,3.1896601328244962
8686068,A1_commitment_vows,-1.48214609249492,0.056602111719865816
104659050,A2_emotional_safety,-0.658476365061105,0.7491226413811426
11266880,A2_emotional_safety,-0.08096429788151326,-1.635856414348102
123257687,A2_emotional_safety,0.7894963208157315,-0.8922767121967122
123446478,A2_emotional_safety,1.0315566156837512,0.6840941030440386
127305713,A2_emotional_safety,0.6347976375671472,-1.8631755061700506
149105520,A2_emotional_safety,2.1215250107079497,-0.17165113241834531
15197,A2_emotional_safety,1.9044302196165208,0.126254569478576
161913,A2_emotional_safety,-0.8772086771911941,-0.13502691517170612
17561022,A2_emotional_safety,-2.2077466305965823,-0.8604246075433515
1756703,A2_emotional_safety,0.19247176953974515,-1.0175377405943884
18692741,A2_emotional_safety,-2.4430530399230657,-0.5576858071463429
201413413,A2_emotional_safety,-3.172040184204406,-1.1795717614406023
20346544,A2_emotional_safety,-3.723031634371116,-0.7132485880464897
208153130,A2_emotional_safety,1.5292041270400307,1.5253113578973427
21787,A2_emotional_safety,-2.1084032249098636,0.19444251576951707
22609391,A2_emotional_safety,-0.35125939004651463,0.14530032043863417
22707536,A2_emotional_safety,1.4053175988572977,-0.23019214311989122
23518136,A2_emotional_safety,-1.5717062381200866,-2.013195854950585
27394781,A2_emotional_safety,-1.276192540748409,-1.7924768115696537
28675670,A2_emotional_safety,0.6006846649731373,0.6255789559544176
28869598,A2_emotional_safety,-1.1323965242235725,-1.32783044085191
28963772,A2_emotional_safety,0.07876960359947738,-0.8689819155820345
29424551,A2_emotional_safety,0.04520969360466907,-0.2870396776641085
29939161,A2_emotional_safety,3.2683188485407926,1.2991191367947548
30291077,A2_emotional_safety,-1.236582758061329,-0.9370171560997204
30618705,A2_emotional_safety,-2.0304249112133608,-0.1253715973674163
30627346,A2_emotional_safety,-0.6614595249009462,-0.018243932406870143
306364,A2_emotional_safety,0.42991616890589,-0.9940208991598061
31276376,A2_emotional_safety,0.39037924026468124,-2.262875644573954
31424202,A2_emotional_safety,0.22631998693868277,0.5894359235619715
31625455,A2_emotional_safety,-0.6897509514140867,0.373671071874758
32195234,A2_emotional_safety,-0.8318034623501046,1.7949825297204616
33743772,A2_emotional_safety,0.3220744251714291,0.5091703408954503
34272677,A2_emotional_safety,1.4421533656734733,0.963211272505638
34322023,A2_emotional_safety,0.7804990520542642,0.6360321989517982
34438741,A2_emotional_safety,1.0616757140791853,1.133291981811949
34812836,A2_emotional_safety,-0.13241493009524255,-1.2537155721006656
35008850,A2_emotional_safety,0.837127797973548,0.8397741256805399
35053870,A2_emotional_safety,1.6034963496423125,-1.2462454076184692
35109856,A2_emotional_safety,0.3604778683616311,0.5784138086065336
36429604,A2_emotional_safety,-3.6643632646939115,-0.8553619008647749
36437212,A2_emotional_safety,2.265780851125884,0.3745191304688441
36512901,A2_emotional_safety,-2.871023030766495,1.3027118828141993
36564103,A2_emotional_safety,1.526232070140605,-0.09390242499661208
36600859,A2_emotional_safety,-1.3424912871829848,-1.7367319943520452
36662463,A2_emotional_safety,-0.2008581503062729,1.1577128412509758
40131614,A2_emotional_safety,2.8013250083675847,-0.18179766803451733
4066312,A2_emotional_safety,0.9262306130822425,-0.1905674814244219
40727118,A2_emotional_safety,2.073503612983726,-1.0754061964882422
42427664,A2_emotional_safety,0.9575338458563998,0.854146690061288
43728457,A2_emotional_safety,-2.5443609179146405,-0.9629223365597107
44099084,A2_emotional_safety,0.030373500038017903,0.13285097064386114
44168447,A2_emotional_safety,-1.1142247794976208,-2.370982072942755
45156972,A2_emotional_safety,1.2895538292358115,-0.46333536003346143
45857023,A2_emotional_safety,-1.8973294188632344,0.012732965366250263
46142566,A2_emotional_safety,-1.4172908494733032,0.36413057410651445
48572514,A2_emotional_safety,2.0483696437940284,-1.761118034332143
49571946,A2_emotional_safety,1.1117642778666026,3.0415734706921733
51208558,A2_emotional_safety,-2.61824851267775,-0.604395158886724
51778361,A2_emotional_safety,0.6079235741282931,0.8783350551567709
53490997,A2_emotional_safety,-2.2592429645620533,0.1846858806238465
53491020,A2_emotional_safety,-1.0137078048183186,-1.7179674711410742
53491063,A2_emotional_safety,-1.9992159800775429,4.32289197436914
54474410,A2_emotional_safety,2.3270433551844483,0.6549835997860044
55538972,A2_emotional_safety,1.55125378205393,0.614349369878115
55583305,A2_emotional_safety,2.400161614572084,0.7977022531494825
55590890,A2_emotional_safety,2.340461861604246,0.6191570602546678
55738401,A2_emotional_safety,-0.3216506607034078,-0.07504915245631513
55817097,A2_emotional_safety,1.454990795797981,-0.38168785790552917
55849103,A2_emotional_safety,1.1406550816105168,1.0848953813037068
56916467,A2_emotional_safety,0.9824581222212116,0.8174763008485213
57200226,A2_emotional_safety,0.3359476595332897,-0.39954455183711485
57216633,A2_emotional_safety,1.7606631602141283,-1.6052577787921318
58013278,A2_emotional_safety,-2.3711397118262814,-0.021767296053448498
58995736,A2_emotional_safety,1.0136078455518647,0.3556085828122937
60217302,A2_emotional_safety,2.8561524544511876,-0.6873960751553375
60416566,A2_emotional_safety,-1.1886513211111112,-0.35253451653507445
60576722,A2_emotional_safety,1.3195614624913634,1.3752137758866545
60686882,A2_emotional_safety,0.7818729545679927,-1.243610336921043
60797616,A2_emotional_safety,-0.5698072982688042,0.1264107483177601
60809640,A2_emotional_safety,0.9782347683848136,0.25242947912923996
61229235,A2_emotional_safety,1.095462509159252,0.011996460374541473
61273778,A2_emotional_safety,0.5363327026675171,0.15616796069071318
62316382,A2_emotional_safety,-1.8533386772479186,-1.1225839925652907
62322599,A2_emotional_safety,-0.16054229382947266,0.9865821142645579
62626163,A2_emotional_safety,-0.35181751938558015,-0.04971854509582939
63046139,A2_emotional_safety,-0.545632105568461,0.3837278471011576
63095160,A2_emotional_safety,-0.5412696016824676,0.660558474265221
63130875,A2_emotional_safety,1.0815731845198842,-0.35574059976718436
63830782,A2_emotional_safety,0.5122828284487566,0.03156591211380635
75599070,A2_emotional_safety,-3.8026255450328024,7.005542848868642
8686068,A2_emotional_safety,-1.329462068462081,-0.6348254176845145
104659050,A3_everyday_tenderness,0.1325390989841903,-0.6431323316563632
11266880,A3_everyday_tenderness,0.602311937626559,-0.05965167919309859
123257687,A3_everyday_tenderness,-0.7779217737478781,-0.31566327189809607
123446478,A3_everyday_tenderness,-0.18015257853577893,-0.12751045105024544
127305713,A3_everyday_tenderness,-0.36053807537983473,0.01657617464500075
149105520,A3_everyday_tenderness,-0.9182684948275124,-0.430791537839211
15197,A3_everyday_tenderness,-0.22962996543896863,-0.31687325195173033
161913,A3_everyday_tenderness,1.3524838221877733,-0.6102417561183224
17561022,A3_everyday_tenderness,1.3782060991276976,-0.12747213386869244
1756703,A3_everyday_tenderness,-0.31659345263435296,1.721323816271506
18692741,A3_everyday_tenderness,2.2008952212248465,0.2558094825116288
201413413,A3_everyday_tenderness,0.9361363287522021,-0.5245275419522358
20346544,A3_everyday_tenderness,1.672214926868084,-0.06967320164504692
208153130,A3_everyday_tenderness,-0.2860826064136658,-0.4848343323611188
21787,A3_everyday_tenderness,2.6149250325097917,0.3248898859354098
22609391,A3_everyday_tenderness,-0.12785343928262982,-0.23995981714424414
22707536,A3_everyday_tenderness,-0.7244878947524185,-0.729237340545468
23518136,A3_everyday_tenderness,1.948900957387994,-0.06065050759239217
27394781,A3_everyday_tenderness,0.5523135892401306,-0.5383057325746768
28675670,A3_everyday_tenderness,-0.05721680487957002,0.13301379701496427
28869598,A3_everyday_tenderness,0.7077473343594552,0.7174807702177013
28963772,A3_everyday_tenderness,-0.31549779061435257,-0.034214157929630375
29424551,A3_everyday_tenderness,-0.8469330873689109,-0.2513533136235004
29939161,A3_everyday_tenderness,-0.9364622885458075,-0.4443004842858136
30291077,A3_everyday_tenderness,1.0218765868504858,-0.23317980408703698
30618705,A3_everyday_tenderness,2.2091644581109913,0.43103215294411645
30627346,A3_everyday_tenderness,1.041486304537253,0.339500611567516
306364,A3_everyday_tenderness,-0.6845751745928287,-0.10809826144114498
31276376,A3_everyday_tenderness,-0.9130062074272266,-0.06952805261569617
31424202,A3_everyday_tenderness,-0.3598504829044153,-0.6387743900651388
31625455,A3_everyday_tenderness,0.07608985673967811,0.13311055207280875
32195234,A3_everyday_tenderness,-1.0930238238727294,2.686980314916351
33743772,A3_everyday_tenderness,-0.19732254836125715,-0.6431793698859757
34272677,A3_everyday_tenderness,0.3420682544820959,0.1895249167398601
34322023,A3_everyday_tenderness,-0.11125457017890647,-0.30611433665568255
34438741,A3_everyday_tenderness,-0.42010637927144845,-0.26279388451344676
34812836,A3_everyday_tenderness,-1.260325973742572,-1.4776795107523726
35008850,A3_everyday_tenderness,-0.19842323583319027,-0.282258379584662
35053870,A3_everyday_tenderness,-0.48973834382150144,0.14561284077983905
35109856,A3_everyday_tenderness,-0.6133738840583111,-0.6572598851716256
36429604,A3_everyday_tenderness,0.37431061239148883,0.5742248195456809
36437212,A3_everyday_tenderness,-3.398943006352231,-2.9651357228075943
36512901,A3_everyday_tenderness,1.2450690735461993,-0.6581555757380521
36564103,A3_everyday_tenderness,-0.9192804703634352,1.0178009345083683
36600859,A3_everyday_tenderness,-0.11694708781929458,-1.0680013749450603
36662463,A3_everyday_tenderness,1.0324561973162296,3.659747977437033
40131614,A3_everyday_tenderness,-0.3588356253388385,0.09437385126563055
4066312,A3_everyday_tenderness,-0.2742202011468843,-0.16104046065676136
40727118,A3_everyday_tenderness,-0.29862008278645735,1.9116001933085298
42427664,A3_everyday_tenderness,-0.4913106708982729,-0.42996436265950994
43728457,A3_everyday_tenderness,2.244157577081731,0.3616925378710659
44099084,A3_everyday_tenderness,0.06960017377200256,-0.24266107872355047
44168447,A3_everyday_tenderness,0.8729018722298746,0.10927491353166907
45156972,A3_everyday_tenderness,-0.4435716797939634,-0.35402963772778845
45857023,A3_everyday_tenderness,1.7516122696226966,0.1513148273968594
46142566,A3_everyday_tenderness,1.3890722930181052,-0.9048667761606972
48572514,A3_everyday_tenderness,-1.31051445359041,0.9323681071208253
49571946,A3_everyday_tenderness,0.15116873526380467,1.0105956103345097
51208558,A3_everyday_tenderness,2.3221439039208556,0.70033618624707
51778361,A3_everyday_tenderness,-1.2150325114906846,-0.2538467137419175
53490997,A3_everyday_tenderness,2.124566828314167,-0.12551823949397645
53491020,A3_everyday_tenderness,1.3778452073649525,-0.1950693451037906
53491063,A3_everyday_tenderness,1.2993711103904562,0.15339277410522129
54474410,A3_everyday_tenderness,-0.6518581999011556,-0.8893181675745092
55538972,A3_everyday_tenderness,-1.1791740062952358,-1.1486657789179802
55583305,A3_everyday_tenderness,-0.19910434209700445,2.8100465633737417
55590890,A3_everyday_tenderness,-0.320871700107938,-0.4607216459369137
55738401,A3_everyday_tenderness,-0.2503397873117473,-0.06751550952170535
55817097,A3_everyday_tenderness,-0.20214715946040818,0.34598030624637977
55849103,A3_everyday_tenderness,-0.8750514565009073,-0.481826961978246
56916467,A3_everyday_tenderness,-0.2469034146688876,0.003630682192584418
57200226,A3_everyday_tenderness,-0.6214554581392475,-0.3161679553366794
57216633,A3_everyday_tenderness,0.3937775113022238,0.8225658355014573
58013278,A3_everyday_tenderness,0.9683322019027676,0.05390435353601728
58995736,A3_everyday_tenderness,-0.8442518010005086,-0.5656112206417191
60217302,A3_everyday_tenderness,-0.43952709578986593,-0.12482465248506272
60416566,A3_everyday_tenderness,-0.9820721029444169,0.8655743873854246
60576722,A3_everyday_tenderness,-0.9990516034145743,-1.00240291416933
60686882,A3_everyday_tenderness,-0.5461598761461652,-0.1283105301627916
60797616,A3_everyday_tenderness,-3.9672509502749076,5.508919935035567
60809640,A3_everyday_tenderness,-0.31371340501051664,0.02679647854509795
61229235,A3_everyday_tenderness,0.03446670668111967,0.22497285732736588
61273778,A3_everyday_tenderness,-0.1936440696943938,-0.23027927735572135
62316382,A3_everyday_tenderness,0.12484152392844271,-0.41312267851727236
62322599,A3_everyday_tenderness,0.00019128979920483724,-0.1810535862059589
62626163,A3_everyday_tenderness,-0.2646154122017608,-0.3218154419683377
63046139,A3_everyday_tenderness,-1.6069380089702607,-0.6705443802828609
63095160,A3_everyday_tenderness,0.11706435524152121,-0.38494238563413985
63130875,A3_everyday_tenderness,0.17643088388602166,-0.17519264658408004
63830782,A3_everyday_tenderness,-1.2729659272224987,-1.2480359902047256
75599070,A3_everyday_tenderness,1.3065738754802803,-0.25730469026038333
8686068,A3_everyday_tenderness,-0.9423035682244321,-1.320765027933019
104659050,B1_attraction_chemistry,-0.6398200838512865,3.8259475190020176
11266880,B1_attraction_chemistry,1.718712721925989,-1.4212469374503622
123257687,B1_attraction_chemistry,0.12404616561065987,-1.1334448734955178
123446478,B1_attraction_chemistry,-0.4371030283765933,0.18468151028140306
127305713,B1_attraction_chemistry,0.7509367849161093,-1.6697469856208942
149105520,B1_attraction_chemistry,5.465228660010917,-0.6812524626047467
15197,B1_attraction_chemistry,0.9854956924961661,1.4108983565719773
161913,B1_attraction_chemistry,-3.8491084531867297,-0.7024744816262845
17561022,B1_attraction_chemistry,-3.806758672576536,0.18360485740152135
1756703,B1_attraction_chemistry,1.6680956503709874,-2.0065637488912706
18692741,B1_attraction_chemistry,-3.850658330713068,-0.07209010689678576
201413413,B1_attraction_chemistry,-3.5331622430050946,-0.8382832722122996
20346544,B1_attraction_chemistry,-4.490342304086518,-1.4421564994787526
208153130,B1_attraction_chemistry,3.215076219477209,3.7636072227973245
21787,B1_attraction_chemistry,-4.379305981743741,-0.1226404473754339
22609391,B1_attraction_chemistry,-0.7484700017816848,-0.9059523439450626
22707536,B1_attraction_chemistry,3.8102715372047196,-1.1950781203620104
23518136,B1_attraction_chemistry,-4.373748692474642,-1.7524072021752672
27394781,B1_attraction_chemistry,-3.8693131576332584,-0.11308797261525322
28675670,B1_attraction_chemistry,1.0386664485502826,-0.20218475920910234
28869598,B1_attraction_chemistry,-2.2675841480050583,-1.9803869579345295
28963772,B1_attraction_chemistry,0.5804836448653347,-1.136700072203225
29424551,B1_attraction_chemistry,-0.12708125106838014,-0.7432223433241506
29939161,B1_attraction_chemistry,5.2351629719930575,-2.1800595744703632
30291077,B1_attraction_chemistry,-3.581603208979721,-0.4241623619256059
30618705,B1_attraction_chemistry,-3.6579484202241708,0.06105208650983646
30627346,B1_attraction_chemistry,-2.668689263979356,-1.601378904279758
306364,B1_attraction_chemistry,2.4367536751927856,-2.09745109463088
31276376,B1_attraction_chemistry,-1.1550775135270228,0.1492087945487976
31424202,B1_attraction_chemistry,1.683419004542844,1.9779649935465016
31625455,B1_attraction_chemistry,-0.9784897330764499,-0.19917161457734298
32195234,B1_attraction_chemistry,0.7638176080432099,2.583420329332309
33743772,B1_attraction_chemistry,0.16013440994857475,-0.10447631291880398
34272677,B1_attraction_chemistry,10.66577861591207,-0.7836951013390809
34322023,B1_attraction_chemistry,-1.1102776673997714,-1.237506342262969
34438741,B1_attraction_chemistry,2.9603363208940614,3.907448671425506
34812836,B1_attraction_chemistry,-0.6269553357768758,-1.200536356871875
35008850,B1_attraction_chemistry,1.7042033233041165,0.7814402127283991
35053870,B1_attraction_chemistry,1.0405612997871225,-1.2833333642970668
35109856,B1_attraction_chemistry,-0.9887113898857798,-1.0799062616475361
36429604,B1_attraction_chemistry,-3.306561510013553,-3.6381323245398636
36437212,B1_attraction_chemistry,4.564225889036072,-0.3751792142620116
36512901,B1_attraction_chemistry,-4.054014327455933,-0.8899773883420734
36564103,B1_attraction_chemistry,4.395043718504913,-0.8246285867831517
36600859,B1_attraction_chemistry,-3.782071927830292,-1.1236538635424957
36662463,B1_attraction_chemistry,-4.522954650087082,2.664241816713694
40131614,B1_attraction_chemistry,4.451837381929643,-0.5423050303267851
4066312,B1_attraction_chemistry,1.7474515267682573,-2.3404331229094026
40727118,B1_attraction_chemistry,0.18731995912748808,-1.747851917990778
42427664,B1_attraction_chemistry,3.07979743469219,-1.9357968976736055
43728457,B1_attraction_chemistry,-4.4299068634374015,-0.2819410192353499
44099084,B1_attraction_chemistry,-0.9799110733898636,1.1664705303632914
44168447,B1_attraction_chemistry,-3.7016378084358332,-0.3204365105034592
45156972,B1_attraction_chemistry,4.27099595737526,-1.9054914488631494
45857023,B1_attraction_chemistry,-3.654695910750757,0.4826492615138784
46142566,B1_attraction_chemistry,-4.334609044103358,2.1193892133168575
48572514,B1_attraction_chemistry,-0.926781205582668,-1.6235427759884828
49571946,B1_attraction_chemistry,5.069268685567483,0.1535408716519428
51208558,B1_attraction_chemistry,-4.750183489570376,1.4814032961721169
51778361,B1_attraction_chemistry,2.1360082541941336,0.047298057753170926
53490997,B1_attraction_chemistry,-3.3167346509821773,-0.24030594063128294
53491020,B1_attraction_chemistry,-3.1750131946351208,-1.6034598084692684
53491063,B1_attraction_chemistry,-0.06330668166086964,7.224474925156995
54474410,B1_attraction_chemistry,2.356390032165285,3.8308320051967275
55538972,B1_attraction_chemistry,1.259401639009716,-0.1812685006059352
55583305,B1_attraction_chemistry,1.8955944516982781,-0.832053673957429
55590890,B1_attraction_chemistry,1.1976329185386492,-0.5384191353189058
55738401,B1_attraction_chemistry,0.06299623032393364,2.128807028056882
55817097,B1_attraction_chemistry,0.7791889632871895,-1.0891125651039775
55849103,B1_attraction_chemistry,0.8767921173247404,-0.2589129547815767
56916467,B1_attraction_chemistry,-0.33063406967694997,0.4360099577794491
57200226,B1_attraction_chemistry,3.6384088068678384,-1.6426508614548683
57216633,B1_attraction_chemistry,-1.022444384216378,-0.9567544614825084
58013278,B1_attraction_chemistry,2.295598233564067,6.958534521168735
58995736,B1_attraction_chemistry,-1.0975065524896837,-0.4816041180225665
60217302,B1_attraction_chemistry,0.3483487219740839,-0.9799649922296116
60416566,B1_attraction_chemistry,3.6090648981990805,-0.01895955371398218
60576722,B1_attraction_chemistry,-0.09956546036273309,1.3871786595437432
60686882,B1_attraction_chemistry,-1.0550664889959962,-0.7271705248045227
60797616,B1_attraction_chemistry,-0.7979353229674923,1.4978648388040405
60809640,B1_attraction_chemistry,1.133566059278282,-0.5046026277469451
61229235,B1_attraction_chemistry,0.3153292921058264,-1.339946602556715
61273778,B1_attraction_chemistry,0.4416867511913496,-0.17793672822765455
62316382,B1_attraction_chemistry,-2.95837137664181,1.9956818860466168
62322599,B1_attraction_chemistry,1.0647295674155748,2.000738420715632
62626163,B1_attraction_chemistry,-0.330160839549607,-0.4495964267795752
63046139,B1_attraction_chemistry,3.545248990762482,-3.215138572873642
63095160,B1_attraction_chemistry,-0.35201706456057713,4.174812877755003
63130875,B1_attraction_chemistry,-1.5314702639664812,-0.2008157183290306
63830782,B1_attraction_chemistry,1.7445655525813606,-1.3691434064738053
75599070,B1_attraction_chemistry,2.14340777301813,3.1103353338879147
8686068,B1_attraction_chemistry,1.0966824811672096,2.978246095424359
104659050,B2_emotional_intimacy,0.10373387327770478,-0.10959789796754382
11266880,B2_emotional_intimacy,-0.46935036816732856,0.07360772545641402
123257687,B2_emotional_intimacy,0.9248451418119878,0.06434902686237998
123446478,B2_emotional_intimacy,0.016427939609766552,-0.19571842779922147
127305713,B2_emotional_intimacy,-0.2993312539660384,0.06865012839785707
149105520,B2_emotional_intimacy,0.8949541455477178,0.44065363966636234
15197,B2_emotional_intimacy,0.547261801635345,0.28426239683226745
161913,B2_emotional_intimacy,-0.901729391138757,-0.38629111160689217
17561022,B2_emotional_intimacy,-1.6246783294580707,-0.0784102018217078
1756703,B2_emotional_intimacy,-0.8170965922653232,-0.0038149146120926404
18692741,B2_emotional_intimacy,-2.3431799461486493,-0.14092578749206372
201413413,B2_emotional_intimacy,-1.6697951117055567,-0.7617561745467644
20346544,B2_emotional_intimacy,-1.8251263837764975,0.058181249390287404
208153130,B2_emotional_intimacy,0.708473084408163,-0.43161410594765254
21787,B2_emotional_intimacy,-1.1115763284708826,0.2609076474803773
22609391,B2_emotional_intimacy,-0.19751739887387101,0.2970095117300493
22707536,B2_emotional_intimacy,0.9821472938663266,-0.4912800588499263
23518136,B2_emotional_intimacy,-1.3969117764310959,0.0404991818601239
27394781,B2_emotional_intimacy,-0.8346212358277598,-0.33660387026858524
28675670,B2_emotional_intimacy,0.3573051930681297,0.4878559055301745
28869598,B2_emotional_intimacy,-0.5203828964441454,1.1307423811025363
28963772,B2_emotional_intimacy,-0.15291663002702385,-0.24710419791152413
29424551,B2_emotional_intimacy,1.4221620312132783,1.0416941053080655
29939161,B2_emotional_intimacy,1.3620982312570702,-0.008647062394460576
30291077,B2_emotional_intimacy,-0.6248939731057479,0.6479948944084689
30618705,B2_emotional_intimacy,-2.1963972709078825,0.3540012071981182
30627346,B2_emotional_intimacy,-1.6021549717324366,0.15544330547224333
306364,B2_emotional_intimacy,0.1611563354051042,-0.22259834558596397
31276376,B2_emotional_intimacy,0.03494965623629692,-0.33453295393090243
31424202,B2_emotional_intimacy,0.22863801450101184,-0.3128061328874069
31625455,B2_emotional_intimacy,-0.05262690373176128,0.30318485072898155
32195234,B2_emotional_intimacy,0.23455362154058762,-1.041199234514534
33743772,B2_emotional_intimacy,0.5387410056739325,0.03451084311233352
34272677,B2_emotional_intimacy,-0.8488455034403303,0.6823514799758217
34322023,B2_emotional_intimacy,0.19759899448528795,0.050225644810114746
34438741,B2_emotional_intimacy,0.9043886259400279,-0.04787982497912217
34812836,B2_emotional_intimacy,1.542855170785177,-0.3550222087691951
35008850,B2_emotional_intimacy,0.7319031874379055,-0.436069653015468
35053870,B2_emotional_intimacy,-0.35928393407756104,0.06946363838204749
35109856,B2_emotional_intimacy,0.8792600529449199,-0.27857324669890393
36429604,B2_emotional_intimacy,-1.4779886056006322,-0.5800546798504813
36437212,B2_emotional_intimacy,4.348601784125724,-2.521371331286708
36512901,B2_emotional_intimacy,-1.2570294840907739,-0.5512631962974353
36564103,B2_emotional_intimacy,0.330497313120079,-0.35306880627564224
36600859,B2_emotional_intimacy,-0.8494990901726417,-1.0121531427250379
36662463,B2_emotional_intimacy,-0.8513773018005033,0.3148946736481633
40131614,B2_emotional_intimacy,1.0994859901711733,-0.39109267631386546
4066312,B2_emotional_intimacy,0.0762437350660992,0.08337646369879433
40727118,B2_emotional_intimacy,-0.15785110358047194,0.5192214202400942
42427664,B2_emotional_intimacy,0.5439695932851314,0.3346723585838024
43728457,B2_emotional_intimacy,-1.5609866205221832,0.3122941966864588
44099084,B2_emotional_intimacy,0.4948879416259538,0.04825958484928484
44168447,B2_emotional_intimacy,-1.263798926969627,-0.22387822490595163
45156972,B2_emotional_intimacy,0.25760301875132646,-0.6462958563064135
45857023,B2_emotional_intimacy,-1.151224184932205,0.4972919402737152
46142566,B2_emotional_intimacy,-0.8599310743142076,-0.7815382858641325
48572514,B2_emotional_intimacy,0.47883274786483265,0.16243840315810334
49571946,B2_emotional_intimacy,0.07487862677680514,-0.053070078089904195
51208558,B2_emotional_intimacy,-1.5572120284326187,0.3723237400591763
51778361,B2_emotional_intimacy,4.001961425848429,-1.4277108570302752
53490997,B2_emotional_intimacy,-1.0052001340187562,0.13317228346128776
53491020,B2_emotional_intimacy,-1.1688302658271572,-0.03992982841501955
53491063,B2_emotional_intimacy,-2.4844578767457377,-1.143774175270741
54474410,B2_emotional_intimacy,1.7551466447234765,-0.6002806314838148
55538972,B2_emotional_intimacy,1.63672180604554,-0.3438451850799443
55583305,B2_emotional_intimacy,0.9704507541676545,-0.28374099610311826
55590890,B2_emotional_intimacy,1.509565991373151,-0.09648225578595103
55738401,B2_emotional_intimacy,0.047045258057607876,-0.45425295778607205
55817097,B2_emotional_intimacy,0.5598297412306704,0.5091151316573569
55849103,B2_emotional_intimacy,2.3918968564754524,0.673365628662573
56916467,B2_emotional_intimacy,0.2224283221192474,-0.03839173084728891
57200226,B2_emotional_intimacy,0.35592782804882006,-0.507009799601676
57216633,B2_emotional_intimacy,-0.15872333827393903,0.44423855891572117
58013278,B2_emotional_intimacy,-1.397564948948261,0.1422165964663157
58995736,B2_emotional_intimacy,0.8367193746359328,0.3013693268194799
60217302,B2_emotional_intimacy,1.49950164430415,-0.09631992745079244
60416566,B2_emotional_intimacy,-0.2333373792374746,1.6306506932059774
60576722,B2_emotional_intimacy,1.1746920108656373,-0.9267993678788097
60686882,B2_emotional_intimacy,0.19601180737286772,0.7278918792272352
60797616,B2_emotional_intimacy,1.0560685131808158,8.033969206118478
60809640,B2_emotional_intimacy,-0.4523489662541187,-0.4249823469278636
61229235,B2_emotional_intimacy,0.2928766704259256,0.15076066196888627
61273778,B2_emotional_intimacy,-0.530929729423583,-0.17352250322339233
62316382,B2_emotional_intimacy,-1.1989299229427661,-0.624587828392144
62322599,B2_emotional_intimacy,-0.6823502589609317,-0.3254268995978827
62626163,B2_emotional_intimacy,-0.29243774584945376,-0.16400448767507858
63046139,B2_emotional_intimacy,2.436748110143025,1.4731906184923123
63095160,B2_emotional_intimacy,-0.49424987105062396,0.1319194790046844
63130875,B2_emotional_intimacy,-0.5181579330421742,0.16214697920749951
63830782,B2_emotional_intimacy,1.2729556352954896,-0.405022286235639
75599070,B2_emotional_intimacy,-2.440501424607306,-1.5538001994363706
8686068,B2_emotional_intimacy,1.1983318695481109,-0.7402526343730461
104659050,C_explicit_eroticism,0.04896577866600759,1.561081867185737
11266880,C_explicit_eroticism,-1.5608309075963778,-1.107223491884639
123257687,C_explicit_eroticism,-0.5895924681897319,-0.9340193658087836
123446478,C_explicit_eroticism,-0.2732933333555574,0.5315637469462458
127305713,C_explicit_eroticism,-0.6121586504188985,-0.4797396551088335
149105520,C_explicit_eroticism,-2.3677962617050694,0.19928589170090774
15197,C_explicit_eroticism,0.1378738019783553,2.5545920659006676
161913,C_explicit_eroticism,2.50421946973002,-0.936898537898191
17561022,C_explicit_eroticism,3.8905988464979755,-0.3256813315984126
1756703,C_explicit_eroticism,-1.3947768886840701,-0.5117372853167693
18692741,C_explicit_eroticism,3.484524892870208,-0.46042626446387663
201413413,C_explicit_eroticism,3.135040300044039,-0.9732850545955017
20346544,C_explicit_eroticism,4.247174987421153,-0.4153564376978345
208153130,C_explicit_eroticism,-1.6488621403444998,1.2924650499261277
21787,C_explicit_eroticism,5.14012868870461,0.5925557465932604
22609391,C_explicit_eroticism,-0.041836947892768254,-0.37348170470038616
22707536,C_explicit_eroticism,-5.6349578265177955,1.4886647486366464
23518136,C_explicit_eroticism,4.0038517125847255,-0.24605735364901446
27394781,C_explicit_eroticism,4.020306121501563,-1.1809638144534225
28675670,C_explicit_eroticism,-1.785779902399053,-0.6510053755991346
28869598,C_explicit_eroticism,1.738308390847996,-1.6152069478687887
28963772,C_explicit_eroticism,-1.5855555475909349,-0.9412275321371929
29424551,C_explicit_eroticism,-0.7835703504753044,-0.30703550032109655
29939161,C_explicit_eroticism,-2.23779308012113,-0.28931301040689655
30291077,C_explicit_eroticism,3.1697329487154495,-0.47816191184939266
30618705,C_explicit_eroticism,3.7381101186389745,-0.11364318342171631
30627346,C_explicit_eroticism,2.569914801865733,-0.9940975364312395
306364,C_explicit_eroticism,-0.7026634139931139,-0.5656100342877024
31276376,C_explicit_eroticism,-0.7438717174406207,-1.2386938234077502
31424202,C_explicit_eroticism,-2.5840023644212606,3.2985913910466396
31625455,C_explicit_eroticism,-0.6705401212837262,-0.7912448935252633
32195234,C_explicit_eroticism,-0.3116977184147028,4.652893695913111
33743772,C_explicit_eroticism,-1.0262067448163203,-0.6068761325848244
34272677,C_explicit_eroticism,-6.0769645007192175,3.563832476982899
34322023,C_explicit_eroticism,0.28237141473386845,-0.08703431087648009
34438741,C_explicit_eroticism,-1.5412634842872817,1.528955697749599
34812836,C_explicit_eroticism,-0.15881081369549405,-0.2445916288377391
35008850,C_explicit_eroticism,-0.6723545185865797,-0.07921504226035755
35053870,C_explicit_eroticism,-0.3898156181144689,-0.878263932999731
35109856,C_explicit_eroticism,-0.7418536760978772,-0.6661047083734686
36429604,C_explicit_eroticism,2.1115503277114622,-1.760475333658101
36437212,C_explicit_eroticism,-5.427269478922372,-0.7655882180777526
36512901,C_explicit_eroticism,4.149503396270418,0.7564293462324287
36564103,C_explicit_eroticism,-2.065628434829373,-1.512333987869412
36600859,C_explicit_eroticism,2.96732636748955,-0.38873475971297006
36662463,C_explicit_eroticism,3.773874717041863,0.5735352473989956
40131614,C_explicit_eroticism,-2.3875342892120774,0.23178087523249002
4066312,C_explicit_eroticism,-0.4920400889145645,-0.16452558922950367
40727118,C_explicit_eroticism,-0.7830052721251063,-0.5848164341501761
42427664,C_explicit_eroticism,-1.3722669901244837,-0.5560040678656091
43728457,C_explicit_eroticism,3.708881050530267,-0.5269754559361457
44099084,C_explicit_eroticism,-0.03772531128050222,-0.6061466196332566
44168447,C_explicit_eroticism,3.832770208223801,0.384222757659607
45156972,C_explicit_eroticism,-1.9324621526718755,-1.1474274371213968
45857023,C_explicit_eroticism,3.602927252018581,-0.01732352174617388
46142566,C_explicit_eroticism,3.362607162970527,-0.5821751121234245
48572514,C_explicit_eroticism,0.021412340271721175,-1.1612029529615462
49571946,C_explicit_eroticism,-2.7914451866536645,0.21321906137030014
51208558,C_explicit_eroticism,3.3041762876942053,-0.36989753877712706
51778361,C_explicit_eroticism,-1.5398336450207497,0.9759255062934161
53490997,C_explicit_eroticism,3.271922754213563,-1.1007621798256373
53491020,C_explicit_eroticism,3.1019309657952125,-0.6559293500761924
53491063,C_explicit_eroticism,0.3696087432953353,4.5032681116173325
54474410,C_explicit_eroticism,-1.4557180822498799,0.7883727648982303
55538972,C_explicit_eroticism,-0.04934996329845902,-0.5148235509327306
55583305,C_explicit_eroticism,-0.7451846986619635,0.5122867679792936
55590890,C_explicit_eroticism,-0.6640275319038335,0.6991287715228663
55738401,C_explicit_eroticism,-0.40956998156788826,1.2233761712247597
55817097,C_explicit_eroticism,-1.6556462525683242,-1.1036748717103266
55849103,C_explicit_eroticism,-1.7449278844346137,-0.9200203077705229
56916467,C_explicit_eroticism,-0.15542574084116484,-0.7803130469290683
57200226,C_explicit_eroticism,-1.4492369626700703,-0.9106686639893434
57216633,C_explicit_eroticism,-2.4740601671950335,-1.7968506247638665
58013278,C_explicit_eroticism,0.8161473017699087,3.8295454936781264
58995736,C_explicit_eroticism,-0.9948917636468213,-1.4230819466218363
60217302,C_explicit_eroticism,-1.1623068780326582,-1.0574669525821803
60416566,C_explicit_eroticism,-3.319595087474299,-0.5670058538555206
60576722,C_explicit_eroticism,-0.16204259988023104,-0.7220623340919313
60686882,C_explicit_eroticism,0.4394324807936222,-0.7147118604810081
60797616,C_explicit_eroticism,-1.2172857151736867,-0.7118824465760459
60809640,C_explicit_eroticism,-1.4831231498653628,-1.0720904968416471
61229235,C_explicit_eroticism,-0.7297511585499389,-0.40334014522530726
61273778,C_explicit_eroticism,-1.7478922910399317,-1.7374883077766436
62316382,C_explicit_eroticism,1.8519028341754926,1.6867745838036396
62322599,C_explicit_eroticism,-0.7797318949693017,1.3643068381775212
62626163,C_explicit_eroticism,-0.729202341084843,-0.24220475325559218
63046139,C_explicit_eroticism,-5.890975568789371,-3.1786256787316796
63095160,C_explicit_eroticism,0.3916666676937099,2.2583977124911203
63130875,C_explicit_eroticism,0.4585026933399121,1.103884675482758
63830782,C_explicit_eroticism,-2.164190189609794,-1.2259557161180887
75599070,C_explicit_eroticism,1.563099402196796,2.9508760857038983
8686068,C_explicit_eroticism,0.9398305221274621,4.154968770033585
104659050,D_power_wealth_luxury,-0.0628529584092966,2.2145973923374536
11266880,D_power_wealth_luxury,-0.42982346318103154,-0.9257247140841933
123257687,D_power_wealth_luxury,1.9051211689554073,-1.4874073821555542
123446478,D_power_wealth_luxury,0.4274477023057699,1.1726334194552412
127305713,D_power_wealth_luxury,2.299058449908231,-1.4570695229189032
149105520,D_power_wealth_luxury,0.49831616205509177,-1.5464803690720754
15197,D_power_wealth_luxury,0.2939005686232696,-0.2979688867916884
161913,D_power_wealth_luxury,-0.8722950699502845,2.0830224013017196
17561022,D_power_wealth_luxury,-2.516508339146343,0.5800008084425196
1756703,D_power_wealth_luxury,0.9163806359375977,-2.6448926725897883
18692741,D_power_wealth_luxury,-1.4300079329554007,0.5406331481525568
201413413,D_power_wealth_luxury,-3.1092107781888667,0.25100882856997
20346544,D_power_wealth_luxury,-3.4578581897816263,1.4761114928840107
208153130,D_power_wealth_luxury,-0.9295592529165471,-1.4524100834085296
21787,D_power_wealth_luxury,-1.6743535010521728,1.4098485057664583
22609391,D_power_wealth_luxury,0.4176660282316367,-1.4192144176514205
22707536,D_power_wealth_luxury,-0.711474459947915,-1.5329559636153023
23518136,D_power_wealth_luxury,-1.796657293419596,1.8548106009662622
27394781,D_power_wealth_luxury,-1.5700768037045068,3.067388835284832
28675670,D_power_wealth_luxury,0.3992297028908908,-0.6594506003016607
28869598,D_power_wealth_luxury,-1.7429289771001002,-0.7111528131455778
28963772,D_power_wealth_luxury,0.8346897316594729,-1.455736355157731
29424551,D_power_wealth_luxury,-0.14322461575322387,0.5958515377983584
29939161,D_power_wealth_luxury,1.1410234718010832,-3.771811759660345
30291077,D_power_wealth_luxury,-1.5060106958976704,0.31917700739731125
30618705,D_power_wealth_luxury,0.6928676163913567,1.0613019636942094
30627346,D_power_wealth_luxury,-0.22372784321356773,0.3228030646207041
306364,D_power_wealth_luxury,3.5670503073665887,-1.658095713546387
31276376,D_power_wealth_luxury,1.8728173153531886,1.6043942916727743
31424202,D_power_wealth_luxury,1.5947636753235335,0.14702243257745864
31625455,D_power_wealth_luxury,1.0833540696565354,0.10150984458549733
32195234,D_power_wealth_luxury,-1.004553992445539,1.2401994532407614
33743772,D_power_wealth_luxury,-0.8065609737413733,0.4380324381541311
34272677,D_power_wealth_luxury,1.7943364146406027,0.5359536187865249
34322023,D_power_wealth_luxury,-0.03488735711207155,-1.1044307421247717
34438741,D_power_wealth_luxury,-1.3887155500165513,-0.4429299529192591
34812836,D_power_wealth_luxury,-0.2256005440918103,-0.24946095254880576
35008850,D_power_wealth_luxury,1.7904938469833551,-0.9722288397617835
35053870,D_power_wealth_luxury,-0.3829708012485052,-0.3850446471586664
35109856,D_power_wealth_luxury,-0.7385502559870558,-1.7881851440458223
36429604,D_power_wealth_luxury,-0.5557657199237072,-1.2927954544058837
36437212,D_power_wealth_luxury,-0.6218797831069282,-3.1624333164943894
36512901,D_power_wealth_luxury,-0.38853765247820843,2.5437697564044943
36564103,D_power_wealth_luxury,0.5447403959339857,-2.589902138475942
36600859,D_power_wealth_luxury,-2.130291537000945,0.5243994776180371
36662463,D_power_wealth_luxury,-2.4869289349419788,1.8205747618565449
40131614,D_power_wealth_luxury,-0.0036720625471577846,-1.6560108756593601
4066312,D_power_wealth_luxury,2.3647311047800765,-0.9967995168964601
40727118,D_power_wealth_luxury,3.2867219081590764,-0.9111229128876568
42427664,D_power_wealth_luxury,0.6633953510815886,-2.569745388782613
43728457,D_power_wealth_luxury,-2.651509062614092,0.9683509003638757
44099084,D_power_wealth_luxury,2.375171289624229,0.2171840215791129
44168447,D_power_wealth_luxury,-2.021048580903005,1.5967785869694366
45156972,D_power_wealth_luxury,-0.9609590764582082,-2.001842943686492
45857023,D_power_wealth_luxury,-1.6382428855207014,-0.37350170373529656
46142566,D_power_wealth_luxury,-1.7553886575175517,1.0265003377987962
48572514,D_power_wealth_luxury,10.573381707661717,5.096784017387636
49571946,D_power_wealth_luxury,-0.7589380448119244,-0.7280274929541078
51208558,D_power_wealth_luxury,-0.15649480205816885,2.4258631946365274
51778361,D_power_wealth_luxury,-0.21088753157837847,0.2768526733331989
53490997,D_power_wealth_luxury,-1.9937154364796896,1.4880771572180862
53491020,D_power_wealth_luxury,-3.082155588083703,1.9270472435332915
53491063,D_power_wealth_luxury,-3.7127660565804126,0.4483689472835564
54474410,D_power_wealth_luxury,-1.2395798618826852,-0.7489723167081618
55538972,D_power_wealth_luxury,-1.87273449108423,-0.19477697760191767
55583305,D_power_wealth_luxury,-0.6547888681834305,-1.7481104003814427
55590890,D_power_wealth_luxury,-0.5824151372927967,-0.18697629340656774
55738401,D_power_wealth_luxury,0.5414877542928531,0.7469979148161058
55817097,D_power_wealth_luxury,1.215968829166698,-0.7788538768316473
55849103,D_power_wealth_luxury,0.18442968651111813,0.3349327310087887
56916467,D_power_wealth_luxury,2.188937712430605,-0.5120163441821892
57200226,D_power_wealth_luxury,-1.4483703122737357,-1.4219562009142477
57216633,D_power_wealth_luxury,2.3827533392748843,0.8066288157354572
58013278,D_power_wealth_luxury,-1.8496378631015324,2.632005144107259
58995736,D_power_wealth_luxury,0.6913926169394027,-0.7088788583906521
60217302,D_power_wealth_luxury,0.44438469563410254,-1.5200680730105556
60416566,D_power_wealth_luxury,-0.5359285202516126,-1.0159021285789844
60576722,D_power_wealth_luxury,1.7240472231795978,-0.7429375146711913
60686882,D_power_wealth_luxury,3.189949309722734,0.13597122100485817
60797616,D_power_wealth_luxury,-0.8364137479060155,0.1153765034655672
60809640,D_power_wealth_luxury,0.8482526199647953,-3.048107002897275
61229235,D_power_wealth_luxury,0.41038667179903754,-0.9597208213369399
61273778,D_power_wealth_luxury,0.4028534113309846,-0.4152948306324151
62316382,D_power_wealth_luxury,1.5098179567301637,3.349636003040917
62322599,D_power_wealth_luxury,1.64321459412122,2.5811829601289245
62626163,D_power_wealth_luxury,0.058092794049054194,-1.288098541717874
63046139,D_power_wealth_luxury,-1.0592428578120832,-1.5255998325990672
63095160,D_power_wealth_luxury,0.06462343148114014,1.4512826367351834
63130875,D_power_wealth_luxury,2.8442647089590705,1.055481835179447
63830782,D_power_wealth_luxury,0.6350558006731607,-1.1254319656315377
75599070,D_power_wealth_luxury,-0.5868496084596695,2.260692986475769
8686068,D_power_wealth_luxury,0.23698054852870387,3.339494342759498
104659050,E_coercion_brutality_danger,1.0790519949751232,-0.3318619094109302
11266880,E_coercion_brutality_danger,1.6665023021265648,-0.11140672843423108
123257687,E_coercion_brutality_danger,0.7631115849561328,0.045143361784517916
123446478,E_coercion_brutality_danger,0.21996016218594427,-0.5619735974274396
127305713,E_coercion_brutality_danger,-0.14513979365670074,0.8199620262183029
149105520,E_coercion_brutality_danger,1.6525963513829038,0.009631679630449487
15197,E_coercion_brutality_danger,0.12952432106951584,0.22117002358330934
161913,E_coercion_brutality_danger,-0.5218435077350374,-0.897796799236234
17561022,E_coercion_brutality_danger,-1.9643605407818774,0.7500407040056994
1756703,E_coercion_brutality_danger,1.241139570768854,0.5502249901188943
18692741,E_coercion_brutality_danger,-2.5420632909228864,0.3494257174718571
201413413,E_coercion_brutality_danger,-2.476587080690582,-0.6597580342759769
20346544,E_coercion_brutality_danger,-2.3097938651627694,-0.0948171655370654
208153130,E_coercion_brutality_danger,1.6929996405497652,-0.39193711503928047
21787,E_coercion_brutality_danger,-2.131795772610657,0.6755423974393474
22609391,E_coercion_brutality_danger,-0.5693123056766196,-0.18461894421326205
22707536,E_coercion_brutality_danger,1.1146512570378264,0.9042305654737496
23518136,E_coercion_brutality_danger,-1.7460885564708635,1.909770943226052
27394781,E_coercion_brutality_danger,-1.8736770419933082,0.019580137114450665
28675670,E_coercion_brutality_danger,0.5640676026957403,-0.7066125513654632
28869598,E_coercion_brutality_danger,-1.0349940758905534,0.8245574001757785
28963772,E_coercion_brutality_danger,-1.0000462941493888,0.23599900886478445
29424551,E_coercion_brutality_danger,-0.6783864067353633,0.6251605734397074
29939161,E_coercion_brutality_danger,1.6910622727711717,-1.3650721000306014
30291077,E_coercion_brutality_danger,-1.732166839698646,1.6626695164062297
30618705,E_coercion_brutality_danger,-1.6390210543018624,-0.6251302627229567
30627346,E_coercion_brutality_danger,-2.069379070096433,-0.24048830114046102
306364,E_coercion_brutality_danger,1.2493048608586677,-0.23839792886605934
31276376,E_coercion_brutality_danger,0.873051328105923,0.014366251293042144
31424202,E_coercion_brutality_danger,0.5210288974607219,-0.15358510698288505
31625455,E_coercion_brutality_danger,-1.352925004463511,0.4687391231345028
32195234,E_coercion_brutality_danger,1.4015716872278914,1.443104282106338
33743772,E_coercion_brutality_danger,-0.18719587415756145,-0.2518706947981314
34272677,E_coercion_brutality_danger,0.6365068457378412,0.6304042513470796
34322023,E_coercion_brutality_danger,0.5149224723022949,-0.6965002268751173
34438741,E_coercion_brutality_danger,2.0775635767628247,0.12814477531065754
34812836,E_coercion_brutality_danger,-0.42863190581827826,-0.5577561158908187
35008850,E_coercion_brutality_danger,-0.013059420632562239,0.5667500239689108
35053870,E_coercion_brutality_danger,0.7113932676734185,-0.47632443664157165
35109856,E_coercion_brutality_danger,1.415225258394268,1.2881824543141833
36429604,E_coercion_brutality_danger,-2.0672366682900245,-0.21015207766528893
36437212,E_coercion_brutality_danger,-1.1026157087354418,1.9612879284889946
36512901,E_coercion_brutality_danger,-3.4543331192202396,-1.123748463874169
36564103,E_coercion_brutality_danger,1.1783389840449492,0.782268817586997
36600859,E_coercion_brutality_danger,-2.656026872710086,-0.6738796583516817
36662463,E_coercion_brutality_danger,-1.4177952810207683,0.45093077424036326
40131614,E_coercion_brutality_danger,1.6113095616926538,-0.3634894745094874
4066312,E_coercion_brutality_danger,-0.102303613877511,0.018964568243835633
40727118,E_coercion_brutality_danger,0.9020987852838528,4.360208385909913
42427664,E_coercion_brutality_danger,1.9808401013401418,1.3387150360626388
43728457,E_coercion_brutality_danger,-2.5242858425141983,-1.3334209490455757
44099084,E_coercion_brutality_danger,-0.3093547604510366,-0.6826419801522122
44168447,E_coercion_brutality_danger,-2.5745376548231067,0.01030849581693066
45156972,E_coercion_brutality_danger,0.9743039235611199,0.5742265910582547
45857023,E_coercion_brutality_danger,-1.961490885244957,0.6172837074997625
46142566,E_coercion_brutality_danger,-0.7508788550557077,-0.6122461269483559
48572514,E_coercion_brutality_danger,0.7807340668629955,0.8313452033673535
49571946,E_coercion_brutality_danger,0.6770825727718831,-0.35232491300692226
51208558,E_coercion_brutality_danger,-3.000855473868513,-1.8359796746127706
51778361,E_coercion_brutality_danger,0.4482260025467813,0.9904579416987369
53490997,E_coercion_brutality_danger,-0.48970686633607147,-1.3488045171509784
53491020,E_coercion_brutality_danger,-0.7355427421327717,-1.3704942626585923
53491063,E_coercion_brutality_danger,1.8207645965054167,-3.575056018647356
54474410,E_coercion_brutality_danger,1.5335932569154427,-1.5020962252554608
55538972,E_coercion_brutality_danger,1.094737122727131,0.8212137170430021
55583305,E_coercion_brutality_danger,0.795706653894372,-0.5186240282904471
55590890,E_coercion_brutality_danger,1.5026695098751859,0.1995222166267941
55738401,E_coercion_brutality_danger,-0.18807932668583557,0.1260848139529393
55817097,E_coercion_brutality_danger,4.408583997710775,0.19722956250756382
55849103,E_coercion_brutality_danger,0.030439749321249918,1.405259951023344
56916467,E_coercion_brutality_danger,-0.39675902163387733,0.575656063181855
57200226,E_coercion_brutality_danger,1.3299342252812962,-0.6247581653681094
57216633,E_coercion_brutality_danger,-0.6598760794750512,-0.5445823622873571
58013278,E_coercion_brutality_danger,-0.9275289937861843,-2.3745887918528132
58995736,E_coercion_brutality_danger,0.5658092812096915,-0.18299963639861894
60217302,E_coercion_brutality_danger,2.1518608553014076,-0.2820474934222431
60416566,E_coercion_brutality_danger,1.4258207751996,-0.8292570038990005
60576722,E_coercion_brutality_danger,1.5335469430216402,-1.7345276368331737
60686882,E_coercion_brutality_danger,0.4675576807615201,-0.20951664273449683
60797616,E_coercion_brutality_danger,0.688011564565852,-0.4237190659202011
60809640,E_coercion_brutality_danger,1.5563271989101304,-1.0601186693003908
61229235,E_coercion_brutality_danger,-0.1736037499507117,0.4431452379611472
61273778,E_coercion_brutality_danger,-0.5142241771752858,-0.42042018814178017
62316382,E_coercion_brutality_danger,-0.5062157090292366,-0.3692308128697268
62322599,E_coercion_brutality_danger,3.0889050654682886,-0.459991686882439
62626163,E_coercion_brutality_danger,0.30715577538881345,-0.5379580799988065
63046139,E_coercion_brutality_danger,-0.009413105170674502,0.704885334967353
63095160,E_coercion_brutality_danger,-0.1344015747167134,0.2107264773253998
63130875,E_coercion_brutality_danger,-0.20404015963110123,0.34317993789210605
63830782,E_coercion_brutality_danger,1.461200193726913,0.3648266391514976
75599070,E_coercion_brutality_danger,-1.6208931104172275,-0.019083923503815572
8686068,E_coercion_brutality_danger,-0.6323266453347022,2.6511389404361294
104659050,F1_sadness_grief,0.21060843990160272,1.5314109131403515
11266880,F1_sadness_grief,0.7682787942712842,2.1668689517948545
123257687,F1_sadness_grief,1.2275089043373777,-0.720850921974242
123446478,F1_sadness_grief,-0.0927887991448057,-0.17502731555250123
127305713,F1_sadness_grief,0.018739475248213698,-0.22227514261507192
149105520,F1_sadness_grief,2.589272436568366,0.25569540553452497
15197,F1_sadness_grief,0.5691620762956191,-0.40615381432779746
161913,F1_sadness_grief,-2.081707626459067,0.098201051735044
17561022,F1_sadness_grief,-2.113974222333688,0.442361389452779
1756703,F1_sadness_grief,1.4910152773254945,0.5839534769049174
18692741,F1_sadness_grief,-2.5755340165735783,-0.09652597039670087
201413413,F1_sadness_grief,-2.126720925183147,0.5896642735075527
20346544,F1_sadness_grief,-2.421738263001854,-0.7282969946694521
208153130,F1_sadness_grief,1.1562444609637912,0.5403995967040064
21787,F1_sadness_grief,-2.5200541143767983,0.2421553648529853
22609391,F1_sadness_grief,-0.6785375832289513,-0.3634588368186774
22707536,F1_sadness_grief,1.0953585604227778,-1.458642418949161
23518136,F1_sadness_grief,-2.6316049093843863,-0.313827794720997
27394781,F1_sadness_grief,-1.8319017980700043,0.10003014743872844
28675670,F1_sadness_grief,0.23550184341736272,0.296743905065789
28869598,F1_sadness_grief,-1.874425626722398,-0.35556698622002403
28963772,F1_sadness_grief,-0.3610434863705908,-0.71710858969053
29424551,F1_sadness_grief,-0.42801433958727847,-0.7816266454821711
29939161,F1_sadness_grief,1.1876725853359356,-0.32525692641103804
30291077,F1_sadness_grief,-2.712171227519925,0.0006873734817346561
30618705,F1_sadness_grief,-1.899828055281149,-0.24446811708731953
30627346,F1_sadness_grief,-2.2577083817152745,-0.3579927740334052
306364,F1_sadness_grief,0.869797036944402,0.9003293810806862
31276376,F1_sadness_grief,0.5648818946795111,0.8189681587779225
31424202,F1_sadness_grief,0.6722497173053639,0.41922053928232095
31625455,F1_sadness_grief,-0.5283875169523184,-0.9511599455360794
32195234,F1_sadness_grief,0.6100646799372076,1.734846962324982
33743772,F1_sadness_grief,0.08362466511951742,0.8979240396369772
34272677,F1_sadness_grief,1.7187043555710992,-1.772862298477447
34322023,F1_sadness_grief,-0.0702814099405886,-0.11712188181546355
34438741,F1_sadness_grief,2.5757211946505945,0.24754034545125195
34812836,F1_sadness_grief,-0.4467404417749704,-0.27459404576365504
35008850,F1_sadness_grief,0.9092641326289556,-0.4468559145896045
35053870,F1_sadness_grief,0.2455182246203081,0.179633822782191
35109856,F1_sadness_grief,0.21015179773711634,0.795661544616905
36429604,F1_sadness_grief,-2.082312148341671,-0.7274639054126139
36437212,F1_sadness_grief,1.5981034730192047,-2.0973685447814048
36512901,F1_sadness_grief,-3.282868639658802,-0.1758017352575891
36564103,F1_sadness_grief,1.269419365118515,-0.16549448836018668
36600859,F1_sadness_grief,-2.302746916090861,-0.7295888422738183
36662463,F1_sadness_grief,-2.294527545461506,0.602400048935569
40131614,F1_sadness_grief,2.2528694638721896,-0.44761889366752966
4066312,F1_sadness_grief,0.023874319354061053,-0.005308067727661299
40727118,F1_sadness_grief,1.121631608112086,0.11132013953892142
42427664,F1_sadness_grief,3.47329035298403,-0.3609050666050528
43728457,F1_sadness_grief,-2.3343363666092807,0.16752664570490833
44099084,F1_sadness_grief,0.42826996201717843,0.7311679704004034
44168447,F1_sadness_grief,-2.3769417514078874,0.017604865156431893
45156972,F1_sadness_grief,2.3573323171185394,-1.157866054434801
45857023,F1_sadness_grief,-2.3837890056175937,-0.09232671532977647
46142566,F1_sadness_grief,-2.2841314798570975,0.5449070199988297
48572514,F1_sadness_grief,0.3207045554800531,-0.13280126135140705
49571946,F1_sadness_grief,1.5417758040231384,0.699053370027726
51208558,F1_sadness_grief,-3.231162091768255,0.1263530661293791
51778361,F1_sadness_grief,1.3635842738349082,-0.6899569691438255
53490997,F1_sadness_grief,-1.707885993759109,0.5496535918477263
53491020,F1_sadness_grief,-1.5375436176669206,0.5936667320336935
53491063,F1_sadness_grief,0.7519976391555662,0.38019259492547797
54474410,F1_sadness_grief,1.387893288735195,-0.5171710302060882
55538972,F1_sadness_grief,0.9875036413915467,-0.12091198709273991
55583305,F1_sadness_grief,0.4360645148152158,0.8155393003661925
55590890,F1_sadness_grief,0.9665975307036946,1.639621644307247
55738401,F1_sadness_grief,1.1632234246446989,-0.6931307340572636
55817097,F1_sadness_grief,4.270028363925154,1.5794273121357232
55849103,F1_sadness_grief,-0.48421815992662154,-0.09685096587411784
56916467,F1_sadness_grief,0.7108393982674561,-0.6351697944166099
57200226,F1_sadness_grief,3.1992711226947956,-2.1416947803860915
57216633,F1_sadness_grief,-0.260307353237785,-0.4351792993933682
58013278,F1_sadness_grief,-0.2934226760465193,-0.9870474268072684
58995736,F1_sadness_grief,-0.36810964333437296,-0.02746653517094496
60217302,F1_sadness_grief,1.85420185564192,0.32108140729312046
60416566,F1_sadness_grief,1.0508130187292095,-0.7257009835167668
60576722,F1_sadness_grief,0.9606950877394445,2.882729534361948
60686882,F1_sadness_grief,0.698318380589608,0.23318576208811717
60797616,F1_sadness_grief,0.7282801045748144,-0.0041577826219136565
60809640,F1_sadness_grief,0.7632959705909,0.4392591819259035
61229235,F1_sadness_grief,0.942124282664812,-0.41033614332257207
61273778,F1_sadness_grief,-0.15287481485171797,-0.430507336612286
62316382,F1_sadness_grief,-0.9681702107094723,0.10232936161155726
62322599,F1_sadness_grief,1.179843754567689,1.7760296150504904
62626163,F1_sadness_grief,0.47704813643112176,-0.06224753004506932
63046139,F1_sadness_grief,0.5817061733159632,-0.7469893040812078
63095160,F1_sadness_grief,-0.3861139841246909,0.12243565523134481
63130875,F1_sadness_grief,0.012602304991263401,-0.4588503698070982
63830782,F1_sadness_grief,0.9847472698307551,0.40818553487592735
75599070,F1_sadness_grief,-1.955652868259987,-0.6678624445268246
8686068,F1_sadness_grief,1.472986698134296,-0.9125186700979063
104659050,F2_anger_frustration,-1.1576703615699504,1.307244729399104
11266880,F2_anger_frustration,-1.1628498668919074,1.839071892676346
123257687,F2_anger_frustration,-1.3415821536207226,0.08511525961445782
123446478,F2_anger_frustration,-1.0265838180713038,2.0774940638215167
127305713,F2_anger_frustration,-1.2431153941580642,0.3623417490630096
149105520,F2_anger_frustration,-2.9257799987658597,-0.15524392875384196
15197,F2_anger_frustration,-0.7097675201512251,-0.06643486273717442
161913,F2_anger_frustration,3.1354190549473144,-0.6175152496215411
17561022,F2_anger_frustration,4.390460605841439,0.1379788374853936
1756703,F2_anger_frustration,-0.9101230170637988,-1.7795879544456934
18692741,F2_anger_frustration,4.561109139205174,0.1385168354519614
201413413,F2_anger_frustration,5.213861903522492,-1.2978333551617316
20346544,F2_anger_frustration,5.1039872219818685,-0.9299783836296239
208153130,F2_anger_frustration,-2.192671300611514,-1.0542815492248778
21787,F2_anger_frustration,4.051694418212191,1.4025063229450911
22609391,F2_anger_frustration,-0.2696440018379631,0.6280028998404221
22707536,F2_anger_frustration,-1.54875267131301,-1.6994625874373597
23518136,F2_anger_frustration,3.6239903965411484,0.05310520775939705
27394781,F2_anger_frustration,2.0328981511702646,3.4836343002247743
28675670,F2_anger_frustration,-1.6778266739234209,-0.5120787654324703
28869598,F2_anger_frustration,2.270014515048656,-0.09333741572574127
28963772,F2_anger_frustration,-0.07031252884383438,0.5623916916531657
29424551,F2_anger_frustration,-0.8422922579407508,0.4278258281192136
29939161,F2_anger_frustration,-3.306225473256716,-1.2555023908587428
30291077,F2_anger_frustration,3.764525815804035,1.1678029080738404
30618705,F2_anger_frustration,3.619095849764285,0.8688747158734534
30627346,F2_anger_frustration,2.9327138370807377,-1.1601452142717892
306364,F2_anger_frustration,-0.7158550577066997,-1.8582454253025182
31276376,F2_anger_frustration,-0.434158357887654,-0.5260630921806364
31424202,F2_anger_frustration,-1.320639578987092,-1.5298554815220518
31625455,F2_anger_frustration,0.17942444967894605,0.27719843499676916
32195234,F2_anger_frustration,-0.054643597268174984,-0.1931650989327398
33743772,F2_anger_frustration,-0.050267635589812336,1.1142401671368243
34272677,F2_anger_frustration,-4.487079875106407,0.8839529907547146
34322023,F2_anger_frustration,-2.157357774971718,-0.43345370629974167
34438741,F2_anger_frustration,-2.417074247685181,-1.5678570082599315
34812836,F2_anger_frustration,0.6019845388665859,0.19690484188605464
35008850,F2_anger_frustration,-0.9116480657797698,1.1827529525407268
35053870,F2_anger_frustration,-0.9158488869782674,-2.189232500548343
35109856,F2_anger_frustration,-1.9720027931860973,0.27790060803689826
36429604,F2_anger_frustration,2.5205614894937094,-2.830984822258666
36437212,F2_anger_frustration,-4.324470103835734,2.328169744421941
36512901,F2_anger_frustration,4.758764993623149,-1.0701299810405283
36564103,F2_anger_frustration,-3.645966288756252,-0.05899497960760985
36600859,F2_anger_frustration,3.243921103915984,-2.4947264320320746
36662463,F2_anger_frustration,3.474201559832387,2.1243464518112227
40131614,F2_anger_frustration,-3.2434077137561204,1.3661130325921675
4066312,F2_anger_frustration,0.40997435858083026,-1.651343041380145
40727118,F2_anger_frustration,-1.0363838496015205,0.1040829075724398
42427664,F2_anger_frustration,-3.9073209495776315,2.1441098104294367
43728457,F2_anger_frustration,4.959898058507909,-0.5829569101978137
44099084,F2_anger_frustration,-0.8681811425357725,-0.6292854397389548
44168447,F2_anger_frustration,3.554851734013037,-0.3847566720063227
45156972,F2_anger_frustration,-0.9127844958629884,-2.05552984190496
45857023,F2_anger_frustration,4.56085265223587,0.9707832019220296
46142566,F2_anger_frustration,2.4597277634132872,-0.3532412733755707
48572514,F2_anger_frustration,-0.3007940990421087,-1.8562786640284012
49571946,F2_anger_frustration,-1.736986589786409,0.5650223411854507
51208558,F2_anger_frustration,3.216455623165204,2.572361658318395
51778361,F2_anger_frustration,-2.7417085340975667,-1.6272210813085906
53490997,F2_anger_frustration,2.6658492488874117,0.13945853143134304
53491020,F2_anger_frustration,2.811142410212372,0.8872203423671217
53491063,F2_anger_frustration,-0.9010501324882986,-0.41383248907807085
54474410,F2_anger_frustration,-2.2944221957184685,-2.317450788875521
55538972,F2_anger_frustration,-1.260182299688439,-0.28790579544314093
55583305,F2_anger_frustration,-0.45383149407730444,0.6403682611729299
55590890,F2_anger_frustration,-0.18743851355494634,-0.34543822489638326
55738401,F2_anger_frustration,0.513599548842822,-0.22017513351667167
55817097,F2_anger_frustration,-4.766871599623993,3.4701093962965173
55849103,F2_anger_frustration,-0.951055691140084,0.021769544316598905
56916467,F2_anger_frustration,-0.6738351134019471,0.006587643346670791
57200226,F2_anger_frustration,-1.2421434102258524,-2.4372768492928087
57216633,F2_anger_frustration,0.5441716709432903,-0.2943859630293556
58013278,F2_anger_frustration,0.024005099761533356,-0.5019150479799612
58995736,F2_anger_frustration,-0.5741699965159157,-0.08846413986727321
60217302,F2_anger_frustration,-2.148622025806578,0.8315514023815795
60416566,F2_anger_frustration,-3.14877827520254,1.20599012622106
60576722,F2_anger_frustration,-0.21800675344089393,1.231205317162881
60686882,F2_anger_frustration,-0.35589401657792047,-2.307519281129627
60797616,F2_anger_frustration,0.5122681162727566,0.6144986781459261
60809640,F2_anger_frustration,-0.5582371464703605,-1.2579691017909123
61229235,F2_anger_frustration,-1.5452842717807658,-2.231611518590816
61273778,F2_anger_frustration,-0.5617529699160735,-0.002726437380049701
62316382,F2_anger_frustration,0.917270909186108,0.15403739734082683
62322599,F2_anger_frustration,-1.4060227034162516,1.6476291405001453
62626163,F2_anger_frustration,0.7236801797600939,-0.8585376317515283
63046139,F2_anger_frustration,-3.8508411358774346,-4.156066896152338
63095160,F2_anger_frustration,0.6401988008175492,0.1832580632081478
63130875,F2_anger_frustration,-0.45379621612748733,1.3807840051863567
63830782,F2_anger_frustration,-1.0308735157556232,-0.3499036763661395
75599070,F2_anger_frustration,0.3173046726542574,7.693824731652007
8686068,F2_anger_frustration,-1.1869937389585,1.82776311803047
104659050,F3_anxiety_worry,-0.9633667671078018,0.9650282072132531
11266880,F3_anxiety_worry,-1.0088851173284623,1.9642451655330464
123257687,F3_anxiety_worry,-1.8109197824929406,0.46639960964740984
123446478,F3_anxiety_worry,-1.181552751125875,2.016797014806315
127305713,F3_anxiety_worry,-1.56320607989326,0.6908389970217359
149105520,F3_anxiety_worry,-2.7484411292939512,-0.2851326714869818
15197,F3_anxiety_worry,-0.9103346453998415,0.9807505120299661
161913,F3_anxiety_worry,2.7392808905912744,-0.7086932500064143
17561022,F3_anxiety_worry,4.438093524401847,-0.22351877177370388
1756703,F3_anxiety_worry,-0.8790552728293793,-1.4765054996822935
18692741,F3_anxiety_worry,4.2970629923635775,0.8163899516741939
201413413,F3_anxiety_worry,5.201752410412441,-0.6056008067313439
20346544,F3_anxiety_worry,5.283959567105682,-1.7222249229972852
208153130,F3_anxiety_worry,-1.7908997341653476,-1.3943010832265001
21787,F3_anxiety_worry,3.623683160048251,1.5742524905569482
22609391,F3_anxiety_worry,-0.18087484963656605,1.1158504766526498
22707536,F3_anxiety_worry,-0.3713459594805058,-2.0130063342612527
23518136,F3_anxiety_worry,2.8048341181749823,0.1920529025028705
27394781,F3_anxiety_worry,0.9364655857140488,4.072048241373453
28675670,F3_anxiety_worry,-1.736473834266588,-0.7588405110622075
28869598,F3_anxiety_worry,2.1326371955837597,-0.1707186874985597
28963772,F3_anxiety_worry,-0.029451492212575606,0.2995500270702254
29424551,F3_anxiety_worry,-0.8315020386940537,-0.07074926715660614
29939161,F3_anxiety_worry,-3.0700661901788084,-1.2658819520747018
30291077,F3_anxiety_worry,3.4751311857542593,0.9731944972532945
30618705,F3_anxiety_worry,2.9295136552104384,1.5026143823226763
30627346,F3_anxiety_worry,3.1890836741960342,-2.733863963978929
306364,F3_anxiety_worry,-0.9818319699186447,-1.3818598375658884
31276376,F3_anxiety_worry,-0.43775694138960414,-0.657898691440899
31424202,F3_anxiety_worry,-0.9370267404150585,-1.638495810843757
31625455,F3_anxiety_worry,0.8350766428579736,-0.07321251419066858
32195234,F3_anxiety_worry,-0.13644034971545554,0.46867840332163807
33743772,F3_anxiety_worry,0.4823916553670024,1.0006293606745988
34272677,F3_anxiety_worry,-2.7472749524694264,-0.639504545753664
34322023,F3_anxiety_worry,-1.362701222096032,-0.19933989212834125
34438741,F3_anxiety_worry,-2.1717171269634754,-1.2566783061249873
34812836,F3_anxiety_worry,0.44065971973817947,-0.43840411133991686
35008850,F3_anxiety_worry,-0.9253786242960718,1.4541112304101842
35053870,F3_anxiety_worry,-0.6301830310567649,-2.6819210622514116
35109856,F3_anxiety_worry,-1.8618439977084718,0.12354355096778324
36429604,F3_anxiety_worry,2.5248037803945276,-2.1564718608127325
36437212,F3_anxiety_worry,-3.795553005282878,2.49502643806212
36512901,F3_anxiety_worry,4.724905891900432,-1.1956047316638796
36564103,F3_anxiety_worry,-3.7877340748386175,0.27301106257199537
36600859,F3_anxiety_worry,2.9635543044181536,-2.599086302373131
36662463,F3_anxiety_worry,3.323024012292631,2.9244347647484448
40131614,F3_anxiety_worry,-3.172594596929388,1.3359494266552934
4066312,F3_anxiety_worry,-0.47754920265440703,-1.5303876524148528
40727118,F3_anxiety_worry,-1.4513499859112808,0.9633012332268974
42427664,F3_anxiety_worry,-4.161572788495681,1.7296118969096768
43728457,F3_anxiety_worry,5.214665685302854,-1.1594707457240556
44099084,F3_anxiety_worry,-0.4080533401425951,-0.6280007605234644
44168447,F3_anxiety_worry,3.192235023799881,-0.19280498876970872
45156972,F3_anxiety_worry,-0.029718887840527047,-3.1294667834108947
45857023,F3_anxiety_worry,4.423199539192562,1.446457946119487
46142566,F3_anxiety_worry,2.039892530818002,-0.020169342835382895
48572514,F3_anxiety_worry,-0.6192334845063087,-2.3005576991887478
49571946,F3_anxiety_worry,-0.9704481234767898,-0.11008342434850248
51208558,F3_anxiety_worry,2.6045409115365543,2.9640129907200405
51778361,F3_anxiety_worry,-2.6555597155712505,-1.3197644910370288
53490997,F3_anxiety_worry,2.6645541187242814,-0.07590032629436817
53491020,F3_anxiety_worry,3.158949441670015,0.7444874076367006
53491063,F3_anxiety_worry,-1.2387435536621878,1.3897478276115738
54474410,F3_anxiety_worry,-1.9749289984214766,-1.980685511640529
55538972,F3_anxiety_worry,-1.4314593076906716,-0.2942165154053769
55583305,F3_anxiety_worry,-0.4500713287395931,0.40566047046316245
55590890,F3_anxiety_worry,-1.0243647636416344,-0.21741724453640143
55738401,F3_anxiety_worry,-0.05501905076275926,0.5022947700937707
55817097,F3_anxiety_worry,-4.874456843227474,2.2774748490237977
55849103,F3_anxiety_worry,-0.4786573225506933,-0.5058685659921002
56916467,F3_anxiety_worry,-0.3261090197521487,-0.7216173893453841
57200226,F3_anxiety_worry,-1.0779932863011727,-3.183381509303957
57216633,F3_anxiety_worry,0.04096668866328825,-0.2725250105963013
58013278,F3_anxiety_worry,0.9322550611557996,-0.5822557314953801
58995736,F3_anxiety_worry,-0.4131372777234091,-0.4108827437374664
60217302,F3_anxiety_worry,-2.7688465355332053,1.0962795221453707
60416566,F3_anxiety_worry,-2.5796370194056295,1.0863238180834411
60576722,F3_anxiety_worry,-0.8654032289824667,1.63953463704674
60686882,F3_anxiety_worry,-1.6158538329843983,-2.0102597692033966
60797616,F3_anxiety_worry,0.13345038093912404,1.094561185110096
60809640,F3_anxiety_worry,-0.5874700835187773,-1.3557340295575369
61229235,F3_anxiety_worry,-2.2588514110454745,-1.4768726068543592
61273778,F3_anxiety_worry,-0.21154785910317933,-0.4093411170826571
62316382,F3_anxiety_worry,0.9367881784096395,0.12910045137706527
62322599,F3_anxiety_worry,-1.1771233944382338,0.7946582396477627
62626163,F3_anxiety_worry,0.6964382913038704,-0.9567618829266886
63046139,F3_anxiety_worry,-2.559057179096256,-3.877469468738001
63095160,F3_anxiety_worry,0.2570932318546549,0.41749468865908895
63130875,F3_anxiety_worry,-0.5853582345467456,1.4132462864993123
63830782,F3_anxiety_worry,-1.3227441823660098,-0.0835102992257218
75599070,F3_anxiety_worry,1.0889089885240486,7.370559365012051
8686068,F3_anxiety_worry,-1.055120519141791,1.9827167001581951
104659050,G_courtship_rituals_gifts,0.38318748640499256,-0.5482191016120129
11266880,G_courtship_rituals_gifts,-0.04908098880233008,0.3396599516634881
123257687,G_courtship_rituals_gifts,-0.6266311725599284,0.051065012818345606
123446478,G_courtship_rituals_gifts,0.2048592921664783,0.3133548861085102
127305713,G_courtship_rituals_gifts,-0.44789155422892596,-0.7005446488123714
149105520,G_courtship_rituals_gifts,-0.8896427442045659,-0.014440045873254901
15197,G_courtship_rituals_gifts,0.4714543148282484,-0.6350980038065058
161913,G_courtship_rituals_gifts,0.31900731979339836,-0.6231009172407141
17561022,G_courtship_rituals_gifts,1.425759233101939,-0.5485684384059017
1756703,G_courtship_rituals_gifts,-1.0847175649964576,0.07259785250282862
18692741,G_courtship_rituals_gifts,0.9050984714397466,-1.1064976078894944
201413413,G_courtship_rituals_gifts,-0.23660366901625549,-0.46675902641715034
20346544,G_courtship_rituals_gifts,0.7771379078303652,-0.9430355553092634
208153130,G_courtship_rituals_gifts,-4.293936014069004,0.8881910872906981
21787,G_courtship_rituals_gifts,0.9033062918038977,-1.171965980055981
22609391,G_courtship_rituals_gifts,-2.365175256992285,0.25157586044008473
22707536,G_courtship_rituals_gifts,-0.5903112750326531,0.22395114267245073
23518136,G_courtship_rituals_gifts,1.2024457299638598,4.210978705829035
27394781,G_courtship_rituals_gifts,3.2185612593941895,5.609935488146595
28675670,G_courtship_rituals_gifts,-0.27231872577002353,0.06782059141503291
28869598,G_courtship_rituals_gifts,0.6601643135916452,-0.1606872490118688
28963772,G_courtship_rituals_gifts,-0.8175987687029732,0.032855497467273266
29424551,G_courtship_rituals_gifts,0.2831792762626583,-0.3283680183585334
29939161,G_courtship_rituals_gifts,-1.1281920957350717,0.2617843237866059
30291077,G_courtship_rituals_gifts,0.9917083033224742,-0.10649337617487306
30618705,G_courtship_rituals_gifts,1.329403026878001,-0.17310203272669908
30627346,G_courtship_rituals_gifts,1.204305245898779,-0.1207375948885359
306364,G_courtship_rituals_gifts,-1.0104676518230902,0.023956979926866767
31276376,G_courtship_rituals_gifts,-0.6989726365561086,-0.4469812843091455
31424202,G_courtship_rituals_gifts,0.14365784407036797,-0.08502199436546923
31625455,G_courtship_rituals_gifts,0.3580690359024896,-0.06780976802054901
32195234,G_courtship_rituals_gifts,-0.0811519687882405,-1.2013380422708189
33743772,G_courtship_rituals_gifts,0.292863904062225,-0.7665947137673524
34272677,G_courtship_rituals_gifts,-0.674712731157595,0.09405234722811903
34322023,G_courtship_rituals_gifts,-0.11763550632482367,-0.2266283117164576
34438741,G_courtship_rituals_gifts,-0.5292826487348804,-0.366781352896034
34812836,G_courtship_rituals_gifts,-0.6492680257758832,0.26044749909348164
35008850,G_courtship_rituals_gifts,0.08304997854625878,-0.12362171362817491
35053870,G_courtship_rituals_gifts,0.018768598679373315,-0.1981458652821479
35109856,G_courtship_rituals_gifts,-0.3922789247632909,-0.2209998408928436
36429604,G_courtship_rituals_gifts,-0.20288739889547472,0.19847133988683693
36437212,G_courtship_rituals_gifts,-0.47586583635123497,-0.7934223652932072
36512901,G_courtship_rituals_gifts,0.6253519371356608,-0.4258122902534641
36564103,G_courtship_rituals_gifts,-4.031550729933338,1.280571881882398
36600859,G_courtship_rituals_gifts,-0.03248920015268633,-0.5152236161706072
36662463,G_courtship_rituals_gifts,1.844810093174387,-0.909699432013418
40131614,G_courtship_rituals_gifts,-0.481712174811961,-0.5000045357772367
4066312,G_courtship_rituals_gifts,-0.9980747952045358,-0.6270607120324955
40727118,G_courtship_rituals_gifts,-1.1133422269202085,0.44221355579600696
42427664,G_courtship_rituals_gifts,-0.6635584207797189,0.1310648437526514
43728457,G_courtship_rituals_gifts,1.521388303787165,-0.22884735106489343
44099084,G_courtship_rituals_gifts,1.0971911466143696,-0.5397199439970696
44168447,G_courtship_rituals_gifts,1.1435762223919366,-1.349978140247259
45156972,G_courtship_rituals_gifts,-0.7731513773332427,0.25971715081679464
45857023,G_courtship_rituals_gifts,0.8038772940636706,-0.44741686576164746
46142566,G_courtship_rituals_gifts,1.2510279672708982,0.6431700415804203
48572514,G_courtship_rituals_gifts,0.028559361440690878,0.288529223579111
49571946,G_courtship_rituals_gifts,-0.24897765950655176,-0.9338975967554122
51208558,G_courtship_rituals_gifts,1.913718112805254,-0.34144822870033076
51778361,G_courtship_rituals_gifts,0.49870476417014015,-0.42499918803831294
53490997,G_courtship_rituals_gifts,0.6870115423240939,-0.46036549674560334
53491020,G_courtship_rituals_gifts,0.6381936074337469,-0.7088374588155402
53491063,G_courtship_rituals_gifts,0.8210846733799501,-0.45815204356766986
54474410,G_courtship_rituals_gifts,-0.38510642246825727,-0.43628194121357794
55538972,G_courtship_rituals_gifts,-0.8897968069664357,-0.05300434597651804
55583305,G_courtship_rituals_gifts,-0.19666176756693243,0.6991159911196239
55590890,G_courtship_rituals_gifts,-0.2549981385533078,-0.3286417258628153
55738401,G_courtship_rituals_gifts,1.5815403125712397,-0.9076368033094936
55817097,G_courtship_rituals_gifts,-0.9865979016950477,0.6569560683792848
55849103,G_courtship_rituals_gifts,0.3694479374793832,0.957601795198154
56916467,G_courtship_rituals_gifts,0.8834573910159272,-0.17013024858500125
57200226,G_courtship_rituals_gifts,-2.3469879258871695,0.7143166831136443
57216633,G_courtship_rituals_gifts,-0.24572135269272377,0.3404102802474412
58013278,G_courtship_rituals_gifts,0.6640063807629298,0.1483573039324512
58995736,G_courtship_rituals_gifts,0.12582699556889443,-0.9058575645045799
60217302,G_courtship_rituals_gifts,-0.21721086095482114,0.3719408373920243
60416566,G_courtship_rituals_gifts,0.5062560580636375,1.9112270148515902
60576722,G_courtship_rituals_gifts,0.6637648989147634,-0.17941673773006975
60686882,G_courtship_rituals_gifts,-0.29669979961268284,-0.7590076299158124
60797616,G_courtship_rituals_gifts,0.6045015089843969,2.078551712998817
60809640,G_courtship_rituals_gifts,-0.41732968110748214,-0.26816221530906986
61229235,G_courtship_rituals_gifts,-0.5798850767798507,1.010764526257295
61273778,G_courtship_rituals_gifts,0.45733639394292824,0.33547286573283064
62316382,G_courtship_rituals_gifts,0.539862158230772,-1.1292005901024282
62322599,G_courtship_rituals_gifts,1.0867172724841887,1.4353992823916968
62626163,G_courtship_rituals_gifts,-0.03808226009370186,-0.3617315870900486
63046139,G_courtship_rituals_gifts,-1.488362210317585,0.21459403289360054
63095160,G_courtship_rituals_gifts,-0.39453559237578034,-0.21218874995649606
63130875,G_courtship_rituals_gifts,0.5533506361933942,0.15959235364482824
63830782,G_courtship_rituals_gifts,-0.7631224605990287,-0.2603057137255155
75599070,G_courtship_rituals_gifts,0.6315250162739235,-1.4956574602889638
8686068,G_courtship_rituals_gifts,-1.2394968188255857,1.5033830506997936
104659050,L_vices_addictions,0.9609229108240581,-0.3242205544921036
11266880,L_vices_addictions,-1.0921782228515275,-0.4154173928484528
123257687,L_vices_addictions,-1.0080914104201106,0.1301756062528548
123446478,L_vices_addictions,0.18293630557721333,-0.6602198055889413
127305713,L_vices_addictions,-1.334055547904834,-0.5450691697490643
149105520,L_vices_addictions,-2.065447549487514,0.23032491504862015
15197,L_vices_addictions,-1.1388883534788636,0.42267723815960034
161913,L_vices_addictions,1.5177852833161256,-0.14600682675155655
17561022,L_vices_addictions,1.3399401555909811,0.15449310429964425
1756703,L_vices_addictions,-0.7645155418909637,-0.9732784962866323
18692741,L_vices_addictions,4.477269631155525,2.7483411735585013
201413413,L_vices_addictions,0.54998921187969,-1.4593190977965833
20346544,L_vices_addictions,3.1799090251948665,0.3699609995579189
208153130,L_vices_addictions,-0.9292994833761351,-1.6461886096681684
21787,L_vices_addictions,2.2603507010449393,-0.26050489220711015
22609391,L_vices_addictions,-0.03857129837208608,0.6934769856216998
22707536,L_vices_addictions,-3.0377165884028714,0.48415856336179774
23518136,L_vices_addictions,2.396478254950403,-0.6616136991808262
27394781,L_vices_addictions,2.7687813825286183,-0.5088616956003243
28675670,L_vices_addictions,-0.8804457149380793,-0.2816786678790311
28869598,L_vices_addictions,1.0299998560386545,0.9179375181222938
28963772,L_vices_addictions,-0.9118517225443038,-1.8253309988572577
29424551,L_vices_addictions,0.22441099566729594,-2.114459587690189
29939161,L_vices_addictions,-2.609744500267481,0.34889718485129717
30291077,L_vices_addictions,2.6245371324377444,1.406557867231258
30618705,L_vices_addictions,2.214249715987094,-0.2407907756169784
30627346,L_vices_addictions,2.1491409585842662,-0.015033423275715947
306364,L_vices_addictions,-1.8138225629161768,-0.6125529857607442
31276376,L_vices_addictions,-0.07983714892176721,-2.0439037700442357
31424202,L_vices_addictions,-1.0937868457249567,0.22182235022874897
31625455,L_vices_addictions,0.2816501024317023,0.5189417344711643
32195234,L_vices_addictions,-0.051964658517407974,0.957722316431443
33743772,L_vices_addictions,-0.5471581970737445,1.2257412829568903
34272677,L_vices_addictions,-4.002324448891046,-0.5560911236758139
34322023,L_vices_addictions,-0.7306263904128547,-0.3852509231658804
34438741,L_vices_addictions,-1.0967206322710552,-0.946693389160676
34812836,L_vices_addictions,0.2772989250621825,0.5061407044784644
35008850,L_vices_addictions,-0.7606576585999463,1.30276470088203
35053870,L_vices_addictions,-1.55610721241357,1.1139603198161208
35109856,L_vices_addictions,-1.4154164267788285,1.8657304678248863
36429604,L_vices_addictions,0.8608791513016438,3.6199362842319136
36437212,L_vices_addictions,-2.287580408602873,1.877307099247834
36512901,L_vices_addictions,2.619676852346358,0.8500956271265858
36564103,L_vices_addictions,-2.5412389677608234,-0.5585120437467144
36600859,L_vices_addictions,1.6116820515997283,0.18196390877204674
36662463,L_vices_addictions,2.034920697589479,1.1455964661677853
40131614,L_vices_addictions,-1.4302345691017828,-0.18754293653559875
4066312,L_vices_addictions,-1.852477264480623,-0.16649954219856697
40727118,L_vices_addictions,-0.7816750618839019,0.34865526196185426
42427664,L_vices_addictions,-2.7055731832584757,-0.12401953376006214
43728457,L_vices_addictions,3.320584576439552,0.02110070785767319
44099084,L_vices_addictions,0.8245380512729574,1.0367820965013
44168447,L_vices_addictions,2.2179540070719095,-0.5800178712332537
45156972,L_vices_addictions,-2.7702506285105066,1.5669648277078434
45857023,L_vices_addictions,2.3729183957065794,0.5820738971835404
46142566,L_vices_addictions,2.439769274487742,0.16070414615408984
48572514,L_vices_addictions,-0.037383801299748075,-1.5803380801352176
49571946,L_vices_addictions,-1.2003330227812865,0.14887111733069983
51208558,L_vices_addictions,3.2484899580745044,0.29928764656011614
51778361,L_vices_addictions,-0.10927151448878085,1.0708995022757242
53490997,L_vices_addictions,2.2513801291467592,-1.3914561114240136
53491020,L_vices_addictions,2.1156409496723816,-1.6962226933788205
53491063,L_vices_addictions,3.148325959722263,-1.417055673458071
54474410,L_vices_addictions,-0.6027987691765916,-1.7991899039583485
55538972,L_vices_addictions,-0.7112684172286713,-1.635457756194016
55583305,L_vices_addictions,-0.48103433981886656,-3.153408739094179
55590890,L_vices_addictions,-0.12977307912301606,-1.089538944101091
55738401,L_vices_addictions,1.291460149474385,1.7033560480376198
55817097,L_vices_addictions,-1.9047840843692772,-0.8935447903365528
55849103,L_vices_addictions,-0.3735907692169073,0.3790838190294063
56916467,L_vices_addictions,-0.7483164498599661,3.312641229274986
57200226,L_vices_addictions,-1.6552152629979746,0.23080310660546122
57216633,L_vices_addictions,-0.29284545883484203,-2.063325266334538
58013278,L_vices_addictions,1.2156272687263625,0.30333015470076186
58995736,L_vices_addictions,0.9993081053052514,-0.6674604464365125
60217302,L_vices_addictions,-1.3802930986469795,-0.09280008328604022
60416566,L_vices_addictions,-1.5298983181400259,-0.7153313649654733
60576722,L_vices_addictions,-0.47571109373635484,2.71794201448737
60686882,L_vices_addictions,0.2876356944603403,-0.12991122263718577
60797616,L_vices_addictions,-0.5691482460403227,-0.28002051138169115
60809640,L_vices_addictions,-2.56250413562636,0.5176929086367771
61229235,L_vices_addictions,-0.12077518871116515,-0.07496213721816604
61273778,L_vices_addictions,-0.03254901521800309,0.32953476233371953
62316382,L_vices_addictions,2.210291128895815,-0.48672814859202096
62322599,L_vices_addictions,-1.180659517368055,1.0590069657150916
62626163,L_vices_addictions,-0.7062116780939571,0.39489455877182666
63046139,L_vices_addictions,-2.5128045985386853,-0.4720009133325423
63095160,L_vices_addictions,0.7219462885899359,-0.32914049859513594
63130875,L_vices_addictions,0.4117131906762125,-0.40156797501979186
63830782,L_vices_addictions,-2.074212636671457,-0.7779172110759167
75599070,L_vices_addictions,1.555946516992993,-2.971825028339982
8686068,L_vices_addictions,-1.4766982497821128,2.879932122238525
104659050,M_health_recovery_growth,0.19870240155262073,-0.39057961566732746
11266880,M_health_recovery_growth,0.08639734954271612,0.15167790089539931
123257687,M_health_recovery_growth,0.17869612980897473,-0.6321715620740226
123446478,M_health_recovery_growth,0.46174728653573066,-0.9387294589916229
127305713,M_health_recovery_growth,-0.3377856747272893,-0.6585022468548248
149105520,M_health_recovery_growth,-1.739522567488571,0.5443224087363691
15197,M_health_recovery_growth,-0.3140602908267004,0.46093856805616334
161913,M_health_recovery_growth,1.785421627921868,1.8594602870948784
17561022,M_health_recovery_growth,1.4143756648807253,-0.08408477037653178
1756703,M_health_recovery_growth,-0.38893280268951813,-1.063559440504857
18692741,M_health_recovery_growth,1.4741287832514984,-0.37956915673978403
201413413,M_health_recovery_growth,1.2374332227663256,0.7424018756887031
20346544,M_health_recovery_growth,2.323501660099149,-0.19221968928850466
208153130,M_health_recovery_growth,-0.647966913788378,-1.265154580945028
21787,M_health_recovery_growth,2.8332921537930527,0.20633566693011582
22609391,M_health_recovery_growth,0.02554069675238279,0.222488628824316
22707536,M_health_recovery_growth,-1.148743229531972,-1.4738000883013154
23518136,M_health_recovery_growth,2.2669240095270036,-0.0010233775155857952
27394781,M_health_recovery_growth,2.5353856614126635,-1.041656035002261
28675670,M_health_recovery_growth,-0.002122309396765345,0.9098429366733194
28869598,M_health_recovery_growth,1.0021807713684274,-0.075367082460752
28963772,M_health_recovery_growth,-0.841880371842263,0.8641569855303509
29424551,M_health_recovery_growth,-0.30738128587197666,0.5169135096506897
29939161,M_health_recovery_growth,-1.145260827278721,0.5283069662274257
30291077,M_health_recovery_growth,1.1738690948220807,0.3665671668354273
30618705,M_health_recovery_growth,1.4458200382821498,-0.07208599879189358
30627346,M_health_recovery_growth,1.4281273992525045,0.03896170529391503
306364,M_health_recovery_growth,-0.9070386113733406,-0.9709872017477713
31276376,M_health_recovery_growth,0.42764755094876317,-0.7766042858780162
31424202,M_health_recovery_growth,-0.9433680208009405,0.03601103374915581
31625455,M_health_recovery_growth,0.2815217136919472,3.494509635406346
32195234,M_health_recovery_growth,0.05289655437291773,-0.0811588791806456
33743772,M_health_recovery_growth,0.26103636936629904,4.36447413304904
34272677,M_health_recovery_growth,-2.849458737835979,-2.6544239418925692
34322023,M_health_recovery_growth,-0.7029021326200138,0.6929194081015879
34438741,M_health_recovery_growth,-0.2968078045256626,-0.8355151989805326
34812836,M_health_recovery_growth,-0.19514510469004723,-0.21219128111040692
35008850,M_health_recovery_growth,-0.5031275748142073,0.05899015688519776
35053870,M_health_recovery_growth,0.058781930725304195,0.016678799109175624
35109856,M_health_recovery_growth,-0.25530806709486537,0.24896893040792373
36429604,M_health_recovery_growth,1.248864536267259,-0.6723427245462344
36437212,M_health_recovery_growth,-1.8769230828515053,-0.9545656626194011
36512901,M_health_recovery_growth,2.6256867410718883,-0.7093589198393813
36564103,M_health_recovery_growth,-1.816914635010662,0.4386809863445958
36600859,M_health_recovery_growth,0.5969037688166255,0.8135927952120682
36662463,M_health_recovery_growth,0.5821770558609732,-0.21635542274371927
40131614,M_health_recovery_growth,-1.6596601949411243,-0.3713213642196761
4066312,M_health_recovery_growth,0.1390761463175329,-0.2641336644032921
40727118,M_health_recovery_growth,0.22361297428975566,-2.0831908439101317
42427664,M_health_recovery_growth,-0.5040017993635573,1.103514000750862
43728457,M_health_recovery_growth,2.383852186190417,1.2248266829742607
44099084,M_health_recovery_growth,-0.738705210906356,0.5885275261829158
44168447,M_health_recovery_growth,1.6488322781105997,-0.47552434651892334
45156972,M_health_recovery_growth,-1.1489745949194132,-0.41776790400034236
45857023,M_health_recovery_growth,1.97829155057712,0.994699916993605
46142566,M_health_recovery_growth,1.195200763048808,-0.11805483380177484
48572514,M_health_recovery_growth,-0.696340498836534,0.017338564863826914
49571946,M_health_recovery_growth,-1.292592459236591,-0.3730543288260054
51208558,M_health_recovery_growth,2.260892091492791,-1.5314981821620077
51778361,M_health_recovery_growth,-0.9340451292374377,0.7317293758193695
53490997,M_health_recovery_growth,1.4599784480748739,-0.7546211951262078
53491020,M_health_recovery_growth,1.826601545037672,-1.7663002350802963
53491063,M_health_recovery_growth,-0.9081007145760545,0.4901839987781261
54474410,M_health_recovery_growth,-0.15323965819572927,-1.4547483858835977
55538972,M_health_recovery_growth,-0.42480341809321875,0.7962301859879681
55583305,M_health_recovery_growth,-0.14883451326912914,1.7633304726335004
55590890,M_health_recovery_growth,0.47579647126838487,2.2873957226940558
55738401,M_health_recovery_growth,-0.25927719713718006,0.6622975264693937
55817097,M_health_recovery_growth,0.0005046177742920401,0.05201240972390297
55849103,M_health_recovery_growth,-0.5469948957461858,0.6686546814573878
56916467,M_health_recovery_growth,-0.5155514279830603,-0.8735459287692079
57200226,M_health_recovery_growth,-4.139612859591125,2.109423823923769
57216633,M_health_recovery_growth,-0.4767046502745748,-0.318051389768134
58013278,M_health_recovery_growth,-0.6567591115440026,-1.1739180907335807
58995736,M_health_recovery_growth,-0.26587923214189235,1.1288325539995117
60217302,M_health_recovery_growth,0.05967582990939685,0.32469242659773706
60416566,M_health_recovery_growth,-1.675893575601846,0.22903689035603364
60576722,M_health_recovery_growth,-0.6911592240842349,1.3754372841401332
60686882,M_health_recovery_growth,-0.6187316529716356,-0.41337166136647857
60797616,M_health_recovery_growth,-1.7640448431918794,1.4106619941197382
60809640,M_health_recovery_growth,-0.36311850503934745,0.31696791631945437
61229235,M_health_recovery_growth,0.09956310538222017,-0.33379738519891294
61273778,M_health_recovery_growth,-0.5993832254089189,0.7183075959367538
62316382,M_health_recovery_growth,0.4205036191323308,-1.222798516887705
62322599,M_health_recovery_growth,-0.046503979291298465,-0.773189018229995
62626163,M_health_recovery_growth,-0.29491586028756117,0.015306439744864038
63046139,M_health_recovery_growth,-0.7753991460654722,-0.6200506222345599
63095160,M_health_recovery_growth,-0.778952348420806,-1.374666576438061
63130875,M_health_recovery_growth,-0.0018017480667468176,-0.9455020751931167
63830782,M_health_recovery_growth,-0.17119497481461224,0.15952277980211516
75599070,M_health_recovery_growth,-1.942808420614662,-2.854892785437571
8686068,M_health_recovery_growth,0.23519331561352022,0.11987470127111871
104659050,H_domestic_nesting,1.8258803399156531,0.012031595842009782
11266880,H_domestic_nesting,-0.276569761282373,-1.4646230155788664
123257687,H_domestic_nesting,-0.3640707574967353,-1.908812344972372
123446478,H_domestic_nesting,-1.0621625243658683,-1.9849807438678453
127305713,H_domestic_nesting,-0.46573177104589397,-0.8256761449997971
149105520,H_domestic_nesting,-6.2838970231558875,-0.6267236908796631
15197,H_domestic_nesting,-0.8749613274881515,-1.2043585177757827
161913,H_domestic_nesting,3.315658134858308,1.0546276841796618
17561022,H_domestic_nesting,4.85062873094775,-0.22565809081039306
1756703,H_domestic_nesting,-2.666553915624602,0.30198457810483614
18692741,H_domestic_nesting,6.620783986575117,1.6863967189602065
201413413,H_domestic_nesting,3.9982892429705696,1.099807906924659
20346544,H_domestic_nesting,6.381748441491317,2.761268744533413
208153130,H_domestic_nesting,-3.2380248942758727,2.847216381894719
21787,H_domestic_nesting,6.857025891969709,-0.5488787005552946
22609391,H_domestic_nesting,-0.4681995238466897,-2.1731568708936697
22707536,H_domestic_nesting,-3.4528799580977836,-0.6127250794384623
23518136,H_domestic_nesting,5.9816043465865745,-1.3132844604957779
27394781,H_domestic_nesting,5.316019406393361,-0.5970033494489551
28675670,H_domestic_nesting,-1.937016133879762,-0.9753929546757039
28869598,H_domestic_nesting,1.7551863209653575,-0.8191905992992219
28963772,H_domestic_nesting,-2.2889987816333064,1.9151762881855197
29424551,H_domestic_nesting,-0.2848443805478664,-1.6017024609993655
29939161,H_domestic_nesting,-6.790039477036683,-2.3770594606510156
30291077,H_domestic_nesting,5.611436906615213,-0.142269610140872
30618705,H_domestic_nesting,4.67314739767247,0.7924449183207652
30627346,H_domestic_nesting,2.7929769516941327,1.4588708620314241
306364,H_domestic_nesting,-3.4202911878543225,-0.44095080434971495
31276376,H_domestic_nesting,-0.1459272053458249,-0.8623682513567751
31424202,H_domestic_nesting,-2.7135456481260394,-1.8139098229299035
31625455,H_domestic_nesting,0.5681267010990001,-2.375072287056581
32195234,H_domestic_nesting,0.6951130654854191,-2.485132567106498
33743772,H_domestic_nesting,1.5116103197312738,-1.142971238629289
34272677,H_domestic_nesting,-5.3323221430187315,1.331328909541602
34322023,H_domestic_nesting,-0.23959190039160433,-3.786044486906283
34438741,H_domestic_nesting,-2.5695057683367777,2.1590094209624477
34812836,H_domestic_nesting,-0.3123464501525646,-2.954593014348385
35008850,H_domestic_nesting,-1.7067898516221751,-0.2680761056648094
35053870,H_domestic_nesting,-1.96420312112919,2.578476282031147
35109856,H_domestic_nesting,-0.4758524558869406,-4.8173525433958595
36429604,H_domestic_nesting,2.3329764675259326,2.9321108023837215
36437212,H_domestic_nesting,-9.263696534991936,-3.1886443630982186
36512901,H_domestic_nesting,6.3820694223658645,1.3597319661941474
36564103,H_domestic_nesting,-5.998992219422893,1.8705668979701267
36600859,H_domestic_nesting,5.321444389135629,1.2068437962531307
36662463,H_domestic_nesting,3.67525476978856,-0.4465692227923368
40131614,H_domestic_nesting,-3.807702796009066,-0.8055179760866633
4066312,H_domestic_nesting,-3.022392657393882,0.0378715147013966
40727118,H_domestic_nesting,0.42111214245811657,-1.3486949117363882
42427664,H_domestic_nesting,-3.191867767595303,-1.7446278168395823
43728457,H_domestic_nesting,4.982468401291768,1.6804352314037487
44099084,H_domestic_nesting,-0.2807949025758733,-0.5672466533942848
44168447,H_domestic_nesting,6.036483036015455,-0.036287874393813556
45156972,H_domestic_nesting,-6.185208811591238,8.725091041943939
45857023,H_domestic_nesting,6.538633200512779,-0.38701739596594237
46142566,H_domestic_nesting,4.285848341356973,-0.38278369928039263
48572514,H_domestic_nesting,-2.2025972973719297,0.4003175021997722
49571946,H_domestic_nesting,-2.8528992586249426,0.19577537914007237
51208558,H_domestic_nesting,5.97260298233297,0.5791970418213782
51778361,H_domestic_nesting,-2.7113057056470686,-1.6346018612980857
53490997,H_domestic_nesting,5.1033834383421235,0.7315995458284453
53491020,H_domestic_nesting,5.170284971418536,2.1697449654426353
53491063,H_domestic_nesting,4.190629397181605,0.8665832053941825
54474410,H_domestic_nesting,-3.689356556254554,2.4236485827098755
55538972,H_domestic_nesting,-2.8603935307655686,-1.1014153314421078
55583305,H_domestic_nesting,-2.9553780167121855,-1.677099597224122
55590890,H_domestic_nesting,-0.5426216313760379,-1.5805848838723875
55738401,H_domestic_nesting,0.023374540762493,-2.348374079823615
55817097,H_domestic_nesting,-1.3705971441639113,-1.2214297766148872
55849103,H_domestic_nesting,-1.5197893792703783,-0.5183200960122727
56916467,H_domestic_nesting,-1.2464122170168745,-0.33496699863287416
57200226,H_domestic_nesting,-5.935164180286489,12.487713991914209
57216633,H_domestic_nesting,-0.9745675107620714,0.014437618605795623
58013278,H_domestic_nesting,0.302086452198304,2.3282412140922304
58995736,H_domestic_nesting,-1.65721873168608,0.9142020619981306
60217302,H_domestic_nesting,-0.897653805359519,-2.6892887981780476
60416566,H_domestic_nesting,-1.5014233259676648,-0.1096075992908558
60576722,H_domestic_nesting,-1.987214353423717,-1.2709135128919375
60686882,H_domestic_nesting,-2.166267913535131,-0.9090800738745773
60797616,H_domestic_nesting,-0.7372884820842355,-0.4161802719306336
60809640,H_domestic_nesting,-4.239611761782805,1.3030606402246945
61229235,H_domestic_nesting,0.16364586788768856,0.28167159266193015
61273778,H_domestic_nesting,-1.2025205675383073,0.8863484001770104
62316382,H_domestic_nesting,3.4208489075924224,1.3041222441400382
62322599,H_domestic_nesting,-0.12236151551217866,0.2029002322364732
62626163,H_domestic_nesting,-1.0748097559639016,2.300995770834837
63046139,H_domestic_nesting,-4.581715712176074,-0.593873383926267
63095160,H_domestic_nesting,2.4018151724114687,0.7949172367535705
63130875,H_domestic_nesting,0.3711657008074123,-1.6791992983194293
63830782,H_domestic_nesting,-3.0891836958128427,-1.910295775182715
75599070,H_domestic_nesting,2.484525562666042,3.554194351568875
8686068,H_domestic_nesting,0.8674443512929353,-2.3003746507771834
104659050,I_humor_lightness,-0.3052269856722823,0.7735909271899444
11266880,I_humor_lightness,0.048388327601487854,-0.9743553560059025
123257687,I_humor_lightness,-0.02542798605077547,-1.1039550379708079
123446478,I_humor_lightness,-0.11412678151313768,-0.6832799093840305
127305713,I_humor_lightness,-0.35724375383260937,-0.6708548508683772
149105520,I_humor_lightness,1.9755044133172517,-0.4563754420755559
15197,I_humor_lightness,0.03195933141874315,-0.2944305671062642
161913,I_humor_lightness,-1.2672216338880056,0.5370603871778554
17561022,I_humor_lightness,-1.748264536400083,0.6140739207410724
1756703,I_humor_lightness,1.0867791841270114,-1.4375123354877806
18692741,I_humor_lightness,-1.1671365455974467,0.4316111695112179
201413413,I_humor_lightness,-2.5921255534680383,0.773210689795751
20346544,I_humor_lightness,-1.4966917372001305,-0.08125700542280868
208153130,I_humor_lightness,1.2844273360545098,0.6179513905010625
21787,I_humor_lightness,-1.711002218485938,0.780463325088646
22609391,I_humor_lightness,-1.704390225575632,-2.6327962441966664
22707536,I_humor_lightness,1.563349129989341,0.30409051072669924
23518136,I_humor_lightness,-1.5808962157283677,-0.41528185379080407
27394781,I_humor_lightness,-1.5999234378669438,-0.6529863848983872
28675670,I_humor_lightness,1.1443541021047756,-0.946492127905967
28869598,I_humor_lightness,-0.5607423796736755,0.11781055307321571
28963772,I_humor_lightness,0.3412628212875552,-0.7628053317798892
29424551,I_humor_lightness,-1.1603422591836743,0.8137686311959137
29939161,I_humor_lightness,1.6343414734293975,-0.83566210184347
30291077,I_humor_lightness,-1.484863625817638,0.7721711558335661
30618705,I_humor_lightness,-0.8366704084159642,0.2839975076317349
30627346,I_humor_lightness,-0.46218619605815425,-0.28360789869079434
306364,I_humor_lightness,1.0586930899386056,-1.0243823297146086
31276376,I_humor_lightness,-0.507873526441901,0.2925671828507982
31424202,I_humor_lightness,0.2827805014022163,-0.15019365123166548
31625455,I_humor_lightness,-0.2190620647146683,-0.9593574133618145
32195234,I_humor_lightness,-0.1589012554339602,-0.05253809644788412
33743772,I_humor_lightness,-0.9735708092967429,-0.5028788029175527
34272677,I_humor_lightness,2.0636839499486146,-0.1015737867733246
34322023,I_humor_lightness,-1.8635241431024547,-2.8155224418119773
34438741,I_humor_lightness,1.6325088135460113,0.2785907811467729
34812836,I_humor_lightness,-0.8695078436736207,-0.5834225745345951
35008850,I_humor_lightness,-0.21127192193000577,-0.4912917148596788
35053870,I_humor_lightness,-0.027658961847739895,-0.27322778293729216
35109856,I_humor_lightness,-0.6506535036541369,-1.4485456778354318
36429604,I_humor_lightness,-1.2530293296270205,0.42524479114852715
36437212,I_humor_lightness,4.923351385173772,1.1003244237550773
36512901,I_humor_lightness,-0.8874806372450027,1.7642875151081643
36564103,I_humor_lightness,2.1925022097778495,0.14501949960254548
36600859,I_humor_lightness,-0.6323608489157844,1.4982714500098255
36662463,I_humor_lightness,-1.5975701804276423,1.4699139165938506
40131614,I_humor_lightness,2.2045979721052777,-0.39733887443728994
4066312,I_humor_lightness,1.273575246352253,-1.2649675781209382
40727118,I_humor_lightness,-0.15746744414249975,-0.7547071823772435
42427664,I_humor_lightness,1.3686808618817456,-1.3946262473088662
43728457,I_humor_lightness,-1.8563621116005578,0.6582581727930708
44099084,I_humor_lightness,-1.7730680915062305,0.8148361703085895
44168447,I_humor_lightness,-3.368541920292842,1.4064470025978524
45156972,I_humor_lightness,4.490728310058539,4.512831668815604
45857023,I_humor_lightness,-0.8393621983482206,0.6292141604092686
46142566,I_humor_lightness,-2.6037064321938233,1.5451245011433496
48572514,I_humor_lightness,0.5721251891283082,0.5936065514500959
49571946,I_humor_lightness,1.4436106824128208,-0.1728017181387187
51208558,I_humor_lightness,-2.589328514044527,0.8784607352007838
51778361,I_humor_lightness,1.9226575864595818,2.2767300233056043
53490997,I_humor_lightness,-1.2777175957682754,-0.2952126024665265
53491020,I_humor_lightness,-1.7446627194637503,-0.2794040837157118
53491063,I_humor_lightness,-1.5131700851827883,0.3194536743856415
54474410,I_humor_lightness,0.21828176397025753,-0.624543395225167
55538972,I_humor_lightness,0.419747335394783,-0.014682895173505389
55583305,I_humor_lightness,0.909831821776153,-0.6361086263243253
55590890,I_humor_lightness,0.24261411034122699,-0.33772435213731933
55738401,I_humor_lightness,-0.21027296506455975,0.5829772945082957
55817097,I_humor_lightness,1.138506290101431,-1.6082944099568397
55849103,I_humor_lightness,0.30366815713180395,-0.10372880930780166
56916467,I_humor_lightness,-0.5396893653880426,0.12170406277156666
57200226,I_humor_lightness,2.5135109953588546,1.477554035312974
57216633,I_humor_lightness,0.3317996308670247,0.7768081378808495
58013278,I_humor_lightness,0.04029128754732995,1.4043409544288579
58995736,I_humor_lightness,0.8499218676921202,0.15230602592020193
60217302,I_humor_lightness,0.8133597220949282,-1.5068969368828176
60416566,I_humor_lightness,1.508240160594898,-0.32885159306947903
60576722,I_humor_lightness,-0.8003945254536974,0.47533436781727706
60686882,I_humor_lightness,0.4167409002297045,-0.15886386077624215
60797616,I_humor_lightness,0.35427680506585985,0.8203827622552626
60809640,I_humor_lightness,0.63148654484384,-0.3006524715747168
61229235,I_humor_lightness,0.9427265111346756,-1.0326336231113578
61273778,I_humor_lightness,-0.3563388642938493,-0.20969180943119722
62316382,I_humor_lightness,-0.12041311770414204,1.0076401133998194
62322599,I_humor_lightness,1.4497323351483822,-0.054808288848009264
62626163,I_humor_lightness,0.20007070541114438,-0.14647634218432154
63046139,I_humor_lightness,1.2851443826905515,-1.1564329819744397
63095160,I_humor_lightness,0.004577089313586617,3.04627392797444
63130875,I_humor_lightness,-0.9435608421856782,-0.6532560631088629
63830782,I_humor_lightness,0.41984785500024596,-1.2953943982552352
75599070,I_humor_lightness,2.226462451616834,-2.0661142945259656
8686068,I_humor_lightness,-1.0396963414686446,0.1344960869245839
104659050,J_social_support_kin,2.6384381966874706,2.596887226999553
11266880,J_social_support_kin,-0.5713551341359748,-1.2220294199296313
123257687,J_social_support_kin,-1.0706295002041721,-0.11785241647492585
123446478,J_social_support_kin,-0.04463892537346758,0.7052543935105821
127305713,J_social_support_kin,-1.5809964189003993,0.30236752143547857
149105520,J_social_support_kin,-1.5465916492142602,-0.9325572236123301
15197,J_social_support_kin,-0.8433652136797419,0.40992865501864617
161913,J_social_support_kin,1.2756670205786778,0.8342667370935776
17561022,J_social_support_kin,2.0286986896586328,-1.7256646800237208
1756703,J_social_support_kin,-2.050125251503825,-1.261467978590935
18692741,J_social_support_kin,2.439407006262607,-0.7836901400039774
201413413,J_social_support_kin,0.8139780979028765,-2.847396352013558
20346544,J_social_support_kin,4.007133677308854,-2.0597206814021556
208153130,J_social_support_kin,-0.9343599097391714,-1.829169300937899
21787,J_social_support_kin,2.2531573814864205,-0.4970955793655209
22609391,J_social_support_kin,-0.21654797640507897,0.21615287321595086
22707536,J_social_support_kin,-0.12536586548005574,-1.4862438142570829
23518136,J_social_support_kin,2.792237136400732,0.005887401622784205
27394781,J_social_support_kin,3.821791666730293,0.1556329273056298
28675670,J_social_support_kin,-0.2579651546566239,-0.5586224975207312
28869598,J_social_support_kin,1.5822091725096874,-1.9486820929523365
28963772,J_social_support_kin,-1.5190562400785832,-1.3733553424527762
29424551,J_social_support_kin,0.4785174838122162,-0.12886690311966137
29939161,J_social_support_kin,-3.793427022385058,-1.389337710038033
30291077,J_social_support_kin,1.965652053609156,-0.966182204899406
30618705,J_social_support_kin,4.000343825532074,3.28479332219684
30627346,J_social_support_kin,1.2607398677650603,-0.5959053357938223
306364,J_social_support_kin,-2.4125446614100463,1.179786007561412
31276376,J_social_support_kin,-0.26956543716582876,0.9788133875223936
31424202,J_social_support_kin,-1.1945165885484446,0.7151311186168059
31625455,J_social_support_kin,0.24815533311569823,1.768004563005356
32195234,J_social_support_kin,0.9556378495667771,1.0732087133433397
33743772,J_social_support_kin,1.0866031941043053,0.04393383890834208
34272677,J_social_support_kin,-1.2338201690716033,0.4418158287833396
34322023,J_social_support_kin,-0.20940075868401528,-0.4216291081846976
34438741,J_social_support_kin,-1.1169564613837741,-1.7746143318097276
34812836,J_social_support_kin,-0.031436057921963474,0.22088133556042497
35008850,J_social_support_kin,-1.8867913280195476,0.774038820870502
35053870,J_social_support_kin,-1.2550175870756664,-0.444812690068022
35109856,J_social_support_kin,-0.7179643753589307,-0.5860101651881187
36429604,J_social_support_kin,-0.07572839322261471,-2.0466869246458907
36437212,J_social_support_kin,-0.6485846225002625,-2.161558501549488
36512901,J_social_support_kin,2.8907207709984735,0.6897515889332084
36564103,J_social_support_kin,-3.158795312912039,-0.8729716335840398
36600859,J_social_support_kin,1.3335909538086734,-1.1359808292941922
36662463,J_social_support_kin,3.912866952496077,0.21204136479466992
40131614,J_social_support_kin,-1.7206132421596934,-0.5709986012494778
4066312,J_social_support_kin,-2.399650312934227,0.2663912551359768
40727118,J_social_support_kin,-1.7386309969291756,1.889458709943504
42427664,J_social_support_kin,-1.577894938854211,-1.2059360490474011
43728457,J_social_support_kin,2.880101876162163,-2.204982148960978
44099084,J_social_support_kin,-0.32861722700396967,1.9384461399573507
44168447,J_social_support_kin,3.79459622353988,-0.8754123562671499
45156972,J_social_support_kin,-1.6194565668290288,-2.6092699031617905
45857023,J_social_support_kin,2.6927839236260334,-1.3472505575533278
46142566,J_social_support_kin,3.4717748856927564,-0.9154847804826718
48572514,J_social_support_kin,-3.613556760769657,6.162254271484328
49571946,J_social_support_kin,-1.9308686528338816,-0.6260234188124987
51208558,J_social_support_kin,3.536896231986363,3.4964160098384522
51778361,J_social_support_kin,-0.17549000295304742,0.9363708134524568
53490997,J_social_support_kin,2.304602924836651,-0.4187361473473701
53491020,J_social_support_kin,2.993824631823779,-0.9411217466431198
53491063,J_social_support_kin,3.7156979493781472,-1.8073320916708393
54474410,J_social_support_kin,-0.9646101889005017,-1.6670784908584835
55538972,J_social_support_kin,-0.02681886380407807,-1.2321184737904485
55583305,J_social_support_kin,-1.6654921819238346,-1.7368607044940245
55590890,J_social_support_kin,-0.6973644383388021,-0.31502375373889024
55738401,J_social_support_kin,0.15511383126481998,1.480719869124299
55817097,J_social_support_kin,-3.5871324639872637,0.883022378074424
55849103,J_social_support_kin,-0.24952467914335746,-0.051251460383743126
56916467,J_social_support_kin,-1.1104522957597,1.5265763437140507
57200226,J_social_support_kin,-1.4964463788555136,-2.9627115611611137
57216633,J_social_support_kin,-1.7186586013829117,2.842219793098146
58013278,J_social_support_kin,3.450439046649885,0.7397836563086172
58995736,J_social_support_kin,-1.1778180541098822,0.4039261787999961
60217302,J_social_support_kin,-2.086147754389272,-0.7726661358212875
60416566,J_social_support_kin,-1.659468219455302,-0.7977062901871813
60576722,J_social_support_kin,-1.6106563197856785,1.311290828676083
60686882,J_social_support_kin,-2.2430096077853388,2.6438800347130313
60797616,J_social_support_kin,-0.4281851794764518,0.07671584381977063
60809640,J_social_support_kin,-2.757492495968855,-1.564508265605102
61229235,J_social_support_kin,-1.9057290461883682,-0.1769840981920075
61273778,J_social_support_kin,-0.19926676017162853,-0.7784251994292898
62316382,J_social_support_kin,0.8357798153144357,4.652869940605784
62322599,J_social_support_kin,-1.0282143674836715,2.1617621056431036
62626163,J_social_support_kin,-0.932155603487638,-0.7302430668284315
63046139,J_social_support_kin,-1.9883679828209735,-2.306813502228162
63095160,J_social_support_kin,0.8099410349234065,1.798654991475199
63130875,J_social_support_kin,-0.18794014049774374,2.2927677680554233
63830782,J_social_support_kin,-1.7093178448873603,-0.6130991745568782
75599070,J_social_support_kin,2.1425467540457652,1.3703518127747192
8686068,J_social_support_kin,0.7309487253233211,4.9136854651908015
104659050,K_professional_intrusion,-1.0449907096677498,-0.6233562703931763
11266880,K_professional_intrusion,0.5311388153512285,0.16693754748121162
123257687,K_professional_intrusion,0.3767176654718991,1.361191308732818
123446478,K_professional_intrusion,-0.6344272535655834,-0.1762278348975152
127305713,K_professional_intrusion,0.161933656306291,1.2920120813349711
149105520,K_professional_intrusion,2.7828841845781125,0.7611341961984606
15197,K_professional_intrusion,0.13004521164333718,-1.2148761039085
161913,K_professional_intrusion,-1.8146281482440108,0.4529128289601729
17561022,K_professional_intrusion,-0.7086356832580621,1.1653340362139388
1756703,K_professional_intrusion,0.15977853122877209,0.13928494082266368
18692741,K_professional_intrusion,-2.205220234935517,-1.0949586111096263
201413413,K_professional_intrusion,-1.2682984319232176,1.1040109119051222
20346544,K_professional_intrusion,-3.194447645418687,-1.445166850315706
208153130,K_professional_intrusion,-0.4084841561438189,0.1637710915326813
21787,K_professional_intrusion,-1.9804318672744676,0.14139588353649624
22609391,K_professional_intrusion,0.17273732504922512,-0.44440594128768895
22707536,K_professional_intrusion,2.2092021853829737,1.4908168071326378
23518136,K_professional_intrusion,-0.7960741694061285,2.6793399628271826
27394781,K_professional_intrusion,-0.9796334250640099,0.8203000073713143
28675670,K_professional_intrusion,1.0385241000944576,1.053618993983713
28869598,K_professional_intrusion,-0.7160210996016756,0.13704216494648197
28963772,K_professional_intrusion,-1.3420407594210768,-0.06433364282944753
29424551,K_professional_intrusion,-0.9687625706395447,-1.4427054373775876
29939161,K_professional_intrusion,5.042552558572707,0.98781632670882
30291077,K_professional_intrusion,-3.0085571178419928,-2.487173640631704
30618705,K_professional_intrusion,-0.9547223024321204,0.7076109162744758
30627346,K_professional_intrusion,-1.8606051881253232,-0.5756126335617068
306364,K_professional_intrusion,-0.5073548696076847,0.23033022734465866
31276376,K_professional_intrusion,-0.9297830895189304,-0.03468819702663635
31424202,K_professional_intrusion,1.5106687546297284,-0.7402293722183274
31625455,K_professional_intrusion,0.1436369835198368,-1.775537409208588
32195234,K_professional_intrusion,0.5171556783827744,-0.2155370537438271
33743772,K_professional_intrusion,-0.4927214467976555,-0.08897362747281339
34272677,K_professional_intrusion,3.179444564465264,-3.789705626814607
34322023,K_professional_intrusion,-0.5412190399106865,-0.15062559705488246
34438741,K_professional_intrusion,-0.7434013367687149,-0.4721303137407408
34812836,K_professional_intrusion,0.4885773986260628,1.4018628003991938
35008850,K_professional_intrusion,0.7922800192791455,0.8565341625539441
35053870,K_professional_intrusion,1.2413319894649368,-0.7055068544882324
35109856,K_professional_intrusion,-1.0646456049671955,-0.8700431353151574
36429604,K_professional_intrusion,-0.2642665567771227,0.07989154932117282
36437212,K_professional_intrusion,1.4325303895203232,-0.43800048008012954
36512901,K_professional_intrusion,-2.1183626356381047,-0.3496021330795611
36564103,K_professional_intrusion,1.9606676223854298,-2.0172481581828112
36600859,K_professional_intrusion,-1.2431695170264931,2.2207177868416905
36662463,K_professional_intrusion,-1.5419484004179294,1.5036798474363273
40131614,K_professional_intrusion,1.1427938327661373,0.3240640607836248
4066312,K_professional_intrusion,-0.552065201179595,0.4065154278756344
40727118,K_professional_intrusion,-0.07384181102801153,0.8230559492421287
42427664,K_professional_intrusion,0.7063100117341214,0.3421196080105692
43728457,K_professional_intrusion,-1.6654578375047309,-0.2019503822649153
44099084,K_professional_intrusion,-0.9608936240239205,-0.8669007173362109
44168447,K_professional_intrusion,-1.5073701990329562,1.1958452014051402
45156972,K_professional_intrusion,2.924740553917779,-2.303989707796759
45857023,K_professional_intrusion,-2.0987437154981814,-2.1746846135256805
46142566,K_professional_intrusion,-2.414444730491476,-0.8688057245514913
48572514,K_professional_intrusion,-0.8810315412006611,1.470529876085809
49571946,K_professional_intrusion,2.976963768044623,-1.0592736305141741
51208558,K_professional_intrusion,-2.241350703742131,-1.4850331424202088
51778361,K_professional_intrusion,1.9187289780545713,-1.8207259706696304
53490997,K_professional_intrusion,-2.0539516070039223,-0.15867736309249222
53491020,K_professional_intrusion,-3.073354362119258,-0.9023316495164146
53491063,K_professional_intrusion,-1.3494595245077838,-2.376595949857693
54474410,K_professional_intrusion,0.6497159235280396,1.2073213982179505
55538972,K_professional_intrusion,1.748694553848911,2.42711154043134
55583305,K_professional_intrusion,0.45598482887077263,0.40546548181821634
55590890,K_professional_intrusion,0.6843731323942556,1.8980593313385583
55738401,K_professional_intrusion,0.13344560408635592,-0.5016986990899475
55817097,K_professional_intrusion,0.3038720141343991,1.2381426062753107
55849103,K_professional_intrusion,1.0204269038226499,1.9567066641322879
56916467,K_professional_intrusion,0.23217754298269777,0.2277301680046351
57200226,K_professional_intrusion,1.3708553768452194,-2.0665641517351023
57216633,K_professional_intrusion,0.13297220308060578,2.1551395384874663
58013278,K_professional_intrusion,3.786935452064262,-5.405855495351178
58995736,K_professional_intrusion,1.1720880941283862,2.6599063030224626
60217302,K_professional_intrusion,-0.2151760256379815,1.3802036080361333
60416566,K_professional_intrusion,2.069761906678366,-2.094929656855185
60576722,K_professional_intrusion,0.05753569045816103,0.6254993707204157
60686882,K_professional_intrusion,-0.030580877888469853,1.6037332046768662
60797616,K_professional_intrusion,-0.16432102658449954,-0.2475704596111194
60809640,K_professional_intrusion,0.533542614643395,0.8673792248899481
61229235,K_professional_intrusion,0.4878441686679902,1.868767882907655
61273778,K_professional_intrusion,-0.6651377359180775,-0.2507866169065242
62316382,K_professional_intrusion,-2.5392750059313323,-0.5432695780790805
62322599,K_professional_intrusion,-0.1649119991596016,-0.3467767074484144
62626163,K_professional_intrusion,-1.4659360842736904,-0.07583238574586891
63046139,K_professional_intrusion,5.917988184317236,1.5394334517257504
63095160,K_professional_intrusion,-0.26133000046101246,0.8365780250134249
63130875,K_professional_intrusion,-0.1906585143119449,0.7908386908107157
63830782,K_professional_intrusion,1.2124436425231426,1.67693870162751
75599070,K_professional_intrusion,2.48072932694034,-0.7897302061770805
8686068,K_professional_intrusion,-0.0905865545921879,-3.0860039621155613
104659050,N_separation_reunion,-0.33248408449842703,1.9994753952202937
11266880,N_separation_reunion,-0.3320196316164634,0.45899735946790937
123257687,N_separation_reunion,-1.2640212126597488,0.2018782757238345
123446478,N_separation_reunion,0.0903751594041934,0.5577083512389699
127305713,N_separation_reunion,0.6118498002619747,-0.2351703248513372
149105520,N_separation_reunion,1.8862901089000126,-1.3826153617016794
15197,N_separation_reunion,-1.387910194675581,1.9051951664947389
161913,N_separation_reunion,0.5828443718575881,-0.04607370937584453
17561022,N_separation_reunion,-1.60167198140252,-0.8790817621027324
1756703,N_separation_reunion,0.8290031752773818,0.1784804490922143
18692741,N_separation_reunion,-1.7216325666128511,-1.64522108673846
201413413,N_separation_reunion,1.210217847693247,-0.5521717334971907
20346544,N_separation_reunion,-2.5579902875377014,-0.5448783095771325
208153130,N_separation_reunion,1.0172980814324664,0.2662858909631988
21787,N_separation_reunion,0.4514540112929831,0.3141629363554736
22609391,N_separation_reunion,1.7116269881413364,-2.8777293248800557
22707536,N_separation_reunion,-1.6723438053482045,-0.9951832457578549
23518136,N_separation_reunion,-1.63680665913426,-0.1537120981304459
27394781,N_separation_reunion,0.08263479101375192,1.36116990731449
28675670,N_separation_reunion,0.5158901170071057,0.0377377242738157
28869598,N_separation_reunion,-0.2200014449078567,-0.6995950441894644
28963772,N_separation_reunion,0.6219301817423534,0.008395769468047112
29424551,N_separation_reunion,-0.9397580429399919,-0.4507911754815031
29939161,N_separation_reunion,3.9629995892526733,0.1362849053908792
30291077,N_separation_reunion,-1.1962342203004708,-0.4762004804417122
30618705,N_separation_reunion,-2.0660581981605723,-0.625585177834892
30627346,N_separation_reunion,-0.21842045895477094,0.8344349760674268
306364,N_separation_reunion,0.8194036765601136,-0.23409323638994858
31276376,N_separation_reunion,-0.3744605363365488,0.04414733359410918
31424202,N_separation_reunion,1.0088566196471545,-0.021079439424799076
31625455,N_separation_reunion,-0.4653995138707871,-0.7016062823630345
32195234,N_separation_reunion,-0.2606484300586115,-0.7611941466998893
33743772,N_separation_reunion,0.3412469945513139,0.212572456657982
34272677,N_separation_reunion,-0.580634383089788,-1.1293345294616357
34322023,N_separation_reunion,3.2243936416742653,-3.5956679939282963
34438741,N_separation_reunion,1.252236634767011,0.08675136381218773
34812836,N_separation_reunion,0.05504425195322761,0.650180749155011
35008850,N_separation_reunion,1.0375440358790995,1.7535536760270187
35053870,N_separation_reunion,0.23416176849342807,1.7034174007809877
35109856,N_separation_reunion,0.4773909663972348,0.42956249979900896
36429604,N_separation_reunion,-0.8919072144617464,0.011353924752678445
36437212,N_separation_reunion,0.5903212306675437,-1.675755480912853
36512901,N_separation_reunion,-0.3665315555489613,-0.7830983459855182
36564103,N_separation_reunion,0.17794803849426585,1.4755313699037393
36600859,N_separation_reunion,-1.1419421505133285,0.46207056920667766
36662463,N_separation_reunion,-1.0129441223881122,0.30825064758348814
40131614,N_separation_reunion,1.0317327363101387,0.015910601809796455
4066312,N_separation_reunion,1.2919066977885834,-0.1717876118440792
40727118,N_separation_reunion,2.186417575791994,0.08383529387682442
42427664,N_separation_reunion,0.04440023682118884,0.4316312913563929
43728457,N_separation_reunion,-0.9235945542163523,-1.0277406057815792
44099084,N_separation_reunion,1.4182041053679766,1.6169839113603843
44168447,N_separation_reunion,-1.1750067309499204,2.0829511778366494
45156972,N_separation_reunion,0.16052868264425244,0.23400102234000036
45857023,N_separation_reunion,-2.204751917498596,-0.13948715057298022
46142566,N_separation_reunion,0.9222351583524581,2.422779525455663
48572514,N_separation_reunion,1.0544722195876481,-0.9869318712059921
49571946,N_separation_reunion,0.35550027339080104,0.6299827398154089
51208558,N_separation_reunion,-2.8829370546923707,0.27515171343773304
51778361,N_separation_reunion,0.5434531258617452,1.6807703913042207
53490997,N_separation_reunion,-1.5001261718302639,0.26882524677571334
53491020,N_separation_reunion,0.7400895754582353,0.14076823553164064
53491063,N_separation_reunion,-3.221664097942356,-0.9265640676048389
54474410,N_separation_reunion,0.8630674655402206,0.13248884636224212
55538972,N_separation_reunion,0.7981072768999888,0.11507339681028776
55583305,N_separation_reunion,1.6621471036503073,0.005456942939209455
55590890,N_separation_reunion,0.7659700560906024,-0.8767476681117007
55738401,N_separation_reunion,-1.4225560528612162,0.13997805930872484
55817097,N_separation_reunion,-0.24802806259761462,-0.7964721369431355
55849103,N_separation_reunion,-0.7942022178335482,-0.5711851028592998
56916467,N_separation_reunion,0.1373498401552621,0.7222060936408526
57200226,N_separation_reunion,1.2792955717001855,-1.263177032811181
57216633,N_separation_reunion,0.3945553736309009,-0.412017172300036
58013278,N_separation_reunion,-1.4233368725785736,-0.051858706329261685
58995736,N_separation_reunion,0.902335382841995,-0.9972418511006852
60217302,N_separation_reunion,-0.2875166119727934,-0.07884731352084388
60416566,N_separation_reunion,-0.1059680738754072,0.3806533147709871
60576722,N_separation_reunion,1.3788370740900835,-1.0983765376838863
60686882,N_separation_reunion,-0.03795556828923919,0.1894418626932327
60797616,N_separation_reunion,-0.5422345152793598,1.317247190090706
60809640,N_separation_reunion,0.9189487155005915,0.3357250899658164
61229235,N_separation_reunion,-0.05869055431843078,0.32514996673146707
61273778,N_separation_reunion,0.09194391747255097,0.8058729405740177
62316382,N_separation_reunion,0.8233515844845767,1.1380868603565188
62322599,N_separation_reunion,-0.6333723555823075,-0.4133073350589754
62626163,N_separation_reunion,0.4618786010365782,0.2573207132846923
63046139,N_separation_reunion,-1.7624744677235666,-1.3835930231401912
63095160,N_separation_reunion,-0.32499588934692086,1.6738356423817105
63130875,N_separation_reunion,1.12328527874639,1.3581775633487587
63830782,N_separation_reunion,0.3470549395567254,0.9029636867556635
75599070,N_separation_reunion,-1.1958965628690308,-2.8219144195385857
8686068,N_separation_reunion,-1.5029016238585373,-0.5977805231259644
104659050,O_aesthetics_appearance,-0.011168836654602174,-0.29109390402015306
11266880,O_aesthetics_appearance,0.01092045878707901,-0.5673385908822227
123257687,O_aesthetics_appearance,0.11807142608199214,0.2938434289524219
123446478,O_aesthetics_appearance,-0.35302549879195516,0.4235915626212468
127305713,O_aesthetics_appearance,0.41345764644850735,-0.5138676834661767
149105520,O_aesthetics_appearance,1.6818138499599777,-0.38241588953732797
15197,O_aesthetics_appearance,0.49254708321458823,-0.5384622915689535
161913,O_aesthetics_appearance,-0.7829701005345265,0.285980766809266
17561022,O_aesthetics_appearance,-1.402749069114264,-0.015616329849924455
1756703,O_aesthetics_appearance,0.09507378065853761,-0.14620522891786417
18692741,O_aesthetics_appearance,-1.0363700671205134,0.11711662195833716
201413413,O_aesthetics_appearance,-1.37556205602198,0.030511785564782935
20346544,O_aesthetics_appearance,-1.3617222402485512,-0.023945195331546907
208153130,O_aesthetics_appearance,3.6667009293757644,3.9993671001834565
21787,O_aesthetics_appearance,-1.0815043355717946,-0.05579161694112264
22609391,O_aesthetics_appearance,0.08770002555640335,2.5370840155290777
22707536,O_aesthetics_appearance,0.9507490634542977,-0.13016655323213192
23518136,O_aesthetics_appearance,-2.47614804235238,1.8528176993304482
27394781,O_aesthetics_appearance,-3.135610826817353,1.7071769302776225
28675670,O_aesthetics_appearance,-0.2958511066393969,-2.4612491329243955
28869598,O_aesthetics_appearance,-1.5603260780100467,-1.5780740433448457
28963772,O_aesthetics_appearance,-0.08200478933546444,0.45677208382702295
29424551,O_aesthetics_appearance,-1.0944423165771193,-3.273267365392388
29939161,O_aesthetics_appearance,0.976209169389051,-0.22089974137718874
30291077,O_aesthetics_appearance,-1.1130249494342803,0.49015790120594693
30618705,O_aesthetics_appearance,-0.9092485387574233,0.7656976320857835
30627346,O_aesthetics_appearance,-1.9106506888325774,-1.2408713404835754
306364,O_aesthetics_appearance,0.5805890510266016,0.20122330706856784
31276376,O_aesthetics_appearance,-0.6434061160849667,-1.5483983948244195
31424202,O_aesthetics_appearance,0.8667398430971334,-0.3992915305111381
31625455,O_aesthetics_appearance,-0.3744429503588421,0.5767709636048368
32195234,O_aesthetics_appearance,0.49949407191461925,-0.4959666289326677
33743772,O_aesthetics_appearance,-0.6452087385278212,-0.33893256059668053
34272677,O_aesthetics_appearance,4.005664424527701,-1.8413984559589758
34322023,O_aesthetics_appearance,-0.0967004028757296,-0.16200083430268858
34438741,O_aesthetics_appearance,3.9035812127073455,-0.1796149135757702
34812836,O_aesthetics_appearance,-0.7830405256282537,0.6191747071805596
35008850,O_aesthetics_appearance,0.1725786742320702,-0.36249155505458797
35053870,O_aesthetics_appearance,-0.8711275334859863,-1.8428972449233116
35109856,O_aesthetics_appearance,-0.4922011521353857,-0.11831644820458574
36429604,O_aesthetics_appearance,-1.2175230170911,0.502168479790872
36437212,O_aesthetics_appearance,2.0290884550980404,-1.003702678645907
36512901,O_aesthetics_appearance,-1.4074801310633707,-0.0198423473431111
36564103,O_aesthetics_appearance,1.3570835182789776,3.3700595718889597
36600859,O_aesthetics_appearance,-1.0937591032243852,0.5997007522007626
36662463,O_aesthetics_appearance,-1.026147711576056,-0.3767248655086188
40131614,O_aesthetics_appearance,2.3833860834013776,-0.6680230822580484
4066312,O_aesthetics_appearance,0.46810044887730656,-0.45180199187759607
40727118,O_aesthetics_appearance,0.3230123213504052,0.9521649664975682
42427664,O_aesthetics_appearance,0.4362044834374136,-0.18944404933462575
43728457,O_aesthetics_appearance,-1.2082654660628624,0.28132895068070995
44099084,O_aesthetics_appearance,-0.36037931593101447,-0.3097561244167392
44168447,O_aesthetics_appearance,-0.9703655424788239,-0.39507317079119514
45156972,O_aesthetics_appearance,0.11194159410595578,-0.03856960213248483
45857023,O_aesthetics_appearance,-1.3302162879097919,0.1903713386189548
46142566,O_aesthetics_appearance,-1.4292538410608622,0.5652187586921288
48572514,O_aesthetics_appearance,-0.5795255751549626,0.024549904129256513
49571946,O_aesthetics_appearance,1.3673385929068997,-0.9701421824589712
51208558,O_aesthetics_appearance,-1.2953182414750894,0.022341006457273462
51778361,O_aesthetics_appearance,0.6198857603705208,-0.5428704381027104
53490997,O_aesthetics_appearance,-1.0540220336045034,0.4010828133594908
53491020,O_aesthetics_appearance,-1.1208771915055435,0.18372612744423455
53491063,O_aesthetics_appearance,0.82433446818624,-0.7696279719691678
54474410,O_aesthetics_appearance,3.295190256807659,-0.449598457426286
55538972,O_aesthetics_appearance,0.21228921539924459,1.0506487185408002
55583305,O_aesthetics_appearance,0.6862821676606692,0.2819879952429276
55590890,O_aesthetics_appearance,0.7500108149644962,-0.20209101571731522
55738401,O_aesthetics_appearance,0.6518549380403749,-0.42093186487508255
55817097,O_aesthetics_appearance,0.13451042549378037,0.5691184926744028
55849103,O_aesthetics_appearance,-0.44700244399834577,-0.02773596637174304
56916467,O_aesthetics_appearance,-0.3777234989820959,0.005602560336341227
57200226,O_aesthetics_appearance,0.5819832178915554,1.8836932448895887
57216633,O_aesthetics_appearance,0.7677486946201518,0.1872893988027581
58013278,O_aesthetics_appearance,1.022165615232954,-0.9391348595853138
58995736,O_aesthetics_appearance,0.21592756004320554,-0.43045623928179205
60217302,O_aesthetics_appearance,0.2999650760641413,0.13815479272623293
60416566,O_aesthetics_appearance,0.7288250930755249,-0.06905907686463232
60576722,O_aesthetics_appearance,0.5743280237187394,-0.05615390422025059
60686882,O_aesthetics_appearance,-0.6146660963945215,-0.09635455890303928
60797616,O_aesthetics_appearance,-0.44572740533122296,0.5531421280796348
60809640,O_aesthetics_appearance,0.5831911427249657,-0.3342671066616844
61229235,O_aesthetics_appearance,0.3455247947686523,0.8773797645193968
61273778,O_aesthetics_appearance,-0.18065310710177832,-0.07686047076638637
62316382,O_aesthetics_appearance,-0.8780174958015563,-0.4161770714598884
62322599,O_aesthetics_appearance,-0.3222458485191616,0.15353731774583085
62626163,O_aesthetics_appearance,0.14490996219552094,-0.36386060658377783
63046139,O_aesthetics_appearance,1.2472767048274098,-0.17281084169895958
63095160,O_aesthetics_appearance,-0.21035866576032938,0.03631343886718234
63130875,O_aesthetics_appearance,-0.318839082890428,-0.2964127550631972
63830782,O_aesthetics_appearance,0.24613111596977116,-0.04477887671222853
75599070,O_aesthetics_appearance,0.5023201670099919,-0.7907095702455269
8686068,O_aesthetics_appearance,0.3441726398754078,2.4646781930462414
104659050,Q_miscommunication,-0.1120011678173001,-2.7210684569580974
11266880,Q_miscommunication,0.20127778223936443,-0.17509751458596276
123257687,Q_miscommunication,-0.5932459584329639,0.4572676876738809
123446478,Q_miscommunication,0.0846702843450017,0.337163191249896
127305713,Q_miscommunication,-0.5747057964403645,0.23094903353637947
149105520,Q_miscommunication,-0.1071415889622023,-0.19805145657793516
15197,Q_miscommunication,-0.05196564855708521,-0.1039491511674686
161913,Q_miscommunication,-1.0933919044972507,-0.2992554685560111
17561022,Q_miscommunication,-0.8549539856602674,0.45327738422402986
1756703,Q_miscommunication,-0.10196550712064746,-0.4329649444775113
18692741,Q_miscommunication,-2.022505600991301,0.2861743438420843
201413413,Q_miscommunication,-0.022439719275900726,0.6000912853759884
20346544,Q_miscommunication,-1.2646615214530568,0.1784180601493966
208153130,Q_miscommunication,1.3477267488106761,-1.0821440885285682
21787,Q_miscommunication,-0.5842662052899473,0.7000661038916292
22609391,Q_miscommunication,0.602228320404707,-0.09459451219535167
22707536,Q_miscommunication,-0.8981013093768371,-0.530506741751842
23518136,Q_miscommunication,-2.018128826949945,-0.4708619584210788
27394781,Q_miscommunication,-1.4270362411726945,-0.5611189034723862
28675670,Q_miscommunication,0.7817408250074427,-0.055877459691122504
28869598,Q_miscommunication,0.031208359108392786,1.4374961354442177
28963772,Q_miscommunication,-0.036993469057505717,1.3510515201073476
29424551,Q_miscommunication,0.6296837459972967,0.10946300335529544
29939161,Q_miscommunication,0.4204432353802801,0.6626144322338499
30291077,Q_miscommunication,-1.4759266202505128,5.123238351085661
30618705,Q_miscommunication,-1.7962563098121451,-0.3394841844153188
30627346,Q_miscommunication,-0.31399944909225014,0.8595801945348396
306364,Q_miscommunication,0.938228110976241,-0.20878029119397642
31276376,Q_miscommunication,0.8161374058456807,0.3159390106232256
31424202,Q_miscommunication,0.8979887647801073,-0.8363809479627513
31625455,Q_miscommunication,-0.09876492961241853,-0.327004871219533
32195234,Q_miscommunication,-0.3544303997163349,-0.6066967010385419
33743772,Q_miscommunication,-1.3346034300205465,0.5046107072861004
34272677,Q_miscommunication,0.269733920413059,-0.5831091355739806
34322023,Q_miscommunication,0.9437371439081095,0.4542549828494639
34438741,Q_miscommunication,1.2662821785078642,-0.6711541065758511
34812836,Q_miscommunication,1.3018628518483737,-0.524982849420774
35008850,Q_miscommunication,-0.13176751453435318,0.8823269632355355
35053870,Q_miscommunication,1.6028859280876397,0.25325631222750233
35109856,Q_miscommunication,0.654732986316196,0.3915938853297893
36429604,Q_miscommunication,-2.3106865678788835,0.7331859049464198
36437212,Q_miscommunication,-0.9478997777823218,0.14751353099713266
36512901,Q_miscommunication,-2.2671139547695818,0.07218421749563574
36564103,Q_miscommunication,1.069961219615805,0.12513221389034143
36600859,Q_miscommunication,-1.468884542988222,0.7644466224928628
36662463,Q_miscommunication,0.04145841047608461,-0.10587490429078521
40131614,Q_miscommunication,1.065965965592081,-0.6810636723597103
4066312,Q_miscommunication,0.5489704110766852,0.024004615411847053
40727118,Q_miscommunication,-1.0027093613763916,0.11720369995099057
42427664,Q_miscommunication,2.099005499144495,0.33596448458449857
43728457,Q_miscommunication,-1.5221534497624092,-0.13130142946419338
44099084,Q_miscommunication,1.0706294834046008,0.2606559939794315
44168447,Q_miscommunication,-1.542048931954437,-0.3129226440381374
45156972,Q_miscommunication,3.196016692487162,-2.610747768529906
45857023,Q_miscommunication,-1.0122357627384744,1.2434820159064888
46142566,Q_miscommunication,-1.1240609662541705,-0.605199718765402
48572514,Q_miscommunication,1.0857402756100316,-0.37158383505322934
49571946,Q_miscommunication,-0.9439778503010106,-0.4964198005724711
51208558,Q_miscommunication,-1.0575657934141272,-0.34305487804426515
51778361,Q_miscommunication,-0.6898985520082958,0.2679790086961088
53490997,Q_miscommunication,-1.6138369234022893,-0.5487147114929367
53491020,Q_miscommunication,-3.0527074502620684,-0.24107823554793903
53491063,Q_miscommunication,-2.7056056300468727,-0.3195135636131892
54474410,Q_miscommunication,0.5131030245640886,-0.25990599144965526
55538972,Q_miscommunication,0.57034215757329,-0.5103161697898283
55583305,Q_miscommunication,-0.07770981290139042,-0.5938446785979301
55590890,Q_miscommunication,0.8206055980988555,0.07777970710021635
55738401,Q_miscommunication,0.06507268047812353,0.8019100715498775
55817097,Q_miscommunication,2.6587021720956936,3.3529136394568497
55849103,Q_miscommunication,1.2526297540252458,1.265620928834543
56916467,Q_miscommunication,1.3110155990090864,0.2524014449717727
57200226,Q_miscommunication,3.499804045478955,-3.4367732701425022
57216633,Q_miscommunication,-0.06932464934189345,-0.6474543797010268
58013278,Q_miscommunication,1.0249617314926993,-0.9214946741548188
58995736,Q_miscommunication,0.85995657439439,-0.09750266697219914
60217302,Q_miscommunication,1.9708234010101455,4.983966070223495
60416566,Q_miscommunication,0.1056576342265103,-0.5345761957160956
60576722,Q_miscommunication,1.5488750130986213,1.0203840485086484
60686882,Q_miscommunication,1.4817147005568223,-0.517203370544677
60797616,Q_miscommunication,0.15171436254806023,-0.2066374747846037
60809640,Q_miscommunication,0.5627397855592118,0.4659276916949117
61229235,Q_miscommunication,0.41166415306037657,0.12440761607254258
61273778,Q_miscommunication,-0.16488140628220146,0.5433408168603353
62316382,Q_miscommunication,-0.9151282348230865,-2.8216887101036416
62322599,Q_miscommunication,2.7145410453830743,0.08362181599662652
62626163,Q_miscommunication,-0.0019160444944754406,-0.2518744336173186
63046139,Q_miscommunication,0.3444805159619318,-0.013679556539655814
63095160,Q_miscommunication,-0.6157779320289538,-1.7657899622732776
63130875,Q_miscommunication,1.830745210808188,-0.4284860102139696
63830782,Q_miscommunication,0.7309158715213027,0.1391533953400455
75599070,Q_miscommunication,-3.340383109792864,-1.4967634797661435
8686068,Q_miscommunication,-1.6826217716297986,-0.6974622132941631
104659050,Q_repair,-1.9244423053935267,2.9009353520121395
11266880,Q_repair,0.29150819971975794,0.1288691037555734
123257687,Q_repair,0.9205833562618942,-0.6264079969979004
123446478,Q_repair,0.5495433733225737,0.5104771833502324
127305713,Q_repair,0.6945931305726945,-1.06799689399525
149105520,Q_repair,0.8699221181622645,-1.5182094799024657
15197,Q_repair,-0.03638802974949773,-0.07308585092486901
161913,Q_repair,-0.7753522441261212,0.9861626261613726
17561022,Q_repair,-1.014476807783486,-0.11147671515792379
1756703,Q_repair,1.4805065786258083,-0.6675111047636014
18692741,Q_repair,-2.7029921716508856,-1.379342245878021
201413413,Q_repair,-0.45593806051153934,0.36056797465567697
20346544,Q_repair,-2.4336302223681523,0.06121567730335477
208153130,Q_repair,-0.9517910757583827,-0.3296044470194503
21787,Q_repair,-1.5264786297590238,1.6530435319612558
22609391,Q_repair,0.05206312437243411,-0.6176853261276414
22707536,Q_repair,-0.7588577750181967,-2.330292175503826
23518136,Q_repair,-1.5523836318820017,0.3734992809114608
27394781,Q_repair,1.0485947783155851,0.07277826998144096
28675670,Q_repair,0.9288827213238986,0.8980069081452314
28869598,Q_repair,-0.7887420009532062,-0.09750456707504143
28963772,Q_repair,2.1702800696524345,0.004083303982187733
29424551,Q_repair,0.08528571304021491,0.10201193497890164
29939161,Q_repair,1.0800591533817006,0.04694255823286843
30291077,Q_repair,-1.563556044519208,0.03164581368008211
30618705,Q_repair,-0.5849799254140623,0.7878594527850792
30627346,Q_repair,-0.6651305061628623,0.948859486796803
306364,Q_repair,1.3018235698577205,0.05899732311911691
31276376,Q_repair,1.4845856008954124,0.21801976349611765
31424202,Q_repair,0.8253403767308187,-0.162573488512688
31625455,Q_repair,0.6338774784422085,0.35650067202793206
32195234,Q_repair,-1.0450717136086443,-1.3077028550234995
33743772,Q_repair,-0.26034694542398523,0.8254300596851866
34272677,Q_repair,-1.0273726960143548,-2.7387229198975778
34322023,Q_repair,0.4914353601376234,0.6719596900527873
34438741,Q_repair,-0.6250895297706528,-0.5365451042023369
34812836,Q_repair,0.9511981350085659,1.2343887761530496
35008850,Q_repair,0.576379087216824,0.6066822071909042
35053870,Q_repair,1.1090268559029905,-0.03289962942098525
35109856,Q_repair,2.4339436267817,-0.3587489792854456
36429604,Q_repair,-1.6540681252966067,0.7820769278110457
36437212,Q_repair,-0.10366206175494816,-3.4324697581125228
36512901,Q_repair,-2.091937084500818,0.7777272333814006
36564103,Q_repair,0.44760270795637147,0.34982068566107816
36600859,Q_repair,0.5740102309169115,1.0104848136870237
36662463,Q_repair,-1.7905068788941547,0.7230821227597872
40131614,Q_repair,0.2860040101870752,0.6794521610342593
4066312,Q_repair,1.465999661273479,-1.086605152141713
40727118,Q_repair,1.43282936266357,-0.7354545763709918
42427664,Q_repair,1.537134042422097,-0.7281522191172052
43728457,Q_repair,-1.481329954979609,1.1255280340562093
44099084,Q_repair,1.5854244388873566,1.873018398293437
44168447,Q_repair,-1.7391042493722164,1.2985306150521605
45156972,Q_repair,-0.23753139428792208,-0.8356389435791328
45857023,Q_repair,-2.453766578836987,-0.24516707158071302
46142566,Q_repair,0.06740768641008016,0.9162497924108204
48572514,Q_repair,-0.7453531840866069,-1.932415980014167
49571946,Q_repair,0.1497587472667544,0.11087646757973672
51208558,Q_repair,0.2817552031163072,1.4419925681366124
51778361,Q_repair,1.3302803653221056,0.3592814114852855
53490997,Q_repair,-1.495564000623486,1.482375513751903
53491020,Q_repair,-0.17096081710629477,-0.017274400750146763
53491063,Q_repair,-3.730186461901944,-0.43300461933875234
54474410,Q_repair,-0.031517715215673835,-1.1554000767580292
55538972,Q_repair,-0.15888919634112939,-0.18277075095822923
55583305,Q_repair,2.1485710788488532,-1.6110161485361918
55590890,Q_repair,0.7777258751710868,-0.8096797156860525
55738401,Q_repair,0.48153838476531935,0.35309345638919276
55817097,Q_repair,1.358079911636685,-1.559153724093116
55849103,Q_repair,1.273565122983615,0.22259900195749757
56916467,Q_repair,0.8455855641815047,0.9997203298055032
57200226,Q_repair,-0.9129958050774447,-1.6905418163326482
57216633,Q_repair,-1.5889758567881993,-1.5625130902334536
58013278,Q_repair,-1.6501360131538831,-0.39777336208323505
58995736,Q_repair,-0.070439774614274,0.019435876558814714
60217302,Q_repair,3.1073522433533802,0.7372907074520522
60416566,Q_repair,0.8922558297017124,0.779380927957776
60576722,Q_repair,1.11944590028891,0.9911918447733888
60686882,Q_repair,0.023112996122097273,-0.3301062854962612
60797616,Q_repair,1.696381461806403,1.1695347569627348
60809640,Q_repair,0.6039709746097233,-0.28550409278282113
61229235,Q_repair,1.002364235871016,-0.8395746620584819
61273778,Q_repair,2.2002467710328677,-0.05579581854054255
62316382,Q_repair,-0.0949481520166012,3.3101865850854373
62322599,Q_repair,-0.11815435759331751,-0.34537735213149856
62626163,Q_repair,-0.7456939214643354,0.44356195291055067
63046139,Q_repair,-0.5733955244756103,-2.6582475225048436
63095160,Q_repair,-1.0974976696545,2.4259821798658128
63130875,Q_repair,1.0469380622719175,0.4772473119126546
63830782,Q_repair,1.4398429654679363,0.29211707787358543
75599070,Q_repair,-2.765943324388668,-0.3347954673444578
8686068,Q_repair,-0.9590378239672417,-1.7700333187907873
104659050,R1_protective_caretaking,1.7928998303528159,1.1675743157914884
11266880,R1_protective_caretaking,1.2543411933860655,-1.0326970749886668
123257687,R1_protective_caretaking,0.28256974742644525,-2.127216232319702
123446478,R1_protective_caretaking,-0.6378405202411092,-1.9027811524334883
127305713,R1_protective_caretaking,0.7014440724543808,-0.7166955267706989
149105520,R1_protective_caretaking,-5.6472565969195525,-0.2562253959080347
15197,R1_protective_caretaking,-0.7265947888163559,-1.6694630591371438
161913,R1_protective_caretaking,1.4193496305331474,-0.04431993851098849
17561022,R1_protective_caretaking,4.461984064588859,0.03927467838525476
1756703,R1_protective_caretaking,-1.3242505541944132,0.5736173608567021
18692741,R1_protective_caretaking,6.91243101289264,2.9735627132641844
201413413,R1_protective_caretaking,3.7741786720745925,1.0402391067790593
20346544,R1_protective_caretaking,6.28745479119325,3.6013230931957154
208153130,R1_protective_caretaking,-4.482804535703459,2.707511321624067
21787,R1_protective_caretaking,6.598009581762537,-0.4118582885306709
22609391,R1_protective_caretaking,0.2583966788557033,-2.4158013741557567
22707536,R1_protective_caretaking,-3.774862692635072,1.818171469043166
23518136,R1_protective_caretaking,4.700640003871029,-1.4290589036549748
27394781,R1_protective_caretaking,4.002296013022437,-1.9037821982085898
28675670,R1_protective_caretaking,-1.106934064696111,-0.993709659565756
28869598,R1_protective_caretaking,0.6589456147132889,-0.28410544121195264
28963772,R1_protective_caretaking,-1.5033396612377259,1.2745015901678598
29424551,R1_protective_caretaking,-0.04645535702875062,-2.156806063786585
29939161,R1_protective_caretaking,-5.934803294060206,-2.3545501656931282
30291077,R1_protective_caretaking,4.950524531226236,0.41029844600536025
30618705,R1_protective_caretaking,4.559118953221944,-0.626574000848936
30627346,R1_protective_caretaking,1.67228073580085,1.1543467590320338
306364,R1_protective_caretaking,-2.8772799403408116,-0.9067851168760639
31276376,R1_protective_caretaking,-0.2520325392972651,-1.3710533254148738
31424202,R1_protective_caretaking,-1.8082108272628887,-1.3605673394813498
31625455,R1_protective_caretaking,0.6675325060179916,-1.5770176103112983
32195234,R1_protective_caretaking,1.641395360942471,-1.1938466665036485
33743772,R1_protective_caretaking,1.294400114018235,-1.3566408875925324
34272677,R1_protective_caretaking,-3.5445382340275233,3.4247850272872413
34322023,R1_protective_caretaking,-0.33333166597600294,-3.7852044207514086
34438741,R1_protective_caretaking,-4.167137829754795,2.498922146574811
34812836,R1_protective_caretaking,-0.6443303689070478,-3.3606105539464575
35008850,R1_protective_caretaking,-1.2990729874760647,0.2072851998022388
35053870,R1_protective_caretaking,-2.8910037288784123,1.0786485849113676
35109856,R1_protective_caretaking,-0.18245109198087253,-4.762776402078434
36429604,R1_protective_caretaking,2.4411326128765967,2.1815657481041586
36437212,R1_protective_caretaking,-7.831300315285134,-0.05406351522487222
36512901,R1_protective_caretaking,6.310267662052907,2.2951379329929975
36564103,R1_protective_caretaking,-4.630666023060485,2.1644096926134746
36600859,R1_protective_caretaking,4.117900034256984,0.5010164153743755
36662463,R1_protective_caretaking,2.5742017031069597,-1.0875962950400109
40131614,R1_protective_caretaking,-4.082233482739369,-0.18193909387079193
4066312,R1_protective_caretaking,-2.722030519804357,-0.7647704844843438
40727118,R1_protective_caretaking,0.32241754943800127,-1.813807961718023
42427664,R1_protective_caretaking,-2.1357269144440436,-1.5140077682694915
43728457,R1_protective_caretaking,4.852642985930915,1.768273481491997
44099084,R1_protective_caretaking,-1.4387050155970875,-1.174703071384547
44168447,R1_protective_caretaking,5.210865967896221,-0.37535936161163513
45156972,R1_protective_caretaking,-5.60522004993638,7.912397393662545
45857023,R1_protective_caretaking,6.149107862499321,0.18709153254287036
46142566,R1_protective_caretaking,3.6395874338535474,-0.018784923683536608
48572514,R1_protective_caretaking,-2.645312175903928,-0.08292581612928565
49571946,R1_protective_caretaking,-1.8005721023420036,0.5139471585896968
51208558,R1_protective_caretaking,5.290863598936928,-0.8921228735347134
51778361,R1_protective_caretaking,-2.4986192706667563,-1.3945201820529365
53490997,R1_protective_caretaking,4.251957419061673,1.1595457886195388
53491020,R1_protective_caretaking,3.4318530408233276,2.0053601000306145
53491063,R1_protective_caretaking,4.009489006083283,3.231425366238944
54474410,R1_protective_caretaking,-4.290116845865901,1.1130159556149468
55538972,R1_protective_caretaking,-3.530202818151573,-1.934540531906053
55583305,R1_protective_caretaking,-3.1926335869896905,-1.513875626181976
55590890,R1_protective_caretaking,-1.6510527104869015,-2.27841348991907
55738401,R1_protective_caretaking,-0.1904813500504913,-1.5501666680816144
55817097,R1_protective_caretaking,-1.2320798706973852,-1.7525243793714635
55849103,R1_protective_caretaking,-1.1876566129989257,-1.349703523499453
56916467,R1_protective_caretaking,-1.5216505236036975,-0.3894061538170428
57200226,R1_protective_caretaking,-5.643735912474727,10.742309691907057
57216633,R1_protective_caretaking,-2.205308407839185,-0.5669452394200374
58013278,R1_protective_caretaking,2.1804136960972427,2.7423552598303864
58995736,R1_protective_caretaking,-2.411691894642706,0.6295054587568261
60217302,R1_protective_caretaking,-0.7620613033627152,-3.1133252863941467
60416566,R1_protective_caretaking,0.4471094757542642,0.49038833439341295
60576722,R1_protective_caretaking,-2.6076267743522874,-1.9408824931575253
60686882,R1_protective_caretaking,-2.0263780210507694,-0.7526537399530536
60797616,R1_protective_caretaking,-0.8988966681222752,-1.4413843106239168
60809640,R1_protective_caretaking,-3.6322383842588373,0.613406369915411
61229235,R1_protective_caretaking,-0.3543386207730327,0.11261883800578117
61273778,R1_protective_caretaking,-1.0250673986367962,0.7204426863692579
62316382,R1_protective_caretaking,2.9736732070632206,0.7871649594404765
62322599,R1_protective_caretaking,-0.12041450036571553,0.09361405140413373
62626163,R1_protective_caretaking,-0.8952335063366373,1.3836643792149783
63046139,R1_protective_caretaking,-3.1010553798192353,-0.3069432978140624
63095160,R1_protective_caretaking,1.8731819940401635,1.512149108375352
63130875,R1_protective_caretaking,0.33999184239514985,-2.243976487877741
63830782,R1_protective_caretaking,-2.1280649801540275,-1.7514785614582773
75599070,R1_protective_caretaking,3.4284511470807373,5.053613138461486
8686068,R1_protective_caretaking,1.4476018726451354,-1.643512719510527
104659050,R2_alpha_guarding,-0.6285342008888906,-0.475439366976296
11266880,R2_alpha_guarding,1.195136326282977,0.7044104210241783
123257687,R2_alpha_guarding,0.4157562507851998,-1.378455964615372
123446478,R2_alpha_guarding,1.738704081750203,0.0009382704987725712
127305713,R2_alpha_guarding,1.0400980797919617,1.6948832959916764
149105520,R2_alpha_guarding,0.04605450348713174,1.1478669007823357
15197,R2_alpha_guarding,-0.1914743930587351,-1.1640790156531335
161913,R2_alpha_guarding,-0.8815916180064414,2.5815102981889857
17561022,R2_alpha_guarding,-0.9979403193255675,0.30379265552973495
1756703,R2_alpha_guarding,0.7057804359278597,1.4391875788860815
18692741,R2_alpha_guarding,-1.679743893525745,2.6542165470257775
201413413,R2_alpha_guarding,-0.587629783632855,1.9557194954581312
20346544,R2_alpha_guarding,-2.9459372739433687,-0.4139895282737288
208153130,R2_alpha_guarding,0.4970304797765179,1.1996632002352947
21787,R2_alpha_guarding,-0.5555167519080971,1.8143547017139496
22609391,R2_alpha_guarding,0.7184148923074161,-0.05873847798293787
22707536,R2_alpha_guarding,-0.8016264547701492,-0.3593172417831017
23518136,R2_alpha_guarding,-1.4215902385889514,-1.7395607643934718
27394781,R2_alpha_guarding,-0.6609438117268344,-2.392958671941737
28675670,R2_alpha_guarding,1.155657422213779,-0.03678765899786708
28869598,R2_alpha_guarding,-1.6086852482843956,1.0857494034100579
28963772,R2_alpha_guarding,0.2068368238662773,-0.0824002692899319
29424551,R2_alpha_guarding,-0.0557854106329977,-0.3735097355002286
29939161,R2_alpha_guarding,0.927832264321742,1.2884555303297272
30291077,R2_alpha_guarding,-2.4499617305624675,-0.4858477941563054
30618705,R2_alpha_guarding,-1.8653125604449412,0.6312522265075741
30627346,R2_alpha_guarding,-2.0653981977158637,0.7607413109455986
306364,R2_alpha_guarding,-0.3532698032038087,1.3184616238983529
31276376,R2_alpha_guarding,1.1249863407358927,-0.8257873294075198
31424202,R2_alpha_guarding,1.2967099452080988,-0.528323011189689
31625455,R2_alpha_guarding,0.9799150394752254,0.18117135083111946
32195234,R2_alpha_guarding,0.06823132272190603,-1.4813677770385474
33743772,R2_alpha_guarding,1.8675841752684426,0.5943961805590842
34272677,R2_alpha_guarding,0.6201463633808733,-1.3999082187450722
34322023,R2_alpha_guarding,3.081294797330212,0.21660923945159194
34438741,R2_alpha_guarding,0.4704651924351635,1.2618481197002795
34812836,R2_alpha_guarding,0.05759486014958792,0.31276190545096794
35008850,R2_alpha_guarding,-0.2318272294759104,-0.541383668354274
35053870,R2_alpha_guarding,0.3095837510572589,-0.6533304817461937
35109856,R2_alpha_guarding,0.5611989991896512,-0.6116969794863424
36429604,R2_alpha_guarding,-2.522533371923525,-0.8504599880261129
36437212,R2_alpha_guarding,-0.4643733031541965,-2.6917243750231035
36512901,R2_alpha_guarding,-1.725274574951841,-0.37305693721601724
36564103,R2_alpha_guarding,1.0621291661490357,0.10397102976467391
36600859,R2_alpha_guarding,-1.3550715231577224,-0.38760246814714927
36662463,R2_alpha_guarding,-2.955514406824375,2.011620408496244
40131614,R2_alpha_guarding,-0.2161005984109551,-0.9947620055063742
4066312,R2_alpha_guarding,0.21497911662751923,-0.31695689830336693
40727118,R2_alpha_guarding,2.5604085504522494,-0.19889859793894538
42427664,R2_alpha_guarding,1.409946127591323,0.5692342648833177
43728457,R2_alpha_guarding,-2.0769129144064062,0.32947086868946174
44099084,R2_alpha_guarding,1.6191427676853964,-0.6387385220606016
44168447,R2_alpha_guarding,-2.1736763415968903,1.1836299786821258
45156972,R2_alpha_guarding,-0.5880104215254504,-0.33065063771094316
45857023,R2_alpha_guarding,-1.8590270946692347,1.011998903011903
46142566,R2_alpha_guarding,-0.8585041805772975,-0.0282804201574742
48572514,R2_alpha_guarding,0.38887609843723747,0.8904464828674905
49571946,R2_alpha_guarding,0.6401328174429282,0.2619773959543104
51208558,R2_alpha_guarding,-1.6262689178065195,-0.20046817988131205
51778361,R2_alpha_guarding,-0.5789691549887483,-1.7262680737056426
53490997,R2_alpha_guarding,-1.1513398369205867,0.015131414926215904
53491020,R2_alpha_guarding,-1.1382462991056892,0.15697241938292986
53491063,R2_alpha_guarding,-1.0905223223199596,-1.2938321156154962
54474410,R2_alpha_guarding,2.0134375354453815,2.0262568506061913
55538972,R2_alpha_guarding,1.6153006225816995,0.520561451832691
55583305,R2_alpha_guarding,-0.018747217335993265,-0.4633501217267907
55590890,R2_alpha_guarding,0.14124341503257692,-0.3515296501236617
55738401,R2_alpha_guarding,-0.6941717249190589,-2.2056448973680705
55817097,R2_alpha_guarding,3.456769448356979,-0.45012790941148745
55849103,R2_alpha_guarding,0.9364198713721199,-0.6574569024206347
56916467,R2_alpha_guarding,0.5299223872009411,0.5937578216685898
57200226,R2_alpha_guarding,-0.9802384426472951,0.29300473768384194
57216633,R2_alpha_guarding,1.2176395139272824,-0.27733102279525973
58013278,R2_alpha_guarding,-1.7186803119282672,-0.4552582810809412
58995736,R2_alpha_guarding,-0.37179243994280886,0.7899027780657428
60217302,R2_alpha_guarding,1.4494716441045556,-0.5287054009147204
60416566,R2_alpha_guarding,0.7137874958847135,1.2471343190536834
60576722,R2_alpha_guarding,0.874248679636988,-0.4015008546420576
60686882,R2_alpha_guarding,0.30074108506431735,-1.3303610774651613
60797616,R2_alpha_guarding,1.2373013562612842,-0.43194840675563567
60809640,R2_alpha_guarding,0.3014759767539798,-1.0403096199503912
61229235,R2_alpha_guarding,0.1875890469311914,-0.4113369529111339
61273778,R2_alpha_guarding,-0.47893726088834127,-0.8251394450058417
62316382,R2_alpha_guarding,0.18652988457260167,-0.9975378572987847
62322599,R2_alpha_guarding,0.3471516272466573,-0.5961647016922693
62626163,R2_alpha_guarding,-0.638891630204458,-0.27491964299446303
63046139,R2_alpha_guarding,1.0808797091777427,1.4008890764725692
63095160,R2_alpha_guarding,0.10030124046975517,-1.248543224116133
63130875,R2_alpha_guarding,0.3693114244204858,-0.5958780790824422
63830782,R2_alpha_guarding,1.1594441372698217,-0.2637726420375831
75599070,R2_alpha_guarding,1.0140786442483416,2.0136838043978353
8686068,R2_alpha_guarding,1.0509014720931569,0.2737636017586616
104659050,R_jealousy_possessiveness,-0.08845494287934512,-0.13693285683298823
11266880,R_jealousy_possessiveness,0.7232576250808344,0.857529624171977
123257687,R_jealousy_possessiveness,1.5853977634246892,0.3355698127190496
123446478,R_jealousy_possessiveness,1.4979588164451536,1.3714236628389207
127305713,R_jealousy_possessiveness,0.08960882817843077,1.8116251232663296
149105520,R_jealousy_possessiveness,-0.3538886777266254,1.6708648620355788
15197,R_jealousy_possessiveness,0.17519707167537107,-1.1647738628741766
161913,R_jealousy_possessiveness,-2.2515708682837325,1.2659451149692529
17561022,R_jealousy_possessiveness,-0.9090946679555154,-0.15746889245049941
1756703,R_jealousy_possessiveness,-0.11476225685528613,0.8735130602306467
18692741,R_jealousy_possessiveness,-2.4204752836598544,1.0652380104671557
201413413,R_jealousy_possessiveness,-1.8384327003896463,1.6849766456266044
20346544,R_jealousy_possessiveness,-1.8508928776491798,-0.44535264157089954
208153130,R_jealousy_possessiveness,-0.6840660657939356,0.9116930131918082
21787,R_jealousy_possessiveness,-1.6252368161083701,-0.04639214852344397
22609391,R_jealousy_possessiveness,0.6105163545623667,-0.16264200766614068
22707536,R_jealousy_possessiveness,-0.6711535634291892,-1.4395236370646558
23518136,R_jealousy_possessiveness,-0.06671537726537675,-0.8035462433716798
27394781,R_jealousy_possessiveness,1.1654034600706453,-1.582946948773884
28675670,R_jealousy_possessiveness,0.7946698605727615,0.10322287744415774
28869598,R_jealousy_possessiveness,-1.566878951719493,0.9999438767544443
28963772,R_jealousy_possessiveness,0.1124874466280452,-0.7079429459446984
29424551,R_jealousy_possessiveness,0.3498398792848248,-0.4478194194326479
29939161,R_jealousy_possessiveness,0.2202499323998703,1.3296481378001768
30291077,R_jealousy_possessiveness,-1.4299107628240697,-0.18773561691827148
30618705,R_jealousy_possessiveness,-1.9601159170446651,-0.5513444072125174
30627346,R_jealousy_possessiveness,-1.7680212397129857,0.8516343675757607
306364,R_jealousy_possessiveness,-0.7882863641628391,1.200373017816331
31276376,R_jealousy_possessiveness,1.1868818245252823,-1.1660862533452219
31424202,R_jealousy_possessiveness,1.411907333325088,1.1505975200885754
31625455,R_jealousy_possessiveness,0.808867709540784,-0.4348353990956356
32195234,R_jealousy_possessiveness,1.117164320349133,0.18291239544008095
33743772,R_jealousy_possessiveness,1.2056970787884855,-1.4039828939373602
34272677,R_jealousy_possessiveness,1.1104464381029229,0.1271553282688091
34322023,R_jealousy_possessiveness,2.069521248349243,-0.2297263928446307
34438741,R_jealousy_possessiveness,-0.7705331516233743,0.385965822001961
34812836,R_jealousy_possessiveness,0.13534209784056903,0.030999726310590465
35008850,R_jealousy_possessiveness,0.33630772269358417,-0.07706351961389166
35053870,R_jealousy_possessiveness,0.49936106998195906,-0.7858861731194996
35109856,R_jealousy_possessiveness,0.9982576394146124,-0.34023831387298
36429604,R_jealousy_possessiveness,-1.682939537306361,-1.568542774035569
36437212,R_jealousy_possessiveness,1.3897270971735434,-1.3096762671433144
36512901,R_jealousy_possessiveness,-1.0100100134717147,-0.6670449454392812
36564103,R_jealousy_possessiveness,0.5217666422692575,1.3370282426024076
36600859,R_jealousy_possessiveness,-1.2138863666823099,-1.8842690462075848
36662463,R_jealousy_possessiveness,-2.953397437823981,1.0665958657550636
40131614,R_jealousy_possessiveness,0.42244071095997276,-0.2551957252755472
4066312,R_jealousy_possessiveness,0.43026555748930156,-0.03468989597138048
40727118,R_jealousy_possessiveness,2.478488771001184,0.7969557585051648
42427664,R_jealousy_possessiveness,0.5545907428783577,0.28607295849096065
43728457,R_jealousy_possessiveness,-1.8209958509948647,-0.811334596483594
44099084,R_jealousy_possessiveness,2.1271195434070638,0.32168553114507437
44168447,R_jealousy_possessiveness,-2.2048674297447235,0.6999000123759948
45156972,R_jealousy_possessiveness,-0.43129342814319954,-0.473618405742551
45857023,R_jealousy_possessiveness,-1.917724307784359,-0.5877909356402048
46142566,R_jealousy_possessiveness,-0.5974571833083783,-0.6072770858570891
48572514,R_jealousy_possessiveness,-0.8120475020900572,-1.1361628035435856
49571946,R_jealousy_possessiveness,0.7385246304421743,2.604515796444095
51208558,R_jealousy_possessiveness,-0.8155365765059943,-0.25268480851802866
51778361,R_jealousy_possessiveness,0.336045488005122,-1.9593609979039293
53490997,R_jealousy_possessiveness,-0.8786709997799242,0.005217747148354134
53491020,R_jealousy_possessiveness,-0.9901810204490087,-0.5452997087441928
53491063,R_jealousy_possessiveness,-0.542154918134941,-2.027070088615158
54474410,R_jealousy_possessiveness,0.09124237546953068,1.7050974411994397
55538972,R_jealousy_possessiveness,0.45893624096911323,-0.317395182484235
55583305,R_jealousy_possessiveness,0.1475362822418848,0.3796377337888194
55590890,R_jealousy_possessiveness,0.03814662840155924,-0.7181338765871735
55738401,R_jealousy_possessiveness,0.6439377824562843,-1.3025861289706275
55817097,R_jealousy_possessiveness,2.7683148543799634,-0.6130452346774997
55849103,R_jealousy_possessiveness,1.2223071797473077,-1.1959505704000444
56916467,R_jealousy_possessiveness,0.7044978022528552,2.093119493640242
57200226,R_jealousy_possessiveness,-1.1323630067759527,0.2980150440970442
57216633,R_jealousy_possessiveness,0.8319579939883018,0.06628597927719293
58013278,R_jealousy_possessiveness,-1.24914617102009,-1.7086577966889283
58995736,R_jealousy_possessiveness,-0.9163884624976825,-0.0921005423344131
60217302,R_jealousy_possessiveness,1.3645027522336555,-0.11013092953486893
60416566,R_jealousy_possessiveness,-0.5107802822228377,0.8012801903837758
60576722,R_jealousy_possessiveness,1.1754357517192802,0.11100272377485554
60686882,R_jealousy_possessiveness,1.0253264537089808,-0.12913240608203871
60797616,R_jealousy_possessiveness,0.9834481627405792,0.8207133109967859
60809640,R_jealousy_possessiveness,0.9145497039132708,1.0373855002746295
61229235,R_jealousy_possessiveness,0.6029627528606889,0.5332997072851526
61273778,R_jealousy_possessiveness,0.2520447022829993,-0.674491723213577
62316382,R_jealousy_possessiveness,0.7332461432287188,0.03450129970401777
62322599,R_jealousy_possessiveness,0.16510783019920144,-0.009672899570059509
62626163,R_jealousy_possessiveness,-0.4142241149582867,-0.12558567756532646
63046139,R_jealousy_possessiveness,0.40160164093927436,1.7228226830099722
63095160,R_jealousy_possessiveness,0.9160144739180236,0.07720854290873543
63130875,R_jealousy_possessiveness,0.5181365569153898,-0.5510535141442547
63830782,R_jealousy_possessiveness,0.8655481550642367,-0.10425132640982906
75599070,R_jealousy_possessiveness,-1.421519726322373,-0.8438870517562641
8686068,R_jealousy_possessiveness,0.6459618966087904,-0.12084004182011934
104659050,S_scene_anchors,1.5155278074320362,-0.6541938399950932
11266880,S_scene_anchors,-2.2518545492485043,-0.3387160822830352
123257687,S_scene_anchors,-2.1759869572419857,-0.3712714941082332
123446478,S_scene_anchors,-0.8168920922699344,-0.2087227614747477
127305713,S_scene_anchors,-1.8632406252632836,-0.06969771314874204
149105520,S_scene_anchors,-3.5300397143727533,-0.5179200285766858
15197,S_scene_anchors,-0.8617643105486044,0.21270746135869337
161913,S_scene_anchors,2.994161536800843,-1.001749484866672
17561022,S_scene_anchors,3.2124689704905776,-0.23659931682107344
1756703,S_scene_anchors,-3.1314578335592596,-0.2804396504937887
18692741,S_scene_anchors,3.010841422945093,-0.472234852410671
201413413,S_scene_anchors,1.8045664695736463,-0.4601405034129177
20346544,S_scene_anchors,3.6371296409114215,-0.5704309284436496
208153130,S_scene_anchors,-1.6478796514625347,-0.8032888709759216
21787,S_scene_anchors,3.6196505702032553,-0.48899640904185193
22609391,S_scene_anchors,-0.6330828894461072,-0.33130637083630954
22707536,S_scene_anchors,-2.555499304724545,-0.3458451732104371
23518136,S_scene_anchors,3.850351486320916,-0.7537619835258716
27394781,S_scene_anchors,4.2916967128661225,-0.9772236400966173
28675670,S_scene_anchors,-1.7472111414645868,2.339870791111542
28869598,S_scene_anchors,3.6691229374081535,4.043164789684384
28963772,S_scene_anchors,-1.533375164239772,-0.4620718723475392
29424551,S_scene_anchors,-0.35958677641333664,2.373169112494473
29939161,S_scene_anchors,-5.2026734885944785,0.23857671443660608
30291077,S_scene_anchors,3.7225211135840928,-0.2942575436166178
30618705,S_scene_anchors,3.7044991065632082,-0.30263229324740465
30627346,S_scene_anchors,3.971221597040066,5.710441004394645
306364,S_scene_anchors,-2.360359457749171,-0.4745123744328391
31276376,S_scene_anchors,-0.6305938319512799,1.4328975606284637
31424202,S_scene_anchors,-1.0098142843514477,0.43465043952981414
31625455,S_scene_anchors,1.305345795947039,-0.5437909760906716
32195234,S_scene_anchors,-0.08401543606630903,0.11148165444058304
33743772,S_scene_anchors,0.4748456723313676,-0.370698221987991
34272677,S_scene_anchors,-5.151796194675458,0.25265741372853917
34322023,S_scene_anchors,-0.2564898156160439,-0.7475098926965295
34438741,S_scene_anchors,-0.7188007877464553,-0.5885440309807939
34812836,S_scene_anchors,0.7221562606835145,-0.35709250370504947
35008850,S_scene_anchors,-1.5307532020549042,-0.38827957889726067
35053870,S_scene_anchors,0.16143791843151165,10.824508645691415
35109856,S_scene_anchors,-0.7606662648945336,-0.49094621798103527
36429604,S_scene_anchors,1.9587576017490327,-0.8437872007046993
36437212,S_scene_anchors,-4.47121492520087,-0.197468244658211
36512901,S_scene_anchors,2.7712046552190905,-0.7990205495969127
36564103,S_scene_anchors,-4.9042133279579705,-0.08644043258609481
36600859,S_scene_anchors,3.700683823079484,-0.3001827428118296
36662463,S_scene_anchors,3.3797015008742037,-0.017441947312607564
40131614,S_scene_anchors,-3.3875060287133385,-0.36724816325771215
4066312,S_scene_anchors,-2.234123191832861,-0.18350288278052992
40727118,S_scene_anchors,-1.261139864363671,-0.582869740986146
42427664,S_scene_anchors,-2.449877281612294,-0.24113525008319275
43728457,S_scene_anchors,4.392869598401346,-0.4024657262587828
44099084,S_scene_anchors,1.1846948130529211,-0.18515328103025874
44168447,S_scene_anchors,4.116258257209873,-0.5760420363259879
45156972,S_scene_anchors,-3.2401074259204723,0.5012295433431213
45857023,S_scene_anchors,3.9989551350889654,-0.28887794643220455
46142566,S_scene_anchors,3.4964826958858075,-0.6512852175969952
48572514,S_scene_anchors,-1.0964568563256656,-0.06548360066639702
49571946,S_scene_anchors,-2.604294661176082,-0.3525028578208771
51208558,S_scene_anchors,4.415036987261624,-0.7795824445231239
51778361,S_scene_anchors,-1.2454582906603322,0.12296102289874775
53490997,S_scene_anchors,3.980203704349149,-0.7304301327619934
53491020,S_scene_anchors,3.6751748826317243,-1.1184104110207194
53491063,S_scene_anchors,2.529706921241886,-0.44895949518247186
54474410,S_scene_anchors,-2.0830770185085505,-0.06682658736522794
55538972,S_scene_anchors,-1.2055669510422011,-0.04837635934636403
55583305,S_scene_anchors,-2.769239562674363,-0.22253722750575486
55590890,S_scene_anchors,-0.7222791048493331,-0.23228529544145948
55738401,S_scene_anchors,1.5402395501185,-0.36332070631181557
55817097,S_scene_anchors,-3.964377096435713,-0.4026879542081612
55849103,S_scene_anchors,-1.3877225398536595,-0.18907748149178585
56916467,S_scene_anchors,0.6736336263447772,-0.48461964727415896
57200226,S_scene_anchors,-3.1707713923512637,0.25039021025226404
57216633,S_scene_anchors,0.23495294969426886,0.5202402637064257
58013278,S_scene_anchors,0.7238672812214375,1.6734858360522886
58995736,S_scene_anchors,0.5216509373535737,-0.33681625055234926
60217302,S_scene_anchors,-2.5382100744706735,-0.350045852551858
60416566,S_scene_anchors,-1.7085915195875805,0.10441206627763631
60576722,S_scene_anchors,0.3895945869181243,-0.3761376992236349
60686882,S_scene_anchors,-1.1636258041825949,-0.5802290439729869
60797616,S_scene_anchors,0.24480344275238747,-0.28208870761331706
60809640,S_scene_anchors,-1.8758993310138083,-0.1008435702798165
61229235,S_scene_anchors,-1.3202922045074412,-0.6984638143606964
61273778,S_scene_anchors,-0.5365686188121241,-0.3568790710590181
62316382,S_scene_anchors,2.540339048447289,-0.5459662725243739
62322599,S_scene_anchors,0.8520091452873381,-0.5799133157265708
62626163,S_scene_anchors,-0.11687470304389432,-0.48850892277320257
63046139,S_scene_anchors,-3.649526815241793,0.10700693407491621
63095160,S_scene_anchors,1.4183587106928472,-0.8007821184670725
63130875,S_scene_anchors,0.16481833424447878,-0.4342270868347358
63830782,S_scene_anchors,-2.3786596099557236,-0.06514992355599508
75599070,S_scene_anchors,0.6774696054585596,-0.038442087054215125
8686068,S_scene_anchors,-0.9495048398619903,-0.08846155450619476
