book_id,segment,A1_commitment_vows,A2_emotional_safety,A3_everyday_tenderness,B1_attraction_chemistry,B2_emotional_intimacy,C_explicit_eroticism,D_power_wealth_luxury,E_coercion_brutality_danger,F1_sadness_grief,F2_anger_frustration,F3_anxiety_worry,G_courtship_rituals_gifts,L_vices_addictions,M_health_recovery_growth,H_domestic_nesting,I_humor_lightness,J_social_support_kin,K_professional_intrusion,N_separation_reunion,O_aesthetics_appearance,Q_miscommunication,Q_repair,R1_protective_caretaking,R2_alpha_guarding,R_jealousy_possessiveness,S_scene_anchors
104659050,begin,0.0028416731156946707,0.04589613163972747,0.006991213567990182,0.11841330325421107,0.002206978734608553,0.09837544981280533,0.05878316012676551,0.01155564437271426,0.011345851083364842,0.10636449806472514,0.1296340779295345,0.027561054205889172,0.07175686483857191,0.009709406893156594,0.19403553980895596,0.010349601112337955,0.03178106051789111,0.036145576287824485,0.0024167257306189904,0.002829021863424529,0.02889202538207686,0.035773704207924646,0.16435086072178454,0.0026207704290553695,0.0013669891884063557,0.10663343329034951
104659050,end,0.0036270119335007254,0.015649074627175352,0.0056240505612606285,0.09833556081840732,0.001666487114271805,0.10262165509379567,0.07227763214845855,0.041645387874426565,0.00443293242614506,0.09496416662634918,0.11604091579969207,0.02290355228630067,0.1192148181535817,0.009597677436359201,0.20102470810668155,0.005108209599478404,0.07896409887815592,0.04725655240006919,0.005723397164022014,0.0040174217182918906,0.04085808618940156,0.06898346517650246,0.15100090451765374,0.0018485920569105158,0.0009651384584458641,0.09730252086330424
104659050,middle,0.006252064206123472,0.03695549646465371,0.002634041792430725,0.0970862898587868,0.0014398219264722472,0.1343495670349205,0.05964777083181434,0.004609655008908232,0.004442835901762218,0.10745246193322731,0.09838980594090736,0.012676543571579643,0.06439628465558521,0.030463751816443865,0.20892120701291242,0.008698610169137706,0.04729273418446956,0.11063958282868303,0.0014830458910903056,0.04957937221331013,0.017160617246746914,0.07429123366916117,0.19935465080262546,0.0368137903269672,0.036111419646567604,0.07917970140804403
11266880,begin,0.0005070844584650128,0.07850656509415263,0.0009997670305296523,0.09435674035018157,0.008818438202266177,0.12757383651859944,0.0669536831418161,0.022711797573437865,0.005088312224368807,0.13811254307132587,0.13718904485566727,0.01297421825365344,0.06490725259209383,0.0026129638631519044,0.1892448428337427,0.0027242702523586773,0.03097852557145161,0.04582757342912768,0.012578945901468635,0.036085266039218425,0.012924216890841446,0.06271838788530563,0.16241914247408207,0.019727882210998096,0.018422492783395063,0.09860311615877662
11266880,end,0.0019917251115358905,0.07654724087831483,0.01855973341269257,0.12111987231288807,0.015663909858594803,0.08816284207695096,0.09315614237945302,0.007660554467034023,0.007233559008197407,0.11306281047788029,0.12463348563474147,0.002552727026632409,0.049610931840086664,0.03879180218891671,0.17089519199640102,0.007401818813119324,0.036339791954168005,0.05018381632903213,0.0031465745553045554,0.012498189079815269,0.012655243642838114,0.04855193061872074,0.1817115958650171,0.0030068861765353847,0.0016272699346890369,0.0690616000849576
11266880,middle,0.0010766034796708354,0.07672448404537874,0.016471710158234194,0.0847612440405692,0.0023336315667771175,0.11235698613613437,0.03644492356799183,0.006615923492111162,0.006555307766975252,0.09839610851105575,0.16484579359510151,0.01060406228509013,0.03702497211386314,0.016768387776392654,0.14659696090444815,0.005496925900246829,0.01565912271944994,0.06844883584847453,0.03983006299737192,0.011114775913319774,0.0037781370129827225,0.0704603431266803,0.16792760047927782,0.003460720905211478,0.00182606630607753,0.06941646449960395
123257687,begin,0.0025309763091466665,0.04456663381112012,0.0305567604161242,0.0815918546091345,0.03737066199365888,0.01221706602207111,0.06861157394734353,0.017692658918317544,0.002218495583489653,0.12475649117420613,0.20541961015418528,0.04045567769498851,0.0938907977754924,0.040949938982445866,0.18380003092119093,0.009328030714268298,0.017875547072810055,0.11057647231113686,0.05906161359027312,0.017595543996176244,0.038286278073082866,0.04670056961144449,0.1759552807440586,0.008373751832808734,0.0008641429486655704,0.08684930064297694
123257687,end,0.005842648114634367,0.05120888875537893,0.0022852667946138875,0.03822800355744148,0.008929718263756256,0.04543815826655175,0.16210160986022146,0.004140355544002177,0.003981325447042963,0.06360540746188549,0.105825880110844,0.02113399901788832,0.009892990172608517,0.004349060090882986,0.21939193722269845,0.02631892216767753,0.17393298472622865,0.04387238659058554,0.002498091592853711,0.031720862231495145,0.08418524806065096,0.036125435562043354,0.18658561903533624,0.002794888277945401,0.0014458238563169858,0.07604758108694294
123257687,middle,0.002449261050669264,0.08330788043991874,0.0011859103339034811,0.11762580995823418,0.001582538646967177,0.0767568495647159,0.0746889639120619,0.0025309652219840414,0.00238216478948377,0.12452388083208411,0.12255952213980234,0.017718550436273225,0.03102434977647396,0.029702302035140214,0.18156208518620917,0.004422655569796186,0.05426782660892274,0.06673559422849121,0.062252875062834306,0.004511225649905449,0.018621069079038974,0.034694099034064105,0.21379810620959744,0.027820662279708957,0.02695167111937441,0.051385581532830696
123446478,begin,0.0006158956690381536,0.1208844655695757,0.02252732429183581,0.10295120682937031,0.02965811555392885,0.03749106083429095,0.0861558059305795,0.007445649459251305,0.007601569466023716,0.08781262034593275,0.09090593688192443,0.0011127567330487188,0.045031434212597705,0.021915675672389494,0.24554441652494985,0.002843220368890671,0.043342954324361846,0.04889778363470421,0.03523672297914075,0.004427531105337129,0.028456552426400918,0.12655275305228295,0.289925992564762,0.027023094635190644,0.025488926467875626,0.04865352664947693
123446478,end,0.0014682912501358396,0.065401703134596,0.06277344770298986,0.05586710769280749,0.06236770954704016,0.09362837895615053,0.05481882752640486,0.0027327647305905598,0.002537336407647211,0.11224986121243523,0.1242570808692387,0.018946432878866333,0.027633797124724045,0.07078398948311886,0.2438584232846309,0.003477743190309694,0.03116530595535283,0.054295175724358456,0.030159286036657396,0.00180345401599134,0.003530908379317496,0.04419056066086936,0.23313507191822375,0.04878046074582059,0.03488852783928837,0.08531493809195806
123446478,middle,0.0007883366008238561,0.12198391645874464,0.0010447336154661353,0.018404398459633004,0.009785313780765645,0.1044967110880916,0.08805774845864138,0.022664704134914487,0.0026593686640065057,0.10646561324752425,0.12489920477641518,0.0008634242977090735,0.025991321983352817,0.00860259047603265,0.1743561587429057,0.0028401707631461053,0.04057718996018078,0.06476281118621026,0.0011912665612035733,0.028963490351111745,0.008439496750980699,0.02638227414496954,0.2250565197649943,0.052703838506283934,0.051897877404185506,0.07430074397386927
127305713,begin,0.006125845321591897,0.043644519507421854,0.0024674381035410826,0.04047133488429215,0.028849221272838368,0.046017941267244906,0.051479922568974115,0.004780482047608613,0.0045865138882939666,0.1572923673717288,0.15915464548411498,0.008939234797185277,0.03242781282872259,0.029104089439946204,0.2865687715338041,0.02012791494302773,0.05830177930659573,0.07250314633428176,0.029218756662258174,0.00501923938988347,0.03575433782127117,0.033972907990079515,0.2928079094289188,0.0015850948844910425,0.0009328581739343543,0.047530001503099474
127305713,end,0.0007804198212093896,0.031100296807831097,0.0017431529302546023,0.07564905791325968,0.0013894040825628052,0.024363907383715532,0.038784204604818864,0.00297615817781244,0.0027478731854714646,0.190082277349227,0.21519588585667712,0.02468849396246642,0.07591093509696438,0.03864141291549603,0.26033496077968754,0.02072457271334853,0.05283130828888154,0.009149107301934361,0.04139816483300737,0.005413314751728628,0.036852806436518844,0.03488171123464788,0.22276432173630178,0.03710893016237587,0.006922350851068845,0.0868686822596489
127305713,middle,0.00393059243402014,0.04461307199411539,0.023966937341847013,0.08072239754775837,0.02184734160685703,0.08385571173957576,0.03804925308975222,0.005270409126289593,0.004954651701772216,0.10590245452560883,0.1098993918383788,0.010474135445616949,0.02050583952007707,0.0232581918901498,0.3012571172299726,0.0180157620544462,0.03883100916312117,0.07382268981126885,0.023417020030630786,0.007502371473360296,0.0363491747656642,0.062199167248983056,0.29639745347969265,0.03521214709318104,0.03388645392650684,0.07038676148571044
149105520,begin,0.00404880285779887,0.002839078926314036,0.002672083637100322,0.13316656218239734,0.014728386751667783,0.020373470621794273,0.0935512655831732,0.00433494739179938,0.004277720891824436,0.23623008086682915,0.22054043890991942,0.0005248527132382788,0.12529731327216734,0.03024158455819649,0.22942546657224994,0.01576966945470787,0.0321078211569108,0.06868969379613965,0.06180621062252397,0.03986919947618616,0.04635091705777554,0.026929973884833536,0.14343225482911212,0.022308005606818872,0.02185085287045169,0.01482709499962354
149105520,end,0.00040082759493199476,0.0041109134715607756,0.010199058894640213,0.11499505004722965,0.0015736890230174472,0.07244287522409845,0.04826300540798798,0.01253031022270402,0.01226383370507642,0.131864218456103,0.10936591807657593,0.0007708553058483413,0.03728168184487887,0.016308191797901196,0.1427136466558817,0.0052981409713499855,0.015237711913173281,0.056917811657196435,0.11644823262264843,0.051650149561478065,0.03849755619817615,0.002557281873313017,0.07228917211684893,0.00251799655208172,0.0014200352288384998,0.0851884832329029
149105520,middle,0.0006287928518581511,0.020222389595830965,0.0023264498056162707,0.16532750291120346,0.0025856003358424627,0.06327313461575952,0.011335785155082415,0.006509901148393505,0.0064463091696862415,0.07997950277178001,0.06427346667891745,0.015881782242153426,0.14384388282210192,0.04303902687595783,0.27242079293258065,0.028104075382627255,0.08628066259126468,0.04350523334703431,0.0014283937300926506,0.008705640299540993,0.07753796839752818,0.003735565804024102,0.17085983730720578,0.0031168087338107465,0.001693978803191277,0.13846815580805386
15197,begin,0.007197392359674913,0.00897960379387172,0.0065730798238572315,0.1336126959909952,0.003671008511208495,0.13216656654148717,0.11806266042166629,0.0072789864674880295,0.006922699411648521,0.14303965640605792,0.1678544701474517,0.0033787120526793143,0.08364100612653876,0.007067034743777796,0.1817462968107211,0.009847555944367757,0.053740641805167404,0.05773335488541481,0.03394969973388622,0.010663043144907743,0.03536784362779977,0.005921072760671431,0.10334194414164628,0.004425513158572923,0.002458495216268797,0.03271934081177193
15197,end,0.0041332075354708715,0.00587026338178008,0.03488217300904349,0.0821070625333247,0.03196013378197718,0.02996862929089511,0.0560701937990337,0.004511120293278813,0.004324333369455227,0.10666099190283797,0.18266324361384695,0.000980053639756681,0.015353343356610347,0.03376873986517338,0.1664629271788911,0.005503697136142874,0.06819799280821298,0.04432939801592984,0.05104809904418397,0.04124027495479229,0.05462862738461323,0.012336169697055453,0.12319161402908729,0.0024523507738269893,0.0013185687501571222,0.03966312318549373
15197,middle,0.008481993479851038,0.08956462203999162,0.005408666305292664,0.09534083408347505,0.0010042868651936045,0.09475243007903793,0.0780522762992773,0.009162588769083126,0.009119979710485077,0.12429413801283182,0.16770012547671403,0.09341996909115502,0.1002248259444993,0.00736681952890877,0.15501556620553755,0.013431615798854536,0.05868769570415899,0.005243101807849079,0.04859761724214327,0.003330243048664516,0.04721485071104524,0.03354509694158551,0.17177087140254804,0.0012822740526728816,0.0006135074093593114,0.155622673389782
161913,begin,0.0010308615103850676,0.013967422455730925,0.003676718783724279,0.21405252543854425,0.02442918537250759,0.1333486899885793,0.16098507837224252,0.006545640559092861,0.00637517792105646,0.11755730471223223,0.13932879179600946,0.02781698072805207,0.03757078881523919,0.015154537534050275,0.27521184332485715,0.014823014790138814,0.04304294063896385,0.009444328780953212,0.0016597258380612765,0.0033115525936911567,0.03276126042503862,0.003187266791162274,0.12030991434795323,0.00306413602774363,0.0016781574287162177,0.054951831782244026
161913,end,0.001264020351482162,0.032570654288122794,0.0343726251626072,0.11898984264800563,0.002340571701540794,0.047627605244140045,0.1964586924753693,0.04246624046316791,0.0060432547152665965,0.07843475984150607,0.10346501895978187,0.04841279152580492,0.10956604657049694,0.037102658252443264,0.3450460622520718,0.00527601067506932,0.026339777998025247,0.0871301736884722,0.002174115310123593,0.003079215215017083,0.020258955274378074,0.03083200189020992,0.15701868065374378,0.002816398532584975,0.0015963692442406948,0.1078748611408732
161913,middle,0.0015265170392561125,0.005348287604564761,0.008542786490089866,0.11875233942851267,0.015228723476083745,0.04263346637598808,0.1002511638751537,0.009353245358021619,0.008924939130946528,0.15529943277014543,0.1801148498846207,0.03362494267465873,0.04590905782282812,0.010448109321250409,0.27625388864583195,0.018545465285459025,0.08123376248962033,0.03014360541958962,0.0025608492819146943,0.006626327326906,0.04453007688156607,0.05947780671511292,0.14297072586460188,0.015422904658123513,0.0013106327064934015,0.06488931907664111
17561022,begin,0.0016203690502617002,0.022633515974805125,0.0427109787744909,0.09899661813051207,0.018677374573647088,0.231753160285734,0.06150549724679167,0.00816746106932798,0.007870132296039145,0.10486732739218035,0.10617513712060277,0.03791002359373652,0.04947069717746039,0.04547335553615596,0.20086644576591753,0.03611925202622434,0.022095889761338302,0.06393056676310285,0.002798708422067619,0.0039626396560475665,0.005709788196302494,0.006868736759147323,0.13750322400292259,0.02738492755251368,0.02582889490485588,0.09760501732129682
17561022,end,0.0016923947355252658,0.006148280667894604,0.02662594690417452,0.05090203964210858,0.022124978177384357,0.24340465221868227,0.07321622870913175,0.0089849068944346,0.008631412837202132,0.0828577206934221,0.10448755704431914,0.02985612248363278,0.03945616506206197,0.04296551436770558,0.13290639894224474,0.006081183774313268,0.07012144693417095,0.036217435798179674,0.024213110099630963,0.0033252561015605754,0.04926799979392995,0.014584011395679022,0.11727315424836837,0.0027633233011543946,0.001577298990902892,0.053897740071330844
17561022,middle,0.017699782963034164,0.006777826906163944,0.0040790584864461585,0.04103230043347961,0.0030907746602876767,0.18037571114280498,0.13971332968341166,0.0060887885196379225,0.005595412586882094,0.07217900547046983,0.15901471626093813,0.01531337552206061,0.025987928332478222,0.007232400882892266,0.12048647286537402,0.0051774613168085685,0.1878057693072816,0.013458248081375543,0.003202628656154217,0.007014373237211545,0.05565658455933447,0.021104737214340884,0.09381176781108952,0.012897472740953767,0.011461395343711567,0.06059410624342528
1756703,begin,0.023017201589692782,0.03009537764926575,0.0027204048337375777,0.057888669949541456,0.0035438650555843147,0.04631529045639067,0.10471994269941298,0.006070913508599665,0.005667553062202456,0.07404357943005709,0.1405335068424337,0.01251221410618821,0.026520618086613122,0.009741183838400771,0.19516403477812042,0.011848590278440103,0.05419713007943027,0.06530295982435011,0.013036770987820093,0.006098334612981933,0.006496422687180733,0.03695269778909907,0.10703014170899046,0.004101440544911083,0.0023408643356209718,0.12910410382278845
1756703,end,0.00415637970505953,0.0058527590392451236,0.012048937172283305,0.05207812177336492,0.010388014056372463,0.019882212303089793,0.03094063774977406,0.004152457899042819,0.003776293395607283,0.10184774864631213,0.08750857314519465,0.003621644557741652,0.0145824001015403,0.02456696539922031,0.1897774032802602,0.018425420194081808,0.02473960616518598,0.08737028130732452,0.015920088155525754,0.005348311790978765,0.0057850672774659925,0.003385378627156552,0.09656066667906091,0.0029664721221150945,0.0017334585916431871,0.11452210771812894
1756703,middle,0.005997830664425214,0.005368524171470454,0.0018488975052334885,0.07170602349774347,0.009888748508136648,0.030681985516459002,0.1450366826930668,0.0026476506804835554,0.002209862579027884,0.03380265603197599,0.06971663887705595,0.003153640693257518,0.02185046137360782,0.004146305160605768,0.11122782302483437,0.011670774925586833,0.13232417372766844,0.0371042308900091,0.0023296691044115358,0.00832821841728408,0.023393238757639344,0.0033403838010814474,0.04774675426828332,0.0024019656903355455,0.0013971955711767994,0.04904294768523351
18692741,begin,0.02599022992940466,0.05160997068843212,0.0026641328672785845,0.05038395281365049,0.002878626062454169,0.01785589901014802,0.06461878582917702,0.02690522541298001,0.026603837619865543,0.06492367666815178,0.07448763011357477,0.011000242270610458,0.11690895370896214,0.005395414277362596,0.44949413848542463,0.026733557201893295,0.07488502926622785,0.026205020544277254,0.050414722552591135,0.003950013541566151,0.018176158504469513,0.02499524763856518,0.4530940367268016,0.003570340070819506,0.002019339226614607,0.05591204689606366
18692741,end,0.012227771490598182,0.004031499746482296,0.04044952224699884,0.054491152180553434,0.022742862205447346,0.11031554502146558,0.04864856010134859,0.006272674522557624,0.006050055668416437,0.12620138128361771,0.12682015441420988,0.017409481573899516,0.10050512386444897,0.054066594405637006,0.5026015527639793,0.004321746724832713,0.026513503317106706,0.03252547983436195,0.001535611720961048,0.002557204951672382,0.01622461837318437,0.008639675410011658,0.4198734180336941,0.0022669597671490195,0.0013363330721380931,0.05703820068317819
18692741,middle,0.004575519970119608,0.07525908168183383,0.020826531456573434,0.04603910251307364,0.0019359140700270258,0.17829722761579408,0.03563887298667666,0.006102166974918074,0.005871788165104547,0.036843416766923584,0.05538501696605313,0.027273359137093806,0.08251649955237794,0.02268077991011608,0.35430632412426305,0.0038574490097029912,0.04597585393606461,0.04482277910594324,0.001674928192096746,0.002606375528688535,0.014176532027017073,0.04148208559575209,0.41350230263459625,0.04033273985088013,0.03937026795530234,0.04245216469915261
201413413,begin,0.0016621627456993692,0.00578673233269904,0.0050928635597501095,0.027396195254367244,0.0026473173898314646,0.12414965628352276,0.03304575411169978,0.02872149248842245,0.02823921364903246,0.31507577723791713,0.32920754077349945,0.016571541501215044,0.025434061247870468,0.0074806633133451435,0.08391299486250355,0.005526174119735005,0.02415056571965956,0.08565972703797717,0.016274413296153582,0.0029096479868417516,0.005599754276419722,0.012783769363876754,0.061707264800399425,0.002802923054276046,0.0017330858816300876,0.03584701801013202
201413413,end,0.0023243787750741943,0.007788281146644137,0.03306612395879732,0.04729794368119511,0.0034549670607867703,0.10615831433912648,0.0697574196624193,0.0052694328435069614,0.004535438852521757,0.26099124283923464,0.30120344718450137,0.015984266862736227,0.04582220066911171,0.05060536199166799,0.17247807094818726,0.00654959361061418,0.02260892767504357,0.03549019037035472,0.0038254377595536475,0.003908844649668388,0.007589616121425057,0.033816467269968085,0.1256443875773803,0.003664963581633555,0.0022691502137570227,0.05400875689339553
201413413,middle,0.0025081309457856546,0.03327893396991965,0.010067144240433278,0.05691929042943688,0.01733244269013941,0.048701155888842836,0.03333371496746773,0.008158566710287689,0.007476814323409448,0.1900663266407227,0.19342495354610792,0.03070648030556532,0.061961288474881714,0.010693145894550973,0.15388314411339454,0.0064162895079927845,0.026628395039006526,0.15986995390470574,0.004026573392090116,0.004253769703094907,0.007974793876508271,0.054581955737571276,0.1430470006174005,0.0038929340004000405,0.0023348079950823,0.10195661307239942
20346544,begin,0.002772287919139709,0.010945611487397644,0.005117828027778954,0.04123188007466751,0.004760519654826543,0.02630590099648119,0.10886457506555147,0.007520277954360189,0.006849726400543448,0.06613645530940074,0.06969353100581986,0.016799722156447428,0.03188133980487168,0.009647240472599792,0.19648637409483655,0.009101061672897166,0.12086888479162555,0.019314894985756264,0.024853881868728722,0.006000161060705562,0.025255697071316127,0.007455178446527366,0.17563806383565678,0.0052845220718773225,0.0031082319472933084,0.04549779766860441
20346544,end,0.0021615817661068456,0.007853408889947257,0.004869993841081299,0.029517620692714006,0.0033326783534619125,0.12339366868043698,0.08082778081288096,0.006123353197829727,0.005594228135566767,0.10256188652611176,0.114759581136347,0.0037658763237761374,0.04060814210102105,0.008003909262796417,0.27771520816951695,0.006297157930615561,0.07397130551030064,0.02144592763462569,0.003794041830529396,0.003935919780208262,0.007144298847174288,0.034769092770884205,0.19743219543232832,0.02075461943855069,0.01934959748952529,0.08895152261900528
20346544,middle,0.0014585496911135084,0.005610680314305977,0.04237297174875557,0.04081972987072902,0.019889303803547233,0.324985359964693,0.039738876175745834,0.008631401546947559,0.008313621664186692,0.05464044362916108,0.07318827475287781,0.01543029005913588,0.024357150033277944,0.04444748075341158,0.2027427148251385,0.005509304258494856,0.031316971246983544,0.010452395183731799,0.020423245066425736,0.0027796156929039938,0.02399593136037058,0.02046591410071446,0.1808778745294497,0.002471510913141457,0.0014419823242353383,0.04625944881136794
208153130,begin,0.002109368424156407,0.07244271579412127,0.01554114970219403,0.11418320006057692,0.01214079346786278,0.12609065696212693,0.05967378541203082,0.015188339063786438,0.006014610365040045,0.11704796380137752,0.12839098489570305,0.041765856785054394,0.08060979795503036,0.013206780493635915,0.16650921492398882,0.007902744271561438,0.020406802750377116,0.05901856835601005,0.02077266599562823,0.015344653258724089,0.014826881976363449,0.030338525756965946,0.15851450321618882,0.008499731964570257,0.0013892598620449366,0.12455400388857962
208153130,end,0.0006389257524751471,0.05510890442700412,0.012062606982238513,0.11119655301363666,0.01080399289523379,0.11413299189657021,0.07223080601056667,0.007663119973833426,0.007653437163388388,0.11766114370658716,0.11005194696267971,0.02851502523291767,0.07800426240220633,0.021495577129331166,0.17486364086931402,0.0061005541521606055,0.03101795037686124,0.0411906146609041,0.020886419947283113,0.022571407065007116,0.02714723239167157,0.04249597470442751,0.15271381917404936,0.01561532085664588,0.0012545738362141402,0.08709084271163428
208153130,middle,0.003991410365958419,0.06061772800555892,0.012362460283967583,0.11459387078965082,0.015508174878061571,0.17806624272794694,0.033892817009589134,0.013688579094813174,0.0042099352713130915,0.08129699588768169,0.11822351310416646,0.007135389985554735,0.06540078344681045,0.016761791838804864,0.18174322308380753,0.014753839185617483,0.012468729640397533,0.036775669326747154,0.0007476215336687751,0.030691557803056678,0.002345260675243676,0.02428465515742726,0.18417277171576202,0.01215615646224085,0.011528739680257695,0.0576600305164262
21787,begin,0.0006410253645076193,0.035317523329336555,0.06358709150958786,0.09628984920080966,0.029188295507766446,0.2041982683000135,0.034578727461501035,0.002368101922151461,0.0022973000097900763,0.024442844662312956,0.05010617329512273,0.02631453380318736,0.10000303947111487,0.06468922096895102,0.18492017879258413,0.001895632074423053,0.07062485146164171,0.0455989623998378,0.026715995033438373,0.0015866304412837197,0.038848118635950675,0.0017679558796970317,0.21137062246464816,0.0011771703622047787,0.0006365167837817036,0.05049027554495873
21787,end,0.0005540347732410478,0.003056612396431486,0.0010004837037383882,0.08289619165119556,0.0012562556022816074,0.23652834287099136,0.033604243435660305,0.003227890131309962,0.0031864471595611653,0.10782259680932117,0.10732373068981454,0.0006258022264381594,0.07131486758607923,0.0023289004218226277,0.1616344939664576,0.0018238476639203325,0.007021560290324533,0.0053000036596446195,0.038359287856037566,0.006896457538706249,0.0021504431420158896,0.012872736498757194,0.051418744788187865,0.0018604943697247875,0.0009859058093432448,0.1184518119568433
21787,middle,0.0006128197616941548,0.1854632669334661,0.01459811817709733,0.019919705091624114,0.0005643870258135702,0.27679702275045553,0.05044722854569674,0.00973019892805232,0.009739877070123549,0.07411896567868322,0.07474736225535845,0.0007003124650006326,0.004500622946009264,0.048260604615291726,0.10401344955015332,0.003667576464861031,0.014902584396808896,0.032993102739896835,0.000771580981484235,0.0008515490405316726,0.0014810559687417552,0.07121277277932016,0.24948230343727648,0.0006258097653670062,0.00028342382821661995,0.048695171629594226
22609391,begin,0.0039582015590539,0.030925109062279094,0.0023400617711780334,0.07083058636205525,0.0015973896090481924,0.05220080352041816,0.05313512462988495,0.021277490396708638,0.003633866010126361,0.11396005326413118,0.16241213066071553,0.02462065067617828,0.04868313351364005,0.003772072393741268,0.16125608306598663,0.03544306295144374,0.040448759919903314,0.05285343095452211,0.04423087158163349,0.0045579817994203875,0.003548727662025742,0.004189027080315112,0.17051900586142082,0.02425413678164664,0.023356297735374853,0.04118181204259884
22609391,end,0.0011781472062200155,0.05857622690066199,0.02071055561065735,0.07079024550402452,0.003637774798162938,0.03429136702052319,0.10021757880495463,0.004701723974558046,0.00547311383205744,0.07116744572089452,0.10712426837088532,0.032023021450038755,0.04799334897172919,0.022959065646995923,0.28030288524679875,0.0980782094087104,0.013988200528821753,0.045613157777704326,0.001883385181994584,0.02799019360972566,0.023683360851997754,0.02300527085741515,0.26115874784606596,0.0025133960203930846,0.001319410508884422,0.061786057108843176
22609391,middle,0.004106803990406664,0.04504521402892443,0.020913373327647942,0.06841871504039435,0.03549710663573693,0.032367114676160796,0.11889027789923348,0.001966720371153588,0.0017350169312892925,0.08083561394591428,0.0844227927301624,0.0011579366793916953,0.05423858498329459,0.028936464995160845,0.24132859271223117,0.05726914056820183,0.06164461736502972,0.09950512803191734,0.0015633262680659506,0.002689708988482673,0.025831149336032817,0.0023098450559766643,0.176897734161275,0.020615155570121033,0.019982609912344,0.02889209916525557
22707536,begin,0.0003426947488348325,0.04356490314479635,0.004442143623814299,0.0487236240155988,0.015620218241424056,0.010944422833103056,0.05379042455355517,0.003263835611796071,0.0033338787300255255,0.1412780732372561,0.18878260695789437,0.030676826412473015,0.09718376451530349,0.003737188307942762,0.27174369133281834,0.021185460256003492,0.11778290503469965,0.048564270240382366,0.01677810180363511,0.06232792889889999,0.15246982411378984,0.051264563511778924,0.3061000574738626,0.0014965555608463538,0.0008326769079754404,0.05301864665987902
22707536,end,0.00038909552833293166,0.0029515563380809575,0.0008833235856897211,0.0936493861365822,0.0012760931847744575,0.23868102072527442,0.011603155047138023,0.003300533383657258,0.0033033272022630154,0.07324401644624373,0.08101591246297558,0.010020758137206055,0.019989088283951052,0.00167532581197421,0.106550817991654,0.0017734736260745375,0.032609322298847124,0.05198887558605621,0.048680622177399296,0.04236063605269469,0.06343070163179433,0.013053972263138803,0.052540280770693344,0.0017021443511007442,0.0009145789177974034,0.062477889570017896
22707536,middle,0.0040135089239626736,0.0023312905527795172,0.0011856685391558068,0.16796486490166754,0.0010302984533495565,0.1772407145045684,0.1523650897024332,0.00380339772657265,0.003869750782706298,0.08108026765433847,0.04516501432779894,0.02892501985945506,0.21338468643026778,0.0018629085528864497,0.2216795198909806,0.0019378884386539006,0.03166617920251581,0.006173671224684546,0.0002655731499440335,0.05876379358531762,0.01443558331330768,0.001433937337197803,0.04294803792459195,0.001524597298932744,0.0007990858640853628,0.10029302293995977
23518136,begin,0.02670823364223059,0.006629368241559536,0.08228690254456963,0.05174569695709536,0.06724251971092289,0.21076432326683736,0.1014521803173635,0.006128158307870108,0.005601306281310583,0.08833009926041063,0.11240954277239268,0.008472312179282826,0.017794473114605733,0.06819939025823724,0.17118609775953608,0.026441582042244508,0.03934731065518383,0.054924130917869435,0.03565350390999418,0.0031861664163598084,0.006866132456942585,0.006605012430123662,0.15459653128071976,0.0027481564681748004,0.0014683650963546635,0.029838334097551777
23518136,end,0.0016902282925429927,0.037526143527319436,0.010048491650470096,0.0724105995278407,0.014726126712259698,0.1103423960963606,0.10251782146714303,0.007757467022358162,0.0073313014139515294,0.09775780226386765,0.10061980756532349,0.017626210390780002,0.06252639757899817,0.009235418380442735,0.19790402384961453,0.015717400263235003,0.08221005239697528,0.03132692766368185,0.0027116851817825705,0.010239941090212546,0.048447478576038275,0.03880878377876898,0.21193272929076284,0.04258510530994011,0.04152651055115467,0.07272190950104261
23518136,middle,0.0018806705667657768,0.027002053094358082,0.027201662594906632,0.10952204989967164,0.01231443507318157,0.24022160828369155,0.06745728944812616,0.007604666879845404,0.007078068922691293,0.07030309836779632,0.09126337826058077,0.014793043190956586,0.04666716811094388,0.04989174051910143,0.15480190912579264,0.013967500622691673,0.10448399835682348,0.059680091464025226,0.003114994737453881,0.0036823142702340087,0.058102685682146216,0.00427805635753812,0.10632663702610656,0.0033667253639983862,0.001873322922236935,0.09464243835766054
27394781,begin,0.0014470734588479927,0.06883356149738322,0.0018963397092371108,0.09263918385401945,0.0019567889276519944,0.0875322274621022,0.0790936741084978,0.003293718619716892,0.0030811010918759085,0.14457346798397938,0.1460364812308713,0.06086639884138464,0.06762412804591457,0.003922724564864463,0.1861920091932977,0.0031506752276851202,0.04195110815038556,0.009029260725586576,0.002375021916568162,0.011412777044046647,0.05026181754471596,0.003281129077879972,0.24112487835395371,0.0024311241246817365,0.0012696200197921084,0.08112845485464587
27394781,end,0.010345880249587899,0.005879784977420103,0.00412585281026351,0.07390626878200493,0.0023163007749058087,0.205602059153488,0.058912255062235006,0.0069814602805340535,0.006807728647175041,0.08652138668356602,0.13562592040937976,0.0022820192981758136,0.12837016590282158,0.006581138200920961,0.10441023664046428,0.006201237474412372,0.15741361766423131,0.09028421272194567,0.002235371769392682,0.0037958746006562854,0.1204000858783085,0.004730901308007448,0.08908339139213901,0.0032555292785608815,0.0016975809683398221,0.023343530578990968
27394781,middle,0.008291399513387263,0.056732893963738255,0.00190388615104995,0.03940697599874258,0.00155788345382078,0.0664715187723826,0.03472317285788861,0.09327579068854953,0.002530523561686094,0.05587249029382428,0.08424078536535382,0.048775419601067266,0.15538975053275725,0.003525489521745052,0.18041631043716844,0.002713361220988712,0.03393244037736612,0.020926225166582133,0.07604281301816411,0.0026049813086264258,0.004844757949270688,0.003824120205286137,0.19263371275337135,0.047893598845936636,0.046827241311916,0.09034330500945519
28675670,begin,0.012241193708085685,0.11992027523100875,0.0021492187786162666,0.09720855528790838,0.010777528351993337,0.04253774248911082,0.08839463435388739,0.02217120120319674,0.0046029044760501,0.09014974384184177,0.09857835225347204,0.017765597685949912,0.0685855535332066,0.018620715709914477,0.2626346095868328,0.015267073507273531,0.029414320679651648,0.031838151092317385,0.06008285082347994,0.03388178970017104,0.02611795536609497,0.07790285439759018,0.31963815033141496,0.002202961561822034,0.0012191888976599615,0.05802441149774247
28675670,end,0.04169544869423028,0.12895819389263272,0.0057369350941840576,0.09270501953922186,0.0018665355602555862,0.04695493031815446,0.1075761985844149,0.0072066388952309966,0.007125769320726504,0.08678945793508122,0.11635797644128425,0.02021624506001895,0.04763532993217871,0.030233696918399666,0.1283316188969869,0.01961254994041208,0.06849086200918574,0.0823214453020842,0.019637053172901302,0.002729102924050773,0.06064411339747594,0.06423220132945079,0.22647399767450244,0.0027059731005940166,0.00134112990580525,0.0518127367087167
28675670,middle,0.0010243092601758268,0.06351186222386396,0.002419612342294626,0.14599794572950536,0.009222625075750088,0.06263515711669297,0.05359133182357768,0.0075054518895914454,0.007555971269317991,0.15575443844141937,0.15449727709779035,0.009035566165858282,0.08530904682549559,0.00586534776990133,0.16197353418377838,0.026185733705248664,0.06053917420964655,0.09160247000411831,0.015822206577953392,0.011466392670201414,0.031842541077200255,0.029631007111098322,0.18120367235537088,0.018983188309270645,0.017235922341513697,0.04446973518706046
28869598,begin,0.0016490824441530668,0.0378764277092501,0.004005747259320847,0.07502868566925984,0.010047150964427157,0.15933553847468848,0.0714685973825256,0.0061239443823371854,0.005802754329095564,0.06356413758711661,0.07979501034998536,0.03776880175196101,0.09819555509855232,0.008329921419386047,0.23366797981212203,0.014733240109178298,0.07001520217466486,0.06538482537703856,0.01905372999502127,0.003820332409222765,0.0700574444106001,0.004902795284018497,0.1573270186598792,0.0028896834422181793,0.001612633042372243,0.11088486987049345
28869598,end,0.0012464204944254602,0.03527540035448338,0.001569214543331743,0.040003902595456,0.012130755264749238,0.09310817605341422,0.12854607694927297,0.002354429236474173,0.0021187473815228344,0.0872364040706347,0.08875645265017987,0.0013441598590445835,0.04094126762310372,0.021847644031651542,0.30561847780800216,0.0036301505409950256,0.014911947430986191,0.15718477394363406,0.014222385217534708,0.007985672705055935,0.042615457734163364,0.04381136140252045,0.22301004415563697,0.001588219061241413,0.0008525290783112011,0.05717708757973636
28869598,middle,0.003151140408035391,0.08041744898415931,0.021372909765661367,0.029253308808070977,0.02932030604786364,0.14468936396588394,0.07387799056048315,0.004074116432851528,0.0038682789649760025,0.046302594608675626,0.12706619521612625,0.023831823227962443,0.05721673807458858,0.023547994539878582,0.14671205142006208,0.004329578354314365,0.051050690882237564,0.025083366389954443,0.03695201449756813,0.00453145111153401,0.03534802726859454,0.05344698102127356,0.1928816951183185,0.00163726874526215,0.0008680368919511942,0.09878850811584752
28963772,begin,0.0018677440317873787,0.029955896189885374,0.0030681590406638768,0.12217649483200416,0.020165069416329402,0.03928023136241174,0.042004139339479676,0.005063692942132522,0.00455205505606599,0.09789624361350269,0.1151743214430656,0.003815815267404336,0.013230841782847216,0.005583961002163098,0.11081606087447965,0.005005742852484303,0.024426329293011903,0.10105829251899624,0.0030800071114483406,0.007103743137330044,0.013669554979948616,0.005054354087765614,0.12143759935544275,0.03898792248462979,0.0377878497419539,0.024920267926246617
28963772,end,0.006418728647382458,0.06692899704186021,0.002202754499965339,0.03696116855238776,0.001650996366434828,0.07998239449029242,0.06048966670552629,0.003327491473204922,0.0029685730137357542,0.20004705791420785,0.2074011368729432,0.001182546010882799,0.00622216347326626,0.016242166039758903,0.12644256848987032,0.0038856138063327558,0.07042735027602538,0.033599671755828155,0.0016915073577752602,0.020890475358630863,0.024879327367830523,0.07472898599989707,0.15019222359106862,0.016967565234555598,0.01633658238455378,0.05585088009537385
28963772,middle,0.0011990162061939705,0.005654538728625182,0.0014750173677327697,0.057808568481106694,0.0022412675062523256,0.09394960277875145,0.0913015387292731,0.0038053925178661973,0.0035635869214530784,0.041726945499305564,0.04228211235576325,0.01785086363952191,0.09695654819425989,0.003559423501306847,0.14279036790871869,0.0035772107908551318,0.11634164162810384,0.1141940475307675,0.0021322960026978967,0.003582668434081347,0.12061860571182748,0.027105560344270852,0.11617175739349862,0.002883236731924283,0.0015827377546485948,0.03131078458835912
29424551,begin,0.003511348801190315,0.03732477651864346,0.017294132037895937,0.057130655500961816,0.0015677322742881491,0.10281644484403889,0.049315894838925324,0.005728110633073485,0.0057049569204235245,0.14314867569141496,0.15589790299356227,0.001563373350742253,0.03227255404238007,0.02365014805872239,0.2597689160998444,0.012890625609166064,0.05391874747465971,0.08622205595695452,0.042410235031523844,0.02445739021424832,0.026230002434884696,0.051879103599555956,0.24578657610500831,0.018615867209541982,0.01755979606249478,0.07626469309215243
29424551,end,0.01402565648848307,0.04876481049888289,0.004257786338200977,0.06317933200171776,0.006526939558895102,0.06391130372190436,0.05632967341910505,0.007033030858205531,0.006945453969800415,0.21862985980248592,0.22920077592250493,0.011553919234717273,0.02608446091048179,0.005037721337304978,0.16795895178957748,0.00797179250353749,0.049614055125333165,0.06189641931546516,0.021978680154600604,0.0010198417534876836,0.009074740236297589,0.02103667582507604,0.16898973695144276,0.0211203420101583,0.020672974171776333,0.05622092216527812
29424551,middle,0.0030357380193179757,0.06377157989184423,0.0016993137778105107,0.08298773253877115,0.011059071191123983,0.09732641488640653,0.04692930672032585,0.00447281319885082,0.004460846845488375,0.09156122924400438,0.11951626106011905,0.0067021951213627395,0.014306785162423947,0.0074099389542181746,0.186015307951111,0.004643544208631943,0.05308614193518578,0.04467093953278297,0.001498748152687668,0.0026639225575442018,0.09421749056610813,0.03710561063482371,0.20663478327608545,0.039178218107490226,0.038065607271699345,0.030683227334331886
29939161,begin,6.819113716326276e-05,0.001570997020023457,0.0007644249001500393,0.025322983193167052,0.000506616599820128,0.06065960988717465,0.20922143838988685,0.0008916252019527241,0.0008808105227176473,0.0584132839317154,0.07166909618586752,0.0002595798489838595,0.12327416187493014,0.0007478935803325773,0.3532738928965482,0.000739342169640536,0.08051137746164827,0.12134853780865283,0.024311723729442042,0.039477527748892766,0.07647236603920524,0.0006817656858740854,0.14375864658505963,0.07790617305094742,0.077695254985037,0.050380928372507294
29939161,end,0.02521285488984719,0.1276251586314257,0.0011202265394167534,0.11289901043745783,0.014123824080336864,0.039767712922311155,0.107016439622857,0.003781553625665725,0.003749771476263659,0.07663866518663777,0.08188446599107657,0.0008842072699887663,0.012278347627114862,0.011630240603029819,0.2137433450697933,0.014596782627395201,0.02232539616276088,0.13568063738791009,0.021478748039409728,0.049271149875819036,0.0028552805003645982,0.15323474037058743,0.2820616435627781,0.002388629524396662,0.0012245255215260187,0.010201726384215605
29939161,middle,0.02166487994806234,0.09759848118944485,0.0005050917970656745,0.21056188277586071,0.0012640956568062674,0.12762369625378991,0.04662713654108351,0.002687590365292736,0.002754153364597605,0.09509945846079922,0.09488576753222902,0.0005052293519684854,0.08429386056236815,0.0010793627434459772,0.16642699144799888,0.03227926486371409,0.052653746911938124,0.07982868840105688,0.05440586453614766,0.036531190466234965,0.04612181926739328,0.07278074781203263,0.18122796365706872,0.0016712506077505387,0.0008807638553653791,0.040982437558112296
30291077,begin,0.0010507497010765268,0.042771566259228073,0.027663165163238194,0.06270277503501832,0.01858354869100386,0.12641764029253252,0.05549027467974224,0.05058087685929189,0.03212776541058401,0.16113534167790458,0.1611462972936643,0.04305999495337597,0.08910012852902452,0.0627439587708024,0.26522408447517476,0.021668853128155766,0.03374199786754775,0.012741178041399223,0.001762498109098468,0.0033961889978439967,0.07299054029812956,0.03420466614873753,0.2179711152207365,0.0029986167559507572,0.001612072254043301,0.11111849043940862
30291077,end,0.007958783257939566,0.00447676255735421,0.024875705683789284,0.021368791334148415,0.0016652887096692988,0.14506429483983174,0.08266543943583891,0.004972587694388131,0.0048009779008298175,0.07860913663055799,0.10623956857350352,0.030135664423938967,0.04762258758109157,0.026311169327461605,0.2883664840432577,0.003980935654474692,0.07324735650293303,0.08408035730010087,0.021513337237313503,0.0020562004558961617,0.04594491521175381,0.010653561586108962,0.24723281260299454,0.02114406030417304,0.0010293528969628459,0.04446676801094257
30291077,middle,0.003795962089281564,0.003320196389897217,0.02212264175435975,0.044055539968103234,0.0014569083564509853,0.23458567097040425,0.12570140538660554,0.027094808941246225,0.009471443056402129,0.13597107191886904,0.13777896771916226,0.021895694340970436,0.07088347881564408,0.023624024517346416,0.204581926763068,0.02029480560830181,0.02132394749481182,0.018670161848881556,0.017334853858124204,0.002822514796450017,0.0651476091580683,0.01660770440244301,0.10688941063301081,0.0024311659356762282,0.0012613551593868612,0.06843048968499343
30618705,begin,0.00038287707947086625,0.06390918691425584,0.0676415602973119,0.033654487583707586,0.0006385531389605616,0.182473790266504,0.07226044501375248,0.005726476811320023,0.005586086205477746,0.11325846454182471,0.12900024304341243,0.0007417052524449915,0.017278223615201996,0.08926771847569541,0.1647630765991802,0.0036746942009821203,0.06977041255254236,0.02064775777996372,0.019285783997148538,0.004914558662331534,0.04143622376538186,0.045468437903980696,0.1663191762836718,0.0006221700285025863,0.00039530640939430773,0.05995133734623525
30618705,end,0.0011291528029270573,0.06090142267213274,0.026454683215297124,0.12909273127947785,0.0024937140716114648,0.08332203462243626,0.04271983753409526,0.009017822684466482,0.008915087308501091,0.1204301693176881,0.14772041906874844,0.016505092792964988,0.07726059202667003,0.028956185339978718,0.14229151460097514,0.029917859608039166,0.1758161616002027,0.0412725852358591,0.020323231015694998,0.0040632274645741265,0.07852228484253745,0.058563655993332596,0.15359718772351388,0.0036196558010009737,0.001928989127399092,0.051061953699374864
30618705,middle,0.025477199616887044,0.03784776244156496,0.0022678744587657715,0.020959939179512187,0.0019585636721170764,0.04171219891241222,0.045311259035070335,0.003962149656531467,0.003832052968831064,0.1435235394768932,0.14904496596269073,0.03321096152411,0.04097028685466127,0.0039004788039140566,0.0808096753019284,0.003188592583732368,0.14071477890110523,0.07338367142659523,0.09085335558182153,0.0025562423072292735,0.004206545697952221,0.034747201383722504,0.10323060678325127,0.038907258810364005,0.0011992052138612317,0.05566530198646887
30627346,begin,0.001839253687906924,0.048267887184088434,0.00785748242988776,0.029874191341888262,0.017412212710623265,0.07678018721142586,0.08290438524722944,0.006557047393958113,0.006117208262205596,0.06324424987991488,0.07725605997719275,0.018373494976934857,0.04359000961356014,0.022426933659003202,0.16766355708936606,0.006310272526256885,0.06901593572968978,0.05811357224924599,0.003217197352071263,0.006378645813535597,0.054719604976077536,0.012795700032256245,0.15196741906246738,0.0030383969738012715,0.0017714601182407318,0.06574063713730029
30627346,end,0.002176230437850345,0.04156674592907005,0.004998823463550417,0.06496120827856668,0.0024075070948479313,0.11323676301968638,0.06301268570238494,0.0049721764887822335,0.0044988998021967385,0.11972195388962126,0.1606048457899798,0.001966550294030045,0.009026566647041637,0.03474220343022339,0.1892670172984219,0.02638683832669962,0.037802779178032805,0.03301762082635309,0.024179217496068352,0.006255646973060692,0.005060956761548695,0.04632693297743848,0.17288765941559855,0.015473320010032049,0.0013678852274286333,0.08976937056523128
30627346,middle,0.0020932586904403227,0.00928382418569611,0.033472232455601235,0.05956576606695982,0.04227286754457878,0.11861739887138387,0.04908825763821112,0.026860602911014497,0.0069370874863043264,0.05329992543942597,0.08320071131427759,0.03683514501989345,0.10922719919798465,0.032598016359883505,0.21788955024078893,0.007017393361561667,0.03884070954262248,0.03316721196583408,0.0036395894062064733,0.007924654281890075,0.022737303145872346,0.005439638786838006,0.16804224269071563,0.004744453039563829,0.002707235427700328,0.14141498289997834
306364,begin,0.0013762908592976034,0.04213799994215626,0.004568775563370885,0.031810185309482014,0.012658266457793216,0.044465823546147726,0.16079395772769287,0.027624929117206085,0.004984585791368504,0.08779798154389007,0.12997343641216536,0.009959605762576628,0.04074948073510276,0.033369536277372394,0.17745690433428957,0.02391214387653015,0.10238130885545735,0.02078631856972018,0.01647732608473243,0.00652400026788156,0.00553469607029659,0.003824772649034267,0.16238823032530686,0.00993821900581423,0.008305510258696813,0.04902832860564579
306364,end,0.003537684210388832,0.021497009705954383,0.021687666784800323,0.08514594980523743,0.022559565669517,0.02575586647263305,0.10358481562066792,0.0033848407693760625,0.0030239995988733115,0.06833479702195414,0.053475115968871896,0.001010366383694187,0.01411363210274325,0.042073345751110415,0.17379901265413547,0.005945533409556272,0.037819833353559776,0.04748246852473732,0.001628780387522917,0.004979232028552516,0.031154178567309388,0.0022369197219631676,0.10182981532273981,0.028831717014901347,0.027716468724323474,0.07612353907948374
306364,middle,0.007887541601462518,0.026086433278459845,0.0014859935249140793,0.06869357690519946,0.013382274874102545,0.06309665666184752,0.20234743261997776,0.0033016886533442837,0.0030771064658292827,0.04603207183888085,0.06120869003527541,0.07184302150752014,0.04665788216675573,0.00916063600247179,0.11183885404367949,0.015482801323729012,0.0953410107714089,0.08132664000191187,0.028382614123344543,0.048556709449629164,0.027703923156130173,0.023713533947708143,0.10463987694478734,0.022640648388137667,0.021476803580754322,0.09519626435734796
31276376,begin,0.020869886508221254,0.063598221578336,0.0051782449026281634,0.10925168349946247,0.001489558653172699,0.14800287818642355,0.11335345366207505,0.006087661238659527,0.0061148292664706715,0.03707815734477604,0.036548145178290574,0.001416007806695151,0.06266191563428444,0.016523228640199575,0.17746328271348705,0.00399421159812764,0.06962600581372283,0.026400168494831292,0.025962673225297203,0.0036549598915189265,0.026044318175386754,0.02922247849348701,0.14790285320768587,0.0021750661808074474,0.0011212429260665548,0.09200683423315156
31276376,end,0.0012195855209715628,0.06497280656540726,0.05675012365220161,0.05481934210676446,0.05206713995891951,0.022514166181884423,0.05554044828089184,0.005021049773196611,0.004822107817374799,0.031308109282638136,0.08003411809250285,0.014455304349486737,0.02227095639270919,0.06291245073212977,0.3135910896190316,0.04922165396735884,0.04176164176832409,0.04955249977997784,0.002008355620454871,0.005917003871630274,0.02379603722680585,0.04712359839266605,0.3396360128760715,0.05766000081232198,0.05637467028992894,0.07674103780684054
31276376,middle,0.0010598085264732844,0.0046762890226780185,0.0044472972462825215,0.05580996502286296,0.001442722445088078,0.04659971308800606,0.15626153291560824,0.006753831501485141,0.0066805486619881775,0.1184201870485772,0.1856756312016327,0.0037557537229962732,0.01449451574529987,0.0061896424440859715,0.18059121705070974,0.016305139769777745,0.07606860692945364,0.030794351366687397,0.020308366213905187,0.009329032566487538,0.014578837162929544,0.03712222487653742,0.13800607777633622,0.02974733627444076,0.028726089409614332,0.07957456234392686
31424202,begin,0.0008755879197511908,0.026193882306616345,0.0023693654246320947,0.12478519671815959,0.009513608530193264,0.10224327427648609,0.05875489506908383,0.006321138462061521,0.006276507009770521,0.1398499110668991,0.16509270815731378,0.0014758644650856528,0.03987960786824938,0.026700463374963613,0.20324483447504077,0.024206306816996502,0.04025171355419932,0.054881450514261465,0.01868426408308361,0.012505630844658232,0.009672182005279367,0.0025472262775744973,0.1439663193567509,0.00287812775024163,0.0014715548956275976,0.06228038040764934
31424202,end,0.0034214171162760655,0.08278027655276217,0.005142777051364803,0.13821583317004912,0.011114025959702036,0.17000960693618128,0.07231541710143172,0.010377527359315164,0.010222438142774896,0.09353104193742574,0.14319701065485307,0.00962014202224079,0.05343083322960489,0.007005181065776932,0.12633340114556024,0.0032176526021265106,0.06546681110877975,0.0277109053152512,0.0015675847240072516,0.02326023776199708,0.003825369953367343,0.04967124623957441,0.17285104225864417,0.0028216323347027106,0.0014927122201984758,0.05665031402054989
31424202,middle,0.003231224849184991,0.022611795512145184,0.006879148316801979,0.14808247679779415,0.011792393683976977,0.11316661895529885,0.057118009097367264,0.004264835102339767,0.00417193687910524,0.08999108774948503,0.12379267585267734,0.030134811398542124,0.07602024913536777,0.018725043506154143,0.12092496995422873,0.026640156690440387,0.07125585163549508,0.04864676362989054,0.05745122092417716,0.03208746200042331,0.04208409999880615,0.009635002333739448,0.11001508419678463,0.0007166105446960086,0.00040575138089207703,0.08312311640278788
31625455,begin,0.01574511038899823,0.09042312569388808,0.01050630279569223,0.022627434751370835,0.0025853239670628335,0.05980807012715508,0.08993614788024469,0.013469283193751729,0.013394898065779917,0.10019503822880829,0.135534866746727,0.007315538563680828,0.013485882975543146,0.0710331498026688,0.1965625958674156,0.0032675300621557257,0.06074695464429598,0.009675851250738875,0.027764283698040987,0.002119989388999492,0.04973495942763272,0.05994691907432639,0.2188590113271595,0.0021845385381374033,0.0011873570276562254,0.06113607963236634
31625455,end,0.0009285150679848242,0.003411502465176479,0.001304306759988486,0.09685534055012905,0.012917672970102718,0.1171958834017758,0.07703374969206897,0.0018345210138089065,0.0015965287379578583,0.1099912425245651,0.20583242799462304,0.005071223486767948,0.05351525632908639,0.04626906540382286,0.16191252852053883,0.038534481349860525,0.0289473322513248,0.007867165603755135,0.020223823005175046,0.01134139223366596,0.02803165093183442,0.002357364092198446,0.10993538832763092,0.027408574141701527,0.026803202137544238,0.03459282767884577
31625455,middle,0.0036046928548478805,0.14453697022267942,0.02923885917091972,0.08521448987788274,0.06300899702577659,0.11800122773810834,0.10222538144244173,0.002928056209757252,0.002702603860322398,0.08217042431946764,0.08349200556710341,0.02685475722619181,0.05299244614117947,0.053331501813632186,0.2019683027403346,0.003236741026475937,0.04444477976034678,0.029941211237719447,0.0070149434225964665,0.006626116010767432,0.035846011581781176,0.005370682732735075,0.2993233387787809,0.0019562169412292753,0.0010937767011759197,0.08012734812051583
32195234,begin,0.00028504892818704235,0.02926803375080372,0.001233614241931658,0.09265650293024172,0.0009226212670361056,0.050182562207707004,0.06614978988818819,0.0021772027325213427,0.0021492705828818136,0.14187294080954632,0.14196603794000812,0.012779881813656586,0.023733364610275226,0.04543778514327684,0.17963506689719355,0.002500602937856138,0.02539095208076446,0.030060479077928283,0.021484593854936444,0.028779883068195424,0.023437459144548034,0.0014177833456999096,0.13115629742961382,0.04480653464983998,0.044389963604438844,0.03512244367056665
32195234,end,0.0007551163596219199,0.03611592228182585,0.0074609564460467,0.09292681612394023,0.020530657031171587,0.2595638386914141,0.014431692115975892,0.03891742457424942,0.012595576570733883,0.16471656751969985,0.1659611805056242,0.02584639191210772,0.06102987858706071,0.016245630991745676,0.09077845403607132,0.0034357122468954243,0.04220595363438853,0.06174925462330373,0.013504561479277387,0.003475192122385763,0.029432368485075744,0.012266295120604427,0.11150676638453356,0.003024460300928368,0.0016264665828058075,0.057727829520910795
32195234,middle,0.00451354332486529,0.026402558512465285,0.0023150557449133045,0.0657083692877834,0.0020360582067270308,0.1983095414732795,0.10690849941922613,0.006035511509774339,0.005926067753201423,0.11060222483717151,0.10921996548656028,0.014006178096930208,0.04558759798215016,0.005291818255033003,0.21531976695503482,0.005881439592777375,0.025806508192786952,0.08983243767774275,0.008815685859201677,0.0053837355443675265,0.029255635808858402,0.015605519882523565,0.0848505141345549,0.0028206895776190103,0.0014390961734242304,0.08598085955325964
33743772,begin,0.015599332194945895,0.15698499321665674,0.00726193963621704,0.04828070982594714,0.03269270536544616,0.07292547686912136,0.11357118401016886,0.005212676633097636,0.005131425818641432,0.12083270598372628,0.1193833965821529,0.0240890062381466,0.09618283821675915,0.0032274284745831,0.19237295177944824,0.002718998938078797,0.06899943698316285,0.06430357231809727,0.02546444473572445,0.0034283038145991045,0.03127782350639352,0.12396674905392273,0.26944286084686075,0.0030728738964658246,0.0016702361941313042,0.058852839846402875
33743772,end,0.0042289822974336064,0.02372897381989728,0.0019238974161029346,0.052054238626166344,0.02154740503316406,0.06376283365134952,0.023019322270505873,0.002641005266381917,0.0024411538004954626,0.09639486096297921,0.11982903329072318,0.0009903094996756253,0.03393674375049748,0.23944754907968474,0.12930326757663,0.023347504577038335,0.14124448734744224,0.06287740649466719,0.0012960734561271742,0.009676510206189648,0.10018224888874694,0.002688120494925094,0.1404789781593607,0.0011474714965397004,0.000690215688813082,0.015792760613469334
33743772,middle,0.016031992064788975,0.004643314072583678,0.025301349180876426,0.14078769537292882,0.02416688517500776,0.046509465834720494,0.046978623529240045,0.005785198829545827,0.0055438871399170996,0.07254112525594784,0.09277002135971124,0.012425707928026379,0.07671780900618373,0.14828927243021764,0.2198196402998331,0.0034089367990862273,0.12283685371539672,0.03170625219535913,0.0018984945595414964,0.007777970061559267,0.08401561479149171,0.013791122620702038,0.14717039299530102,0.03113657725722061,0.030067150768303377,0.09353299185488455
34272677,begin,0.0005278841330641214,0.006345394050100899,0.000967770181054215,0.10235716558288124,0.0022422534618507695,0.0756673207938838,0.0735350759675524,0.004570155749181803,0.004609336930298347,0.28489979904263363,0.2980604898735742,0.06904429772921838,0.0808631717057756,0.0016683449872922816,0.13976240133484683,0.002604631995489023,0.006349507676671315,0.12860389796275082,0.05634448591463403,0.07185034455461038,0.002950231493740033,0.0016279788462013737,0.0653145068319826,0.0028374074142726974,0.0014460161711640316,0.15124661362154113
34272677,end,0.00018906776899400436,0.04019089148143695,0.0002602034116337863,0.17417997446381345,0.029552339490710056,0.5139671663346879,0.015155386486002275,0.007600588985377797,0.007870885860974878,0.05906965388033357,0.016855715620059084,0.00021843348185423818,0.0743621332975945,0.000586642553129587,0.10046661421208387,0.08748472891981783,0.003672587230709113,0.003853493513515145,0.00033181204093330624,0.011720089569406244,0.0027697834493263674,0.034708621443772646,0.07599011081500341,0.004311096800806471,0.00227650354234113,0.06922116645670379
34272677,middle,0.0006203877174459844,0.002736541191487146,0.008231108025044566,0.11961102149547093,0.0011289646274602056,0.3367957114211453,0.0062973889094841235,0.0014892789285629452,0.0012980922541700661,0.19895749855845862,0.13405747908901244,0.000700052563437283,0.004720465326662173,0.06481879441682184,0.18849837804588004,0.04394831275844484,0.06074863441805729,0.006856798166004332,0.0010766894625659764,0.0027229708138209294,0.04138432705972835,0.001530119003951813,0.14395805252208627,0.0011735152088167722,0.0006930319045367534,0.046990695346535834
34322023,begin,0.020535506978147378,0.03715135389092646,0.02415569748049047,0.07337251587362129,0.030633766550809554,0.021147733826496654,0.06001035532022633,0.005112550400308972,0.004746159903182065,0.10219603545348545,0.10522432384280297,0.0020857769273846336,0.01704055906783414,0.026971199301309902,0.27390744482691115,0.05015375548596821,0.042939904623733496,0.048510483827456485,0.05418644480046557,0.006660151748548312,0.03030697432417761,0.06922119736901602,0.25274038909649726,0.03594695577817096,0.03499558281707801,0.034572217650879686
34322023,end,0.03449468923802541,0.040096255736548736,0.0027030284009875987,0.05771889837943587,0.01047710930761388,0.015339008673810257,0.08806296269337696,0.00424635547097787,0.0041127127802296475,0.0738747991467448,0.09343150788589781,0.0023426525730410536,0.05869927360300478,0.02938048390575525,0.24878558720766175,0.048615202655373474,0.055593399467614615,0.05694468274364787,0.029651160768072744,0.0030818209118414503,0.04885018773428834,0.046739413058549076,0.21381415654929387,0.009652757700363165,0.0014821959577409904,0.04681224378478649
34322023,middle,0.013003798336317571,0.06662640377821404,0.002870316705815042,0.0867973643868936,0.0016237341091319922,0.035831071780568914,0.0554505449488821,0.0039303811994465965,0.0037033622460140346,0.14057343698495617,0.12771239638275797,0.010313020774986928,0.067783152653073,0.030572750946909547,0.2311138888958357,0.08745807773583754,0.038947298143225464,0.039421832983204425,0.07292574966431174,0.0063129588147326846,0.04087887285327527,0.04706859228386876,0.27087681655872503,0.01348812520320872,0.0009358117883878157,0.034473126939695356
34438741,begin,0.010467008931282702,0.04898754827671665,0.0068661821075984425,0.12746112752107333,0.0015168097757689994,0.13483873926692166,0.05977993541669737,0.008476756928133697,0.008340835502922288,0.10729675929713285,0.10288033167365439,0.014881182334285302,0.03990406517088785,0.028747275520653787,0.1784874328299117,0.0055707932405022476,0.054837102537662455,0.048368131484388156,0.02620986262294404,0.007895348800533256,0.007568287343312637,0.059801157988416585,0.17453858688261953,0.010290391254066422,0.009550252104178996,0.05988357548994712
34438741,end,0.0011182800328799311,0.04542865660546824,0.004101785570243407,0.09736661029506816,0.00237936371679051,0.09121959308691852,0.025537628157370162,0.007881949866023398,0.00778932005119784,0.1653124210424474,0.17683256779565212,0.01846272513454464,0.04913016806807048,0.01910590634783759,0.1768176084487533,0.006330574003736231,0.04101298093888935,0.0373101176617683,0.014401003998051493,0.02226965214328061,0.029478933715549032,0.04880812957250217,0.16826721245328927,0.010234306688754684,0.008916468583953192,0.07711927221121206
34438741,middle,0.004126144835393471,0.016100941974925283,0.015974941379846407,0.1294183316189943,0.01903418348642473,0.22424776023804718,0.058470483949558616,0.02098305116723701,0.009659641848486873,0.07521120564040618,0.07717860828217121,0.016329737966592317,0.06341505836386205,0.023719726127801065,0.17684554065425806,0.022515366550712894,0.03973702935248911,0.013184278905611814,0.02925027473070805,0.024923777179744554,0.019913314033589098,0.01905996440127679,0.149634401380249,0.014450734482743928,0.01261380593367524,0.06801193505092469
34812836,begin,0.034047312415173885,0.029049286213042466,0.004092786206279129,0.12952917331124827,0.0013728776203702643,0.07771176704467271,0.03193027740274595,0.00772253378141998,0.007665564565456969,0.09866456535752986,0.19351262356669102,0.013063307823321938,0.03946368442213539,0.007532118204948319,0.18778239124204335,0.021130012579811116,0.016619001484751178,0.09068611992158372,0.04925853040289772,0.004457157047602987,0.0026093808052660076,0.005528755418399422,0.11321634320405911,0.0019683918336721082,0.0009882425381932676,0.10309545869047673
34812836,end,0.006445989805017314,0.009581891637388268,0.026911324441636925,0.06580653196689869,0.027019950144952686,0.11399820897656739,0.07350862078732116,0.004863269415561771,0.0045763164442291105,0.07722389116491707,0.12428579423549235,0.01743060692368964,0.08838470091107242,0.06521953742270245,0.21601540715908232,0.025788863980097554,0.09430540134226087,0.009975298374888706,0.05954391716528687,0.01029771772708634,0.03427666563040128,0.0077162758612551756,0.15421187172830048,0.030414817566416917,0.029108860976926835,0.11531804361829576
34812836,middle,0.005465993485017336,0.005046394332604431,0.001336244190320704,0.04659896598390007,0.01978179380626213,0.1238681541120861,0.1005383777015334,0.0041419083365148235,0.003921871767388734,0.13502980984688392,0.11684916027952294,0.02671799020288094,0.09788635929256205,0.003994120759069704,0.27012674913148504,0.022792936635366953,0.0295322834241564,0.029453016054335212,0.04566410008361203,0.002811485239116968,0.0040708474578722825,0.0025778767526790517,0.170936811495751,0.05683610320498809,0.05567833088983573,0.09763189145786107
35008850,begin,0.00043997391719243937,0.04039728561893429,0.0008637453457659653,0.103013332518148,0.001280402867859352,0.07500404749703068,0.062233063504806715,0.0028129137007383708,0.0027904033602737157,0.08999398247158429,0.07883655674215873,0.04718336337638723,0.13030582566101628,0.0018010665980678243,0.25025255991661066,0.0021792069648785923,0.019765487609163752,0.042030235511356234,0.04926287719610318,0.003474522177054548,0.0020196118585785556,0.017046016344759055,0.1928460946267215,0.0016499917871836331,0.0008759303702135928,0.11170527598692771
35008850,end,0.0006012135361916618,0.026736575546348902,0.0017706383543470063,0.13860865582095752,0.0017848316897729778,0.021089116899115204,0.027485546267913,0.021606205714397198,0.00507045095480047,0.1450475154338326,0.14433582997202227,0.010290863787376541,0.07157780526351586,0.014573243941451689,0.14982075757682864,0.00392033757644402,0.042439645613431734,0.08268431402625752,0.016341631063930325,0.0020609602696362314,0.012814727810749214,0.02771913998113317,0.1118839586466912,0.01740128729731629,0.016361528290826287,0.0667159552686302
35008850,middle,0.009269888365344713,0.02592180370334527,0.02157959152429742,0.04825064370405366,0.0025016009654103576,0.09237573943309337,0.04063978020506837,0.012750879164709007,0.012570523318655548,0.12312784377991987,0.15006516305363568,0.0020973842081286557,0.01827862584938784,0.023489724290031294,0.1408253990109881,0.0131451921341621,0.03594216408646078,0.06601327740891466,0.005427467160408574,0.009474498337106544,0.004375944777153564,0.02441001937941661,0.12821614270065257,0.003275752030443392,0.0017682383317945076,0.05213520736876561
35053870,begin,0.00842862241329797,0.0048872337553603545,0.03002293555741361,0.07720929409241595,0.03228315199492802,0.0285274588199654,0.07228470214196428,0.003362447537753525,0.003062812207977527,0.02512538407906325,0.07805760586527825,0.0016122228797520242,0.020075787247041888,0.038494982692814164,0.2457866040063286,0.022103518906578298,0.046532702223318595,0.04495852140740629,0.059006659896749,0.03037692592903295,0.031159002388296615,0.011006839549414659,0.1743864349450658,0.002141831787974873,0.001186919330757252,0.13945405640435043
35053870,end,0.0013271707825479543,0.051985817714495536,0.024108379034391624,0.06135060263424394,0.030200243845407107,0.0947196945455003,0.0948107765046064,0.0031395337623240545,0.0027595376008176086,0.07351845131258584,0.09592283125675534,0.0016898087445452318,0.04996510993422103,0.05316432977660339,0.23640745377831415,0.011478829737158375,0.01983192062355552,0.037066054870660926,0.015146358234049246,0.06862015657222854,0.004649762893078443,0.01566682880479234,0.22608475666901234,0.014710275210336785,0.01381288522586266,0.08925777862639887
35053870,middle,0.0011722986154680001,0.036351835419925815,0.001969228467157436,0.05630734046013654,0.012274460627937965,0.10395695253996752,0.041076633098026595,0.003293713238291504,0.0031146918427946385,0.14492407104420016,0.14588059981200432,0.011942657249030103,0.0626620207435426,0.026167807015592348,0.19970999788890395,0.004646311075168906,0.039515083276309114,0.05404429964050816,0.04319019499602936,0.0034111053076644107,0.028320680671358983,0.018749130962451493,0.16292193634837532,0.001985684787992715,0.0011115567957241832,0.1550119023415571
35109856,begin,0.0007854626336195841,0.02944384936588346,0.022320915673089664,0.09577157358850714,0.028688173021202953,0.06465092153932855,0.06309717911028177,0.004670943041718819,0.004478534534933077,0.11694442444576422,0.08092583454395852,0.020467200512528507,0.0277661291222827,0.020910004314389365,0.27554901720862446,0.01259485602295263,0.052345688439335646,0.05039085587774196,0.019728662555601094,0.004090877771424882,0.0029772728154844738,0.031024446984339135,0.22757685266186595,0.0022546196689300396,0.0011829447190116636,0.052233020934517975
35109856,end,0.0010996942668611048,0.023540790954520288,0.03155290906536101,0.09775907167687252,0.02837593912711249,0.0983538127669836,0.039002433805300316,0.0030104311148514743,0.0027876043830590267,0.12572867356084222,0.1700291764597206,0.002276532023364373,0.016474287965067017,0.05000294669022644,0.26271492312037126,0.005795580783241055,0.012506945862367554,0.01732516029080109,0.0196611007384136,0.003848732020599683,0.003475215086364234,0.0035754611473068658,0.18936645291532725,0.050166558968458216,0.049379562292127754,0.09672187787445773
35109856,middle,0.022568687284914842,0.05660881322035029,0.005625244504696807,0.08953123503930084,0.002900480749776761,0.03483861128535159,0.09112076902149817,0.003270694049188321,0.0030034688500156777,0.08599752580487247,0.1057628064193709,0.02108850046005059,0.07961836404158773,0.0040162964632504345,0.2770708601238423,0.03013082625833185,0.05059265728889928,0.013425421725860838,0.040482611053310885,0.00897017260947022,0.005708826639309079,0.05388017851824228,0.24977602740404267,0.0282654984639154,0.027208590213799337,0.07699299036145169
36429604,begin,0.0015295447152336172,0.007032813949934744,0.00534127023460486,0.09756766596370013,0.003220133334452454,0.033988287639269824,0.11163706816947733,0.007698298429958128,0.007352919797358274,0.10733374706569408,0.12916885604397,0.0016007627732321586,0.10836198054728753,0.00840050702309141,0.26114431324607024,0.0050570413389097015,0.14272995738937527,0.062256291549676386,0.0025584673609427427,0.004524912828235965,0.13113702227137172,0.02086515744646565,0.11805262782436979,0.004099611146954969,0.0023250981575938514,0.02021516472024245
36429604,end,0.0016646895287111036,0.005735762400821891,0.05591823243380931,0.17465941154773854,0.0024602116794937515,0.0802071066867222,0.01757528215595605,0.006529374135544995,0.006133346643010727,0.050238369111977814,0.07307961583335,0.0017681542926085913,0.09192636625037114,0.058100026881242356,0.2047279337012049,0.004210627585139858,0.1626084306248996,0.010153229194674571,0.0027813666685598147,0.002710297252543744,0.15258946042085192,0.004091903311223353,0.11159009433771541,0.0025142634063772575,0.0014931369744611328,0.01451290037269323
36429604,middle,0.0008784161375288623,0.004625509507237778,0.0029431268985816634,0.16483441042715183,0.018320839932559153,0.08437221150713681,0.061462877631629054,0.004727604164092149,0.004546101093125889,0.07330194003680843,0.07421841491133505,0.01333520145013874,0.15209513501604044,0.004494077414452052,0.2551202822167787,0.0042608801649883085,0.08357061045819562,0.0481632140152035,0.001567268824885179,0.0024176420748667493,0.07336097562882453,0.05968457274158055,0.1098519001803071,0.0021826682300707966,0.00122809380230174,0.02934466452109793
36437212,begin,0.0010221811915494252,0.005469481041071958,0.001986873145035912,0.13345633325309308,0.052862050406817324,0.026585593137494524,0.026138606878999125,0.003975341079499802,0.0037713729881560013,0.1145613434003868,0.148650878631435,0.002306584930553298,0.015333477327033437,0.0039025678904439473,0.3187999484487926,0.00543444052236239,0.08708892154324756,0.011699780005944375,0.0018884372775387782,0.007707978817110919,0.003988195155193984,0.0035209455178726134,0.20370904615883303,0.1001270712272425,0.09903940644583431,0.10839881250442496
36437212,end,0.00024971784451215454,0.0008578145197038745,0.0003192615543591979,0.12343313004627132,0.0003458854942091069,0.18452624892248448,0.0024539658447721396,0.000545322883040549,0.00046285557649076504,0.056323982747740316,0.13388151696307568,0.00025548158716677094,0.014922785857576639,0.000664407284695155,0.378458024371315,0.0005037739586242969,0.06307134669595418,0.001309249996198053,0.0004126005303602201,0.0173955239703787,0.061803581922693696,0.0797526865217903,0.16313360017038375,0.0004645441121346213,0.0002687989552268013,0.21566707922407913
36437212,middle,0.0008161555155592004,0.10625725247764357,0.0010125073577956045,0.08033162284808036,0.0012988458049599603,0.2308726773330164,0.007583601712292048,0.0020586235680061776,0.0019054123750729631,0.03873552838765975,0.190898095764347,0.0007991274866592343,0.12245818427477875,0.03136176869984248,0.06214905862391493,0.008085001172668537,0.1908412888363582,0.007092277661970988,0.0015185574494688686,0.017681001585521605,0.13561331479558983,0.002104585753339106,0.15868134993623542,0.001488715535540318,0.0007589582644014687,0.009473494009518848
36512901,begin,0.0005999501704750846,0.0036457227369697718,0.002114555231493796,0.02034059964641511,0.026050124949992964,0.013110042601779108,0.03917319700196452,0.003800020079803729,0.003734865878318943,0.015391705257216046,0.015840535752297453,0.001532754227510625,0.00954423795460332,0.004787523476457846,0.6737679888018061,0.00467323927133783,0.04753454257021771,0.006532052674542268,0.0010420081769116094,0.001959097136424062,0.030349147684804154,0.0026160932620283967,0.6442556410062446,0.00175095011643606,0.0009200824281809641,0.013694791689019973
36512901,end,0.0009926880421922463,0.059898376627585535,0.002778809606621055,0.09046690927365653,0.0017724505491150057,0.08920025041883857,0.014179260954676086,0.004405134774167575,0.004283350162828857,0.019183099725139097,0.06799540510890548,0.0019482795533890282,0.06840297928877216,0.034965083288406286,0.4741327369816817,0.003917236090357118,0.014074044261932634,0.008729177809285293,0.0017070784484169183,0.002390022080932576,0.004245944549893181,0.058691160580262414,0.459460321963182,0.028190712957112795,0.027172815056243214,0.016611117599683006
36512901,middle,0.0009421780935339425,0.04132341232436766,0.005342911644578653,0.023079760554773645,0.0016883303936841292,0.03212890946078288,0.01283638692004093,0.006661691691831629,0.00651337306930746,0.10267780416400298,0.10368575107378736,0.0017309121682630617,0.009391336238943398,0.0067960938007681606,0.6701397948142307,0.0036019520164874107,0.012560103251608416,0.008034761904967087,0.0016240110252085077,0.0021949254264585147,0.0037627267344624545,0.04593749038883536,0.6963490501989469,0.0019671400074539576,0.0010638460579428972,0.01500331438895138
36564103,begin,0.0077030542299071515,0.051460802584129654,0.0008420458218698016,0.07496045694675595,0.0018364436559919742,0.0212898687913075,0.11463512360037939,0.02586124895837428,0.004291622543857157,0.09267309320011664,0.12082202485364019,0.049430980761537145,0.09114863969124248,0.05000094116184569,0.20101642679402904,0.03384308328166802,0.06199596606421798,0.02982481226757389,0.09501389119516254,0.03911093190391589,0.002654574830656637,0.0017220815991972928,0.1753154628201913,0.01406129388388574,0.012809627637195894,0.1309977264392679
36564103,end,0.023489635862272637,0.0256183779272987,0.0039559693278119435,0.14470955125502802,0.001871526391200212,0.1078792647321067,0.05845005382011477,0.005710108432494036,0.005625739632221558,0.11009359576745269,0.13332689570122624,0.017302454481220815,0.09965316611651902,0.02543304631973563,0.1831764263044868,0.007561209869444774,0.07256547282909004,0.058695891379436586,0.022422494559881687,0.033917572093751625,0.04902939488503906,0.045632777433029466,0.1265165886932239,0.00235354545039838,0.0011759431929919647,0.10651813540361497
36564103,middle,0.00355475079702964,0.05677960313518504,0.0034357174970568566,0.15216078521744483,0.013708465117399551,0.03304730540287499,0.08348543187345851,0.007539362250420674,0.0077228178762483515,0.1278970254338343,0.11325938641073323,0.0011881916482907803,0.07687525573408945,0.003561112279478779,0.23698363458929408,0.004233193874052558,0.020633919205788186,0.09997872287371184,0.006958608040210599,0.010911667424005917,0.034989457922581436,0.0690675663541026,0.20536625864381136,0.038462167667562226,0.03733971170429057,0.05467824679169177
36600859,begin,0.0009079418212265661,0.057882770659677174,0.005885980043642718,0.02556033734474217,0.0012729258184823965,0.059655392540582206,0.008940056875563806,0.0013903325691324298,0.0011695638591317577,0.008820743247722158,0.010133988413668077,0.0009435638145937619,0.06150056474319232,0.00230522061777547,0.12796788840921222,0.002196817578253213,0.03350827341344975,0.005001255628033318,0.03652069004017732,0.0014079932746733454,0.028631904392176152,0.09872919856452568,0.12118723135754578,0.0013082108311700904,0.0008061824124034722,0.006934127649168032
36600859,end,0.0031770406306429345,0.056301717354122406,0.0058307176139362465,0.08382659196091233,0.0011516254726216882,0.010065037337929872,0.04731015094298113,0.0031245678340372338,0.0030797048037717184,0.020018629270908632,0.02328904609803997,0.0012782386087718564,0.027655463160929355,0.002506402482437366,0.05557890870296109,0.0027722831783323705,0.016706630364945088,0.0054443757449377855,0.0008741261090142987,0.0017547748089985667,0.0020142784132606588,0.0022078059912433094,0.10166045841021623,0.0015994964398097044,0.0008572370475975876,0.011154876249352156
36600859,middle,0.002513523281060393,0.008471588563832188,0.014362529264424474,0.028702974777008,0.0036149185624202943,0.11247028063337373,0.026979523669506636,0.0046909959820861805,0.00412743228435759,0.04042183002962482,0.06007010393317738,0.0029042793585896554,0.014004053603460671,0.01766026777809956,0.15478896943331025,0.006524433197309155,0.02495055770488235,0.014815263950292616,0.004101469878457314,0.004141896695274963,0.008105457996338224,0.025305751444355047,0.13982227475942022,0.0038289001055366945,0.002298535505136116,0.021867062805909207
36662463,begin,0.00043792792113152057,0.05194483219097702,0.10092357224121785,0.059541160278086445,0.052726643242942885,0.003276459429678794,0.04258601111945939,0.000936228090594447,0.0008875927809740933,0.12060448604511902,0.15534490438417983,0.05699677853533443,0.058973520116574946,0.12926642473539202,0.2783600900190652,0.01650214894017671,0.03367337576807328,0.10080352693170347,0.044046910595298444,0.000686225038141022,0.027769346616906575,0.06569112752747146,0.32568523635235236,0.05699141937904948,0.05660321445670219,0.06031200468252567
36662463,end,0.040332095321752734,0.06164540401595267,0.040617796537355706,0.041329122271625565,0.0007110246263625844,0.09791333903152642,0.07645519476575818,0.006669041769946596,0.0065967370948948525,0.07697664965286977,0.11029489472139509,0.008839229731579929,0.025182707958307623,0.09632178917603401,0.15680567762351819,0.004007827952089451,0.12676215325925907,0.046401951617114114,0.053580717289519075,0.0009243857253104903,0.0015670536248348853,0.0038258603611796924,0.17410467112221872,0.0008281544303982707,0.0004633892944642009,0.05433115684689147
36662463,middle,0.00017745764609764411,0.000668400557573813,0.09324269862352202,0.0622868352562954,0.0002637927120553601,0.29421241439948415,0.023802174694565637,0.001963577871795801,0.0019297190906629072,0.028642928693916814,0.04845735720477426,0.0002475320946738865,0.001464988743602028,0.0934730726881003,0.17833681637241,0.0006001888279169987,0.005554727399045906,0.04097634261224927,0.112734467116827,0.0003228687097680945,0.0005742738287334072,0.033628085191185264,0.1340879563728285,0.0002895686985823318,0.00016551496033512453,0.09520207441297643
40131614,begin,0.0008506437660335948,0.06582587371606047,0.0011887790173754592,0.11548741902320458,0.014687461789471074,0.033106766065831225,0.08761858288262078,0.004284397299826877,0.004171099579536449,0.11586728885324638,0.14168359897032756,0.0009018159753885482,0.07835996356174042,0.00873329047137275,0.23232521034213974,0.0036687874490912258,0.009338572910165462,0.09502208290410964,0.018363951104849795,0.004028328730664292,0.02526854622514729,0.04839269111294439,0.21122157373412812,0.0025852423731218795,0.0013177091680181426,0.017766867824771344
40131614,end,0.015742966037705097,0.021780555085229435,0.020933364887335996,0.11756690313049334,0.018347605260760465,0.06013304290272666,0.09428189943310074,0.002196360092909811,0.002102837856213839,0.06487718137721596,0.082094434092749,0.012195790561018516,0.08719899109229542,0.019451399788380796,0.23993230607631116,0.03519507729444603,0.017829658040651793,0.04503528780795103,0.025827397551630084,0.012311807107815986,0.07269079187437874,0.06101424714613393,0.19576906735004537,0.022106865117077063,0.021655338068449482,0.07775463285243722
40131614,middle,0.0007895650361215991,0.028245151790491793,0.02452634881257424,0.09770156496790831,0.0231549238986123,0.06378386694983641,0.041750048323036144,0.004691387848955672,0.004574038005272814,0.10562120974423586,0.13097882851863882,0.0010821292196123865,0.05209356422770953,0.024226875992535854,0.2557929027637518,0.044944950487662665,0.04938660962052255,0.0548789341619517,0.03799597762526059,0.006189303414419412,0.03681651730300893,0.002805930396079676,0.1906349076826214,0.020470420839784596,0.01926481346935514,0.07240551899136755
4066312,begin,0.016945421997161175,0.05002617253421103,0.0015713210343108483,0.046260240114051755,0.0019670540088667136,0.038224984048997074,0.06280597496779432,0.002386361238055923,0.0021057910347547118,0.10857951698405383,0.2934729873841327,0.0015867393922945128,0.02454736798975292,0.0037100883028406773,0.11117407788891118,0.003316382609489074,0.04452150731562654,0.10520777402228408,0.014495337021049659,0.006519902711046688,0.04810875831867313,0.021953266402320554,0.13979028535100532,0.030062516250107908,0.029167974936222293,0.017332081985636738
4066312,end,0.0015359641874160888,0.07934083954750148,0.0017851556634673987,0.08952023598581241,0.0024587027375985297,0.028605576649673958,0.06543932780632387,0.0030542354100665426,0.002650773014108239,0.0634973421557099,0.10585535795195088,0.001592480145074326,0.06780154587320089,0.004131208182764846,0.10488077591062861,0.003621050897913065,0.06989792646490106,0.011301931745222893,0.04272315483045672,0.020515230994383925,0.044722851141175454,0.07547504806058107,0.1383129865773127,0.015353719940691566,0.01427829900959321,0.03601637373339595
4066312,middle,0.005299425051128388,0.03566139630230256,0.003394784848786299,0.11248478337037794,0.0042549545718549,0.05647307560772222,0.08545377620149011,0.004826277221017249,0.0039318425342826,0.08842600891502424,0.17681282633069526,0.0033267022089280254,0.06415063514062648,0.02024304296174885,0.1610134967240981,0.021490625359645056,0.048626765081978336,0.0610550571858566,0.01678476608185759,0.004488914908667679,0.01937180142252957,0.020449295917404582,0.13434049931227587,0.004047029135077783,0.0022621568519533806,0.038920482318047206
40727118,begin,0.004392783235607578,0.023817761989431314,0.026663307896880147,0.1542741918518344,0.023413619862853407,0.03586692286978743,0.09691815514706119,0.002172986378666388,0.001929921811193834,0.06270320903822883,0.06747550791031065,0.0009389951231919254,0.06674813332546115,0.03146796354272678,0.23091401563476063,0.010004487013368719,0.08375806530413928,0.006501457349504967,0.08107060819946252,0.0019695420320243132,0.04080572637752595,0.023361033931916426,0.13759508060823222,0.0837681733630367,0.07286930714908521,0.11703427474635832
40727118,end,0.004396210172902301,0.04694769235535842,0.017287521730452726,0.05707070174324189,0.04765331063674268,0.08633581372700275,0.09542536947847727,0.02938036326922497,0.012004882104233523,0.07839896966406118,0.0985724321422523,0.05389414891698997,0.12053856423132667,0.02199008887157687,0.22607462467366937,0.020710431960056803,0.09202564547698439,0.03598913760985632,0.04523213900187082,0.0024071265892818584,0.09353069237238464,0.003018634710609661,0.1590518484982346,0.01858362641254588,0.017646542636358648,0.13629404028718786
40727118,middle,0.006418721052175885,0.10019147101066571,0.0015492326961906,0.11367354687423678,0.002224163673392953,0.11308083871262137,0.08934318760891692,0.005531289393318518,0.005391340085251049,0.058462590972590205,0.06035080089794942,0.02528856160816218,0.0604671027114398,0.002725338623354508,0.17650562407651635,0.007777051083308184,0.10013044552606516,0.05322049724833337,0.040415464167808245,0.013744608969738146,0.0730770813095194,0.04720319242231403,0.22717111438978244,0.0032335761951106045,0.0017517901375484126,0.04995034778049224
42427664,begin,0.004144660822574921,0.059654224972520334,0.004021920758008773,0.07503993163173467,0.0012950329676524191,0.06496888194421853,0.073539833822028,0.003701566686397131,0.003459291759124089,0.19155257344856447,0.1772553804331774,0.0009224877300461373,0.057751502987365075,0.02155669775298818,0.20307428145780257,0.004796763919651925,0.0718188984999003,0.08868383275378391,0.015506444653344323,0.00378454530266734,0.06744731189981046,0.07068282595169147,0.18311537378022763,0.026051922308244282,0.025453222355805265,0.052083906491532786
42427664,end,0.0012952788221260718,0.028728129342449026,0.0036186271586495142,0.06967117194996193,0.027888635529004877,0.03456662125774698,0.07352884700749966,0.0029061738672711843,0.0026943114759815476,0.11335922157526515,0.13730403909847183,0.001190398699404722,0.056942244807903324,0.03426892320487377,0.20256098622758703,0.019191242927222997,0.0773749263990595,0.015850052744651833,0.05120208568053084,0.0027411408873979507,0.13625125577985112,0.01846405552656127,0.15628033147674675,0.001717078738482377,0.0008971781424453778,0.06725684844115755
42427664,middle,0.004506942369607462,0.04095359539805134,0.004024381370931699,0.13040478866563085,0.0020376952255267977,0.11022059579269884,0.07016686587373745,0.002962510092756292,0.0026553391287157963,0.10090793273421132,0.11030165271446424,0.0031828361298208204,0.013393158778289605,0.014032743307328259,0.20354747972785728,0.02258248990819404,0.02450823424896457,0.04300819782485512,0.021442376568564778,0.02852557234592933,0.010478716983175262,0.06792823030321123,0.2013781053529264,0.041166092551107654,0.040066801708564234,0.05183133001806333
43728457,begin,0.0038053090488935105,0.025700690865714127,0.00661405552523993,0.03538542948849886,0.0026724466547790255,0.13503734670332326,0.1879570248114759,0.004899814647662271,0.004544060593331137,0.12131534072772243,0.16084076542537634,0.013034802949445659,0.03577096190206166,0.021578632107714747,0.1221691171547742,0.005747587696868176,0.15964925280075057,0.07482620960020045,0.04744401197761332,0.006539883290030388,0.005572697130910903,0.007092416416834426,0.12309734456306574,0.05416940546381407,0.05290855369062043,0.03508286882671472
43728457,end,0.0012260976736929805,0.0463863344264163,0.0021231789386201762,0.02439299976250667,0.001895798448877699,0.1611961507599411,0.1868936062277348,0.023663408766509866,0.0026738811631761075,0.059502729865590215,0.0757259809021214,0.0271078363801902,0.05402293608485316,0.00385542737034887,0.06336131552220031,0.003615269907026157,0.1547284646680343,0.03861729285953428,0.035509760529256876,0.002210277313048247,0.023621244018629264,0.0425123514914968,0.09631232225697807,0.0019460724001632743,0.001144595796724225,0.05237378150111513
43728457,middle,0.004739239845062249,0.0032281699833417443,0.04033260824325212,0.05503552898184821,0.031928719982677004,0.31725145306778657,0.12034299389312253,0.004067593740228406,0.0038196074328215083,0.1211980581901539,0.16398712320643408,0.02534544299237625,0.04573940104284481,0.05942874541422381,0.19660967791593598,0.011900629480868941,0.034612275428318934,0.021424001699578882,0.0014087182026389811,0.0046118691257550646,0.04202263818956242,0.002088748414811956,0.10451177204128158,0.0019180469283892876,0.000950341760694713,0.06517835168332728
44099084,begin,0.0014791978430529675,0.029382848556169197,0.006294106840952683,0.15488322239581861,0.002864532831799592,0.11056497878779896,0.0474896633366507,0.007056207267157723,0.0068776924017728,0.1241511739203437,0.0879741495769968,0.09625780867109177,0.17376953255976268,0.006297873617716425,0.1358382525902707,0.03194329394265324,0.05030632338775952,0.03611367362869606,0.002575447901427077,0.006030468560098791,0.036545445584878225,0.005251765771913331,0.11115732211685986,0.062158068262657365,0.06050683452957222,0.15151708698575528
44099084,end,0.07540707161456081,0.06748901186146115,0.0024210112116360032,0.04248111495261314,0.01878320786637118,0.07532005601213738,0.11244832211613635,0.003792535638122745,0.025024208786766138,0.038656030772222516,0.07385776440065075,0.005577150933825845,0.0382231807492247,0.003605494573467085,0.1656520524732649,0.00393916109595928,0.1219020300786705,0.007123593543039034,0.05478854848861264,0.001794834667042112,0.03027456822627082,0.006191265287053783,0.21119937610471856,0.026474082162277573,0.025743448355432453,0.017687181962568604
44099084,middle,0.0003960490412955307,0.02418873471596188,0.003865095212305907,0.07159011864938891,0.001110606865298948,0.15006283144351495,0.07804651600374493,0.007384805073540229,0.007428802604923093,0.127742986214241,0.19557999539351645,0.036063762018798795,0.042663241413397536,0.023384465550656198,0.11577637812026008,0.001856132153025431,0.08009497620220897,0.05447004137215571,0.017906382089060514,0.0054740397917103995,0.028566959303724947,0.0029523140120511506,0.089334111516289,0.0017745594916439538,0.000867853200549538,0.049999840929271996
44168447,begin,0.0011748946305692996,0.035409274162898775,0.04158679071068336,0.1018065509339494,0.002677606316006385,0.14527372064497138,0.024498054931417112,0.052482804145089657,0.012537733055327923,0.23966065979686393,0.238524070136827,0.024100018300256494,0.08477392654055267,0.04430933916423836,0.1946059858743697,0.004060270704151645,0.07451963274495567,0.015355419488821088,0.033357390497665354,0.004754825094888199,0.07741840534038018,0.040668366792537866,0.1721119422415029,0.0041125841695781925,0.0021026326401549725,0.07812649610882222
44168447,end,3.031509618879125e-05,7.575606676755191e-05,2.7194836838231737e-05,0.1863459455986098,3.1120701733001094e-05,0.08542907620090175,0.0040876324714679444,0.05188780337848967,2.883386388270408e-05,0.09127394222321233,0.09132428645276604,2.8156896024894837e-05,0.1653203460275177,0.03428419984900337,0.1164243574740119,5.040625147700545e-05,0.09718711921913206,0.10001236211915566,0.03080183792635237,3.266687596342692e-05,0.09237013047129304,0.04793181941312698,0.051101242751946496,3.592521384730479e-05,2.237783004424141e-05,0.06537784309826968
44168447,middle,0.000725377482291994,0.003998851733878166,0.004916657102848138,0.15354996559857512,0.0015837560665062577,0.2923485584121153,0.03652515275074903,0.05271827103434404,0.052569889227172054,0.12221251208405046,0.15841567238808155,0.053363402931394764,0.08474541966901013,0.006442896489786728,0.06242928328204343,0.003182602875972727,0.024794388069367845,0.058904118366490586,0.0012314158145232813,0.002638728777454197,0.01345013132087224,0.0025856689408935915,0.053045751366563386,0.0021916787226850983,0.0012317967892192109,0.06608163531402801
45156972,begin,0.004324964602434009,0.08213234048295691,0.023222667791063946,0.12045275128180771,0.02094133610577934,0.08919868202321234,0.08291787340631974,0.005749697707074557,0.005640193116508076,0.12385371772642842,0.1065382564333437,0.002515644351774006,0.04022730937524707,0.03840969281273551,0.25483587378773814,0.0825183120465105,0.04122781377411769,0.028818308670061937,0.028314405938926878,0.01823070975672643,0.003731970977871182,0.04906455057883961,0.2570385467258056,0.0030861748124131295,0.0016524655257245987,0.06478820877456357
45156972,end,0.008562914596370886,0.06676404203532486,0.0026375298635984454,0.08912018882794792,0.032796036377813136,0.05858195811115198,0.04282579468715283,0.013779733761011975,0.015034239981046792,0.06868352944865924,0.05720100723582726,0.0009210479190136057,0.044112013002851294,0.021435662885097538,0.24864483498470205,0.07343923239926743,0.03675332185181545,0.0908104520480599,0.03397383279764598,0.022056048989031345,0.005687989653621677,0.02547737959045175,0.24659745154126317,0.002506796687156828,0.0013954854426326165,0.06881596207774576
45156972,middle,0.001418393914498317,0.07854559424026587,0.00374508341227778,0.115990029330004,0.0027513156968167864,0.06154351527578665,0.05855608988882339,0.00427342888242822,0.003897079531534224,0.07756808331601903,0.07039773751934936,0.013924010276296434,0.04325212987365758,0.011775114304154151,0.2891258314291923,0.12076666976474194,0.038198698077705304,0.07052316408269005,0.011624689065441923,0.005073623903884215,0.021741633884927065,0.024433058175171055,0.3153792434554632,0.03545753082833928,0.03420756185506313,0.04609267191094266
45857023,begin,0.0005601831827551875,0.017655217879292136,0.003135628103843227,0.01627079001987536,0.012120235485960867,0.05423305375815501,0.04408461741753484,0.004276153853006768,0.00417178947130471,0.10673788248367334,0.17135172363637174,0.022646337118866943,0.07499823779433515,0.00411508974058249,0.5209762387286142,0.010651880569222009,0.02450145705594936,0.022307144691200605,0.01636864988943979,0.001370322039863844,0.00779758961557034,0.023858439696114266,0.45559485122991344,0.01577787795698049,0.0006568180421386631,0.08027577952747868
45857023,end,0.00067491271862391,0.02498875675546348,0.0037888709415780427,0.01759480695584118,0.001571995509851994,0.06557502054368866,0.04584464358031261,0.004713651671812829,0.00452019613901772,0.11565950600255238,0.12980925169018,0.012491236946651614,0.02845168871490334,0.026907469873899404,0.4720692863210889,0.0029984994256887693,0.02769866182487631,0.007234741317181578,0.06677990247768187,0.0019145757626655628,0.017369517398398582,0.003109205575393414,0.47378986130196965,0.001748620189482815,0.0010320663005421024,0.05264283867968102
45857023,middle,0.00038591119470252863,0.002306540094363855,0.019557782734111694,0.04049014003772143,0.010694417190696312,0.21745750986660595,0.011427615043195024,0.02591064266785664,0.02589254449524884,0.13483869581052962,0.14714681806301044,0.0463250152141394,0.07455519764942656,0.018645974643974373,0.36561656192934733,0.007182231972187,0.0133237983514557,0.02897016869479527,0.03238353102683521,0.0014863599208196489,0.001532204002445601,0.003566333031709645,0.34170428196326547,0.0013073789120162727,0.0007002065210847664,0.08356635995416879
46142566,begin,0.0006180560679704391,0.0623042909611056,0.047299674475031334,0.04764505988209125,0.0009802500769172608,0.1321584397227206,0.04456294196272225,0.0037936306223824677,0.003646185087589414,0.2777050171081902,0.278198003628595,0.0124802127395079,0.030084169701753923,0.04903031767804914,0.18008983203081172,0.0027023380537791585,0.06242753565157015,0.05321638588642725,0.02736876606977691,0.0012925788762518317,0.012651713221633028,0.061904042232044376,0.20496998457770915,0.0011068883021294789,0.0006083860922898817,0.04364430239362845
46142566,end,0.0007163795214808432,0.03418811379941436,0.03384192008950307,0.03742413841213998,0.03980622319725998,0.16120243343968413,0.04793794975861615,0.004608307301648236,0.004563686922211898,0.09909236743196,0.0997839577383662,0.016060682331986185,0.02718544373386418,0.031391066008025076,0.3037036367042324,0.03576797068374787,0.04222624420195434,0.02570437798707243,0.0011748689048419842,0.0013963734212526918,0.004447435488231611,0.004111188704296751,0.3189342428152533,0.03569387164270522,0.0350614839617076,0.030756773422060235
46142566,middle,0.004071282973904594,0.04597923271988098,0.006721275279633322,0.11907895397092028,0.001194572955959782,0.3052460580734719,0.021222939961881453,0.009367350120405448,0.009360013978247313,0.13652566913878636,0.1396243558390647,0.02707016054002416,0.043871180607879305,0.00794021950707411,0.11011595599035261,0.0031491233844744737,0.02327729771658083,0.048318489720104135,0.028544461761593032,0.002214321334303185,0.0017717598438947567,0.021676350776771564,0.14262584827681776,0.001953853523534144,0.0010435110157327066,0.04133019254338717
48572514,begin,0.020931094743744716,0.012629420791758307,0.04006935236060124,0.04558708774202191,0.050804362609088924,0.05663562273354234,0.13012015572033342,0.005414849141669464,0.0051827557637595684,0.02218784641582156,0.07435353545091145,0.057164857569458896,0.08663488230467861,0.043979518604897905,0.30927558183821896,0.02296259673814231,0.15214154613337494,0.04303175332737839,0.055738174925019396,0.008836016827448643,0.0539464769268274,0.05394512052362711,0.26519896572573065,0.0021968682526410255,0.0011964967879437112,0.09163972100661459
48572514,end,0.0005466609741317633,0.019603383144099245,0.01048028431484385,0.03465205815101753,0.000873104471322905,0.11070225275949461,0.2523174772041186,0.0029359597050216844,0.0028501578861086134,0.04061755373370671,0.07575428520771355,0.040875268613117674,0.04391470720701502,0.003122817070553415,0.11009307809664218,0.0018105297248944968,0.15925655906900232,0.055841828782908935,0.01592345687486741,0.06792619601805441,0.009782458419826504,0.02081862048410615,0.07448484085528104,0.05218900124012912,0.05171717110092471,0.07076861354917471
48572514,middle,0.01365571446175681,0.02931912426605097,0.03853683282611579,0.04946149770368331,0.0017560738505397822,0.04662948070990547,0.16614151263032656,0.003735719627867195,0.003443063156562602,0.05012670144246916,0.1209331688576022,0.011827857400748138,0.05553274334401998,0.025220481760016927,0.2483650511208876,0.005776361820512315,0.133387987203746,0.056868883814121085,0.03274452170330666,0.007351081660314923,0.025404735725422234,0.0038175076547257284,0.21068533023640326,0.021604302830245455,0.020852262546205636,0.07990933132878808
49571946,begin,0.003852152038702357,0.005473349444741227,0.00394294822409994,0.14407982908605743,0.0009378011779340946,0.22182734278910515,0.013869596226533654,0.0021175473241823724,0.001963593948472724,0.11284410780129787,0.1124094987689494,0.07905679459146994,0.12223127453090302,0.004813751417972946,0.07535217931989656,0.005042886309952756,0.03618893279467896,0.009693092285946732,0.007649160828958274,0.04720586814195561,0.03153971226354079,0.005000917375341738,0.03608981318887684,0.06327477731449088,0.06284188985482746,0.12202231339021295
49571946,end,0.0008413491995779544,0.03262905618147074,0.0055894010370691055,0.15361774362567496,0.0012339133322999086,0.10844592962752599,0.06664995222514346,0.03414213330665494,0.0027952255280486713,0.10905905462980879,0.10277462981940766,0.08303936683933932,0.11535076726951152,0.04584908013112525,0.12373572638328718,0.005206837785454335,0.034077127000456675,0.01023972336182025,0.0013480187424234668,0.07192213911190536,0.0685135736823224,0.02771247247420733,0.10196634566919316,0.0322679969259866,0.03162525980839305,0.12950676522478793
49571946,middle,0.006637701442131474,0.004739924080746999,0.0021781922331520747,0.12112660050752536,0.0018581077136594311,0.01843953565922484,0.061824216498793994,0.003770944903630445,0.003533658859201331,0.029299867582326937,0.05713530234867238,0.007879638188044125,0.10460293440509837,0.004733181996489485,0.27464913448497774,0.024087212364509752,0.05425293083441181,0.08047358467783185,0.024090836022994805,0.00390394799310133,0.024340108491025525,0.003901733181114361,0.17887090480161077,0.035338355918863265,0.034426413093254046,0.09498095558456782
51208558,begin,0.0004811180939029906,0.11644559920089925,0.03200824162316708,0.030588771951785266,0.0575539092277742,0.08241798014286508,0.035365286535608345,0.011218057101020591,0.011193854304290214,0.062051952543844956,0.08304405655058646,0.03074555243903972,0.046092841512651396,0.033241536615311776,0.3442905132992347,0.002997150560394183,0.052266408657617135,0.01352116071154335,0.022293710207080063,0.002116636376278964,0.009937951336081644,0.08387383778515109,0.4251490592547014,0.022631647027422763,0.021723796405698773,0.08133881700533292
51208558,end,0.028822379724298217,0.030980050630641798,0.021523741379161635,0.05308853196340807,0.0007633536533277637,0.07562318514087286,0.035867491699042194,0.005121067878775484,0.005110029974645219,0.09855008746382894,0.10616642736360835,0.06600178015830678,0.10132506969984761,0.0222366274365964,0.2504722988551424,0.0016910237749264568,0.09530507670059027,0.01123829302610632,0.01669961893544473,0.0012114272310577972,0.025555846289151803,0.017039830335208606,0.25031129922202183,0.026542712190613806,0.025919823606872765,0.0893980509189392
51208558,middle,0.00032230249177134495,0.02610445729718805,0.07425986808137462,0.022237811234722977,0.0012214499893520884,0.15630732538049663,0.02514596335740695,0.02861988790084624,0.006763600767466928,0.15898288343080044,0.15787057008518876,0.03763553270901614,0.07559513220407268,0.09001570492760719,0.31549519438511414,0.0029888910196357137,0.015292198631207085,0.06680578967843172,0.020934280303510557,0.002347446971654617,0.009670148144654379,0.02776796978303742,0.3187634491889249,0.002206059059088402,0.0011100512987284265,0.06334473517440081
51778361,begin,0.0007900972466567758,0.04287603388735492,0.0024719253633560326,0.11186625088134647,0.02667344387641031,0.07207937714049535,0.06773160878776482,0.00415842675309526,0.003975514985572348,0.017469215269041924,0.03401319209292355,0.026564612796782267,0.1263553876671041,0.004292746382416145,0.26548831539924134,0.02859227715664157,0.05490772759291438,0.045191457050122924,0.00136943093193546,0.0031841108908219977,0.07275385800437995,0.030256676630606223,0.2278398453505782,0.024980180281509768,0.024338542888873976,0.08231172451825661
51778361,end,0.0007683268042752982,0.02568307464308001,0.005743904763736089,0.13667965742823956,0.0614209658605617,0.047297324791610966,0.058101783253983234,0.06663826276124879,0.01096795376235536,0.1428984317969646,0.1796342757109954,0.0482413866989594,0.12155629777560858,0.007388782080399118,0.21805235725628735,0.06419309563305468,0.06833213644211314,0.08586091182285752,0.0013973925044549512,0.02468150406913532,0.017809487351104894,0.0036208332916793577,0.13458199256833558,0.002309729490700685,0.0011810882308338848,0.14153512209474667
51778361,middle,0.0006007542636827503,0.0032079101322485,0.021355284495971044,0.09778161862543269,0.034895097309169336,0.18686805327463768,0.05368475579346777,0.0031848764507777685,0.003126029019230302,0.033755096356342155,0.09120413084457918,0.031800980615458906,0.07138001391598027,0.02267874303410792,0.18591008188131608,0.006777185487549659,0.0447869701457045,0.042659338036128654,0.0010028662948144043,0.0467317397834385,0.04129735178210109,0.026684388080332275,0.13241029466073417,0.0016972493557335113,0.0008920405080025077,0.07602558677558666
53490997,begin,0.005208671987100471,0.050075683168911415,0.004041537932207764,0.0762702790677992,0.0022007401521826836,0.1574492443920016,0.06222395519961571,0.005502616838893281,0.005226619601674973,0.09723451049182415,0.10085335138535119,0.0015316942386592463,0.013432326294742074,0.015988793569211377,0.099592016374885,0.003681634420610521,0.04134231074279637,0.024398864296646176,0.029075215445911174,0.0027803255735673036,0.008868489081446813,0.035112760446583825,0.10004416913556664,0.015888960275561134,0.014746187776637587,0.04711421962902614
53490997,end,0.0024550652006486593,0.014896321752022669,0.05785838384321308,0.058307225389342285,0.010565945908545135,0.12081183141554735,0.046239434311320014,0.004858951205656541,0.004618209388821562,0.07542345187073378,0.09181687989593558,0.015235817562798798,0.042586238002673506,0.059523563205701506,0.16456183493463722,0.004067761656319998,0.025978754108535472,0.01785760589583811,0.015435280821726124,0.01886030150228051,0.015459599692019871,0.0048866292183125165,0.12363682405144727,0.0020248035748735506,0.0011860903107706899,0.036909522677795
53490997,middle,0.00325343656868773,0.05838917543420743,0.05519351472680242,0.06145368612022768,0.017908577263711443,0.17989863033909037,0.05662350624349757,0.016655441125864333,0.004665476688715905,0.10140526364041855,0.10488386335087037,0.023699100034743764,0.05898751081426548,0.0671252097007433,0.2029026944813959,0.010747768589228955,0.03731407810838589,0.07013831435175767,0.0018713912375689752,0.0020420973051526264,0.02813171032200556,0.044124316156537106,0.20265102252828232,0.037510323949441676,0.02699032877769548,0.0714992905517114
53491020,begin,0.030640810935731965,0.006512408860659045,0.07452251376735743,0.155636087077712,0.028204339120527503,0.02214701341529772,0.07466103051640725,0.006805698428334124,0.006702386496726527,0.07684511372708332,0.12234701322246289,0.0014435015724629154,0.03189775201803584,0.08480926629835482,0.25898929817846195,0.03291359530728673,0.1421503676075459,0.05142115594313994,0.0019648743378978574,0.004330210205493363,0.0672973762306359,0.004197319704055859,0.1790297799288141,0.003814077385246894,0.0020699980906092996,0.09377106395880155
53491020,end,0.001899952651717747,0.006403432376839939,0.035623947703995726,0.1426946766656,0.002710178883433918,0.15498283593954443,0.08453884822077153,0.0036057559970849224,0.0031852261926073717,0.02069276591841873,0.02364840215965093,0.002020508543683615,0.027481755467619502,0.03803755075485223,0.24142180689358222,0.004823499360438601,0.048635352793688524,0.03992594495510391,0.0031918295467823644,0.0029950987607244134,0.04673189406596682,0.03024231312386859,0.15001651448112893,0.0027981986242837987,0.001670215694863947,0.03243919494837581
53491020,middle,0.001829014405035742,0.00795742264920379,0.003894920019606625,0.18481882154066975,0.0031907838128181526,0.15398484189421868,0.10383530396587705,0.006542087462403094,0.006202874842554092,0.035803575576734956,0.03800528463941998,0.04152718631152548,0.06689788744409389,0.006757729808048696,0.18461510629540293,0.006077703578987982,0.09137069433005679,0.013803290208392605,0.0031305694704168107,0.008084362686089424,0.06721409364316042,0.01820648967267625,0.09583184441081696,0.0037331315168754433,0.0021128146883280774,0.06749434266584836
53491063,begin,0.001381890269645464,0.1509883204934353,0.1095465048400995,0.3341466143417329,0.10781352413466748,0.046040430321692784,0.026670317645394712,0.009840564980447629,0.009690246081930634,0.038431639407810456,0.03910984372348023,0.09228124223290515,0.1090018515564439,0.11219227124855871,0.19614046355817502,0.006689961820486764,0.027446211891502308,0.01513927098242523,0.0024174409387540587,0.006276323023814887,0.005449615944264036,0.006246599938338115,0.31736820132407517,0.018602892584474486,0.016875731656039512,0.12130504925605633
53491063,end,0.0013696851277734455,0.015018000746864076,0.002772154666764947,0.17842547657885857,0.002018209060496146,0.42233520277731135,0.01548577998432211,0.0042121635795520865,0.003892987036838766,0.11586199105462698,0.020531733427736395,0.0016733455317316144,0.00807888509720454,0.004593092910236901,0.1672978096004255,0.004008181254725496,0.013755089599965391,0.012818636434812888,0.002246235651360408,0.002312610466647675,0.004138176005408621,0.004012727163757474,0.16783403544225517,0.0021497898502676124,0.0013239292142398385,0.014530646449209407
53491063,middle,0.000789550980893705,0.004184255993861231,0.0010937710121045965,0.4505108523786767,0.0017680267539836403,0.021525134522460163,0.014618304276134223,0.0029506591025353465,0.0027336541440358643,0.14026648914998185,0.23308605072318567,0.07392461214052336,0.218640645332385,0.0026372212738578083,0.05124123392950386,0.0032439961426992954,0.11416546619715205,0.007011764525393691,0.0013810340777896722,0.004783837254902472,0.10320929365904044,0.0019907060470054482,0.044163284114505055,0.0021470084708897137,0.0012161827123899859,0.08445768403600575
54474410,begin,0.0050320448444257,0.0558616419554795,0.002791797160604159,0.12548939737284612,0.0007660342081044542,0.14985979401169533,0.10617791440520623,0.004816556965792155,0.004695224899179914,0.11045303583874934,0.13593632025535507,0.008553167441836502,0.06242176439851326,0.0065580225063167534,0.25737323436751197,0.01154844320739079,0.03381421014952733,0.017532119714266364,0.016937213125787134,0.007339864651486359,0.007216941916223501,0.028369854100644555,0.21677082436578027,0.0008229830659689519,0.0004357328496777483,0.05807992618369903
54474410,end,0.004048923510164782,0.05615044563204673,0.002613093769613937,0.09015916984853337,0.0018397270621261959,0.18486281193498696,0.0741283278931955,0.006004674721457651,0.005960253233366409,0.1954505343692933,0.1904370868437363,0.029161635376780563,0.05933993320727852,0.003831201939516102,0.13146392885747274,0.009966965156066153,0.05974005311263633,0.01979045610712877,0.018713788997589523,0.021004812000181495,0.03345786945502455,0.030745873512893648,0.1299561214071745,0.01655742279646292,0.01546540188974724,0.08666038051802927
54474410,middle,0.01645006951807735,0.055629251799180206,0.003858026111027643,0.11659049387430578,0.002541014022395645,0.20456278184306254,0.05213782520066004,0.021193706703448154,0.009168263997936835,0.11062420678818366,0.1317960382173134,0.01990461652543884,0.07482264525278012,0.0088251771679441,0.13816459113288215,0.006570061472716359,0.04505458707987688,0.07175315418709317,0.0016549414501672226,0.023983099043910782,0.035876206082033964,0.04037515598555754,0.13201274373973818,0.003521576250444705,0.0018816595198184165,0.07483647959266183
55538972,begin,0.004390152017429311,0.05752151869675438,0.022392769643125258,0.07712643351872762,0.02967064097709432,0.06787988060022178,0.06434468676293764,0.003131736545997879,0.002955315269894217,0.0844293345594455,0.12897420087382847,0.04111301265040714,0.0797628284242329,0.023718573986951274,0.20771881003322776,0.0031141014854595525,0.04416357689197171,0.050642506212423034,0.023957273994162063,0.002726568985723237,0.03444067971803125,0.04964786880264732,0.1892381034809558,0.001426200469172315,0.0008214327572353102,0.10900105311378397
55538972,end,0.0007973405667655351,0.08068977304864472,0.01912669974778003,0.09502179935718022,0.01715459518177284,0.03347947846272216,0.07552880647896895,0.0019296399528782144,0.0017486118627467238,0.09287940362274538,0.10955224862003196,0.07076153954829066,0.06328038158111818,0.03173200020327914,0.17716751203514466,0.030205044327744852,0.027531283946891888,0.06347375762059679,0.0273655021625459,0.05113718428114726,0.03775025761004799,0.08855348341389291,0.2021937358441473,0.018614870982729546,0.018053899192631236,0.10289332860585705
55538972,middle,0.0028820917982128953,0.058913398655066805,0.002561918138379993,0.09516099982173187,0.002630139769578628,0.10042202276567781,0.05968864648792286,0.006407599351334152,0.006431586294572034,0.10752768322207175,0.14168100066963432,0.03233309213958321,0.06735042339160804,0.028369273504725394,0.2304794956408589,0.004814386274667184,0.025147707741436407,0.02574778463983909,0.026497085689065305,0.04228142192300234,0.03889526766043912,0.0708925998371437,0.2279940679543555,0.0028654542314038777,0.0015113014186254638,0.11161706725024684
55583305,begin,0.005905633595664873,0.004983380608158454,0.0073380186030001905,0.06988124334466589,0.01383558085057103,0.06065120312070412,0.0732748913566351,0.0036118839818200027,0.0034942958816773714,0.08507280537284806,0.15883820972124885,0.001315677961689684,0.03176972738596374,0.0024837583051831396,0.2288112515108892,0.020409325058968645,0.028345421172556475,0.0635786968820273,0.027932916768527445,0.04875785815139302,0.04032326637868741,0.03140473976221186,0.18386235244796828,0.031071153605087363,0.029816952724252672,0.034693561432318464
55583305,end,0.0022309828942086466,0.09479868501145072,0.0037117580841848005,0.13689860454027405,0.0034509842423213616,0.08250800838519019,0.06848866147911954,0.007379073253702061,0.007215139360545331,0.08184324647570493,0.08385230265069837,0.016713897824242208,0.029822807442694645,0.006604003227173333,0.27652888742674564,0.039831893806352055,0.026349442518140438,0.05159916368425367,0.022919188532860027,0.005124177236733631,0.03335185754690271,0.04659424967439488,0.2585052606014476,0.003995497178515977,0.00211246880682325,0.10222475571343291
55583305,middle,0.027512272521502467,0.026479525290698736,0.018784814343168525,0.13765831094969166,0.019038604528994883,0.11017487901697545,0.09155434184418927,0.03284282251128324,0.0018841137760695409,0.1540572797651612,0.17293754986530946,0.008493313265622028,0.03829311061047505,0.019210455407197645,0.17557402242282574,0.0032005371531172683,0.04311016620412246,0.03294338188542165,0.0024509178350951124,0.0021309690373066846,0.032473016135281293,0.051936786780660577,0.15099902166713824,0.026882547505903073,0.026152197595998218,0.03761152780372142
55590890,begin,0.004018294226863636,0.02040253311793137,0.029139487679911796,0.18030899674510759,0.03990319928820651,0.021005994164463363,0.0680625813408611,0.02534151214578147,0.003148839884471045,0.08093947527618973,0.10753824610091381,0.009107163269965952,0.049689099670924726,0.050840070506402685,0.23495799367853398,0.003317620056989292,0.027024769678886826,0.08484013482915749,0.0636477624557964,0.0019296773010242896,0.03504436900044492,0.0034611714063274,0.186225311605209,0.0018711428613220591,0.0010282436539990408,0.036146017651548436
55590890,end,0.003543201208479348,0.012592244174559586,0.002568041076456122,0.1645082908401965,0.0005048013922042447,0.1076501167288468,0.07767142381094436,0.0008369896212485578,0.0007356011243410308,0.09734302282558732,0.1471280614779,0.010519244362248782,0.0436917620317328,0.02057928844709396,0.19240555311898722,0.009318148396953116,0.06313131923384156,0.051646439867534644,0.00044922265109353937,0.04271437359187307,0.031902295956964866,0.02936807397926636,0.13053347731761333,0.046051945960964825,0.045818500346577855,0.0284700167790514
55590890,middle,0.00038271009100217045,0.02418893945436143,0.002096655714725836,0.20000031228386825,0.0010800813840461125,0.10374143751834516,0.03412503402052869,0.0035101278801027876,0.003451030572858503,0.13612843465812677,0.13997137381461455,0.0005342026178117301,0.035499375054709154,0.02988739042506126,0.2866457488949092,0.016835493172051658,0.015577099365716964,0.041401081046503155,0.05754739765156817,0.006211683249153508,0.010633737738908357,0.055325372745107695,0.2112175550304369,0.001224226949128267,0.0006644895435136484,0.06810804463974199
55738401,begin,0.0042217517563667905,0.0033332156723766076,0.03385778513004079,0.046803634543023415,0.0011328332729159693,0.10022276374060668,0.11109012435976288,0.019064666804996296,0.01898113942690123,0.20138056762971426,0.23723153075838468,0.04717025064413445,0.09579980764779408,0.034640219310340066,0.21040371115038983,0.0018350635876803849,0.047713572443868014,0.021846906539954917,0.02374046417979601,0.0012939158139722217,0.02652216406735515,0.03727761423420099,0.13871322792603508,0.024333812999949658,0.023741551586170202,0.1215500512880468
55738401,end,0.0032537964365195538,0.006590542663640713,0.009641775326491667,0.06897943592090577,0.0012970349806298985,0.054971514994507496,0.11197441210817644,0.011288151901502388,0.011163431516362073,0.15162654740120116,0.15221408200052672,0.023057114666097313,0.08010899977188297,0.0076176001422446115,0.20800969060240415,0.02580525573239666,0.0898767171967846,0.10009298135863487,0.006687877386458532,0.0018180972239030002,0.04499195005793005,0.015202892777768656,0.19175355936975053,0.052413919964699476,0.05173961634895793,0.03796398890671733
55738401,middle,0.004995150851263222,0.05268995625075084,0.0018517507818763164,0.04463449411963324,0.01418576917667536,0.18031844977326164,0.16302229519422906,0.00311436919462092,0.0029248056562111574,0.07266857760536924,0.05422968247089881,0.049699365671606675,0.0986201774814974,0.0029553398191785665,0.14071985069999232,0.002559268316267885,0.071961266441933,0.0922505035255393,0.0014941002512557128,0.0029844443921240686,0.08961758196607911,0.02741947824095313,0.12066546331420387,0.0013597851316290957,0.0007598368757598758,0.10985747417807672
55817097,begin,0.001663454717351937,0.08663648688244432,0.0015346049437626747,0.05632947632096902,0.0029533058792544135,0.06167413479215144,0.11675773744555462,0.03397764809808983,0.033795980353747104,0.05975997925812915,0.060974562146616736,0.035446562832033894,0.08795185086783434,0.05332907968299861,0.21304821344269054,0.00459111400909646,0.07381577687696766,0.06072372551065462,0.047898862081149685,0.045488206774753015,0.09135562124126423,0.03332093888067813,0.20147079573558127,0.003740664492337079,0.002006618314659255,0.09885583747243065
55817097,end,0.0035081723685250997,0.02886840409353728,0.004464924206969342,0.04851511555677596,0.017110630987712566,0.10980715015362075,0.09291192640766399,0.05675352577205273,0.042994406754736474,0.09410046491711899,0.12621316535367028,0.05651700640412521,0.03278889631707613,0.004311462013401359,0.1689235916877136,0.015198339358000287,0.07987737910368733,0.03507846874027423,0.03262100347836628,0.03324730995736011,0.06886190470752439,0.005406428160446181,0.14793084545422647,0.04813795164093275,0.028947208430587436,0.09760907136643239
55817097,middle,0.003527818310822933,0.06087329608073881,0.02403293613134187,0.07539154132891948,0.032982735749828754,0.06561765671200052,0.048322929350635424,0.004546825452716331,0.004221140694193876,0.2186207614706,0.30554973845101424,0.011144025199124183,0.05312616676574741,0.03713210078961039,0.1456786153409824,0.01686249982153297,0.07695407583034393,0.044281171416331463,0.00689128552649115,0.005717765633773183,0.09994634263530483,0.029753279958445903,0.14923714899273924,0.0021891932449937482,0.0012645513799249548,0.06381054300483127
55849103,begin,0.010075016854034355,0.0625142831971645,0.032791968040097035,0.14779226656125646,0.03701711751178986,0.05952571792290214,0.10063602900198564,0.005004603576748121,0.005064037413622198,0.09883258390361448,0.1766341167176073,0.0017940507801059201,0.009157123193529206,0.029602640924938247,0.18716090380329564,0.011954655570245018,0.03838705004379643,0.05797132208471946,0.02359005677591449,0.006976764531417623,0.011732361429576243,0.06495971501781912,0.20939254941516677,0.002890651640270362,0.0012973840787964112,0.0234045025970255
55849103,end,0.005377208107697603,0.046336768311559244,0.006309352153710821,0.07856174832017668,0.002942767088266956,0.09240953329732168,0.05512652659201788,0.005653964255266376,0.005592828487108939,0.09629674282225117,0.20137015947234027,0.018265908800981088,0.051244506470027915,0.006190081728156961,0.2128844704562712,0.032937469562125406,0.0319404410758042,0.07899740664721708,0.010561255397076103,0.010048143725493518,0.006108056417798985,0.04283762836810697,0.1875362766635212,0.003760357210766173,0.0015236480472828316,0.07387799922170227
55849103,middle,0.018415554125574624,0.08186039356568531,0.028049020958734596,0.02770717530937718,0.013884430998180795,0.06793507614968625,0.035193960475202,0.05792350744582843,0.03442102086103663,0.053555703682195525,0.09497709535946303,0.01408686840022589,0.07193667240970752,0.04788728724609897,0.1859469328890536,0.01573418187565592,0.07775434134832213,0.010128037853519777,0.002658490976829791,0.006047449933744082,0.11138863184404897,0.03208029028186476,0.1777593133606481,0.0023811339221274687,0.0012256790963381722,0.10561912408102712
56916467,begin,0.02663912796032597,0.06289630520268913,0.0024154704623906213,0.06058657197600318,0.0015679993906832148,0.019632155395342306,0.116027763320794,0.0023991338219054355,0.002223069157393549,0.053758061979733665,0.16263621651986382,0.022190187956572984,0.060968787718414526,0.003558056527488851,0.13567393570417358,0.003266521208239666,0.06327253604914601,0.05261702287988387,0.026093927246159297,0.02278452708218744,0.0317260852750701,0.037960875849766484,0.12880157162072975,0.03335029857045221,0.03263387203854863,0.08127431093689225
56916467,end,0.00450150345913518,0.05221014534330874,0.0025091799205834452,0.08007097742340233,0.0014565634411122233,0.02986594537900033,0.13370503917383328,0.00398570003926925,0.0037713166498773674,0.10304907133784014,0.12275364606251866,0.022500811946514574,0.05371013265505047,0.003767504220019829,0.19512005276770683,0.0038387023804051174,0.05740562947602952,0.03590986692796226,0.02662141649221263,0.001752195079994163,0.012299458859799828,0.06977895416564754,0.19794643547250063,0.0015137770948959728,0.0008517413588827057,0.0493126761726808
56916467,middle,0.026663777284114867,0.034448647958000046,0.030609553534143435,0.04564179166631026,0.02870855149798403,0.07717385843740342,0.0597755201039679,0.03234813347045049,0.007126739015495974,0.04111950938504943,0.1021015992896511,0.01737515358899769,0.1019737068276553,0.029654454097298222,0.27711926456401453,0.0031487797071886136,0.013660194980023296,0.03460948453395767,0.027627303764898248,0.01030161432364509,0.004243744554937482,0.030324632047661317,0.22836362374122354,0.0035393715215740304,0.0019171458760871944,0.109947594276688
57200226,begin,0.006001572039183556,0.03662883806153457,0.04120152600855583,0.08455799649748402,0.03826911127370045,0.02971374180338148,0.06366054281699818,0.004603438263087193,0.0041981010146619506,0.13096948619924384,0.16403038378938492,0.02159741258747666,0.04812377845571447,0.0960814816216066,0.28414796364618816,0.02437297427615234,0.03872090681080003,0.058576654029049484,0.01982012012097241,0.022257117086705833,0.010006536473679285,0.005981631553431573,0.258481913383782,0.010088570159213228,0.008733772917520729,0.06570717114235552
57200226,end,0.0008794542960476572,0.060339016831319564,0.0032199711513005024,0.06138393193516138,0.002577630181264636,0.06565165749795027,0.0697569254787722,0.0054571863058184514,0.005226885437093164,0.07003617109315721,0.0780415734446372,0.005733000948271427,0.021215372051894082,0.1472583670186318,0.35870002384956917,0.01686127734613729,0.02426810023793511,0.009212268795416072,0.02462336564230121,0.024740600373145526,0.013053031653147548,0.08003286252691848,0.37181294376024826,0.026180203440630916,0.0247059024484373,0.03433820259348559
57200226,middle,0.006693207161711176,0.04987241462859281,0.0011699141658006828,0.08765194260022866,0.0010737299204715222,0.13532738744568293,0.05270262070256214,0.0158322716244908,0.0014162172706992117,0.10938704930299697,0.12310872302717803,0.005269685331070486,0.07137343929547815,0.09322724769283502,0.18540281163436478,0.04211725146774279,0.03726800154048016,0.06969072888618569,0.003531340795043005,0.04008652331778856,0.024949128957834233,0.04549111948679675,0.18821993481017396,0.02950038272025651,0.029120254721150617,0.02922943401208582
57216633,begin,0.015844444264298787,0.0035334419783851147,0.0610026606953501,0.06319891954687781,0.07731789662415947,0.12045482834034629,0.018795924468373037,0.06293616286069735,0.0038787226062828714,0.17544829736395315,0.2140564112004524,0.0004107781675555817,0.0699666785975273,0.05656640030824597,0.15036527286609175,0.023359480520383842,0.03299775516329423,0.05333394539684301,0.12414772294888912,0.006633269130068438,0.020616817994011275,0.0014901634170149515,0.1332843146170206,0.0019967956454414217,0.0009655782780066247,0.027776845721207928
57216633,end,0.006062443934716304,0.0038644524309043846,0.003945824989962367,0.16767659575114907,0.0014975112248224545,0.24182798552674245,0.07575344405761229,0.005664511692597285,0.005429114003070897,0.10532855792037246,0.07884222956404022,0.047998207238232046,0.0839613206872206,0.005315170916425434,0.12279912648419075,0.004582168261382428,0.029850993305491066,0.03947163725237766,0.0015980673551895166,0.002110210450690298,0.04247884599011045,0.005155888230461476,0.03664184441521273,0.039246583536904356,0.038492833944720244,0.15528239650465855
57216633,middle,0.0024547297317643567,0.06027467719265243,0.0038526596804606293,0.07099537944468895,0.004466849072778525,0.14183825293346955,0.12349388262556593,0.00799415113780057,0.007307787847556756,0.177156344846831,0.17922561209367072,0.00641524216808462,0.04787075956288939,0.00799344811990272,0.2038264085123268,0.011528305490190209,0.02346657620972787,0.04833613030589782,0.004255483471338497,0.008296168625558046,0.00852086466868405,0.05630887423653211,0.22472912396710495,0.005302271586770395,0.0030618920995287447,0.03526413659511808
58013278,begin,0.0021154911476123452,0.008811574681458689,0.003242356421033728,0.1626925122283582,0.003248639818985444,0.02890351363295974,0.02337953014971394,0.005377431035588991,0.005071726627132431,0.21273046109941882,0.2566795872935417,0.0033563116552603836,0.023535494585910633,0.006419629954197729,0.0980019168678911,0.00814480963399058,0.06805738789988713,0.040219308647265126,0.0036546674811512403,0.0075665653094520256,0.07429397699568446,0.006076003998568976,0.064686707600068,0.0033315111359072504,0.0017179163335056277,0.04276182316923046
58013278,end,0.0008805517777627154,0.09135497715885652,0.0016907796180449567,0.289892094002625,0.0015238117223765261,0.1542508382713359,0.010603948310187244,0.002603815336536686,0.0023833830887132488,0.06068590520032806,0.0930764214789098,0.0013338265602171717,0.1318091599597511,0.003269287464304536,0.052518486238461365,0.0033271818677894755,0.009801426828947173,0.03799349183955768,0.001555847387214893,0.002466728584646542,0.00309888058630174,0.0027281527810964143,0.11924279082645207,0.0015667192280515213,0.0008961806169713751,0.025329684169867438
58013278,middle,0.0021609835332884243,0.010059423698439353,0.0063850518222727535,0.188169252801575,0.0036934513914472274,0.14259944035401503,0.028274395843797102,0.01169104938409347,0.011381514074864919,0.0564105781374298,0.058594381766077785,0.011988796281344527,0.0476222635875556,0.009873482867859598,0.370811954170446,0.01591446529556924,0.02839133322743039,0.07951167280778276,0.00374890909432445,0.006050291054834377,0.007552946452572991,0.07314230579145932,0.3022847487423789,0.004216713352896331,0.002264066366505369,0.08867451512977846
58995736,begin,0.021927256796885897,0.04976083498632436,0.01545602411367834,0.07991037271620315,0.015112143385251681,0.03416427201304082,0.14356120264633063,0.004506036351011687,0.004278020908576979,0.1295292125217224,0.16725111191025208,0.055868784003869354,0.09064528641401869,0.02127307793120506,0.2342893946742834,0.0059860641504519575,0.10491196560626287,0.06506082410755429,0.014026819638954541,0.005603784918227785,0.012610317539379664,0.030041307407842503,0.1857838485597401,0.002532797632268438,0.0014667743042779322,0.09807210558485094
58995736,end,0.0006935582251840241,0.018846611207350282,0.0022746680567533426,0.14551996700091366,0.0011190215374766131,0.17230100002970505,0.04580703864861917,0.0037561227425990953,0.003563392825450942,0.10635498834499263,0.12346183955818314,0.011328075957699192,0.03781975304511495,0.0032032337671015648,0.14793979724294218,0.011072432695705185,0.022695608641599238,0.0411287502119158,0.027585358990851308,0.025362187525142695,0.054172119822178746,0.04553491365394139,0.09965597945157897,0.0012347906085229112,0.0006912226535871791,0.06276886591728176
58995736,middle,0.0009727196943711454,0.015215351208913512,0.003854126546764679,0.07161035989136622,0.0016209705451171333,0.1512037256009732,0.06419426330157892,0.003858323428102815,0.00362709861588824,0.14954866315264165,0.13487478403860562,0.02300978032003512,0.06757813640933928,0.008941643131066209,0.13397106289904742,0.003854927707359346,0.04358763270214996,0.08049745306020596,0.016864010144092036,0.0044736769932031085,0.02984092752971134,0.009636651888158172,0.060305171698549154,0.028450458011372998,0.016791182994972915,0.07309001499941307
60217302,begin,0.0009929260852933855,0.0352100970868816,0.0322203095884794,0.057759794954926516,0.03306917639209707,0.06227272926871933,0.06498405580513855,0.022232595949676914,0.003357443263009836,0.1693230203520961,0.23351093440456283,0.019219893767634524,0.10768469613188145,0.045588590603192945,0.19533438293192448,0.004034511169288254,0.07498126101587115,0.03181636053363057,0.0016696746664056114,0.002795095131800228,0.0698392189930596,0.015896509035565744,0.17194515377332373,0.009680329097114424,0.008554918910609185,0.06361337453813365
60217302,end,0.038495472188713326,0.03863929036685215,0.02804104300547152,0.04368848078380498,0.028780024773110757,0.05896454145305108,0.11353019176025715,0.006617059276609438,0.006086192539183717,0.08332079351250166,0.15551120967236354,0.022131968011711533,0.057821383010206014,0.039138201608149764,0.21743408271333903,0.0312615345213732,0.0735423208767469,0.08061200397584568,0.10173782157385393,0.025063048651247786,0.09099359203539811,0.05713424884725756,0.17725388438483966,0.0036858067200627293,0.0020187910906046013,0.05780767824777891
60217302,middle,0.0017489575903320018,0.007723654018567173,0.03626813586063077,0.09338271723005794,0.03602936593827634,0.14888093243815032,0.03929341193961264,0.007915516444229654,0.007375857549197095,0.14165672156649076,0.17994715326092814,0.0021657776063486907,0.04119639230366091,0.04003209134506518,0.2071751363687209,0.011233215472228126,0.12098805865080015,0.05274489234315595,0.0029945731582058715,0.008997817156556455,0.11894793666091329,0.037690638770015994,0.18789851888005063,0.0038984052234891983,0.00211124079233189,0.027378533652348314
60416566,begin,0.00430667519447901,0.0429123153048782,0.004108672545316082,0.07144158387411799,0.002004659529104876,0.08023248365956272,0.0618588851908817,0.005848694313216555,0.005810667879150959,0.14288039812458264,0.1968286607234062,0.0060981823046482265,0.015051096380252508,0.016142470445334713,0.12432303755584126,0.013188742875374795,0.04866098673445559,0.08241139077906996,0.033780079601234365,0.003407099027881218,0.03497322901482391,0.02104533585312463,0.15145202248736223,0.002629339722996855,0.001416626661028253,0.03548336746890276
60416566,end,0.000855122932245618,0.08074433628916734,0.023722664362463158,0.10458738233106483,0.021152587865437892,0.11375124265753103,0.10904787054330609,0.024135657180164104,0.002462939093153709,0.12360852049334427,0.12452366468175124,0.023456380114906153,0.07270302067872106,0.03690554117610134,0.20130296332832215,0.0034430745553366434,0.03230642063237088,0.02638898442026049,0.002107147764209537,0.057211504367419286,0.021177046932421437,0.042986041596626945,0.18149098283942786,0.0016313134796005749,0.0008992699201814213,0.043707655924080054
60416566,middle,0.0010024724172860476,0.0260738016655944,0.0014297712463261464,0.16023533447150243,0.0028476745588072346,0.11896088944808629,0.05645038316800797,0.006012203684558602,0.0058600879459430105,0.08880016410131311,0.12304029533449419,0.0010471680516542221,0.13729019318646246,0.017766993793394414,0.18664583594818476,0.020948450453339942,0.020947476050073962,0.07893015831228106,0.0018251568724671097,0.06895497217790357,0.013201107147283534,0.0026267126309332885,0.09445766436860674,0.0037206484317671602,0.002007730501200128,0.08209038357571993
60576722,begin,0.0040082732240300616,0.06727067878789256,0.00460743495118303,0.059438915755557375,0.0025889271216645174,0.08175983837949091,0.06383296154767991,0.007938317912669917,0.006957017392721492,0.1504581719024108,0.15114269770587183,0.043045521009398645,0.12346288347366603,0.003430866915155559,0.21941826818197668,0.025559524388837945,0.1053148137197264,0.0579869532459856,0.007874332505572191,0.0027775619625162676,0.04515587411489152,0.014794036625533427,0.21374544620638936,0.003121407919191334,0.0015919628461702497,0.09723578858595519
60576722,end,0.03909280153453314,0.032401471717544005,0.05401676802069628,0.039438635020290984,0.040402694668461775,0.04316803762281346,0.11086396825510537,0.002575641296044532,0.0024504592587728637,0.12052981444475913,0.14489432270817507,0.0010020818601876131,0.032157570444121715,0.05050115870650727,0.28577600719686946,0.014091922505442478,0.11706480432719898,0.06822481805812147,0.018815133709662233,0.005019941872621129,0.030010941923684843,0.0928762167451768,0.3052850998111735,0.001240803049488478,0.0006362071474763773,0.016677231157818936
60576722,middle,0.004417308829629163,0.06391608361431497,0.020568483927699437,0.08952204481611883,0.04342902458985545,0.14026139798321902,0.06811796214910973,0.00460011903465419,0.004289591924379908,0.07295888512185075,0.11610070344899559,0.0220310654415168,0.01528015835200061,0.022095189752546016,0.2562811684271954,0.025675027421099197,0.042023568609554994,0.07545620859523108,0.0024169373113873687,0.02778240341381779,0.015091758575899705,0.07792515657809909,0.27846768177371595,0.0020521767548510404,0.0010700964844712938,0.04512546516626901
60686882,begin,0.02666964942119264,0.05041961998244975,0.023074875187432932,0.07899373849829769,0.03742464483023405,0.05367012844043288,0.06840157457311119,0.01045910142268766,0.009564011074381925,0.10407990704006649,0.14030142279874594,0.0026475347505509053,0.03856899128405172,0.04163942790733151,0.22602003316979224,0.00735757490173789,0.05971465239782355,0.10066968652393966,0.019540060811858172,0.028883013795667163,0.03408579100794963,0.02854198476280041,0.229006498416422,0.004476414034817107,0.002740960622702164,0.044560093838227295
60686882,end,0.005540864972193313,0.05883836056988003,0.03276545055205272,0.11981507840937468,0.027434064300893762,0.029089435632381727,0.03735732853183381,0.006251330614278291,0.005312034044316581,0.10290898432705646,0.09841882017397455,0.0014890654193888669,0.01719189920420407,0.029840266200174055,0.2132840108421395,0.012992824973267227,0.04104246361486066,0.1127820066540906,0.029567472977211122,0.005114727559987368,0.02475283761565423,0.03162221011822296,0.20277281608576142,0.014373997039092536,0.013175206182803979,0.08095271873329087
60686882,middle,0.0056436973271730825,0.038964713709295065,0.006685247605657277,0.05513873981473477,0.0018886358953611798,0.07116027039099662,0.10215198503636352,0.006711435478375598,0.0067035085666256305,0.16159554165461765,0.16668693764942702,0.015229601193254054,0.043550318428061334,0.025577600548515517,0.28606314953342654,0.006047619637815575,0.03310620070157498,0.07631174837306524,0.039493836975248824,0.026500576753905804,0.003489982279758196,0.02388335292233846,0.2373858824395211,0.002472432848994063,0.001294812049357598,0.06731384889848413
60797616,begin,0.016884967890953943,0.0644625107637452,0.036724839049696395,0.09640618298140217,0.03762903681578345,0.12024172498719371,0.07822657877040683,0.005687945405661805,0.005425241905145377,0.07670422770893497,0.08603671793925632,0.023013595533729576,0.021569114988169005,0.0383409006111103,0.17640406823022578,0.004187410737619728,0.054531058565892576,0.031241857450913006,0.0029886018490656594,0.01570743214113177,0.023727565387416417,0.036256483555786714,0.21961270830702048,0.03365481308497066,0.03199277041143266,0.04361415515471223
60797616,end,0.0009770379716965206,0.04892418704710408,0.03151007719146194,0.047996754338397604,0.02778632661406745,0.25369340216190617,0.0538730577585995,0.008885585531357047,0.008794225925781607,0.05818963006914187,0.05786190606336447,0.010486899040677651,0.02257027538116238,0.03881651942988876,0.2549704404966728,0.00546769113618793,0.07960625070278934,0.013761202474742773,0.0021419697785504408,0.0046236063053060935,0.016769148799761675,0.07402399626060983,0.26781298263731385,0.052047862773574316,0.017127000889535286,0.054139126894537246
60797616,middle,0.0009837752306366542,0.003849240482018782,0.006133099382489162,0.2373599317590857,0.0014470502988511939,0.189934063554845,0.04270500627485379,0.01071539309899323,0.010561462601610649,0.10612992851927906,0.10731773210362924,0.017485831611840464,0.05597872649484936,0.007596223100061539,0.11845750019247826,0.02154950539829266,0.029512638699887808,0.05418313336680801,0.016013726951352412,0.03666858687405274,0.0029041230202129136,0.0029228214683604268,0.07203581435311578,0.0168948391712016,0.0008222651237522493,0.06594556602839549
60809640,begin,0.003919990244267072,0.05697533871102567,0.002940673357244929,0.1017703123775799,0.001914089612244438,0.08348167281969625,0.09330235270515792,0.005109735241387381,0.0049184974506507485,0.06989884525403345,0.1108603509240949,0.006514004919368484,0.037039949072903984,0.005257493778832028,0.167129547756647,0.02577765993674604,0.08367522626990466,0.034863030372875,0.036754743139793974,0.015730426935798892,0.018481879684685263,0.003429698405786389,0.14105181120943824,0.017195268958828395,0.01632008328723879,0.05438012397458172
60809640,end,0.01194437535543527,0.03232660678423275,0.013150118232621069,0.049900218708717456,0.010640637835339344,0.22244895448814075,0.059436924931957666,0.004083670741874426,0.0038654567856776,0.0738993387553573,0.08709559653463211,0.0057292596965815715,0.07047839317807168,0.04112772853280117,0.21106465475471356,0.004166084279466676,0.05858883407965564,0.04977771710620554,0.013620583034987045,0.004612583031757313,0.022272901979790885,0.05423178302351903,0.19085775714214553,0.01810826061665951,0.017098207012052235,0.05679191887016913
60809640,middle,0.0012282529157479484,0.061689595317720496,0.0028884013587100067,0.0815462202895086,0.008226185249644203,0.07257663355884657,0.07901381050754488,0.017237416017373778,0.017030149336268643,0.13873778176828824,0.16896858567417397,0.011150335272626252,0.06187372068237715,0.025448716587147664,0.19154211999271747,0.010856182905658774,0.07793667158733533,0.07305651145111533,0.016284563907436284,0.008394414018754905,0.04462555468094433,0.005054159941073711,0.19139144075910328,0.01399729364984771,0.0011044509504871411,0.05507549144841743
61229235,begin,0.04451637350661197,0.042565443933833706,0.0022498847149387802,0.07250480846423951,0.002791473156303997,0.03282132640948285,0.11520681333738068,0.002893521716260696,0.0023224371285579673,0.06960033366010715,0.0789495104501112,0.0019242102325291248,0.030636039464785176,0.004712082087901017,0.09117221628341976,0.035363680075898254,0.06742812821044047,0.06933366724695761,0.020774585279393763,0.0030579710473288466,0.039289629267387986,0.02545207921546661,0.09744930243204988,0.049536416341376246,0.048546534676552525,0.03723625110146885
61229235,end,0.027168631731606902,0.045782906860830315,0.002255767741368971,0.08939547373156917,0.01087426931190036,0.03512433271743853,0.04797557111692606,0.0038890710126063964,0.003576693914069844,0.04990301104353172,0.10916562120588884,0.0017354870671147824,0.014765454163348003,0.030775355795491986,0.12095349932999012,0.05983053533975728,0.04732446735785464,0.06233631016208481,0.0597010379617048,0.0024552314314707883,0.020985995660936164,0.030476724078212603,0.122067208200332,0.002231163607095684,0.0012530619598342912,0.049194453433702844
61229235,middle,0.005497260549246171,0.005991246061159657,0.0018435973617646542,0.0519626171266403,0.014614644341821326,0.1284488472230567,0.06560436012827785,0.0027638763113601787,0.002428520561178747,0.08907072737475198,0.09399187125832095,0.007136280090082072,0.044876840520853244,0.017361970747052514,0.12315369371340862,0.004228740984972644,0.0416782723107334,0.021456713021757196,0.023057409979748963,0.005947129226949782,0.019616048462375604,0.004791327931012743,0.08594568665620297,0.011203066181338473,0.010479301800948129,0.018773884577012363
61273778,begin,0.0006294417420227098,0.004264509672442177,0.0018725605197909623,0.11091478158191555,0.011741347702418456,0.10610443143548984,0.010960102890913192,0.0043732397440538265,0.004357634358747233,0.1264200841227658,0.08306697259450681,0.0009057104251850169,0.03894523903984291,0.0038988587101494486,0.16005270270848396,0.015945383130833584,0.01283096144566008,0.10231914402310734,0.026376632168595357,0.007014275694584817,0.028748387480098444,0.00317122535808496,0.09968456652542827,0.018313646107986668,0.0010144520377754552,0.06518356595584297
61273778,end,0.0007738304245277533,0.08844259137995589,0.00227856031858547,0.09035950264133015,0.00254744454553222,0.026171377692316727,0.11180876728965733,0.00659653843747224,0.006573742975483765,0.02396616492073448,0.04214333925653248,0.0025635953197545433,0.03778440393081707,0.10180579934362449,0.19390864312428058,0.011640624383737566,0.1071250344691349,0.08705353599994078,0.0013217304897677944,0.0036568842806692847,0.011182401894275868,0.025287533260240688,0.21856717305290693,0.036204963362738624,0.013060481689637561,0.06705396237485697
61273778,middle,0.001545468412653629,0.02708704945110909,0.004404038398321145,0.059085127221080815,0.014799632818641259,0.15860225208557927,0.030243907381532795,0.007050577761134351,0.00670660581256142,0.10786915645158485,0.10972538805256986,0.015482261248349808,0.03695063168432826,0.006565155041077089,0.22902966861849416,0.02953135482055269,0.05779647365442445,0.04183059307284848,0.023652278863245023,0.0030341171980948593,0.04273437614272347,0.032534593018694005,0.2181268554504616,0.002841637634438069,0.001602958915923796,0.042333715676113326
62316382,begin,0.08988359263198523,0.021969799402194574,0.02119074297688066,0.06370133541349712,0.019382892373287473,0.08789278949310146,0.051317613293812674,0.01935047799584583,0.0026088033923351173,0.06819051457786748,0.09090221713180488,0.0018827599062117087,0.025249657885631244,0.021475520091390848,0.11002126499937338,0.009266928000799689,0.03398807499670439,0.028839766286784526,0.017507591494567182,0.011103664697610056,0.030838308706200523,0.009142974098669526,0.09477980940970154,0.05824485697534217,0.057146147763880606,0.03419155883070011
62316382,end,0.0017193743931898724,0.06951934082282675,0.02522221926840926,0.04156389390661987,0.020701169529955345,0.11994875594883793,0.07278127281916534,0.021758405982839117,0.0026296406220045025,0.05980958039572429,0.11205652937229454,0.048189425028884465,0.07254817951551365,0.03552754031055619,0.1239320618590815,0.004100504937696801,0.0395441740472749,0.045067710531116675,0.0025481420578867364,0.00791625713304155,0.017055095030553535,0.04691435340868739,0.15756068116711774,0.002339975269376215,0.0013924573262606946,0.06534256758452023
62316382,middle,0.020785474168953304,0.032943057932581385,0.008779190617163717,0.11540979737593544,0.0018823379207462674,0.1479313951680925,0.09083981069376623,0.010809307154413934,0.01058175418331302,0.07700040956080928,0.09977144698441517,0.018092020650888777,0.04053900606005038,0.021456084044762354,0.17004317338077946,0.03782833829405367,0.030467826911337818,0.03591296229842809,0.026863412459087008,0.002226298181036097,0.020858343819959754,0.01964642289697614,0.1494737178411904,0.0020641079667996533,0.0012040283647577962,0.08077130633013409
62322599,begin,0.0015329835103419648,0.0583951284131187,0.006533215711719427,0.11148344174218228,0.002455238888719122,0.1007013806797439,0.09780485768559136,0.006008168479629215,0.005806118945718308,0.11929673167875962,0.10129554038343189,0.0027536469683962814,0.031090517018668273,0.005879263601623062,0.26849829394151215,0.03019570627644341,0.06429055494097359,0.013443273855577927,0.0025535761182014036,0.007906031055116572,0.0051027894409104955,0.06446932616718976,0.20008257104186175,0.010564633487669154,0.009412110694967217,0.1287756155037647
62322599,end,0.0009471056696029867,0.05869659376078586,0.005694296193847188,0.08207645989596128,0.00230538225741316,0.1319338333071509,0.0298641508157237,0.011423667741728762,0.011219117701849472,0.1372510857067803,0.1801195350324973,0.04311264794841006,0.05309174051950525,0.03292700751648456,0.16409321550863404,0.020898543364723375,0.03877331966515873,0.05543923884266764,0.0015470034690521477,0.0034320269262368783,0.01716261395734074,0.003168307206426593,0.18130472259472236,0.0031852317469389805,0.001749974587955855,0.08392561316245364
62322599,middle,0.0006552067604962716,0.0742314688826835,0.02302111773139135,0.09950230495896048,0.023406415103462225,0.23413731388359782,0.07017598081369976,0.025792757710049824,0.005022415970936416,0.07540908113091577,0.15794033129466242,0.0008719704033867367,0.11220916591240644,0.031180768627114358,0.19404052572053598,0.0023380495002725096,0.05568157336842776,0.013797757295558176,0.0010827023788918238,0.0071390531420415584,0.04375243214772972,0.04795797133172935,0.1691151856331241,0.002503954842179531,0.0013793514731873303,0.07959824418056502
62626163,begin,0.023310479085539407,0.01609298321308899,0.003194551192266362,0.07886772081587301,0.026233537402170326,0.024741075662765597,0.04558332347931746,0.0045420970108856415,0.004337718037224858,0.0824941970062489,0.09908431287492456,0.028367014920492872,0.08029784239927287,0.015014480748077985,0.1937072380681536,0.018485947313166214,0.03708693988634408,0.1393497035554349,0.039769897508836985,0.004002998622898685,0.015932678048585926,0.01595864192449349,0.163050514978964,0.01820275423326382,0.016851900663741582,0.07719507217979213
62626163,end,0.002407522429193508,0.030360219967837058,0.004855690022840501,0.07874867634778443,0.0015199713276217571,0.23386880299974014,0.056958467231317034,0.0041058918385011856,0.004005652556885987,0.059176938087131106,0.08214872554156276,0.04322884416898993,0.04951329611489183,0.02815305971566774,0.20074884550377883,0.0035821409941674894,0.019639162938288997,0.04973770376483509,0.021808197863060576,0.0027335614755957935,0.01803434493403762,0.0028204105149386783,0.16711520057303325,0.013890760776608535,0.013015345574048227,0.08642608012781856
62626163,middle,0.0077483406743266425,0.050178162746862105,0.005058180761885944,0.10028393795449095,0.0023458646279447782,0.07490111658511288,0.05692774585017474,0.006197949270402968,0.005820062435006859,0.06538103033319248,0.11052278128104695,0.027044210454210477,0.08827447343961232,0.006102185904366124,0.18380940080301322,0.020754704461967897,0.07076834669871225,0.10402368035898871,0.060345745976327664,0.0192784555643055,0.05365178461814768,0.06017150447988196,0.17544506606720736,0.0028999886255384063,0.0015847667067727018,0.0851940125107518
63046139,begin,0.001926925652382986,0.00705239073804163,0.002307065652927053,0.04669603427057015,0.0031062837188508357,0.14078949161793028,0.018773587964162224,0.0030553752708357925,0.0024547788412617884,0.08647632350687666,0.08921420630676855,0.0021611989862563856,0.02223553916855753,0.005458529855029368,0.20607504549110237,0.00435465753719496,0.0653000729457547,0.013881853852874168,0.0033549946432366983,0.016812785415586895,0.05566697166124361,0.004534622258574082,0.19730784073215168,0.002929868181168169,0.001704218020987428,0.015121673880446515
63046139,end,0.0012442546690021464,0.007665178222717584,0.0018259511784614916,0.17990941838844637,0.003556455629479565,0.0959072056308177,0.03756864061472222,0.00623251504554691,0.005971684009727364,0.078318563987326,0.14448168841904838,0.0013991302952617553,0.021558415411126866,0.07034936664928133,0.11760259665803004,0.004396266915828097,0.020263641479916394,0.009724444229033105,0.0022012785992561947,0.01694165084360199,0.005623071701730173,0.0031090741762910047,0.050601795641006656,0.004227206554703267,0.0023597708445858593,0.059391652121198166
63046139,middle,4.071330655537302e-08,0.06483066152101637,5.546618165601248e-08,0.0035354763386196276,0.03934921383151633,0.09675652236928231,0.01428074825380089,0.0031937158216563104,0.00328543280060593,0.14764678191116856,0.17488418108412268,4.586107379127767e-08,0.0020091471250748435,1.1455029699068529e-07,0.09710605264780449,1.2716679496760707e-07,0.0009285409630468784,0.12472187965673322,7.062496055145605e-08,0.09264957358421537,0.0010251092511331084,1.0019001342764329e-07,0.1476614222906884,0.001885855466691661,0.0009897746398948486,0.002030220080105017
63095160,begin,0.007419357303761296,0.007078344462563265,0.007405166088380513,0.1817325026918214,0.00300844991204319,0.05509967616667223,0.05428692226453967,0.024786675558278282,0.008427051315303366,0.13604673353557856,0.1520402820485058,0.011754911129085045,0.03668082117275256,0.008872185461567417,0.0915205573570447,0.13966555806630002,0.0741175196087705,0.04577536555806602,0.050358118565161675,0.004771113919257861,0.014512809674028682,0.022448635890471372,0.0741735301878256,0.0032822082010527105,0.001941218827029447,0.03446732058287946
63095160,end,0.037476229652970504,0.01697740147147032,0.005971147211629021,0.2322008757056202,0.0017652947823858561,0.1079702158954511,0.09651459956021251,0.005088907069272328,0.004822642210469548,0.037431518370410484,0.07730485034842526,0.00218674602549278,0.04851410791224689,0.0059466663505897185,0.14851091677360212,0.12785642658507834,0.06434854346234725,0.03815363935723084,0.001978259741589533,0.0024358563356293643,0.0036589595794602587,0.018644173641650115,0.1280301175084863,0.036694893199855326,0.035962986473368125,0.036086252304398485
63095160,middle,0.00721026238692072,0.022359553693135744,0.007292934382652896,0.20828469849138784,0.008602497685734846,0.07655793718927024,0.0427811195178081,0.009026870806365337,0.008714712651256735,0.09763998464996305,0.1362052650209463,0.0360923092559256,0.06324553305461429,0.021529645455268167,0.11138214971714677,0.15307856569622155,0.033475989214776125,0.04242014108546984,0.04382172455077309,0.004305314166725126,0.020068116252952517,0.008951779396940997,0.1009905793350314,0.012949569744632308,0.0012645622135228352,0.07089164685096142
63130875,begin,0.007282799905276976,0.011239680649403148,0.01915396119210772,0.059984823817096765,0.020947142672821967,0.05690483089999054,0.07606234468589916,0.002793479267629926,0.002579913230244847,0.17700847071805403,0.20173012772671736,0.018006223857638077,0.07519910158316959,0.0205354239949512,0.2082709136189782,0.003621460820101007,0.07387634711018137,0.08008892439119542,0.006801441397631504,0.007660429676173478,0.0370612321547559,0.03648520677869869,0.19287680770386206,0.04527587250508753,0.030039260159461803,0.050616128651427755
63130875,end,0.0011747321450338336,0.004569560311033705,0.0053249791058644505,0.11691975258485698,0.001791311471187905,0.04539423358552219,0.08829657692415026,0.0062342478567479305,0.006151188675397544,0.12401181059892426,0.1602102696438229,0.05723194598600936,0.11808786016125798,0.004416306675125731,0.18550494434895484,0.0042481502372310785,0.09254258874365102,0.024612448022542758,0.019990982647198972,0.0021109234491762567,0.04880333411769028,0.017595764266437455,0.13391595459430916,0.01835258731481395,0.0011269586782451614,0.11440996376874181
63130875,middle,0.0023336012480177286,0.05780238228958799,0.001505031492615928,0.09789483365858333,0.0015500490228135227,0.1684936394065862,0.08895101108941134,0.0038329285893060104,0.003715648530676804,0.10893868495356382,0.0994823776422404,0.0011237045613318054,0.049194076687660564,0.003063335806865974,0.232369500026383,0.002830960958414007,0.036102172492575864,0.03593958893950423,0.018961142913258316,0.0026478897627417826,0.021836338472922313,0.04455271178752146,0.2140230732388593,0.001974542457837259,0.0010571407699640288,0.045648134477881394
63830782,begin,0.0007882559902819996,0.07131775675624055,0.0010986306739729397,0.0827714551900558,0.03692465127103282,0.03756388340460194,0.08473231481735476,0.004629977698124696,0.004392494573987528,0.07274851729151251,0.08423055179482834,0.028602043439017233,0.05560527986754361,0.003450462199441157,0.21127253497840437,0.017897192840671924,0.0725853455799469,0.10768948395540373,0.019109865904175752,0.005323750062510369,0.015239157004891654,0.018731804984843937,0.19018560423541642,0.02212188012404563,0.020526723109681212,0.12344512725119225
63830782,end,0.022024489292361577,0.03036835452896423,0.0022936067370404136,0.04859509487652119,0.01099708041281356,0.12123751160899664,0.04276841862171335,0.004271183464358114,0.0039733863963885025,0.11201583724601168,0.12658346780116017,0.0015266599072403277,0.028551573446613625,0.009155209692589459,0.16907410516453567,0.01579464338516201,0.04279547498542054,0.0989272504881922,0.022354228244788773,0.006664410935359793,0.004474407943756167,0.026624474941842384,0.16567500586073888,0.023977188193188243,0.02262537134942278,0.030642975255236533
63830782,middle,0.0011958427979797592,0.06633198210245847,0.002625023401318556,0.08806166031001067,0.022530778388998834,0.11944591723971106,0.039960566625497095,0.005330640136190159,0.004910584901001288,0.05881562260337206,0.06590378516097875,0.011807714076227337,0.046109736215829374,0.01526966517664363,0.21180731908176317,0.006369958486320806,0.025231059969363586,0.06733948729066459,0.017978029218390364,0.028249622724410173,0.03057362037357886,0.06854883557356206,0.21307363297553328,0.0032079873364395366,0.0018005883250001233,0.07642594412764331
75599070,begin,0.0014469377103359811,0.13505759643087473,0.009006811454661692,0.1357405889391059,0.009023872420737176,0.045029558244706024,0.028197662812116,0.013478178932203334,0.013432862293592349,0.10176633996914032,0.10337738341156485,0.05759818023768413,0.08007081786665753,0.008396806419303423,0.158906870975348,0.007240806585281863,0.030732203024313155,0.20130381900488956,0.007728634341367606,0.008227172238602809,0.011441818199164733,0.010212986017606295,0.2580928128934434,0.006332544984845631,0.0033077221402300606,0.09382356761512135
75599070,end,0.0007951327337701724,0.003032142059881777,0.002542057798237206,0.1424549358824475,0.0011679308163445052,0.18123185833019634,0.032521747599753396,0.004275732708919658,0.0041315875735155345,0.05375595572340058,0.05490038189320336,0.001140155366467166,0.014396924883589117,0.003556970167973985,0.495797938272329,0.002550783704167831,0.009142823982787146,0.005557658095666904,0.0013015192223225663,0.010099364789538065,0.017919489198691577,0.1190588434222016,0.26596308762403514,0.0012961383837819355,0.0007343159858838786,0.23329363745445691
75599070,middle,0.0004692761284211932,0.0077553361569155585,0.0065164586410294606,0.17513997410406754,0.0035403938427393394,0.08838824789643365,0.2018967470478725,0.017008256334682406,0.017346470595321347,0.23214095192358392,0.23054369533192723,0.0009381251009044911,0.026588338641020986,0.007115586319320317,0.1770650739724006,0.12821918339224883,0.19262436980354608,0.008132241673371522,0.0007594500336162034,0.0363880048549928,0.003751585208977039,0.007167362555451594,0.1639858999597677,0.00513317436330065,0.0027113936888881057,0.047221008711161604
8686068,begin,0.0008708639275464453,0.09612369314621173,0.08112358541380987,0.05034432066485573,0.07839302737976715,0.08299612133994749,0.011454118207911281,0.0088548381023279,0.008995283761140192,0.19742523660142897,0.1954021512654308,0.0016707790394590877,0.08401002103279283,0.08538867058569106,0.2142715878859325,0.004596478273762048,0.05253104446084384,0.12799235480618873,0.0015276393526536644,0.00590051683043564,0.0029764299878094584,0.09725653998009584,0.21632724701264328,0.037159416636648346,0.03590895874064767,0.09647066467144227
8686068,end,0.08344455049885592,0.004714022667607845,0.002300692944040205,0.03643843297336464,0.0018686258281477822,0.20555977066935993,0.21443211866258105,0.004476458630497635,0.0042604036727948505,0.019286528868452894,0.020855654819082022,0.19119934455931306,0.059219207588195176,0.004196690174256469,0.12040501026392823,0.003483635515072018,0.05866935434132414,0.09255293630244595,0.0018846764106345997,0.1446595279375062,0.0037968713183019723,0.003404961576114207,0.10437761405338168,0.002236736035684438,0.0012501243863423626,0.21061799447699098
8686068,middle,0.0011478293346761223,0.00826843587830453,0.0020003171535331937,0.14867087140186622,0.0030639572979030256,0.4141362924287955,0.013675392172972511,0.008098788376055512,0.008197440400369353,0.06619928869217874,0.029814654806633593,0.028747595473164914,0.048742497871395354,0.003614458463501261,0.05781745014949708,0.005446701752370519,0.015164094011379227,0.08246320226340163,0.002213814784108082,0.01768664732397946,0.0053689744184058545,0.004009919194250646,0.04677177176602025,0.004360162796719778,0.0021435033181409304,0.04958583974953232
