book_id,rating_tier,taxonomy_main_group,taxonomy_main_name,abs_share_subgroup,within_group_share,group_sum,mapping_confidence,modeled_mass,other_share,paratext_share,noise_share,unmapped_share
15197,top,"Conflict, Risk & Harm",Interpersonal Non-Romantic Conflict,0.002191893761072705,0.11013043467107814,0.013014830321933877,high,0.653922624344457,0.33064417944371927,0.0022431861392729962,0.0018638790169275936,3.097632921846991e-05
15197,top,"Conflict, Risk & Harm","Violence, Threats & Coercion",0.01771081313025248,0.8898695653289219,0.013014830321933877,high,0.653922624344457,0.33064417944371927,0.0022431861392729962,0.0018638790169275936,3.097632921846991e-05
15197,top,Embodied & Sensory Experience,Body Parts & Physical Reactions,0.010854371868215012,0.49464281980299657,0.014349585303797041,high,0.653922624344457,0.33064417944371927,0.0022431861392729962,0.0018638790169275936,3.097632921846991e-05
15197,top,Embodied & Sensory Experience,Exercise & Physical Activity,0.011089486272772515,0.5053571801970035,0.014349585303797041,high,0.653922624344457,0.33064417944371927,0.0022431861392729962,0.0018638790169275936,3.097632921846991e-05
15197,top,"Emotions, Cognition & Inner Life",Ambivalence & Internal Conflict,0.011174924552414464,0.05489356393423275,0.1331219084066255,high,0.653922624344457,0.33064417944371927,0.0022431861392729962,0.0018638790169275936,3.097632921846991e-05
15197,top,"Emotions, Cognition & Inner Life","Beliefs, Values & Moral Reflection",0.02832173183143405,0.1391222633965,0.1331219084066255,high,0.653922624344457,0.33064417944371927,0.0022431861392729962,0.0018638790169275936,3.097632921846991e-05
15197,top,"Emotions, Cognition & Inner Life",Negative Emotions & Distress,0.11159643764994745,0.5481850151414612,0.1331219084066255,high,0.653922624344457,0.33064417944371927,0.0022431861392729962,0.0018638790169275936,3.097632921846991e-05
15197,top,"Emotions, Cognition & Inner Life",Positive Emotions & Security,0.05248130980347343,0.25779915752780613,0.1331219084066255,high,0.653922624344457,0.33064417944371927,0.0022431861392729962,0.0018638790169275936,3.097632921846991e-05
15197,top,Relationship Trajectory (Main Couple),"Bonding, Everyday Intimacy & Growth",0.15054617262475123,0.4611293938353737,0.2134879051386967,high,0.653922624344457,0.33064417944371927,0.0022431861392729962,0.0018638790169275936,3.097632921846991e-05
15197,top,Relationship Trajectory (Main Couple),"Conflict, Distance & Breakup Threats",0.11101258584570582,0.34003631926748434,0.2134879051386967,high,0.653922624344457,0.33064417944371927,0.0022431861392729962,0.0018638790169275936,3.097632921846991e-05
15197,top,Relationship Trajectory (Main Couple),"Meeting, First Impressions & Setup",5.50137019418132e-06,1.6850933229834518e-05,0.2134879051386967,high,0.653922624344457,0.33064417944371927,0.0022431861392729962,0.0018638790169275936,3.097632921846991e-05
15197,top,Relationship Trajectory (Main Couple),"Reconciliation, Commitments & HEA",0.01015364014900471,0.031101035951300343,0.2134879051386967,high,0.653922624344457,0.33064417944371927,0.0022431861392729962,0.0018638790169275936,3.097632921846991e-05
15197,top,Relationship Trajectory (Main Couple),"Secrets, Misunderstandings & Hidden Information",0.054754831172862874,0.1677164000126118,0.2134879051386967,medium,0.653922624344457,0.33064417944371927,0.0022431861392729962,0.0018638790169275936,3.097632921846991e-05
15197,top,"Sexuality, Attraction & Intimacy",Attraction & Sexual Tension,0.038169212913151285,0.18347690173283038,0.13603735206775658,high,0.653922624344457,0.33064417944371927,0.0022431861392729962,0.0018638790169275936,3.097632921846991e-05
15197,top,"Sexuality, Attraction & Intimacy",Explicit Sexual Acts,0.09645744874749865,0.46366462639701295,0.13603735206775658,high,0.653922624344457,0.33064417944371927,0.0022431861392729962,0.0018638790169275936,3.097632921846991e-05
15197,top,"Sexuality, Attraction & Intimacy",Kissing & Non-Explicit Affection,0.07340613458054301,0.3528584718701567,0.13603735206775658,high,0.653922624344457,0.33064417944371927,0.0022431861392729962,0.0018638790169275936,3.097632921846991e-05
15197,top,Social World Outside Couple,"Community, Norms & Social Events",0.003163043306203406,0.045010277096501274,0.04595362910726178,high,0.653922624344457,0.33064417944371927,0.0022431861392729962,0.0018638790169275936,3.097632921846991e-05
15197,top,Social World Outside Couple,Family & Kinship,0.04546717228926981,0.6470003175488596,0.04595362910726178,high,0.653922624344457,0.33064417944371927,0.0022431861392729962,0.0018638790169275936,3.097632921846991e-05
15197,top,Social World Outside Couple,Friends & Social Circles,0.021643586528026143,0.3079894053546391,0.04595362910726178,high,0.653922624344457,0.33064417944371927,0.0022431861392729962,0.0018638790169275936,3.097632921846991e-05
15197,top,"Spaces, Time, Activities & Objects",Domestic Spaces & Routines,0.054834119112891315,0.6097140579905919,0.05880997920909301,high,0.653922624344457,0.33064417944371927,0.0022431861392729962,0.0018638790169275936,3.097632921846991e-05
15197,top,"Spaces, Time, Activities & Objects",Public & Leisure Spaces,0.03194012933941897,0.3551501544538016,0.05880997920909301,high,0.653922624344457,0.33064417944371927,0.0022431861392729962,0.0018638790169275936,3.097632921846991e-05
15197,top,"Spaces, Time, Activities & Objects","Time, Seasons & Temporal Framing",0.003159907393801807,0.03513578755560657,0.05880997920909301,high,0.653922624344457,0.33064417944371927,0.0022431861392729962,0.0018638790169275936,3.097632921846991e-05
15197,top,"Work, Wealth, Status & Institutions",Hero's Elite Work & Business World,0.04391720109165364,0.7341782084139891,0.03911645846007406,high,0.653922624344457,0.33064417944371927,0.0022431861392729962,0.0018638790169275936,3.097632921846991e-05
15197,top,"Work, Wealth, Status & Institutions",Heroine's Work & Professional Identity,0.0060482489195734,0.10111055453072006,0.03911645846007406,high,0.653922624344457,0.33064417944371927,0.0022431861392729962,0.0018638790169275936,3.097632921846991e-05
15197,top,"Work, Wealth, Status & Institutions","Law, Medicine, Education & Formal Institutions",0.005202587810570543,0.08697336130118388,0.03911645846007406,high,0.653922624344457,0.33064417944371927,0.0022431861392729962,0.0018638790169275936,3.097632921846991e-05
15197,top,"Work, Wealth, Status & Institutions","Money, Housing & Economic Security",0.0015614850074471838,0.026103855362739632,0.03911645846007406,high,0.653922624344457,0.33064417944371927,0.0022431861392729962,0.0018638790169275936,3.097632921846991e-05
15197,top,"Work, Wealth, Status & Institutions",Shared Workplaces & Professional Interaction,0.003088652905671037,0.05163402039136733,0.03911645846007406,high,0.653922624344457,0.33064417944371927,0.0022431861392729962,0.0018638790169275936,3.097632921846991e-05
21787,top,"Conflict, Risk & Harm",Interpersonal Non-Romantic Conflict,0.0027216123892634387,0.16176932318696757,0.011638231024902213,high,0.691762266889711,0.295122683905488,0.0015334798945074518,0.0013297911139260874,3.4954752757025e-05
21787,top,"Conflict, Risk & Harm","Violence, Threats & Coercion",0.014102420348500386,0.8382306768130324,0.011638231024902213,high,0.691762266889711,0.295122683905488,0.0015334798945074518,0.0013297911139260874,3.4954752757025e-05
21787,top,Embodied & Sensory Experience,Body Parts & Physical Reactions,0.003549380387593467,0.23741985686481407,0.010341710484534541,high,0.691762266889711,0.295122683905488,0.0015334798945074518,0.0013297911139260874,3.4954752757025e-05
21787,top,Embodied & Sensory Experience,Exercise & Physical Activity,0.011400423872521432,0.7625801431351859,0.010341710484534541,high,0.691762266889711,0.295122683905488,0.0015334798945074518,0.0013297911139260874,3.4954752757025e-05
21787,top,"Emotions, Cognition & Inner Life",Ambivalence & Internal Conflict,0.005831439353685164,0.026437804671464605,0.1525833841600754,high,0.691762266889711,0.295122683905488,0.0015334798945074518,0.0013297911139260874,3.4954752757025e-05
21787,top,"Emotions, Cognition & Inner Life","Beliefs, Values & Moral Reflection",0.024575872588018438,0.11141882470272732,0.1525833841600754,high,0.691762266889711,0.295122683905488,0.0015334798945074518,0.0013297911139260874,3.4954752757025e-05
21787,top,"Emotions, Cognition & Inner Life",Negative Emotions & Distress,0.15345090039927245,0.6956952967113658,0.1525833841600754,high,0.691762266889711,0.295122683905488,0.0015334798945074518,0.0013297911139260874,3.4954752757025e-05
21787,top,"Emotions, Cognition & Inner Life",Positive Emotions & Security,0.036713783940518246,0.16644807391444225,0.1525833841600754,high,0.691762266889711,0.295122683905488,0.0015334798945074518,0.0013297911139260874,3.4954752757025e-05
21787,top,Relationship Trajectory (Main Couple),"Bonding, Everyday Intimacy & Growth",0.14696742359922507,0.44796432822501087,0.22695226316519027,high,0.691762266889711,0.295122683905488,0.0015334798945074518,0.0013297911139260874,3.4954752757025e-05
21787,top,Relationship Trajectory (Main Couple),"Conflict, Distance & Breakup Threats",0.12340604860934805,0.37614803546492276,0.22695226316519027,high,0.691762266889711,0.295122683905488,0.0015334798945074518,0.0013297911139260874,3.4954752757025e-05
21787,top,Relationship Trajectory (Main Couple),"Meeting, First Impressions & Setup",6.428747216706962e-06,1.9595154883532487e-05,0.22695226316519027,high,0.691762266889711,0.295122683905488,0.0015334798945074518,0.0013297911139260874,3.4954752757025e-05
21787,top,Relationship Trajectory (Main Couple),"Reconciliation, Commitments & HEA",0.009801551755329945,0.029875638016302587,0.22695226316519027,high,0.691762266889711,0.295122683905488,0.0015334798945074518,0.0013297911139260874,3.4954752757025e-05
21787,top,Relationship Trajectory (Main Couple),"Secrets, Misunderstandings & Hidden Information",0.04789695518702845,0.14599240313888026,0.22695226316519027,medium,0.691762266889711,0.295122683905488,0.0015334798945074518,0.0013297911139260874,3.4954752757025e-05
21787,top,"Sexuality, Attraction & Intimacy",Attraction & Sexual Tension,0.030939847522793777,0.1329738759628888,0.1609565706392068,high,0.691762266889711,0.295122683905488,0.0015334798945074518,0.0013297911139260874,3.4954752757025e-05
21787,top,"Sexuality, Attraction & Intimacy",Explicit Sexual Acts,0.1574741607461957,0.6767954982001094,0.1609565706392068,high,0.691762266889711,0.295122683905488,0.0015334798945074518,0.0013297911139260874,3.4954752757025e-05
21787,top,"Sexuality, Attraction & Intimacy",Kissing & Non-Explicit Affection,0.044262126789513835,0.1902306258370018,0.1609565706392068,high,0.691762266889711,0.295122683905488,0.0015334798945074518,0.0013297911139260874,3.4954752757025e-05
21787,top,Social World Outside Couple,"Community, Norms & Social Events",0.002517972450229922,0.04455300484102661,0.03909586651567259,high,0.691762266889711,0.295122683905488,0.0015334798945074518,0.0013297911139260874,3.4954752757025e-05
21787,top,Social World Outside Couple,Family & Kinship,0.03608103482518413,0.6384178345910384,0.03909586651567259,high,0.691762266889711,0.295122683905488,0.0015334798945074518,0.0013297911139260874,3.4954752757025e-05
21787,top,Social World Outside Couple,Friends & Social Circles,0.01791732555588465,0.31702916056793495,0.03909586651567259,high,0.691762266889711,0.295122683905488,0.0015334798945074518,0.0013297911139260874,3.4954752757025e-05
21787,top,"Spaces, Time, Activities & Objects",Domestic Spaces & Routines,0.03622097812910942,0.4793739440370881,0.05226881070869555,high,0.691762266889711,0.295122683905488,0.0015334798945074518,0.0013297911139260874,3.4954752757025e-05
21787,top,"Spaces, Time, Activities & Objects",Public & Leisure Spaces,0.037124555061967546,0.49133251778131914,0.05226881070869555,high,0.691762266889711,0.295122683905488,0.0015334798945074518,0.0013297911139260874,3.4954752757025e-05
21787,top,"Spaces, Time, Activities & Objects","Time, Seasons & Temporal Framing",0.002213388147182257,0.029293538181592714,0.05226881070869555,high,0.691762266889711,0.295122683905488,0.0015334798945074518,0.0013297911139260874,3.4954752757025e-05
21787,top,"Work, Wealth, Status & Institutions",Hero's Elite Work & Business World,0.03920432066951665,0.7157489956046645,0.0378904754386766,high,0.691762266889711,0.295122683905488,0.0015334798945074518,0.0013297911139260874,3.4954752757025e-05
21787,top,"Work, Wealth, Status & Institutions",Heroine's Work & Professional Identity,0.00564391818939233,0.10304039724053869,0.0378904754386766,high,0.691762266889711,0.295122683905488,0.0015334798945074518,0.0013297911139260874,3.4954752757025e-05
21787,top,"Work, Wealth, Status & Institutions","Law, Medicine, Education & Formal Institutions",0.005010918361810672,0.09148378860475172,0.0378904754386766,high,0.691762266889711,0.295122683905488,0.0015334798945074518,0.0013297911139260874,3.4954752757025e-05
21787,top,"Work, Wealth, Status & Institutions","Money, Housing & Economic Security",0.002284238916317613,0.04170310012147894,0.0378904754386766,high,0.691762266889711,0.295122683905488,0.0015334798945074518,0.0013297911139260874,3.4954752757025e-05
21787,top,"Work, Wealth, Status & Institutions",Shared Workplaces & Professional Interaction,0.0026304434495581087,0.048023718428566196,0.0378904754386766,high,0.691762266889711,0.295122683905488,0.0015334798945074518,0.0013297911139260874,3.4954752757025e-05
161913,trash,"Conflict, Risk & Harm",Interpersonal Non-Romantic Conflict,0.0017655816836343503,0.11033209710170133,0.01076103770297443,high,0.672462717395028,0.30837534911392106,0.0009546864044385984,0.0003381162966862161,4.308861935027475e-05
161913,trash,"Conflict, Risk & Harm","Violence, Threats & Coercion",0.014236848524928455,0.8896679028982986,0.01076103770297443,high,0.672462717395028,0.30837534911392106,0.0009546864044385984,0.0003381162966862161,4.308861935027475e-05
161913,trash,Embodied & Sensory Experience,Body Parts & Physical Reactions,0.00497233301523316,0.4304102453832096,0.0077686546895269215,high,0.672462717395028,0.30837534911392106,0.0009546864044385984,0.0003381162966862161,4.308861935027475e-05
161913,trash,Embodied & Sensory Experience,Exercise & Physical Activity,0.006580210328167308,0.5695897546167904,0.0077686546895269215,high,0.672462717395028,0.30837534911392106,0.0009546864044385984,0.0003381162966862161,4.308861935027475e-05
161913,trash,"Emotions, Cognition & Inner Life",Ambivalence & Internal Conflict,0.004897360957193071,0.024489466923904052,0.13447792340974973,high,0.672462717395028,0.30837534911392106,0.0009546864044385984,0.0003381162966862161,4.308861935027475e-05
161913,trash,"Emotions, Cognition & Inner Life","Beliefs, Values & Moral Reflection",0.024372686094888015,0.12187667913078545,0.13447792340974973,high,0.672462717395028,0.30837534911392106,0.0009546864044385984,0.0003381162966862161,4.308861935027475e-05
161913,trash,"Emotions, Cognition & Inner Life",Negative Emotions & Distress,0.12877941234295132,0.6439670644289363,0.13447792340974973,high,0.672462717395028,0.30837534911392106,0.0009546864044385984,0.0003381162966862161,4.308861935027475e-05
161913,trash,"Emotions, Cognition & Inner Life",Positive Emotions & Security,0.04192879951973315,0.2096667895163743,0.13447792340974973,high,0.672462717395028,0.30837534911392106,0.0009546864044385984,0.0003381162966862161,4.308861935027475e-05
161913,trash,Relationship Trajectory (Main Couple),"Bonding, Everyday Intimacy & Growth",0.15246037212332889,0.42749871519183447,0.23982274680546037,high,0.672462717395028,0.30837534911392106,0.0009546864044385984,0.0003381162966862161,4.308861935027475e-05
161913,trash,Relationship Trajectory (Main Couple),"Conflict, Distance & Breakup Threats",0.11414173401099252,0.3200532962099528,0.23982274680546037,high,0.672462717395028,0.30837534911392106,0.0009546864044385984,0.0003381162966862161,4.308861935027475e-05
161913,trash,Relationship Trajectory (Main Couple),"Meeting, First Impressions & Setup",7.608832539517115e-06,2.1335158044361508e-05,0.23982274680546037,high,0.672462717395028,0.30837534911392106,0.0009546864044385984,0.0003381162966862161,4.308861935027475e-05
161913,trash,Relationship Trajectory (Main Couple),"Reconciliation, Commitments & HEA",0.008713683209399817,0.02443315810349569,0.23982274680546037,high,0.672462717395028,0.30837534911392106,0.0009546864044385984,0.0003381162966862161,4.308861935027475e-05
161913,trash,Relationship Trajectory (Main Couple),"Secrets, Misunderstandings & Hidden Information",0.0813101230611406,0.22799349533667262,0.23982274680546037,medium,0.672462717395028,0.30837534911392106,0.0009546864044385984,0.0003381162966862161,4.308861935027475e-05
161913,trash,"Sexuality, Attraction & Intimacy",Attraction & Sexual Tension,0.03897950002266661,0.21136973621036792,0.12401141704531402,high,0.672462717395028,0.30837534911392106,0.0009546864044385984,0.0003381162966862161,4.308861935027475e-05
161913,trash,"Sexuality, Attraction & Intimacy",Explicit Sexual Acts,0.10145551849253018,0.5501513915874278,0.12401141704531402,high,0.672462717395028,0.30837534911392106,0.0009546864044385984,0.0003381162966862161,4.308861935027475e-05
161913,trash,"Sexuality, Attraction & Intimacy",Kissing & Non-Explicit Affection,0.04397879928827466,0.23847887220220432,0.12401141704531402,high,0.672462717395028,0.30837534911392106,0.0009546864044385984,0.0003381162966862161,4.308861935027475e-05
161913,trash,Social World Outside Couple,"Community, Norms & Social Events",0.0031475918630113828,0.02829337214318605,0.07481038904586237,high,0.672462717395028,0.30837534911392106,0.0009546864044385984,0.0003381162966862161,4.308861935027475e-05
161913,trash,Social World Outside Couple,Family & Kinship,0.04019895540679336,0.3613441813906584,0.07481038904586237,high,0.672462717395028,0.30837534911392106,0.0009546864044385984,0.0003381162966862161,4.308861935027475e-05
161913,trash,Social World Outside Couple,Friends & Social Circles,0.06790183440354852,0.6103624464661556,0.07481038904586237,high,0.672462717395028,0.30837534911392106,0.0009546864044385984,0.0003381162966862161,4.308861935027475e-05
161913,trash,"Spaces, Time, Activities & Objects",Domestic Spaces & Routines,0.033206358224361354,0.4977753864298822,0.04485966661891635,high,0.672462717395028,0.30837534911392106,0.0009546864044385984,0.0003381162966862161,4.308861935027475e-05
161913,trash,"Spaces, Time, Activities & Objects",Public & Leisure Spaces,0.03133394048435165,0.4697071635373243,0.04485966661891635,high,0.672462717395028,0.30837534911392106,0.0009546864044385984,0.0003381162966862161,4.308861935027475e-05
161913,trash,"Spaces, Time, Activities & Objects","Time, Seasons & Temporal Framing",0.002169223556986409,0.03251745003279355,0.04485966661891635,high,0.672462717395028,0.30837534911392106,0.0009546864044385984,0.0003381162966862161,4.308861935027475e-05
161913,trash,"Work, Wealth, Status & Institutions",Hero's Elite Work & Business World,0.04107676437434472,0.7692645504763037,0.03590779345787364,high,0.672462717395028,0.30837534911392106,0.0009546864044385984,0.0003381162966862161,4.308861935027475e-05
161913,trash,"Work, Wealth, Status & Institutions",Heroine's Work & Professional Identity,0.006160102672780922,0.11536323967192434,0.03590779345787364,high,0.672462717395028,0.30837534911392106,0.0009546864044385984,0.0003381162966862161,4.308861935027475e-05
161913,trash,"Work, Wealth, Status & Institutions","Law, Medicine, Education & Formal Institutions",0.0036767010272974877,0.06885536887044273,0.03590779345787364,high,0.672462717395028,0.30837534911392106,0.0009546864044385984,0.0003381162966862161,4.308861935027475e-05
161913,trash,"Work, Wealth, Status & Institutions","Money, Housing & Economic Security",0.0007916723836894333,0.014826033881668681,0.03590779345787364,high,0.672462717395028,0.30837534911392106,0.0009546864044385984,0.0003381162966862161,4.308861935027475e-05
161913,trash,"Work, Wealth, Status & Institutions",Shared Workplaces & Professional Interaction,0.0016922082465122838,0.03169080709966053,0.03590779345787364,high,0.672462717395028,0.30837534911392106,0.0009546864044385984,0.0003381162966862161,4.308861935027475e-05
306364,middle,"Conflict, Risk & Harm",Interpersonal Non-Romantic Conflict,0.0029005745286135136,0.11433385290940172,0.01564615582608221,high,0.616734809317917,0.32659279956737797,0.000876783409089182,0.00041214822055927954,3.8987949150013927e-05
306364,middle,"Conflict, Risk & Harm","Violence, Threats & Coercion",0.022468766701511322,0.8856661470905983,0.01564615582608221,high,0.616734809317917,0.32659279956737797,0.000876783409089182,0.00041214822055927954,3.8987949150013927e-05
306364,middle,Embodied & Sensory Experience,Body Parts & Physical Reactions,0.011144598268791992,0.6057470290755863,0.01134675261836168,high,0.616734809317917,0.32659279956737797,0.000876783409089182,0.00041214822055927954,3.8987949150013927e-05
306364,middle,Embodied & Sensory Experience,Exercise & Physical Activity,0.007253508092207341,0.39425297092441375,0.01134675261836168,high,0.616734809317917,0.32659279956737797,0.000876783409089182,0.00041214822055927954,3.8987949150013927e-05
306364,middle,"Emotions, Cognition & Inner Life",Ambivalence & Internal Conflict,0.01065902911981385,0.05395258282333717,0.12184392197214752,high,0.616734809317917,0.32659279956737797,0.000876783409089182,0.00041214822055927954,3.8987949150013927e-05
306364,middle,"Emotions, Cognition & Inner Life","Beliefs, Values & Moral Reflection",0.029839700110113984,0.1510389805223258,0.12184392197214752,high,0.616734809317917,0.32659279956737797,0.000876783409089182,0.00041214822055927954,3.8987949150013927e-05
306364,middle,"Emotions, Cognition & Inner Life",Negative Emotions & Distress,0.10388892104983488,0.5258523599442272,0.12184392197214752,high,0.616734809317917,0.32659279956737797,0.000876783409089182,0.00041214822055927954,3.8987949150013927e-05
306364,middle,"Emotions, Cognition & Inner Life",Positive Emotions & Security,0.05317525703675769,0.2691560767101099,0.12184392197214752,high,0.616734809317917,0.32659279956737797,0.000876783409089182,0.00041214822055927954,3.8987949150013927e-05
306364,middle,Relationship Trajectory (Main Couple),"Bonding, Everyday Intimacy & Growth",0.1674721119351944,0.45190653749692256,0.22855584606612236,high,0.616734809317917,0.32659279956737797,0.000876783409089182,0.00041214822055927954,3.8987949150013927e-05
306364,middle,Relationship Trajectory (Main Couple),"Conflict, Distance & Breakup Threats",0.11640597990743742,0.3141097506685916,0.22855584606612236,high,0.616734809317917,0.32659279956737797,0.000876783409089182,0.00041214822055927954,3.8987949150013927e-05
306364,middle,Relationship Trajectory (Main Couple),"Meeting, First Impressions & Setup",7.32354360641053e-06,1.9761840912720953e-05,0.22855584606612236,high,0.616734809317917,0.32659279956737797,0.000876783409089182,0.00041214822055927954,3.8987949150013927e-05
306364,middle,Relationship Trajectory (Main Couple),"Reconciliation, Commitments & HEA",0.01115455264029938,0.030099430900802512,0.22855584606612236,high,0.616734809317917,0.32659279956737797,0.000876783409089182,0.00041214822055927954,3.8987949150013927e-05
306364,middle,Relationship Trajectory (Main Couple),"Secrets, Misunderstandings & Hidden Information",0.07555018289893972,0.2038645190927706,0.22855584606612236,medium,0.616734809317917,0.32659279956737797,0.000876783409089182,0.00041214822055927954,3.8987949150013927e-05
306364,middle,"Sexuality, Attraction & Intimacy",Attraction & Sexual Tension,0.0330226752212855,0.20886745290641395,0.09750793157272042,high,0.616734809317917,0.32659279956737797,0.000876783409089182,0.00041214822055927954,3.8987949150013927e-05
306364,middle,"Sexuality, Attraction & Intimacy",Explicit Sexual Acts,0.059558843574767595,0.3767079399883032,0.09750793157272042,high,0.616734809317917,0.32659279956737797,0.000876783409089182,0.00041214822055927954,3.8987949150013927e-05
306364,middle,"Sexuality, Attraction & Intimacy",Kissing & Non-Explicit Affection,0.06552198063275345,0.4144246071052827,0.09750793157272042,high,0.616734809317917,0.32659279956737797,0.000876783409089182,0.00041214822055927954,3.8987949150013927e-05
306364,middle,Social World Outside Couple,"Community, Norms & Social Events",0.00429347624697357,0.04424727730695869,0.05984404952464306,high,0.616734809317917,0.32659279956737797,0.000876783409089182,0.00041214822055927954,3.8987949150013927e-05
306364,middle,Social World Outside Couple,Family & Kinship,0.07023304537275919,0.7238006817695147,0.05984404952464306,high,0.616734809317917,0.32659279956737797,0.000876783409089182,0.00041214822055927954,3.8987949150013927e-05
306364,middle,Social World Outside Couple,Friends & Social Circles,0.02250716063800795,0.23195204092352661,0.05984404952464306,high,0.616734809317917,0.32659279956737797,0.000876783409089182,0.00041214822055927954,3.8987949150013927e-05
306364,middle,"Spaces, Time, Activities & Objects",Domestic Spaces & Routines,0.04543382006943681,0.6605355533305386,0.042421060025949676,high,0.616734809317917,0.32659279956737797,0.000876783409089182,0.00041214822055927954,3.8987949150013927e-05
306364,middle,"Spaces, Time, Activities & Objects",Public & Leisure Spaces,0.020723334437288674,0.301284355100849,0.042421060025949676,high,0.616734809317917,0.32659279956737797,0.000876783409089182,0.00041214822055927954,3.8987949150013927e-05
306364,middle,"Spaces, Time, Activities & Objects","Time, Seasons & Temporal Framing",0.002626152978165144,0.03818009156861236,0.042421060025949676,high,0.616734809317917,0.32659279956737797,0.000876783409089182,0.00041214822055927954,3.8987949150013927e-05
306364,middle,"Work, Wealth, Status & Institutions",Hero's Elite Work & Business World,0.048742838440435275,0.7604686633661438,0.039530103762740035,high,0.616734809317917,0.32659279956737797,0.000876783409089182,0.00041214822055927954,3.8987949150013927e-05
306364,middle,"Work, Wealth, Status & Institutions",Heroine's Work & Professional Identity,0.004494954422036923,0.07012870178652712,0.039530103762740035,high,0.616734809317917,0.32659279956737797,0.000876783409089182,0.00041214822055927954,3.8987949150013927e-05
306364,middle,"Work, Wealth, Status & Institutions","Law, Medicine, Education & Formal Institutions",0.004628601221424102,0.07221381225906003,0.039530103762740035,high,0.616734809317917,0.32659279956737797,0.000876783409089182,0.00041214822055927954,3.8987949150013927e-05
306364,middle,"Work, Wealth, Status & Institutions","Money, Housing & Economic Security",0.0016159472595973653,0.02521144217068737,0.039530103762740035,high,0.616734809317917,0.32659279956737797,0.000876783409089182,0.00041214822055927954,3.8987949150013927e-05
306364,middle,"Work, Wealth, Status & Institutions",Shared Workplaces & Professional Interaction,0.004613446936170131,0.07197738041758163,0.039530103762740035,high,0.616734809317917,0.32659279956737797,0.000876783409089182,0.00041214822055927954,3.8987949150013927e-05
1756703,top,"Conflict, Risk & Harm",Interpersonal Non-Romantic Conflict,0.0024858792291746284,0.058923872943793094,0.02520030611633721,high,0.5973337796610368,0.36025732450183334,0.0009547828794719895,0.00030285146534362006,0.0052790784235013264
1756703,top,"Conflict, Risk & Harm","Violence, Threats & Coercion",0.039702101719495946,0.9410761270562068,0.02520030611633721,high,0.5973337796610368,0.36025732450183334,0.0009547828794719895,0.00030285146534362006,0.0052790784235013264
1756703,top,Embodied & Sensory Experience,Body Parts & Physical Reactions,0.010515388446840775,0.5865883550196124,0.0107080146951526,high,0.5973337796610368,0.36025732450183334,0.0009547828794719895,0.00030285146534362006,0.0052790784235013264
1756703,top,Embodied & Sensory Experience,Exercise & Physical Activity,0.007410962045557249,0.4134116449803876,0.0107080146951526,high,0.5973337796610368,0.36025732450183334,0.0009547828794719895,0.00030285146534362006,0.0052790784235013264
1756703,top,"Emotions, Cognition & Inner Life",Ambivalence & Internal Conflict,0.009746392062413832,0.05236292731495585,0.11118265359158315,high,0.5973337796610368,0.36025732450183334,0.0009547828794719895,0.00030285146534362006,0.0052790784235013264
1756703,top,"Emotions, Cognition & Inner Life","Beliefs, Values & Moral Reflection",0.025262047050290577,0.13572147775817578,0.11118265359158315,high,0.5973337796610368,0.36025732450183334,0.0009547828794719895,0.00030285146534362006,0.0052790784235013264
1756703,top,"Emotions, Cognition & Inner Life",Negative Emotions & Distress,0.1010979322617303,0.5431531632231746,0.11118265359158315,high,0.5973337796610368,0.36025732450183334,0.0009547828794719895,0.00030285146534362006,0.0052790784235013264
1756703,top,"Emotions, Cognition & Inner Life",Positive Emotions & Security,0.05002516408748891,0.2687624317036938,0.11118265359158315,high,0.5973337796610368,0.36025732450183334,0.0009547828794719895,0.00030285146534362006,0.0052790784235013264
1756703,top,Relationship Trajectory (Main Couple),"Bonding, Everyday Intimacy & Growth",0.14896946484019838,0.3921775930464954,0.22689846402450609,high,0.5973337796610368,0.36025732450183334,0.0009547828794719895,0.00030285146534362006,0.0052790784235013264
1756703,top,Relationship Trajectory (Main Couple),"Conflict, Distance & Breakup Threats",0.13578375775760204,0.3574648492515445,0.22689846402450609,high,0.5973337796610368,0.36025732450183334,0.0009547828794719895,0.00030285146534362006,0.0052790784235013264
1756703,top,Relationship Trajectory (Main Couple),"Meeting, First Impressions & Setup",8.564781988340687e-05,0.00022547678403480765,0.22689846402450609,high,0.5973337796610368,0.36025732450183334,0.0009547828794719895,0.00030285146534362006,0.0052790784235013264
1756703,top,Relationship Trajectory (Main Couple),"Reconciliation, Commitments & HEA",0.016511272788391165,0.043467641017785386,0.22689846402450609,high,0.5973337796610368,0.36025732450183334,0.0009547828794719895,0.00030285146534362006,0.0052790784235013264
1756703,top,Relationship Trajectory (Main Couple),"Secrets, Misunderstandings & Hidden Information",0.07850191229505867,0.20666443990013997,0.22689846402450609,medium,0.5973337796610368,0.36025732450183334,0.0009547828794719895,0.00030285146534362006,0.0052790784235013264
1756703,top,"Sexuality, Attraction & Intimacy",Attraction & Sexual Tension,0.031239941259434703,0.20318521763651412,0.09184069789107246,high,0.5973337796610368,0.36025732450183334,0.0009547828794719895,0.00030285146534362006,0.0052790784235013264
1756703,top,"Sexuality, Attraction & Intimacy",Explicit Sexual Acts,0.0639549476495656,0.41596428908727073,0.09184069789107246,high,0.5973337796610368,0.36025732450183334,0.0009547828794719895,0.00030285146534362006,0.0052790784235013264
1756703,top,"Sexuality, Attraction & Intimacy",Kissing & Non-Explicit Affection,0.058556164552580954,0.38085049327621523,0.09184069789107246,high,0.5973337796610368,0.36025732450183334,0.0009547828794719895,0.00030285146534362006,0.0052790784235013264
1756703,top,Social World Outside Couple,"Community, Norms & Social Events",0.00419556569701179,0.053798708275174884,0.04658389013344946,high,0.5973337796610368,0.36025732450183334,0.0009547828794719895,0.00030285146534362006,0.0052790784235013264
1756703,top,Social World Outside Couple,Family & Kinship,0.04979907247930005,0.6385612730593895,0.04658389013344946,high,0.5973337796610368,0.36025732450183334,0.0009547828794719895,0.00030285146534362006,0.0052790784235013264
1756703,top,Social World Outside Couple,Friends & Social Circles,0.023991726766725487,0.3076400186654358,0.04658389013344946,high,0.5973337796610368,0.36025732450183334,0.0009547828794719895,0.00030285146534362006,0.0052790784235013264
1756703,top,"Spaces, Time, Activities & Objects",Domestic Spaces & Routines,0.04684850325086863,0.7354001309576201,0.03805301677314552,high,0.5973337796610368,0.36025732450183334,0.0009547828794719895,0.00030285146534362006,0.0052790784235013264
1756703,top,"Spaces, Time, Activities & Objects",Public & Leisure Spaces,0.014318387232968278,0.22476158501459817,0.03805301677314552,high,0.5973337796610368,0.36025732450183334,0.0009547828794719895,0.00030285146534362006,0.0052790784235013264
1756703,top,"Spaces, Time, Activities & Objects","Time, Seasons & Temporal Framing",0.0025378891031121115,0.039838284027781806,0.03805301677314552,high,0.5973337796610368,0.36025732450183334,0.0009547828794719895,0.00030285146534362006,0.0052790784235013264
1756703,top,"Work, Wealth, Status & Institutions",Hero's Elite Work & Business World,0.05446780781546771,0.7823345450866733,0.04158765801228904,high,0.5973337796610368,0.36025732450183334,0.0009547828794719895,0.00030285146534362006,0.0052790784235013264
1756703,top,"Work, Wealth, Status & Institutions",Heroine's Work & Professional Identity,0.004497638333177281,0.0646006876441869,0.04158765801228904,high,0.5973337796610368,0.36025732450183334,0.0009547828794719895,0.00030285146534362006,0.0052790784235013264
1756703,top,"Work, Wealth, Status & Institutions","Law, Medicine, Education & Formal Institutions",0.004268051342545036,0.06130307312511883,0.04158765801228904,high,0.5973337796610368,0.36025732450183334,0.0009547828794719895,0.00030285146534362006,0.0052790784235013264
1756703,top,"Work, Wealth, Status & Institutions","Money, Housing & Economic Security",0.0011648200023339594,0.016730596717259693,0.04158765801228904,high,0.5973337796610368,0.36025732450183334,0.0009547828794719895,0.00030285146534362006,0.0052790784235013264
1756703,top,"Work, Wealth, Status & Institutions",Shared Workplaces & Professional Interaction,0.0052238258178561,0.07503109742676137,0.04158765801228904,high,0.5973337796610368,0.36025732450183334,0.0009547828794719895,0.00030285146534362006,0.0052790784235013264
4066312,top,"Conflict, Risk & Harm",Interpersonal Non-Romantic Conflict,0.0031548820419737274,0.17546069692265154,0.01121195168010583,high,0.6235595592739582,0.35462433648796865,0.0006095642959201121,0.0003285710399647521,0.006090504037020979
4066312,top,"Conflict, Risk & Harm","Violence, Threats & Coercion",0.014825680541591616,0.8245393030773484,0.01121195168010583,high,0.6235595592739582,0.35462433648796865,0.0006095642959201121,0.0003285710399647521,0.006090504037020979
4066312,top,Embodied & Sensory Experience,Body Parts & Physical Reactions,0.011071627278428005,0.5422466707187689,0.012731879048756209,high,0.6235595592739582,0.35462433648796865,0.0006095642959201121,0.0003285710399647521,0.006090504037020979
4066312,top,Embodied & Sensory Experience,Exercise & Physical Activity,0.009346436817294586,0.45775332928123114,0.012731879048756209,high,0.6235595592739582,0.35462433648796865,0.0006095642959201121,0.0003285710399647521,0.006090504037020979
4066312,top,"Emotions, Cognition & Inner Life",Ambivalence & Internal Conflict,0.009799147541630427,0.04731851433995211,0.12913237466461305,high,0.6235595592739582,0.35462433648796865,0.0006095642959201121,0.0003285710399647521,0.006090504037020979
4066312,top,"Emotions, Cognition & Inner Life","Beliefs, Values & Moral Reflection",0.04990718363686408,0.24099379813957297,0.12913237466461305,high,0.6235595592739582,0.35462433648796865,0.0006095642959201121,0.0003285710399647521,0.006090504037020979
4066312,top,"Emotions, Cognition & Inner Life",Negative Emotions & Distress,0.09549899526418601,0.46114935586606476,0.12913237466461305,high,0.6235595592739582,0.35462433648796865,0.0006095642959201121,0.0003285710399647521,0.006090504037020979
4066312,top,"Emotions, Cognition & Inner Life",Positive Emotions & Security,0.051883752289378984,0.2505383316544102,0.12913237466461305,high,0.6235595592739582,0.35462433648796865,0.0006095642959201121,0.0003285710399647521,0.006090504037020979
4066312,top,Relationship Trajectory (Main Couple),"Bonding, Everyday Intimacy & Growth",0.15305609636416057,0.3867449234875206,0.2467765863153161,high,0.6235595592739582,0.35462433648796865,0.0006095642959201121,0.0003285710399647521,0.006090504037020979
4066312,top,Relationship Trajectory (Main Couple),"Conflict, Distance & Breakup Threats",0.15892335878864483,0.40157042871953375,0.2467765863153161,high,0.6235595592739582,0.35462433648796865,0.0006095642959201121,0.0003285710399647521,0.006090504037020979
4066312,top,Relationship Trajectory (Main Couple),"Meeting, First Impressions & Setup",7.740562090522983e-06,1.955899284355913e-05,0.2467765863153161,high,0.6235595592739582,0.35462433648796865,0.0006095642959201121,0.0003285710399647521,0.006090504037020979
4066312,top,Relationship Trajectory (Main Couple),"Reconciliation, Commitments & HEA",0.01402505786221623,0.03543877087342841,0.2467765863153161,high,0.6235595592739582,0.35462433648796865,0.0006095642959201121,0.0003285710399647521,0.006090504037020979
4066312,top,Relationship Trajectory (Main Couple),"Secrets, Misunderstandings & Hidden Information",0.06974238227940568,0.17622631792667368,0.2467765863153161,medium,0.6235595592739582,0.35462433648796865,0.0006095642959201121,0.0003285710399647521,0.006090504037020979
4066312,top,"Sexuality, Attraction & Intimacy",Attraction & Sexual Tension,0.03213354880436692,0.21776531015352255,0.09201273387498328,high,0.6235595592739582,0.35462433648796865,0.0006095642959201121,0.0003285710399647521,0.006090504037020979
4066312,top,"Sexuality, Attraction & Intimacy",Explicit Sexual Acts,0.057904470394294826,0.3924118382148767,0.09201273387498328,high,0.6235595592739582,0.35462433648796865,0.0006095642959201121,0.0003285710399647521,0.006090504037020979
4066312,top,"Sexuality, Attraction & Intimacy",Kissing & Non-Explicit Affection,0.05752243834948063,0.3898228516316008,0.09201273387498328,high,0.6235595592739582,0.35462433648796865,0.0006095642959201121,0.0003285710399647521,0.006090504037020979
4066312,top,Social World Outside Couple,"Community, Norms & Social Events",0.0028713748982026922,0.03906915158337113,0.04582831194101615,high,0.6235595592739582,0.35462433648796865,0.0006095642959201121,0.0003285710399647521,0.006090504037020979
4066312,top,Social World Outside Couple,Family & Kinship,0.048715626622847445,0.6628455943521254,0.04582831194101615,high,0.6235595592739582,0.35462433648796865,0.0006095642959201121,0.0003285710399647521,0.006090504037020979
4066312,top,Social World Outside Couple,Friends & Social Circles,0.021907681159103715,0.2980852540645033,0.04582831194101615,high,0.6235595592739582,0.35462433648796865,0.0006095642959201121,0.0003285710399647521,0.006090504037020979
4066312,top,"Spaces, Time, Activities & Objects",Domestic Spaces & Routines,0.04229412426658705,0.6892445387561033,0.03826349576181899,high,0.6235595592739582,0.35462433648796865,0.0006095642959201121,0.0003285710399647521,0.006090504037020979
4066312,top,"Spaces, Time, Activities & Objects",Public & Leisure Spaces,0.01645421772915657,0.2681455144416963,0.03826349576181899,high,0.6235595592739582,0.35462433648796865,0.0006095642959201121,0.0003285710399647521,0.006090504037020979
4066312,top,"Spaces, Time, Activities & Objects","Time, Seasons & Temporal Framing",0.0026146748849070513,0.04260994680220042,0.03826349576181899,high,0.6235595592739582,0.35462433648796865,0.0006095642959201121,0.0003285710399647521,0.006090504037020979
4066312,top,"Work, Wealth, Status & Institutions",Hero's Elite Work & Business World,0.050592888753241846,0.7599703874273727,0.041511721950327665,high,0.6235595592739582,0.35462433648796865,0.0006095642959201121,0.0003285710399647521,0.006090504037020979
4066312,top,"Work, Wealth, Status & Institutions",Heroine's Work & Professional Identity,0.0039637611469853186,0.05954080047170616,0.041511721950327665,high,0.6235595592739582,0.35462433648796865,0.0006095642959201121,0.0003285710399647521,0.006090504037020979
4066312,top,"Work, Wealth, Status & Institutions","Law, Medicine, Education & Formal Institutions",0.005978251231083361,0.0898010375802759,0.041511721950327665,high,0.6235595592739582,0.35462433648796865,0.0006095642959201121,0.0003285710399647521,0.006090504037020979
4066312,top,"Work, Wealth, Status & Institutions","Money, Housing & Economic Security",0.0011646542134087466,0.01749460715912278,0.041511721950327665,high,0.6235595592739582,0.35462433648796865,0.0006095642959201121,0.0003285710399647521,0.006090504037020979
4066312,top,"Work, Wealth, Status & Institutions",Shared Workplaces & Professional Interaction,0.004872629032763213,0.07319316736152257,0.041511721950327665,high,0.6235595592739582,0.35462433648796865,0.0006095642959201121,0.0003285710399647521,0.006090504037020979
8686068,top,"Conflict, Risk & Harm",Interpersonal Non-Romantic Conflict,0.002355100418513771,0.12609852624772816,0.01266960573096896,high,0.6783653886924969,0.31108320058512906,0.0004419879076513178,0.00024502758593496936,3.861219230663561e-05
8686068,top,"Conflict, Risk & Harm","Violence, Threats & Coercion",0.01632156844189015,0.8739014737522719,0.01266960573096896,high,0.6783653886924969,0.31108320058512906,0.0004419879076513178,0.00024502758593496936,3.861219230663561e-05
8686068,top,Embodied & Sensory Experience,Body Parts & Physical Reactions,0.008380177465959603,0.4232458584365694,0.013431489595685568,high,0.6783653886924969,0.31108320058512906,0.0004419879076513178,0.00024502758593496936,3.861219230663561e-05
8686068,top,Embodied & Sensory Experience,Exercise & Physical Activity,0.011419608636886609,0.5767541415634305,0.013431489595685568,high,0.6783653886924969,0.31108320058512906,0.0004419879076513178,0.00024502758593496936,3.861219230663561e-05
8686068,top,"Emotions, Cognition & Inner Life",Ambivalence & Internal Conflict,0.009300538274827536,0.05255828203897224,0.12004127640957801,high,0.6783653886924969,0.31108320058512906,0.0004419879076513178,0.00024502758593496936,3.861219230663561e-05
8686068,top,"Emotions, Cognition & Inner Life","Beliefs, Values & Moral Reflection",0.019812120924891416,0.11196029827423894,0.12004127640957801,high,0.6783653886924969,0.31108320058512906,0.0004419879076513178,0.00024502758593496936,3.861219230663561e-05
8686068,top,"Emotions, Cognition & Inner Life",Negative Emotions & Distress,0.10930094965654495,0.6176707164062202,0.12004127640957801,high,0.6783653886924969,0.31108320058512906,0.0004419879076513178,0.00024502758593496936,3.861219230663561e-05
8686068,top,"Emotions, Cognition & Inner Life",Positive Emotions & Security,0.03854305551741442,0.2178107032805686,0.12004127640957801,high,0.6783653886924969,0.31108320058512906,0.0004419879076513178,0.00024502758593496936,3.861219230663561e-05
8686068,top,Relationship Trajectory (Main Couple),"Bonding, Everyday Intimacy & Growth",0.1535510264189275,0.46121720123636434,0.22584522312173233,high,0.6783653886924969,0.31108320058512906,0.0004419879076513178,0.00024502758593496936,3.861219230663561e-05
8686068,top,Relationship Trajectory (Main Couple),"Conflict, Distance & Breakup Threats",0.11905890519667157,0.35761411901774004,0.22584522312173233,high,0.6783653886924969,0.31108320058512906,0.0004419879076513178,0.00024502758593496936,3.861219230663561e-05
8686068,top,Relationship Trajectory (Main Couple),"Meeting, First Impressions & Setup",5.854765776574773e-06,1.758580680534878e-05,0.22584522312173233,high,0.6783653886924969,0.31108320058512906,0.0004419879076513178,0.00024502758593496936,3.861219230663561e-05
8686068,top,Relationship Trajectory (Main Couple),"Reconciliation, Commitments & HEA",0.008379287689178255,0.025168647234003364,0.22584522312173233,high,0.6783653886924969,0.31108320058512906,0.0004419879076513178,0.00024502758593496936,3.861219230663561e-05
8686068,top,Relationship Trajectory (Main Couple),"Secrets, Misunderstandings & Hidden Information",0.05193055404416112,0.1559824467050869,0.22584522312173233,medium,0.6783653886924969,0.31108320058512906,0.0004419879076513178,0.00024502758593496936,3.861219230663561e-05
8686068,top,"Sexuality, Attraction & Intimacy",Attraction & Sexual Tension,0.04174086846951741,0.17001749713809527,0.16654497884230993,high,0.6783653886924969,0.31108320058512906,0.0004419879076513178,0.00024502758593496936,3.861219230663561e-05
8686068,top,"Sexuality, Attraction & Intimacy",Explicit Sexual Acts,0.12544845092899387,0.5109723977682559,0.16654497884230993,high,0.6783653886924969,0.31108320058512906,0.0004419879076513178,0.00024502758593496936,3.861219230663561e-05
8686068,top,"Sexuality, Attraction & Intimacy",Kissing & Non-Explicit Affection,0.07831993213231053,0.31901010509364885,0.16654497884230993,high,0.6783653886924969,0.31108320058512906,0.0004419879076513178,0.00024502758593496936,3.861219230663561e-05
8686068,top,Social World Outside Couple,"Community, Norms & Social Events",0.00636979141810516,0.09625103511491379,0.0448935019355808,high,0.6783653886924969,0.31108320058512906,0.0004419879076513178,0.00024502758593496936,3.861219230663561e-05
8686068,top,Social World Outside Couple,Family & Kinship,0.04080277998753694,0.6165523408197858,0.0448935019355808,high,0.6783653886924969,0.31108320058512906,0.0004419879076513178,0.00024502758593496936,3.861219230663561e-05
8686068,top,Social World Outside Couple,Friends & Social Circles,0.01900636797407769,0.28719662406530044,0.0448935019355808,high,0.6783653886924969,0.31108320058512906,0.0004419879076513178,0.00024502758593496936,3.861219230663561e-05
8686068,top,"Spaces, Time, Activities & Objects",Domestic Spaces & Routines,0.052484182143326966,0.6094935677573047,0.058414812728660004,high,0.6783653886924969,0.31108320058512906,0.0004419879076513178,0.00024502758593496936,3.861219230663561e-05
8686068,top,"Spaces, Time, Activities & Objects",Public & Leisure Spaces,0.031412930585381,0.36479522694878674,0.058414812728660004,high,0.6783653886924969,0.31108320058512906,0.0004419879076513178,0.00024502758593496936,3.861219230663561e-05
8686068,top,"Spaces, Time, Activities & Objects","Time, Seasons & Temporal Framing",0.0022140210383767476,0.02571120529390869,0.058414812728660004,high,0.6783653886924969,0.31108320058512906,0.0004419879076513178,0.00024502758593496936,3.861219230663561e-05
8686068,top,"Work, Wealth, Status & Institutions",Hero's Elite Work & Business World,0.03677934141955079,0.6838214310461727,0.03648588813567466,high,0.6783653886924969,0.31108320058512906,0.0004419879076513178,0.00024502758593496936,3.861219230663561e-05
8686068,top,"Work, Wealth, Status & Institutions",Heroine's Work & Professional Identity,0.0071811713809141805,0.13351622679339786,0.03648588813567466,high,0.6783653886924969,0.31108320058512906,0.0004419879076513178,0.00024502758593496936,3.861219230663561e-05
8686068,top,"Work, Wealth, Status & Institutions","Law, Medicine, Education & Formal Institutions",0.0031274629084285448,0.058147483860290214,0.03648588813567466,high,0.6783653886924969,0.31108320058512906,0.0004419879076513178,0.00024502758593496936,3.861219230663561e-05
8686068,top,"Work, Wealth, Status & Institutions","Money, Housing & Economic Security",0.0006897880333364416,0.012824912624017606,0.03648588813567466,high,0.6783653886924969,0.31108320058512906,0.0004419879076513178,0.00024502758593496936,3.861219230663561e-05
8686068,top,"Work, Wealth, Status & Institutions",Shared Workplaces & Professional Interaction,0.006007244667469024,0.11168994567612163,0.03648588813567466,high,0.6783653886924969,0.31108320058512906,0.0004419879076513178,0.00024502758593496936,3.861219230663561e-05
11266880,middle,"Conflict, Risk & Harm",Interpersonal Non-Romantic Conflict,0.0029394258290025947,0.05695547494959518,0.034101980110080504,high,0.6607734254517121,0.3251779489719767,0.0009957759595265977,0.0006553657171137868,0.00016459821219141324
11266880,middle,"Conflict, Risk & Harm","Violence, Threats & Coercion",0.04866976242908755,0.9430445250504048,0.034101980110080504,high,0.6607734254517121,0.3251779489719767,0.0009957759595265977,0.0006553657171137868,0.00016459821219141324
11266880,middle,Embodied & Sensory Experience,Body Parts & Physical Reactions,0.011205390331328398,0.4959835086695875,0.014928367623787025,high,0.6607734254517121,0.3251779489719767,0.0009957759595265977,0.0006553657171137868,0.00016459821219141324
11266880,middle,Embodied & Sensory Experience,Exercise & Physical Activity,0.011386873595723187,0.5040164913304125,0.014928367623787025,high,0.6607734254517121,0.3251779489719767,0.0009957759595265977,0.0006553657171137868,0.00016459821219141324
11266880,middle,"Emotions, Cognition & Inner Life",Ambivalence & Internal Conflict,0.01188880938425719,0.05531023750497215,0.14203174051949932,high,0.6607734254517121,0.3251779489719767,0.0009957759595265977,0.0006553657171137868,0.00016459821219141324
11266880,middle,"Emotions, Cognition & Inner Life","Beliefs, Values & Moral Reflection",0.025957893127532907,0.1207637525010444,0.14203174051949932,high,0.6607734254517121,0.3251779489719767,0.0009957759595265977,0.0006553657171137868,0.00016459821219141324
11266880,middle,"Emotions, Cognition & Inner Life",Negative Emotions & Distress,0.12856381395577304,0.5981166704426178,0.14203174051949932,high,0.6607734254517121,0.3251779489719767,0.0009957759595265977,0.0006553657171137868,0.00016459821219141324
11266880,middle,"Emotions, Cognition & Inner Life",Positive Emotions & Security,0.048537202445928025,0.22580933955136565,0.14203174051949932,high,0.6607734254517121,0.3251779489719767,0.0009957759595265977,0.0006553657171137868,0.00016459821219141324
11266880,middle,Relationship Trajectory (Main Couple),"Bonding, Everyday Intimacy & Growth",0.14625807938629043,0.4308291515705382,0.22431966770067663,high,0.6607734254517121,0.3251779489719767,0.0009957759595265977,0.0006553657171137868,0.00016459821219141324
11266880,middle,Relationship Trajectory (Main Couple),"Conflict, Distance & Breakup Threats",0.12716514535633724,0.3745875230490028,0.22431966770067663,high,0.6607734254517121,0.3251779489719767,0.0009957759595265977,0.0006553657171137868,0.00016459821219141324
11266880,middle,Relationship Trajectory (Main Couple),"Meeting, First Impressions & Setup",6.310836804377651e-06,1.8589690754444618e-05,0.22431966770067663,high,0.6607734254517121,0.3251779489719767,0.0009957759595265977,0.0006553657171137868,0.00016459821219141324
11266880,middle,Relationship Trajectory (Main Couple),"Reconciliation, Commitments & HEA",0.011015746317901882,0.03244883742472286,0.22431966770067663,high,0.6607734254517121,0.3251779489719767,0.0009957759595265977,0.0006553657171137868,0.00016459821219141324
11266880,middle,Relationship Trajectory (Main Couple),"Secrets, Misunderstandings & Hidden Information",0.05503518002852089,0.16211589826498177,0.22431966770067663,medium,0.6607734254517121,0.3251779489719767,0.0009957759595265977,0.0006553657171137868,0.00016459821219141324
11266880,middle,"Sexuality, Attraction & Intimacy",Attraction & Sexual Tension,0.03473714862237681,0.18769889246363927,0.1222883331081969,high,0.6607734254517121,0.3251779489719767,0.0009957759595265977,0.0006553657171137868,0.00016459821219141324
11266880,middle,"Sexuality, Attraction & Intimacy",Explicit Sexual Acts,0.08903598968234078,0.48109753723464654,0.1222883331081969,high,0.6607734254517121,0.3251779489719767,0.0009957759595265977,0.0006553657171137868,0.00016459821219141324
11266880,middle,"Sexuality, Attraction & Intimacy",Kissing & Non-Explicit Affection,0.061295341143588325,0.3312035703017141,0.1222883331081969,high,0.6607734254517121,0.3251779489719767,0.0009957759595265977,0.0006553657171137868,0.00016459821219141324
11266880,middle,Social World Outside Couple,"Community, Norms & Social Events",0.004212236758140772,0.07401963782370378,0.037602644289066865,high,0.6607734254517121,0.3251779489719767,0.0009957759595265977,0.0006553657171137868,0.00016459821219141324
11266880,middle,Social World Outside Couple,Family & Kinship,0.03396235680688896,0.5968043808617531,0.037602644289066865,high,0.6607734254517121,0.3251779489719767,0.0009957759595265977,0.0006553657171137868,0.00016459821219141324
11266880,middle,Social World Outside Couple,Friends & Social Circles,0.01873242303201528,0.32917598131454306,0.037602644289066865,high,0.6607734254517121,0.3251779489719767,0.0009957759595265977,0.0006553657171137868,0.00016459821219141324
11266880,middle,"Spaces, Time, Activities & Objects",Domestic Spaces & Routines,0.04467078075347489,0.6537373493023372,0.045151565605937284,high,0.6607734254517121,0.3251779489719767,0.0009957759595265977,0.0006553657171137868,0.00016459821219141324
11266880,middle,"Spaces, Time, Activities & Objects",Public & Leisure Spaces,0.02109826825722538,0.30876393321769374,0.045151565605937284,high,0.6607734254517121,0.3251779489719767,0.0009957759595265977,0.0006553657171137868,0.00016459821219141324
11266880,middle,"Spaces, Time, Activities & Objects","Time, Seasons & Temporal Framing",0.002562339430157759,0.037498717479969065,0.045151565605937284,high,0.6607734254517121,0.3251779489719767,0.0009957759595265977,0.0006553657171137868,0.00016459821219141324
11266880,middle,"Work, Wealth, Status & Institutions",Hero's Elite Work & Business World,0.04620603584245442,0.7597879553467235,0.04018452828227617,high,0.6607734254517121,0.3251779489719767,0.0009957759595265977,0.0006553657171137868,0.00016459821219141324
11266880,middle,"Work, Wealth, Status & Institutions",Heroine's Work & Professional Identity,0.004846762377354068,0.07969763277891403,0.04018452828227617,high,0.6607734254517121,0.3251779489719767,0.0009957759595265977,0.0006553657171137868,0.00016459821219141324
11266880,middle,"Work, Wealth, Status & Institutions","Law, Medicine, Education & Formal Institutions",0.004671035833598729,0.0768080771408746,0.04018452828227617,high,0.6607734254517121,0.3251779489719767,0.0009957759595265977,0.0006553657171137868,0.00016459821219141324
11266880,middle,"Work, Wealth, Status & Institutions","Money, Housing & Economic Security",0.0015369451553575815,0.02527272456461738,0.04018452828227617,high,0.6607734254517121,0.3251779489719767,0.0009957759595265977,0.0006553657171137868,0.00016459821219141324
11266880,middle,"Work, Wealth, Status & Institutions",Shared Workplaces & Professional Interaction,0.003553603958665968,0.05843361016887048,0.04018452828227617,high,0.6607734254517121,0.3251779489719767,0.0009957759595265977,0.0006553657171137868,0.00016459821219141324
17561022,trash,"Conflict, Risk & Harm",Interpersonal Non-Romantic Conflict,0.003065618779679008,0.15933120601748735,0.012672570689709983,high,0.6586389621297828,0.2928687182649611,0.0009669206569582665,0.0007241656967583529,0.0003173071348081827
17561022,trash,"Conflict, Risk & Harm","Violence, Threats & Coercion",0.016174923335733973,0.8406687939825126,0.012672570689709983,high,0.6586389621297828,0.2928687182649611,0.0009669206569582665,0.0007241656967583529,0.0003173071348081827
17561022,trash,Embodied & Sensory Experience,Body Parts & Physical Reactions,0.002989159225906769,0.21262865592562621,0.009259225769082334,high,0.6586389621297828,0.2928687182649611,0.0009669206569582665,0.0007241656967583529,0.0003173071348081827
17561022,trash,Embodied & Sensory Experience,Exercise & Physical Activity,0.011068961081980258,0.7873713440743739,0.009259225769082334,high,0.6586389621297828,0.2928687182649611,0.0009669206569582665,0.0007241656967583529,0.0003173071348081827
17561022,trash,"Emotions, Cognition & Inner Life",Ambivalence & Internal Conflict,0.005442638061128698,0.027250909610298184,0.13154546160452493,high,0.6586389621297828,0.2928687182649611,0.0009669206569582665,0.0007241656967583529,0.0003173071348081827
17561022,trash,"Emotions, Cognition & Inner Life","Beliefs, Values & Moral Reflection",0.02275012651610734,0.11390829857694432,0.13154546160452493,high,0.6586389621297828,0.2928687182649611,0.0009669206569582665,0.0007241656967583529,0.0003173071348081827
17561022,trash,"Emotions, Cognition & Inner Life",Negative Emotions & Distress,0.13030388402693682,0.6524224696933907,0.13154546160452493,high,0.6586389621297828,0.2928687182649611,0.0009669206569582665,0.0007241656967583529,0.0003173071348081827
17561022,trash,"Emotions, Cognition & Inner Life",Positive Emotions & Security,0.04122652170321063,0.20641832211936673,0.13154546160452493,high,0.6586389621297828,0.2928687182649611,0.0009669206569582665,0.0007241656967583529,0.0003173071348081827
17561022,trash,Relationship Trajectory (Main Couple),"Bonding, Everyday Intimacy & Growth",0.15746456803893158,0.4952957661222973,0.20939468244872508,high,0.6586389621297828,0.2928687182649611,0.0009669206569582665,0.0007241656967583529,0.0003173071348081827
17561022,trash,Relationship Trajectory (Main Couple),"Conflict, Distance & Breakup Threats",0.10908943009220529,0.3431345446551814,0.20939468244872508,high,0.6586389621297828,0.2928687182649611,0.0009669206569582665,0.0007241656967583529,0.0003173071348081827
17561022,trash,Relationship Trajectory (Main Couple),"Meeting, First Impressions & Setup",7.078787935945427e-06,2.226592139181761e-05,0.20939468244872508,high,0.6586389621297828,0.2928687182649611,0.0009669206569582665,0.0007241656967583529,0.0003173071348081827
17561022,trash,Relationship Trajectory (Main Couple),"Reconciliation, Commitments & HEA",0.005873853062125342,0.018475867864927425,0.20939468244872508,high,0.6586389621297828,0.2928687182649611,0.0009669206569582665,0.0007241656967583529,0.0003173071348081827
17561022,trash,Relationship Trajectory (Main Couple),"Secrets, Misunderstandings & Hidden Information",0.045485348788256885,0.143071555436202,0.20939468244872508,medium,0.6586389621297828,0.2928687182649611,0.0009669206569582665,0.0007241656967583529,0.0003173071348081827
17561022,trash,"Sexuality, Attraction & Intimacy",Attraction & Sexual Tension,0.03330968248051231,0.14356763651475457,0.15281337236183132,high,0.6586389621297828,0.2928687182649611,0.0009669206569582665,0.0007241656967583529,0.0003173071348081827
17561022,trash,"Sexuality, Attraction & Intimacy",Explicit Sexual Acts,0.14800249334255092,0.6379036539874554,0.15281337236183132,high,0.6586389621297828,0.2928687182649611,0.0009669206569582665,0.0007241656967583529,0.0003173071348081827
17561022,trash,"Sexuality, Attraction & Intimacy",Kissing & Non-Explicit Affection,0.050701690875153596,0.21852870949778996,0.15281337236183132,high,0.6586389621297828,0.2928687182649611,0.0009669206569582665,0.0007241656967583529,0.0003173071348081827
17561022,trash,Social World Outside Couple,"Community, Norms & Social Events",0.0030854800761749247,0.047637144942214334,0.04266035249402819,high,0.6586389621297828,0.2928687182649611,0.0009669206569582665,0.0007241656967583529,0.0003173071348081827
17561022,trash,Social World Outside Couple,Family & Kinship,0.045158420309314204,0.6972069695887018,0.04266035249402819,high,0.6586389621297828,0.2928687182649611,0.0009669206569582665,0.0007241656967583529,0.0003173071348081827
17561022,trash,Social World Outside Couple,Friends & Social Circles,0.016526565601037345,0.25515588546908397,0.04266035249402819,high,0.6586389621297828,0.2928687182649611,0.0009669206569582665,0.0007241656967583529,0.0003173071348081827
17561022,trash,"Spaces, Time, Activities & Objects",Domestic Spaces & Routines,0.04916270901825499,0.5314286935748301,0.060930988549854244,high,0.6586389621297828,0.2928687182649611,0.0009669206569582665,0.0007241656967583529,0.0003173071348081827
17561022,trash,"Spaces, Time, Activities & Objects",Public & Leisure Spaces,0.040746466124991325,0.4404525644132986,0.060930988549854244,high,0.6586389621297828,0.2928687182649611,0.0009669206569582665,0.0007241656967583529,0.0003173071348081827
17561022,trash,"Spaces, Time, Activities & Objects","Time, Seasons & Temporal Framing",0.0026012775527604346,0.028118742011871273,0.060930988549854244,high,0.6586389621297828,0.2928687182649611,0.0009669206569582665,0.0007241656967583529,0.0003173071348081827
17561022,trash,"Work, Wealth, Status & Institutions",Hero's Elite Work & Business World,0.044668804451541935,0.7535052936829785,0.03904500107721859,high,0.6586389621297828,0.2928687182649611,0.0009669206569582665,0.0007241656967583529,0.0003173071348081827
17561022,trash,"Work, Wealth, Status & Institutions",Heroine's Work & Professional Identity,0.006714107863175853,0.1132583663113213,0.03904500107721859,high,0.6586389621297828,0.2928687182649611,0.0009669206569582665,0.0007241656967583529,0.0003173071348081827
17561022,trash,"Work, Wealth, Status & Institutions","Law, Medicine, Education & Formal Institutions",0.0028439559591404975,0.04797388012787176,0.03904500107721859,high,0.6586389621297828,0.2928687182649611,0.0009669206569582665,0.0007241656967583529,0.0003173071348081827
17561022,trash,"Work, Wealth, Status & Institutions","Money, Housing & Economic Security",0.002162329844502104,0.036475724043354904,0.03904500107721859,high,0.6586389621297828,0.2928687182649611,0.0009669206569582665,0.0007241656967583529,0.0003173071348081827
17561022,trash,"Work, Wealth, Status & Institutions",Shared Workplaces & Professional Interaction,0.0028921431356738543,0.04878673583447366,0.03904500107721859,high,0.6586389621297828,0.2928687182649611,0.0009669206569582665,0.0007241656967583529,0.0003173071348081827
18692741,middle,"Conflict, Risk & Harm",Interpersonal Non-Romantic Conflict,0.0019858977922555757,0.12056662655748607,0.0111380152254453,high,0.6762044489473082,0.31101753386484254,0.000863953475173423,0.00038136208126234895,4.826395946782341e-05
18692741,middle,"Conflict, Risk & Harm","Violence, Threats & Coercion",0.014485474501707559,0.879433373442514,0.0111380152254453,high,0.6762044489473082,0.31101753386484254,0.000863953475173423,0.00038136208126234895,4.826395946782341e-05
18692741,middle,Embodied & Sensory Experience,Body Parts & Physical Reactions,0.0038930743895039645,0.2859111216480863,0.00920745652386911,high,0.6762044489473082,0.31101753386484254,0.000863953475173423,0.00038136208126234895,4.826395946782341e-05
18692741,middle,Embodied & Sensory Experience,Exercise & Physical Activity,0.009723305298921573,0.7140888783519138,0.00920745652386911,high,0.6762044489473082,0.31101753386484254,0.000863953475173423,0.00038136208126234895,4.826395946782341e-05
18692741,middle,"Emotions, Cognition & Inner Life",Ambivalence & Internal Conflict,0.004731088953673529,0.025456130295816663,0.1256743802637294,high,0.6762044489473082,0.31101753386484254,0.000863953475173423,0.00038136208126234895,4.826395946782341e-05
18692741,middle,"Emotions, Cognition & Inner Life","Beliefs, Values & Moral Reflection",0.02088713309830065,0.11238545435582119,0.1256743802637294,high,0.6762044489473082,0.31101753386484254,0.000863953475173423,0.00038136208126234895,4.826395946782341e-05
18692741,middle,"Emotions, Cognition & Inner Life",Negative Emotions & Distress,0.12474357031375777,0.67119612642386,0.1256743802637294,high,0.6762044489473082,0.31101753386484254,0.000863953475173423,0.00038136208126234895,4.826395946782341e-05
18692741,middle,"Emotions, Cognition & Inner Life",Positive Emotions & Security,0.03549084504204454,0.1909622889245021,0.1256743802637294,high,0.6762044489473082,0.31101753386484254,0.000863953475173423,0.00038136208126234895,4.826395946782341e-05
18692741,middle,Relationship Trajectory (Main Couple),"Bonding, Everyday Intimacy & Growth",0.23464265043011145,0.5923041158555525,0.26787996214485865,high,0.6762044489473082,0.31101753386484254,0.000863953475173423,0.00038136208126234895,4.826395946782341e-05
18692741,middle,Relationship Trajectory (Main Couple),"Conflict, Distance & Breakup Threats",0.10362729824892697,0.2615844781642206,0.26787996214485865,high,0.6762044489473082,0.31101753386484254,0.000863953475173423,0.00038136208126234895,4.826395946782341e-05
18692741,middle,Relationship Trajectory (Main Couple),"Meeting, First Impressions & Setup",8.451454517521121e-06,2.1333850800431338e-05,0.26787996214485865,high,0.6762044489473082,0.31101753386484254,0.000863953475173423,0.00038136208126234895,4.826395946782341e-05
18692741,middle,Relationship Trajectory (Main Couple),"Reconciliation, Commitments & HEA",0.014271573641494492,0.03602547018667679,0.26787996214485865,high,0.6762044489473082,0.31101753386484254,0.000863953475173423,0.00038136208126234895,4.826395946782341e-05
18692741,middle,Relationship Trajectory (Main Couple),"Secrets, Misunderstandings & Hidden Information",0.04360234755599806,0.11006460194274953,0.26787996214485865,medium,0.6762044489473082,0.31101753386484254,0.000863953475173423,0.00038136208126234895,4.826395946782341e-05
18692741,middle,"Sexuality, Attraction & Intimacy",Attraction & Sexual Tension,0.02871074934711828,0.1425830188532253,0.1361616312887686,high,0.6762044489473082,0.31101753386484254,0.000863953475173423,0.00038136208126234895,4.826395946782341e-05
18692741,middle,"Sexuality, Attraction & Intimacy",Explicit Sexual Acts,0.12788740813863347,0.6351130897094163,0.1361616312887686,high,0.6762044489473082,0.31101753386484254,0.000863953475173423,0.00038136208126234895,4.826395946782341e-05
18692741,middle,"Sexuality, Attraction & Intimacy",Kissing & Non-Explicit Affection,0.0447634743413389,0.22230389143735843,0.1361616312887686,high,0.6762044489473082,0.31101753386484254,0.000863953475173423,0.00038136208126234895,4.826395946782341e-05
18692741,middle,Social World Outside Couple,"Community, Norms & Social Events",0.002679059354125401,0.048227638293506105,0.03756335409228261,high,0.6762044489473082,0.31101753386484254,0.000863953475173423,0.00038136208126234895,4.826395946782341e-05
18692741,middle,Social World Outside Couple,Family & Kinship,0.032438865028412193,0.583954904482829,0.03756335409228261,high,0.6762044489473082,0.31101753386484254,0.000863953475173423,0.00038136208126234895,4.826395946782341e-05
18692741,middle,Social World Outside Couple,Friends & Social Circles,0.02043236688034886,0.36781745722366477,0.03756335409228261,high,0.6762044489473082,0.31101753386484254,0.000863953475173423,0.00038136208126234895,4.826395946782341e-05
18692741,middle,"Spaces, Time, Activities & Objects",Domestic Spaces & Routines,0.03849042901911896,0.4714129371207781,0.05521146598900081,high,0.6762044489473082,0.31101753386484254,0.000863953475173423,0.00038136208126234895,4.826395946782341e-05
18692741,middle,"Spaces, Time, Activities & Objects",Public & Leisure Spaces,0.039849328752383735,0.48805611130293103,0.05521146598900081,high,0.6762044489473082,0.31101753386484254,0.000863953475173423,0.00038136208126234895,4.826395946782341e-05
18692741,middle,"Spaces, Time, Activities & Objects","Time, Seasons & Temporal Framing",0.0033093145984767107,0.04053095157629095,0.05521146598900081,high,0.6762044489473082,0.31101753386484254,0.000863953475173423,0.00038136208126234895,4.826395946782341e-05
18692741,middle,"Work, Wealth, Status & Institutions",Hero's Elite Work & Business World,0.03709884813923426,0.7528951620898257,0.03331991945988596,high,0.6762044489473082,0.31101753386484254,0.000863953475173423,0.00038136208126234895,4.826395946782341e-05
18692741,middle,"Work, Wealth, Status & Institutions",Heroine's Work & Professional Identity,0.00566563837993041,0.11498016624103434,0.03331991945988596,high,0.6762044489473082,0.31101753386484254,0.000863953475173423,0.00038136208126234895,4.826395946782341e-05
18692741,middle,"Work, Wealth, Status & Institutions","Law, Medicine, Education & Formal Institutions",0.0026999910307182735,0.054794428578602984,0.03331991945988596,high,0.6762044489473082,0.31101753386484254,0.000863953475173423,0.00038136208126234895,4.826395946782341e-05
18692741,middle,"Work, Wealth, Status & Institutions","Money, Housing & Economic Security",0.001102112187847638,0.022366595620341722,0.03331991945988596,high,0.6762044489473082,0.31101753386484254,0.000863953475173423,0.00038136208126234895,4.826395946782341e-05
18692741,middle,"Work, Wealth, Status & Institutions",Shared Workplaces & Professional Interaction,0.002708329277897399,0.0549636474701953,0.03331991945988596,high,0.6762044489473082,0.31101753386484254,0.000863953475173423,0.00038136208126234895,4.826395946782341e-05
20346544,middle,"Conflict, Risk & Harm",Interpersonal Non-Romantic Conflict,0.001709098268185688,0.11323722180648148,0.009536088220357716,high,0.6318186362222098,0.30098317547611064,0.0017295441895818216,0.0006054611199198452,5.717691203488289e-05
20346544,middle,"Conflict, Risk & Harm","Violence, Threats & Coercion",0.013383980146493878,0.8867627781935185,0.009536088220357716,high,0.6318186362222098,0.30098317547611064,0.0017295441895818216,0.0006054611199198452,5.717691203488289e-05
20346544,middle,Embodied & Sensory Experience,Body Parts & Physical Reactions,0.0028564814459651118,0.2254506185986054,0.00800520407884517,high,0.6318186362222098,0.30098317547611064,0.0017295441895818216,0.0006054611199198452,5.717691203488289e-05
20346544,middle,Embodied & Sensory Experience,Exercise & Physical Activity,0.009813616616843138,0.7745493814013946,0.00800520407884517,high,0.6318186362222098,0.30098317547611064,0.0017295441895818216,0.0006054611199198452,5.717691203488289e-05
20346544,middle,"Emotions, Cognition & Inner Life",Ambivalence & Internal Conflict,0.004037457971356773,0.022478915106956023,0.11348150821023148,high,0.6318186362222098,0.30098317547611064,0.0017295441895818216,0.0006054611199198452,5.717691203488289e-05
20346544,middle,"Emotions, Cognition & Inner Life","Beliefs, Values & Moral Reflection",0.0188247846219006,0.10480870350217743,0.11348150821023148,high,0.6318186362222098,0.30098317547611064,0.0017295441895818216,0.0006054611199198452,5.717691203488289e-05
20346544,middle,"Emotions, Cognition & Inner Life",Negative Emotions & Distress,0.12244021673816445,0.6816970621763738,0.11348150821023148,high,0.6318186362222098,0.30098317547611064,0.0017295441895818216,0.0006054611199198452,5.717691203488289e-05
20346544,middle,"Emotions, Cognition & Inner Life",Positive Emotions & Security,0.03430843168116961,0.1910153192144927,0.11348150821023148,high,0.6318186362222098,0.30098317547611064,0.0017295441895818216,0.0006054611199198452,5.717691203488289e-05
20346544,middle,Relationship Trajectory (Main Couple),"Bonding, Everyday Intimacy & Growth",0.19071894673744735,0.5540835223570401,0.21747584970004333,high,0.6318186362222098,0.30098317547611064,0.0017295441895818216,0.0006054611199198452,5.717691203488289e-05
20346544,middle,Relationship Trajectory (Main Couple),"Conflict, Distance & Breakup Threats",0.10148068247920773,0.29482531736441975,0.21747584970004333,high,0.6318186362222098,0.30098317547611064,0.0017295441895818216,0.0006054611199198452,5.717691203488289e-05
20346544,middle,Relationship Trajectory (Main Couple),"Meeting, First Impressions & Setup",1.2309032378402677e-05,3.5760642210452545e-05,0.21747584970004333,high,0.6318186362222098,0.30098317547611064,0.0017295441895818216,0.0006054611199198452,5.717691203488289e-05
20346544,middle,Relationship Trajectory (Main Couple),"Reconciliation, Commitments & HEA",0.006849010659140355,0.019897991340638386,0.21747584970004333,high,0.6318186362222098,0.30098317547611064,0.0017295441895818216,0.0006054611199198452,5.717691203488289e-05
20346544,middle,Relationship Trajectory (Main Couple),"Secrets, Misunderstandings & Hidden Information",0.04514518435877423,0.13115740829569128,0.21747584970004333,medium,0.6318186362222098,0.30098317547611064,0.0017295441895818216,0.0006054611199198452,5.717691203488289e-05
20346544,middle,"Sexuality, Attraction & Intimacy",Attraction & Sexual Tension,0.02702349002565581,0.1277226109162381,0.13367989028326102,high,0.6318186362222098,0.30098317547611064,0.0017295441895818216,0.0006054611199198452,5.717691203488289e-05
20346544,middle,"Sexuality, Attraction & Intimacy",Explicit Sexual Acts,0.14609663631873285,0.6905045876381326,0.13367989028326102,high,0.6318186362222098,0.30098317547611064,0.0017295441895818216,0.0006054611199198452,5.717691203488289e-05
20346544,middle,"Sexuality, Attraction & Intimacy",Kissing & Non-Explicit Affection,0.0384594039501973,0.18177280144562938,0.13367989028326102,high,0.6318186362222098,0.30098317547611064,0.0017295441895818216,0.0006054611199198452,5.717691203488289e-05
20346544,middle,Social World Outside Couple,"Community, Norms & Social Events",0.002627203418885401,0.02325612542331271,0.07137543554587757,high,0.6318186362222098,0.30098317547611064,0.0017295441895818216,0.0006054611199198452,5.717691203488289e-05
20346544,middle,Social World Outside Couple,Family & Kinship,0.09049871078984063,0.801098747682637,0.07137543554587757,high,0.6318186362222098,0.30098317547611064,0.0017295441895818216,0.0006054611199198452,5.717691203488289e-05
20346544,middle,Social World Outside Couple,Friends & Social Circles,0.019842319796918133,0.17564512689405024,0.07137543554587757,high,0.6318186362222098,0.30098317547611064,0.0017295441895818216,0.0006054611199198452,5.717691203488289e-05
20346544,middle,"Spaces, Time, Activities & Objects",Domestic Spaces & Routines,0.039309046952510494,0.5062577732448961,0.04905838438300045,high,0.6318186362222098,0.30098317547611064,0.0017295441895818216,0.0006054611199198452,5.717691203488289e-05
20346544,middle,"Spaces, Time, Activities & Objects",Public & Leisure Spaces,0.037458507689611356,0.4824248401374263,0.04905838438300045,high,0.6318186362222098,0.30098317547611064,0.0017295441895818216,0.0006054611199198452,5.717691203488289e-05
20346544,middle,"Spaces, Time, Activities & Objects","Time, Seasons & Temporal Framing",0.000878753286260751,0.011317386617677595,0.04905838438300045,high,0.6318186362222098,0.30098317547611064,0.0017295441895818216,0.0006054611199198452,5.717691203488289e-05
20346544,middle,"Work, Wealth, Status & Institutions",Hero's Elite Work & Business World,0.033702715782487506,0.730520144176206,0.02914909888855817,high,0.6318186362222098,0.30098317547611064,0.0017295441895818216,0.0006054611199198452,5.717691203488289e-05
20346544,middle,"Work, Wealth, Status & Institutions",Heroine's Work & Professional Identity,0.005683216001940391,0.12318603046462238,0.02914909888855817,high,0.6318186362222098,0.30098317547611064,0.0017295441895818216,0.0006054611199198452,5.717691203488289e-05
20346544,middle,"Work, Wealth, Status & Institutions","Law, Medicine, Education & Formal Institutions",0.003674825341843897,0.07965334176247922,0.02914909888855817,high,0.6318186362222098,0.30098317547611064,0.0017295441895818216,0.0006054611199198452,5.717691203488289e-05
20346544,middle,"Work, Wealth, Status & Institutions","Money, Housing & Economic Security",0.0010149712951833354,0.021999917801203257,0.02914909888855817,high,0.6318186362222098,0.30098317547611064,0.0017295441895818216,0.0006054611199198452,5.717691203488289e-05
20346544,middle,"Work, Wealth, Status & Institutions",Shared Workplaces & Professional Interaction,0.0020595028259917628,0.044640565795489216,0.02914909888855817,high,0.6318186362222098,0.30098317547611064,0.0017295441895818216,0.0006054611199198452,5.717691203488289e-05
22609391,top,"Conflict, Risk & Harm",Interpersonal Non-Romantic Conflict,0.003579903789735688,0.18082395015217534,0.012913766128559708,high,0.6522851841445543,0.3072667559480108,0.0008117178324556735,0.0005774745061858338,0.00018002135620865905
22609391,top,"Conflict, Risk & Harm","Violence, Threats & Coercion",0.016217826470680378,0.8191760498478246,0.012913766128559708,high,0.6522851841445543,0.3072667559480108,0.0008117178324556735,0.0005774745061858338,0.00018002135620865905
22609391,top,Embodied & Sensory Experience,Body Parts & Physical Reactions,0.005587069968730381,0.3010712317814269,0.01210465357921529,high,0.6522851841445543,0.3072667559480108,0.0008117178324556735,0.0005774745061858338,0.00018002135620865905
22609391,top,Embodied & Sensory Experience,Exercise & Physical Activity,0.012970232685767366,0.698928768218573,0.01210465357921529,high,0.6522851841445543,0.3072667559480108,0.0008117178324556735,0.0005774745061858338,0.00018002135620865905
22609391,top,"Emotions, Cognition & Inner Life",Ambivalence & Internal Conflict,0.011097202852949689,0.057026169120307425,0.12693367129667604,high,0.6522851841445543,0.3072667559480108,0.0008117178324556735,0.0005774745061858338,0.00018002135620865905
22609391,top,"Emotions, Cognition & Inner Life","Beliefs, Values & Moral Reflection",0.029682199377352936,0.1525305199864572,0.12693367129667604,high,0.6522851841445543,0.3072667559480108,0.0008117178324556735,0.0005774745061858338,0.00018002135620865905
22609391,top,"Emotions, Cognition & Inner Life",Negative Emotions & Distress,0.10836055057030289,0.5568418604828159,0.12693367129667604,high,0.6522851841445543,0.3072667559480108,0.0008117178324556735,0.0005774745061858338,0.00018002135620865905
22609391,top,"Emotions, Cognition & Inner Life",Positive Emotions & Security,0.04545847497626394,0.23360145041041935,0.12693367129667604,high,0.6522851841445543,0.3072667559480108,0.0008117178324556735,0.0005774745061858338,0.00018002135620865905
22609391,top,Relationship Trajectory (Main Couple),"Bonding, Everyday Intimacy & Growth",0.17407725188914722,0.43259850962506713,0.2624789724825967,high,0.6522851841445543,0.3072667559480108,0.0008117178324556735,0.0005774745061858338,0.00018002135620865905
22609391,top,Relationship Trajectory (Main Couple),"Conflict, Distance & Breakup Threats",0.16199540774267554,0.4025739790527768,0.2624789724825967,high,0.6522851841445543,0.3072667559480108,0.0008117178324556735,0.0005774745061858338,0.00018002135620865905
22609391,top,Relationship Trajectory (Main Couple),"Meeting, First Impressions & Setup",7.213169005899033e-06,1.792541028630628e-05,0.2624789724825967,high,0.6522851841445543,0.3072667559480108,0.0008117178324556735,0.0005774745061858338,0.00018002135620865905
22609391,top,Relationship Trajectory (Main Couple),"Reconciliation, Commitments & HEA",0.009476100925844262,0.023549011103342902,0.2624789724825967,high,0.6522851841445543,0.3072667559480108,0.0008117178324556735,0.0005774745061858338,0.00018002135620865905
22609391,top,Relationship Trajectory (Main Couple),"Secrets, Misunderstandings & Hidden Information",0.056843128480174435,0.14126057480852694,0.2624789724825967,medium,0.6522851841445543,0.3072667559480108,0.0008117178324556735,0.0005774745061858338,0.00018002135620865905
22609391,top,"Sexuality, Attraction & Intimacy",Attraction & Sexual Tension,0.029416106028652408,0.19194618202913752,0.09996390620993216,high,0.6522851841445543,0.3072667559480108,0.0008117178324556735,0.0005774745061858338,0.00018002135620865905
22609391,top,"Sexuality, Attraction & Intimacy",Explicit Sexual Acts,0.06601513131502412,0.4307623993375825,0.09996390620993216,high,0.6522851841445543,0.3072667559480108,0.0008117178324556735,0.0005774745061858338,0.00018002135620865905
22609391,top,"Sexuality, Attraction & Intimacy",Kissing & Non-Explicit Affection,0.05782060500965054,0.3772914186332799,0.09996390620993216,high,0.6522851841445543,0.3072667559480108,0.0008117178324556735,0.0005774745061858338,0.00018002135620865905
22609391,top,Social World Outside Couple,"Community, Norms & Social Events",0.005333243448370328,0.06827154591607512,0.05095527921814445,high,0.6522851841445543,0.3072667559480108,0.0008117178324556735,0.0005774745061858338,0.00018002135620865905
22609391,top,Social World Outside Couple,Family & Kinship,0.040717954620412875,0.5212358549515724,0.05095527921814445,high,0.6522851841445543,0.3072667559480108,0.0008117178324556735,0.0005774745061858338,0.00018002135620865905
22609391,top,Social World Outside Couple,Friends & Social Circles,0.03206690189231011,0.41049259913235236,0.05095527921814445,high,0.6522851841445543,0.3072667559480108,0.0008117178324556735,0.0005774745061858338,0.00018002135620865905
22609391,top,"Spaces, Time, Activities & Objects",Domestic Spaces & Routines,0.041454878483637894,0.589217157754325,0.04589208357144345,high,0.6522851841445543,0.3072667559480108,0.0008117178324556735,0.0005774745061858338,0.00018002135620865905
22609391,top,"Spaces, Time, Activities & Objects",Public & Leisure Spaces,0.024907375420453935,0.35401992453439024,0.04589208357144345,high,0.6522851841445543,0.3072667559480108,0.0008117178324556735,0.0005774745061858338,0.00018002135620865905
22609391,top,"Spaces, Time, Activities & Objects","Time, Seasons & Temporal Framing",0.0039936037590391675,0.05676291771128476,0.04589208357144345,high,0.6522851841445543,0.3072667559480108,0.0008117178324556735,0.0005774745061858338,0.00018002135620865905
22609391,top,"Work, Wealth, Status & Institutions",Hero's Elite Work & Business World,0.04655001178601508,0.7430685242683992,0.04086283030177775,high,0.6522851841445543,0.3072667559480108,0.0008117178324556735,0.0005774745061858338,0.00018002135620865905
22609391,top,"Work, Wealth, Status & Institutions",Heroine's Work & Professional Identity,0.005066283549816805,0.08087207062788822,0.04086283030177775,high,0.6522851841445543,0.3072667559480108,0.0008117178324556735,0.0005774745061858338,0.00018002135620865905
22609391,top,"Work, Wealth, Status & Institutions","Law, Medicine, Education & Formal Institutions",0.0045697881317418925,0.07294661360951246,0.04086283030177775,high,0.6522851841445543,0.3072667559480108,0.0008117178324556735,0.0005774745061858338,0.00018002135620865905
22609391,top,"Work, Wealth, Status & Institutions","Money, Housing & Economic Security",0.0023842745219500635,0.03805969714079511,0.04086283030177775,high,0.6522851841445543,0.3072667559480108,0.0008117178324556735,0.0005774745061858338,0.00018002135620865905
22609391,top,"Work, Wealth, Status & Institutions",Shared Workplaces & Professional Interaction,0.004075293475590616,0.065053094353405,0.04086283030177775,high,0.6522851841445543,0.3072667559480108,0.0008117178324556735,0.0005774745061858338,0.00018002135620865905
22707536,trash,"Conflict, Risk & Harm",Interpersonal Non-Romantic Conflict,0.001318163068726409,0.06434445972012377,0.013093284852077475,high,0.6391321072153833,0.34685101167833376,0.0012223754501681106,0.0005037019618678318,0.006094124007038282
22707536,trash,"Conflict, Risk & Harm","Violence, Threats & Coercion",0.019167875270238034,0.9356555402798763,0.013093284852077475,high,0.6391321072153833,0.34685101167833376,0.0012223754501681106,0.0005037019618678318,0.006094124007038282
22707536,trash,Embodied & Sensory Experience,Body Parts & Physical Reactions,0.011577376065805032,0.4937711393712475,0.014985632352642497,high,0.6391321072153833,0.34685101167833376,0.0012223754501681106,0.0005037019618678318,0.006094124007038282
22707536,trash,Embodied & Sensory Experience,Exercise & Physical Activity,0.011869470342730096,0.5062288606287526,0.014985632352642497,high,0.6391321072153833,0.34685101167833376,0.0012223754501681106,0.0005037019618678318,0.006094124007038282
22707536,trash,"Emotions, Cognition & Inner Life",Ambivalence & Internal Conflict,0.012792553420677115,0.07071017034974045,0.11562879263311993,high,0.6391321072153833,0.34685101167833376,0.0012223754501681106,0.0005037019618678318,0.006094124007038282
22707536,trash,"Emotions, Cognition & Inner Life","Beliefs, Values & Moral Reflection",0.01927566412551352,0.1065452258902741,0.11562879263311993,high,0.6391321072153833,0.34685101167833376,0.0012223754501681106,0.0005037019618678318,0.006094124007038282
22707536,trash,"Emotions, Cognition & Inner Life",Negative Emotions & Distress,0.09597105379039461,0.5304749832972528,0.11562879263311993,high,0.6391321072153833,0.34685101167833376,0.0012223754501681106,0.0005037019618678318,0.006094124007038282
22707536,trash,"Emotions, Cognition & Inner Life",Positive Emotions & Security,0.05287605325397516,0.2922696204627326,0.11562879263311993,high,0.6391321072153833,0.34685101167833376,0.0012223754501681106,0.0005037019618678318,0.006094124007038282
22707536,trash,Relationship Trajectory (Main Couple),"Bonding, Everyday Intimacy & Growth",0.14946768246745926,0.4542907112883095,0.21028295864803728,high,0.6391321072153833,0.34685101167833376,0.0012223754501681106,0.0005037019618678318,0.006094124007038282
22707536,trash,Relationship Trajectory (Main Couple),"Conflict, Distance & Breakup Threats",0.11999827275682642,0.3647216561074034,0.21028295864803728,high,0.6391321072153833,0.34685101167833376,0.0012223754501681106,0.0005037019618678318,0.006094124007038282
22707536,trash,Relationship Trajectory (Main Couple),"Meeting, First Impressions & Setup",7.2230218938223435e-06,2.1953586886650035e-05,0.21028295864803728,high,0.6391321072153833,0.34685101167833376,0.0012223754501681106,0.0005037019618678318,0.006094124007038282
22707536,trash,Relationship Trajectory (Main Couple),"Reconciliation, Commitments & HEA",0.005831749533926812,0.017724966361204287,0.21028295864803728,high,0.6391321072153833,0.34685101167833376,0.0012223754501681106,0.0005037019618678318,0.006094124007038282
22707536,trash,Relationship Trajectory (Main Couple),"Secrets, Misunderstandings & Hidden Information",0.05370836426715635,0.16324071265619614,0.21028295864803728,medium,0.6391321072153833,0.34685101167833376,0.0012223754501681106,0.0005037019618678318,0.006094124007038282
22707536,trash,"Sexuality, Attraction & Intimacy",Attraction & Sexual Tension,0.03624713555832699,0.1517321804148277,0.15268157398502172,high,0.6391321072153833,0.34685101167833376,0.0012223754501681106,0.0005037019618678318,0.006094124007038282
22707536,trash,"Sexuality, Attraction & Intimacy",Explicit Sexual Acts,0.11820176194121867,0.49479802450473437,0.15268157398502172,high,0.6391321072153833,0.34685101167833376,0.0012223754501681106,0.0005037019618678318,0.006094124007038282
22707536,trash,"Sexuality, Attraction & Intimacy",Kissing & Non-Explicit Affection,0.08444001491988477,0.353469795080438,0.15268157398502172,high,0.6391321072153833,0.34685101167833376,0.0012223754501681106,0.0005037019618678318,0.006094124007038282
22707536,trash,Social World Outside Couple,"Community, Norms & Social Events",0.004117902675184974,0.06300939294911151,0.04176970592661372,high,0.6391321072153833,0.34685101167833376,0.0012223754501681106,0.0005037019618678318,0.006094124007038282
22707536,trash,Social World Outside Couple,Family & Kinship,0.03487033030367272,0.5335624752886444,0.04176970592661372,high,0.6391321072153833,0.34685101167833376,0.0012223754501681106,0.0005037019618678318,0.006094124007038282
22707536,trash,Social World Outside Couple,Friends & Social Circles,0.026365557661701712,0.4034281317622441,0.04176970592661372,high,0.6391321072153833,0.34685101167833376,0.0012223754501681106,0.0005037019618678318,0.006094124007038282
22707536,trash,"Spaces, Time, Activities & Objects",Domestic Spaces & Routines,0.042499178597942756,0.6626819180523635,0.04098887993210606,high,0.6391321072153833,0.34685101167833376,0.0012223754501681106,0.0005037019618678318,0.006094124007038282
22707536,trash,"Spaces, Time, Activities & Objects",Public & Leisure Spaces,0.018905276764746192,0.2947865224947956,0.04098887993210606,high,0.6391321072153833,0.34685101167833376,0.0012223754501681106,0.0005037019618678318,0.006094124007038282
22707536,trash,"Spaces, Time, Activities & Objects","Time, Seasons & Temporal Framing",0.002727637939100185,0.04253155945284091,0.04098887993210606,high,0.6391321072153833,0.34685101167833376,0.0012223754501681106,0.0005037019618678318,0.006094124007038282
22707536,trash,"Work, Wealth, Status & Institutions",Hero's Elite Work & Business World,0.052967266347817975,0.7763194055761368,0.04360715487872634,high,0.6391321072153833,0.34685101167833376,0.0012223754501681106,0.0005037019618678318,0.006094124007038282
22707536,trash,"Work, Wealth, Status & Institutions",Heroine's Work & Professional Identity,0.004461532678057347,0.06539084675134785,0.04360715487872634,high,0.6391321072153833,0.34685101167833376,0.0012223754501681106,0.0005037019618678318,0.006094124007038282
22707536,trash,"Work, Wealth, Status & Institutions","Law, Medicine, Education & Formal Institutions",0.002915927848947638,0.04273755340766586,0.04360715487872634,high,0.6391321072153833,0.34685101167833376,0.0012223754501681106,0.0005037019618678318,0.006094124007038282
22707536,trash,"Work, Wealth, Status & Institutions","Money, Housing & Economic Security",0.0020707600753752673,0.030350277476087806,0.04360715487872634,high,0.6391321072153833,0.34685101167833376,0.0012223754501681106,0.0005037019618678318,0.006094124007038282
22707536,trash,"Work, Wealth, Status & Institutions",Shared Workplaces & Professional Interaction,0.005813216296642432,0.08520191678876168,0.04360715487872634,high,0.6391321072153833,0.34685101167833376,0.0012223754501681106,0.0005037019618678318,0.006094124007038282
23518136,trash,"Conflict, Risk & Harm",Interpersonal Non-Romantic Conflict,0.006476900834642606,0.25748794897446275,0.016321481305412264,high,0.6488573552149403,0.3088900770410502,0.0017037091197200922,0.0006783802954427873,2.843063222053421e-05
23518136,trash,"Conflict, Risk & Harm","Violence, Threats & Coercion",0.018677289334020297,0.7425120510255373,0.016321481305412264,high,0.6488573552149403,0.3088900770410502,0.0017037091197200922,0.0006783802954427873,2.843063222053421e-05
23518136,trash,Embodied & Sensory Experience,Body Parts & Physical Reactions,0.0028174816050877015,0.26449238991802465,0.006911895133204232,high,0.6488573552149403,0.3088900770410502,0.0017037091197200922,0.0006783802954427873,2.843063222053421e-05
23518136,trash,Embodied & Sensory Experience,Exercise & Physical Activity,0.00783492924862698,0.7355076100819753,0.006911895133204232,high,0.6488573552149403,0.3088900770410502,0.0017037091197200922,0.0006783802954427873,2.843063222053421e-05
23518136,trash,"Emotions, Cognition & Inner Life",Ambivalence & Internal Conflict,0.004836075444548442,0.022994151259891443,0.13646614250307548,high,0.6488573552149403,0.3088900770410502,0.0017037091197200922,0.0006783802954427873,2.843063222053421e-05
23518136,trash,"Emotions, Cognition & Inner Life","Beliefs, Values & Moral Reflection",0.02392246721050456,0.1137444681861239,0.13646614250307548,high,0.6488573552149403,0.3088900770410502,0.0017037091197200922,0.0006783802954427873,2.843063222053421e-05
23518136,trash,"Emotions, Cognition & Inner Life",Negative Emotions & Distress,0.14008871424195263,0.666081644510809,0.13646614250307548,high,0.6488573552149403,0.3088900770410502,0.0017037091197200922,0.0006783802954427873,2.843063222053421e-05
23518136,trash,"Emotions, Cognition & Inner Life",Positive Emotions & Security,0.041470375177720176,0.19717973604317568,0.13646614250307548,high,0.6488573552149403,0.3088900770410502,0.0017037091197200922,0.0006783802954427873,2.843063222053421e-05
23518136,trash,Relationship Trajectory (Main Couple),"Bonding, Everyday Intimacy & Growth",0.14825984329025857,0.4356314406012786,0.22082770166707827,high,0.6488573552149403,0.3088900770410502,0.0017037091197200922,0.0006783802954427873,2.843063222053421e-05
23518136,trash,Relationship Trajectory (Main Couple),"Conflict, Distance & Breakup Threats",0.11608713240388219,0.34109846336049215,0.22082770166707827,high,0.6488573552149403,0.3088900770410502,0.0017037091197200922,0.0006783802954427873,2.843063222053421e-05
23518136,trash,Relationship Trajectory (Main Couple),"Meeting, First Impressions & Setup",5.0780312148901125e-06,1.4920763468162862e-05,0.22082770166707827,high,0.6488573552149403,0.3088900770410502,0.0017037091197200922,0.0006783802954427873,2.843063222053421e-05
23518136,trash,Relationship Trajectory (Main Couple),"Reconciliation, Commitments & HEA",0.011970595269780736,0.0351731631876888,0.22082770166707827,high,0.6488573552149403,0.3088900770410502,0.0017037091197200922,0.0006783802954427873,2.843063222053421e-05
23518136,trash,Relationship Trajectory (Main Couple),"Secrets, Misunderstandings & Hidden Information",0.06401055350655513,0.18808201208707218,0.22082770166707827,medium,0.6488573552149403,0.3088900770410502,0.0017037091197200922,0.0006783802954427873,2.843063222053421e-05
23518136,trash,"Sexuality, Attraction & Intimacy",Attraction & Sexual Tension,0.028729418678132987,0.14090548529987607,0.13229644382320205,high,0.6488573552149403,0.3088900770410502,0.0017037091197200922,0.0006783802954427873,2.843063222053421e-05
23518136,trash,"Sexuality, Attraction & Intimacy",Explicit Sexual Acts,0.1371186246190804,0.6725080852509139,0.13229644382320205,high,0.6488573552149403,0.3088900770410502,0.0017037091197200922,0.0006783802954427873,2.843063222053421e-05
23518136,trash,"Sexuality, Attraction & Intimacy",Kissing & Non-Explicit Affection,0.03804337098655868,0.18658642944920997,0.13229644382320205,high,0.6488573552149403,0.3088900770410502,0.0017037091197200922,0.0006783802954427873,2.843063222053421e-05
23518136,trash,Social World Outside Couple,"Community, Norms & Social Events",0.009916095182555774,0.16285750229829818,0.039507736539073676,high,0.6488573552149403,0.3088900770410502,0.0017037091197200922,0.0006783802954427873,2.843063222053421e-05
23518136,trash,Social World Outside Couple,Family & Kinship,0.03705564628443475,0.6085853240445449,0.039507736539073676,high,0.6488573552149403,0.3088900770410502,0.0017037091197200922,0.0006783802954427873,2.843063222053421e-05
23518136,trash,Social World Outside Couple,Friends & Social Circles,0.013916427899582128,0.22855717365715691,0.039507736539073676,high,0.6488573552149403,0.3088900770410502,0.0017037091197200922,0.0006783802954427873,2.843063222053421e-05
23518136,trash,"Spaces, Time, Activities & Objects",Domestic Spaces & Routines,0.03872615981414523,0.5123847140892472,0.04904079482406383,high,0.6488573552149403,0.3088900770410502,0.0017037091197200922,0.0006783802954427873,2.843063222053421e-05
23518136,trash,"Spaces, Time, Activities & Objects",Public & Leisure Spaces,0.034834700323521546,0.46089692474833766,0.04904079482406383,high,0.6488573552149403,0.3088900770410502,0.0017037091197200922,0.0006783802954427873,2.843063222053421e-05
23518136,trash,"Spaces, Time, Activities & Objects","Time, Seasons & Temporal Framing",0.0020193801569332467,0.026718361162415157,0.04904079482406383,high,0.6488573552149403,0.3088900770410502,0.0017037091197200922,0.0006783802954427873,2.843063222053421e-05
23518136,trash,"Work, Wealth, Status & Institutions",Hero's Elite Work & Business World,0.05858430963408145,0.8010004308638238,0.04745672878760999,high,0.6488573552149403,0.3088900770410502,0.0017037091197200922,0.0006783802954427873,2.843063222053421e-05
23518136,trash,"Work, Wealth, Status & Institutions",Heroine's Work & Professional Identity,0.006451950428156424,0.08821500338819105,0.04745672878760999,high,0.6488573552149403,0.3088900770410502,0.0017037091197200922,0.0006783802954427873,2.843063222053421e-05
23518136,trash,"Work, Wealth, Status & Institutions","Law, Medicine, Education & Formal Institutions",0.004928607938683902,0.06738693529210804,0.04745672878760999,high,0.6488573552149403,0.3088900770410502,0.0017037091197200922,0.0006783802954427873,2.843063222053421e-05
23518136,trash,"Work, Wealth, Status & Institutions","Money, Housing & Economic Security",0.001098053155807735,0.015013252804496715,0.04745672878760999,high,0.6488573552149403,0.3088900770410502,0.0017037091197200922,0.0006783802954427873,2.843063222053421e-05
23518136,trash,"Work, Wealth, Status & Institutions",Shared Workplaces & Professional Interaction,0.0020760028397311466,0.028384377651380386,0.04745672878760999,high,0.6488573552149403,0.3088900770410502,0.0017037091197200922,0.0006783802954427873,2.843063222053421e-05
27394781,trash,"Conflict, Risk & Harm",Interpersonal Non-Romantic Conflict,0.005333114937571103,0.278222322815683,0.012497341407814389,high,0.6519715768747915,0.31347039685317246,0.0004905625185516132,0.0002619835067618631,3.7921125486943914e-05
27394781,trash,"Conflict, Risk & Harm","Violence, Threats & Coercion",0.013835422236580054,0.7217776771843171,0.012497341407814389,high,0.6519715768747915,0.31347039685317246,0.0004905625185516132,0.0002619835067618631,3.7921125486943914e-05
27394781,trash,Embodied & Sensory Experience,Body Parts & Physical Reactions,0.002431425067472114,0.16367945566477063,0.009684905346577856,high,0.6519715768747915,0.31347039685317246,0.0004905625185516132,0.0002619835067618631,3.7921125486943914e-05
27394781,trash,Embodied & Sensory Experience,Exercise & Physical Activity,0.012423371813401425,0.8363205443352293,0.009684905346577856,high,0.6519715768747915,0.31347039685317246,0.0004905625185516132,0.0002619835067618631,3.7921125486943914e-05
27394781,trash,"Emotions, Cognition & Inner Life",Ambivalence & Internal Conflict,0.004625274036256846,0.021141466125579746,0.1426366170153071,high,0.6519715768747915,0.31347039685317246,0.0004905625185516132,0.0002619835067618631,3.7921125486943914e-05
27394781,trash,"Emotions, Cognition & Inner Life","Beliefs, Values & Moral Reflection",0.028117416344297,0.12852068883314213,0.1426366170153071,high,0.6519715768747915,0.31347039685317246,0.0004905625185516132,0.0002619835067618631,3.7921125486943914e-05
27394781,trash,"Emotions, Cognition & Inner Life",Negative Emotions & Distress,0.1420692579447893,0.6493782597056104,0.1426366170153071,high,0.6519715768747915,0.31347039685317246,0.0004905625185516132,0.0002619835067618631,3.7921125486943914e-05
27394781,trash,"Emotions, Cognition & Inner Life",Positive Emotions & Security,0.04396540650817881,0.20095958533566768,0.1426366170153071,high,0.6519715768747915,0.31347039685317246,0.0004905625185516132,0.0002619835067618631,3.7921125486943914e-05
27394781,trash,Relationship Trajectory (Main Couple),"Bonding, Everyday Intimacy & Growth",0.1480593067432156,0.44922241952410263,0.21488344190529313,high,0.6519715768747915,0.31347039685317246,0.0004905625185516132,0.0002619835067618631,3.7921125486943914e-05
27394781,trash,Relationship Trajectory (Main Couple),"Conflict, Distance & Breakup Threats",0.12211965042541492,0.3705196656815783,0.21488344190529313,high,0.6519715768747915,0.31347039685317246,0.0004905625185516132,0.0002619835067618631,3.7921125486943914e-05
27394781,trash,Relationship Trajectory (Main Couple),"Meeting, First Impressions & Setup",6.738329649767339e-06,2.0444569243251487e-05,0.21488344190529313,high,0.6519715768747915,0.31347039685317246,0.0004905625185516132,0.0002619835067618631,3.7921125486943914e-05
27394781,trash,Relationship Trajectory (Main Couple),"Reconciliation, Commitments & HEA",0.009451287138933919,0.02867587434765209,0.21488344190529313,high,0.6519715768747915,0.31347039685317246,0.0004905625185516132,0.0002619835067618631,3.7921125486943914e-05
27394781,trash,Relationship Trajectory (Main Couple),"Secrets, Misunderstandings & Hidden Information",0.04995321657872586,0.15156159587742363,0.21488344190529313,medium,0.6519715768747915,0.31347039685317246,0.0004905625185516132,0.0002619835067618631,3.7921125486943914e-05
27394781,trash,"Sexuality, Attraction & Intimacy",Attraction & Sexual Tension,0.0318425418573049,0.1506417497065637,0.1378132706693068,high,0.6519715768747915,0.31347039685317246,0.0004905625185516132,0.0002619835067618631,3.7921125486943914e-05
27394781,trash,"Sexuality, Attraction & Intimacy",Explicit Sexual Acts,0.14037787941251642,0.6641043127010058,0.1378132706693068,high,0.6519715768747915,0.31347039685317246,0.0004905625185516132,0.0002619835067618631,3.7921125486943914e-05
27394781,trash,"Sexuality, Attraction & Intimacy",Kissing & Non-Explicit Affection,0.0391588405837568,0.18525393759243056,0.1378132706693068,high,0.6519715768747915,0.31347039685317246,0.0004905625185516132,0.0002619835067618631,3.7921125486943914e-05
27394781,trash,Social World Outside Couple,"Community, Norms & Social Events",0.012003276183173392,0.1705436616025156,0.04588733950750211,high,0.6519715768747915,0.31347039685317246,0.0004905625185516132,0.0002619835067618631,3.7921125486943914e-05
27394781,trash,Social World Outside Couple,Family & Kinship,0.0421600703082768,0.5990141902985121,0.04588733950750211,high,0.6519715768747915,0.31347039685317246,0.0004905625185516132,0.0002619835067618631,3.7921125486943914e-05
27394781,trash,Social World Outside Couple,Friends & Social Circles,0.01621907681519434,0.23044214809897237,0.04588733950750211,high,0.6519715768747915,0.31347039685317246,0.0004905625185516132,0.0002619835067618631,3.7921125486943914e-05
27394781,trash,"Spaces, Time, Activities & Objects",Domestic Spaces & Routines,0.03411489776633522,0.46689529199094115,0.047637969525876955,high,0.6519715768747915,0.31347039685317246,0.0004905625185516132,0.0002619835067618631,3.7921125486943914e-05
27394781,trash,"Spaces, Time, Activities & Objects",Public & Leisure Spaces,0.03682559712101997,0.5039938281018747,0.047637969525876955,high,0.6519715768747915,0.31347039685317246,0.0004905625185516132,0.0002619835067618631,3.7921125486943914e-05
27394781,trash,"Spaces, Time, Activities & Objects","Time, Seasons & Temporal Framing",0.002127060839887242,0.02911087990718417,0.047637969525876955,high,0.6519715768747915,0.31347039685317246,0.0004905625185516132,0.0002619835067618631,3.7921125486943914e-05
27394781,trash,"Work, Wealth, Status & Institutions",Hero's Elite Work & Business World,0.046966496206776176,0.7488076819921762,0.040892770371626225,high,0.6519715768747915,0.31347039685317246,0.0004905625185516132,0.0002619835067618631,3.7921125486943914e-05
27394781,trash,"Work, Wealth, Status & Institutions",Heroine's Work & Professional Identity,0.005919498232665614,0.09437718604011183,0.040892770371626225,high,0.6519715768747915,0.31347039685317246,0.0004905625185516132,0.0002619835067618631,3.7921125486943914e-05
27394781,trash,"Work, Wealth, Status & Institutions","Law, Medicine, Education & Formal Institutions",0.006411272567823093,0.10221776240227587,0.040892770371626225,high,0.6519715768747915,0.31347039685317246,0.0004905625185516132,0.0002619835067618631,3.7921125486943914e-05
27394781,trash,"Work, Wealth, Status & Institutions","Money, Housing & Economic Security",0.0016834630641249589,0.026840198366447077,0.040892770371626225,high,0.6519715768747915,0.31347039685317246,0.0004905625185516132,0.0002619835067618631,3.7921125486943914e-05
27394781,trash,"Work, Wealth, Status & Institutions",Shared Workplaces & Professional Interaction,0.0017409771656719851,0.027757171198988878,0.040892770371626225,high,0.6519715768747915,0.31347039685317246,0.0004905625185516132,0.0002619835067618631,3.7921125486943914e-05
28675670,top,"Conflict, Risk & Harm",Interpersonal Non-Romantic Conflict,0.002962070278422642,0.143090071322582,0.01324340960591545,high,0.6397553896235482,0.3447267207845779,0.001207459836994639,0.0005860278155544796,4.057485395775673e-05
28675670,top,"Conflict, Risk & Harm","Violence, Threats & Coercion",0.017738669130288365,0.856909928677418,0.01324340960591545,high,0.6397553896235482,0.3447267207845779,0.001207459836994639,0.0005860278155544796,4.057485395775673e-05
28675670,top,Embodied & Sensory Experience,Body Parts & Physical Reactions,0.01038713356013857,0.4578855307248886,0.01451285142668318,high,0.6397553896235482,0.3447267207845779,0.001207459836994639,0.0005860278155544796,4.057485395775673e-05
28675670,top,Embodied & Sensory Experience,Exercise & Physical Activity,0.012297867085534753,0.5421144692751113,0.01451285142668318,high,0.6397553896235482,0.3447267207845779,0.001207459836994639,0.0005860278155544796,4.057485395775673e-05
28675670,top,"Emotions, Cognition & Inner Life",Ambivalence & Internal Conflict,0.012025352250446979,0.05957591031524427,0.12913413951438293,high,0.6397553896235482,0.3447267207845779,0.001207459836994639,0.0005860278155544796,4.057485395775673e-05
28675670,top,"Emotions, Cognition & Inner Life","Beliefs, Values & Moral Reflection",0.02811377676709805,0.13928106290916972,0.12913413951438293,high,0.6397553896235482,0.3447267207845779,0.001207459836994639,0.0005860278155544796,4.057485395775673e-05
28675670,top,"Emotions, Cognition & Inner Life",Negative Emotions & Distress,0.11254177421554812,0.5575536173698987,0.12913413951438293,high,0.6397553896235482,0.3447267207845779,0.001207459836994639,0.0005860278155544796,4.057485395775673e-05
28675670,top,"Emotions, Cognition & Inner Life",Positive Emotions & Security,0.04916833728736493,0.2435894094056874,0.12913413951438293,high,0.6397553896235482,0.3447267207845779,0.001207459836994639,0.0005860278155544796,4.057485395775673e-05
28675670,top,Relationship Trajectory (Main Couple),"Bonding, Everyday Intimacy & Growth",0.16068256137766415,0.4634585676143571,0.22180523102426455,high,0.6397553896235482,0.3447267207845779,0.001207459836994639,0.0005860278155544796,4.057485395775673e-05
28675670,top,Relationship Trajectory (Main Couple),"Conflict, Distance & Breakup Threats",0.1256902037674009,0.3625297064084124,0.22180523102426455,high,0.6397553896235482,0.3447267207845779,0.001207459836994639,0.0005860278155544796,4.057485395775673e-05
28675670,top,Relationship Trajectory (Main Couple),"Meeting, First Impressions & Setup",7.628784415754108e-06,2.2003791000406613e-05,0.22180523102426455,high,0.6397553896235482,0.3447267207845779,0.001207459836994639,0.0005860278155544796,4.057485395775673e-05
28675670,top,Relationship Trajectory (Main Couple),"Reconciliation, Commitments & HEA",0.008653411767998337,0.024959135506606472,0.22180523102426455,high,0.6397553896235482,0.3447267207845779,0.001207459836994639,0.0005860278155544796,4.057485395775673e-05
28675670,top,Relationship Trajectory (Main Couple),"Secrets, Misunderstandings & Hidden Information",0.05166937902251454,0.14903058667962352,0.22180523102426455,medium,0.6397553896235482,0.3447267207845779,0.001207459836994639,0.0005860278155544796,4.057485395775673e-05
28675670,top,"Sexuality, Attraction & Intimacy",Attraction & Sexual Tension,0.03118812334130587,0.16634163551662776,0.11995054598251745,high,0.6397553896235482,0.3447267207845779,0.001207459836994639,0.0005860278155544796,4.057485395775673e-05
28675670,top,"Sexuality, Attraction & Intimacy",Explicit Sexual Acts,0.08454471160160862,0.4509186220726402,0.11995054598251745,high,0.6397553896235482,0.3447267207845779,0.001207459836994639,0.0005860278155544796,4.057485395775673e-05
28675670,top,"Sexuality, Attraction & Intimacy",Kissing & Non-Explicit Affection,0.0717615542065072,0.382739742410732,0.11995054598251745,high,0.6397553896235482,0.3447267207845779,0.001207459836994639,0.0005860278155544796,4.057485395775673e-05
28675670,top,Social World Outside Couple,"Community, Norms & Social Events",0.01305968583303022,0.1833105317655315,0.04557841995220484,high,0.6397553896235482,0.3447267207845779,0.001207459836994639,0.0005860278155544796,4.057485395775673e-05
28675670,top,Social World Outside Couple,Family & Kinship,0.0360281811287555,0.5057047409634862,0.04557841995220484,high,0.6397553896235482,0.3447267207845779,0.001207459836994639,0.0005860278155544796,4.057485395775673e-05
28675670,top,Social World Outside Couple,Friends & Social Circles,0.022155643747869398,0.3109847272709822,0.04557841995220484,high,0.6397553896235482,0.3447267207845779,0.001207459836994639,0.0005860278155544796,4.057485395775673e-05
28675670,top,"Spaces, Time, Activities & Objects",Domestic Spaces & Routines,0.04944474957137357,0.6103661332575915,0.051825524555313175,high,0.6397553896235482,0.3447267207845779,0.001207459836994639,0.0005860278155544796,4.057485395775673e-05
28675670,top,"Spaces, Time, Activities & Objects",Public & Leisure Spaces,0.028604318642154732,0.3531033631564415,0.051825524555313175,high,0.6397553896235482,0.3447267207845779,0.001207459836994639,0.0005860278155544796,4.057485395775673e-05
28675670,top,"Spaces, Time, Activities & Objects","Time, Seasons & Temporal Framing",0.002959275593952413,0.036530503585966885,0.051825524555313175,high,0.6397553896235482,0.3447267207845779,0.001207459836994639,0.0005860278155544796,4.057485395775673e-05
28675670,top,"Work, Wealth, Status & Institutions",Hero's Elite Work & Business World,0.050662980910849365,0.7422911529145666,0.04366469270830881,high,0.6397553896235482,0.3447267207845779,0.001207459836994639,0.0005860278155544796,4.057485395775673e-05
28675670,top,"Work, Wealth, Status & Institutions",Heroine's Work & Professional Identity,0.00585144085651176,0.08573267307809297,0.04366469270830881,high,0.6397553896235482,0.3447267207845779,0.001207459836994639,0.0005860278155544796,4.057485395775673e-05
28675670,top,"Work, Wealth, Status & Institutions","Law, Medicine, Education & Formal Institutions",0.003879834861677269,0.05684559101763808,0.04366469270830881,high,0.6397553896235482,0.3447267207845779,0.001207459836994639,0.0005860278155544796,4.057485395775673e-05
28675670,top,"Work, Wealth, Status & Institutions","Money, Housing & Economic Security",0.002413240089828526,0.03535770569226139,0.04366469270830881,high,0.6397553896235482,0.3447267207845779,0.001207459836994639,0.0005860278155544796,4.057485395775673e-05
28675670,top,"Work, Wealth, Status & Institutions",Shared Workplaces & Professional Interaction,0.005444671870134684,0.07977287729744104,0.04366469270830881,high,0.6397553896235482,0.3447267207845779,0.001207459836994639,0.0005860278155544796,4.057485395775673e-05
28869598,middle,"Conflict, Risk & Harm",Interpersonal Non-Romantic Conflict,0.005135384755742173,0.2223073813815997,0.015212511358140352,high,0.658539471747385,0.3230255468318216,0.0010073103888085311,0.0003403807084190178,0.0016415021873264022
28869598,middle,"Conflict, Risk & Harm","Violence, Threats & Coercion",0.017964994205256317,0.7776926186184002,0.015212511358140352,high,0.658539471747385,0.3230255468318216,0.0010073103888085311,0.0003403807084190178,0.0016415021873264022
28869598,middle,Embodied & Sensory Experience,Body Parts & Physical Reactions,0.004737276126558113,0.3158697550948905,0.009876486328891772,high,0.658539471747385,0.3230255468318216,0.0010073103888085311,0.0003403807084190178,0.0016415021873264022
28869598,middle,Embodied & Sensory Experience,Exercise & Physical Activity,0.01026028552708925,0.6841302449051097,0.009876486328891772,high,0.658539471747385,0.3230255468318216,0.0010073103888085311,0.0003403807084190178,0.0016415021873264022
28869598,middle,"Emotions, Cognition & Inner Life",Ambivalence & Internal Conflict,0.006450536417271649,0.03406528542772782,0.12469975787314816,high,0.658539471747385,0.3230255468318216,0.0010073103888085311,0.0003403807084190178,0.0016415021873264022
28869598,middle,"Emotions, Cognition & Inner Life","Beliefs, Values & Moral Reflection",0.023910199220109035,0.12626977174889864,0.12469975787314816,high,0.658539471747385,0.3230255468318216,0.0010073103888085311,0.0003403807084190178,0.0016415021873264022
28869598,middle,"Emotions, Cognition & Inner Life",Negative Emotions & Distress,0.11457171594794642,0.6050532782453693,0.12469975787314816,high,0.658539471747385,0.3230255468318216,0.0010073103888085311,0.0003403807084190178,0.0016415021873264022
28869598,middle,"Emotions, Cognition & Inner Life",Positive Emotions & Security,0.04442561003893169,0.23461166457800442,0.12469975787314816,high,0.658539471747385,0.3230255468318216,0.0010073103888085311,0.0003403807084190178,0.0016415021873264022
28869598,middle,Relationship Trajectory (Main Couple),"Bonding, Everyday Intimacy & Growth",0.15882833535857058,0.4553757525816222,0.2296888393213292,high,0.658539471747385,0.3230255468318216,0.0010073103888085311,0.0003403807084190178,0.0016415021873264022
28869598,middle,Relationship Trajectory (Main Couple),"Conflict, Distance & Breakup Threats",0.11948605053034533,0.34257772745916815,0.2296888393213292,high,0.658539471747385,0.3230255468318216,0.0010073103888085311,0.0003403807084190178,0.0016415021873264022
28869598,middle,Relationship Trajectory (Main Couple),"Meeting, First Impressions & Setup",6.575734319721562e-06,1.885324780279154e-05,0.2296888393213292,high,0.658539471747385,0.3230255468318216,0.0010073103888085311,0.0003403807084190178,0.0016415021873264022
28869598,middle,Relationship Trajectory (Main Couple),"Reconciliation, Commitments & HEA",0.008546805184165401,0.024504493068703635,0.2296888393213292,high,0.658539471747385,0.3230255468318216,0.0010073103888085311,0.0003403807084190178,0.0016415021873264022
28869598,middle,Relationship Trajectory (Main Couple),"Secrets, Misunderstandings & Hidden Information",0.06191746046510718,0.17752317364270323,0.2296888393213292,medium,0.658539471747385,0.3230255468318216,0.0010073103888085311,0.0003403807084190178,0.0016415021873264022
28869598,middle,"Sexuality, Attraction & Intimacy",Attraction & Sexual Tension,0.02905234640105797,0.16225283777760216,0.11791545290689401,high,0.658539471747385,0.3230255468318216,0.0010073103888085311,0.0003403807084190178,0.0016415021873264022
28869598,middle,"Sexuality, Attraction & Intimacy",Explicit Sexual Acts,0.10215031273469433,0.5704936149484339,0.11791545290689401,high,0.658539471747385,0.3230255468318216,0.0010073103888085311,0.0003403807084190178,0.0016415021873264022
28869598,middle,"Sexuality, Attraction & Intimacy",Kissing & Non-Explicit Affection,0.04785335491609217,0.26725354727396394,0.11791545290689401,high,0.658539471747385,0.3230255468318216,0.0010073103888085311,0.0003403807084190178,0.0016415021873264022
28869598,middle,Social World Outside Couple,"Community, Norms & Social Events",0.009448209097554465,0.12724357440333733,0.0488984898234607,high,0.658539471747385,0.3230255468318216,0.0010073103888085311,0.0003403807084190178,0.0016415021873264022
28869598,middle,Social World Outside Couple,Family & Kinship,0.032129685484999435,0.4327059216571054,0.0488984898234607,high,0.658539471747385,0.3230255468318216,0.0010073103888085311,0.0003403807084190178,0.0016415021873264022
28869598,middle,Social World Outside Couple,Friends & Social Circles,0.03267504228957046,0.44005050393955736,0.0488984898234607,high,0.658539471747385,0.3230255468318216,0.0010073103888085311,0.0003403807084190178,0.0016415021873264022
28869598,middle,"Spaces, Time, Activities & Objects",Domestic Spaces & Routines,0.05097483562565916,0.47706536990280346,0.07036549589036539,high,0.658539471747385,0.3230255468318216,0.0010073103888085311,0.0003403807084190178,0.0016415021873264022
28869598,middle,"Spaces, Time, Activities & Objects",Public & Leisure Spaces,0.05304041192394082,0.49639676957692386,0.07036549589036539,high,0.658539471747385,0.3230255468318216,0.0010073103888085311,0.0003403807084190178,0.0016415021873264022
28869598,middle,"Spaces, Time, Activities & Objects","Time, Seasons & Temporal Framing",0.0028355926948819923,0.026537860520272592,0.07036549589036539,high,0.658539471747385,0.3230255468318216,0.0010073103888085311,0.0003403807084190178,0.0016415021873264022
28869598,middle,"Work, Wealth, Status & Institutions",Hero's Elite Work & Business World,0.04502844254145351,0.7368866052778399,0.04024093605782906,high,0.658539471747385,0.3230255468318216,0.0010073103888085311,0.0003403807084190178,0.0016415021873264022
28869598,middle,"Work, Wealth, Status & Institutions",Heroine's Work & Professional Identity,0.006361709439835915,0.10410883007043824,0.04024093605782906,high,0.658539471747385,0.3230255468318216,0.0010073103888085311,0.0003403807084190178,0.0016415021873264022
28869598,middle,"Work, Wealth, Status & Institutions","Law, Medicine, Education & Formal Institutions",0.004825681598671435,0.0789718660183077,0.04024093605782906,high,0.658539471747385,0.3230255468318216,0.0010073103888085311,0.0003403807084190178,0.0016415021873264022
28869598,middle,"Work, Wealth, Status & Institutions","Money, Housing & Economic Security",0.0015086314264123404,0.024688624071352784,0.04024093605782906,high,0.658539471747385,0.3230255468318216,0.0010073103888085311,0.0003403807084190178,0.0016415021873264022
28869598,middle,"Work, Wealth, Status & Institutions",Shared Workplaces & Professional Interaction,0.0033818737694222044,0.0553440745620614,0.04024093605782906,high,0.658539471747385,0.3230255468318216,0.0010073103888085311,0.0003403807084190178,0.0016415021873264022
28963772,trash,"Conflict, Risk & Harm",Interpersonal Non-Romantic Conflict,0.004663569236095769,0.21565476007267312,0.012920154943044548,high,0.5974593220956773,0.339638934477528,0.0013517069537589185,0.0008842386014863964,6.758399904725083e-05
28963772,trash,"Conflict, Risk & Harm","Violence, Threats & Coercion",0.016961593289990837,0.7843452399273269,0.012920154943044548,high,0.5974593220956773,0.339638934477528,0.0013517069537589185,0.0008842386014863964,6.758399904725083e-05
28963772,trash,Embodied & Sensory Experience,Body Parts & Physical Reactions,0.008397985837708698,0.39256398839510215,0.0127812409540649,high,0.5974593220956773,0.339638934477528,0.0013517069537589185,0.0008842386014863964,6.758399904725083e-05
28963772,trash,Embodied & Sensory Experience,Exercise & Physical Activity,0.012994668827437038,0.6074360116048979,0.0127812409540649,high,0.5974593220956773,0.339638934477528,0.0013517069537589185,0.0008842386014863964,6.758399904725083e-05
28963772,trash,"Emotions, Cognition & Inner Life",Ambivalence & Internal Conflict,0.010704257058018906,0.05301055371879199,0.1206431119234795,high,0.5974593220956773,0.339638934477528,0.0013517069537589185,0.0008842386014863964,6.758399904725083e-05
28963772,trash,"Emotions, Cognition & Inner Life","Beliefs, Values & Moral Reflection",0.028291858869790056,0.14010940659332946,0.1206431119234795,high,0.5974593220956773,0.339638934477528,0.0013517069537589185,0.0008842386014863964,6.758399904725083e-05
28963772,trash,"Emotions, Cognition & Inner Life",Negative Emotions & Distress,0.1079810733711866,0.5347532724158536,0.1206431119234795,high,0.5974593220956773,0.339638934477528,0.0013517069537589185,0.0008842386014863964,6.758399904725083e-05
28963772,trash,"Emotions, Cognition & Inner Life",Positive Emotions & Security,0.05494971595089803,0.27212676727202495,0.1206431119234795,high,0.5974593220956773,0.339638934477528,0.0013517069537589185,0.0008842386014863964,6.758399904725083e-05
28963772,trash,Relationship Trajectory (Main Couple),"Bonding, Everyday Intimacy & Growth",0.15570905878947885,0.426712331808016,0.21801532736197898,high,0.5974593220956773,0.339638934477528,0.0013517069537589185,0.0008842386014863964,6.758399904725083e-05
28963772,trash,Relationship Trajectory (Main Couple),"Conflict, Distance & Breakup Threats",0.1325198652914716,0.36316358963971146,0.21801532736197898,high,0.5974593220956773,0.339638934477528,0.0013517069537589185,0.0008842386014863964,6.758399904725083e-05
28963772,trash,Relationship Trajectory (Main Couple),"Meeting, First Impressions & Setup",1.3178014438443545e-05,3.611364241325634e-05,0.21801532736197898,high,0.5974593220956773,0.339638934477528,0.0013517069537589185,0.0008842386014863964,6.758399904725083e-05
28963772,trash,Relationship Trajectory (Main Couple),"Reconciliation, Commitments & HEA",0.008782810004001286,0.024068820181497304,0.21801532736197898,high,0.5974593220956773,0.339638934477528,0.0013517069537589185,0.0008842386014863964,6.758399904725083e-05
28963772,trash,Relationship Trajectory (Main Couple),"Secrets, Misunderstandings & Hidden Information",0.0678791396061851,0.186019144728362,0.21801532736197898,medium,0.5974593220956773,0.339638934477528,0.0013517069537589185,0.0008842386014863964,6.758399904725083e-05
28963772,trash,"Sexuality, Attraction & Intimacy",Attraction & Sexual Tension,0.03564246799921404,0.19163389757261243,0.11112295391559517,high,0.5974593220956773,0.339638934477528,0.0013517069537589185,0.0008842386014863964,6.758399904725083e-05
28963772,trash,"Sexuality, Attraction & Intimacy",Explicit Sexual Acts,0.08796627163753054,0.4729560110484732,0.11112295391559517,high,0.5974593220956773,0.339638934477528,0.0013517069537589185,0.0008842386014863964,6.758399904725083e-05
28963772,trash,"Sexuality, Attraction & Intimacy",Kissing & Non-Explicit Affection,0.062383761954518384,0.3354100913789143,0.11112295391559517,high,0.5974593220956773,0.339638934477528,0.0013517069537589185,0.0008842386014863964,6.758399904725083e-05
28963772,trash,Social World Outside Couple,"Community, Norms & Social Events",0.004486777106716487,0.060751458185284615,0.04412514347223612,high,0.5974593220956773,0.339638934477528,0.0013517069537589185,0.0008842386014863964,6.758399904725083e-05
28963772,trash,Social World Outside Couple,Family & Kinship,0.04522857087569654,0.6123998511586154,0.04412514347223612,high,0.5974593220956773,0.339638934477528,0.0013517069537589185,0.0008842386014863964,6.758399904725083e-05
28963772,trash,Social World Outside Couple,Friends & Social Circles,0.024139292560244545,0.3268486906561,0.04412514347223612,high,0.5974593220956773,0.339638934477528,0.0013517069537589185,0.0008842386014863964,6.758399904725083e-05
28963772,trash,"Spaces, Time, Activities & Objects",Domestic Spaces & Routines,0.04310740138020527,0.6336685412685265,0.040644149312455254,high,0.5974593220956773,0.339638934477528,0.0013517069537589185,0.0008842386014863964,6.758399904725083e-05
28963772,trash,"Spaces, Time, Activities & Objects",Public & Leisure Spaces,0.022100618640733722,0.3248738343489323,0.040644149312455254,high,0.5974593220956773,0.339638934477528,0.0013517069537589185,0.0008842386014863964,6.758399904725083e-05
28963772,trash,"Spaces, Time, Activities & Objects","Time, Seasons & Temporal Framing",0.002820292216101454,0.0414576243825412,0.040644149312455254,high,0.5974593220956773,0.339638934477528,0.0013517069537589185,0.0008842386014863964,6.758399904725083e-05
28963772,trash,"Work, Wealth, Status & Institutions",Hero's Elite Work & Business World,0.048308478592389445,0.7771302648885886,0.03713965621377559,high,0.5974593220956773,0.339638934477528,0.0013517069537589185,0.0008842386014863964,6.758399904725083e-05
28963772,trash,"Work, Wealth, Status & Institutions",Heroine's Work & Professional Identity,0.0042730539824158975,0.06873989142272954,0.03713965621377559,high,0.5974593220956773,0.339638934477528,0.0013517069537589185,0.0008842386014863964,6.758399904725083e-05
28963772,trash,"Work, Wealth, Status & Institutions","Law, Medicine, Education & Formal Institutions",0.004337172504232752,0.06977135515944195,0.03713965621377559,high,0.5974593220956773,0.339638934477528,0.0013517069537589185,0.0008842386014863964,6.758399904725083e-05
28963772,trash,"Work, Wealth, Status & Institutions","Money, Housing & Economic Security",0.0018826478757816842,0.030285835634423205,0.03713965621377559,high,0.5974593220956773,0.339638934477528,0.0013517069537589185,0.0008842386014863964,6.758399904725083e-05
28963772,trash,"Work, Wealth, Status & Institutions",Shared Workplaces & Professional Interaction,0.003361299530880379,0.05407265289481669,0.03713965621377559,high,0.5974593220956773,0.339638934477528,0.0013517069537589185,0.0008842386014863964,6.758399904725083e-05
29424551,top,"Conflict, Risk & Harm",Interpersonal Non-Romantic Conflict,0.003417171879574418,0.1524607665557131,0.01438945721436417,high,0.6420009746468538,0.34220339503603847,0.001034271345575973,0.0006696098001115519,0.0001547101990650816
29424551,top,"Conflict, Risk & Harm","Violence, Threats & Coercion",0.018996278851212082,0.8475392334442868,0.01438945721436417,high,0.6420009746468538,0.34220339503603847,0.001034271345575973,0.0006696098001115519,0.0001547101990650816
29424551,top,Embodied & Sensory Experience,Body Parts & Physical Reactions,0.008158339626723103,0.40563466666113995,0.012912264217870046,high,0.6420009746468538,0.34220339503603847,0.001034271345575973,0.0006696098001115519,0.0001547101990650816
29424551,top,Embodied & Sensory Experience,Exercise & Physical Activity,0.01195419092663425,0.59436533333886,0.012912264217870046,high,0.6420009746468538,0.34220339503603847,0.001034271345575973,0.0006696098001115519,0.0001547101990650816
29424551,top,"Emotions, Cognition & Inner Life",Ambivalence & Internal Conflict,0.010105075169554526,0.051393028978564397,0.12623245285736315,high,0.6420009746468538,0.34220339503603847,0.001034271345575973,0.0006696098001115519,0.0001547101990650816
29424551,top,"Emotions, Cognition & Inner Life","Beliefs, Values & Moral Reflection",0.026183747689340096,0.13316695632507564,0.12623245285736315,high,0.6420009746468538,0.34220339503603847,0.001034271345575973,0.0006696098001115519,0.0001547101990650816
29424551,top,"Emotions, Cognition & Inner Life",Negative Emotions & Distress,0.11025835433494426,0.5607588963352971,0.12623245285736315,high,0.6420009746468538,0.34220339503603847,0.001034271345575973,0.0006696098001115519,0.0001547101990650816
29424551,top,"Emotions, Cognition & Inner Life",Positive Emotions & Security,0.05007628264872595,0.2546811183610629,0.12623245285736315,high,0.6420009746468538,0.34220339503603847,0.001034271345575973,0.0006696098001115519,0.0001547101990650816
29424551,top,Relationship Trajectory (Main Couple),"Bonding, Everyday Intimacy & Growth",0.17621020450564243,0.4757980790736003,0.23776288306082977,high,0.6420009746468538,0.34220339503603847,0.001034271345575973,0.0006696098001115519,0.0001547101990650816
29424551,top,Relationship Trajectory (Main Couple),"Conflict, Distance & Breakup Threats",0.1277801032639633,0.3450284156209195,0.23776288306082977,high,0.6420009746468538,0.34220339503603847,0.001034271345575973,0.0006696098001115519,0.0001547101990650816
29424551,top,Relationship Trajectory (Main Couple),"Meeting, First Impressions & Setup",6.466618468353923e-06,1.746099015080674e-05,0.23776288306082977,high,0.6420009746468538,0.34220339503603847,0.001034271345575973,0.0006696098001115519,0.0001547101990650816
29424551,top,Relationship Trajectory (Main Couple),"Reconciliation, Commitments & HEA",0.0072496146944968426,0.019575215608781,0.23776288306082977,high,0.6420009746468538,0.34220339503603847,0.001034271345575973,0.0006696098001115519,0.0001547101990650816
29424551,top,Relationship Trajectory (Main Couple),"Secrets, Misunderstandings & Hidden Information",0.059100218555550275,0.1595808287065483,0.23776288306082977,medium,0.6420009746468538,0.34220339503603847,0.001034271345575973,0.0006696098001115519,0.0001547101990650816
29424551,top,"Sexuality, Attraction & Intimacy",Attraction & Sexual Tension,0.0354914519974347,0.19771563243653048,0.11524403251877206,high,0.6420009746468538,0.34220339503603847,0.001034271345575973,0.0006696098001115519,0.0001547101990650816
29424551,top,"Sexuality, Attraction & Intimacy",Explicit Sexual Acts,0.08431109750625312,0.46967990957573935,0.11524403251877206,high,0.6420009746468538,0.34220339503603847,0.001034271345575973,0.0006696098001115519,0.0001547101990650816
29424551,top,"Sexuality, Attraction & Intimacy",Kissing & Non-Explicit Affection,0.05970501679270992,0.33260445798773025,0.11524403251877206,high,0.6420009746468538,0.34220339503603847,0.001034271345575973,0.0006696098001115519,0.0001547101990650816
29424551,top,Social World Outside Couple,"Community, Norms & Social Events",0.013502462845783613,0.17956208768565754,0.048276306089185726,high,0.6420009746468538,0.34220339503603847,0.001034271345575973,0.0006696098001115519,0.0001547101990650816
29424551,top,Social World Outside Couple,Family & Kinship,0.042068945704295264,0.5594525831083254,0.048276306089185726,high,0.6420009746468538,0.34220339503603847,0.001034271345575973,0.0006696098001115519,0.0001547101990650816
29424551,top,Social World Outside Couple,Friends & Social Circles,0.019625215747479444,0.26098532920601714,0.048276306089185726,high,0.6420009746468538,0.34220339503603847,0.001034271345575973,0.0006696098001115519,0.0001547101990650816
29424551,top,"Spaces, Time, Activities & Objects",Domestic Spaces & Routines,0.04468704005753966,0.5885804485814582,0.048742909045258485,high,0.6420009746468538,0.34220339503603847,0.001034271345575973,0.0006696098001115519,0.0001547101990650816
29424551,top,"Spaces, Time, Activities & Objects",Public & Leisure Spaces,0.027821797910151325,0.36644553483995346,0.048742909045258485,high,0.6420009746468538,0.34220339503603847,0.001034271345575973,0.0006696098001115519,0.0001547101990650816
29424551,top,"Spaces, Time, Activities & Objects","Time, Seasons & Temporal Framing",0.0034145811082232766,0.04497401657858832,0.048742909045258485,high,0.6420009746468538,0.34220339503603847,0.001034271345575973,0.0006696098001115519,0.0001547101990650816
29424551,top,"Work, Wealth, Status & Institutions",Hero's Elite Work & Business World,0.0419460629839498,0.7033756946219644,0.03828595944414535,high,0.6420009746468538,0.34220339503603847,0.001034271345575973,0.0006696098001115519,0.0001547101990650816
29424551,top,"Work, Wealth, Status & Institutions",Heroine's Work & Professional Identity,0.006089495390768412,0.10211215894130284,0.03828595944414535,high,0.6420009746468538,0.34220339503603847,0.001034271345575973,0.0006696098001115519,0.0001547101990650816
29424551,top,"Work, Wealth, Status & Institutions","Law, Medicine, Education & Formal Institutions",0.005653291182164912,0.09479763604219524,0.03828595944414535,high,0.6420009746468538,0.34220339503603847,0.001034271345575973,0.0006696098001115519,0.0001547101990650816
29424551,top,"Work, Wealth, Status & Institutions","Money, Housing & Economic Security",0.0021898731803353406,0.036721052222273176,0.03828595944414535,high,0.6420009746468538,0.34220339503603847,0.001034271345575973,0.0006696098001115519,0.0001547101990650816
29424551,top,"Work, Wealth, Status & Institutions",Shared Workplaces & Professional Interaction,0.0037566375754435983,0.06299345817226447,0.03828595944414535,high,0.6420009746468538,0.34220339503603847,0.001034271345575973,0.0006696098001115519,0.0001547101990650816
29939161,middle,"Conflict, Risk & Harm",Interpersonal Non-Romantic Conflict,0.002220038507966845,0.12292446887410163,0.01198743919412363,high,0.6637495659693498,0.3201835821680462,0.0007656494053260872,0.0003095181116285024,0.00026922818292590895
29939161,middle,"Conflict, Risk & Harm","Violence, Threats & Coercion",0.015840145345587912,0.8770755311258983,0.01198743919412363,high,0.6637495659693498,0.3201835821680462,0.0007656494053260872,0.0003095181116285024,0.00026922818292590895
29939161,middle,Embodied & Sensory Experience,Body Parts & Physical Reactions,0.01161889548904707,0.4596406575358116,0.016778404415404367,high,0.6637495659693498,0.3201835821680462,0.0007656494053260872,0.0003095181116285024,0.00026922818292590895
29939161,middle,Embodied & Sensory Experience,Exercise & Physical Activity,0.013659319783155686,0.5403593424641884,0.016778404415404367,high,0.6637495659693498,0.3201835821680462,0.0007656494053260872,0.0003095181116285024,0.00026922818292590895
29939161,middle,"Emotions, Cognition & Inner Life",Ambivalence & Internal Conflict,0.012280897039502412,0.06402320201511243,0.12732009370227818,high,0.6637495659693498,0.3201835821680462,0.0007656494053260872,0.0003095181116285024,0.00026922818292590895
29939161,middle,"Emotions, Cognition & Inner Life","Beliefs, Values & Moral Reflection",0.022654856318851,0.11810508939694776,0.12732009370227818,high,0.6637495659693498,0.3201835821680462,0.0007656494053260872,0.0003095181116285024,0.00026922818292590895
29939161,middle,"Emotions, Cognition & Inner Life",Negative Emotions & Distress,0.10166505135972102,0.530003801851263,0.12732009370227818,high,0.6637495659693498,0.3201835821680462,0.0007656494053260872,0.0003095181116285024,0.00026922818292590895
29939161,middle,"Emotions, Cognition & Inner Life",Positive Emotions & Security,0.05521867092457706,0.28786790673667684,0.12732009370227818,high,0.6637495659693498,0.3201835821680462,0.0007656494053260872,0.0003095181116285024,0.00026922818292590895
29939161,middle,Relationship Trajectory (Main Couple),"Bonding, Everyday Intimacy & Growth",0.16419682276827452,0.44567786578399954,0.24453888831627318,high,0.6637495659693498,0.3201835821680462,0.0007656494053260872,0.0003095181116285024,0.00026922818292590895
29939161,middle,Relationship Trajectory (Main Couple),"Conflict, Distance & Breakup Threats",0.12125090467966222,0.3291101710188037,0.24453888831627318,high,0.6637495659693498,0.3201835821680462,0.0007656494053260872,0.0003095181116285024,0.00026922818292590895
29939161,middle,Relationship Trajectory (Main Couple),"Meeting, First Impressions & Setup",6.410012025488102e-06,1.7398634340208987e-05,0.24453888831627318,high,0.6637495659693498,0.3201835821680462,0.0007656494053260872,0.0003095181116285024,0.00026922818292590895
29939161,middle,Relationship Trajectory (Main Couple),"Reconciliation, Commitments & HEA",0.008078946963781766,0.021928608482770694,0.24453888831627318,high,0.6637495659693498,0.3201835821680462,0.0007656494053260872,0.0003095181116285024,0.00026922818292590895
29939161,middle,Relationship Trajectory (Main Couple),"Secrets, Misunderstandings & Hidden Information",0.07488732721019051,0.20326595608008594,0.24453888831627318,medium,0.6637495659693498,0.3201835821680462,0.0007656494053260872,0.0003095181116285024,0.00026922818292590895
29939161,middle,"Sexuality, Attraction & Intimacy",Attraction & Sexual Tension,0.03879693354788774,0.22663619097286286,0.11362460555311592,high,0.6637495659693498,0.3201835821680462,0.0007656494053260872,0.0003095181116285024,0.00026922818292590895
29939161,middle,"Sexuality, Attraction & Intimacy",Explicit Sexual Acts,0.06632690571474385,0.3874552933842413,0.11362460555311592,high,0.6637495659693498,0.3201835821680462,0.0007656494053260872,0.0003095181116285024,0.00026922818292590895
29939161,middle,"Sexuality, Attraction & Intimacy",Kissing & Non-Explicit Affection,0.06606211908474127,0.3859085156428959,0.11362460555311592,high,0.6637495659693498,0.3201835821680462,0.0007656494053260872,0.0003095181116285024,0.00026922818292590895
29939161,middle,Social World Outside Couple,"Community, Norms & Social Events",0.003936374445624704,0.046452167469735434,0.05624639219426111,high,0.6637495659693498,0.3201835821680462,0.0007656494053260872,0.0003095181116285024,0.00026922818292590895
29939161,middle,Social World Outside Couple,Family & Kinship,0.04331896212487184,0.5111962063152573,0.05624639219426111,high,0.6637495659693498,0.3201835821680462,0.0007656494053260872,0.0003095181116285024,0.00026922818292590895
29939161,middle,Social World Outside Couple,Friends & Social Circles,0.03748504606480965,0.4423516262150072,0.05624639219426111,high,0.6637495659693498,0.3201835821680462,0.0007656494053260872,0.0003095181116285024,0.00026922818292590895
29939161,middle,"Spaces, Time, Activities & Objects",Domestic Spaces & Routines,0.04411406600947426,0.717708470264233,0.040797473319705624,high,0.6637495659693498,0.3201835821680462,0.0007656494053260872,0.0003095181116285024,0.00026922818292590895
29939161,middle,"Spaces, Time, Activities & Objects",Public & Leisure Spaces,0.015467299844206046,0.25164336717271074,0.040797473319705624,high,0.6637495659693498,0.3201835821680462,0.0007656494053260872,0.0003095181116285024,0.00026922818292590895
29939161,middle,"Spaces, Time, Activities & Objects","Time, Seasons & Temporal Framing",0.0018837942178361062,0.030648162563056205,0.040797473319705624,high,0.6637495659693498,0.3201835821680462,0.0007656494053260872,0.0003095181116285024,0.00026922818292590895
29939161,middle,"Work, Wealth, Status & Institutions",Hero's Elite Work & Business World,0.06293826964380259,0.8004908553041279,0.05218704109126185,high,0.6637495659693498,0.3201835821680462,0.0007656494053260872,0.0003095181116285024,0.00026922818292590895
29939161,middle,"Work, Wealth, Status & Institutions",Heroine's Work & Professional Identity,0.006392394610678924,0.0813027345413799,0.05218704109126185,high,0.6637495659693498,0.3201835821680462,0.0007656494053260872,0.0003095181116285024,0.00026922818292590895
29939161,middle,"Work, Wealth, Status & Institutions","Law, Medicine, Education & Formal Institutions",0.004804562750677626,0.061107630816968225,0.05218704109126185,high,0.6637495659693498,0.3201835821680462,0.0007656494053260872,0.0003095181116285024,0.00026922818292590895
29939161,middle,"Work, Wealth, Status & Institutions","Money, Housing & Economic Security",0.001254540398321136,0.015956080809802722,0.05218704109126185,high,0.6637495659693498,0.3201835821680462,0.0007656494053260872,0.0003095181116285024,0.00026922818292590895
29939161,middle,"Work, Wealth, Status & Institutions",Shared Workplaces & Professional Interaction,0.0032348280266457237,0.041142698527721254,0.05218704109126185,high,0.6637495659693498,0.3201835821680462,0.0007656494053260872,0.0003095181116285024,0.00026922818292590895
30291077,middle,"Conflict, Risk & Harm",Interpersonal Non-Romantic Conflict,0.002240965082348685,0.10931424904061601,0.013912557066877435,high,0.6786543618995067,0.30780386558398454,0.00161029005454598,0.0009766680205785805,3.755176432465276e-05
30291077,middle,"Conflict, Risk & Harm","Violence, Threats & Coercion",0.018259245109975356,0.890685750959384,0.013912557066877435,high,0.6786543618995067,0.30780386558398454,0.00161029005454598,0.0009766680205785805,3.755176432465276e-05
30291077,middle,Embodied & Sensory Experience,Body Parts & Physical Reactions,0.0043737180293346835,0.3094866037659141,0.009590860419185002,high,0.6786543618995067,0.30780386558398454,0.00161029005454598,0.0009766680205785805,3.755176432465276e-05
30291077,middle,Embodied & Sensory Experience,Exercise & Physical Activity,0.009758454336493552,0.6905133962340859,0.009590860419185002,high,0.6786543618995067,0.30780386558398454,0.00161029005454598,0.0009766680205785805,3.755176432465276e-05
30291077,middle,"Emotions, Cognition & Inner Life",Ambivalence & Internal Conflict,0.006318998795951619,0.02977144023591554,0.14404463007929513,high,0.6786543618995067,0.30780386558398454,0.00161029005454598,0.0009766680205785805,3.755176432465276e-05
30291077,middle,"Emotions, Cognition & Inner Life","Beliefs, Values & Moral Reflection",0.021971930492723092,0.1035189334030068,0.14404463007929513,high,0.6786543618995067,0.30780386558398454,0.00161029005454598,0.0009766680205785805,3.755176432465276e-05
30291077,middle,"Emotions, Cognition & Inner Life",Negative Emotions & Distress,0.1443038960750869,0.6798758721969711,0.14404463007929513,high,0.6786543618995067,0.30780386558398454,0.00161029005454598,0.0009766680205785805,3.755176432465276e-05
30291077,middle,"Emotions, Cognition & Inner Life",Positive Emotions & Security,0.039655530879619996,0.18683375416410652,0.14404463007929513,high,0.6786543618995067,0.30780386558398454,0.00161029005454598,0.0009766680205785805,3.755176432465276e-05
30291077,middle,Relationship Trajectory (Main Couple),"Bonding, Everyday Intimacy & Growth",0.164960968362299,0.46114850350541237,0.24276665731590474,high,0.6786543618995067,0.30780386558398454,0.00161029005454598,0.0009766680205785805,3.755176432465276e-05
30291077,middle,Relationship Trajectory (Main Couple),"Conflict, Distance & Breakup Threats",0.10215111936498535,0.2855635262949376,0.24276665731590474,high,0.6786543618995067,0.30780386558398454,0.00161029005454598,0.0009766680205785805,3.755176432465276e-05
30291077,middle,Relationship Trajectory (Main Couple),"Meeting, First Impressions & Setup",6.715328382205947e-06,1.877270523291523e-05,0.24276665731590474,high,0.6786543618995067,0.30780386558398454,0.00161029005454598,0.0009766680205785805,3.755176432465276e-05
30291077,middle,Relationship Trajectory (Main Couple),"Reconciliation, Commitments & HEA",0.008829607393804038,0.024683173702341313,0.24276665731590474,high,0.6786543618995067,0.30780386558398454,0.00161029005454598,0.0009766680205785805,3.755176432465276e-05
30291077,middle,Relationship Trajectory (Main Couple),"Secrets, Misunderstandings & Hidden Information",0.08176925990693533,0.22858602379207577,0.24276665731590474,medium,0.6786543618995067,0.30780386558398454,0.00161029005454598,0.0009766680205785805,3.755176432465276e-05
30291077,middle,"Sexuality, Attraction & Intimacy",Attraction & Sexual Tension,0.03023981238873422,0.15083633876476352,0.13605727073926696,high,0.6786543618995067,0.30780386558398454,0.00161029005454598,0.0009766680205785805,3.755176432465276e-05
30291077,middle,"Sexuality, Attraction & Intimacy",Explicit Sexual Acts,0.1214311685888185,0.6056992896122535,0.13605727073926696,high,0.6786543618995067,0.30780386558398454,0.00161029005454598,0.0009766680205785805,3.755176432465276e-05
30291077,middle,"Sexuality, Attraction & Intimacy",Kissing & Non-Explicit Affection,0.04880996835054421,0.24346437162298296,0.13605727073926696,high,0.6786543618995067,0.30780386558398454,0.00161029005454598,0.0009766680205785805,3.755176432465276e-05
30291077,middle,Social World Outside Couple,"Community, Norms & Social Events",0.004228141583881961,0.07175786776708921,0.03998790401554009,high,0.6786543618995067,0.30780386558398454,0.00161029005454598,0.0009766680205785805,3.755176432465276e-05
30291077,middle,Social World Outside Couple,Family & Kinship,0.037510647438439966,0.6366116236519633,0.03998790401554009,high,0.6786543618995067,0.30780386558398454,0.00161029005454598,0.0009766680205785805,3.755176432465276e-05
30291077,middle,Social World Outside Couple,Friends & Social Circles,0.01718355239403133,0.2916305085809476,0.03998790401554009,high,0.6786543618995067,0.30780386558398454,0.00161029005454598,0.0009766680205785805,3.755176432465276e-05
30291077,middle,"Spaces, Time, Activities & Objects",Domestic Spaces & Routines,0.04600289358996572,0.5280958778241832,0.05911817475921116,high,0.6786543618995067,0.30780386558398454,0.00161029005454598,0.0009766680205785805,3.755176432465276e-05
30291077,middle,"Spaces, Time, Activities & Objects",Public & Leisure Spaces,0.03858580101082208,0.4429504508560747,0.05911817475921116,high,0.6786543618995067,0.30780386558398454,0.00161029005454598,0.0009766680205785805,3.755176432465276e-05
30291077,middle,"Spaces, Time, Activities & Objects","Time, Seasons & Temporal Framing",0.0025221796205808947,0.028953671319741987,0.05911817475921116,high,0.6786543618995067,0.30780386558398454,0.00161029005454598,0.0009766680205785805,3.755176432465276e-05
30291077,middle,"Work, Wealth, Status & Institutions",Hero's Elite Work & Business World,0.033208470087599765,0.6800820541919909,0.03313875573990155,high,0.6786543618995067,0.30780386558398454,0.00161029005454598,0.0009766680205785805,3.755176432465276e-05
30291077,middle,"Work, Wealth, Status & Institutions",Heroine's Work & Professional Identity,0.00827110610612023,0.16938542535238874,0.03313875573990155,high,0.6786543618995067,0.30780386558398454,0.00161029005454598,0.0009766680205785805,3.755176432465276e-05
30291077,middle,"Work, Wealth, Status & Institutions","Law, Medicine, Education & Formal Institutions",0.0038474110667485687,0.07879180265435963,0.03313875573990155,high,0.6786543618995067,0.30780386558398454,0.00161029005454598,0.0009766680205785805,3.755176432465276e-05
30291077,middle,"Work, Wealth, Status & Institutions","Money, Housing & Economic Security",0.0008700538290663757,0.017817984200061518,0.03313875573990155,high,0.6786543618995067,0.30780386558398454,0.00161029005454598,0.0009766680205785805,3.755176432465276e-05
30291077,middle,"Work, Wealth, Status & Institutions",Shared Workplaces & Professional Interaction,0.0026330521071675156,0.05392273360119919,0.03313875573990155,high,0.6786543618995067,0.30780386558398454,0.00161029005454598,0.0009766680205785805,3.755176432465276e-05
30618705,trash,"Conflict, Risk & Harm",Interpersonal Non-Romantic Conflict,0.002732347806903139,0.07479455798497665,0.025434236966748697,high,0.6962299992727682,0.29055423529925617,0.001263995112498647,0.0004666067921808276,3.270489962502434e-05
30618705,trash,"Conflict, Risk & Harm","Violence, Threats & Coercion",0.033799024000280516,0.9252054420150234,0.025434236966748697,high,0.6962299992727682,0.29055423529925617,0.001263995112498647,0.0004666067921808276,3.270489962502434e-05
30618705,trash,Embodied & Sensory Experience,Body Parts & Physical Reactions,0.004431831978498752,0.3084487889867674,0.010003522417134824,high,0.6962299992727682,0.29055423529925617,0.001263995112498647,0.0004666067921808276,3.270489962502434e-05
30618705,trash,Embodied & Sensory Experience,Exercise & Physical Activity,0.009936296984033437,0.6915512110132327,0.010003522417134824,high,0.6962299992727682,0.29055423529925617,0.001263995112498647,0.0004666067921808276,3.270489962502434e-05
30618705,trash,"Emotions, Cognition & Inner Life",Ambivalence & Internal Conflict,0.004913755088333372,0.02574647084305382,0.13287660753317923,high,0.6962299992727682,0.29055423529925617,0.001263995112498647,0.0004666067921808276,3.270489962502434e-05
30618705,trash,"Emotions, Cognition & Inner Life","Beliefs, Values & Moral Reflection",0.02350521879702604,0.12315966496866917,0.13287660753317923,high,0.6962299992727682,0.29055423529925617,0.001263995112498647,0.0004666067921808276,3.270489962502434e-05
30618705,trash,"Emotions, Cognition & Inner Life",Negative Emotions & Distress,0.11933614542824389,0.625282402878737,0.13287660753317923,high,0.6962299992727682,0.29055423529925617,0.001263995112498647,0.0004666067921808276,3.270489962502434e-05
30618705,trash,"Emotions, Cognition & Inner Life",Positive Emotions & Security,0.04309647810675001,0.22581146130954,0.13287660753317923,high,0.6962299992727682,0.29055423529925617,0.001263995112498647,0.0004666067921808276,3.270489962502434e-05
30618705,trash,Relationship Trajectory (Main Couple),"Bonding, Everyday Intimacy & Growth",0.1510985729063932,0.4255630063805152,0.2472004326679442,high,0.6962299992727682,0.29055423529925617,0.001263995112498647,0.0004666067921808276,3.270489962502434e-05
30618705,trash,Relationship Trajectory (Main Couple),"Conflict, Distance & Breakup Threats",0.13589163103272783,0.3827332709493279,0.2472004326679442,high,0.6962299992727682,0.29055423529925617,0.001263995112498647,0.0004666067921808276,3.270489962502434e-05
30618705,trash,Relationship Trajectory (Main Couple),"Meeting, First Impressions & Setup",5.514830104031071e-06,1.55322954651806e-05,0.2472004326679442,high,0.6962299992727682,0.29055423529925617,0.001263995112498647,0.0004666067921808276,3.270489962502434e-05
30618705,trash,Relationship Trajectory (Main Couple),"Reconciliation, Commitments & HEA",0.01981176230138081,0.055799025526832344,0.2472004326679442,high,0.6962299992727682,0.29055423529925617,0.001263995112498647,0.0004666067921808276,3.270489962502434e-05
30618705,trash,Relationship Trajectory (Main Couple),"Secrets, Misunderstandings & Hidden Information",0.04824822311644725,0.13588916484785935,0.2472004326679442,medium,0.6962299992727682,0.29055423529925617,0.001263995112498647,0.0004666067921808276,3.270489962502434e-05
30618705,trash,"Sexuality, Attraction & Intimacy",Attraction & Sexual Tension,0.03190571181673064,0.164733758862998,0.13484615338276665,high,0.6962299992727682,0.29055423529925617,0.001263995112498647,0.0004666067921808276,3.270489962502434e-05
30618705,trash,"Sexuality, Attraction & Intimacy",Explicit Sexual Acts,0.11550550667439313,0.5963714708245502,0.13484615338276665,high,0.6962299992727682,0.29055423529925617,0.001263995112498647,0.0004666067921808276,3.270489962502434e-05
30618705,trash,"Sexuality, Attraction & Intimacy",Kissing & Non-Explicit Affection,0.04626925135880694,0.2388947703124518,0.13484615338276665,high,0.6962299992727682,0.29055423529925617,0.001263995112498647,0.0004666067921808276,3.270489962502434e-05
30618705,trash,Social World Outside Couple,"Community, Norms & Social Events",0.0038395777867761267,0.062036117512241765,0.04309149809653003,high,0.6962299992727682,0.29055423529925617,0.001263995112498647,0.0004666067921808276,3.270489962502434e-05
30618705,trash,Social World Outside Couple,Family & Kinship,0.03552819216259664,0.5740295486621592,0.04309149809653003,high,0.6962299992727682,0.29055423529925617,0.001263995112498647,0.0004666067921808276,3.270489962502434e-05
30618705,trash,Social World Outside Couple,Friends & Social Circles,0.022524849072416475,0.36393433382559925,0.04309149809653003,high,0.6962299992727682,0.29055423529925617,0.001263995112498647,0.0004666067921808276,3.270489962502434e-05
30618705,trash,"Spaces, Time, Activities & Objects",Domestic Spaces & Routines,0.040028389305091124,0.4428337762382599,0.06293324256679826,high,0.6962299992727682,0.29055423529925617,0.001263995112498647,0.0004666067921808276,3.270489962502434e-05
30618705,trash,"Spaces, Time, Activities & Objects",Public & Leisure Spaces,0.048344730290138097,0.5348373953402895,0.06293324256679826,high,0.6962299992727682,0.29055423529925617,0.001263995112498647,0.0004666067921808276,3.270489962502434e-05
30618705,trash,"Spaces, Time, Activities & Objects","Time, Seasons & Temporal Framing",0.0020183352868267087,0.022328828421450474,0.06293324256679826,high,0.6962299992727682,0.29055423529925617,0.001263995112498647,0.0004666067921808276,3.270489962502434e-05
30618705,trash,"Work, Wealth, Status & Institutions",Hero's Elite Work & Business World,0.043429810297982256,0.7595056774557201,0.0398116007420412,high,0.6962299992727682,0.29055423529925617,0.001263995112498647,0.0004666067921808276,3.270489962502434e-05
30618705,trash,"Work, Wealth, Status & Institutions",Heroine's Work & Professional Identity,0.005496245715625373,0.09611899745974922,0.0398116007420412,high,0.6962299992727682,0.29055423529925617,0.001263995112498647,0.0004666067921808276,3.270489962502434e-05
30618705,trash,"Work, Wealth, Status & Institutions","Law, Medicine, Education & Formal Institutions",0.0039325533084946405,0.06877295903909857,0.0398116007420412,high,0.6962299992727682,0.29055423529925617,0.001263995112498647,0.0004666067921808276,3.270489962502434e-05
30618705,trash,"Work, Wealth, Status & Institutions","Money, Housing & Economic Security",0.001970588493676052,0.03446188547927901,0.0398116007420412,high,0.6962299992727682,0.29055423529925617,0.001263995112498647,0.0004666067921808276,3.270489962502434e-05
30618705,trash,"Work, Wealth, Status & Institutions",Shared Workplaces & Professional Interaction,0.0023524817780707415,0.04114048056615311,0.0398116007420412,high,0.6962299992727682,0.29055423529925617,0.001263995112498647,0.0004666067921808276,3.270489962502434e-05
30627346,middle,"Conflict, Risk & Harm",Interpersonal Non-Romantic Conflict,0.0023866465522838047,0.13679348910275577,0.011039938485847531,high,0.632767220397072,0.31627805719125957,0.0009588609682613638,0.00031582225758100443,0.0008188460083991439
30627346,middle,"Conflict, Risk & Harm","Violence, Threats & Coercion",0.01506043055597693,0.8632065108972442,0.011039938485847531,high,0.632767220397072,0.31627805719125957,0.0009588609682613638,0.00031582225758100443,0.0008188460083991439
30627346,middle,Embodied & Sensory Experience,Body Parts & Physical Reactions,0.0032544498117762183,0.24236229832723638,0.008496821393148132,high,0.632767220397072,0.31627805719125957,0.0009588609682613638,0.00031582225758100443,0.0008188460083991439
30627346,middle,Embodied & Sensory Experience,Exercise & Physical Activity,0.01017358678565725,0.7576377016727637,0.008496821393148132,high,0.632767220397072,0.31627805719125957,0.0009588609682613638,0.00031582225758100443,0.0008188460083991439
30627346,middle,"Emotions, Cognition & Inner Life",Ambivalence & Internal Conflict,0.00600176802582705,0.03166866899546255,0.11992048266110387,high,0.632767220397072,0.31627805719125957,0.0009588609682613638,0.00031582225758100443,0.0008188460083991439
30627346,middle,"Emotions, Cognition & Inner Life","Beliefs, Values & Moral Reflection",0.02430384895995344,0.12824063587869522,0.11992048266110387,high,0.632767220397072,0.31627805719125957,0.0009588609682613638,0.00031582225758100443,0.0008188460083991439
30627346,middle,"Emotions, Cognition & Inner Life",Negative Emotions & Distress,0.11506161908883013,0.607129151497659,0.11992048266110387,high,0.632767220397072,0.31627805719125957,0.0009588609682613638,0.00031582225758100443,0.0008188460083991439
30627346,middle,"Emotions, Cognition & Inner Life",Positive Emotions & Security,0.04415029706475109,0.23296154362818333,0.11992048266110387,high,0.632767220397072,0.31627805719125957,0.0009588609682613638,0.00031582225758100443,0.0008188460083991439
30627346,middle,Relationship Trajectory (Main Couple),"Bonding, Everyday Intimacy & Growth",0.1567323685858895,0.4631200235592966,0.21414557818972074,high,0.632767220397072,0.31627805719125957,0.0009588609682613638,0.00031582225758100443,0.0008188460083991439
30627346,middle,Relationship Trajectory (Main Couple),"Conflict, Distance & Breakup Threats",0.11617483946506552,0.34327876797558,0.21414557818972074,high,0.632767220397072,0.31627805719125957,0.0009588609682613638,0.00031582225758100443,0.0008188460083991439
30627346,middle,Relationship Trajectory (Main Couple),"Meeting, First Impressions & Setup",9.119140697574634e-06,2.6945657063728707e-05,0.21414557818972074,high,0.632767220397072,0.31627805719125957,0.0009588609682613638,0.00031582225758100443,0.0008188460083991439
30627346,middle,Relationship Trajectory (Main Couple),"Reconciliation, Commitments & HEA",0.010020199505514672,0.029608147142367584,0.21414557818972074,high,0.632767220397072,0.31627805719125957,0.0009588609682613638,0.00031582225758100443,0.0008188460083991439
30627346,middle,Relationship Trajectory (Main Couple),"Secrets, Misunderstandings & Hidden Information",0.05549057775261888,0.16396611566569205,0.21414557818972074,medium,0.632767220397072,0.31627805719125957,0.0009588609682613638,0.00031582225758100443,0.0008188460083991439
30627346,middle,"Sexuality, Attraction & Intimacy",Attraction & Sexual Tension,0.028951385624234258,0.16471873146962682,0.1112167853931565,high,0.632767220397072,0.31627805719125957,0.0009588609682613638,0.00031582225758100443,0.0008188460083991439
30627346,middle,"Sexuality, Attraction & Intimacy",Explicit Sexual Acts,0.10189102593278904,0.5797083689748879,0.1112167853931565,high,0.632767220397072,0.31627805719125957,0.0009588609682613638,0.00031582225758100443,0.0008188460083991439
30627346,middle,"Sexuality, Attraction & Intimacy",Kissing & Non-Explicit Affection,0.044920146628854456,0.2555728995554852,0.1112167853931565,high,0.632767220397072,0.31627805719125957,0.0009588609682613638,0.00031582225758100443,0.0008188460083991439
30627346,middle,Social World Outside Couple,"Community, Norms & Social Events",0.008677483341676152,0.1071886794575056,0.051225810803379894,high,0.632767220397072,0.31627805719125957,0.0009588609682613638,0.00031582225758100443,0.0008188460083991439
30627346,middle,Social World Outside Couple,Family & Kinship,0.044643785854642265,0.5514627067919484,0.051225810803379894,high,0.632767220397072,0.31627805719125957,0.0009588609682613638,0.00031582225758100443,0.0008188460083991439
30627346,middle,Social World Outside Couple,Friends & Social Circles,0.02763395280654519,0.341348613750546,0.051225810803379894,high,0.632767220397072,0.31627805719125957,0.0009588609682613638,0.00031582225758100443,0.0008188460083991439
30627346,middle,"Spaces, Time, Activities & Objects",Domestic Spaces & Routines,0.04645946318737316,0.3734631095672203,0.07871734752136958,high,0.632767220397072,0.31627805719125957,0.0009588609682613638,0.00031582225758100443,0.0008188460083991439
30627346,middle,"Spaces, Time, Activities & Objects",Public & Leisure Spaces,0.07564321389452087,0.6080558822811356,0.07871734752136958,high,0.632767220397072,0.31627805719125957,0.0009588609682613638,0.00031582225758100443,0.0008188460083991439
30627346,middle,"Spaces, Time, Activities & Objects","Time, Seasons & Temporal Framing",0.0022990696962863007,0.01848100815164398,0.07871734752136958,high,0.632767220397072,0.31627805719125957,0.0009588609682613638,0.00031582225758100443,0.0008188460083991439
30627346,middle,"Work, Wealth, Status & Institutions",Hero's Elite Work & Business World,0.04092130458839498,0.696335496460636,0.03718560994094664,high,0.632767220397072,0.31627805719125957,0.0009588609682613638,0.00031582225758100443,0.0008188460083991439
30627346,middle,"Work, Wealth, Status & Institutions",Heroine's Work & Professional Identity,0.006278204355692503,0.10683277551572153,0.03718560994094664,high,0.632767220397072,0.31627805719125957,0.0009588609682613638,0.00031582225758100443,0.0008188460083991439
30627346,middle,"Work, Wealth, Status & Institutions","Law, Medicine, Education & Formal Institutions",0.006141417017131745,0.104505140063619,0.03718560994094664,high,0.632767220397072,0.31627805719125957,0.0009588609682613638,0.00031582225758100443,0.0008188460083991439
30627346,middle,"Work, Wealth, Status & Institutions","Money, Housing & Economic Security",0.002465199746527598,0.04194895804616521,0.03718560994094664,high,0.632767220397072,0.31627805719125957,0.0009588609682613638,0.00031582225758100443,0.0008188460083991439
30627346,middle,"Work, Wealth, Status & Institutions",Shared Workplaces & Professional Interaction,0.0029605245583842962,0.0503776299138583,0.03718560994094664,high,0.632767220397072,0.31627805719125957,0.0009588609682613638,0.00031582225758100443,0.0008188460083991439
31276376,top,"Conflict, Risk & Harm",Interpersonal Non-Romantic Conflict,0.0026207563059537134,0.11103330091064212,0.0154094117273129,high,0.6528488914775614,0.33131772983960295,0.0013707248982991747,0.0007987882058750847,4.071476461383054e-05
31276376,top,"Conflict, Risk & Harm","Violence, Threats & Coercion",0.0209825796703662,0.8889666990893579,0.0154094117273129,high,0.6528488914775614,0.33131772983960295,0.0013707248982991747,0.0007987882058750847,4.071476461383054e-05
31276376,top,Embodied & Sensory Experience,Body Parts & Physical Reactions,0.007155864880150528,0.37641314160360956,0.012411092861069986,high,0.6528488914775614,0.33131772983960295,0.0013707248982991747,0.0007987882058750847,4.071476461383054e-05
31276376,top,Embodied & Sensory Experience,Exercise & Physical Activity,0.011854802095143798,0.6235868583963904,0.012411092861069986,high,0.6528488914775614,0.33131772983960295,0.0013707248982991747,0.0007987882058750847,4.071476461383054e-05
31276376,top,"Emotions, Cognition & Inner Life",Ambivalence & Internal Conflict,0.009235584200416872,0.04605421867933083,0.13092049068016984,high,0.6528488914775614,0.33131772983960295,0.0013707248982991747,0.0007987882058750847,4.071476461383054e-05
31276376,top,"Emotions, Cognition & Inner Life","Beliefs, Values & Moral Reflection",0.026316286161597976,0.13122894788392217,0.13092049068016984,high,0.6528488914775614,0.33131772983960295,0.0013707248982991747,0.0007987882058750847,4.071476461383054e-05
31276376,top,"Emotions, Cognition & Inner Life",Negative Emotions & Distress,0.11115239290787822,0.554273178461116,0.13092049068016984,high,0.6528488914775614,0.33131772983960295,0.0013707248982991747,0.0007987882058750847,4.071476461383054e-05
31276376,top,"Emotions, Cognition & Inner Life",Positive Emotions & Security,0.053832939732571736,0.268443654975631,0.13092049068016984,high,0.6528488914775614,0.33131772983960295,0.0013707248982991747,0.0007987882058750847,4.071476461383054e-05
31276376,top,Relationship Trajectory (Main Couple),"Bonding, Everyday Intimacy & Growth",0.16593078093347438,0.4650049218438317,0.23296038666619936,high,0.6528488914775614,0.33131772983960295,0.0013707248982991747,0.0007987882058750847,4.071476461383054e-05
31276376,top,Relationship Trajectory (Main Couple),"Conflict, Distance & Breakup Threats",0.1272671304625715,0.3566537909428836,0.23296038666619936,high,0.6528488914775614,0.33131772983960295,0.0013707248982991747,0.0007987882058750847,4.071476461383054e-05
31276376,top,Relationship Trajectory (Main Couple),"Meeting, First Impressions & Setup",7.310841548993356e-06,2.0487924446430853e-05,0.23296038666619936,high,0.6528488914775614,0.33131772983960295,0.0013707248982991747,0.0007987882058750847,4.071476461383054e-05
31276376,top,Relationship Trajectory (Main Couple),"Reconciliation, Commitments & HEA",0.009567403885981632,0.02681172155775562,0.23296038666619936,high,0.6528488914775614,0.33131772983960295,0.0013707248982991747,0.0007987882058750847,4.071476461383054e-05
31276376,top,Relationship Trajectory (Main Couple),"Secrets, Misunderstandings & Hidden Information",0.054063986004156975,0.1515090777310827,0.23296038666619936,medium,0.6528488914775614,0.33131772983960295,0.0013707248982991747,0.0007987882058750847,4.071476461383054e-05
31276376,top,"Sexuality, Attraction & Intimacy",Attraction & Sexual Tension,0.033483067988280754,0.20165662534503734,0.10839903614381723,high,0.6528488914775614,0.33131772983960295,0.0013707248982991747,0.0007987882058750847,4.071476461383054e-05
31276376,top,"Sexuality, Attraction & Intimacy",Explicit Sexual Acts,0.07867897315208836,0.4738555086115814,0.10839903614381723,high,0.6528488914775614,0.33131772983960295,0.0013707248982991747,0.0007987882058750847,4.071476461383054e-05
31276376,top,"Sexuality, Attraction & Intimacy",Kissing & Non-Explicit Affection,0.05387796836088455,0.3244878660433812,0.10839903614381723,high,0.6528488914775614,0.33131772983960295,0.0013707248982991747,0.0007987882058750847,4.071476461383054e-05
31276376,top,Social World Outside Couple,"Community, Norms & Social Events",0.00970194002235605,0.0969171484357023,0.06535376753247163,high,0.6528488914775614,0.33131772983960295,0.0013707248982991747,0.0007987882058750847,4.071476461383054e-05
31276376,top,Social World Outside Couple,Family & Kinship,0.07165744530318764,0.7158192327482303,0.06535376753247163,high,0.6528488914775614,0.33131772983960295,0.0013707248982991747,0.0007987882058750847,4.071476461383054e-05
31276376,top,Social World Outside Couple,Friends & Social Circles,0.018746119004194234,0.18726361881606746,0.06535376753247163,high,0.6528488914775614,0.33131772983960295,0.0013707248982991747,0.0007987882058750847,4.071476461383054e-05
31276376,top,"Spaces, Time, Activities & Objects",Domestic Spaces & Routines,0.03889427890286559,0.5431461148934752,0.046750011038070194,high,0.6528488914775614,0.33131772983960295,0.0013707248982991747,0.0007987882058750847,4.071476461383054e-05
31276376,top,"Spaces, Time, Activities & Objects",Public & Leisure Spaces,0.029309578214616615,0.409298847683806,0.046750011038070194,high,0.6528488914775614,0.33131772983960295,0.0013707248982991747,0.0007987882058750847,4.071476461383054e-05
31276376,top,"Spaces, Time, Activities & Objects","Time, Seasons & Temporal Framing",0.003405379948484391,0.0475550374227189,0.046750011038070194,high,0.6528488914775614,0.33131772983960295,0.0013707248982991747,0.0007987882058750847,4.071476461383054e-05
31276376,top,"Work, Wealth, Status & Institutions",Hero's Elite Work & Business World,0.04681467622640716,0.7527072329175786,0.040603980063836455,high,0.6528488914775614,0.33131772983960295,0.0013707248982991747,0.0007987882058750847,4.071476461383054e-05
31276376,top,"Work, Wealth, Status & Institutions",Heroine's Work & Professional Identity,0.004247028578840343,0.06828561868591032,0.040603980063836455,high,0.6528488914775614,0.33131772983960295,0.0013707248982991747,0.0007987882058750847,4.071476461383054e-05
31276376,top,"Work, Wealth, Status & Institutions","Law, Medicine, Education & Formal Institutions",0.0056950325804138655,0.09156727249906187,0.040603980063836455,high,0.6528488914775614,0.33131772983960295,0.0013707248982991747,0.0007987882058750847,4.071476461383054e-05
31276376,top,"Work, Wealth, Status & Institutions","Money, Housing & Economic Security",0.002283186263746098,0.03671008652304512,0.040603980063836455,high,0.6528488914775614,0.33131772983960295,0.0013707248982991747,0.0007987882058750847,4.071476461383054e-05
31276376,top,"Work, Wealth, Status & Institutions",Shared Workplaces & Professional Interaction,0.0031551426115452312,0.050729789374404,0.040603980063836455,high,0.6528488914775614,0.33131772983960295,0.0013707248982991747,0.0007987882058750847,4.071476461383054e-05
31424202,trash,"Conflict, Risk & Harm",Interpersonal Non-Romantic Conflict,0.0027874867745282853,0.15710875624172144,0.011960931284938352,high,0.6741438398348502,0.3088555802791485,0.0018177871012214724,0.0013599526502555898,0.0001642297304432275
31424202,trash,"Conflict, Risk & Harm","Violence, Threats & Coercion",0.014954915630080954,0.8428912437582785,0.011960931284938352,high,0.6741438398348502,0.3088555802791485,0.0018177871012214724,0.0013599526502555898,0.0001642297304432275
31424202,trash,Embodied & Sensory Experience,Body Parts & Physical Reactions,0.012645846648606431,0.5601822221499665,0.015218475846903882,high,0.6741438398348502,0.3088555802791485,0.0018177871012214724,0.0013599526502555898,0.0001642297304432275
31424202,trash,Embodied & Sensory Experience,Exercise & Physical Activity,0.009928676691445244,0.4398177778500335,0.015218475846903882,high,0.6741438398348502,0.3088555802791485,0.0018177871012214724,0.0013599526502555898,0.0001642297304432275
31424202,trash,"Emotions, Cognition & Inner Life",Ambivalence & Internal Conflict,0.010459537615449046,0.05641010571316775,0.1249994617423649,high,0.6741438398348502,0.3088555802791485,0.0018177871012214724,0.0013599526502555898,0.0001642297304432275
31424202,trash,"Emotions, Cognition & Inner Life","Beliefs, Values & Moral Reflection",0.02376224717926279,0.12815393229092462,0.1249994617423649,high,0.6741438398348502,0.3088555802791485,0.0018177871012214724,0.0013599526502555898,0.0001642297304432275
31424202,trash,"Emotions, Cognition & Inner Life",Negative Emotions & Distress,0.10586833188529579,0.5709663288083958,0.1249994617423649,high,0.6741438398348502,0.3088555802791485,0.0018177871012214724,0.0013599526502555898,0.0001642297304432275
31424202,trash,"Emotions, Cognition & Inner Life",Positive Emotions & Security,0.04532945456904052,0.24446963318751186,0.1249994617423649,high,0.6741438398348502,0.3088555802791485,0.0018177871012214724,0.0013599526502555898,0.0001642297304432275
31424202,trash,Relationship Trajectory (Main Couple),"Bonding, Everyday Intimacy & Growth",0.15752544066269628,0.475966308058994,0.2231141230838224,high,0.6741438398348502,0.3088555802791485,0.0018177871012214724,0.0013599526502555898,0.0001642297304432275
31424202,trash,Relationship Trajectory (Main Couple),"Conflict, Distance & Breakup Threats",0.11319890471811124,0.34203278231336726,0.2231141230838224,high,0.6741438398348502,0.3088555802791485,0.0018177871012214724,0.0013599526502555898,0.0001642297304432275
31424202,trash,Relationship Trajectory (Main Couple),"Meeting, First Impressions & Setup",6.022335863535961e-06,1.819660973363832e-05,0.2231141230838224,high,0.6741438398348502,0.3088555802791485,0.0018177871012214724,0.0013599526502555898,0.0001642297304432275
31424202,trash,Relationship Trajectory (Main Couple),"Reconciliation, Commitments & HEA",0.008430120490468316,0.02547177972942419,0.2231141230838224,high,0.6741438398348502,0.3088555802791485,0.0018177871012214724,0.0013599526502555898,0.0001642297304432275
31424202,trash,Relationship Trajectory (Main Couple),"Secrets, Misunderstandings & Hidden Information",0.05179873725797836,0.15651093328848092,0.2231141230838224,medium,0.6741438398348502,0.3088555802791485,0.0018177871012214724,0.0013599526502555898,0.0001642297304432275
31424202,trash,"Sexuality, Attraction & Intimacy",Attraction & Sexual Tension,0.0430552070026176,0.1891264410855935,0.15347088649805896,high,0.6741438398348502,0.3088555802791485,0.0018177871012214724,0.0013599526502555898,0.0001642297304432275
31424202,trash,"Sexuality, Attraction & Intimacy",Explicit Sexual Acts,0.11202728910959926,0.4920966351985549,0.15347088649805896,high,0.6741438398348502,0.3088555802791485,0.0018177871012214724,0.0013599526502555898,0.0001642297304432275
31424202,trash,"Sexuality, Attraction & Intimacy",Kissing & Non-Explicit Affection,0.07257053196507866,0.31877692371585165,0.15347088649805896,high,0.6741438398348502,0.3088555802791485,0.0018177871012214724,0.0013599526502555898,0.0001642297304432275
31424202,trash,Social World Outside Couple,"Community, Norms & Social Events",0.003573759376839284,0.05501970169092032,0.04378845749623214,high,0.6741438398348502,0.3088555802791485,0.0018177871012214724,0.0013599526502555898,0.0001642297304432275
31424202,trash,Social World Outside Couple,Family & Kinship,0.035039478009144066,0.5394491973809705,0.04378845749623214,high,0.6741438398348502,0.3088555802791485,0.0018177871012214724,0.0013599526502555898,0.0001642297304432275
31424202,trash,Social World Outside Couple,Friends & Social Circles,0.02634093842753341,0.4055311009281091,0.04378845749623214,high,0.6741438398348502,0.3088555802791485,0.0018177871012214724,0.0013599526502555898,0.0001642297304432275
31424202,trash,"Spaces, Time, Activities & Objects",Domestic Spaces & Routines,0.05522491031175867,0.6639541171285521,0.056072448579900847,high,0.6741438398348502,0.3088555802791485,0.0018177871012214724,0.0013599526502555898,0.0001642297304432275
31424202,trash,"Spaces, Time, Activities & Objects",Public & Leisure Spaces,0.025080641524381338,0.30153775001772404,0.056072448579900847,high,0.6741438398348502,0.3088555802791485,0.0018177871012214724,0.0013599526502555898,0.0001642297304432275
31424202,trash,"Spaces, Time, Activities & Objects","Time, Seasons & Temporal Framing",0.0028702413204618675,0.03450813285372378,0.056072448579900847,high,0.6741438398348502,0.3088555802791485,0.0018177871012214724,0.0013599526502555898,0.0001642297304432275
31424202,trash,"Work, Wealth, Status & Institutions",Hero's Elite Work & Business World,0.04862434419713725,0.7227412230775339,0.045354825572185446,high,0.6741438398348502,0.3088555802791485,0.0018177871012214724,0.0013599526502555898,0.0001642297304432275
31424202,trash,"Work, Wealth, Status & Institutions",Heroine's Work & Professional Identity,0.008631353302975157,0.1282944777150095,0.045354825572185446,high,0.6741438398348502,0.3088555802791485,0.0018177871012214724,0.0013599526502555898,0.0001642297304432275
31424202,trash,"Work, Wealth, Status & Institutions","Law, Medicine, Education & Formal Institutions",0.0034777741548369,0.05169284620196979,0.045354825572185446,high,0.6741438398348502,0.3088555802791485,0.0018177871012214724,0.0013599526502555898,0.0001642297304432275
31424202,trash,"Work, Wealth, Status & Institutions","Money, Housing & Economic Security",0.0025888933431891087,0.0384807234353187,0.045354825572185446,high,0.6741438398348502,0.3088555802791485,0.0018177871012214724,0.0013599526502555898,0.0001642297304432275
31424202,trash,"Work, Wealth, Status & Institutions",Shared Workplaces & Professional Interaction,0.003955303196970127,0.05879072957016812,0.045354825572185446,high,0.6741438398348502,0.3088555802791485,0.0018177871012214724,0.0013599526502555898,0.0001642297304432275
31625455,trash,"Conflict, Risk & Harm",Interpersonal Non-Romantic Conflict,0.0027391921431412364,0.16320810056101842,0.01087833684363608,high,0.6481592384668451,0.3175788477801791,0.0008521865466950244,0.0004590756256761059,0.0003752093880857293
31625455,trash,"Conflict, Risk & Harm","Violence, Threats & Coercion",0.014044240380890484,0.8367918994389816,0.01087833684363608,high,0.6481592384668451,0.3175788477801791,0.0008521865466950244,0.0004590756256761059,0.0003752093880857293
31625455,trash,Embodied & Sensory Experience,Body Parts & Physical Reactions,0.006134743616830233,0.4371512253361816,0.009095915830537003,high,0.6481592384668451,0.3175788477801791,0.0008521865466950244,0.0004590756256761059,0.0003752093880857293
31625455,trash,Embodied & Sensory Experience,Exercise & Physical Activity,0.007898714969754861,0.5628487746638184,0.009095915830537003,high,0.6481592384668451,0.3175788477801791,0.0008521865466950244,0.0004590756256761059,0.0003752093880857293
31625455,trash,"Emotions, Cognition & Inner Life",Ambivalence & Internal Conflict,0.010596381745028848,0.055942196649559246,0.12277213148039638,high,0.6481592384668451,0.3175788477801791,0.0008521865466950244,0.0004590756256761059,0.0003752093880857293
31625455,trash,"Emotions, Cognition & Inner Life","Beliefs, Values & Moral Reflection",0.024469839493132778,0.12918528284904277,0.12277213148039638,high,0.6481592384668451,0.3175788477801791,0.0008521865466950244,0.0004590756256761059,0.0003752093880857293
31625455,trash,"Emotions, Cognition & Inner Life",Negative Emotions & Distress,0.10728162306336218,0.5663791470244127,0.12277213148039638,high,0.6481592384668451,0.3175788477801791,0.0008521865466950244,0.0004590756256761059,0.0003752093880857293
31625455,trash,"Emotions, Cognition & Inner Life",Positive Emotions & Security,0.047068774631196186,0.24849337347698525,0.12277213148039638,high,0.6481592384668451,0.3175788477801791,0.0008521865466950244,0.0004590756256761059,0.0003752093880857293
31625455,trash,Relationship Trajectory (Main Couple),"Bonding, Everyday Intimacy & Growth",0.15890812904956228,0.44476088414867654,0.23158010423534664,high,0.6481592384668451,0.3175788477801791,0.0008521865466950244,0.0004590756256761059,0.0003752093880857293
31625455,trash,Relationship Trajectory (Main Couple),"Conflict, Distance & Breakup Threats",0.12652404532522465,0.3541225146975522,0.23158010423534664,high,0.6481592384668451,0.3175788477801791,0.0008521865466950244,0.0004590756256761059,0.0003752093880857293
31625455,trash,Relationship Trajectory (Main Couple),"Meeting, First Impressions & Setup",6.7146835414938115e-06,1.8793428671996437e-05,0.23158010423534664,high,0.6481592384668451,0.3175788477801791,0.0008521865466950244,0.0004590756256761059,0.0003752093880857293
31625455,trash,Relationship Trajectory (Main Couple),"Reconciliation, Commitments & HEA",0.011368295802447559,0.03181821674323081,0.23158010423534664,high,0.6481592384668451,0.3175788477801791,0.0008521865466950244,0.0004590756256761059,0.0003752093880857293
31625455,trash,Relationship Trajectory (Main Couple),"Secrets, Misunderstandings & Hidden Information",0.060481719611411855,0.16927959098186854,0.23158010423534664,medium,0.6481592384668451,0.3175788477801791,0.0008521865466950244,0.0004590756256761059,0.0003752093880857293
31625455,trash,"Sexuality, Attraction & Intimacy",Attraction & Sexual Tension,0.0343556890537251,0.19540259906354757,0.1139593708619216,high,0.6481592384668451,0.3175788477801791,0.0008521865466950244,0.0004590756256761059,0.0003752093880857293
31625455,trash,"Sexuality, Attraction & Intimacy",Explicit Sexual Acts,0.08286289718135736,0.4712938648924324,0.1139593708619216,high,0.6481592384668451,0.3175788477801791,0.0008521865466950244,0.0004590756256761059,0.0003752093880857293
31625455,trash,"Sexuality, Attraction & Intimacy",Kissing & Non-Explicit Affection,0.05860143467749592,0.33330353604401997,0.1139593708619216,high,0.6481592384668451,0.3175788477801791,0.0008521865466950244,0.0004590756256761059,0.0003752093880857293
31625455,trash,Social World Outside Couple,"Community, Norms & Social Events",0.00400354082614038,0.052120336013121625,0.04978732240691583,high,0.6481592384668451,0.3175788477801791,0.0008521865466950244,0.0004590756256761059,0.0003752093880857293
31625455,trash,Social World Outside Couple,Family & Kinship,0.04920237784515018,0.6405441026577604,0.04978732240691583,high,0.6481592384668451,0.3175788477801791,0.0008521865466950244,0.0004590756256761059,0.0003752093880857293
31625455,trash,Social World Outside Couple,Friends & Social Circles,0.023607492990761335,0.307335561329118,0.04978732240691583,high,0.6481592384668451,0.3175788477801791,0.0008521865466950244,0.0004590756256761059,0.0003752093880857293
31625455,trash,"Spaces, Time, Activities & Objects",Domestic Spaces & Routines,0.05486810337198678,0.593714610769429,0.05989960067113491,high,0.6481592384668451,0.3175788477801791,0.0008521865466950244,0.0004590756256761059,0.0003752093880857293
31625455,trash,"Spaces, Time, Activities & Objects",Public & Leisure Spaces,0.0343496989887005,0.37168986919157104,0.05989960067113491,high,0.6481592384668451,0.3175788477801791,0.0008521865466950244,0.0004590756256761059,0.0003752093880857293
31625455,trash,"Spaces, Time, Activities & Objects","Time, Seasons & Temporal Framing",0.0031971430975018715,0.03459552003899996,0.05989960067113491,high,0.6481592384668451,0.3175788477801791,0.0008521865466950244,0.0004590756256761059,0.0003752093880857293
31625455,trash,"Work, Wealth, Status & Institutions",Hero's Elite Work & Business World,0.045617232957265,0.5935854431352042,0.04981124674887092,high,0.6481592384668451,0.3175788477801791,0.0008521865466950244,0.0004590756256761059,0.0003752093880857293
31625455,trash,"Work, Wealth, Status & Institutions",Heroine's Work & Professional Identity,0.006056949861548227,0.07881489153414836,0.04981124674887092,high,0.6481592384668451,0.3175788477801791,0.0008521865466950244,0.0004590756256761059,0.0003752093880857293
31625455,trash,"Work, Wealth, Status & Institutions","Law, Medicine, Education & Formal Institutions",0.01700013031558741,0.22121091597527673,0.04981124674887092,high,0.6481592384668451,0.3175788477801791,0.0008521865466950244,0.0004590756256761059,0.0003752093880857293
31625455,trash,"Work, Wealth, Status & Institutions","Money, Housing & Economic Security",0.0032776006209646303,0.04264914574801418,0.04981124674887092,high,0.6481592384668451,0.3175788477801791,0.0008521865466950244,0.0004590756256761059,0.0003752093880857293
31625455,trash,"Work, Wealth, Status & Institutions",Shared Workplaces & Professional Interaction,0.004898409116980688,0.06373960360735642,0.04981124674887092,high,0.6481592384668451,0.3175788477801791,0.0008521865466950244,0.0004590756256761059,0.0003752093880857293
32195234,middle,"Conflict, Risk & Harm",Interpersonal Non-Romantic Conflict,0.0027922314723568594,0.14146711038495477,0.013156852067685448,high,0.6665857978481736,0.29773587103665433,0.0009365111930549912,0.00041056824903584483,3.182672319309644e-05
32195234,middle,"Conflict, Risk & Harm","Violence, Threats & Coercion",0.016945440872534814,0.8585328896150451,0.013156852067685448,high,0.6665857978481736,0.29773587103665433,0.0009365111930549912,0.00041056824903584483,3.182672319309644e-05
32195234,middle,Embodied & Sensory Experience,Body Parts & Physical Reactions,0.00992815716254457,0.5227911185256795,0.012658915442213575,high,0.6665857978481736,0.29773587103665433,0.0009365111930549912,0.00041056824903584483,3.182672319309644e-05
32195234,middle,Embodied & Sensory Experience,Exercise & Physical Activity,0.00906251963116783,0.47720888147432056,0.012658915442213575,high,0.6665857978481736,0.29773587103665433,0.0009365111930549912,0.00041056824903584483,3.182672319309644e-05
32195234,middle,"Emotions, Cognition & Inner Life",Ambivalence & Internal Conflict,0.009047247848015388,0.047729350678876,0.1263534248700475,high,0.6665857978481736,0.29773587103665433,0.0009365111930549912,0.00041056824903584483,3.182672319309644e-05
32195234,middle,"Emotions, Cognition & Inner Life","Beliefs, Values & Moral Reflection",0.024171421438490853,0.12751792253571398,0.1263534248700475,high,0.6665857978481736,0.29773587103665433,0.0009365111930549912,0.00041056824903584483,3.182672319309644e-05
32195234,middle,"Emotions, Cognition & Inner Life",Negative Emotions & Distress,0.114300445129961,0.6029995110122083,0.1263534248700475,high,0.6665857978481736,0.29773587103665433,0.0009365111930549912,0.00041056824903584483,3.182672319309644e-05
32195234,middle,"Emotions, Cognition & Inner Life",Positive Emotions & Security,0.04203401629518747,0.22175321577320167,0.1263534248700475,high,0.6665857978481736,0.29773587103665433,0.0009365111930549912,0.00041056824903584483,3.182672319309644e-05
32195234,middle,Relationship Trajectory (Main Couple),"Bonding, Everyday Intimacy & Growth",0.15134529220768164,0.46475745660396595,0.21706940022866447,high,0.6665857978481736,0.29773587103665433,0.0009365111930549912,0.00041056824903584483,3.182672319309644e-05
32195234,middle,Relationship Trajectory (Main Couple),"Conflict, Distance & Breakup Threats",0.11681866952039707,0.35873165883255226,0.21706940022866447,high,0.6665857978481736,0.29773587103665433,0.0009365111930549912,0.00041056824903584483,3.182672319309644e-05
32195234,middle,Relationship Trajectory (Main Couple),"Meeting, First Impressions & Setup",5.4862481301446495e-06,1.684740033912251e-05,0.21706940022866447,high,0.6665857978481736,0.29773587103665433,0.0009365111930549912,0.00041056824903584483,3.182672319309644e-05
32195234,middle,Relationship Trajectory (Main Couple),"Reconciliation, Commitments & HEA",0.00851252028746128,0.026140603519145093,0.21706940022866447,high,0.6665857978481736,0.29773587103665433,0.0009365111930549912,0.00041056824903584483,3.182672319309644e-05
32195234,middle,Relationship Trajectory (Main Couple),"Secrets, Misunderstandings & Hidden Information",0.04896163369933743,0.1503534336439976,0.21706940022866447,medium,0.6665857978481736,0.29773587103665433,0.0009365111930549912,0.00041056824903584483,3.182672319309644e-05
32195234,middle,"Sexuality, Attraction & Intimacy",Attraction & Sexual Tension,0.037380855435285264,0.15187724178299472,0.164063733657868,high,0.6665857978481736,0.29773587103665433,0.0009365111930549912,0.00041056824903584483,3.182672319309644e-05
32195234,middle,"Sexuality, Attraction & Intimacy",Explicit Sexual Acts,0.1305229063531243,0.530310469773265,0.164063733657868,high,0.6665857978481736,0.29773587103665433,0.0009365111930549912,0.00041056824903584483,3.182672319309644e-05
32195234,middle,"Sexuality, Attraction & Intimacy",Kissing & Non-Explicit Affection,0.07822169451067039,0.31781228844374027,0.164063733657868,high,0.6665857978481736,0.29773587103665433,0.0009365111930549912,0.00041056824903584483,3.182672319309644e-05
32195234,middle,Social World Outside Couple,"Community, Norms & Social Events",0.0022205866513942936,0.03769295967939848,0.03927023872099107,high,0.6665857978481736,0.29773587103665433,0.0009365111930549912,0.00041056824903584483,3.182672319309644e-05
32195234,middle,Social World Outside Couple,Family & Kinship,0.03650605309889697,0.619665612529332,0.03927023872099107,high,0.6665857978481736,0.29773587103665433,0.0009365111930549912,0.00041056824903584483,3.182672319309644e-05
32195234,middle,Social World Outside Couple,Friends & Social Circles,0.020185864608128243,0.34264142779126944,0.03927023872099107,high,0.6665857978481736,0.29773587103665433,0.0009365111930549912,0.00041056824903584483,3.182672319309644e-05
32195234,middle,"Spaces, Time, Activities & Objects",Domestic Spaces & Routines,0.05078254124151058,0.6239149204286609,0.05425566797949444,high,0.6665857978481736,0.29773587103665433,0.0009365111930549912,0.00041056824903584483,3.182672319309644e-05
32195234,middle,"Spaces, Time, Activities & Objects",Public & Leisure Spaces,0.028219249750452844,0.3467020462579468,0.05425566797949444,high,0.6665857978481736,0.29773587103665433,0.0009365111930549912,0.00041056824903584483,3.182672319309644e-05
32195234,middle,"Spaces, Time, Activities & Objects","Time, Seasons & Temporal Framing",0.0023915842564124798,0.02938303331339243,0.05425566797949444,high,0.6665857978481736,0.29773587103665433,0.0009365111930549912,0.00041056824903584483,3.182672319309644e-05
32195234,middle,"Work, Wealth, Status & Institutions",Hero's Elite Work & Business World,0.04660574845809246,0.7820302771134309,0.03972573815801601,high,0.6665857978481736,0.29773587103665433,0.0009365111930549912,0.00041056824903584483,3.182672319309644e-05
32195234,middle,"Work, Wealth, Status & Institutions",Heroine's Work & Professional Identity,0.005828965169681518,0.0978082618076497,0.03972573815801601,high,0.6665857978481736,0.29773587103665433,0.0009365111930549912,0.00041056824903584483,3.182672319309644e-05
32195234,middle,"Work, Wealth, Status & Institutions","Law, Medicine, Education & Formal Institutions",0.0025011390948323038,0.041968352920879116,0.03972573815801601,high,0.6665857978481736,0.29773587103665433,0.0009365111930549912,0.00041056824903584483,3.182672319309644e-05
32195234,middle,"Work, Wealth, Status & Institutions","Money, Housing & Economic Security",0.0013659760994385987,0.02292066328544942,0.03972573815801601,high,0.6665857978481736,0.29773587103665433,0.0009365111930549912,0.00041056824903584483,3.182672319309644e-05
32195234,middle,"Work, Wealth, Status & Institutions",Shared Workplaces & Professional Interaction,0.003294007582294806,0.0552724448725908,0.03972573815801601,high,0.6665857978481736,0.29773587103665433,0.0009365111930549912,0.00041056824903584483,3.182672319309644e-05
33743772,trash,"Conflict, Risk & Harm",Interpersonal Non-Romantic Conflict,0.003186339826205469,0.178293152791842,0.011867097935167548,high,0.6640290806239142,0.31082269359966297,0.0017123274495024648,0.0011456872341475603,4.195342055315576e-05
33743772,trash,"Conflict, Risk & Harm","Violence, Threats & Coercion",0.014685012922408125,0.8217068472081579,0.011867097935167548,high,0.6640290806239142,0.31082269359966297,0.0017123274495024648,0.0011456872341475603,4.195342055315576e-05
33743772,trash,Embodied & Sensory Experience,Body Parts & Physical Reactions,0.006066936969627982,0.3941631359929948,0.010220698513563945,high,0.6640290806239142,0.31082269359966297,0.0017123274495024648,0.0011456872341475603,4.195342055315576e-05
33743772,trash,Embodied & Sensory Experience,Exercise & Physical Activity,0.009325007166253374,0.6058368640070051,0.010220698513563945,high,0.6640290806239142,0.31082269359966297,0.0017123274495024648,0.0011456872341475603,4.195342055315576e-05
33743772,trash,"Emotions, Cognition & Inner Life",Ambivalence & Internal Conflict,0.011062219329754538,0.0575021703591559,0.12774535787634622,high,0.6640290806239142,0.31082269359966297,0.0017123274495024648,0.0011456872341475603,4.195342055315576e-05
33743772,trash,"Emotions, Cognition & Inner Life","Beliefs, Values & Moral Reflection",0.02515975487546584,0.13078212137344614,0.12774535787634622,high,0.6640290806239142,0.31082269359966297,0.0017123274495024648,0.0011456872341475603,4.195342055315576e-05
33743772,trash,"Emotions, Cognition & Inner Life",Negative Emotions & Distress,0.10746415043854898,0.5586059814777257,0.12774535787634622,high,0.6640290806239142,0.31082269359966297,0.0017123274495024648,0.0011456872341475603,4.195342055315576e-05
33743772,trash,"Emotions, Cognition & Inner Life",Positive Emotions & Security,0.048693037058483386,0.2531097267896723,0.12774535787634622,high,0.6640290806239142,0.31082269359966297,0.0017123274495024648,0.0011456872341475603,4.195342055315576e-05
33743772,trash,Relationship Trajectory (Main Couple),"Bonding, Everyday Intimacy & Growth",0.1575939344824238,0.430643494658227,0.24300136127522495,high,0.6640290806239142,0.31082269359966297,0.0017123274495024648,0.0011456872341475603,4.195342055315576e-05
33743772,trash,Relationship Trajectory (Main Couple),"Conflict, Distance & Breakup Threats",0.1240222630741313,0.33890505342781807,0.24300136127522495,high,0.6640290806239142,0.31082269359966297,0.0017123274495024648,0.0011456872341475603,4.195342055315576e-05
33743772,trash,Relationship Trajectory (Main Couple),"Meeting, First Impressions & Setup",7.396901799571237e-06,2.0212882247484923e-05,0.24300136127522495,high,0.6640290806239142,0.31082269359966297,0.0017123274495024648,0.0011456872341475603,4.195342055315576e-05
33743772,trash,Relationship Trajectory (Main Couple),"Reconciliation, Commitments & HEA",0.00947716797188408,0.02589744807298,0.24300136127522495,high,0.6640290806239142,0.31082269359966297,0.0017123274495024648,0.0011456872341475603,4.195342055315576e-05
33743772,trash,Relationship Trajectory (Main Couple),"Secrets, Misunderstandings & Hidden Information",0.07484911591982332,0.2045337909587274,0.24300136127522495,medium,0.6640290806239142,0.31082269359966297,0.0017123274495024648,0.0011456872341475603,4.195342055315576e-05
33743772,trash,"Sexuality, Attraction & Intimacy",Attraction & Sexual Tension,0.038885521573986524,0.2035249964968876,0.12686951276154682,high,0.6640290806239142,0.31082269359966297,0.0017123274495024648,0.0011456872341475603,4.195342055315576e-05
33743772,trash,"Sexuality, Attraction & Intimacy",Explicit Sexual Acts,0.08993277180539119,0.4707039104984586,0.12686951276154682,high,0.6640290806239142,0.31082269359966297,0.0017123274495024648,0.0011456872341475603,4.195342055315576e-05
33743772,trash,"Sexuality, Attraction & Intimacy",Kissing & Non-Explicit Affection,0.06224188224175872,0.3257710930046538,0.12686951276154682,high,0.6640290806239142,0.31082269359966297,0.0017123274495024648,0.0011456872341475603,4.195342055315576e-05
33743772,trash,Social World Outside Couple,"Community, Norms & Social Events",0.0027078070934688048,0.04421916026931667,0.04066252375286886,high,0.6640290806239142,0.31082269359966297,0.0017123274495024648,0.0011456872341475603,4.195342055315576e-05
33743772,trash,Social World Outside Couple,Family & Kinship,0.03518120606093753,0.5745178055810326,0.04066252375286886,high,0.6640290806239142,0.31082269359966297,0.0017123274495024648,0.0011456872341475603,4.195342055315576e-05
33743772,trash,Social World Outside Couple,Friends & Social Circles,0.023347045535467317,0.3812630341496507,0.04066252375286886,high,0.6640290806239142,0.31082269359966297,0.0017123274495024648,0.0011456872341475603,4.195342055315576e-05
33743772,trash,"Spaces, Time, Activities & Objects",Domestic Spaces & Routines,0.04351784656130763,0.572088278175019,0.05051163735607458,high,0.6640290806239142,0.31082269359966297,0.0017123274495024648,0.0011456872341475603,4.195342055315576e-05
33743772,trash,"Spaces, Time, Activities & Objects",Public & Leisure Spaces,0.030151266254132413,0.39637039419730097,0.05051163735607458,high,0.6640290806239142,0.31082269359966297,0.0017123274495024648,0.0011456872341475603,4.195342055315576e-05
33743772,trash,"Spaces, Time, Activities & Objects","Time, Seasons & Temporal Framing",0.0023992986893910675,0.03154132762768009,0.05051163735607458,high,0.6640290806239142,0.31082269359966297,0.0017123274495024648,0.0011456872341475603,4.195342055315576e-05
33743772,trash,"Work, Wealth, Status & Institutions",Hero's Elite Work & Business World,0.04451137229391745,0.5565324196554883,0.05310893773256808,high,0.6640290806239142,0.31082269359966297,0.0017123274495024648,0.0011456872341475603,4.195342055315576e-05
33743772,trash,"Work, Wealth, Status & Institutions",Heroine's Work & Professional Identity,0.005924634853051528,0.07407660560477888,0.05310893773256808,high,0.6640290806239142,0.31082269359966297,0.0017123274495024648,0.0011456872341475603,4.195342055315576e-05
33743772,trash,"Work, Wealth, Status & Institutions","Law, Medicine, Education & Formal Institutions",0.023946918010530498,0.2994119375985475,0.05310893773256808,high,0.6640290806239142,0.31082269359966297,0.0017123274495024648,0.0011456872341475603,4.195342055315576e-05
33743772,trash,"Work, Wealth, Status & Institutions","Money, Housing & Economic Security",0.0019063988748102146,0.023835993454005742,0.05310893773256808,high,0.6640290806239142,0.31082269359966297,0.0017123274495024648,0.0011456872341475603,4.195342055315576e-05
33743772,trash,"Work, Wealth, Status & Institutions",Shared Workplaces & Professional Interaction,0.0036905131198034587,0.04614304368717949,0.05310893773256808,high,0.6640290806239142,0.31082269359966297,0.0017123274495024648,0.0011456872341475603,4.195342055315576e-05
34272677,trash,"Conflict, Risk & Harm",Interpersonal Non-Romantic Conflict,0.002483594412088209,0.12898389368690372,0.013246868586290863,high,0.687967681479,0.2987731942751506,0.0009666748818830439,0.00026853977790260283,4.41006529813995e-05
34272677,trash,"Conflict, Risk & Harm","Violence, Threats & Coercion",0.016771479544020612,0.8710161063130962,0.013246868586290863,high,0.687967681479,0.2987731942751506,0.0009666748818830439,0.00026853977790260283,4.41006529813995e-05
34272677,trash,Embodied & Sensory Experience,Body Parts & Physical Reactions,0.0280850527410954,0.7650958201749282,0.025253841556851307,high,0.687967681479,0.2987731942751506,0.0009666748818830439,0.00026853977790260283,4.41006529813995e-05
34272677,trash,Embodied & Sensory Experience,Exercise & Physical Activity,0.008622836650685821,0.2349041798250718,0.025253841556851307,high,0.687967681479,0.2987731942751506,0.0009666748818830439,0.00026853977790260283,4.41006529813995e-05
34272677,trash,"Emotions, Cognition & Inner Life",Ambivalence & Internal Conflict,0.016561384992638234,0.09003915104462765,0.126541593332207,high,0.687967681479,0.2987731942751506,0.0009666748818830439,0.00026853977790260283,4.41006529813995e-05
34272677,trash,"Emotions, Cognition & Inner Life","Beliefs, Values & Moral Reflection",0.0173582810370759,0.09437162947827821,0.126541593332207,high,0.687967681479,0.2987731942751506,0.0009666748818830439,0.00026853977790260283,4.41006529813995e-05
34272677,trash,"Emotions, Cognition & Inner Life",Negative Emotions & Distress,0.10280002098903888,0.5588920625501669,0.126541593332207,high,0.687967681479,0.2987731942751506,0.0009666748818830439,0.00026853977790260283,4.41006529813995e-05
34272677,trash,"Emotions, Cognition & Inner Life",Positive Emotions & Security,0.047215687765374305,0.25669715692692724,0.126541593332207,high,0.687967681479,0.2987731942751506,0.0009666748818830439,0.00026853977790260283,4.41006529813995e-05
34272677,trash,Relationship Trajectory (Main Couple),"Bonding, Everyday Intimacy & Growth",0.13659960080446076,0.47430136618574503,0.19813586330594515,high,0.687967681479,0.2987731942751506,0.0009666748818830439,0.00026853977790260283,4.41006529813995e-05
34272677,trash,Relationship Trajectory (Main Couple),"Conflict, Distance & Breakup Threats",0.08956969490769694,0.311004046961854,0.19813586330594515,high,0.687967681479,0.2987731942751506,0.0009666748818830439,0.00026853977790260283,4.41006529813995e-05
34272677,trash,Relationship Trajectory (Main Couple),"Meeting, First Impressions & Setup",6.9001534174756085e-06,2.3958724429105685e-05,0.19813586330594515,high,0.687967681479,0.2987731942751506,0.0009666748818830439,0.00026853977790260283,4.41006529813995e-05
34272677,trash,Relationship Trajectory (Main Couple),"Reconciliation, Commitments & HEA",0.005883663717342112,0.02042926716387397,0.19813586330594515,high,0.687967681479,0.2987731942751506,0.0009666748818830439,0.00026853977790260283,4.41006529813995e-05
34272677,trash,Relationship Trajectory (Main Couple),"Secrets, Misunderstandings & Hidden Information",0.05594184259005493,0.19424136096409794,0.19813586330594515,medium,0.687967681479,0.2987731942751506,0.0009666748818830439,0.00026853977790260283,4.41006529813995e-05
34272677,trash,"Sexuality, Attraction & Intimacy",Attraction & Sexual Tension,0.05242184921402244,0.1818223010485311,0.1983504655624537,high,0.687967681479,0.2987731942751506,0.0009666748818830439,0.00026853977790260283,4.41006529813995e-05
34272677,trash,"Sexuality, Attraction & Intimacy",Explicit Sexual Acts,0.12858557275082433,0.4459919874963946,0.1983504655624537,high,0.687967681479,0.2987731942751506,0.0009666748818830439,0.00026853977790260283,4.41006529813995e-05
34272677,trash,"Sexuality, Attraction & Intimacy",Kissing & Non-Explicit Affection,0.10730621674567786,0.3721857114550743,0.1983504655624537,high,0.687967681479,0.2987731942751506,0.0009666748818830439,0.00026853977790260283,4.41006529813995e-05
34272677,trash,Social World Outside Couple,"Community, Norms & Social Events",0.0032792317555116073,0.05507292063588476,0.04096396998421851,high,0.687967681479,0.2987731942751506,0.0009666748818830439,0.00026853977790260283,4.41006529813995e-05
34272677,trash,Social World Outside Couple,Family & Kinship,0.03705126755020898,0.6222559640141204,0.04096396998421851,high,0.687967681479,0.2987731942751506,0.0009666748818830439,0.00026853977790260283,4.41006529813995e-05
34272677,trash,Social World Outside Couple,Friends & Social Circles,0.0192129517705767,0.32267111534999493,0.04096396998421851,high,0.687967681479,0.2987731942751506,0.0009666748818830439,0.00026853977790260283,4.41006529813995e-05
34272677,trash,"Spaces, Time, Activities & Objects",Domestic Spaces & Routines,0.04699809367712371,0.7558229692141021,0.04277876018322569,high,0.687967681479,0.2987731942751506,0.0009666748818830439,0.00026853977790260283,4.41006529813995e-05
34272677,trash,"Spaces, Time, Activities & Objects",Public & Leisure Spaces,0.01330305393454339,0.21393960771043088,0.04277876018322569,high,0.687967681479,0.2987731942751506,0.0009666748818830439,0.00026853977790260283,4.41006529813995e-05
34272677,trash,"Spaces, Time, Activities & Objects","Time, Seasons & Temporal Framing",0.0018802038309754857,0.030237423075467024,0.04277876018322569,high,0.687967681479,0.2987731942751506,0.0009666748818830439,0.00026853977790260283,4.41006529813995e-05
34272677,trash,"Work, Wealth, Status & Institutions",Hero's Elite Work & Business World,0.043508129748932485,0.7017732800653849,0.04265221831482638,high,0.687967681479,0.2987731942751506,0.0009666748818830439,0.00026853977790260283,4.41006529813995e-05
34272677,trash,"Work, Wealth, Status & Institutions",Heroine's Work & Professional Identity,0.005560684482244445,0.08969219801062853,0.04265221831482638,high,0.687967681479,0.2987731942751506,0.0009666748818830439,0.00026853977790260283,4.41006529813995e-05
34272677,trash,"Work, Wealth, Status & Institutions","Law, Medicine, Education & Formal Institutions",0.005306453542003747,0.08559152804719028,0.04265221831482638,high,0.687967681479,0.2987731942751506,0.0009666748818830439,0.00026853977790260283,4.41006529813995e-05
34272677,trash,"Work, Wealth, Status & Institutions","Money, Housing & Economic Security",0.000697618488678142,0.011252380138126445,0.04265221831482638,high,0.687967681479,0.2987731942751506,0.0009666748818830439,0.00026853977790260283,4.41006529813995e-05
34272677,trash,"Work, Wealth, Status & Institutions",Shared Workplaces & Professional Interaction,0.006924529406174017,0.1116906137386699,0.04265221831482638,high,0.687967681479,0.2987731942751506,0.0009666748818830439,0.00026853977790260283,4.41006529813995e-05
34322023,middle,"Conflict, Risk & Harm",Interpersonal Non-Romantic Conflict,0.003931455786673367,0.1694663463470783,0.015247492899563191,high,0.6572468451510712,0.30179864651439015,0.0013346126613770235,0.0007265719025689575,4.208948545585391e-05
34322023,middle,"Conflict, Risk & Harm","Violence, Threats & Coercion",0.01926757972343012,0.8305336536529216,0.015247492899563191,high,0.6572468451510712,0.30179864651439015,0.0013346126613770235,0.0007265719025689575,4.208948545585391e-05
34322023,middle,Embodied & Sensory Experience,Body Parts & Physical Reactions,0.007683020452416822,0.37589105657379546,0.013433788501405221,high,0.6572468451510712,0.30179864651439015,0.0013346126613770235,0.0007265719025689575,4.208948545585391e-05
34322023,middle,Embodied & Sensory Experience,Exercise & Physical Activity,0.01275646678212046,0.6241089434262046,0.013433788501405221,high,0.6572468451510712,0.30179864651439015,0.0013346126613770235,0.0007265719025689575,4.208948545585391e-05
34322023,middle,"Emotions, Cognition & Inner Life",Ambivalence & Internal Conflict,0.012186503936963617,0.06054879426389205,0.13228242384286246,high,0.6572468451510712,0.30179864651439015,0.0013346126613770235,0.0007265719025689575,4.208948545585391e-05
34322023,middle,"Emotions, Cognition & Inner Life","Beliefs, Values & Moral Reflection",0.025654712566775633,0.12746575401279675,0.13228242384286246,high,0.6572468451510712,0.30179864651439015,0.0013346126613770235,0.0007265719025689575,4.208948545585391e-05
34322023,middle,"Emotions, Cognition & Inner Life",Negative Emotions & Distress,0.11442193024629818,0.5685067636786666,0.13228242384286246,high,0.6572468451510712,0.30179864651439015,0.0013346126613770235,0.0007265719025689575,4.208948545585391e-05
34322023,middle,"Emotions, Cognition & Inner Life",Positive Emotions & Security,0.049004344784983514,0.2434786880446446,0.13228242384286246,high,0.6572468451510712,0.30179864651439015,0.0013346126613770235,0.0007265719025689575,4.208948545585391e-05
34322023,middle,Relationship Trajectory (Main Couple),"Bonding, Everyday Intimacy & Growth",0.1775250434728402,0.4288994240704456,0.2720399427224854,high,0.6572468451510712,0.30179864651439015,0.0013346126613770235,0.0007265719025689575,4.208948545585391e-05
34322023,middle,Relationship Trajectory (Main Couple),"Conflict, Distance & Breakup Threats",0.15508100676408426,0.3746747680450883,0.2720399427224854,high,0.6572468451510712,0.30179864651439015,0.0013346126613770235,0.0007265719025689575,4.208948545585391e-05
34322023,middle,Relationship Trajectory (Main Couple),"Meeting, First Impressions & Setup",7.721541219981215e-06,1.8655196570577497e-05,0.2720399427224854,high,0.6572468451510712,0.30179864651439015,0.0013346126613770235,0.0007265719025689575,4.208948545585391e-05
34322023,middle,Relationship Trajectory (Main Couple),"Reconciliation, Commitments & HEA",0.013962456926788441,0.03373321091693834,0.2720399427224854,high,0.6572468451510712,0.30179864651439015,0.0013346126613770235,0.0007265719025689575,4.208948545585391e-05
34322023,middle,Relationship Trajectory (Main Couple),"Secrets, Misunderstandings & Hidden Information",0.06733209923836173,0.16267394177095712,0.2720399427224854,medium,0.6572468451510712,0.30179864651439015,0.0013346126613770235,0.0007265719025689575,4.208948545585391e-05
34322023,middle,"Sexuality, Attraction & Intimacy",Attraction & Sexual Tension,0.028890745622345573,0.1978762446320525,0.09596074278475046,high,0.6572468451510712,0.30179864651439015,0.0013346126613770235,0.0007265719025689575,4.208948545585391e-05
34322023,middle,"Sexuality, Attraction & Intimacy",Explicit Sexual Acts,0.06728604885091949,0.460850364915844,0.09596074278475046,high,0.6572468451510712,0.30179864651439015,0.0013346126613770235,0.0007265719025689575,4.208948545585391e-05
34322023,middle,"Sexuality, Attraction & Intimacy",Kissing & Non-Explicit Affection,0.049827318734297674,0.3412733904521034,0.09596074278475046,high,0.6572468451510712,0.30179864651439015,0.0013346126613770235,0.0007265719025689575,4.208948545585391e-05
34322023,middle,Social World Outside Couple,"Community, Norms & Social Events",0.0033604024858826255,0.047176104780041125,0.04681636906187674,high,0.6572468451510712,0.30179864651439015,0.0013346126613770235,0.0007265719025689575,4.208948545585391e-05
34322023,middle,Social World Outside Couple,Family & Kinship,0.03732565912844238,0.5240084226294676,0.04681636906187674,high,0.6572468451510712,0.30179864651439015,0.0013346126613770235,0.0007265719025689575,4.208948545585391e-05
34322023,middle,Social World Outside Couple,Friends & Social Circles,0.030544967347275843,0.42881547259049135,0.04681636906187674,high,0.6572468451510712,0.30179864651439015,0.0013346126613770235,0.0007265719025689575,4.208948545585391e-05
34322023,middle,"Spaces, Time, Activities & Objects",Domestic Spaces & Routines,0.039262517470648135,0.6065677849090128,0.042542921635944066,high,0.6572468451510712,0.30179864651439015,0.0013346126613770235,0.0007265719025689575,4.208948545585391e-05
34322023,middle,"Spaces, Time, Activities & Objects",Public & Leisure Spaces,0.02327473550787362,0.3595720720635949,0.042542921635944066,high,0.6572468451510712,0.30179864651439015,0.0013346126613770235,0.0007265719025689575,4.208948545585391e-05
34322023,middle,"Spaces, Time, Activities & Objects","Time, Seasons & Temporal Framing",0.002191732713551642,0.03386014302739241,0.042542921635944066,high,0.6572468451510712,0.30179864651439015,0.0013346126613770235,0.0007265719025689575,4.208948545585391e-05
34322023,middle,"Work, Wealth, Status & Institutions",Hero's Elite Work & Business World,0.04502443644054995,0.761094424508593,0.03888107421672786,high,0.6572468451510712,0.30179864651439015,0.0013346126613770235,0.0007265719025689575,4.208948545585391e-05
34322023,middle,"Work, Wealth, Status & Institutions",Heroine's Work & Professional Identity,0.006064219280839388,0.10250974467472962,0.03888107421672786,high,0.6572468451510712,0.30179864651439015,0.0013346126613770235,0.0007265719025689575,4.208948545585391e-05
34322023,middle,"Work, Wealth, Status & Institutions","Law, Medicine, Education & Formal Institutions",0.003905991489067225,0.06602699732693801,0.03888107421672786,high,0.6572468451510712,0.30179864651439015,0.0013346126613770235,0.0007265719025689575,4.208948545585391e-05
34322023,middle,"Work, Wealth, Status & Institutions","Money, Housing & Economic Security",0.0012178678556796557,0.020586874773433586,0.03888107421672786,high,0.6572468451510712,0.30179864651439015,0.0013346126613770235,0.0007265719025689575,4.208948545585391e-05
34322023,middle,"Work, Wealth, Status & Institutions",Shared Workplaces & Professional Interaction,0.0029449757663847958,0.04978195871630572,0.03888107421672786,high,0.6572468451510712,0.30179864651439015,0.0013346126613770235,0.0007265719025689575,4.208948545585391e-05
34438741,top,"Conflict, Risk & Harm",Interpersonal Non-Romantic Conflict,0.002917791888603642,0.1279907748138532,0.014747589478767791,high,0.6469122802748761,0.3129325285795871,0.0009690376183405855,0.00035883084538980805,4.6065968201981195e-05
34438741,top,"Conflict, Risk & Harm","Violence, Threats & Coercion",0.01987910025340589,0.8720092251861468,0.014747589478767791,high,0.6469122802748761,0.3129325285795871,0.0009690376183405855,0.00035883084538980805,4.6065968201981195e-05
34438741,top,Embodied & Sensory Experience,Body Parts & Physical Reactions,0.0164358950410242,0.5344552746191094,0.0198942415657232,high,0.6469122802748761,0.3129325285795871,0.0009690376183405855,0.00035883084538980805,4.6065968201981195e-05
34438741,top,Embodied & Sensory Experience,Exercise & Physical Activity,0.01431671574149185,0.4655447253808906,0.0198942415657232,high,0.6469122802748761,0.3129325285795871,0.0009690376183405855,0.00035883084538980805,4.6065968201981195e-05
34438741,top,"Emotions, Cognition & Inner Life",Ambivalence & Internal Conflict,0.009108530120694562,0.04652427430211183,0.12665259326921824,high,0.6469122802748761,0.3129325285795871,0.0009690376183405855,0.00035883084538980805,4.6065968201981195e-05
34438741,top,"Emotions, Cognition & Inner Life","Beliefs, Values & Moral Reflection",0.021289524455713582,0.10874198826973946,0.12665259326921824,high,0.6469122802748761,0.3129325285795871,0.0009690376183405855,0.00035883084538980805,4.6065968201981195e-05
34438741,top,"Emotions, Cognition & Inner Life",Negative Emotions & Distress,0.11802634556507147,0.6028513934942674,0.12665259326921824,high,0.6469122802748761,0.3129325285795871,0.0009690376183405855,0.00035883084538980805,4.6065968201981195e-05
34438741,top,"Emotions, Cognition & Inner Life",Positive Emotions & Security,0.04735576531681552,0.24188234393388125,0.12665259326921824,high,0.6469122802748761,0.3129325285795871,0.0009690376183405855,0.00035883084538980805,4.6065968201981195e-05
34438741,top,Relationship Trajectory (Main Couple),"Bonding, Everyday Intimacy & Growth",0.15407863435088462,0.4431528342154615,0.22492321608645593,high,0.6469122802748761,0.3129325285795871,0.0009690376183405855,0.00035883084538980805,4.6065968201981195e-05
34438741,top,Relationship Trajectory (Main Couple),"Conflict, Distance & Breakup Threats",0.11510262312289365,0.33105208828878474,0.22492321608645593,high,0.6469122802748761,0.3129325285795871,0.0009690376183405855,0.00035883084538980805,4.6065968201981195e-05
34438741,top,Relationship Trajectory (Main Couple),"Meeting, First Impressions & Setup",8.623270802733807e-06,2.4801796255127468e-05,0.22492321608645593,high,0.6469122802748761,0.3129325285795871,0.0009690376183405855,0.00035883084538980805,4.6065968201981195e-05
34438741,top,Relationship Trajectory (Main Couple),"Reconciliation, Commitments & HEA",0.013420685502496262,0.038599867156152705,0.22492321608645593,high,0.6469122802748761,0.3129325285795871,0.0009690376183405855,0.00035883084538980805,4.6065968201981195e-05
34438741,top,Relationship Trajectory (Main Couple),"Secrets, Misunderstandings & Hidden Information",0.0650767832508871,0.187170408543346,0.22492321608645593,medium,0.6469122802748761,0.3129325285795871,0.0009690376183405855,0.00035883084538980805,4.6065968201981195e-05
34438741,top,"Sexuality, Attraction & Intimacy",Attraction & Sexual Tension,0.043720133434709874,0.1905584817467256,0.1484221061949976,high,0.6469122802748761,0.3129325285795871,0.0009690376183405855,0.00035883084538980805,4.6065968201981195e-05
34438741,top,"Sexuality, Attraction & Intimacy",Explicit Sexual Acts,0.10361091877358307,0.4515983329136497,0.1484221061949976,high,0.6469122802748761,0.3129325285795871,0.0009690376183405855,0.00035883084538980805,4.6065968201981195e-05
34438741,top,"Sexuality, Attraction & Intimacy",Kissing & Non-Explicit Affection,0.08210052718904409,0.35784318533962467,0.1484221061949976,high,0.6469122802748761,0.3129325285795871,0.0009690376183405855,0.00035883084538980805,4.6065968201981195e-05
34438741,top,Social World Outside Couple,"Community, Norms & Social Events",0.0032719189579820535,0.06094729536351818,0.03472909735137726,high,0.6469122802748761,0.3129325285795871,0.0009690376183405855,0.00035883084538980805,4.6065968201981195e-05
34438741,top,Social World Outside Couple,Family & Kinship,0.03347408372815266,0.6235346578575153,0.03472909735137726,high,0.6469122802748761,0.3129325285795871,0.0009690376183405855,0.00035883084538980805,4.6065968201981195e-05
34438741,top,Social World Outside Couple,Friends & Social Circles,0.016938396899881344,0.31551804677896655,0.03472909735137726,high,0.6469122802748761,0.3129325285795871,0.0009690376183405855,0.00035883084538980805,4.6065968201981195e-05
34438741,top,"Spaces, Time, Activities & Objects",Domestic Spaces & Routines,0.038438451228249,0.5818100949786937,0.04273955771635725,high,0.6469122802748761,0.3129325285795871,0.0009690376183405855,0.00035883084538980805,4.6065968201981195e-05
34438741,top,"Spaces, Time, Activities & Objects",Public & Leisure Spaces,0.025451828487458656,0.38524264835069694,0.04273955771635725,high,0.6469122802748761,0.3129325285795871,0.0009690376183405855,0.00035883084538980805,4.6065968201981195e-05
34438741,top,"Spaces, Time, Activities & Objects","Time, Seasons & Temporal Framing",0.0021767266150378426,0.03294725667060932,0.04273955771635725,high,0.6469122802748761,0.3129325285795871,0.0009690376183405855,0.00035883084538980805,4.6065968201981195e-05
34438741,top,"Work, Wealth, Status & Institutions",Hero's Elite Work & Business World,0.03837312851849819,0.7142005259536125,0.03475781264377684,high,0.6469122802748761,0.3129325285795871,0.0009690376183405855,0.00035883084538980805,4.6065968201981195e-05
34438741,top,"Work, Wealth, Status & Institutions",Heroine's Work & Professional Identity,0.005000278196019546,0.09306515927649744,0.03475781264377684,high,0.6469122802748761,0.3129325285795871,0.0009690376183405855,0.00035883084538980805,4.6065968201981195e-05
34438741,top,"Work, Wealth, Status & Institutions","Law, Medicine, Education & Formal Institutions",0.00544334147470893,0.10131145137952856,0.03475781264377684,high,0.6469122802748761,0.3129325285795871,0.0009690376183405855,0.00035883084538980805,4.6065968201981195e-05
34438741,top,"Work, Wealth, Status & Institutions","Money, Housing & Economic Security",0.0011646277987731582,0.021676048280061918,0.03475781264377684,high,0.6469122802748761,0.3129325285795871,0.0009690376183405855,0.00035883084538980805,4.6065968201981195e-05
34438741,top,"Work, Wealth, Status & Institutions",Shared Workplaces & Professional Interaction,0.003747411830045734,0.06974681511029945,0.03475781264377684,high,0.6469122802748761,0.3129325285795871,0.0009690376183405855,0.00035883084538980805,4.6065968201981195e-05
34812836,top,"Conflict, Risk & Harm",Interpersonal Non-Romantic Conflict,0.003242662818084142,0.194519217085969,0.010976203061801186,high,0.6584349178246199,0.32279509437288834,0.0012025162765885735,0.0007790234230381842,0.00035066267647801576
34812836,top,"Conflict, Risk & Harm","Violence, Threats & Coercion",0.013427478398097223,0.8054807829140311,0.010976203061801186,high,0.6584349178246199,0.32279509437288834,0.0012025162765885735,0.0007790234230381842,0.00035066267647801576
34812836,top,Embodied & Sensory Experience,Body Parts & Physical Reactions,0.005462557429438694,0.3954395599612729,0.009095545606304482,high,0.6584349178246199,0.32279509437288834,0.0012025162765885735,0.0007790234230381842,0.00035066267647801576
34812836,top,Embodied & Sensory Experience,Exercise & Physical Activity,0.008351329653516955,0.604560440038727,0.009095545606304482,high,0.6584349178246199,0.32279509437288834,0.0012025162765885735,0.0007790234230381842,0.00035066267647801576
34812836,top,"Emotions, Cognition & Inner Life",Ambivalence & Internal Conflict,0.008088092415372361,0.04137956669246983,0.128698362272671,high,0.6584349178246199,0.32279509437288834,0.0012025162765885735,0.0007790234230381842,0.00035066267647801576
34812836,top,"Emotions, Cognition & Inner Life","Beliefs, Values & Moral Reflection",0.03040360468608908,0.155548171705898,0.128698362272671,high,0.6584349178246199,0.32279509437288834,0.0012025162765885735,0.0007790234230381842,0.00035066267647801576
34812836,top,"Emotions, Cognition & Inner Life",Negative Emotions & Distress,0.10802322289120547,0.5526586401839947,0.128698362272671,high,0.6584349178246199,0.32279509437288834,0.0012025162765885735,0.0007790234230381842,0.00035066267647801576
34812836,top,"Emotions, Cognition & Inner Life",Positive Emotions & Security,0.04894610248450219,0.2504136214176377,0.128698362272671,high,0.6584349178246199,0.32279509437288834,0.0012025162765885735,0.0007790234230381842,0.00035066267647801576
34812836,top,Relationship Trajectory (Main Couple),"Bonding, Everyday Intimacy & Growth",0.167243015703485,0.4348316634437127,0.25324430247182356,high,0.6584349178246199,0.32279509437288834,0.0012025162765885735,0.0007790234230381842,0.00035066267647801576
34812836,top,Relationship Trajectory (Main Couple),"Conflict, Distance & Breakup Threats",0.11994577668642685,0.31185889216490764,0.25324430247182356,high,0.6584349178246199,0.32279509437288834,0.0012025162765885735,0.0007790234230381842,0.00035066267647801576
34812836,top,Relationship Trajectory (Main Couple),"Meeting, First Impressions & Setup",5.708057403939648e-06,1.484094319602464e-05,0.25324430247182356,high,0.6584349178246199,0.32279509437288834,0.0012025162765885735,0.0007790234230381842,0.00035066267647801576
34812836,top,Relationship Trajectory (Main Couple),"Reconciliation, Commitments & HEA",0.03132283629346066,0.08143934114061051,0.25324430247182356,high,0.6584349178246199,0.32279509437288834,0.0012025162765885735,0.0007790234230381842,0.00035066267647801576
34812836,top,Relationship Trajectory (Main Couple),"Secrets, Misunderstandings & Hidden Information",0.06609820477471388,0.17185526230757317,0.25324430247182356,medium,0.6584349178246199,0.32279509437288834,0.0012025162765885735,0.0007790234230381842,0.00035066267647801576
34812836,top,"Sexuality, Attraction & Intimacy",Attraction & Sexual Tension,0.03565112679961003,0.19936122740804815,0.11774579766511159,high,0.6584349178246199,0.32279509437288834,0.0012025162765885735,0.0007790234230381842,0.00035066267647801576
34812836,top,"Sexuality, Attraction & Intimacy",Explicit Sexual Acts,0.08778001530259218,0.4908661566571704,0.11774579766511159,high,0.6584349178246199,0.32279509437288834,0.0012025162765885735,0.0007790234230381842,0.00035066267647801576
34812836,top,"Sexuality, Attraction & Intimacy",Kissing & Non-Explicit Affection,0.05539564013183819,0.3097726159347814,0.11774579766511159,high,0.6584349178246199,0.32279509437288834,0.0012025162765885735,0.0007790234230381842,0.00035066267647801576
34812836,top,Social World Outside Couple,"Community, Norms & Social Events",0.00436892217675201,0.06542080620070881,0.04397149899997261,high,0.6584349178246199,0.32279509437288834,0.0012025162765885735,0.0007790234230381842,0.00035066267647801576
34812836,top,Social World Outside Couple,Family & Kinship,0.03933296253924377,0.5889768724359831,0.04397149899997261,high,0.6584349178246199,0.32279509437288834,0.0012025162765885735,0.0007790234230381842,0.00035066267647801576
34812836,top,Social World Outside Couple,Friends & Social Circles,0.023079960853872393,0.3456023213633081,0.04397149899997261,high,0.6584349178246199,0.32279509437288834,0.0012025162765885735,0.0007790234230381842,0.00035066267647801576
34812836,top,"Spaces, Time, Activities & Objects",Domestic Spaces & Routines,0.04531641892712194,0.6261487655451675,0.04765307258316907,high,0.6584349178246199,0.32279509437288834,0.0012025162765885735,0.0007790234230381842,0.00035066267647801576
34812836,top,"Spaces, Time, Activities & Objects",Public & Leisure Spaces,0.02424654911398602,0.3350208854955705,0.04765307258316907,high,0.6584349178246199,0.32279509437288834,0.0012025162765885735,0.0007790234230381842,0.00035066267647801576
34812836,top,"Spaces, Time, Activities & Objects","Time, Seasons & Temporal Framing",0.002810278415213626,0.038830348959261816,0.04765307258316907,high,0.6584349178246199,0.32279509437288834,0.0012025162765885735,0.0007790234230381842,0.00035066267647801576
34812836,top,"Work, Wealth, Status & Institutions",Hero's Elite Work & Business World,0.051126946340248405,0.7208596782614295,0.046699472487288424,high,0.6584349178246199,0.32279509437288834,0.0012025162765885735,0.0007790234230381842,0.00035066267647801576
34812836,top,"Work, Wealth, Status & Institutions",Heroine's Work & Professional Identity,0.0051143737439930306,0.07210964228272754,0.046699472487288424,high,0.6584349178246199,0.32279509437288834,0.0012025162765885735,0.0007790234230381842,0.00035066267647801576
34812836,top,"Work, Wealth, Status & Institutions","Law, Medicine, Education & Formal Institutions",0.00572805982991665,0.08076225281628806,0.046699472487288424,high,0.6584349178246199,0.32279509437288834,0.0012025162765885735,0.0007790234230381842,0.00035066267647801576
34812836,top,"Work, Wealth, Status & Institutions","Money, Housing & Economic Security",0.004445712884849872,0.06268191998966939,0.046699472487288424,high,0.6584349178246199,0.32279509437288834,0.0012025162765885735,0.0007790234230381842,0.00035066267647801576
34812836,top,"Work, Wealth, Status & Institutions",Shared Workplaces & Professional Interaction,0.0045098706606718185,0.06358650664988556,0.046699472487288424,high,0.6584349178246199,0.32279509437288834,0.0012025162765885735,0.0007790234230381842,0.00035066267647801576
35008850,middle,"Conflict, Risk & Harm",Interpersonal Non-Romantic Conflict,0.0034915518154589285,0.17370923178332018,0.013278838674858951,high,0.6606394483311436,0.32348832081249146,0.0014787767101116871,0.0012328571858918576,0.0001834209710803535
35008850,middle,"Conflict, Risk & Harm","Violence, Threats & Coercion",0.01660842663481819,0.8262907682166798,0.013278838674858951,high,0.6606394483311436,0.32348832081249146,0.0014787767101116871,0.0012328571858918576,0.0001834209710803535
35008850,middle,Embodied & Sensory Experience,Body Parts & Physical Reactions,0.009048005467446796,0.43833983673851246,0.01363660986185252,high,0.6606394483311436,0.32348832081249146,0.0014787767101116871,0.0012328571858918576,0.0001834209710803535
35008850,middle,Embodied & Sensory Experience,Exercise & Physical Activity,0.011593525849370982,0.5616601632614876,0.01363660986185252,high,0.6606394483311436,0.32348832081249146,0.0014787767101116871,0.0012328571858918576,0.0001834209710803535
35008850,middle,"Emotions, Cognition & Inner Life",Ambivalence & Internal Conflict,0.011066513349879927,0.05925076825290166,0.12339038783781296,high,0.6606394483311436,0.32348832081249146,0.0014787767101116871,0.0012328571858918576,0.0001834209710803535
35008850,middle,"Emotions, Cognition & Inner Life","Beliefs, Values & Moral Reflection",0.025257511333151995,0.13523021238318603,0.12339038783781296,high,0.6606394483311436,0.32348832081249146,0.0014787767101116871,0.0012328571858918576,0.0001834209710803535
35008850,middle,"Emotions, Cognition & Inner Life",Negative Emotions & Distress,0.1046624872340915,0.5603691587239371,0.12339038783781296,high,0.6606394483311436,0.32348832081249146,0.0014787767101116871,0.0012328571858918576,0.0001834209710803535
35008850,middle,"Emotions, Cognition & Inner Life",Positive Emotions & Security,0.04578766293651609,0.2451498606399752,0.12339038783781296,high,0.6606394483311436,0.32348832081249146,0.0014787767101116871,0.0012328571858918576,0.0001834209710803535
35008850,middle,Relationship Trajectory (Main Couple),"Bonding, Everyday Intimacy & Growth",0.1609705372782826,0.40422527570312955,0.263079756109049,high,0.6606394483311436,0.32348832081249146,0.0014787767101116871,0.0012328571858918576,0.0001834209710803535
35008850,middle,Relationship Trajectory (Main Couple),"Conflict, Distance & Breakup Threats",0.17092134564134487,0.42921350225712346,0.263079756109049,high,0.6606394483311436,0.32348832081249146,0.0014787767101116871,0.0012328571858918576,0.0001834209710803535
35008850,middle,Relationship Trajectory (Main Couple),"Meeting, First Impressions & Setup",0.000138016005558626,0.0003465824171409231,0.263079756109049,high,0.6606394483311436,0.32348832081249146,0.0014787767101116871,0.0012328571858918576,0.0001834209710803535
35008850,middle,Relationship Trajectory (Main Couple),"Reconciliation, Commitments & HEA",0.01682477149171169,0.042249954618228586,0.263079756109049,high,0.6606394483311436,0.32348832081249146,0.0014787767101116871,0.0012328571858918576,0.0001834209710803535
35008850,middle,Relationship Trajectory (Main Couple),"Secrets, Misunderstandings & Hidden Information",0.0493652009117381,0.12396468500437755,0.263079756109049,medium,0.6606394483311436,0.32348832081249146,0.0014787767101116871,0.0012328571858918576,0.0001834209710803535
35008850,middle,"Sexuality, Attraction & Intimacy",Attraction & Sexual Tension,0.036208039095049535,0.2128994690224884,0.11235565350507898,high,0.6606394483311436,0.32348832081249146,0.0014787767101116871,0.0012328571858918576,0.0001834209710803535
35008850,middle,"Sexuality, Attraction & Intimacy",Explicit Sexual Acts,0.06904859204309893,0.4059984729948014,0.11235565350507898,high,0.6606394483311436,0.32348832081249146,0.0014787767101116871,0.0012328571858918576,0.0001834209710803535
35008850,middle,"Sexuality, Attraction & Intimacy",Kissing & Non-Explicit Affection,0.06481443226701628,0.38110205798271024,0.11235565350507898,high,0.6606394483311436,0.32348832081249146,0.0014787767101116871,0.0012328571858918576,0.0001834209710803535
35008850,middle,Social World Outside Couple,"Community, Norms & Social Events",0.003652465915336213,0.052235645351160535,0.046193802165831035,high,0.6606394483311436,0.32348832081249146,0.0014787767101116871,0.0012328571858918576,0.0001834209710803535
35008850,middle,Social World Outside Couple,Family & Kinship,0.03962776251022335,0.5667354046624957,0.046193802165831035,high,0.6606394483311436,0.32348832081249146,0.0014787767101116871,0.0012328571858918576,0.0001834209710803535
35008850,middle,Social World Outside Couple,Friends & Social Circles,0.026642635373328397,0.3810289499863436,0.046193802165831035,high,0.6606394483311436,0.32348832081249146,0.0014787767101116871,0.0012328571858918576,0.0001834209710803535
35008850,middle,"Spaces, Time, Activities & Objects",Domestic Spaces & Routines,0.04370410218265889,0.6109264493814087,0.04726044188297068,high,0.6606394483311436,0.32348832081249146,0.0014787767101116871,0.0012328571858918576,0.0001834209710803535
35008850,middle,"Spaces, Time, Activities & Objects",Public & Leisure Spaces,0.02530646562360108,0.3537514424893901,0.04726044188297068,high,0.6606394483311436,0.32348832081249146,0.0014787767101116871,0.0012328571858918576,0.0001834209710803535
35008850,middle,"Spaces, Time, Activities & Objects","Time, Seasons & Temporal Framing",0.0025268524951712608,0.03532210812920111,0.04726044188297068,high,0.6606394483311436,0.32348832081249146,0.0014787767101116871,0.0012328571858918576,0.0001834209710803535
35008850,middle,"Work, Wealth, Status & Institutions",Hero's Elite Work & Business World,0.04783254838187612,0.7658666228265475,0.041260537322609134,high,0.6606394483311436,0.32348832081249146,0.0014787767101116871,0.0012328571858918576,0.0001834209710803535
35008850,middle,"Work, Wealth, Status & Institutions",Heroine's Work & Professional Identity,0.0051170498252163235,0.0819311912295794,0.041260537322609134,high,0.6606394483311436,0.32348832081249146,0.0014787767101116871,0.0012328571858918576,0.0001834209710803535
35008850,middle,"Work, Wealth, Status & Institutions","Law, Medicine, Education & Formal Institutions",0.004095213053392756,0.06557014202792275,0.041260537322609134,high,0.6606394483311436,0.32348832081249146,0.0014787767101116871,0.0012328571858918576,0.0001834209710803535
35008850,middle,"Work, Wealth, Status & Institutions","Money, Housing & Economic Security",0.0013808470570440983,0.022109310668027193,0.041260537322609134,high,0.6606394483311436,0.32348832081249146,0.0014787767101116871,0.0012328571858918576,0.0001834209710803535
35008850,middle,"Work, Wealth, Status & Institutions",Shared Workplaces & Professional Interaction,0.00402979666148887,0.06452273324792326,0.041260537322609134,high,0.6606394483311436,0.32348832081249146,0.0014787767101116871,0.0012328571858918576,0.0001834209710803535
35053870,middle,"Conflict, Risk & Harm",Interpersonal Non-Romantic Conflict,0.002573304151064351,0.1536529004901072,0.011091928016380972,high,0.6623029427125803,0.3168322230450622,0.0009229613176952464,0.000434693981447386,4.7847457721415435e-05
35053870,middle,"Conflict, Risk & Harm","Violence, Threats & Coercion",0.014174210167612833,0.8463470995098928,0.011091928016380972,high,0.6623029427125803,0.3168322230450622,0.0009229613176952464,0.000434693981447386,4.7847457721415435e-05
35053870,middle,Embodied & Sensory Experience,Body Parts & Physical Reactions,0.006716869171328499,0.4227639772212745,0.010522661479404803,high,0.6623029427125803,0.3168322230450622,0.0009229613176952464,0.000434693981447386,4.7847457721415435e-05
35053870,middle,Embodied & Sensory Experience,Exercise & Physical Activity,0.00917111924120574,0.5772360227787254,0.010522661479404803,high,0.6623029427125803,0.3168322230450622,0.0009229613176952464,0.000434693981447386,4.7847457721415435e-05
35053870,middle,"Emotions, Cognition & Inner Life",Ambivalence & Internal Conflict,0.008604132074826073,0.048379518755525,0.11778831495702356,high,0.6623029427125803,0.3168322230450622,0.0009229613176952464,0.000434693981447386,4.7847457721415435e-05
35053870,middle,"Emotions, Cognition & Inner Life","Beliefs, Values & Moral Reflection",0.021199729326209452,0.11920234297079128,0.11778831495702356,high,0.6623029427125803,0.3168322230450622,0.0009229613176952464,0.000434693981447386,4.7847457721415435e-05
35053870,middle,"Emotions, Cognition & Inner Life",Negative Emotions & Distress,0.09905217861964233,0.5569529490749324,0.11778831495702356,high,0.6623029427125803,0.3168322230450622,0.0009229613176952464,0.000434693981447386,4.7847457721415435e-05
35053870,middle,"Emotions, Cognition & Inner Life",Positive Emotions & Security,0.048990542503326066,0.27546518919875124,0.11778831495702356,high,0.6623029427125803,0.3168322230450622,0.0009229613176952464,0.000434693981447386,4.7847457721415435e-05
35053870,middle,Relationship Trajectory (Main Couple),"Bonding, Everyday Intimacy & Growth",0.1608433812478762,0.45372182859144444,0.2347849232800138,high,0.6623029427125803,0.3168322230450622,0.0009229613176952464,0.000434693981447386,4.7847457721415435e-05
35053870,middle,Relationship Trajectory (Main Couple),"Conflict, Distance & Breakup Threats",0.11999459307465082,0.3384918034458178,0.2347849232800138,high,0.6623029427125803,0.3168322230450622,0.0009229613176952464,0.000434693981447386,4.7847457721415435e-05
35053870,middle,Relationship Trajectory (Main Couple),"Meeting, First Impressions & Setup",8.297341007002746e-06,2.3405903960339512e-05,0.2347849232800138,high,0.6623029427125803,0.3168322230450622,0.0009229613176952464,0.000434693981447386,4.7847457721415435e-05
35053870,middle,Relationship Trajectory (Main Couple),"Reconciliation, Commitments & HEA",0.011574037811494893,0.03264911219396118,0.2347849232800138,high,0.6623029427125803,0.3168322230450622,0.0009229613176952464,0.000434693981447386,4.7847457721415435e-05
35053870,middle,Relationship Trajectory (Main Couple),"Secrets, Misunderstandings & Hidden Information",0.06207747113033893,0.17511384986481618,0.2347849232800138,medium,0.6623029427125803,0.3168322230450622,0.0009229613176952464,0.000434693981447386,4.7847457721415435e-05
35053870,middle,"Sexuality, Attraction & Intimacy",Attraction & Sexual Tension,0.02950534998929621,0.1859588149192317,0.10508498955622521,high,0.6623029427125803,0.3168322230450622,0.0009229613176952464,0.000434693981447386,4.7847457721415435e-05
35053870,middle,"Sexuality, Attraction & Intimacy",Explicit Sexual Acts,0.06450138984230326,0.40652295329726373,0.10508498955622521,high,0.6623029427125803,0.3168322230450622,0.0009229613176952464,0.000434693981447386,4.7847457721415435e-05
35053870,middle,"Sexuality, Attraction & Intimacy",Kissing & Non-Explicit Affection,0.06465930674495779,0.4075182317835045,0.10508498955622521,high,0.6623029427125803,0.3168322230450622,0.0009229613176952464,0.000434693981447386,4.7847457721415435e-05
35053870,middle,Social World Outside Couple,"Community, Norms & Social Events",0.009492297384839216,0.13380675238880774,0.04698400027536877,high,0.6623029427125803,0.3168322230450622,0.0009229613176952464,0.000434693981447386,4.7847457721415435e-05
35053870,middle,Social World Outside Couple,Family & Kinship,0.03632822915420692,0.5120954565671952,0.04698400027536877,high,0.6623029427125803,0.3168322230450622,0.0009229613176952464,0.000434693981447386,4.7847457721415435e-05
35053870,middle,Social World Outside Couple,Friends & Social Circles,0.02511982000831689,0.354097791043997,0.04698400027536877,high,0.6623029427125803,0.3168322230450622,0.0009229613176952464,0.000434693981447386,4.7847457721415435e-05
35053870,middle,"Spaces, Time, Activities & Objects",Domestic Spaces & Routines,0.047709143590444564,0.34399573103898945,0.0918555183775437,high,0.6623029427125803,0.3168322230450622,0.0009229613176952464,0.000434693981447386,4.7847457721415435e-05
35053870,middle,"Spaces, Time, Activities & Objects",Public & Leisure Spaces,0.08827647526135443,0.6364970811833414,0.0918555183775437,high,0.6623029427125803,0.3168322230450622,0.0009229613176952464,0.000434693981447386,4.7847457721415435e-05
35053870,middle,"Spaces, Time, Activities & Objects","Time, Seasons & Temporal Framing",0.002705473175261881,0.019507187777669233,0.0918555183775437,high,0.6623029427125803,0.3168322230450622,0.0009229613176952464,0.000434693981447386,4.7847457721415435e-05
35053870,middle,"Work, Wealth, Status & Institutions",Hero's Elite Work & Business World,0.04493862899957304,0.6742439007248388,0.04414275931289811,high,0.6623029427125803,0.3168322230450622,0.0009229613176952464,0.000434693981447386,4.7847457721415435e-05
35053870,middle,"Work, Wealth, Status & Institutions",Heroine's Work & Professional Identity,0.006567256784001563,0.09853288650948704,0.04414275931289811,high,0.6623029427125803,0.3168322230450622,0.0009229613176952464,0.000434693981447386,4.7847457721415435e-05
35053870,middle,"Work, Wealth, Status & Institutions","Law, Medicine, Education & Formal Institutions",0.007950131929859047,0.11928107472340069,0.04414275931289811,high,0.6623029427125803,0.3168322230450622,0.0009229613176952464,0.000434693981447386,4.7847457721415435e-05
35053870,middle,"Work, Wealth, Status & Institutions","Money, Housing & Economic Security",0.002239448402792132,0.033599921942098473,0.04414275931289811,high,0.6623029427125803,0.3168322230450622,0.0009229613176952464,0.000434693981447386,4.7847457721415435e-05
35053870,middle,"Work, Wealth, Status & Institutions",Shared Workplaces & Professional Interaction,0.004954938805883632,0.07434221610017511,0.04414275931289811,high,0.6623029427125803,0.3168322230450622,0.0009229613176952464,0.000434693981447386,4.7847457721415435e-05
35109856,middle,"Conflict, Risk & Harm",Interpersonal Non-Romantic Conflict,0.003691103928848452,0.15183982471215546,0.016026435915697593,high,0.6592746417084229,0.31212586803669873,0.0009500576397115737,0.000576419286732384,3.6807635254839924e-05
35109856,middle,"Conflict, Risk & Harm","Violence, Threats & Coercion",0.020618091210474983,0.8481601752878446,0.016026435915697593,high,0.6592746417084229,0.31212586803669873,0.0009500576397115737,0.000576419286732384,3.6807635254839924e-05
35109856,middle,Embodied & Sensory Experience,Body Parts & Physical Reactions,0.006704107999832863,0.3864631202568377,0.01143666282212651,high,0.6592746417084229,0.31212586803669873,0.0009500576397115737,0.000576419286732384,3.6807635254839924e-05
35109856,middle,Embodied & Sensory Experience,Exercise & Physical Activity,0.01064323421325441,0.6135368797431624,0.01143666282212651,high,0.6592746417084229,0.31212586803669873,0.0009500576397115737,0.000576419286732384,3.6807635254839924e-05
35109856,middle,"Emotions, Cognition & Inner Life",Ambivalence & Internal Conflict,0.009700447969285911,0.047828360481667644,0.13371270298536442,high,0.6592746417084229,0.31212586803669873,0.0009500576397115737,0.000576419286732384,3.6807635254839924e-05
35109856,middle,"Emotions, Cognition & Inner Life","Beliefs, Values & Moral Reflection",0.026517094416079235,0.1307433589329397,0.13371270298536442,high,0.6592746417084229,0.31212586803669873,0.0009500576397115737,0.000576419286732384,3.6807635254839924e-05
35109856,middle,"Emotions, Cognition & Inner Life",Negative Emotions & Distress,0.11475674285509127,0.5658116905893145,0.13371270298536442,high,0.6592746417084229,0.31212586803669873,0.0009500576397115737,0.000576419286732384,3.6807635254839924e-05
35109856,middle,"Emotions, Cognition & Inner Life",Positive Emotions & Security,0.05184362178364153,0.25561658999607806,0.13371270298536442,high,0.6592746417084229,0.31212586803669873,0.0009500576397115737,0.000576419286732384,3.6807635254839924e-05
35109856,middle,Relationship Trajectory (Main Couple),"Bonding, Everyday Intimacy & Growth",0.18862978375965841,0.4641309725300292,0.26793909578107306,high,0.6592746417084229,0.31212586803669873,0.0009500576397115737,0.000576419286732384,3.6807635254839924e-05
35109856,middle,Relationship Trajectory (Main Couple),"Conflict, Distance & Breakup Threats",0.1460691888548177,0.3594089614513897,0.26793909578107306,high,0.6592746417084229,0.31212586803669873,0.0009500576397115737,0.000576419286732384,3.6807635254839924e-05
35109856,middle,Relationship Trajectory (Main Couple),"Meeting, First Impressions & Setup",6.777920494547279e-06,1.6677338902501755e-05,0.26793909578107306,high,0.6592746417084229,0.31212586803669873,0.0009500576397115737,0.000576419286732384,3.6807635254839924e-05
35109856,middle,Relationship Trajectory (Main Couple),"Reconciliation, Commitments & HEA",0.006834165264749033,0.016815731362977298,0.26793909578107306,high,0.6592746417084229,0.31212586803669873,0.0009500576397115737,0.000576419286732384,3.6807635254839924e-05
35109856,middle,Relationship Trajectory (Main Couple),"Secrets, Misunderstandings & Hidden Information",0.06487507247700881,0.15962765731670137,0.26793909578107306,medium,0.6592746417084229,0.31212586803669873,0.0009500576397115737,0.000576419286732384,3.6807635254839924e-05
35109856,middle,"Sexuality, Attraction & Intimacy",Attraction & Sexual Tension,0.030021003609695576,0.19943791071574582,0.09923933883723099,high,0.6592746417084229,0.31212586803669873,0.0009500576397115737,0.000576419286732384,3.6807635254839924e-05
35109856,middle,"Sexuality, Attraction & Intimacy",Explicit Sexual Acts,0.06713529216367793,0.44599849420393456,0.09923933883723099,high,0.6592746417084229,0.31212586803669873,0.0009500576397115737,0.000576419286732384,3.6807635254839924e-05
35109856,middle,"Sexuality, Attraction & Intimacy",Kissing & Non-Explicit Affection,0.05337177334826811,0.3545635950803197,0.09923933883723099,high,0.6592746417084229,0.31212586803669873,0.0009500576397115737,0.000576419286732384,3.6807635254839924e-05
35109856,middle,Social World Outside Couple,"Community, Norms & Social Events",0.0033638193758821983,0.040780277176529954,0.0543812099218128,high,0.6592746417084229,0.31212586803669873,0.0009500576397115737,0.000576419286732384,3.6807635254839924e-05
35109856,middle,Social World Outside Couple,Family & Kinship,0.0353995439398843,0.4291559838621336,0.0543812099218128,high,0.6592746417084229,0.31212586803669873,0.0009500576397115737,0.000576419286732384,3.6807635254839924e-05
35109856,middle,Social World Outside Couple,Friends & Social Circles,0.04372306416291082,0.5300637389613364,0.0543812099218128,high,0.6592746417084229,0.31212586803669873,0.0009500576397115737,0.000576419286732384,3.6807635254839924e-05
35109856,middle,"Spaces, Time, Activities & Objects",Domestic Spaces & Routines,0.04146728592314981,0.6490664676307614,0.042119461461930664,high,0.6592746417084229,0.31212586803669873,0.0009500576397115737,0.000576419286732384,3.6807635254839924e-05
35109856,middle,"Spaces, Time, Activities & Objects",Public & Leisure Spaces,0.020075649061679395,0.31423398787198165,0.042119461461930664,high,0.6592746417084229,0.31212586803669873,0.0009500576397115737,0.000576419286732384,3.6807635254839924e-05
35109856,middle,"Spaces, Time, Activities & Objects","Time, Seasons & Temporal Framing",0.0023446450876936247,0.036699544497257056,0.042119461461930664,high,0.6592746417084229,0.31212586803669873,0.0009500576397115737,0.000576419286732384,3.6807635254839924e-05
35109856,middle,"Work, Wealth, Status & Institutions",Hero's Elite Work & Business World,0.039688555855685495,0.7610073144124784,0.03438292634793201,high,0.6592746417084229,0.31212586803669873,0.0009500576397115737,0.000576419286732384,3.6807635254839924e-05
35109856,middle,"Work, Wealth, Status & Institutions",Heroine's Work & Professional Identity,0.004771432644682428,0.09148972706472612,0.03438292634793201,high,0.6592746417084229,0.31212586803669873,0.0009500576397115737,0.000576419286732384,3.6807635254839924e-05
35109856,middle,"Work, Wealth, Status & Institutions","Law, Medicine, Education & Formal Institutions",0.003549229193607244,0.06805461470260302,0.03438292634793201,high,0.6592746417084229,0.31212586803669873,0.0009500576397115737,0.000576419286732384,3.6807635254839924e-05
35109856,middle,"Work, Wealth, Status & Institutions","Money, Housing & Economic Security",0.001261433481349708,0.02418732768817557,0.03438292634793201,high,0.6592746417084229,0.31212586803669873,0.0009500576397115737,0.000576419286732384,3.6807635254839924e-05
35109856,middle,"Work, Wealth, Status & Institutions",Shared Workplaces & Professional Interaction,0.0028820089949999177,0.05526101613201698,0.03438292634793201,high,0.6592746417084229,0.31212586803669873,0.0009500576397115737,0.000576419286732384,3.6807635254839924e-05
36429604,trash,"Conflict, Risk & Harm",Interpersonal Non-Romantic Conflict,0.0032368025347521688,0.19206126004966811,0.011136095048066947,high,0.6607794031304319,0.2940661255561764,0.0009019352322971179,0.00029071724410454286,5.4311099450526064e-05
36429604,trash,"Conflict, Risk & Harm","Violence, Threats & Coercion",0.013616166845512824,0.8079387399503319,0.011136095048066947,high,0.6607794031304319,0.2940661255561764,0.0009019352322971179,0.00029071724410454286,5.4311099450526064e-05
36429604,trash,Embodied & Sensory Experience,Body Parts & Physical Reactions,0.003804309256768583,0.398487128406497,0.006308382431481658,high,0.6607794031304319,0.2940661255561764,0.0009019352322971179,0.00029071724410454286,5.4311099450526064e-05
36429604,trash,Embodied & Sensory Experience,Exercise & Physical Activity,0.005742571898418453,0.601512871593503,0.006308382431481658,high,0.6607794031304319,0.2940661255561764,0.0009019352322971179,0.00029071724410454286,5.4311099450526064e-05
36429604,trash,"Emotions, Cognition & Inner Life",Ambivalence & Internal Conflict,0.004664110756603296,0.029101924992940485,0.10590187153015372,high,0.6607794031304319,0.2940661255561764,0.0009019352322971179,0.00029071724410454286,5.4311099450526064e-05
36429604,trash,"Emotions, Cognition & Inner Life","Beliefs, Values & Moral Reflection",0.019812808288247375,0.12362289207814506,0.10590187153015372,high,0.6607794031304319,0.2940661255561764,0.0009019352322971179,0.00029071724410454286,5.4311099450526064e-05
36429604,trash,"Emotions, Cognition & Inner Life",Negative Emotions & Distress,0.10238568828571222,0.638840022532255,0.10590187153015372,high,0.6607794031304319,0.2940661255561764,0.0009019352322971179,0.00029071724410454286,5.4311099450526064e-05
36429604,trash,"Emotions, Cognition & Inner Life",Positive Emotions & Security,0.03340551093772043,0.20843516039665952,0.10590187153015372,high,0.6607794031304319,0.2940661255561764,0.0009019352322971179,0.00029071724410454286,5.4311099450526064e-05
36429604,trash,Relationship Trajectory (Main Couple),"Bonding, Everyday Intimacy & Growth",0.22893100165300395,0.5123810737892452,0.2952351255123566,high,0.6607794031304319,0.2940661255561764,0.0009019352322971179,0.00029071724410454286,5.4311099450526064e-05
36429604,trash,Relationship Trajectory (Main Couple),"Conflict, Distance & Breakup Threats",0.09455722067458165,0.2116328933780867,0.2952351255123566,high,0.6607794031304319,0.2940661255561764,0.0009019352322971179,0.00029071724410454286,5.4311099450526064e-05
36429604,trash,Relationship Trajectory (Main Couple),"Meeting, First Impressions & Setup",9.479833924328577e-06,2.1217255200994994e-05,0.2952351255123566,high,0.6607794031304319,0.2940661255561764,0.0009019352322971179,0.00029071724410454286,5.4311099450526064e-05
36429604,trash,Relationship Trajectory (Main Couple),"Reconciliation, Commitments & HEA",0.010413085953681898,0.023306009775357257,0.2952351255123566,high,0.6607794031304319,0.2940661255561764,0.0009019352322971179,0.00029071724410454286,5.4311099450526064e-05
36429604,trash,Relationship Trajectory (Main Couple),"Secrets, Misunderstandings & Hidden Information",0.11288752931674521,0.25265880580210986,0.2952351255123566,medium,0.6607794031304319,0.2940661255561764,0.0009019352322971179,0.00029071724410454286,5.4311099450526064e-05
36429604,trash,"Sexuality, Attraction & Intimacy",Attraction & Sexual Tension,0.06303337770837746,0.3334381563441062,0.12491419145340096,high,0.6607794031304319,0.2940661255561764,0.0009019352322971179,0.00029071724410454286,5.4311099450526064e-05
36429604,trash,"Sexuality, Attraction & Intimacy",Explicit Sexual Acts,0.08724326926709991,0.46150525190700636,0.12491419145340096,high,0.6607794031304319,0.2940661255561764,0.0009019352322971179,0.00029071724410454286,5.4311099450526064e-05
36429604,trash,"Sexuality, Attraction & Intimacy",Kissing & Non-Explicit Affection,0.03876403870815922,0.20505659174888746,0.12491419145340096,high,0.6607794031304319,0.2940661255561764,0.0009019352322971179,0.00029071724410454286,5.4311099450526064e-05
36429604,trash,Social World Outside Couple,"Community, Norms & Social Events",0.003730798353720396,0.05878472170478702,0.04193665697273531,high,0.6607794031304319,0.2940661255561764,0.0009019352322971179,0.00029071724410454286,5.4311099450526064e-05
36429604,trash,Social World Outside Couple,Family & Kinship,0.03312403557484753,0.5219223952602848,0.04193665697273531,high,0.6607794031304319,0.2940661255561764,0.0009019352322971179,0.00029071724410454286,5.4311099450526064e-05
36429604,trash,Social World Outside Couple,Friends & Social Circles,0.02661060820546511,0.4192928830349281,0.04193665697273531,high,0.6607794031304319,0.2940661255561764,0.0009019352322971179,0.00029071724410454286,5.4311099450526064e-05
36429604,trash,"Spaces, Time, Activities & Objects",Domestic Spaces & Routines,0.03012613296157266,0.5376314437658851,0.03702671855934922,high,0.6607794031304319,0.2940661255561764,0.0009019352322971179,0.00029071724410454286,5.4311099450526064e-05
36429604,trash,"Spaces, Time, Activities & Objects",Public & Leisure Spaces,0.024045759985624762,0.42912101178101314,0.03702671855934922,high,0.6607794031304319,0.2940661255561764,0.0009019352322971179,0.00029071724410454286,5.4311099450526064e-05
36429604,trash,"Spaces, Time, Activities & Objects","Time, Seasons & Temporal Framing",0.0018630233712225,0.03324754445310169,0.03702671855934922,high,0.6607794031304319,0.2940661255561764,0.0009019352322971179,0.00029071724410454286,5.4311099450526064e-05
36429604,trash,"Work, Wealth, Status & Institutions",Hero's Elite Work & Business World,0.04163373318767997,0.7189326567422262,0.03826605052343701,high,0.6607794031304319,0.2940661255561764,0.0009019352322971179,0.00029071724410454286,5.4311099450526064e-05
36429604,trash,"Work, Wealth, Status & Institutions",Heroine's Work & Professional Identity,0.007000978891553598,0.12089313085645371,0.03826605052343701,high,0.6607794031304319,0.2940661255561764,0.0009019352322971179,0.00029071724410454286,5.4311099450526064e-05
36429604,trash,"Work, Wealth, Status & Institutions","Law, Medicine, Education & Formal Institutions",0.002607627677951234,0.0450285994256887,0.03826605052343701,high,0.6607794031304319,0.2940661255561764,0.0009019352322971179,0.00029071724410454286,5.4311099450526064e-05
36429604,trash,"Work, Wealth, Status & Institutions","Money, Housing & Economic Security",0.005113756242474323,0.0883045088645119,0.03826605052343701,high,0.6607794031304319,0.2940661255561764,0.0009019352322971179,0.00029071724410454286,5.4311099450526064e-05
36429604,trash,"Work, Wealth, Status & Institutions",Shared Workplaces & Professional Interaction,0.0015543811461965205,0.02684110411111955,0.03826605052343701,high,0.6607794031304319,0.2940661255561764,0.0009019352322971179,0.00029071724410454286,5.4311099450526064e-05
36437212,trash,"Conflict, Risk & Harm",Interpersonal Non-Romantic Conflict,0.0015610409284010423,0.0882346542763644,0.01199213419415111,high,0.6778309238442031,0.30702239713908674,0.002569973590304873,0.00026872224532209775,3.4881725671362966e-05
36437212,trash,"Conflict, Risk & Harm","Violence, Threats & Coercion",0.01613088455375276,0.9117653457236355,0.01199213419415111,high,0.6778309238442031,0.30702239713908674,0.002569973590304873,0.00026872224532209775,3.4881725671362966e-05
36437212,trash,Embodied & Sensory Experience,Body Parts & Physical Reactions,0.016172848013955403,0.6497591965369335,0.016871568065398135,high,0.6778309238442031,0.30702239713908674,0.002569973590304873,0.00026872224532209775,3.4881725671362966e-05
36437212,trash,Embodied & Sensory Experience,Exercise & Physical Activity,0.008717677737973852,0.3502408034630666,0.016871568065398135,high,0.6778309238442031,0.30702239713908674,0.002569973590304873,0.00026872224532209775,3.4881725671362966e-05
36437212,trash,"Emotions, Cognition & Inner Life",Ambivalence & Internal Conflict,0.016532168834956992,0.082380186669877,0.13602803935675972,high,0.6778309238442031,0.30702239713908674,0.002569973590304873,0.00026872224532209775,3.4881725671362966e-05
36437212,trash,"Emotions, Cognition & Inner Life","Beliefs, Values & Moral Reflection",0.02257225642434507,0.11247808538381131,0.13602803935675972,high,0.6778309238442031,0.30702239713908674,0.002569973590304873,0.00026872224532209775,3.4881725671362966e-05
36437212,trash,"Emotions, Cognition & Inner Life",Negative Emotions & Distress,0.1110929726338767,0.5535788990939196,0.13602803935675972,high,0.6778309238442031,0.30702239713908674,0.002569973590304873,0.00026872224532209775,3.4881725671362966e-05
36437212,trash,"Emotions, Cognition & Inner Life",Positive Emotions & Security,0.050483973480820794,0.2515628288523921,0.13602803935675972,high,0.6778309238442031,0.30702239713908674,0.002569973590304873,0.00026872224532209775,3.4881725671362966e-05
36437212,trash,Relationship Trajectory (Main Couple),"Bonding, Everyday Intimacy & Growth",0.1711061491175132,0.4635610133541556,0.2501958443238187,high,0.6778309238442031,0.30702239713908674,0.002569973590304873,0.00026872224532209775,3.4881725671362966e-05
36437212,trash,Relationship Trajectory (Main Couple),"Conflict, Distance & Breakup Threats",0.12694581722802994,0.34392178176414706,0.2501958443238187,high,0.6778309238442031,0.30702239713908674,0.002569973590304873,0.00026872224532209775,3.4881725671362966e-05
36437212,trash,Relationship Trajectory (Main Couple),"Meeting, First Impressions & Setup",5.3439227609059095e-06,1.4477762857198965e-05,0.2501958443238187,high,0.6778309238442031,0.30702239713908674,0.002569973590304873,0.00026872224532209775,3.4881725671362966e-05
36437212,trash,Relationship Trajectory (Main Couple),"Reconciliation, Commitments & HEA",0.003312818885628931,0.008975093458659043,0.2501958443238187,high,0.6778309238442031,0.30702239713908674,0.002569973590304873,0.00026872224532209775,3.4881725671362966e-05
36437212,trash,Relationship Trajectory (Main Couple),"Secrets, Misunderstandings & Hidden Information",0.06774233757283629,0.18352763366018107,0.2501958443238187,medium,0.6778309238442031,0.30702239713908674,0.002569973590304873,0.00026872224532209775,3.4881725671362966e-05
36437212,trash,"Sexuality, Attraction & Intimacy",Attraction & Sexual Tension,0.03909914035120884,0.19887848275763073,0.13326030075396464,high,0.6778309238442031,0.30702239713908674,0.002569973590304873,0.00026872224532209775,3.4881725671362966e-05
36437212,trash,"Sexuality, Attraction & Intimacy",Explicit Sexual Acts,0.0874304592812623,0.44471660840805854,0.13326030075396464,high,0.6778309238442031,0.30702239713908674,0.002569973590304873,0.00026872224532209775,3.4881725671362966e-05
36437212,trash,"Sexuality, Attraction & Intimacy",Kissing & Non-Explicit Affection,0.07006854315836152,0.3564049088343108,0.13326030075396464,high,0.6778309238442031,0.30702239713908674,0.002569973590304873,0.00026872224532209775,3.4881725671362966e-05
36437212,trash,Social World Outside Couple,"Community, Norms & Social Events",0.0020477418588287248,0.035841784956386735,0.038726384795101695,high,0.6778309238442031,0.30702239713908674,0.002569973590304873,0.00026872224532209775,3.4881725671362966e-05
36437212,trash,Social World Outside Couple,Family & Kinship,0.02698518504261326,0.4723237917590206,0.038726384795101695,high,0.6778309238442031,0.30702239713908674,0.002569973590304873,0.00026872224532209775,3.4881725671362966e-05
36437212,trash,Social World Outside Couple,Friends & Social Circles,0.02809988222958965,0.4918344232845926,0.038726384795101695,high,0.6778309238442031,0.30702239713908674,0.002569973590304873,0.00026872224532209775,3.4881725671362966e-05
36437212,trash,"Spaces, Time, Activities & Objects",Domestic Spaces & Routines,0.04943458839965718,0.6996688922116432,0.04789164288679224,high,0.6778309238442031,0.30702239713908674,0.002569973590304873,0.00026872224532209775,3.4881725671362966e-05
36437212,trash,"Spaces, Time, Activities & Objects",Public & Leisure Spaces,0.01915735383648907,0.27114222997304727,0.04789164288679224,high,0.6778309238442031,0.30702239713908674,0.002569973590304873,0.00026872224532209775,3.4881725671362966e-05
36437212,trash,"Spaces, Time, Activities & Objects","Time, Seasons & Temporal Framing",0.0020623185862767243,0.02918887781530966,0.04789164288679224,high,0.6778309238442031,0.30702239713908674,0.002569973590304873,0.00026872224532209775,3.4881725671362966e-05
36437212,trash,"Work, Wealth, Status & Institutions",Hero's Elite Work & Business World,0.04645866420644699,0.7352562539369166,0.042830127742545444,high,0.6778309238442031,0.30702239713908674,0.002569973590304873,0.00026872224532209775,3.4881725671362966e-05
36437212,trash,"Work, Wealth, Status & Institutions",Heroine's Work & Professional Identity,0.005621630639162553,0.0889681000383579,0.042830127742545444,high,0.6778309238442031,0.30702239713908674,0.002569973590304873,0.00026872224532209775,3.4881725671362966e-05
36437212,trash,"Work, Wealth, Status & Institutions","Law, Medicine, Education & Formal Institutions",0.004150451066801043,0.06568516671000504,0.042830127742545444,high,0.6778309238442031,0.30702239713908674,0.002569973590304873,0.00026872224532209775,3.4881725671362966e-05
36437212,trash,"Work, Wealth, Status & Institutions","Money, Housing & Economic Security",0.0015249944951979137,0.02413460995845941,0.042830127742545444,high,0.6778309238442031,0.30702239713908674,0.002569973590304873,0.00026872224532209775,3.4881725671362966e-05
36437212,trash,"Work, Wealth, Status & Institutions",Shared Workplaces & Professional Interaction,0.005431296707254369,0.08595586935626102,0.042830127742545444,high,0.6778309238442031,0.30702239713908674,0.002569973590304873,0.00026872224532209775,3.4881725671362966e-05
36512901,middle,"Conflict, Risk & Harm",Interpersonal Non-Romantic Conflict,0.003402095987718586,0.21355126486425516,0.010655643620379308,high,0.6688600736984729,0.26878304269160547,0.0004511993907368787,0.0002392520946693698,0.0004417867024428717
36512901,middle,"Conflict, Risk & Harm","Violence, Threats & Coercion",0.012528954525520676,0.7864487351357448,0.010655643620379308,high,0.6688600736984729,0.26878304269160547,0.0004511993907368787,0.0002392520946693698,0.0004417867024428717
36512901,middle,Embodied & Sensory Experience,Body Parts & Physical Reactions,0.0032559542188889444,0.24934634718823376,0.008733946991254255,high,0.6688600736984729,0.26878304269160547,0.0004511993907368787,0.0002392520946693698,0.0004417867024428717
36512901,middle,Embodied & Sensory Experience,Exercise & Physical Activity,0.009802004141459507,0.7506536528117662,0.008733946991254255,high,0.6688600736984729,0.26878304269160547,0.0004511993907368787,0.0002392520946693698,0.0004417867024428717
36512901,middle,"Emotions, Cognition & Inner Life",Ambivalence & Internal Conflict,0.0026882377899275357,0.016085750905844357,0.11177935906222898,high,0.6688600736984729,0.26878304269160547,0.0004511993907368787,0.0002392520946693698,0.0004417867024428717
36512901,middle,"Emotions, Cognition & Inner Life","Beliefs, Values & Moral Reflection",0.017348344965680024,0.10380821101176106,0.11177935906222898,high,0.6688600736984729,0.26878304269160547,0.0004511993907368787,0.0002392520946693698,0.0004417867024428717
36512901,middle,"Emotions, Cognition & Inner Life",Negative Emotions & Distress,0.11171846097452788,0.6684956745842753,0.11177935906222898,high,0.6688600736984729,0.26878304269160547,0.0004511993907368787,0.0002392520946693698,0.0004417867024428717
36512901,middle,"Emotions, Cognition & Inner Life",Positive Emotions & Security,0.0353641542272836,0.21161036349811926,0.11177935906222898,high,0.6688600736984729,0.26878304269160547,0.0004511993907368787,0.0002392520946693698,0.0004417867024428717
36512901,middle,Relationship Trajectory (Main Couple),"Bonding, Everyday Intimacy & Growth",0.2882625514238347,0.6312347373677696,0.3054447101467463,high,0.6688600736984729,0.26878304269160547,0.0004511993907368787,0.0002392520946693698,0.0004417867024428717
36512901,middle,Relationship Trajectory (Main Couple),"Conflict, Distance & Breakup Threats",0.10088689586433874,0.22092121539971146,0.3054447101467463,high,0.6688600736984729,0.26878304269160547,0.0004511993907368787,0.0002392520946693698,0.0004417867024428717
36512901,middle,Relationship Trajectory (Main Couple),"Meeting, First Impressions & Setup",5.965759255037658e-06,1.306376585495547e-05,0.3054447101467463,high,0.6688600736984729,0.26878304269160547,0.0004511993907368787,0.0002392520946693698,0.0004417867024428717
36512901,middle,Relationship Trajectory (Main Couple),"Reconciliation, Commitments & HEA",0.020352545044557104,0.04456781972722262,0.3054447101467463,high,0.6688600736984729,0.26878304269160547,0.0004511993907368787,0.0002392520946693698,0.0004417867024428717
36512901,middle,Relationship Trajectory (Main Couple),"Secrets, Misunderstandings & Hidden Information",0.04715663014959485,0.10326316373944128,0.3054447101467463,medium,0.6688600736984729,0.26878304269160547,0.0004511993907368787,0.0002392520946693698,0.0004417867024428717
36512901,middle,"Sexuality, Attraction & Intimacy",Attraction & Sexual Tension,0.024213948456739923,0.14417238037766333,0.1123359641207346,high,0.6688600736984729,0.26878304269160547,0.0004511993907368787,0.0002392520946693698,0.0004417867024428717
36512901,middle,"Sexuality, Attraction & Intimacy",Explicit Sexual Acts,0.10545057640334952,0.627863755447774,0.1123359641207346,high,0.6688600736984729,0.26878304269160547,0.0004511993907368787,0.0002392520946693698,0.0004417867024428717
36512901,middle,"Sexuality, Attraction & Intimacy",Kissing & Non-Explicit Affection,0.03828684275492008,0.22796386417456269,0.1123359641207346,high,0.6688600736984729,0.26878304269160547,0.0004511993907368787,0.0002392520946693698,0.0004417867024428717
36512901,middle,Social World Outside Couple,"Community, Norms & Social Events",0.00264570022102809,0.04184953361019789,0.042284897635984586,high,0.6688600736984729,0.26878304269160547,0.0004511993907368787,0.0002392520946693698,0.0004417867024428717
36512901,middle,Social World Outside Couple,Family & Kinship,0.03786999040772377,0.599025325616844,0.042284897635984586,high,0.6688600736984729,0.26878304269160547,0.0004511993907368787,0.0002392520946693698,0.0004417867024428717
36512901,middle,Social World Outside Couple,Friends & Social Circles,0.022703657182172987,0.3591251407729581,0.042284897635984586,high,0.6688600736984729,0.26878304269160547,0.0004511993907368787,0.0002392520946693698,0.0004417867024428717
36512901,middle,"Spaces, Time, Activities & Objects",Domestic Spaces & Routines,0.02915705543726053,0.4555339899300304,0.042811273537660774,high,0.6688600736984729,0.26878304269160547,0.0004511993907368787,0.0002392520946693698,0.0004417867024428717
36512901,middle,"Spaces, Time, Activities & Objects",Public & Leisure Spaces,0.03199003916032171,0.4997949881487909,0.042811273537660774,high,0.6688600736984729,0.26878304269160547,0.0004511993907368787,0.0002392520946693698,0.0004417867024428717
36512901,middle,"Spaces, Time, Activities & Objects","Time, Seasons & Temporal Framing",0.002859227832362076,0.04467102192117873,0.042811273537660774,high,0.6688600736984729,0.26878304269160547,0.0004511993907368787,0.0002392520946693698,0.0004417867024428717
36512901,middle,"Work, Wealth, Status & Institutions",Hero's Elite Work & Business World,0.03908322756621086,0.7605270680048832,0.03437249188104129,high,0.6688600736984729,0.26878304269160547,0.0004511993907368787,0.0002392520946693698,0.0004417867024428717
36512901,middle,"Work, Wealth, Status & Institutions",Heroine's Work & Professional Identity,0.0048568211889779955,0.09450969658070991,0.03437249188104129,high,0.6688600736984729,0.26878304269160547,0.0004511993907368787,0.0002392520946693698,0.0004417867024428717
36512901,middle,"Work, Wealth, Status & Institutions","Law, Medicine, Education & Formal Institutions",0.00407128102809075,0.07922373908532228,0.03437249188104129,high,0.6688600736984729,0.26878304269160547,0.0004511993907368787,0.0002392520946693698,0.0004417867024428717
36512901,middle,"Work, Wealth, Status & Institutions","Money, Housing & Economic Security",0.0015360110357645596,0.029889495883474698,0.03437249188104129,high,0.6688600736984729,0.26878304269160547,0.0004511993907368787,0.0002392520946693698,0.0004417867024428717
36512901,middle,"Work, Wealth, Status & Institutions",Shared Workplaces & Professional Interaction,0.0018423193395866546,0.03585000044560987,0.03437249188104129,high,0.6688600736984729,0.26878304269160547,0.0004511993907368787,0.0002392520946693698,0.0004417867024428717
36564103,top,"Conflict, Risk & Harm",Interpersonal Non-Romantic Conflict,0.0025954198642261423,0.12074036895015837,0.013629839711008672,high,0.6340676890555376,0.34872238606765127,0.0014405492877986993,0.0008924196109202699,0.0006170031599431852
36564103,top,"Conflict, Risk & Harm","Violence, Threats & Coercion",0.018900455018328932,0.8792596310498416,0.013629839711008672,high,0.6340676890555376,0.34872238606765127,0.0014405492877986993,0.0008924196109202699,0.0006170031599431852
36564103,top,Embodied & Sensory Experience,Body Parts & Physical Reactions,0.00970899851380537,0.4829102470286125,0.012748046430100841,high,0.6340676890555376,0.34872238606765127,0.0014405492877986993,0.0008924196109202699,0.0006170031599431852
36564103,top,Embodied & Sensory Experience,Exercise & Physical Activity,0.010396183709072809,0.5170897529713875,0.012748046430100841,high,0.6340676890555376,0.34872238606765127,0.0014405492877986993,0.0008924196109202699,0.0006170031599431852
36564103,top,"Emotions, Cognition & Inner Life",Ambivalence & Internal Conflict,0.014198980392119805,0.06869284495496586,0.1310633544160039,high,0.6340676890555376,0.34872238606765127,0.0014405492877986993,0.0008924196109202699,0.0006170031599431852
36564103,top,"Emotions, Cognition & Inner Life","Beliefs, Values & Moral Reflection",0.031020729830781794,0.1500743099721719,0.1310633544160039,high,0.6340676890555376,0.34872238606765127,0.0014405492877986993,0.0008924196109202699,0.0006170031599431852
36564103,top,"Emotions, Cognition & Inner Life",Negative Emotions & Distress,0.11027916900586515,0.5335164673152578,0.1310633544160039,high,0.6340676890555376,0.34872238606765127,0.0014405492877986993,0.0008924196109202699,0.0006170031599431852
36564103,top,"Emotions, Cognition & Inner Life",Positive Emotions & Security,0.05120358594687812,0.2477163777576044,0.1310633544160039,high,0.6340676890555376,0.34872238606765127,0.0014405492877986993,0.0008924196109202699,0.0006170031599431852
36564103,top,Relationship Trajectory (Main Couple),"Bonding, Everyday Intimacy & Growth",0.1652045316178054,0.47072059760195295,0.22253297628794855,high,0.6340676890555376,0.34872238606765127,0.0014405492877986993,0.0008924196109202699,0.0006170031599431852
36564103,top,Relationship Trajectory (Main Couple),"Conflict, Distance & Breakup Threats",0.11731098985097986,0.33425656492087596,0.22253297628794855,high,0.6340676890555376,0.34872238606765127,0.0014405492877986993,0.0008924196109202699,0.0006170031599431852
36564103,top,Relationship Trajectory (Main Couple),"Meeting, First Impressions & Setup",1.0618738662068325e-05,3.0256185831218692e-05,0.22253297628794855,high,0.6340676890555376,0.34872238606765127,0.0014405492877986993,0.0008924196109202699,0.0006170031599431852
36564103,top,Relationship Trajectory (Main Couple),"Reconciliation, Commitments & HEA",0.014503263037266968,0.041324439331207934,0.22253297628794855,high,0.6340676890555376,0.34872238606765127,0.0014405492877986993,0.0008924196109202699,0.0006170031599431852
36564103,top,Relationship Trajectory (Main Couple),"Secrets, Misunderstandings & Hidden Information",0.053931511700215214,0.1536681419601319,0.22253297628794855,medium,0.6340676890555376,0.34872238606765127,0.0014405492877986993,0.0008924196109202699,0.0006170031599431852
36564103,top,"Sexuality, Attraction & Intimacy",Attraction & Sexual Tension,0.04304657149425858,0.2510633411510339,0.10871535439619921,high,0.6340676890555376,0.34872238606765127,0.0014405492877986993,0.0008924196109202699,0.0006170031599431852
36564103,top,"Sexuality, Attraction & Intimacy",Explicit Sexual Acts,0.05842223636372284,0.34073983943060404,0.10871535439619921,high,0.6340676890555376,0.34872238606765127,0.0014405492877986993,0.0008924196109202699,0.0006170031599431852
36564103,top,"Sexuality, Attraction & Intimacy",Kissing & Non-Explicit Affection,0.06998820891278942,0.40819681941836206,0.10871535439619921,high,0.6340676890555376,0.34872238606765127,0.0014405492877986993,0.0008924196109202699,0.0006170031599431852
36564103,top,Social World Outside Couple,"Community, Norms & Social Events",0.007699181741821961,0.0981921828122551,0.04971681283417151,high,0.6340676890555376,0.34872238606765127,0.0014405492877986993,0.0008924196109202699,0.0006170031599431852
36564103,top,Social World Outside Couple,Family & Kinship,0.04249339855158359,0.5419432478422977,0.04971681283417151,high,0.6340676890555376,0.34872238606765127,0.0014405492877986993,0.0008924196109202699,0.0006170031599431852
36564103,top,Social World Outside Couple,Friends & Social Circles,0.028216734188816615,0.35986456934544714,0.04971681283417151,high,0.6340676890555376,0.34872238606765127,0.0014405492877986993,0.0008924196109202699,0.0006170031599431852
36564103,top,"Spaces, Time, Activities & Objects",Domestic Spaces & Routines,0.05710259012623286,0.7201246632812787,0.05027866591243759,high,0.6340676890555376,0.34872238606765127,0.0014405492877986993,0.0008924196109202699,0.0006170031599431852
36564103,top,"Spaces, Time, Activities & Objects",Public & Leisure Spaces,0.018397024825865926,0.23200613630340108,0.05027866591243759,high,0.6340676890555376,0.34872238606765127,0.0014405492877986993,0.0008924196109202699,0.0006170031599431852
36564103,top,"Spaces, Time, Activities & Objects","Time, Seasons & Temporal Framing",0.003795808518113261,0.04786920041532014,0.05027866591243759,high,0.6340676890555376,0.34872238606765127,0.0014405492877986993,0.0008924196109202699,0.0006170031599431852
36564103,top,"Work, Wealth, Status & Institutions",Hero's Elite Work & Business World,0.050513563477856974,0.715482262474429,0.044765635907724095,high,0.6340676890555376,0.34872238606765127,0.0014405492877986993,0.0008924196109202699,0.0006170031599431852
36564103,top,"Work, Wealth, Status & Institutions",Heroine's Work & Professional Identity,0.005482326416112472,0.07765255582380248,0.044765635907724095,high,0.6340676890555376,0.34872238606765127,0.0014405492877986993,0.0008924196109202699,0.0006170031599431852
36564103,top,"Work, Wealth, Status & Institutions","Law, Medicine, Education & Formal Institutions",0.005276742786788573,0.07474063613116694,0.044765635907724095,high,0.6340676890555376,0.34872238606765127,0.0014405492877986993,0.0008924196109202699,0.0006170031599431852
36564103,top,"Work, Wealth, Status & Institutions","Money, Housing & Economic Security",0.0018879936070667874,0.026741846041282526,0.044765635907724095,high,0.6340676890555376,0.34872238606765127,0.0014405492877986993,0.0008924196109202699,0.0006170031599431852
36564103,top,"Work, Wealth, Status & Institutions",Shared Workplaces & Professional Interaction,0.007440094550677182,0.10538269952931895,0.044765635907724095,high,0.6340676890555376,0.34872238606765127,0.0014405492877986993,0.0008924196109202699,0.0006170031599431852
36600859,middle,"Conflict, Risk & Harm",Interpersonal Non-Romantic Conflict,0.0024027640970591866,0.11559479718834538,0.011989267483790854,high,0.5767927633519527,0.3301191757407207,0.0016520437883720581,0.0014422785841102903,3.858816043091777e-05
36600859,middle,"Conflict, Risk & Harm","Violence, Threats & Coercion",0.018383327971982832,0.8844052028116547,0.011989267483790854,high,0.5767927633519527,0.3301191757407207,0.0016520437883720581,0.0014422785841102903,3.858816043091777e-05
36600859,middle,Embodied & Sensory Experience,Body Parts & Physical Reactions,0.003933005338743259,0.3100058686852747,0.007317697007583982,high,0.5767927633519527,0.3301191757407207,0.0016520437883720581,0.0014422785841102903,3.858816043091777e-05
36600859,middle,Embodied & Sensory Experience,Exercise & Physical Activity,0.00875386847891385,0.6899941313147253,0.007317697007583982,high,0.5767927633519527,0.3301191757407207,0.0016520437883720581,0.0014422785841102903,3.858816043091777e-05
36600859,middle,"Emotions, Cognition & Inner Life",Ambivalence & Internal Conflict,0.005149629215699025,0.02542225382518448,0.11683735383911956,high,0.5767927633519527,0.3301191757407207,0.0016520437883720581,0.0014422785841102903,3.858816043091777e-05
36600859,middle,"Emotions, Cognition & Inner Life","Beliefs, Values & Moral Reflection",0.022971896112538644,0.11340571317996388,0.11683735383911956,high,0.5767927633519527,0.3301191757407207,0.0016520437883720581,0.0014422785841102903,3.858816043091777e-05
36600859,middle,"Emotions, Cognition & Inner Life",Negative Emotions & Distress,0.12537231021615722,0.6189274138899867,0.11683735383911956,high,0.5767927633519527,0.3301191757407207,0.0016520437883720581,0.0014422785841102903,3.858816043091777e-05
36600859,middle,"Emotions, Cognition & Inner Life",Positive Emotions & Security,0.04906999892560635,0.2422446191048649,0.11683735383911956,high,0.5767927633519527,0.3301191757407207,0.0016520437883720581,0.0014422785841102903,3.858816043091777e-05
36600859,middle,Relationship Trajectory (Main Couple),"Bonding, Everyday Intimacy & Growth",0.17219331378783412,0.4740715814539124,0.20950392551651037,high,0.5767927633519527,0.3301191757407207,0.0016520437883720581,0.0014422785841102903,3.858816043091777e-05
36600859,middle,Relationship Trajectory (Main Couple),"Conflict, Distance & Breakup Threats",0.12246550720064558,0.33716417551322747,0.20950392551651037,high,0.5767927633519527,0.3301191757407207,0.0016520437883720581,0.0014422785841102903,3.858816043091777e-05
36600859,middle,Relationship Trajectory (Main Couple),"Meeting, First Impressions & Setup",7.837382431504709e-06,2.157737836638959e-05,0.20950392551651037,high,0.5767927633519527,0.3301191757407207,0.0016520437883720581,0.0014422785841102903,3.858816043091777e-05
36600859,middle,Relationship Trajectory (Main Couple),"Reconciliation, Commitments & HEA",0.010442276263751899,0.028749004902914366,0.20950392551651037,high,0.5767927633519527,0.3301191757407207,0.0016520437883720581,0.0014422785841102903,3.858816043091777e-05
36600859,middle,Relationship Trajectory (Main Couple),"Secrets, Misunderstandings & Hidden Information",0.05811324641179595,0.1599936607515795,0.20950392551651037,medium,0.5767927633519527,0.3301191757407207,0.0016520437883720581,0.0014422785841102903,3.858816043091777e-05
36600859,middle,"Sexuality, Attraction & Intimacy",Attraction & Sexual Tension,0.034596277160153364,0.18635098050737436,0.10708225012052053,high,0.5767927633519527,0.3301191757407207,0.0016520437883720581,0.0014422785841102903,3.858816043091777e-05
36600859,middle,"Sexuality, Attraction & Intimacy",Explicit Sexual Acts,0.10395910321754996,0.5599701010480601,0.10708225012052053,high,0.5767927633519527,0.3301191757407207,0.0016520437883720581,0.0014422785841102903,3.858816043091777e-05
36600859,middle,"Sexuality, Attraction & Intimacy",Kissing & Non-Explicit Affection,0.047095787466751915,0.2536789184445656,0.10708225012052053,high,0.5767927633519527,0.3301191757407207,0.0016520437883720581,0.0014422785841102903,3.858816043091777e-05
36600859,middle,Social World Outside Couple,"Community, Norms & Social Events",0.00412924837546339,0.06435341742238199,0.037010009358442134,high,0.5767927633519527,0.3301191757407207,0.0016520437883720581,0.0014422785841102903,3.858816043091777e-05
36600859,middle,Social World Outside Couple,Family & Kinship,0.04237065732016594,0.660337269413916,0.037010009358442134,high,0.5767927633519527,0.3301191757407207,0.0016520437883720581,0.0014422785841102903,3.858816043091777e-05
36600859,middle,Social World Outside Couple,Friends & Social Circles,0.01766527062066753,0.2753093131637021,0.037010009358442134,high,0.5767927633519527,0.3301191757407207,0.0016520437883720581,0.0014422785841102903,3.858816043091777e-05
36600859,middle,"Spaces, Time, Activities & Objects",Domestic Spaces & Routines,0.041804432284088706,0.486197593798264,0.04959402170037067,high,0.5767927633519527,0.3301191757407207,0.0016520437883720581,0.0014422785841102903,3.858816043091777e-05
36600859,middle,"Spaces, Time, Activities & Objects",Public & Leisure Spaces,0.038589089931388376,0.448802235705683,0.04959402170037067,high,0.5767927633519527,0.3301191757407207,0.0016520437883720581,0.0014422785841102903,3.858816043091777e-05
36600859,middle,"Spaces, Time, Activities & Objects","Time, Seasons & Temporal Framing",0.005588870164347097,0.06500017049605296,0.04959402170037067,high,0.5767927633519527,0.3301191757407207,0.0016520437883720581,0.0014422785841102903,3.858816043091777e-05
36600859,middle,"Work, Wealth, Status & Institutions",Hero's Elite Work & Business World,0.05021223039399376,0.7739797404617026,0.03741965016518368,high,0.5767927633519527,0.3301191757407207,0.0016520437883720581,0.0014422785841102903,3.858816043091777e-05
36600859,middle,"Work, Wealth, Status & Institutions",Heroine's Work & Professional Identity,0.0072047584058231515,0.11105535438822686,0.03741965016518368,high,0.5767927633519527,0.3301191757407207,0.0016520437883720581,0.0014422785841102903,3.858816043091777e-05
36600859,middle,"Work, Wealth, Status & Institutions","Law, Medicine, Education & Formal Institutions",0.004570584120483202,0.07045175017266547,0.03741965016518368,high,0.5767927633519527,0.3301191757407207,0.0016520437883720581,0.0014422785841102903,3.858816043091777e-05
36600859,middle,"Work, Wealth, Status & Institutions","Money, Housing & Economic Security",0.0014131390607525153,0.02178236248211663,0.03741965016518368,high,0.5767927633519527,0.3301191757407207,0.0016520437883720581,0.0014422785841102903,3.858816043091777e-05
36600859,middle,"Work, Wealth, Status & Institutions",Shared Workplaces & Professional Interaction,0.00147466881901926,0.022730792495288536,0.03741965016518368,high,0.5767927633519527,0.3301191757407207,0.0016520437883720581,0.0014422785841102903,3.858816043091777e-05
36662463,trash,"Conflict, Risk & Harm",Interpersonal Non-Romantic Conflict,0.0022410413632438413,0.10896176413191164,0.014070074219628099,high,0.6841016563025372,0.3021823362050289,0.002456912090706879,0.001395395837303773,2.971008028457674e-05
36662463,trash,"Conflict, Risk & Harm","Violence, Threats & Coercion",0.01832618587557715,0.8910382358680884,0.014070074219628099,high,0.6841016563025372,0.3021823362050289,0.002456912090706879,0.001395395837303773,2.971008028457674e-05
36662463,trash,Embodied & Sensory Experience,Body Parts & Physical Reactions,0.004594553847069107,0.2565606320418361,0.012251068574849136,high,0.6841016563025372,0.3021823362050289,0.002456912090706879,0.001395395837303773,2.971008028457674e-05
36662463,trash,Embodied & Sensory Experience,Exercise & Physical Activity,0.013313703590961743,0.7434393679581639,0.012251068574849136,high,0.6841016563025372,0.3021823362050289,0.002456912090706879,0.001395395837303773,2.971008028457674e-05
36662463,trash,"Emotions, Cognition & Inner Life",Ambivalence & Internal Conflict,0.00650143600903593,0.0324864970210981,0.1369074400123211,high,0.6841016563025372,0.3021823362050289,0.002456912090706879,0.001395395837303773,2.971008028457674e-05
36662463,trash,"Emotions, Cognition & Inner Life","Beliefs, Values & Moral Reflection",0.022390672550409035,0.11188213128580932,0.1369074400123211,high,0.6841016563025372,0.3021823362050289,0.002456912090706879,0.001395395837303773,2.971008028457674e-05
36662463,trash,"Emotions, Cognition & Inner Life",Negative Emotions & Distress,0.12330577001997796,0.6161365773455056,0.1369074400123211,high,0.6841016563025372,0.3021823362050289,0.002456912090706879,0.001395395837303773,2.971008028457674e-05
36662463,trash,"Emotions, Cognition & Inner Life",Positive Emotions & Security,0.04792945447263323,0.23949479434758694,0.1369074400123211,high,0.6841016563025372,0.3021823362050289,0.002456912090706879,0.001395395837303773,2.971008028457674e-05
36662463,trash,Relationship Trajectory (Main Couple),"Bonding, Everyday Intimacy & Growth",0.16418223747184127,0.48297035448331693,0.23255535158074145,high,0.6841016563025372,0.3021823362050289,0.002456912090706879,0.001395395837303773,2.971008028457674e-05
36662463,trash,Relationship Trajectory (Main Couple),"Conflict, Distance & Breakup Threats",0.11716730486554124,0.3446678254367847,0.23255535158074145,high,0.6841016563025372,0.3021823362050289,0.002456912090706879,0.001395395837303773,2.971008028457674e-05
36662463,trash,Relationship Trajectory (Main Couple),"Meeting, First Impressions & Setup",4.638436181313762e-06,1.364475963559438e-05,0.23255535158074145,high,0.6841016563025372,0.3021823362050289,0.002456912090706879,0.001395395837303773,2.971008028457674e-05
36662463,trash,Relationship Trajectory (Main Couple),"Reconciliation, Commitments & HEA",0.016064370567540155,0.04725611532055594,0.23255535158074145,high,0.6841016563025372,0.3021823362050289,0.002456912090706879,0.001395395837303773,2.971008028457674e-05
36662463,trash,Relationship Trajectory (Main Couple),"Secrets, Misunderstandings & Hidden Information",0.04252413033235794,0.12509205999970685,0.23255535158074145,medium,0.6841016563025372,0.3021823362050289,0.002456912090706879,0.001395395837303773,2.971008028457674e-05
36662463,trash,"Sexuality, Attraction & Intimacy",Attraction & Sexual Tension,0.03786149828215337,0.17361346636530225,0.14918839089600303,high,0.6841016563025372,0.3021823362050289,0.002456912090706879,0.001395395837303773,2.971008028457674e-05
36662463,trash,"Sexuality, Attraction & Intimacy",Explicit Sexual Acts,0.1271403213428351,0.5830004861041808,0.14918839089600303,high,0.6841016563025372,0.3021823362050289,0.002456912090706879,0.001395395837303773,2.971008028457674e-05
36662463,trash,"Sexuality, Attraction & Intimacy",Kissing & Non-Explicit Affection,0.05307745195921295,0.24338604753051687,0.14918839089600303,high,0.6841016563025372,0.3021823362050289,0.002456912090706879,0.001395395837303773,2.971008028457674e-05
36662463,trash,Social World Outside Couple,"Community, Norms & Social Events",0.0028997070766997807,0.05483813508715601,0.03617363009901338,high,0.6841016563025372,0.3021823362050289,0.002456912090706879,0.001395395837303773,2.971008028457674e-05
36662463,trash,Social World Outside Couple,Family & Kinship,0.032391494242612104,0.6125753705346099,0.03617363009901338,high,0.6841016563025372,0.3021823362050289,0.002456912090706879,0.001395395837303773,2.971008028457674e-05
36662463,trash,Social World Outside Couple,Friends & Social Circles,0.017586364121073412,0.3325864943782341,0.03617363009901338,high,0.6841016563025372,0.3021823362050289,0.002456912090706879,0.001395395837303773,2.971008028457674e-05
36662463,trash,"Spaces, Time, Activities & Objects",Domestic Spaces & Routines,0.03909840130874471,0.42079925614536406,0.06356304271805499,high,0.6841016563025372,0.3021823362050289,0.002456912090706879,0.001395395837303773,2.971008028457674e-05
36662463,trash,"Spaces, Time, Activities & Objects",Public & Leisure Spaces,0.05018385561208991,0.5401072270274823,0.06356304271805499,high,0.6841016563025372,0.3021823362050289,0.002456912090706879,0.001395395837303773,2.971008028457674e-05
36662463,trash,"Spaces, Time, Activities & Objects","Time, Seasons & Temporal Framing",0.0036323591050983384,0.03909351682715374,0.06356304271805499,high,0.6841016563025372,0.3021823362050289,0.002456912090706879,0.001395395837303773,2.971008028457674e-05
36662463,trash,"Work, Wealth, Status & Institutions",Hero's Elite Work & Business World,0.04597920755669519,0.7990878108979825,0.03936294812164144,high,0.6841016563025372,0.3021823362050289,0.002456912090706879,0.001395395837303773,2.971008028457674e-05
36662463,trash,"Work, Wealth, Status & Institutions",Heroine's Work & Professional Identity,0.004757719406839288,0.08268597454599794,0.03936294812164144,high,0.6841016563025372,0.3021823362050289,0.002456912090706879,0.001395395837303773,2.971008028457674e-05
36662463,trash,"Work, Wealth, Status & Institutions","Law, Medicine, Education & Formal Institutions",0.0032251319615452783,0.05605063192597505,0.03936294812164144,high,0.6841016563025372,0.3021823362050289,0.002456912090706879,0.001395395837303773,2.971008028457674e-05
36662463,trash,"Work, Wealth, Status & Institutions","Money, Housing & Economic Security",0.001877711649676072,0.03263336998114064,0.03936294812164144,high,0.6841016563025372,0.3021823362050289,0.002456912090706879,0.001395395837303773,2.971008028457674e-05
36662463,trash,"Work, Wealth, Status & Institutions",Shared Workplaces & Professional Interaction,0.0016998476369468603,0.029542212648903828,0.03936294812164144,high,0.6841016563025372,0.3021823362050289,0.002456912090706879,0.001395395837303773,2.971008028457674e-05
40131614,middle,"Conflict, Risk & Harm",Interpersonal Non-Romantic Conflict,0.0028266070709863874,0.14467119620386498,0.012596100861064163,high,0.6446927122554638,0.33984810227611884,0.0007824622603664938,0.00029761889090532795,4.144712594651788e-05
40131614,middle,"Conflict, Risk & Harm","Violence, Threats & Coercion",0.016711539741619236,0.8553288037961351,0.012596100861064163,high,0.6446927122554638,0.33984810227611884,0.0007824622603664938,0.00029761889090532795,4.144712594651788e-05
40131614,middle,Embodied & Sensory Experience,Body Parts & Physical Reactions,0.01567355740904594,0.5809696906975031,0.01739269431525436,high,0.6446927122554638,0.33984810227611884,0.0007824622603664938,0.00029761889090532795,4.144712594651788e-05
40131614,middle,Embodied & Sensory Experience,Exercise & Physical Activity,0.011304712989584517,0.4190303093024969,0.01739269431525436,high,0.6446927122554638,0.33984810227611884,0.0007824622603664938,0.00029761889090532795,4.144712594651788e-05
40131614,middle,"Emotions, Cognition & Inner Life",Ambivalence & Internal Conflict,0.014239083146762846,0.06752519326744105,0.13594678800192175,high,0.6446927122554638,0.33984810227611884,0.0007824622603664938,0.00029761889090532795,4.144712594651788e-05
40131614,middle,"Emotions, Cognition & Inner Life","Beliefs, Values & Moral Reflection",0.027514533221908166,0.13048060428632038,0.13594678800192175,high,0.6446927122554638,0.33984810227611884,0.0007824622603664938,0.00029761889090532795,4.144712594651788e-05
40131614,middle,"Emotions, Cognition & Inner Life",Negative Emotions & Distress,0.11537068115188172,0.5471158122949953,0.13594678800192175,high,0.6446927122554638,0.33984810227611884,0.0007824622603664938,0.00029761889090532795,4.144712594651788e-05
40131614,middle,"Emotions, Cognition & Inner Life",Positive Emotions & Security,0.053746378411722966,0.25487839015124336,0.13594678800192175,high,0.6446927122554638,0.33984810227611884,0.0007824622603664938,0.00029761889090532795,4.144712594651788e-05
40131614,middle,Relationship Trajectory (Main Couple),"Bonding, Everyday Intimacy & Growth",0.15457354081776312,0.4444879226735153,0.2241960471576883,high,0.6446927122554638,0.33984810227611884,0.0007824622603664938,0.00029761889090532795,4.144712594651788e-05
40131614,middle,Relationship Trajectory (Main Couple),"Conflict, Distance & Breakup Threats",0.12531451044679554,0.3603513650179883,0.2241960471576883,high,0.6446927122554638,0.33984810227611884,0.0007824622603664938,0.00029761889090532795,4.144712594651788e-05
40131614,middle,Relationship Trajectory (Main Couple),"Meeting, First Impressions & Setup",5.067135432864512e-05,0.0001457093167785211,0.2241960471576883,high,0.6446927122554638,0.33984810227611884,0.0007824622603664938,0.00029761889090532795,4.144712594651788e-05
40131614,middle,Relationship Trajectory (Main Couple),"Reconciliation, Commitments & HEA",0.012470796334462464,0.035860719289110776,0.2241960471576883,high,0.6446927122554638,0.33984810227611884,0.0007824622603664938,0.00029761889090532795,4.144712594651788e-05
40131614,middle,Relationship Trajectory (Main Couple),"Secrets, Misunderstandings & Hidden Information",0.05534692825905358,0.1591542837026072,0.2241960471576883,medium,0.6446927122554638,0.33984810227611884,0.0007824622603664938,0.00029761889090532795,4.144712594651788e-05
40131614,middle,"Sexuality, Attraction & Intimacy",Attraction & Sexual Tension,0.038518080339841554,0.20161090475717025,0.12316955630488113,high,0.6446927122554638,0.33984810227611884,0.0007824622603664938,0.00029761889090532795,4.144712594651788e-05
40131614,middle,"Sexuality, Attraction & Intimacy",Explicit Sexual Acts,0.07626428580221167,0.3991816706747789,0.12316955630488113,high,0.6446927122554638,0.33984810227611884,0.0007824622603664938,0.00029761889090532795,4.144712594651788e-05
40131614,middle,"Sexuality, Attraction & Intimacy",Kissing & Non-Explicit Affection,0.07626920612401326,0.3992074245680509,0.12316955630488113,high,0.6446927122554638,0.33984810227611884,0.0007824622603664938,0.00029761889090532795,4.144712594651788e-05
40131614,middle,Social World Outside Couple,"Community, Norms & Social Events",0.003310541132596133,0.05285836596441052,0.04037736889641434,high,0.6446927122554638,0.33984810227611884,0.0007824622603664938,0.00029761889090532795,4.144712594651788e-05
40131614,middle,Social World Outside Couple,Family & Kinship,0.03790019964099977,0.6051405321694827,0.04037736889641434,high,0.6446927122554638,0.33984810227611884,0.0007824622603664938,0.00029761889090532795,4.144712594651788e-05
40131614,middle,Social World Outside Couple,Friends & Social Circles,0.021419669232364498,0.3420011018661068,0.04037736889641434,high,0.6446927122554638,0.33984810227611884,0.0007824622603664938,0.00029761889090532795,4.144712594651788e-05
40131614,middle,"Spaces, Time, Activities & Objects",Domestic Spaces & Routines,0.0486813933055297,0.6617252485144298,0.047428354225526485,high,0.6446927122554638,0.33984810227611884,0.0007824622603664938,0.00029761889090532795,4.144712594651788e-05
40131614,middle,"Spaces, Time, Activities & Objects",Public & Leisure Spaces,0.022316128974812548,0.3033427145163593,0.047428354225526485,high,0.6446927122554638,0.33984810227611884,0.0007824622603664938,0.00029761889090532795,4.144712594651788e-05
40131614,middle,"Spaces, Time, Activities & Objects","Time, Seasons & Temporal Framing",0.002569858463885377,0.03493203696921095,0.047428354225526485,high,0.6446927122554638,0.33984810227611884,0.0007824622603664938,0.00029761889090532795,4.144712594651788e-05
40131614,middle,"Work, Wealth, Status & Institutions",Hero's Elite Work & Business World,0.05294270798922369,0.7838393224617854,0.043544355366766714,high,0.6446927122554638,0.33984810227611884,0.0007824622603664938,0.00029761889090532795,4.144712594651788e-05
40131614,middle,"Work, Wealth, Status & Institutions",Heroine's Work & Professional Identity,0.004943493371251181,0.07319052315013008,0.043544355366766714,high,0.6446927122554638,0.33984810227611884,0.0007824622603664938,0.00029761889090532795,4.144712594651788e-05
40131614,middle,"Work, Wealth, Status & Institutions","Law, Medicine, Education & Formal Institutions",0.004664344371875353,0.06905760341770589,0.043544355366766714,high,0.6446927122554638,0.33984810227611884,0.0007824622603664938,0.00029761889090532795,4.144712594651788e-05
40131614,middle,"Work, Wealth, Status & Institutions","Money, Housing & Economic Security",0.0013347335016265169,0.01976129751041313,0.043544355366766714,high,0.6446927122554638,0.33984810227611884,0.0007824622603664938,0.00029761889090532795,4.144712594651788e-05
40131614,middle,"Work, Wealth, Status & Institutions",Shared Workplaces & Professional Interaction,0.003657527655256369,0.05415125345996555,0.043544355366766714,high,0.6446927122554638,0.33984810227611884,0.0007824622603664938,0.00029761889090532795,4.144712594651788e-05
40727118,top,"Conflict, Risk & Harm",Interpersonal Non-Romantic Conflict,0.004009183045619012,0.14745043728175317,0.017567380122635735,high,0.6460961875532116,0.33746553780580146,0.0010276070726334369,0.0005917499080745393,4.1417044938326626e-05
40727118,top,"Conflict, Risk & Harm","Violence, Threats & Coercion",0.02318085531254559,0.8525495627182469,0.017567380122635735,high,0.6460961875532116,0.33746553780580146,0.0010276070726334369,0.0005917499080745393,4.1417044938326626e-05
40727118,top,Embodied & Sensory Experience,Body Parts & Physical Reactions,0.008591655773809501,0.4727235366094216,0.011742669045087742,high,0.6460961875532116,0.33746553780580146,0.0010276070726334369,0.0005917499080745393,4.1417044938326626e-05
40727118,top,Embodied & Sensory Experience,Exercise & Physical Activity,0.009583144312161647,0.5272764633905783,0.011742669045087742,high,0.6460961875532116,0.33746553780580146,0.0010276070726334369,0.0005917499080745393,4.1417044938326626e-05
40727118,top,"Emotions, Cognition & Inner Life",Ambivalence & Internal Conflict,0.010060118086967853,0.0485181791162579,0.1339663619022138,high,0.6460961875532116,0.33746553780580146,0.0010276070726334369,0.0005917499080745393,4.1417044938326626e-05
40727118,top,"Emotions, Cognition & Inner Life","Beliefs, Values & Moral Reflection",0.030745632011516817,0.14828077246028976,0.1339663619022138,high,0.6460961875532116,0.33746553780580146,0.0010276070726334369,0.0005917499080745393,4.1417044938326626e-05
40727118,top,"Emotions, Cognition & Inner Life",Negative Emotions & Distress,0.11315064639799567,0.5457056549037961,0.1339663619022138,high,0.6460961875532116,0.33746553780580146,0.0010276070726334369,0.0005917499080745393,4.1417044938326626e-05
40727118,top,"Emotions, Cognition & Inner Life",Positive Emotions & Security,0.05339099926752964,0.2574953935196561,0.1339663619022138,high,0.6460961875532116,0.33746553780580146,0.0010276070726334369,0.0005917499080745393,4.1417044938326626e-05
40727118,top,Relationship Trajectory (Main Couple),"Bonding, Everyday Intimacy & Growth",0.14894116519768527,0.4090612285382689,0.2352467364062466,high,0.6460961875532116,0.33746553780580146,0.0010276070726334369,0.0005917499080745393,4.1417044938326626e-05
40727118,top,Relationship Trajectory (Main Couple),"Conflict, Distance & Breakup Threats",0.12626803693314625,0.34679034667435943,0.2352467364062466,high,0.6460961875532116,0.33746553780580146,0.0010276070726334369,0.0005917499080745393,4.1417044938326626e-05
40727118,top,Relationship Trajectory (Main Couple),"Meeting, First Impressions & Setup",7.435384395858616e-06,2.042099960469135e-05,0.2352467364062466,high,0.6460961875532116,0.33746553780580146,0.0010276070726334369,0.0005917499080745393,4.1417044938326626e-05
40727118,top,Relationship Trajectory (Main Couple),"Reconciliation, Commitments & HEA",0.009887957311187507,0.02715689755803777,0.2352467364062466,high,0.6460961875532116,0.33746553780580146,0.0010276070726334369,0.0005917499080745393,4.1417044938326626e-05
40727118,top,Relationship Trajectory (Main Couple),"Secrets, Misunderstandings & Hidden Information",0.07900022569130719,0.2169711062297293,0.2352467364062466,medium,0.6460961875532116,0.33746553780580146,0.0010276070726334369,0.0005917499080745393,4.1417044938326626e-05
40727118,top,"Sexuality, Attraction & Intimacy",Attraction & Sexual Tension,0.028449811087002373,0.18319843736804364,0.1003355418528678,high,0.6460961875532116,0.33746553780580146,0.0010276070726334369,0.0005917499080745393,4.1417044938326626e-05
40727118,top,"Sexuality, Attraction & Intimacy",Explicit Sexual Acts,0.07106416063114934,0.45760736831205234,0.1003355418528678,high,0.6460961875532116,0.33746553780580146,0.0010276070726334369,0.0005917499080745393,4.1417044938326626e-05
40727118,top,"Sexuality, Attraction & Intimacy",Kissing & Non-Explicit Affection,0.05578108153520664,0.359194194319904,0.1003355418528678,high,0.6460961875532116,0.33746553780580146,0.0010276070726334369,0.0005917499080745393,4.1417044938326626e-05
40727118,top,Social World Outside Couple,"Community, Norms & Social Events",0.0054200600119910245,0.05867425569767669,0.059683417683228976,high,0.6460961875532116,0.33746553780580146,0.0010276070726334369,0.0005917499080745393,4.1417044938326626e-05
40727118,top,Social World Outside Couple,Family & Kinship,0.06562785339168674,0.7104470139213364,0.059683417683228976,high,0.6460961875532116,0.33746553780580146,0.0010276070726334369,0.0005917499080745393,4.1417044938326626e-05
40727118,top,Social World Outside Couple,Friends & Social Circles,0.021327523617939912,0.23087873038098702,0.059683417683228976,high,0.6460961875532116,0.33746553780580146,0.0010276070726334369,0.0005917499080745393,4.1417044938326626e-05
40727118,top,"Spaces, Time, Activities & Objects",Domestic Spaces & Routines,0.0438579954319188,0.628308759501049,0.04509961577615344,high,0.6460961875532116,0.33746553780580146,0.0010276070726334369,0.0005917499080745393,4.1417044938326626e-05
40727118,top,"Spaces, Time, Activities & Objects",Public & Leisure Spaces,0.023864733985954352,0.34188569857948686,0.04509961577615344,high,0.6460961875532116,0.33746553780580146,0.0010276070726334369,0.0005917499080745393,4.1417044938326626e-05
40727118,top,"Spaces, Time, Activities & Objects","Time, Seasons & Temporal Framing",0.00208052378959001,0.029805541919464097,0.04509961577615344,high,0.6460961875532116,0.33746553780580146,0.0010276070726334369,0.0005917499080745393,4.1417044938326626e-05
40727118,top,"Work, Wealth, Status & Institutions",Hero's Elite Work & Business World,0.04835714964465919,0.7366452473006329,0.04241304771983914,high,0.6460961875532116,0.33746553780580146,0.0010276070726334369,0.0005917499080745393,4.1417044938326626e-05
40727118,top,"Work, Wealth, Status & Institutions",Heroine's Work & Professional Identity,0.004636658095513393,0.07063220587889174,0.04241304771983914,high,0.6460961875532116,0.33746553780580146,0.0010276070726334369,0.0005917499080745393,4.1417044938326626e-05
40727118,top,"Work, Wealth, Status & Institutions","Law, Medicine, Education & Formal Institutions",0.007052945741576233,0.1074405542547355,0.04241304771983914,high,0.6460961875532116,0.33746553780580146,0.0010276070726334369,0.0005917499080745393,4.1417044938326626e-05
40727118,top,"Work, Wealth, Status & Institutions","Money, Housing & Economic Security",0.0017878877842413471,0.02723566315728264,0.04241304771983914,high,0.6460961875532116,0.33746553780580146,0.0010276070726334369,0.0005917499080745393,4.1417044938326626e-05
40727118,top,"Work, Wealth, Status & Institutions",Shared Workplaces & Professional Interaction,0.0038104569978748546,0.05804632940845726,0.04241304771983914,high,0.6460961875532116,0.33746553780580146,0.0010276070726334369,0.0005917499080745393,4.1417044938326626e-05
42427664,trash,"Conflict, Risk & Harm",Interpersonal Non-Romantic Conflict,0.0031612083838590604,0.12959743586365796,0.01578490578904173,high,0.6471206789322572,0.33771898332390504,0.0012115079361120177,0.0006402366429605374,0.0002818346277724702
42427664,trash,"Conflict, Risk & Harm","Violence, Threats & Coercion",0.02123131422117756,0.870402564136342,0.01578490578904173,high,0.6471206789322572,0.33771898332390504,0.0012115079361120177,0.0006402366429605374,0.0002818346277724702
42427664,trash,Embodied & Sensory Experience,Body Parts & Physical Reactions,0.011102971820116932,0.5428817288704884,0.01323485812894959,high,0.6471206789322572,0.33771898332390504,0.0012115079361120177,0.0006402366429605374,0.0002818346277724702
42427664,trash,Embodied & Sensory Experience,Exercise & Physical Activity,0.009348944738610528,0.45711827112951164,0.01323485812894959,high,0.6471206789322572,0.33771898332390504,0.0012115079361120177,0.0006402366429605374,0.0002818346277724702
42427664,trash,"Emotions, Cognition & Inner Life",Ambivalence & Internal Conflict,0.01186309697399052,0.05395632878155434,0.14227905310474687,high,0.6471206789322572,0.33771898332390504,0.0012115079361120177,0.0006402366429605374,0.0002818346277724702
42427664,trash,"Emotions, Cognition & Inner Life","Beliefs, Values & Moral Reflection",0.03026843295168073,0.1376683949919656,0.14227905310474687,high,0.6471206789322572,0.33771898332390504,0.0012115079361120177,0.0006402366429605374,0.0002818346277724702
42427664,trash,"Emotions, Cognition & Inner Life",Negative Emotions & Distress,0.12862411749333502,0.585014620374729,0.14227905310474687,high,0.6471206789322572,0.33771898332390504,0.0012115079361120177,0.0006402366429605374,0.0002818346277724702
42427664,trash,"Emotions, Cognition & Inner Life",Positive Emotions & Security,0.04910914401295028,0.22336065585175105,0.14227905310474687,high,0.6471206789322572,0.33771898332390504,0.0012115079361120177,0.0006402366429605374,0.0002818346277724702
42427664,trash,Relationship Trajectory (Main Couple),"Bonding, Everyday Intimacy & Growth",0.15639546536877355,0.4353888209544817,0.23245139714312474,high,0.6471206789322572,0.33771898332390504,0.0012115079361120177,0.0006402366429605374,0.0002818346277724702
42427664,trash,Relationship Trajectory (Main Couple),"Conflict, Distance & Breakup Threats",0.12474932608693545,0.3472892380337621,0.23245139714312474,high,0.6471206789322572,0.33771898332390504,0.0012115079361120177,0.0006402366429605374,0.0002818346277724702
42427664,trash,Relationship Trajectory (Main Couple),"Meeting, First Impressions & Setup",7.566318704751919e-06,2.1063849722624557e-05,0.23245139714312474,high,0.6471206789322572,0.33771898332390504,0.0012115079361120177,0.0006402366429605374,0.0002818346277724702
42427664,trash,Relationship Trajectory (Main Couple),"Reconciliation, Commitments & HEA",0.010616320262968725,0.029554739015419156,0.23245139714312474,high,0.6471206789322572,0.33771898332390504,0.0012115079361120177,0.0006402366429605374,0.0002818346277724702
42427664,trash,Relationship Trajectory (Main Couple),"Secrets, Misunderstandings & Hidden Information",0.06744005181910623,0.18774613814661442,0.23245139714312474,medium,0.6471206789322572,0.33771898332390504,0.0012115079361120177,0.0006402366429605374,0.0002818346277724702
42427664,trash,"Sexuality, Attraction & Intimacy",Attraction & Sexual Tension,0.0345681710616814,0.20789851326038145,0.10759951081932345,high,0.6471206789322572,0.33771898332390504,0.0012115079361120177,0.0006402366429605374,0.0002818346277724702
42427664,trash,"Sexuality, Attraction & Intimacy",Explicit Sexual Acts,0.06637006132576508,0.3991601710719998,0.10759951081932345,high,0.6471206789322572,0.33771898332390504,0.0012115079361120177,0.0006402366429605374,0.0002818346277724702
42427664,trash,"Sexuality, Attraction & Intimacy",Kissing & Non-Explicit Affection,0.06533602575689469,0.39294131566761875,0.10759951081932345,high,0.6471206789322572,0.33771898332390504,0.0012115079361120177,0.0006402366429605374,0.0002818346277724702
42427664,trash,Social World Outside Couple,"Community, Norms & Social Events",0.0037613834116083313,0.04707682862889113,0.051704183521630025,high,0.6471206789322572,0.33771898332390504,0.0012115079361120177,0.0006402366429605374,0.0002818346277724702
42427664,trash,Social World Outside Couple,Family & Kinship,0.03872822432962332,0.4847158027655961,0.051704183521630025,high,0.6471206789322572,0.33771898332390504,0.0012115079361120177,0.0006402366429605374,0.0002818346277724702
42427664,trash,Social World Outside Couple,Friends & Social Circles,0.03740921979576102,0.46820736860551276,0.051704183521630025,high,0.6471206789322572,0.33771898332390504,0.0012115079361120177,0.0006402366429605374,0.0002818346277724702
42427664,trash,"Spaces, Time, Activities & Objects",Domestic Spaces & Routines,0.04193667362632509,0.6559770918680664,0.0413704823623416,high,0.6471206789322572,0.33771898332390504,0.0012115079361120177,0.0006402366429605374,0.0002818346277724702
42427664,trash,"Spaces, Time, Activities & Objects",Public & Leisure Spaces,0.018470308255042006,0.28891416622618116,0.0413704823623416,high,0.6471206789322572,0.33771898332390504,0.0012115079361120177,0.0006402366429605374,0.0002818346277724702
42427664,trash,"Spaces, Time, Activities & Objects","Time, Seasons & Temporal Framing",0.0035231067546543844,0.055108741905752434,0.0413704823623416,high,0.6471206789322572,0.33771898332390504,0.0012115079361120177,0.0006402366429605374,0.0002818346277724702
42427664,trash,"Work, Wealth, Status & Institutions",Hero's Elite Work & Business World,0.050908144892622804,0.7767096029264678,0.04241445343532674,high,0.6471206789322572,0.33771898332390504,0.0012115079361120177,0.0006402366429605374,0.0002818346277724702
42427664,trash,"Work, Wealth, Status & Institutions",Heroine's Work & Professional Identity,0.004114111479893609,0.06276932503990044,0.04241445343532674,high,0.6471206789322572,0.33771898332390504,0.0012115079361120177,0.0006402366429605374,0.0002818346277724702
42427664,trash,"Work, Wealth, Status & Institutions","Law, Medicine, Education & Formal Institutions",0.0059011207505002255,0.09003386716624136,0.04241445343532674,high,0.6471206789322572,0.33771898332390504,0.0012115079361120177,0.0006402366429605374,0.0002818346277724702
42427664,trash,"Work, Wealth, Status & Institutions","Money, Housing & Economic Security",0.0011921943537849477,0.01818940377993759,0.04241445343532674,high,0.6471206789322572,0.33771898332390504,0.0012115079361120177,0.0006402366429605374,0.0002818346277724702
42427664,trash,"Work, Wealth, Status & Institutions",Shared Workplaces & Professional Interaction,0.0034277727805789152,0.05229780108745261,0.04241445343532674,high,0.6471206789322572,0.33771898332390504,0.0012115079361120177,0.0006402366429605374,0.0002818346277724702
43728457,trash,"Conflict, Risk & Harm",Interpersonal Non-Romantic Conflict,0.0023518432710214338,0.13924397541345032,0.011215841696186897,high,0.664048665414136,0.3055675816215846,0.0014685436656285485,0.0010649339723275027,4.912893813170761e-05
43728457,trash,"Conflict, Risk & Harm","Violence, Threats & Coercion",0.014538246688262053,0.8607560245865498,0.011215841696186897,high,0.664048665414136,0.3055675816215846,0.0014685436656285485,0.0010649339723275027,4.912893813170761e-05
43728457,trash,Embodied & Sensory Experience,Body Parts & Physical Reactions,0.004101866015903992,0.29927402571976797,0.009101486996800627,high,0.664048665414136,0.3055675816215846,0.0014685436656285485,0.0010649339723275027,4.912893813170761e-05
43728457,trash,Embodied & Sensory Experience,Exercise & Physical Activity,0.009604188179874651,0.700725974280232,0.009101486996800627,high,0.664048665414136,0.3055675816215846,0.0014685436656285485,0.0010649339723275027,4.912893813170761e-05
43728457,trash,"Emotions, Cognition & Inner Life",Ambivalence & Internal Conflict,0.004649612817045778,0.024081039812985844,0.12821577514218138,high,0.664048665414136,0.3055675816215846,0.0014685436656285485,0.0010649339723275027,4.912893813170761e-05
43728457,trash,"Emotions, Cognition & Inner Life","Beliefs, Values & Moral Reflection",0.020337151371223362,0.10532914698998853,0.12821577514218138,high,0.664048665414136,0.3055675816215846,0.0014685436656285485,0.0010649339723275027,4.912893813170761e-05
43728457,trash,"Emotions, Cognition & Inner Life",Negative Emotions & Distress,0.12816545517113298,0.6637880507621455,0.12821577514218138,high,0.664048665414136,0.3055675816215846,0.0014685436656285485,0.0010649339723275027,4.912893813170761e-05
43728457,trash,"Emotions, Cognition & Inner Life",Positive Emotions & Security,0.03992967632096823,0.20680176243487994,0.12821577514218138,high,0.664048665414136,0.3055675816215846,0.0014685436656285485,0.0010649339723275027,4.912893813170761e-05
43728457,trash,Relationship Trajectory (Main Couple),"Bonding, Everyday Intimacy & Growth",0.1681311799504663,0.5221980113869394,0.21380258680817235,high,0.664048665414136,0.3055675816215846,0.0014685436656285485,0.0010649339723275027,4.912893813170761e-05
43728457,trash,Relationship Trajectory (Main Couple),"Conflict, Distance & Breakup Threats",0.0999296360521731,0.31037108786388834,0.21380258680817235,high,0.664048665414136,0.3055675816215846,0.0014685436656285485,0.0010649339723275027,4.912893813170761e-05
43728457,trash,Relationship Trajectory (Main Couple),"Meeting, First Impressions & Setup",8.084876302433431e-06,2.511078747370928e-05,0.21380258680817235,high,0.664048665414136,0.3055675816215846,0.0014685436656285485,0.0010649339723275027,4.912893813170761e-05
43728457,trash,Relationship Trajectory (Main Couple),"Reconciliation, Commitments & HEA",0.006524902133366371,0.02026566945846779,0.21380258680817235,high,0.664048665414136,0.3055675816215846,0.0014685436656285485,0.0010649339723275027,4.912893813170761e-05
43728457,trash,Relationship Trajectory (Main Couple),"Secrets, Misunderstandings & Hidden Information",0.04737444712314491,0.14714012050323075,0.21380258680817235,medium,0.664048665414136,0.3055675816215846,0.0014685436656285485,0.0010649339723275027,4.912893813170761e-05
43728457,trash,"Sexuality, Attraction & Intimacy",Attraction & Sexual Tension,0.03303331362965372,0.16269126913512136,0.13483039345989534,high,0.664048665414136,0.3055675816215846,0.0014685436656285485,0.0010649339723275027,4.912893813170761e-05
43728457,trash,"Sexuality, Attraction & Intimacy",Explicit Sexual Acts,0.12750060025615279,0.6279489458345546,0.13483039345989534,high,0.664048665414136,0.3055675816215846,0.0014685436656285485,0.0010649339723275027,4.912893813170761e-05
43728457,trash,"Sexuality, Attraction & Intimacy",Kissing & Non-Explicit Affection,0.04250902631166826,0.20935978503032407,0.13483039345989534,high,0.664048665414136,0.3055675816215846,0.0014685436656285485,0.0010649339723275027,4.912893813170761e-05
43728457,trash,Social World Outside Couple,"Community, Norms & Social Events",0.0036222922175323984,0.031712240089969375,0.07585015457653604,high,0.664048665414136,0.3055675816215846,0.0014685436656285485,0.0010649339723275027,4.912893813170761e-05
43728457,trash,Social World Outside Couple,Family & Kinship,0.0921073552445603,0.8063762910760996,0.07585015457653604,high,0.664048665414136,0.3055675816215846,0.0014685436656285485,0.0010649339723275027,4.912893813170761e-05
43728457,trash,Social World Outside Couple,Friends & Social Circles,0.01849414143631862,0.16191146883393082,0.07585015457653604,high,0.664048665414136,0.3055675816215846,0.0014685436656285485,0.0010649339723275027,4.912893813170761e-05
43728457,trash,"Spaces, Time, Activities & Objects",Domestic Spaces & Routines,0.04104864420499589,0.489447163997584,0.05569201214438292,high,0.664048665414136,0.3055675816215846,0.0014685436656285485,0.0010649339723275027,4.912893813170761e-05
43728457,trash,"Spaces, Time, Activities & Objects",Public & Leisure Spaces,0.04114749806052909,0.4906258567456155,0.05569201214438292,high,0.664048665414136,0.3055675816215846,0.0014685436656285485,0.0010649339723275027,4.912893813170761e-05
43728457,trash,"Spaces, Time, Activities & Objects","Time, Seasons & Temporal Framing",0.0016712232530103584,0.01992697925680049,0.05569201214438292,high,0.664048665414136,0.3055675816215846,0.0014685436656285485,0.0010649339723275027,4.912893813170761e-05
43728457,trash,"Work, Wealth, Status & Institutions",Hero's Elite Work & Business World,0.039683033811873845,0.7466847737517458,0.03529128565184868,high,0.664048665414136,0.3055675816215846,0.0014685436656285485,0.0010649339723275027,4.912893813170761e-05
43728457,trash,"Work, Wealth, Status & Institutions",Heroine's Work & Professional Identity,0.007420038053964804,0.13961708325577318,0.03529128565184868,high,0.664048665414136,0.3055675816215846,0.0014685436656285485,0.0010649339723275027,4.912893813170761e-05
43728457,trash,"Work, Wealth, Status & Institutions","Law, Medicine, Education & Formal Institutions",0.001789847044193596,0.03367815932571257,0.03529128565184868,high,0.664048665414136,0.3055675816215846,0.0014685436656285485,0.0010649339723275027,4.912893813170761e-05
43728457,trash,"Work, Wealth, Status & Institutions","Money, Housing & Economic Security",0.0015875778472468993,0.02987221721264004,0.03529128565184868,high,0.664048665414136,0.3055675816215846,0.0014685436656285485,0.0010649339723275027,4.912893813170761e-05
43728457,trash,"Work, Wealth, Status & Institutions",Shared Workplaces & Professional Interaction,0.0026651347151358446,0.050147766454128426,0.03529128565184868,high,0.664048665414136,0.3055675816215846,0.0014685436656285485,0.0010649339723275027,4.912893813170761e-05
44099084,middle,"Conflict, Risk & Harm",Interpersonal Non-Romantic Conflict,0.0020143870992454906,0.11244451076429915,0.011706944287135902,high,0.6534898994363932,0.3310000836700254,0.0012541977841466294,0.0008104208181743187,3.8446849097162804e-05
44099084,middle,"Conflict, Risk & Harm","Violence, Threats & Coercion",0.015900112110662168,0.8875554892357007,0.011706944287135902,high,0.6534898994363932,0.3310000836700254,0.0012541977841466294,0.0008104208181743187,3.8446849097162804e-05
44099084,middle,Embodied & Sensory Experience,Body Parts & Physical Reactions,0.007484216730050229,0.41173970863732073,0.011878524066739431,high,0.6534898994363932,0.3310000836700254,0.0012541977841466294,0.0008104208181743187,3.8446849097162804e-05
44099084,middle,Embodied & Sensory Experience,Exercise & Physical Activity,0.010692841671287182,0.5882602913626792,0.011878524066739431,high,0.6534898994363932,0.3310000836700254,0.0012541977841466294,0.0008104208181743187,3.8446849097162804e-05
44099084,middle,"Emotions, Cognition & Inner Life",Ambivalence & Internal Conflict,0.010718760876685376,0.05402159168387451,0.12966300601392225,high,0.6534898994363932,0.3310000836700254,0.0012541977841466294,0.0008104208181743187,3.8446849097162804e-05
44099084,middle,"Emotions, Cognition & Inner Life","Beliefs, Values & Moral Reflection",0.026412340522053067,0.13311582294939978,0.12966300601392225,high,0.6534898994363932,0.3310000836700254,0.0012541977841466294,0.0008104208181743187,3.8446849097162804e-05
44099084,middle,"Emotions, Cognition & Inner Life",Negative Emotions & Distress,0.11383431167116037,0.5737147022367369,0.12966300601392225,high,0.6534898994363932,0.3310000836700254,0.0012541977841466294,0.0008104208181743187,3.8446849097162804e-05
44099084,middle,"Emotions, Cognition & Inner Life",Positive Emotions & Security,0.047450822782791446,0.23914788312998872,0.12966300601392225,high,0.6534898994363932,0.3310000836700254,0.0012541977841466294,0.0008104208181743187,3.8446849097162804e-05
44099084,middle,Relationship Trajectory (Main Couple),"Bonding, Everyday Intimacy & Growth",0.16037471905837947,0.45231575806542523,0.23170375376230193,high,0.6534898994363932,0.3310000836700254,0.0012541977841466294,0.0008104208181743187,3.8446849097162804e-05
44099084,middle,Relationship Trajectory (Main Couple),"Conflict, Distance & Breakup Threats",0.11838473825049847,0.3338885513848285,0.23170375376230193,high,0.6534898994363932,0.3310000836700254,0.0012541977841466294,0.0008104208181743187,3.8446849097162804e-05
44099084,middle,Relationship Trajectory (Main Couple),"Meeting, First Impressions & Setup",7.117823751670801e-06,2.0074883777917058e-05,0.23170375376230193,high,0.6534898994363932,0.3310000836700254,0.0012541977841466294,0.0008104208181743187,3.8446849097162804e-05
44099084,middle,Relationship Trajectory (Main Couple),"Reconciliation, Commitments & HEA",0.018408169782765358,0.05191781671559863,0.23170375376230193,high,0.6534898994363932,0.3310000836700254,0.0012541977841466294,0.0008104208181743187,3.8446849097162804e-05
44099084,middle,Relationship Trajectory (Main Couple),"Secrets, Misunderstandings & Hidden Information",0.057388889445497804,0.16185779895036978,0.23170375376230193,medium,0.6534898994363932,0.3310000836700254,0.0012541977841466294,0.0008104208181743187,3.8446849097162804e-05
44099084,middle,"Sexuality, Attraction & Intimacy",Attraction & Sexual Tension,0.03324012081290921,0.19112946676977455,0.11365114743634475,high,0.6534898994363932,0.3310000836700254,0.0012541977841466294,0.0008104208181743187,3.8446849097162804e-05
44099084,middle,"Sexuality, Attraction & Intimacy",Explicit Sexual Acts,0.07590170667229794,0.4364320095238087,0.11365114743634475,high,0.6534898994363932,0.3310000836700254,0.0012541977841466294,0.0008104208181743187,3.8446849097162804e-05
44099084,middle,"Sexuality, Attraction & Intimacy",Kissing & Non-Explicit Affection,0.06477233329120874,0.3724385237064167,0.11365114743634475,high,0.6534898994363932,0.3310000836700254,0.0012541977841466294,0.0008104208181743187,3.8446849097162804e-05
44099084,middle,Social World Outside Couple,"Community, Norms & Social Events",0.003249521602067268,0.038123793396764964,0.05570089846126176,high,0.6534898994363932,0.3310000836700254,0.0012541977841466294,0.0008104208181743187,3.8446849097162804e-05
44099084,middle,Social World Outside Couple,Family & Kinship,0.05796268317128761,0.6800254402181907,0.05570089846126176,high,0.6534898994363932,0.3310000836700254,0.0012541977841466294,0.0008104208181743187,3.8446849097162804e-05
44099084,middle,Social World Outside Couple,Friends & Social Circles,0.024023846325983256,0.28185076638504436,0.05570089846126176,high,0.6534898994363932,0.3310000836700254,0.0012541977841466294,0.0008104208181743187,3.8446849097162804e-05
44099084,middle,"Spaces, Time, Activities & Objects",Domestic Spaces & Routines,0.050902335669268495,0.5524005559590207,0.060217466942693434,high,0.6534898994363932,0.3310000836700254,0.0012541977841466294,0.0008104208181743187,3.8446849097162804e-05
44099084,middle,"Spaces, Time, Activities & Objects",Public & Leisure Spaces,0.038575750813305644,0.41863042069937517,0.060217466942693434,high,0.6534898994363932,0.3310000836700254,0.0012541977841466294,0.0008104208181743187,3.8446849097162804e-05
44099084,middle,"Spaces, Time, Activities & Objects","Time, Seasons & Temporal Framing",0.002669423363604654,0.028969023341604175,0.060217466942693434,high,0.6534898994363932,0.3310000836700254,0.0012541977841466294,0.0008104208181743187,3.8446849097162804e-05
44099084,middle,"Work, Wealth, Status & Institutions",Hero's Elite Work & Business World,0.043853961306652534,0.7361503482531169,0.0389297116168966,high,0.6534898994363932,0.3310000836700254,0.0012541977841466294,0.0008104208181743187,3.8446849097162804e-05
44099084,middle,"Work, Wealth, Status & Institutions",Heroine's Work & Professional Identity,0.007499359548325822,0.12588728540557,0.0389297116168966,high,0.6534898994363932,0.3310000836700254,0.0012541977841466294,0.0008104208181743187,3.8446849097162804e-05
44099084,middle,"Work, Wealth, Status & Institutions","Law, Medicine, Education & Formal Institutions",0.002883011360751832,0.048395395854768576,0.0389297116168966,high,0.6534898994363932,0.3310000836700254,0.0012541977841466294,0.0008104208181743187,3.8446849097162804e-05
44099084,middle,"Work, Wealth, Status & Institutions","Money, Housing & Economic Security",0.0013145221877117349,0.022066101611752167,0.0389297116168966,high,0.6534898994363932,0.3310000836700254,0.0012541977841466294,0.0008104208181743187,3.8446849097162804e-05
44099084,middle,"Work, Wealth, Status & Institutions",Shared Workplaces & Professional Interaction,0.0040211629306772375,0.06750086887479241,0.0389297116168966,high,0.6534898994363932,0.3310000836700254,0.0012541977841466294,0.0008104208181743187,3.8446849097162804e-05
44168447,trash,"Conflict, Risk & Harm",Interpersonal Non-Romantic Conflict,0.001913720557814102,0.11909242265737743,0.010977795167295272,high,0.6831573275269385,0.29923722680976417,0.0013186398776124557,0.0005548183873363367,4.057287706229689e-05
44168447,trash,"Conflict, Risk & Harm","Violence, Threats & Coercion",0.01415548447733557,0.8809075773426227,0.010977795167295272,high,0.6831573275269385,0.29923722680976417,0.0013186398776124557,0.0005548183873363367,4.057287706229689e-05
44168447,trash,Embodied & Sensory Experience,Body Parts & Physical Reactions,0.004347379494879267,0.3047188200882485,0.009746507145856684,high,0.6831573275269385,0.29923722680976417,0.0013186398776124557,0.0005548183873363367,4.057287706229689e-05
44168447,trash,Embodied & Sensory Experience,Exercise & Physical Activity,0.009919476400730456,0.6952811799117514,0.009746507145856684,high,0.6831573275269385,0.29923722680976417,0.0013186398776124557,0.0005548183873363367,4.057287706229689e-05
44168447,trash,"Emotions, Cognition & Inner Life",Ambivalence & Internal Conflict,0.0032872809678336666,0.015068702452471796,0.14903274438517014,high,0.6831573275269385,0.29923722680976417,0.0013186398776124557,0.0005548183873363367,4.057287706229689e-05
44168447,trash,"Emotions, Cognition & Inner Life","Beliefs, Values & Moral Reflection",0.0204150671849195,0.09358146625340077,0.14903274438517014,high,0.6831573275269385,0.29923722680976417,0.0013186398776124557,0.0005548183873363367,4.057287706229689e-05
44168447,trash,"Emotions, Cognition & Inner Life",Negative Emotions & Distress,0.152921444599673,0.7009829004039119,0.14903274438517014,high,0.6831573275269385,0.29923722680976417,0.0013186398776124557,0.0005548183873363367,4.057287706229689e-05
44168447,trash,"Emotions, Cognition & Inner Life",Positive Emotions & Security,0.0415290958723298,0.1903669308902155,0.14903274438517014,high,0.6831573275269385,0.29923722680976417,0.0013186398776124557,0.0005548183873363367,4.057287706229689e-05
44168447,trash,Relationship Trajectory (Main Couple),"Bonding, Everyday Intimacy & Growth",0.14964824525866113,0.42919706175457306,0.23819663369098892,high,0.6831573275269385,0.29923722680976417,0.0013186398776124557,0.0005548183873363367,4.057287706229689e-05
44168447,trash,Relationship Trajectory (Main Couple),"Conflict, Distance & Breakup Threats",0.1194521466653068,0.3425934616233581,0.23819663369098892,high,0.6831573275269385,0.29923722680976417,0.0013186398776124557,0.0005548183873363367,4.057287706229689e-05
44168447,trash,Relationship Trajectory (Main Couple),"Meeting, First Impressions & Setup",5.947384016131171e-06,1.7057331614129802e-05,0.23819663369098892,high,0.6831573275269385,0.29923722680976417,0.0013186398776124557,0.0005548183873363367,4.057287706229689e-05
44168447,trash,Relationship Trajectory (Main Couple),"Reconciliation, Commitments & HEA",0.006613847309358912,0.01896877458979722,0.23819663369098892,high,0.6831573275269385,0.29923722680976417,0.0013186398776124557,0.0005548183873363367,4.057287706229689e-05
44168447,trash,Relationship Trajectory (Main Couple),"Secrets, Misunderstandings & Hidden Information",0.07295005974197202,0.20922364470065744,0.23819663369098892,medium,0.6831573275269385,0.29923722680976417,0.0013186398776124557,0.0005548183873363367,4.057287706229689e-05
44168447,trash,"Sexuality, Attraction & Intimacy",Attraction & Sexual Tension,0.04656266134878427,0.21189737835945346,0.1501180596751739,high,0.6831573275269385,0.29923722680976417,0.0013186398776124557,0.0005548183873363367,4.057287706229689e-05
44168447,trash,"Sexuality, Attraction & Intimacy",Explicit Sexual Acts,0.12505142882740086,0.5690840935861128,0.1501180596751739,high,0.6831573275269385,0.29923722680976417,0.0013186398776124557,0.0005548183873363367,4.057287706229689e-05
44168447,trash,"Sexuality, Attraction & Intimacy",Kissing & Non-Explicit Affection,0.04812747392092891,0.2190185280544337,0.1501180596751739,high,0.6831573275269385,0.29923722680976417,0.0013186398776124557,0.0005548183873363367,4.057287706229689e-05
44168447,trash,Social World Outside Couple,"Community, Norms & Social Events",0.0017894722368748156,0.035481523037036604,0.03445430089770897,high,0.6831573275269385,0.29923722680976417,0.0013186398776124557,0.0005548183873363367,4.057287706229689e-05
44168447,trash,Social World Outside Couple,Family & Kinship,0.031107516361063146,0.6167975314988183,0.03445430089770897,high,0.6831573275269385,0.29923722680976417,0.0013186398776124557,0.0005548183873363367,4.057287706229689e-05
44168447,trash,Social World Outside Couple,Friends & Social Circles,0.01753692978281798,0.34772094546414506,0.03445430089770897,high,0.6831573275269385,0.29923722680976417,0.0013186398776124557,0.0005548183873363367,4.057287706229689e-05
44168447,trash,"Spaces, Time, Activities & Objects",Domestic Spaces & Routines,0.03820297496763025,0.4852247582464732,0.05378670778626639,high,0.6831573275269385,0.29923722680976417,0.0013186398776124557,0.0005548183873363367,4.057287706229689e-05
44168447,trash,"Spaces, Time, Activities & Objects",Public & Leisure Spaces,0.03906458520624748,0.4961682677529966,0.05378670778626639,high,0.6831573275269385,0.29923722680976417,0.0013186398776124557,0.0005548183873363367,4.057287706229689e-05
44168447,trash,"Spaces, Time, Activities & Objects","Time, Seasons & Temporal Framing",0.0014649742204715039,0.018606974000530175,0.05378670778626639,high,0.6831573275269385,0.29923722680976417,0.0013186398776124557,0.0005548183873363367,4.057287706229689e-05
44168447,trash,"Work, Wealth, Status & Institutions",Hero's Elite Work & Business World,0.04138821390798897,0.7682495671865778,0.03680400590141589,high,0.6831573275269385,0.29923722680976417,0.0013186398776124557,0.0005548183873363367,4.057287706229689e-05
44168447,trash,"Work, Wealth, Status & Institutions",Heroine's Work & Professional Identity,0.005249004053152242,0.097432208622475,0.03680400590141589,high,0.6831573275269385,0.29923722680976417,0.0013186398776124557,0.0005548183873363367,4.057287706229689e-05
44168447,trash,"Work, Wealth, Status & Institutions","Law, Medicine, Education & Formal Institutions",0.0027808390298806364,0.05161803758603284,0.03680400590141589,high,0.6831573275269385,0.29923722680976417,0.0013186398776124557,0.0005548183873363367,4.057287706229689e-05
44168447,trash,"Work, Wealth, Status & Institutions","Money, Housing & Economic Security",0.0011740515893977216,0.02179278930505893,0.03680400590141589,high,0.6831573275269385,0.29923722680976417,0.0013186398776124557,0.0005548183873363367,4.057287706229689e-05
44168447,trash,"Work, Wealth, Status & Institutions",Shared Workplaces & Professional Interaction,0.0032812883933757823,0.06090739729985543,0.03680400590141589,high,0.6831573275269385,0.29923722680976417,0.0013186398776124557,0.0005548183873363367,4.057287706229689e-05
45156972,middle,"Conflict, Risk & Harm",Interpersonal Non-Romantic Conflict,0.004261347327467909,0.19046492350533714,0.014320214094596068,high,0.6400554267253238,0.3334011020321538,0.0014155679941712093,0.0006234281304806172,0.00012208547318836706
45156972,middle,"Conflict, Risk & Harm","Violence, Threats & Coercion",0.01811204956389461,0.8095350764946629,0.014320214094596068,high,0.6400554267253238,0.3334011020321538,0.0014155679941712093,0.0006234281304806172,0.00012208547318836706
45156972,middle,Embodied & Sensory Experience,Body Parts & Physical Reactions,0.009748881107961547,0.5226225002725312,0.011939448176067626,high,0.6400554267253238,0.3334011020321538,0.0014155679941712093,0.0006234281304806172,0.00012208547318836706
45156972,middle,Embodied & Sensory Experience,Exercise & Physical Activity,0.008904891171031055,0.47737749972746873,0.011939448176067626,high,0.6400554267253238,0.3334011020321538,0.0014155679941712093,0.0006234281304806172,0.00012208547318836706
45156972,middle,"Emotions, Cognition & Inner Life",Ambivalence & Internal Conflict,0.012299407954604775,0.06491336012171064,0.1212739995602302,high,0.6400554267253238,0.3334011020321538,0.0014155679941712093,0.0006234281304806172,0.00012208547318836706
45156972,middle,"Emotions, Cognition & Inner Life","Beliefs, Values & Moral Reflection",0.023626837098480583,0.12469684644751229,0.1212739995602302,high,0.6400554267253238,0.3334011020321538,0.0014155679941712093,0.0006234281304806172,0.00012208547318836706
45156972,middle,"Emotions, Cognition & Inner Life",Negative Emotions & Distress,0.10443766533251567,0.5511972450236635,0.1212739995602302,high,0.6400554267253238,0.3334011020321538,0.0014155679941712093,0.0006234281304806172,0.00012208547318836706
45156972,middle,"Emotions, Cognition & Inner Life",Positive Emotions & Security,0.04911030465339477,0.25919254840711364,0.1212739995602302,high,0.6400554267253238,0.3334011020321538,0.0014155679941712093,0.0006234281304806172,0.00012208547318836706
45156972,middle,Relationship Trajectory (Main Couple),"Bonding, Everyday Intimacy & Growth",0.19055436851068056,0.501316991853571,0.24328989368687295,high,0.6400554267253238,0.3334011020321538,0.0014155679941712093,0.0006234281304806172,0.00012208547318836706
45156972,middle,Relationship Trajectory (Main Couple),"Conflict, Distance & Breakup Threats",0.1201494199328391,0.31609322968791626,0.24328989368687295,high,0.6400554267253238,0.3334011020321538,0.0014155679941712093,0.0006234281304806172,0.00012208547318836706
45156972,middle,Relationship Trajectory (Main Couple),"Meeting, First Impressions & Setup",1.61058875181926e-05,4.237192327238478e-05,0.24328989368687295,high,0.6400554267253238,0.3334011020321538,0.0014155679941712093,0.0006234281304806172,0.00012208547318836706
45156972,middle,Relationship Trajectory (Main Couple),"Reconciliation, Commitments & HEA",0.0071483168317603134,0.018806037977100853,0.24328989368687295,high,0.6400554267253238,0.3334011020321538,0.0014155679941712093,0.0006234281304806172,0.00012208547318836706
45156972,middle,Relationship Trajectory (Main Couple),"Secrets, Misunderstandings & Hidden Information",0.062239328791361875,0.16374136855813956,0.24328989368687295,medium,0.6400554267253238,0.3334011020321538,0.0014155679941712093,0.0006234281304806172,0.00012208547318836706
45156972,middle,"Sexuality, Attraction & Intimacy",Attraction & Sexual Tension,0.038740768410517434,0.21805389992418922,0.1137160998509157,high,0.6400554267253238,0.3334011020321538,0.0014155679941712093,0.0006234281304806172,0.00012208547318836706
45156972,middle,"Sexuality, Attraction & Intimacy",Explicit Sexual Acts,0.06194976457394922,0.3486866244260585,0.1137160998509157,high,0.6400554267253238,0.3334011020321538,0.0014155679941712093,0.0006234281304806172,0.00012208547318836706
45156972,middle,"Sexuality, Attraction & Intimacy",Kissing & Non-Explicit Affection,0.07697548639875205,0.43325947564975226,0.1137160998509157,high,0.6400554267253238,0.3334011020321538,0.0014155679941712093,0.0006234281304806172,0.00012208547318836706
45156972,middle,Social World Outside Couple,"Community, Norms & Social Events",0.004297931029951698,0.06272733583901657,0.04385510786671523,high,0.6400554267253238,0.3334011020321538,0.0014155679941712093,0.0006234281304806172,0.00012208547318836706
45156972,middle,Social World Outside Couple,Family & Kinship,0.03374196705545288,0.49245641323849093,0.04385510786671523,high,0.6400554267253238,0.3334011020321538,0.0014155679941712093,0.0006234281304806172,0.00012208547318836706
45156972,middle,Social World Outside Couple,Friends & Social Circles,0.03047777403416235,0.4448162509224925,0.04385510786671523,high,0.6400554267253238,0.3334011020321538,0.0014155679941712093,0.0006234281304806172,0.00012208547318836706
45156972,middle,"Spaces, Time, Activities & Objects",Domestic Spaces & Routines,0.05316791986591485,0.7142038663576842,0.04764804174391433,high,0.6400554267253238,0.3334011020321538,0.0014155679941712093,0.0006234281304806172,0.00012208547318836706
45156972,middle,"Spaces, Time, Activities & Objects",Public & Leisure Spaces,0.017807235853357126,0.23920433087629883,0.04764804174391433,high,0.6400554267253238,0.3334011020321538,0.0014155679941712093,0.0006234281304806172,0.00012208547318836706
45156972,middle,"Spaces, Time, Activities & Objects","Time, Seasons & Temporal Framing",0.0034684623712628944,0.04659180276601698,0.04764804174391433,high,0.6400554267253238,0.3334011020321538,0.0014155679941712093,0.0006234281304806172,0.00012208547318836706
45156972,middle,"Work, Wealth, Status & Institutions",Hero's Elite Work & Business World,0.045550469397065696,0.6642622215014979,0.043890536272823306,high,0.6400554267253238,0.3334011020321538,0.0014155679941712093,0.0006234281304806172,0.00012208547318836706
45156972,middle,"Work, Wealth, Status & Institutions",Heroine's Work & Professional Identity,0.007569183549939292,0.11038135822501889,0.043890536272823306,high,0.6400554267253238,0.3334011020321538,0.0014155679941712093,0.0006234281304806172,0.00012208547318836706
45156972,middle,"Work, Wealth, Status & Institutions","Law, Medicine, Education & Formal Institutions",0.0037918461100996744,0.05529646903811884,0.043890536272823306,high,0.6400554267253238,0.3334011020321538,0.0014155679941712093,0.0006234281304806172,0.00012208547318836706
45156972,middle,"Work, Wealth, Status & Institutions","Money, Housing & Economic Security",0.003917740205630948,0.05713238187674511,0.043890536272823306,high,0.6400554267253238,0.3334011020321538,0.0014155679941712093,0.0006234281304806172,0.00012208547318836706
45156972,middle,"Work, Wealth, Status & Institutions",Shared Workplaces & Professional Interaction,0.00774378494764842,0.11292756935861925,0.043890536272823306,high,0.6400554267253238,0.3334011020321538,0.0014155679941712093,0.0006234281304806172,0.00012208547318836706
45857023,top,"Conflict, Risk & Harm",Interpersonal Non-Romantic Conflict,0.003536489874298204,0.17686619060362305,0.013603929597574501,high,0.6803568766446284,0.3064009861649418,0.0015509532242388559,0.001074082837093927,0.0001826765471962109
45857023,top,"Conflict, Risk & Harm","Violence, Threats & Coercion",0.016458795048323746,0.8231338093963769,0.013603929597574501,high,0.6803568766446284,0.3064009861649418,0.0015509532242388559,0.001074082837093927,0.0001826765471962109
45857023,top,Embodied & Sensory Experience,Body Parts & Physical Reactions,0.0032664633770168906,0.2101960580546392,0.010572799706279876,high,0.6803568766446284,0.3064009861649418,0.0015509532242388559,0.001074082837093927,0.0001826765471962109
45857023,top,Embodied & Sensory Experience,Exercise & Physical Activity,0.012273615762658473,0.7898039419453607,0.010572799706279876,high,0.6803568766446284,0.3064009861649418,0.0015509532242388559,0.001074082837093927,0.0001826765471962109
45857023,top,"Emotions, Cognition & Inner Life",Ambivalence & Internal Conflict,0.006586830130523575,0.03351147625195702,0.13372717874015,high,0.6803568766446284,0.3064009861649418,0.0015509532242388559,0.001074082837093927,0.0001826765471962109
45857023,top,"Emotions, Cognition & Inner Life","Beliefs, Values & Moral Reflection",0.022992321592500115,0.11697684982855026,0.13372717874015,high,0.6803568766446284,0.3064009861649418,0.0015509532242388559,0.001074082837093927,0.0001826765471962109
45857023,top,"Emotions, Cognition & Inner Life",Negative Emotions & Distress,0.12828307971870637,0.6526592145742223,0.13372717874015,high,0.6803568766446284,0.3064009861649418,0.0015509532242388559,0.001074082837093927,0.0001826765471962109
45857023,top,"Emotions, Cognition & Inner Life",Positive Emotions & Security,0.03869222891687357,0.19685245934527035,0.13372717874015,high,0.6803568766446284,0.3064009861649418,0.0015509532242388559,0.001074082837093927,0.0001826765471962109
45857023,top,Relationship Trajectory (Main Couple),"Bonding, Everyday Intimacy & Growth",0.19814210028614482,0.5458934977175126,0.24694806046627052,high,0.6803568766446284,0.3064009861649418,0.0015509532242388559,0.001074082837093927,0.0001826765471962109
45857023,top,Relationship Trajectory (Main Couple),"Conflict, Distance & Breakup Threats",0.10252671868269468,0.2824673251690029,0.24694806046627052,high,0.6803568766446284,0.3064009861649418,0.0015509532242388559,0.001074082837093927,0.0001826765471962109
45857023,top,Relationship Trajectory (Main Couple),"Meeting, First Impressions & Setup",6.634326668798395e-06,1.8277972147265945e-05,0.24694806046627052,high,0.6803568766446284,0.3064009861649418,0.0015509532242388559,0.001074082837093927,0.0001826765471962109
45857023,top,Relationship Trajectory (Main Couple),"Reconciliation, Commitments & HEA",0.007231092760736659,0.019922098906682197,0.24694806046627052,high,0.6803568766446284,0.3064009861649418,0.0015509532242388559,0.001074082837093927,0.0001826765471962109
45857023,top,Relationship Trajectory (Main Couple),"Secrets, Misunderstandings & Hidden Information",0.05506187381798996,0.15169880023465507,0.24694806046627052,medium,0.6803568766446284,0.3064009861649418,0.0015509532242388559,0.001074082837093927,0.0001826765471962109
45857023,top,"Sexuality, Attraction & Intimacy",Attraction & Sexual Tension,0.03662435329138606,0.17801505555878372,0.13997484952180683,high,0.6803568766446284,0.3064009861649418,0.0015509532242388559,0.001074082837093927,0.0001826765471962109
45857023,top,"Sexuality, Attraction & Intimacy",Explicit Sexual Acts,0.12377061566517711,0.6015951421417584,0.13997484952180683,high,0.6803568766446284,0.3064009861649418,0.0015509532242388559,0.001074082837093927,0.0001826765471962109
45857023,top,"Sexuality, Attraction & Intimacy",Kissing & Non-Explicit Affection,0.045342423178182684,0.2203898022994579,0.13997484952180683,high,0.6803568766446284,0.3064009861649418,0.0015509532242388559,0.001074082837093927,0.0001826765471962109
45857023,top,Social World Outside Couple,"Community, Norms & Social Events",0.0035405517466287778,0.059702648577916434,0.040347267421332635,high,0.6803568766446284,0.3064009861649418,0.0015509532242388559,0.001074082837093927,0.0001826765471962109
45857023,top,Social World Outside Couple,Family & Kinship,0.03026793832526676,0.5103939200244993,0.040347267421332635,high,0.6803568766446284,0.3064009861649418,0.0015509532242388559,0.001074082837093927,0.0001826765471962109
45857023,top,Social World Outside Couple,Friends & Social Circles,0.02549460335800635,0.42990343139758413,0.040347267421332635,high,0.6803568766446284,0.3064009861649418,0.0015509532242388559,0.001074082837093927,0.0001826765471962109
45857023,top,"Spaces, Time, Activities & Objects",Domestic Spaces & Routines,0.046814066878635964,0.529275530357407,0.0601771109710547,high,0.6803568766446284,0.3064009861649418,0.0015509532242388559,0.001074082837093927,0.0001826765471962109
45857023,top,"Spaces, Time, Activities & Objects",Public & Leisure Spaces,0.03904487659871592,0.4414377802958147,0.0601771109710547,high,0.6803568766446284,0.3064009861649418,0.0015509532242388559,0.001074082837093927,0.0001826765471962109
45857023,top,"Spaces, Time, Activities & Objects","Time, Seasons & Temporal Framing",0.00259038809674063,0.029286689346778225,0.0601771109710547,high,0.6803568766446284,0.3064009861649418,0.0015509532242388559,0.001074082837093927,0.0001826765471962109
45857023,top,"Work, Wealth, Status & Institutions",Hero's Elite Work & Business World,0.034933500163767346,0.6825157095836181,0.03482300367296313,high,0.6803568766446284,0.3064009861649418,0.0015509532242388559,0.001074082837093927,0.0001826765471962109
45857023,top,"Work, Wealth, Status & Institutions",Heroine's Work & Professional Identity,0.006728687459734823,0.13146220317512097,0.03482300367296313,high,0.6803568766446284,0.3064009861649418,0.0015509532242388559,0.001074082837093927,0.0001826765471962109
45857023,top,"Work, Wealth, Status & Institutions","Law, Medicine, Education & Formal Institutions",0.004917463320617167,0.09607528452312096,0.03482300367296313,high,0.6803568766446284,0.3064009861649418,0.0015509532242388559,0.001074082837093927,0.0001826765471962109
45857023,top,"Work, Wealth, Status & Institutions","Money, Housing & Economic Security",0.0008407584076061362,0.01642637635695223,0.03482300367296313,high,0.6803568766446284,0.3064009861649418,0.0015509532242388559,0.001074082837093927,0.0001826765471962109
45857023,top,"Work, Wealth, Status & Institutions",Shared Workplaces & Professional Interaction,0.0037630281475801567,0.07352042636118777,0.03482300367296313,high,0.6803568766446284,0.3064009861649418,0.0015509532242388559,0.001074082837093927,0.0001826765471962109
46142566,trash,"Conflict, Risk & Harm",Interpersonal Non-Romantic Conflict,0.0026455561416427143,0.15381364549465454,0.01203911511324635,high,0.6999587553444924,0.28688881088414986,0.0008128800638961952,0.00041166575399785604,3.727582241050264e-05
46142566,trash,"Conflict, Risk & Harm","Violence, Threats & Coercion",0.01455419315975886,0.8461863545053453,0.01203911511324635,high,0.6999587553444924,0.28688881088414986,0.0008128800638961952,0.00041166575399785604,3.727582241050264e-05
46142566,trash,Embodied & Sensory Experience,Body Parts & Physical Reactions,0.0037597916265524425,0.3167749282006968,0.00830778837903783,high,0.6999587553444924,0.28688881088414986,0.0008128800638961952,0.00041166575399785604,3.727582241050264e-05
46142566,trash,Embodied & Sensory Experience,Exercise & Physical Activity,0.008109176817094015,0.6832250717993033,0.00830778837903783,high,0.6999587553444924,0.28688881088414986,0.0008128800638961952,0.00041166575399785604,3.727582241050264e-05
46142566,trash,"Emotions, Cognition & Inner Life",Ambivalence & Internal Conflict,0.0046087863271988255,0.022024795863794293,0.14646947745553615,high,0.6999587553444924,0.28688881088414986,0.0008128800638961952,0.00041166575399785604,3.727582241050264e-05
46142566,trash,"Emotions, Cognition & Inner Life","Beliefs, Values & Moral Reflection",0.0203841467121589,0.09741320996883898,0.14646947745553615,high,0.6999587553444924,0.28688881088414986,0.0008128800638961952,0.00041166575399785604,3.727582241050264e-05
46142566,trash,"Emotions, Cognition & Inner Life",Negative Emotions & Distress,0.1501198942318894,0.7174036266422721,0.14646947745553615,high,0.6999587553444924,0.28688881088414986,0.0008128800638961952,0.00041166575399785604,3.727582241050264e-05
46142566,trash,"Emotions, Cognition & Inner Life",Positive Emotions & Security,0.034141612847084696,0.16315836752509466,0.14646947745553615,high,0.6999587553444924,0.28688881088414986,0.0008128800638961952,0.00041166575399785604,3.727582241050264e-05
46142566,trash,Relationship Trajectory (Main Couple),"Bonding, Everyday Intimacy & Growth",0.16272079335179238,0.4614644722067959,0.24681822944789553,high,0.6999587553444924,0.28688881088414986,0.0008128800638961952,0.00041166575399785604,3.727582241050264e-05
46142566,trash,Relationship Trajectory (Main Couple),"Conflict, Distance & Breakup Threats",0.12589892281679618,0.35704029443522267,0.24681822944789553,high,0.6999587553444924,0.28688881088414986,0.0008128800638961952,0.00041166575399785604,3.727582241050264e-05
46142566,trash,Relationship Trajectory (Main Couple),"Meeting, First Impressions & Setup",6.10944962240741e-06,1.732595993053637e-05,0.24681822944789553,high,0.6999587553444924,0.28688881088414986,0.0008128800638961952,0.00041166575399785604,3.727582241050264e-05
46142566,trash,Relationship Trajectory (Main Couple),"Reconciliation, Commitments & HEA",0.010721898922771832,0.030406534564729713,0.24681822944789553,high,0.6999587553444924,0.28688881088414986,0.0008128800638961952,0.00041166575399785604,3.727582241050264e-05
46142566,trash,Relationship Trajectory (Main Couple),"Secrets, Misunderstandings & Hidden Information",0.053270522696200785,0.15107137283332117,0.24681822944789553,medium,0.6999587553444924,0.28688881088414986,0.0008128800638961952,0.00041166575399785604,3.727582241050264e-05
46142566,trash,"Sexuality, Attraction & Intimacy",Attraction & Sexual Tension,0.033241238301431865,0.14389319072006435,0.1616997696078993,high,0.6999587553444924,0.28688881088414986,0.0008128800638961952,0.00041166575399785604,3.727582241050264e-05
46142566,trash,"Sexuality, Attraction & Intimacy",Explicit Sexual Acts,0.14492516247773893,0.6273455836826428,0.1616997696078993,high,0.6999587553444924,0.28688881088414986,0.0008128800638961952,0.00041166575399785604,3.727582241050264e-05
46142566,trash,"Sexuality, Attraction & Intimacy",Kissing & Non-Explicit Affection,0.05284688160818503,0.2287612255972929,0.1616997696078993,high,0.6999587553444924,0.28688881088414986,0.0008128800638961952,0.00041166575399785604,3.727582241050264e-05
46142566,trash,Social World Outside Couple,"Community, Norms & Social Events",0.0043141823536533095,0.07645390039812622,0.039497654074773056,high,0.6999587553444924,0.28688881088414986,0.0008128800638961952,0.00041166575399785604,3.727582241050264e-05
46142566,trash,Social World Outside Couple,Family & Kinship,0.03208583791135024,0.5686100527919234,0.039497654074773056,high,0.6999587553444924,0.28688881088414986,0.0008128800638961952,0.00041166575399785604,3.727582241050264e-05
46142566,trash,Social World Outside Couple,Friends & Social Circles,0.020028524664524268,0.35493604680995033,0.039497654074773056,high,0.6999587553444924,0.28688881088414986,0.0008128800638961952,0.00041166575399785604,3.727582241050264e-05
46142566,trash,"Spaces, Time, Activities & Objects",Domestic Spaces & Routines,0.037511232697291695,0.49662303257328916,0.05286971007805431,high,0.6999587553444924,0.28688881088414986,0.0008128800638961952,0.00041166575399785604,3.727582241050264e-05
46142566,trash,"Spaces, Time, Activities & Objects",Public & Leisure Spaces,0.03663029067636112,0.48495996350045195,0.05286971007805431,high,0.6999587553444924,0.28688881088414986,0.0008128800638961952,0.00041166575399785604,3.727582241050264e-05
46142566,trash,"Spaces, Time, Activities & Objects","Time, Seasons & Temporal Framing",0.0013910843326882564,0.018417003926258894,0.05286971007805431,high,0.6999587553444924,0.28688881088414986,0.0008128800638961952,0.00041166575399785604,3.727582241050264e-05
46142566,trash,"Work, Wealth, Status & Institutions",Hero's Elite Work & Business World,0.03596158339413331,0.7812486622599321,0.03221973536563929,high,0.6999587553444924,0.28688881088414986,0.0008128800638961952,0.00041166575399785604,3.727582241050264e-05
46142566,trash,"Work, Wealth, Status & Institutions",Heroine's Work & Professional Identity,0.005077502878875662,0.11030638690925099,0.03221973536563929,high,0.6999587553444924,0.28688881088414986,0.0008128800638961952,0.00041166575399785604,3.727582241050264e-05
46142566,trash,"Work, Wealth, Status & Institutions","Law, Medicine, Education & Formal Institutions",0.002069959748561409,0.0449689121519417,0.03221973536563929,high,0.6999587553444924,0.28688881088414986,0.0008128800638961952,0.00041166575399785604,3.727582241050264e-05
46142566,trash,"Work, Wealth, Status & Institutions","Money, Housing & Economic Security",0.0017035817190946365,0.03700951997876388,0.03221973536563929,high,0.6999587553444924,0.28688881088414986,0.0008128800638961952,0.00041166575399785604,3.727582241050264e-05
46142566,trash,"Work, Wealth, Status & Institutions",Shared Workplaces & Professional Interaction,0.0012182778228806417,0.026466518700111373,0.03221973536563929,high,0.6999587553444924,0.28688881088414986,0.0008128800638961952,0.00041166575399785604,3.727582241050264e-05
48572514,top,"Conflict, Risk & Harm",Interpersonal Non-Romantic Conflict,0.0037510545537449945,0.18184662657518244,0.013221290362521867,high,0.640952302065351,0.3409327505767975,0.001260398772545545,0.0006016283325475632,5.014759145644845e-05
48572514,top,"Conflict, Risk & Harm","Violence, Threats & Coercion",0.016876518387203478,0.8181533734248174,0.013221290362521867,high,0.640952302065351,0.3409327505767975,0.001260398772545545,0.0006016283325475632,5.014759145644845e-05
48572514,top,Embodied & Sensory Experience,Body Parts & Physical Reactions,0.0062013103335081966,0.2865239135973586,0.013872294581559039,high,0.640952302065351,0.3409327505767975,0.001260398772545545,0.0006016283325475632,5.014759145644845e-05
48572514,top,Embodied & Sensory Experience,Exercise & Physical Activity,0.015441945392164556,0.7134760864026415,0.013872294581559039,high,0.640952302065351,0.3409327505767975,0.001260398772545545,0.0006016283325475632,5.014759145644845e-05
48572514,top,"Emotions, Cognition & Inner Life",Ambivalence & Internal Conflict,0.008194336729269829,0.04398001855436557,0.11942193666952901,high,0.640952302065351,0.3409327505767975,0.001260398772545545,0.0006016283325475632,5.014759145644845e-05
48572514,top,"Emotions, Cognition & Inner Life","Beliefs, Values & Moral Reflection",0.02519352300056701,0.13521675342642459,0.11942193666952901,high,0.640952302065351,0.3409327505767975,0.001260398772545545,0.0006016283325475632,5.014759145644845e-05
48572514,top,"Emotions, Cognition & Inner Life",Negative Emotions & Distress,0.10011553734658529,0.5373324694304386,0.11942193666952901,high,0.640952302065351,0.3409327505767975,0.001260398772545545,0.0006016283325475632,5.014759145644845e-05
48572514,top,"Emotions, Cognition & Inner Life",Positive Emotions & Security,0.05281614071868955,0.2834707585887713,0.11942193666952901,high,0.640952302065351,0.3409327505767975,0.001260398772545545,0.0006016283325475632,5.014759145644845e-05
48572514,top,Relationship Trajectory (Main Couple),"Bonding, Everyday Intimacy & Growth",0.16191866427073537,0.45347017998086925,0.2288621064698297,high,0.640952302065351,0.3409327505767975,0.001260398772545545,0.0006016283325475632,5.014759145644845e-05
48572514,top,Relationship Trajectory (Main Couple),"Conflict, Distance & Breakup Threats",0.12633407631572852,0.35381181399088685,0.2288621064698297,high,0.640952302065351,0.3409327505767975,0.001260398772545545,0.0006016283325475632,5.014759145644845e-05
48572514,top,Relationship Trajectory (Main Couple),"Meeting, First Impressions & Setup",9.385441895086824e-06,2.6284913135453964e-05,0.2288621064698297,high,0.640952302065351,0.3409327505767975,0.001260398772545545,0.0006016283325475632,5.014759145644845e-05
48572514,top,Relationship Trajectory (Main Couple),"Reconciliation, Commitments & HEA",0.00975279306345028,0.02731371856183412,0.2288621064698297,high,0.640952302065351,0.3409327505767975,0.001260398772545545,0.0006016283325475632,5.014759145644845e-05
48572514,top,Relationship Trajectory (Main Couple),"Secrets, Misunderstandings & Hidden Information",0.05905081845584229,0.1653780025532743,0.2288621064698297,medium,0.640952302065351,0.3409327505767975,0.001260398772545545,0.0006016283325475632,5.014759145644845e-05
48572514,top,"Sexuality, Attraction & Intimacy",Attraction & Sexual Tension,0.028857319611567837,0.1972379750565105,0.09377588383358065,high,0.640952302065351,0.3409327505767975,0.001260398772545545,0.0006016283325475632,5.014759145644845e-05
48572514,top,"Sexuality, Attraction & Intimacy",Explicit Sexual Acts,0.06348066419028305,0.4338863702058677,0.09377588383358065,high,0.640952302065351,0.3409327505767975,0.001260398772545545,0.0006016283325475632,5.014759145644845e-05
48572514,top,"Sexuality, Attraction & Intimacy",Kissing & Non-Explicit Affection,0.05396913379707978,0.36887565473762174,0.09377588383358065,high,0.640952302065351,0.3409327505767975,0.001260398772545545,0.0006016283325475632,5.014759145644845e-05
48572514,top,Social World Outside Couple,"Community, Norms & Social Events",0.005287411808266828,0.039189083251468304,0.08647762308522919,high,0.640952302065351,0.3409327505767975,0.001260398772545545,0.0006016283325475632,5.014759145644845e-05
48572514,top,Social World Outside Couple,Family & Kinship,0.10227365718431362,0.7580288827818749,0.08647762308522919,high,0.640952302065351,0.3409327505767975,0.001260398772545545,0.0006016283325475632,5.014759145644845e-05
48572514,top,Social World Outside Couple,Friends & Social Circles,0.027359459113131843,0.20278203396665695,0.08647762308522919,high,0.640952302065351,0.3409327505767975,0.001260398772545545,0.0006016283325475632,5.014759145644845e-05
48572514,top,"Spaces, Time, Activities & Objects",Domestic Spaces & Routines,0.03909547517767245,0.5378815776662207,0.046587085068412123,high,0.640952302065351,0.3409327505767975,0.001260398772545545,0.0006016283325475632,5.014759145644845e-05
48572514,top,"Spaces, Time, Activities & Objects",Public & Leisure Spaces,0.03141814997151951,0.43225575331249716,0.046587085068412123,high,0.640952302065351,0.3409327505767975,0.001260398772545545,0.0006016283325475632,5.014759145644845e-05
48572514,top,"Spaces, Time, Activities & Objects","Time, Seasons & Temporal Framing",0.0021705432644229055,0.029862669021282068,0.046587085068412123,high,0.640952302065351,0.3409327505767975,0.001260398772545545,0.0006016283325475632,5.014759145644845e-05
48572514,top,"Work, Wealth, Status & Institutions",Hero's Elite Work & Business World,0.045757981447793555,0.7581618570932074,0.03868393440323294,high,0.640952302065351,0.3409327505767975,0.001260398772545545,0.0006016283325475632,5.014759145644845e-05
48572514,top,"Work, Wealth, Status & Institutions",Heroine's Work & Professional Identity,0.004896096120686521,0.08112318790988833,0.03868393440323294,high,0.640952302065351,0.3409327505767975,0.001260398772545545,0.0006016283325475632,5.014759145644845e-05
48572514,top,"Work, Wealth, Status & Institutions","Law, Medicine, Education & Formal Institutions",0.005483963064092484,0.0908635278338616,0.03868393440323294,high,0.640952302065351,0.3409327505767975,0.001260398772545545,0.0006016283325475632,5.014759145644845e-05
48572514,top,"Work, Wealth, Status & Institutions","Money, Housing & Economic Security",0.0011176189036536182,0.0185177754067506,0.03868393440323294,high,0.640952302065351,0.3409327505767975,0.001260398772545545,0.0006016283325475632,5.014759145644845e-05
48572514,top,"Work, Wealth, Status & Institutions",Shared Workplaces & Professional Interaction,0.003098183142208823,0.05133365175629212,0.03868393440323294,high,0.640952302065351,0.3409327505767975,0.001260398772545545,0.0006016283325475632,5.014759145644845e-05
49571946,top,"Conflict, Risk & Harm",Interpersonal Non-Romantic Conflict,0.0032636299778162877,0.18824839754039285,0.011585524855488336,high,0.6682609559093952,0.31759834800356346,0.0005386212283920372,0.0002904197630905971,0.0004671088377026997
49571946,top,"Conflict, Risk & Harm","Violence, Threats & Coercion",0.014073197429259006,0.8117516024596072,0.011585524855488336,high,0.6682609559093952,0.31759834800356346,0.0005386212283920372,0.0002904197630905971,0.0004671088377026997
49571946,top,Embodied & Sensory Experience,Body Parts & Physical Reactions,0.014480492029051219,0.5195371521963704,0.018625708295283965,high,0.6682609559093952,0.31759834800356346,0.0005386212283920372,0.0002904197630905971,0.0004671088377026997
49571946,top,Embodied & Sensory Experience,Exercise & Physical Activity,0.013391416587751608,0.4804628478036296,0.018625708295283965,high,0.6682609559093952,0.31759834800356346,0.0005386212283920372,0.0002904197630905971,0.0004671088377026997
49571946,top,"Emotions, Cognition & Inner Life",Ambivalence & Internal Conflict,0.012490486625319222,0.06575822771276733,0.12693323440024432,high,0.6682609559093952,0.31759834800356346,0.0005386212283920372,0.0002904197630905971,0.0004671088377026997
49571946,top,"Emotions, Cognition & Inner Life","Beliefs, Values & Moral Reflection",0.021984743699492527,0.11574231058920886,0.12693323440024432,high,0.6682609559093952,0.31759834800356346,0.0005386212283920372,0.0002904197630905971,0.0004671088377026997
49571946,top,"Emotions, Cognition & Inner Life",Negative Emotions & Distress,0.10478923227561744,0.551680203064147,0.12693323440024432,high,0.6682609559093952,0.31759834800356346,0.0005386212283920372,0.0002904197630905971,0.0004671088377026997
49571946,top,"Emotions, Cognition & Inner Life",Positive Emotions & Security,0.05068114663766954,0.2668192586338766,0.12693323440024432,high,0.6682609559093952,0.31759834800356346,0.0005386212283920372,0.0002904197630905971,0.0004671088377026997
49571946,top,Relationship Trajectory (Main Couple),"Bonding, Everyday Intimacy & Growth",0.15330749045965042,0.4520436034652952,0.22663612389883495,high,0.6682609559093952,0.31759834800356346,0.0005386212283920372,0.0002904197630905971,0.0004671088377026997
49571946,top,Relationship Trajectory (Main Couple),"Conflict, Distance & Breakup Threats",0.11052295013974714,0.32588879054109837,0.22663612389883495,high,0.6682609559093952,0.31759834800356346,0.0005386212283920372,0.0002904197630905971,0.0004671088377026997
49571946,top,Relationship Trajectory (Main Couple),"Meeting, First Impressions & Setup",6.783454507947805e-06,2.0001744275650307e-05,0.22663612389883495,high,0.6682609559093952,0.31759834800356346,0.0005386212283920372,0.0002904197630905971,0.0004671088377026997
49571946,top,Relationship Trajectory (Main Couple),"Reconciliation, Commitments & HEA",0.01800496139370994,0.05308956270997279,0.22663612389883495,high,0.6682609559093952,0.31759834800356346,0.0005386212283920372,0.0002904197630905971,0.0004671088377026997
49571946,top,Relationship Trajectory (Main Couple),"Secrets, Misunderstandings & Hidden Information",0.05730096199307234,0.168958041539358,0.22663612389883495,medium,0.6682609559093952,0.31759834800356346,0.0005386212283920372,0.0002904197630905971,0.0004671088377026997
49571946,top,"Sexuality, Attraction & Intimacy",Attraction & Sexual Tension,0.04177241375716919,0.18921818002308194,0.14752743708138105,high,0.6682609559093952,0.31759834800356346,0.0005386212283920372,0.0002904197630905971,0.0004671088377026997
49571946,top,"Sexuality, Attraction & Intimacy",Explicit Sexual Acts,0.09620759797917228,0.435795419911233,0.14752743708138105,high,0.6682609559093952,0.31759834800356346,0.0005386212283920372,0.0002904197630905971,0.0004671088377026997
49571946,top,"Sexuality, Attraction & Intimacy",Kissing & Non-Explicit Affection,0.08278320325744795,0.374986400065685,0.14752743708138105,high,0.6682609559093952,0.31759834800356346,0.0005386212283920372,0.0002904197630905971,0.0004671088377026997
49571946,top,Social World Outside Couple,"Community, Norms & Social Events",0.002083599992340752,0.034232026900083305,0.04067502420112468,high,0.6682609559093952,0.31759834800356346,0.0005386212283920372,0.0002904197630905971,0.0004671088377026997
49571946,top,Social World Outside Couple,Family & Kinship,0.036374730811106336,0.597610274614286,0.04067502420112468,high,0.6682609559093952,0.31759834800356346,0.0005386212283920372,0.0002904197630905971,0.0004671088377026997
49571946,top,Social World Outside Couple,Friends & Social Circles,0.02240864614835245,0.3681576984856308,0.04067502420112468,high,0.6682609559093952,0.31759834800356346,0.0005386212283920372,0.0002904197630905971,0.0004671088377026997
49571946,top,"Spaces, Time, Activities & Objects",Domestic Spaces & Routines,0.0497975102370809,0.6905193082893719,0.04819232625859329,high,0.6682609559093952,0.31759834800356346,0.0005386212283920372,0.0002904197630905971,0.0004671088377026997
49571946,top,"Spaces, Time, Activities & Objects",Public & Leisure Spaces,0.020254384928058294,0.2808582960024177,0.04819232625859329,high,0.6682609559093952,0.31759834800356346,0.0005386212283920372,0.0002904197630905971,0.0004671088377026997
49571946,top,"Spaces, Time, Activities & Objects","Time, Seasons & Temporal Framing",0.002064133509634011,0.028622395708210457,0.04819232625859329,high,0.6682609559093952,0.31759834800356346,0.0005386212283920372,0.0002904197630905971,0.0004671088377026997
49571946,top,"Work, Wealth, Status & Institutions",Hero's Elite Work & Business World,0.05198814051771723,0.7295834132969952,0.04761846808074188,high,0.6682609559093952,0.31759834800356346,0.0005386212283920372,0.0002904197630905971,0.0004671088377026997
49571946,top,"Work, Wealth, Status & Institutions",Heroine's Work & Professional Identity,0.007442530343818797,0.10444587241890842,0.04761846808074188,high,0.6682609559093952,0.31759834800356346,0.0005386212283920372,0.0002904197630905971,0.0004671088377026997
49571946,top,"Work, Wealth, Status & Institutions","Law, Medicine, Education & Formal Institutions",0.0028502816682266317,0.03999985780706953,0.04761846808074188,high,0.6682609559093952,0.31759834800356346,0.0005386212283920372,0.0002904197630905971,0.0004671088377026997
49571946,top,"Work, Wealth, Status & Institutions","Money, Housing & Economic Security",0.004636295364868625,0.06506415047103162,0.04761846808074188,high,0.6682609559093952,0.31759834800356346,0.0005386212283920372,0.0002904197630905971,0.0004671088377026997
49571946,top,"Work, Wealth, Status & Institutions",Shared Workplaces & Professional Interaction,0.004340047118124386,0.060906706005995306,0.04761846808074188,high,0.6682609559093952,0.31759834800356346,0.0005386212283920372,0.0002904197630905971,0.0004671088377026997
51208558,trash,"Conflict, Risk & Harm",Interpersonal Non-Romantic Conflict,0.003090607595153769,0.15458366151556285,0.013554355158019822,high,0.6779514335933713,0.308950566016834,0.0012235626155251143,0.00037386398690246464,3.1351676859537974e-05
51208558,trash,"Conflict, Risk & Harm","Violence, Threats & Coercion",0.016902498822775266,0.8454163384844372,0.013554355158019822,high,0.6779514335933713,0.308950566016834,0.0012235626155251143,0.00037386398690246464,3.1351676859537974e-05
51208558,trash,Embodied & Sensory Experience,Body Parts & Physical Reactions,0.003958106809241731,0.24971261287020674,0.010745969756184765,high,0.6779514335933713,0.308950566016834,0.0012235626155251143,0.00037386398690246464,3.1351676859537974e-05
51208558,trash,Embodied & Sensory Experience,Exercise & Physical Activity,0.011892541517036597,0.7502873871297931,0.010745969756184765,high,0.6779514335933713,0.308950566016834,0.0012235626155251143,0.00037386398690246464,3.1351676859537974e-05
51208558,trash,"Emotions, Cognition & Inner Life",Ambivalence & Internal Conflict,0.004043364734332236,0.020585509326008725,0.13316187006935262,high,0.6779514335933713,0.308950566016834,0.0012235626155251143,0.00037386398690246464,3.1351676859537974e-05
51208558,trash,"Emotions, Cognition & Inner Life","Beliefs, Values & Moral Reflection",0.021291343240830263,0.10839812226827183,0.13316187006935262,high,0.6779514335933713,0.308950566016834,0.0012235626155251143,0.00037386398690246464,3.1351676859537974e-05
51208558,trash,"Emotions, Cognition & Inner Life",Negative Emotions & Distress,0.1316772668024724,0.6703930468526725,0.13316187006935262,high,0.6779514335933713,0.308950566016834,0.0012235626155251143,0.00037386398690246464,3.1351676859537974e-05
51208558,trash,"Emotions, Cognition & Inner Life",Positive Emotions & Security,0.03940603316660645,0.20062332155304688,0.13316187006935262,high,0.6779514335933713,0.308950566016834,0.0012235626155251143,0.00037386398690246464,3.1351676859537974e-05
51208558,trash,Relationship Trajectory (Main Couple),"Bonding, Everyday Intimacy & Growth",0.17639942954142437,0.4781250458873591,0.25012336661994417,high,0.6779514335933713,0.308950566016834,0.0012235626155251143,0.00037386398690246464,3.1351676859537974e-05
51208558,trash,Relationship Trajectory (Main Couple),"Conflict, Distance & Breakup Threats",0.12828401333679884,0.34770973989384624,0.25012336661994417,high,0.6779514335933713,0.308950566016834,0.0012235626155251143,0.00037386398690246464,3.1351676859537974e-05
51208558,trash,Relationship Trajectory (Main Couple),"Meeting, First Impressions & Setup",5.586465946378181e-06,1.5141938349256349e-05,0.25012336661994417,high,0.6779514335933713,0.308950566016834,0.0012235626155251143,0.00037386398690246464,3.1351676859537974e-05
51208558,trash,Relationship Trajectory (Main Couple),"Reconciliation, Commitments & HEA",0.014016699992375065,0.0379918197267746,0.25012336661994417,high,0.6779514335933713,0.308950566016834,0.0012235626155251143,0.00037386398690246464,3.1351676859537974e-05
51208558,trash,Relationship Trajectory (Main Couple),"Secrets, Misunderstandings & Hidden Information",0.0502342186095876,0.1361582525536707,0.25012336661994417,medium,0.6779514335933713,0.308950566016834,0.0012235626155251143,0.00037386398690246464,3.1351676859537974e-05
51208558,trash,"Sexuality, Attraction & Intimacy",Attraction & Sexual Tension,0.03238368111621535,0.1570617736461238,0.13978298174089546,high,0.6779514335933713,0.308950566016834,0.0012235626155251143,0.00037386398690246464,3.1351676859537974e-05
51208558,trash,"Sexuality, Attraction & Intimacy",Explicit Sexual Acts,0.1258858805365984,0.6105500978448655,0.13978298174089546,high,0.6779514335933713,0.308950566016834,0.0012235626155251143,0.00037386398690246464,3.1351676859537974e-05
51208558,trash,"Sexuality, Attraction & Intimacy",Kissing & Non-Explicit Affection,0.04791479730635015,0.23238812850901056,0.13978298174089546,high,0.6779514335933713,0.308950566016834,0.0012235626155251143,0.00037386398690246464,3.1351676859537974e-05
51208558,trash,Social World Outside Couple,"Community, Norms & Social Events",0.0034971610853765283,0.06047264139561988,0.03920624792668137,high,0.6779514335933713,0.308950566016834,0.0012235626155251143,0.00037386398690246464,3.1351676859537974e-05
51208558,trash,Social World Outside Couple,Family & Kinship,0.03905187706174362,0.6752820644309534,0.03920624792668137,high,0.6779514335933713,0.308950566016834,0.0012235626155251143,0.00037386398690246464,3.1351676859537974e-05
51208558,trash,Social World Outside Couple,Friends & Social Circles,0.015281428732896648,0.2642452941734267,0.03920624792668137,high,0.6779514335933713,0.308950566016834,0.0012235626155251143,0.00037386398690246464,3.1351676859537974e-05
51208558,trash,"Spaces, Time, Activities & Objects",Domestic Spaces & Routines,0.03781656483010627,0.437732635267436,0.05856952914758941,high,0.6779514335933713,0.308950566016834,0.0012235626155251143,0.00037386398690246464,3.1351676859537974e-05
51208558,trash,"Spaces, Time, Activities & Objects",Public & Leisure Spaces,0.046936693327255925,0.5432995448735864,0.05856952914758941,high,0.6779514335933713,0.308950566016834,0.0012235626155251143,0.00037386398690246464,3.1351676859537974e-05
51208558,trash,"Spaces, Time, Activities & Objects","Time, Seasons & Temporal Framing",0.0016386664634784863,0.0189678198589777,0.05856952914758941,high,0.6779514335933713,0.308950566016834,0.0012235626155251143,0.00037386398690246464,3.1351676859537974e-05
51208558,trash,"Work, Wealth, Status & Institutions",Hero's Elite Work & Business World,0.03540179808906601,0.7322697832007364,0.03277576149784414,high,0.6779514335933713,0.308950566016834,0.0012235626155251143,0.00037386398690246464,3.1351676859537974e-05
51208558,trash,"Work, Wealth, Status & Institutions",Heroine's Work & Professional Identity,0.006626278538448282,0.13706149999979364,0.03277576149784414,high,0.6779514335933713,0.308950566016834,0.0012235626155251143,0.00037386398690246464,3.1351676859537974e-05
51208558,trash,"Work, Wealth, Status & Institutions","Law, Medicine, Education & Formal Institutions",0.0028594889505893666,0.05914720344556995,0.03277576149784414,high,0.6779514335933713,0.308950566016834,0.0012235626155251143,0.00037386398690246464,3.1351676859537974e-05
51208558,trash,"Work, Wealth, Status & Institutions","Money, Housing & Economic Security",0.0012232529834637009,0.02530242093203946,0.03277576149784414,high,0.6779514335933713,0.308950566016834,0.0012235626155251143,0.00037386398690246464,3.1351676859537974e-05
51208558,trash,"Work, Wealth, Status & Institutions",Shared Workplaces & Professional Interaction,0.0022344756199369855,0.04621909242186053,0.03277576149784414,high,0.6779514335933713,0.308950566016834,0.0012235626155251143,0.00037386398690246464,3.1351676859537974e-05
51778361,middle,"Conflict, Risk & Harm",Interpersonal Non-Romantic Conflict,0.0031924650407747814,0.1355089671811279,0.015757794070780828,high,0.6688632051758312,0.317685710395341,0.001181207280682471,0.0008287973032439741,3.108877758317848e-05
51778361,middle,"Conflict, Risk & Harm","Violence, Threats & Coercion",0.020366603463581667,0.8644910328188722,0.015757794070780828,high,0.6688632051758312,0.317685710395341,0.001181207280682471,0.0008287973032439741,3.108877758317848e-05
51778361,middle,Embodied & Sensory Experience,Body Parts & Physical Reactions,0.01093091266782394,0.502594017445388,0.014547099704170795,high,0.6688632051758312,0.317685710395341,0.001181207280682471,0.0008287973032439741,3.108877758317848e-05
51778361,middle,Embodied & Sensory Experience,Exercise & Physical Activity,0.010818078144649659,0.497405982554612,0.014547099704170795,high,0.6688632051758312,0.317685710395341,0.001181207280682471,0.0008287973032439741,3.108877758317848e-05
51778361,middle,"Emotions, Cognition & Inner Life",Ambivalence & Internal Conflict,0.011032870973161517,0.057233173398165194,0.12893713563743747,high,0.6688632051758312,0.317685710395341,0.001181207280682471,0.0008287973032439741,3.108877758317848e-05
51778361,middle,"Emotions, Cognition & Inner Life","Beliefs, Values & Moral Reflection",0.024195200666609153,0.12551294386783102,0.12893713563743747,high,0.6688632051758312,0.317685710395341,0.001181207280682471,0.0008287973032439741,3.108877758317848e-05
51778361,middle,"Emotions, Cognition & Inner Life",Negative Emotions & Distress,0.11060125616722953,0.5737455724509419,0.12893713563743747,high,0.6688632051758312,0.317685710395341,0.001181207280682471,0.0008287973032439741,3.108877758317848e-05
51778361,middle,"Emotions, Cognition & Inner Life",Positive Emotions & Security,0.04694123370645965,0.24350831028306189,0.12893713563743747,high,0.6688632051758312,0.317685710395341,0.001181207280682471,0.0008287973032439741,3.108877758317848e-05
51778361,middle,Relationship Trajectory (Main Couple),"Bonding, Everyday Intimacy & Growth",0.16734071491429742,0.48395672237441734,0.23127697531474287,high,0.6688632051758312,0.317685710395341,0.001181207280682471,0.0008287973032439741,3.108877758317848e-05
51778361,middle,Relationship Trajectory (Main Couple),"Conflict, Distance & Breakup Threats",0.11797592716277074,0.3411915806504025,0.23127697531474287,high,0.6688632051758312,0.317685710395341,0.001181207280682471,0.0008287973032439741,3.108877758317848e-05
51778361,middle,Relationship Trajectory (Main Couple),"Meeting, First Impressions & Setup",5.3612352827596084e-06,1.5504928711767696e-05,0.23127697531474287,high,0.6688632051758312,0.317685710395341,0.001181207280682471,0.0008287973032439741,3.108877758317848e-05
51778361,middle,Relationship Trajectory (Main Couple),"Reconciliation, Commitments & HEA",0.009822871998588617,0.02840817872192696,0.23127697531474287,high,0.6688632051758312,0.317685710395341,0.001181207280682471,0.0008287973032439741,3.108877758317848e-05
51778361,middle,Relationship Trajectory (Main Couple),"Secrets, Misunderstandings & Hidden Information",0.05063132156319505,0.14642801332454147,0.23127697531474287,medium,0.6688632051758312,0.317685710395341,0.001181207280682471,0.0008287973032439741,3.108877758317848e-05
51778361,middle,"Sexuality, Attraction & Intimacy",Attraction & Sexual Tension,0.04004890026431409,0.19912479679227868,0.1345248619261618,high,0.6688632051758312,0.317685710395341,0.001181207280682471,0.0008287973032439741,3.108877758317848e-05
51778361,middle,"Sexuality, Attraction & Intimacy",Explicit Sexual Acts,0.08981210922253399,0.4465495401969513,0.1345248619261618,high,0.6688632051758312,0.317685710395341,0.001181207280682471,0.0008287973032439741,3.108877758317848e-05
51778361,middle,"Sexuality, Attraction & Intimacy",Kissing & Non-Explicit Affection,0.07126361642346467,0.35432566301077006,0.1345248619261618,high,0.6688632051758312,0.317685710395341,0.001181207280682471,0.0008287973032439741,3.108877758317848e-05
51778361,middle,Social World Outside Couple,"Community, Norms & Social Events",0.00351787113649001,0.055792100837309205,0.04217397316888226,high,0.6688632051758312,0.317685710395341,0.001181207280682471,0.0008287973032439741,3.108877758317848e-05
51778361,middle,Social World Outside Couple,Family & Kinship,0.03795826057238536,0.602003603684133,0.04217397316888226,high,0.6688632051758312,0.317685710395341,0.001181207280682471,0.0008287973032439741,3.108877758317848e-05
51778361,middle,Social World Outside Couple,Friends & Social Circles,0.02157707983352894,0.3422042954785579,0.04217397316888226,high,0.6688632051758312,0.317685710395341,0.001181207280682471,0.0008287973032439741,3.108877758317848e-05
51778361,middle,"Spaces, Time, Activities & Objects",Domestic Spaces & Routines,0.052149141566889164,0.6002217060956371,0.058112929974644914,high,0.6688632051758312,0.317685710395341,0.001181207280682471,0.0008287973032439741,3.108877758317848e-05
51778361,middle,"Spaces, Time, Activities & Objects",Public & Leisure Spaces,0.03172471312050883,0.36514237554921936,0.058112929974644914,high,0.6688632051758312,0.317685710395341,0.001181207280682471,0.0008287973032439741,3.108877758317848e-05
51778361,middle,"Spaces, Time, Activities & Objects","Time, Seasons & Temporal Framing",0.003009277057557451,0.034635918355143465,0.058112929974644914,high,0.6688632051758312,0.317685710395341,0.001181207280682471,0.0008287973032439741,3.108877758317848e-05
51778361,middle,"Work, Wealth, Status & Institutions",Hero's Elite Work & Business World,0.04596316828068652,0.70671541131666,0.043501346601427016,high,0.6688632051758312,0.317685710395341,0.001181207280682471,0.0008287973032439741,3.108877758317848e-05
51778361,middle,"Work, Wealth, Status & Institutions",Heroine's Work & Professional Identity,0.00879128387153413,0.13517205252979492,0.043501346601427016,high,0.6688632051758312,0.317685710395341,0.001181207280682471,0.0008287973032439741,3.108877758317848e-05
51778361,middle,"Work, Wealth, Status & Institutions","Law, Medicine, Education & Formal Institutions",0.003510125521312271,0.05397060068658643,0.043501346601427016,high,0.6688632051758312,0.317685710395341,0.001181207280682471,0.0008287973032439741,3.108877758317848e-05
51778361,middle,"Work, Wealth, Status & Institutions","Money, Housing & Economic Security",0.0018166820632878812,0.02793273961768149,0.043501346601427016,high,0.6688632051758312,0.317685710395341,0.001181207280682471,0.0008287973032439741,3.108877758317848e-05
51778361,middle,"Work, Wealth, Status & Institutions",Shared Workplaces & Professional Interaction,0.004956473337450117,0.07620919584927706,0.043501346601427016,high,0.6688632051758312,0.317685710395341,0.001181207280682471,0.0008287973032439741,3.108877758317848e-05
53490997,middle,"Conflict, Risk & Harm",Interpersonal Non-Romantic Conflict,0.0032543827777488693,0.2145732418582669,0.010625527731582776,high,0.700579522301224,0.28661278696831094,0.0005272727884007478,0.0002810800552201878,5.15406216123755e-05
53490997,middle,"Conflict, Risk & Harm","Violence, Threats & Coercion",0.011912386151894756,0.7854267581417331,0.010625527731582776,high,0.700579522301224,0.28661278696831094,0.0005272727884007478,0.0002810800552201878,5.15406216123755e-05
53490997,middle,Embodied & Sensory Experience,Body Parts & Physical Reactions,0.003728380777625784,0.2673095451676324,0.009771544905020545,high,0.700579522301224,0.28661278696831094,0.0005272727884007478,0.0002810800552201878,5.15406216123755e-05
53490997,middle,Embodied & Sensory Experience,Exercise & Physical Activity,0.010219421854291756,0.7326904548323677,0.009771544905020545,high,0.700579522301224,0.28661278696831094,0.0005272727884007478,0.0002810800552201878,5.15406216123755e-05
53490997,middle,"Emotions, Cognition & Inner Life",Ambivalence & Internal Conflict,0.005050029096157372,0.025838898342294598,0.1369232900306008,high,0.700579522301224,0.28661278696831094,0.0005272727884007478,0.0002810800552201878,5.15406216123755e-05
53490997,middle,"Emotions, Cognition & Inner Life","Beliefs, Values & Moral Reflection",0.017281950737911504,0.08842455355618073,0.1369232900306008,high,0.700579522301224,0.28661278696831094,0.0005272727884007478,0.0002810800552201878,5.15406216123755e-05
53490997,middle,"Emotions, Cognition & Inner Life",Negative Emotions & Distress,0.13549777810453675,0.6932857707124808,0.1369232900306008,high,0.700579522301224,0.28661278696831094,0.0005272727884007478,0.0002810800552201878,5.15406216123755e-05
53490997,middle,"Emotions, Cognition & Inner Life",Positive Emotions & Security,0.03761313708185246,0.1924507773890439,0.1369232900306008,high,0.700579522301224,0.28661278696831094,0.0005272727884007478,0.0002810800552201878,5.15406216123755e-05
53490997,middle,Relationship Trajectory (Main Couple),"Bonding, Everyday Intimacy & Growth",0.13819030788698533,0.38320302239210013,0.2526423181158059,high,0.700579522301224,0.28661278696831094,0.0005272727884007478,0.0002810800552201878,5.15406216123755e-05
53490997,middle,Relationship Trajectory (Main Couple),"Conflict, Distance & Breakup Threats",0.15394608762212356,0.42689394766007827,0.2526423181158059,high,0.700579522301224,0.28661278696831094,0.0005272727884007478,0.0002810800552201878,5.15406216123755e-05
53490997,middle,Relationship Trajectory (Main Couple),"Meeting, First Impressions & Setup",7.952045838341878e-06,2.2051097837810932e-05,0.2526423181158059,high,0.700579522301224,0.28661278696831094,0.0005272727884007478,0.0002810800552201878,5.15406216123755e-05
53490997,middle,Relationship Trajectory (Main Couple),"Reconciliation, Commitments & HEA",0.008903102422395136,0.024688386682793946,0.2526423181158059,high,0.700579522301224,0.28661278696831094,0.0005272727884007478,0.0002810800552201878,5.15406216123755e-05
53490997,middle,Relationship Trajectory (Main Couple),"Secrets, Misunderstandings & Hidden Information",0.05957159478996783,0.1651925921671898,0.2526423181158059,medium,0.700579522301224,0.28661278696831094,0.0005272727884007478,0.0002810800552201878,5.15406216123755e-05
53490997,middle,"Sexuality, Attraction & Intimacy",Attraction & Sexual Tension,0.039836941183639216,0.18049190453807837,0.15462713020731614,high,0.700579522301224,0.28661278696831094,0.0005272727884007478,0.0002810800552201878,5.15406216123755e-05
53490997,middle,"Sexuality, Attraction & Intimacy",Explicit Sexual Acts,0.14077460580823722,0.637816959786088,0.15462713020731614,high,0.700579522301224,0.28661278696831094,0.0005272727884007478,0.0002810800552201878,5.15406216123755e-05
53490997,middle,"Sexuality, Attraction & Intimacy",Kissing & Non-Explicit Affection,0.04010162729475652,0.1816911356758335,0.15462713020731614,high,0.700579522301224,0.28661278696831094,0.0005272727884007478,0.0002810800552201878,5.15406216123755e-05
53490997,middle,Social World Outside Couple,"Community, Norms & Social Events",0.0031663841313614486,0.05202636421042534,0.042638072366526496,high,0.700579522301224,0.28661278696831094,0.0005272727884007478,0.0002810800552201878,5.15406216123755e-05
53490997,middle,Social World Outside Couple,Family & Kinship,0.028843441884110765,0.4739220986115045,0.042638072366526496,high,0.700579522301224,0.28661278696831094,0.0005272727884007478,0.0002810800552201878,5.15406216123755e-05
53490997,middle,Social World Outside Couple,Friends & Social Circles,0.028851319663567004,0.4740515371780702,0.042638072366526496,high,0.700579522301224,0.28661278696831094,0.0005272727884007478,0.0002810800552201878,5.15406216123755e-05
53490997,middle,"Spaces, Time, Activities & Objects",Domestic Spaces & Routines,0.04213132093168143,0.5327511469321194,0.05540361735907772,high,0.700579522301224,0.28661278696831094,0.0005272727884007478,0.0002810800552201878,5.15406216123755e-05
53490997,middle,"Spaces, Time, Activities & Objects",Public & Leisure Spaces,0.03477272183775504,0.4397015576856784,0.05540361735907772,high,0.700579522301224,0.28661278696831094,0.0005272727884007478,0.0002810800552201878,5.15406216123755e-05
53490997,middle,"Spaces, Time, Activities & Objects","Time, Seasons & Temporal Framing",0.0021785104532027677,0.027547295382202172,0.05540361735907772,high,0.700579522301224,0.28661278696831094,0.0005272727884007478,0.0002810800552201878,5.15406216123755e-05
53490997,middle,"Work, Wealth, Status & Institutions",Hero's Elite Work & Business World,0.041040135907848004,0.7586952159767111,0.03789648096368125,high,0.700579522301224,0.28661278696831094,0.0005272727884007478,0.0002810800552201878,5.15406216123755e-05
53490997,middle,"Work, Wealth, Status & Institutions",Heroine's Work & Professional Identity,0.005769368473305219,0.1066563782764299,0.03789648096368125,high,0.700579522301224,0.28661278696831094,0.0005272727884007478,0.0002810800552201878,5.15406216123755e-05
53490997,middle,"Work, Wealth, Status & Institutions","Law, Medicine, Education & Formal Institutions",0.004190633461491885,0.07747083407045506,0.03789648096368125,high,0.700579522301224,0.28661278696831094,0.0005272727884007478,0.0002810800552201878,5.15406216123755e-05
53490997,middle,"Work, Wealth, Status & Institutions","Money, Housing & Economic Security",0.001084032402264359,0.020040143127411904,0.03789648096368125,high,0.700579522301224,0.28661278696831094,0.0005272727884007478,0.0002810800552201878,5.15406216123755e-05
53490997,middle,"Work, Wealth, Status & Institutions",Shared Workplaces & Professional Interaction,0.0020088766645991597,0.0371374285489922,0.03789648096368125,high,0.700579522301224,0.28661278696831094,0.0005272727884007478,0.0002810800552201878,5.15406216123755e-05
53491020,top,"Conflict, Risk & Harm",Interpersonal Non-Romantic Conflict,0.003734899584689507,0.22991719096772184,0.011371203349225012,high,0.7000014518981802,0.28409331660363,0.0008246703315724764,0.0003041712004464175,6.818999189926235e-05
53491020,top,"Conflict, Risk & Harm","Violence, Threats & Coercion",0.012509642935029477,0.7700828090322782,0.011371203349225012,high,0.7000014518981802,0.28409331660363,0.0008246703315724764,0.0003041712004464175,6.818999189926235e-05
53491020,top,Embodied & Sensory Experience,Body Parts & Physical Reactions,0.003327291773207109,0.29700326991605275,0.00784203174864763,high,0.7000014518981802,0.28409331660363,0.0008246703315724764,0.0003041712004464175,6.818999189926235e-05
53491020,top,Embodied & Sensory Experience,Exercise & Physical Activity,0.007875587488518056,0.7029967300839471,0.00784203174864763,high,0.7000014518981802,0.28409331660363,0.0008246703315724764,0.0003041712004464175,6.818999189926235e-05
53491020,top,"Emotions, Cognition & Inner Life",Ambivalence & Internal Conflict,0.005903138624365056,0.033510678336998924,0.12331011524912712,high,0.7000014518981802,0.28409331660363,0.0008246703315724764,0.0003041712004464175,6.818999189926235e-05
53491020,top,"Emotions, Cognition & Inner Life","Beliefs, Values & Moral Reflection",0.017710223907107133,0.10053662202302265,0.12331011524912712,high,0.7000014518981802,0.28409331660363,0.0008246703315724764,0.0003041712004464175,6.818999189926235e-05
53491020,top,"Emotions, Cognition & Inner Life",Negative Emotions & Distress,0.11582672518852445,0.6575200715429756,0.12331011524912712,high,0.7000014518981802,0.28409331660363,0.0008246703315724764,0.0003041712004464175,6.818999189926235e-05
53491020,top,"Emotions, Cognition & Inner Life",Positive Emotions & Security,0.036716854404551094,0.20843262809700272,0.12331011524912712,high,0.7000014518981802,0.28409331660363,0.0008246703315724764,0.0003041712004464175,6.818999189926235e-05
53491020,top,Relationship Trajectory (Main Couple),"Bonding, Everyday Intimacy & Growth",0.13388256740764853,0.37886110648706184,0.24736767634502604,high,0.7000014518981802,0.28409331660363,0.0008246703315724764,0.0003041712004464175,6.818999189926235e-05
53491020,top,Relationship Trajectory (Main Couple),"Conflict, Distance & Breakup Threats",0.11983879361357745,0.33912001261727237,0.24736767634502604,high,0.7000014518981802,0.28409331660363,0.0008246703315724764,0.0003041712004464175,6.818999189926235e-05
53491020,top,Relationship Trajectory (Main Couple),"Meeting, First Impressions & Setup",9.351195617996965e-06,2.646202853299106e-05,0.24736767634502604,high,0.7000014518981802,0.28409331660363,0.0008246703315724764,0.0003041712004464175,6.818999189926235e-05
53491020,top,Relationship Trajectory (Main Couple),"Reconciliation, Commitments & HEA",0.016580633774715515,0.04691990435930795,0.24736767634502604,high,0.7000014518981802,0.28409331660363,0.0008246703315724764,0.0003041712004464175,6.818999189926235e-05
53491020,top,Relationship Trajectory (Main Couple),"Secrets, Misunderstandings & Hidden Information",0.08307031582391813,0.2350725145078249,0.24736767634502604,medium,0.7000014518981802,0.28409331660363,0.0008246703315724764,0.0003041712004464175,6.818999189926235e-05
53491020,top,"Sexuality, Attraction & Intimacy",Attraction & Sexual Tension,0.055832225591672446,0.2522039395429106,0.1549644269939242,high,0.7000014518981802,0.28409331660363,0.0008246703315724764,0.0003041712004464175,6.818999189926235e-05
53491020,top,"Sexuality, Attraction & Intimacy",Explicit Sexual Acts,0.12616353261032665,0.5699027687644382,0.1549644269939242,high,0.7000014518981802,0.28409331660363,0.0008246703315724764,0.0003041712004464175,6.818999189926235e-05
53491020,top,"Sexuality, Attraction & Intimacy",Kissing & Non-Explicit Affection,0.03938153547890717,0.17789329169265125,0.1549644269939242,high,0.7000014518981802,0.28409331660363,0.0008246703315724764,0.0003041712004464175,6.818999189926235e-05
53491020,top,Social World Outside Couple,"Community, Norms & Social Events",0.0026249767939730993,0.025121748938656926,0.07314329792352572,high,0.7000014518981802,0.28409331660363,0.0008246703315724764,0.0003041712004464175,6.818999189926235e-05
53491020,top,Social World Outside Couple,Family & Kinship,0.030889563044736213,0.29562160298573315,0.07314329792352572,high,0.7000014518981802,0.28409331660363,0.0008246703315724764,0.0003041712004464175,6.818999189926235e-05
53491020,top,Social World Outside Couple,Friends & Social Circles,0.0709756690389787,0.67925664807561,0.07314329792352572,high,0.7000014518981802,0.28409331660363,0.0008246703315724764,0.0003041712004464175,6.818999189926235e-05
53491020,top,"Spaces, Time, Activities & Objects",Domestic Spaces & Routines,0.04119415119716473,0.5519520911205484,0.05224360250033111,high,0.7000014518981802,0.28409331660363,0.0008246703315724764,0.0003041712004464175,6.818999189926235e-05
53491020,top,"Spaces, Time, Activities & Objects",Public & Leisure Spaces,0.030964950538942,0.41489310265457596,0.05224360250033111,high,0.7000014518981802,0.28409331660363,0.0008246703315724764,0.0003041712004464175,6.818999189926235e-05
53491020,top,"Spaces, Time, Activities & Objects","Time, Seasons & Temporal Framing",0.0024744613210314565,0.03315480622487568,0.05224360250033111,high,0.7000014518981802,0.28409331660363,0.0008246703315724764,0.0003041712004464175,6.818999189926235e-05
53491020,top,"Work, Wealth, Status & Institutions",Hero's Elite Work & Business World,0.030005121480494428,0.7074094448274714,0.029690907796474084,high,0.7000014518981802,0.28409331660363,0.0008246703315724764,0.0003041712004464175,6.818999189926235e-05
53491020,top,"Work, Wealth, Status & Institutions",Heroine's Work & Professional Identity,0.004839436341892317,0.11409595452301169,0.029690907796474084,high,0.7000014518981802,0.28409331660363,0.0008246703315724764,0.0003041712004464175,6.818999189926235e-05
53491020,top,"Work, Wealth, Status & Institutions","Law, Medicine, Education & Formal Institutions",0.0047645919224555315,0.1123314007871893,0.029690907796474084,high,0.7000014518981802,0.28409331660363,0.0008246703315724764,0.0003041712004464175,6.818999189926235e-05
53491020,top,"Work, Wealth, Status & Institutions","Money, Housing & Economic Security",0.0007082272041189552,0.016697369934102556,0.029690907796474084,high,0.7000014518981802,0.28409331660363,0.0008246703315724764,0.0003041712004464175,6.818999189926235e-05
53491020,top,"Work, Wealth, Status & Institutions",Shared Workplaces & Professional Interaction,0.002098117641745447,0.049465829928225076,0.029690907796474084,high,0.7000014518981802,0.28409331660363,0.0008246703315724764,0.0003041712004464175,6.818999189926235e-05
53491063,top,"Conflict, Risk & Harm",Interpersonal Non-Romantic Conflict,0.0016165336098759406,0.10003543406560239,0.011126442704447084,high,0.6885341070210338,0.2943797341118901,0.0004960754396442059,0.0002775755791215289,3.903421866695456e-05
53491063,top,"Conflict, Risk & Harm","Violence, Threats & Coercion",0.014543076482042406,0.8999645659343977,0.011126442704447084,high,0.6885341070210338,0.2943797341118901,0.0004960754396442059,0.0002775755791215289,3.903421866695456e-05
53491063,top,Embodied & Sensory Experience,Body Parts & Physical Reactions,0.011718655075046007,0.42665547352458755,0.018911496999977715,high,0.6885341070210338,0.2943797341118901,0.0004960754396442059,0.0002775755791215289,3.903421866695456e-05
53491063,top,Embodied & Sensory Experience,Exercise & Physical Activity,0.01574766330647753,0.5733445264754125,0.018911496999977715,high,0.6885341070210338,0.2943797341118901,0.0004960754396442059,0.0002775755791215289,3.903421866695456e-05
53491063,top,"Emotions, Cognition & Inner Life",Ambivalence & Internal Conflict,0.008553534339415846,0.04593215469184592,0.12821954832676183,high,0.6885341070210338,0.2943797341118901,0.0004960754396442059,0.0002775755791215289,3.903421866695456e-05
53491063,top,"Emotions, Cognition & Inner Life","Beliefs, Values & Moral Reflection",0.02418632808670931,0.12987966365986897,0.12821954832676183,high,0.6885341070210338,0.2943797341118901,0.0004960754396442059,0.0002775755791215289,3.903421866695456e-05
53491063,top,"Emotions, Cognition & Inner Life",Negative Emotions & Distress,0.11958680985220667,0.6421766291302514,0.12821954832676183,high,0.6885341070210338,0.2943797341118901,0.0004960754396442059,0.0002775755791215289,3.903421866695456e-05
53491063,top,"Emotions, Cognition & Inner Life",Positive Emotions & Security,0.03389438346792316,0.18201155251803364,0.12821954832676183,high,0.6885341070210338,0.2943797341118901,0.0004960754396442059,0.0002775755791215289,3.903421866695456e-05
53491063,top,Relationship Trajectory (Main Couple),"Bonding, Everyday Intimacy & Growth",0.13257920301256299,0.4602434044398633,0.19834136084342954,high,0.6885341070210338,0.2943797341118901,0.0004960754396442059,0.0002775755791215289,3.903421866695456e-05
53491063,top,Relationship Trajectory (Main Couple),"Conflict, Distance & Breakup Threats",0.10090520998714925,0.3502884035726493,0.19834136084342954,high,0.6885341070210338,0.2943797341118901,0.0004960754396442059,0.0002775755791215289,3.903421866695456e-05
53491063,top,Relationship Trajectory (Main Couple),"Meeting, First Impressions & Setup",6.777663946360182e-06,2.3528389505604e-05,0.19834136084342954,high,0.6885341070210338,0.2943797341118901,0.0004960754396442059,0.0002775755791215289,3.903421866695456e-05
53491063,top,Relationship Trajectory (Main Couple),"Reconciliation, Commitments & HEA",0.005922656739099986,0.02056026615783607,0.19834136084342954,high,0.6885341070210338,0.2943797341118901,0.0004960754396442059,0.0002775755791215289,3.903421866695456e-05
53491063,top,Relationship Trajectory (Main Couple),"Secrets, Misunderstandings & Hidden Information",0.04864938551617436,0.1688843974401458,0.19834136084342954,medium,0.6885341070210338,0.2943797341118901,0.0004960754396442059,0.0002775755791215289,3.903421866695456e-05
53491063,top,"Sexuality, Attraction & Intimacy",Attraction & Sexual Tension,0.04892580196711303,0.16167236682248726,0.20836636482659893,high,0.6885341070210338,0.2943797341118901,0.0004960754396442059,0.0002775755791215289,3.903421866695456e-05
53491063,top,"Sexuality, Attraction & Intimacy",Explicit Sexual Acts,0.15012550002244068,0.49608067590495375,0.20836636482659893,high,0.6885341070210338,0.2943797341118901,0.0004960754396442059,0.0002775755791215289,3.903421866695456e-05
53491063,top,"Sexuality, Attraction & Intimacy",Kissing & Non-Explicit Affection,0.10357185451332904,0.34224695727255894,0.20836636482659893,high,0.6885341070210338,0.2943797341118901,0.0004960754396442059,0.0002775755791215289,3.903421866695456e-05
53491063,top,Social World Outside Couple,"Community, Norms & Social Events",0.0033748331438306365,0.07348335111172606,0.03162196184411103,high,0.6885341070210338,0.2943797341118901,0.0004960754396442059,0.0002775755791215289,3.903421866695456e-05
53491063,top,Social World Outside Couple,Family & Kinship,0.0266549817804583,0.5803834742558087,0.03162196184411103,high,0.6885341070210338,0.2943797341118901,0.0004960754396442059,0.0002775755791215289,3.903421866695456e-05
53491063,top,Social World Outside Couple,Friends & Social Circles,0.015896685334245132,0.3461331746324653,0.03162196184411103,high,0.6885341070210338,0.2943797341118901,0.0004960754396442059,0.0002775755791215289,3.903421866695456e-05
53491063,top,"Spaces, Time, Activities & Objects",Domestic Spaces & Routines,0.047053907043454295,0.5790747209081075,0.05594825451404355,high,0.6885341070210338,0.2943797341118901,0.0004960754396442059,0.0002775755791215289,3.903421866695456e-05
53491063,top,"Spaces, Time, Activities & Objects",Public & Leisure Spaces,0.030307201834978318,0.372979324073731,0.05594825451404355,high,0.6885341070210338,0.2943797341118901,0.0004960754396442059,0.0002775755791215289,3.903421866695456e-05
53491063,top,"Spaces, Time, Activities & Objects","Time, Seasons & Temporal Framing",0.003895947153410995,0.04794595501816141,0.05594825451404355,high,0.6885341070210338,0.2943797341118901,0.0004960754396442059,0.0002775755791215289,3.903421866695456e-05
53491063,top,"Work, Wealth, Status & Institutions",Hero's Elite Work & Business World,0.03646808631315214,0.6982694857078929,0.035959642742997164,high,0.6885341070210338,0.2943797341118901,0.0004960754396442059,0.0002775755791215289,3.903421866695456e-05
53491063,top,"Work, Wealth, Status & Institutions",Heroine's Work & Professional Identity,0.007196090638731211,0.13778651466013553,0.035959642742997164,high,0.6885341070210338,0.2943797341118901,0.0004960754396442059,0.0002775755791215289,3.903421866695456e-05
53491063,top,"Work, Wealth, Status & Institutions","Law, Medicine, Education & Formal Institutions",0.002551403532663889,0.04885277547300299,0.035959642742997164,high,0.6885341070210338,0.2943797341118901,0.0004960754396442059,0.0002775755791215289,3.903421866695456e-05
53491063,top,"Work, Wealth, Status & Institutions","Money, Housing & Economic Security",0.0017624136940587551,0.0337456617050708,0.035959642742997164,high,0.6885341070210338,0.2943797341118901,0.0004960754396442059,0.0002775755791215289,3.903421866695456e-05
53491063,top,"Work, Wealth, Status & Institutions",Shared Workplaces & Professional Interaction,0.004248384117420296,0.08134556245389774,0.035959642742997164,high,0.6885341070210338,0.2943797341118901,0.0004960754396442059,0.0002775755791215289,3.903421866695456e-05
54474410,trash,"Conflict, Risk & Harm",Interpersonal Non-Romantic Conflict,0.0026266127157203475,0.1311237913056978,0.013117016041944334,high,0.654817843431365,0.3222285349340457,0.0010989766950357163,0.0006338388573820418,0.0004042611480897285
54474410,trash,"Conflict, Risk & Harm","Violence, Threats & Coercion",0.01740493678086755,0.8688762086943022,0.013117016041944334,high,0.654817843431365,0.3222285349340457,0.0010989766950357163,0.0006338388573820418,0.0004042611480897285
54474410,trash,Embodied & Sensory Experience,Body Parts & Physical Reactions,0.015191810362283007,0.5359404305016446,0.01856151902915243,high,0.654817843431365,0.3222285349340457,0.0010989766950357163,0.0006338388573820418,0.0004042611480897285
54474410,trash,Embodied & Sensory Experience,Exercise & Physical Activity,0.013154269719906997,0.46405956949835525,0.01856151902915243,high,0.654817843431365,0.3222285349340457,0.0010989766950357163,0.0006338388573820418,0.0004042611480897285
54474410,trash,"Emotions, Cognition & Inner Life",Ambivalence & Internal Conflict,0.009950670406735033,0.051028011220188685,0.12769215144047394,high,0.654817843431365,0.3222285349340457,0.0010989766950357163,0.0006338388573820418,0.0004042611480897285
54474410,trash,"Emotions, Cognition & Inner Life","Beliefs, Values & Moral Reflection",0.0222662468214936,0.1141834917845974,0.12769215144047394,high,0.654817843431365,0.3222285349340457,0.0010989766950357163,0.0006338388573820418,0.0004042611480897285
54474410,trash,"Emotions, Cognition & Inner Life",Negative Emotions & Distress,0.11280556256384618,0.5784779594660849,0.12769215144047394,high,0.654817843431365,0.3222285349340457,0.0010989766950357163,0.0006338388573820418,0.0004042611480897285
54474410,trash,"Emotions, Cognition & Inner Life",Positive Emotions & Security,0.049981600688297816,0.25631053752912886,0.12769215144047394,high,0.654817843431365,0.3222285349340457,0.0010989766950357163,0.0006338388573820418,0.0004042611480897285
54474410,trash,Relationship Trajectory (Main Couple),"Bonding, Everyday Intimacy & Growth",0.14654093994967154,0.4238563443896201,0.22639185078244872,high,0.654817843431365,0.3222285349340457,0.0010989766950357163,0.0006338388573820418,0.0004042611480897285
54474410,trash,Relationship Trajectory (Main Couple),"Conflict, Distance & Breakup Threats",0.12219359415016161,0.35343386047683434,0.22639185078244872,high,0.654817843431365,0.3222285349340457,0.0010989766950357163,0.0006338388573820418,0.0004042611480897285
54474410,trash,Relationship Trajectory (Main Couple),"Meeting, First Impressions & Setup",1.2337778267300664e-05,3.5685901810536885e-05,0.22639185078244872,high,0.654817843431365,0.3222285349340457,0.0010989766950357163,0.0006338388573820418,0.0004042611480897285
54474410,trash,Relationship Trajectory (Main Couple),"Reconciliation, Commitments & HEA",0.011147937559512155,0.03224439575098519,0.22639185078244872,high,0.654817843431365,0.3222285349340457,0.0010989766950357163,0.0006338388573820418,0.0004042611480897285
54474410,trash,Relationship Trajectory (Main Couple),"Secrets, Misunderstandings & Hidden Information",0.0658377527603173,0.1904297134807498,0.22639185078244872,medium,0.654817843431365,0.3222285349340457,0.0010989766950357163,0.0006338388573820418,0.0004042611480897285
54474410,trash,"Sexuality, Attraction & Intimacy",Attraction & Sexual Tension,0.04048360089963409,0.18871578943187592,0.14047252916801656,high,0.654817843431365,0.3222285349340457,0.0010989766950357163,0.0006338388573820418,0.0004042611480897285
54474410,trash,"Sexuality, Attraction & Intimacy",Explicit Sexual Acts,0.09974463011689459,0.4649632492121115,0.14047252916801656,high,0.654817843431365,0.3222285349340457,0.0010989766950357163,0.0006338388573820418,0.0004042611480897285
54474410,trash,"Sexuality, Attraction & Intimacy",Kissing & Non-Explicit Affection,0.07429330436484528,0.3463209613560125,0.14047252916801656,high,0.654817843431365,0.3222285349340457,0.0010989766950357163,0.0006338388573820418,0.0004042611480897285
54474410,trash,Social World Outside Couple,"Community, Norms & Social Events",0.0031063375362633465,0.05578782506946106,0.036461096017513454,high,0.654817843431365,0.3222285349340457,0.0010989766950357163,0.0006338388573820418,0.0004042611480897285
54474410,trash,Social World Outside Couple,Family & Kinship,0.03219024436790251,0.5781160935588374,0.036461096017513454,high,0.654817843431365,0.3222285349340457,0.0010989766950357163,0.0006338388573820418,0.0004042611480897285
54474410,trash,Social World Outside Couple,Friends & Social Circles,0.020384698597371274,0.3660960813717015,0.036461096017513454,high,0.654817843431365,0.3222285349340457,0.0010989766950357163,0.0006338388573820418,0.0004042611480897285
54474410,trash,"Spaces, Time, Activities & Objects",Domestic Spaces & Routines,0.05152224451986098,0.6608650481098222,0.0510507934134721,high,0.654817843431365,0.3222285349340457,0.0010989766950357163,0.0006338388573820418,0.0004042611480897285
54474410,trash,"Spaces, Time, Activities & Objects",Public & Leisure Spaces,0.024378267017253735,0.3126949292548979,0.0510507934134721,high,0.654817843431365,0.3222285349340457,0.0010989766950357163,0.0006338388573820418,0.0004042611480897285
54474410,trash,"Spaces, Time, Activities & Objects","Time, Seasons & Temporal Framing",0.0020613123893021812,0.02644002263528006,0.0510507934134721,high,0.654817843431365,0.3222285349340457,0.0010989766950357163,0.0006338388573820418,0.0004042611480897285
54474410,trash,"Work, Wealth, Status & Institutions",Hero's Elite Work & Business World,0.04713395520606633,0.7589553803711617,0.04066662639025369,high,0.654817843431365,0.3222285349340457,0.0010989766950357163,0.0006338388573820418,0.0004042611480897285
54474410,trash,"Work, Wealth, Status & Institutions",Heroine's Work & Professional Identity,0.005932811193968029,0.0955306839135955,0.04066662639025369,high,0.654817843431365,0.3222285349340457,0.0010989766950357163,0.0006338388573820418,0.0004042611480897285
54474410,trash,"Work, Wealth, Status & Institutions","Law, Medicine, Education & Formal Institutions",0.0036869433720563122,0.05936750898820792,0.04066662639025369,high,0.654817843431365,0.3222285349340457,0.0010989766950357163,0.0006338388573820418,0.0004042611480897285
54474410,trash,"Work, Wealth, Status & Institutions","Money, Housing & Economic Security",0.0011791754353615708,0.01898719377901875,0.04066662639025369,high,0.654817843431365,0.3222285349340457,0.0010989766950357163,0.0006338388573820418,0.0004042611480897285
54474410,trash,"Work, Wealth, Status & Institutions",Shared Workplaces & Professional Interaction,0.004170838443621683,0.06715923294801597,0.04066662639025369,high,0.654817843431365,0.3222285349340457,0.0010989766950357163,0.0006338388573820418,0.0004042611480897285
55538972,middle,"Conflict, Risk & Harm",Interpersonal Non-Romantic Conflict,0.0030985023402439207,0.15478444522783005,0.012901395761545779,high,0.6444840656335726,0.33999234377118337,0.0014061262918848754,0.0011639460700361608,3.321949143653946e-05
55538972,middle,"Conflict, Risk & Harm","Violence, Threats & Coercion",0.016919674135326208,0.8452155547721699,0.012901395761545779,high,0.6444840656335726,0.33999234377118337,0.0014061262918848754,0.0011639460700361608,3.321949143653946e-05
55538972,middle,Embodied & Sensory Experience,Body Parts & Physical Reactions,0.006897294322488183,0.35371284475105186,0.012567245868487288,high,0.6444840656335726,0.33999234377118337,0.0014061262918848754,0.0011639460700361608,3.321949143653946e-05
55538972,middle,Embodied & Sensory Experience,Exercise & Physical Activity,0.012602405574875164,0.6462871552489482,0.012567245868487288,high,0.6444840656335726,0.33999234377118337,0.0014061262918848754,0.0011639460700361608,3.321949143653946e-05
55538972,middle,"Emotions, Cognition & Inner Life",Ambivalence & Internal Conflict,0.009144490126860456,0.045860910020321416,0.12850765875543319,high,0.6444840656335726,0.33999234377118337,0.0014061262918848754,0.0011639460700361608,3.321949143653946e-05
55538972,middle,"Emotions, Cognition & Inner Life","Beliefs, Values & Moral Reflection",0.026545760535903448,0.13313073976449655,0.12850765875543319,high,0.6444840656335726,0.33999234377118337,0.0014061262918848754,0.0011639460700361608,3.321949143653946e-05
55538972,middle,"Emotions, Cognition & Inner Life",Negative Emotions & Distress,0.11088315177856212,0.5560946729604228,0.12850765875543319,high,0.6444840656335726,0.33999234377118337,0.0014061262918848754,0.0011639460700361608,3.321949143653946e-05
55538972,middle,"Emotions, Cognition & Inner Life",Positive Emotions & Security,0.052822774451117736,0.2649136772547593,0.12850765875543319,high,0.6444840656335726,0.33999234377118337,0.0014061262918848754,0.0011639460700361608,3.321949143653946e-05
55538972,middle,Relationship Trajectory (Main Couple),"Bonding, Everyday Intimacy & Growth",0.1664017613435354,0.4463561989416792,0.24026390567341832,high,0.6444840656335726,0.33999234377118337,0.0014061262918848754,0.0011639460700361608,3.321949143653946e-05
55538972,middle,Relationship Trajectory (Main Couple),"Conflict, Distance & Breakup Threats",0.1320035940479749,0.35408653135740126,0.24026390567341832,high,0.6444840656335726,0.33999234377118337,0.0014061262918848754,0.0011639460700361608,3.321949143653946e-05
55538972,middle,Relationship Trajectory (Main Couple),"Meeting, First Impressions & Setup",5.656618548414306e-06,1.5173317480219677e-05,0.24026390567341832,high,0.6444840656335726,0.33999234377118337,0.0014061262918848754,0.0011639460700361608,3.321949143653946e-05
55538972,middle,Relationship Trajectory (Main Couple),"Reconciliation, Commitments & HEA",0.008789430032753648,0.023576773157973376,0.24026390567341832,high,0.6444840656335726,0.33999234377118337,0.0014061262918848754,0.0011639460700361608,3.321949143653946e-05
55538972,middle,Relationship Trajectory (Main Couple),"Secrets, Misunderstandings & Hidden Information",0.06559993966596145,0.1759653232254659,0.24026390567341832,medium,0.6444840656335726,0.33999234377118337,0.0014061262918848754,0.0011639460700361608,3.321949143653946e-05
55538972,middle,"Sexuality, Attraction & Intimacy",Attraction & Sexual Tension,0.03736235718151988,0.2152998002854137,0.11184145933288632,high,0.6444840656335726,0.33999234377118337,0.0014061262918848754,0.0011639460700361608,3.321949143653946e-05
55538972,middle,"Sexuality, Attraction & Intimacy",Explicit Sexual Acts,0.07185934442684398,0.41408796636076967,0.11184145933288632,high,0.6444840656335726,0.33999234377118337,0.0014061262918848754,0.0011639460700361608,3.321949143653946e-05
55538972,middle,"Sexuality, Attraction & Intimacy",Kissing & Non-Explicit Affection,0.06431472124010236,0.37061223335381666,0.11184145933288632,high,0.6444840656335726,0.33999234377118337,0.0014061262918848754,0.0011639460700361608,3.321949143653946e-05
55538972,middle,Social World Outside Couple,"Community, Norms & Social Events",0.00443212937701682,0.07997889721603071,0.03571488054653069,high,0.6444840656335726,0.33999234377118337,0.0014061262918848754,0.0011639460700361608,3.321949143653946e-05
55538972,middle,Social World Outside Couple,Family & Kinship,0.03339403885640354,0.6026038894925289,0.03571488054653069,high,0.6444840656335726,0.33999234377118337,0.0014061262918848754,0.0011639460700361608,3.321949143653946e-05
55538972,middle,Social World Outside Couple,Friends & Social Circles,0.017590066939780526,0.3174172132914404,0.03571488054653069,high,0.6444840656335726,0.33999234377118337,0.0014061262918848754,0.0011639460700361608,3.321949143653946e-05
55538972,middle,"Spaces, Time, Activities & Objects",Domestic Spaces & Routines,0.04652651259210854,0.5471557691307517,0.054802668064253164,high,0.6444840656335726,0.33999234377118337,0.0014061262918848754,0.0011639460700361608,3.321949143653946e-05
55538972,middle,"Spaces, Time, Activities & Objects",Public & Leisure Spaces,0.0354851446893918,0.41730833783861443,0.054802668064253164,high,0.6444840656335726,0.33999234377118337,0.0014061262918848754,0.0011639460700361608,3.321949143653946e-05
55538972,middle,"Spaces, Time, Activities & Objects","Time, Seasons & Temporal Framing",0.0030217376254448518,0.035535893030633876,0.054802668064253164,high,0.6444840656335726,0.33999234377118337,0.0014061262918848754,0.0011639460700361608,3.321949143653946e-05
55538972,middle,"Work, Wealth, Status & Institutions",Hero's Elite Work & Business World,0.05930035943474661,0.7986798993722284,0.047851632139581296,high,0.6444840656335726,0.33999234377118337,0.0014061262918848754,0.0011639460700361608,3.321949143653946e-05
55538972,middle,"Work, Wealth, Status & Institutions",Heroine's Work & Professional Identity,0.0055653805853600824,0.07495667224032126,0.047851632139581296,high,0.6444840656335726,0.33999234377118337,0.0014061262918848754,0.0011639460700361608,3.321949143653946e-05
55538972,middle,"Work, Wealth, Status & Institutions","Law, Medicine, Education & Formal Institutions",0.00404812157416536,0.05452164813703464,0.047851632139581296,high,0.6444840656335726,0.33999234377118337,0.0014061262918848754,0.0011639460700361608,3.321949143653946e-05
55538972,middle,"Work, Wealth, Status & Institutions","Money, Housing & Economic Security",0.0016773200827849952,0.02259078777436186,0.047851632139581296,high,0.6444840656335726,0.33999234377118337,0.0014061262918848754,0.0011639460700361608,3.321949143653946e-05
55538972,middle,"Work, Wealth, Status & Institutions",Shared Workplaces & Professional Interaction,0.0036567861024718617,0.04925099247605377,0.047851632139581296,high,0.6444840656335726,0.33999234377118337,0.0014061262918848754,0.0011639460700361608,3.321949143653946e-05
55583305,trash,"Conflict, Risk & Harm",Interpersonal Non-Romantic Conflict,0.0035580112654299413,0.15085060410980777,0.015200793462879503,high,0.6444748781723443,0.3370066632986227,0.0032415351181354192,0.002670064607675909,3.9766289288183684e-05
55583305,trash,"Conflict, Risk & Harm","Violence, Threats & Coercion",0.020028313008352745,0.8491493958901922,0.015200793462879503,high,0.6444748781723443,0.3370066632986227,0.0032415351181354192,0.002670064607675909,3.9766289288183684e-05
55583305,trash,Embodied & Sensory Experience,Body Parts & Physical Reactions,0.0105244690830025,0.5883944348724789,0.011527566421607384,high,0.6444748781723443,0.3370066632986227,0.0032415351181354192,0.002670064607675909,3.9766289288183684e-05
55583305,trash,Embodied & Sensory Experience,Exercise & Physical Activity,0.00736228928731322,0.41160556512752106,0.011527566421607384,high,0.6444748781723443,0.3370066632986227,0.0032415351181354192,0.002670064607675909,3.9766289288183684e-05
55583305,trash,"Emotions, Cognition & Inner Life",Ambivalence & Internal Conflict,0.009774785753706943,0.051529010281299546,0.12225353880059377,high,0.6444748781723443,0.3370066632986227,0.0032415351181354192,0.002670064607675909,3.9766289288183684e-05
55583305,trash,"Emotions, Cognition & Inner Life","Beliefs, Values & Moral Reflection",0.02328530983675342,0.12275143417095151,0.12225353880059377,high,0.6444748781723443,0.3370066632986227,0.0032415351181354192,0.002670064607675909,3.9766289288183684e-05
55583305,trash,"Emotions, Cognition & Inner Life",Negative Emotions & Distress,0.10296882919132903,0.5428131103580651,0.12225353880059377,high,0.6444748781723443,0.3370066632986227,0.0032415351181354192,0.002670064607675909,3.9766289288183684e-05
55583305,trash,"Emotions, Cognition & Inner Life",Positive Emotions & Security,0.05366588403262177,0.2829064451896839,0.12225353880059377,high,0.6444748781723443,0.3370066632986227,0.0032415351181354192,0.002670064607675909,3.9766289288183684e-05
55583305,trash,Relationship Trajectory (Main Couple),"Bonding, Everyday Intimacy & Growth",0.16106900264939328,0.4506891589467429,0.2303248786866763,high,0.6444748781723443,0.3370066632986227,0.0032415351181354192,0.002670064607675909,3.9766289288183684e-05
55583305,trash,Relationship Trajectory (Main Couple),"Conflict, Distance & Breakup Threats",0.12777401697261823,0.3575260496893197,0.2303248786866763,high,0.6444748781723443,0.3370066632986227,0.0032415351181354192,0.002670064607675909,3.9766289288183684e-05
55583305,trash,Relationship Trajectory (Main Couple),"Meeting, First Impressions & Setup",6.988195856522653e-06,1.9553756845362644e-05,0.2303248786866763,high,0.6444748781723443,0.3370066632986227,0.0032415351181354192,0.002670064607675909,3.9766289288183684e-05
55583305,trash,Relationship Trajectory (Main Couple),"Reconciliation, Commitments & HEA",0.00696593930649876,0.019491480518780066,0.2303248786866763,high,0.6444748781723443,0.3370066632986227,0.0032415351181354192,0.002670064607675909,3.9766289288183684e-05
55583305,trash,Relationship Trajectory (Main Couple),"Secrets, Misunderstandings & Hidden Information",0.061567849339276386,0.17227375708831194,0.2303248786866763,medium,0.6444748781723443,0.3370066632986227,0.0032415351181354192,0.002670064607675909,3.9766289288183684e-05
55583305,trash,"Sexuality, Attraction & Intimacy",Attraction & Sexual Tension,0.037856550274554965,0.2132915583346679,0.11438612862463911,high,0.6444748781723443,0.3370066632986227,0.0032415351181354192,0.002670064607675909,3.9766289288183684e-05
55583305,trash,"Sexuality, Attraction & Intimacy",Explicit Sexual Acts,0.07401945033487263,0.41704074445505285,0.11438612862463911,high,0.6444748781723443,0.3370066632986227,0.0032415351181354192,0.002670064607675909,3.9766289288183684e-05
55583305,trash,"Sexuality, Attraction & Intimacy",Kissing & Non-Explicit Affection,0.06561133442685008,0.3696676972102792,0.11438612862463911,high,0.6444748781723443,0.3370066632986227,0.0032415351181354192,0.002670064607675909,3.9766289288183684e-05
55583305,trash,Social World Outside Couple,"Community, Norms & Social Events",0.005661490817736649,0.07858652411886302,0.046428934807143135,high,0.6444748781723443,0.3370066632986227,0.0032415351181354192,0.002670064607675909,3.9766289288183684e-05
55583305,trash,Social World Outside Couple,Family & Kinship,0.04528590621539589,0.6286086254686429,0.046428934807143135,high,0.6444748781723443,0.3370066632986227,0.0032415351181354192,0.002670064607675909,3.9766289288183684e-05
55583305,trash,Social World Outside Couple,Friends & Social Circles,0.021094099663853057,0.29280485041249416,0.046428934807143135,high,0.6444748781723443,0.3370066632986227,0.0032415351181354192,0.002670064607675909,3.9766289288183684e-05
55583305,trash,"Spaces, Time, Activities & Objects",Domestic Spaces & Routines,0.06368934383267295,0.6569075303798042,0.062483957344356786,high,0.6444748781723443,0.3370066632986227,0.0032415351181354192,0.002670064607675909,3.9766289288183684e-05
55583305,trash,"Spaces, Time, Activities & Objects",Public & Leisure Spaces,0.030348623934518863,0.3130231589703208,0.062483957344356786,high,0.6444748781723443,0.3370066632986227,0.0032415351181354192,0.002670064607675909,3.9766289288183684e-05
55583305,trash,"Spaces, Time, Activities & Objects","Time, Seasons & Temporal Framing",0.002915318482776554,0.030069310649875006,0.062483957344356786,high,0.6444748781723443,0.3370066632986227,0.0032415351181354192,0.002670064607675909,3.9766289288183684e-05
55583305,trash,"Work, Wealth, Status & Institutions",Hero's Elite Work & Business World,0.04841499526497125,0.7459421489116983,0.04182931373516014,high,0.6444748781723443,0.3370066632986227,0.0032415351181354192,0.002670064607675909,3.9766289288183684e-05
55583305,trash,"Work, Wealth, Status & Institutions",Heroine's Work & Professional Identity,0.005004240270638943,0.07710160293770893,0.04182931373516014,high,0.6444748781723443,0.3370066632986227,0.0032415351181354192,0.002670064607675909,3.9766289288183684e-05
55583305,trash,"Work, Wealth, Status & Institutions","Law, Medicine, Education & Formal Institutions",0.0062014610575112745,0.09554748817623208,0.04182931373516014,high,0.6444748781723443,0.3370066632986227,0.0032415351181354192,0.002670064607675909,3.9766289288183684e-05
55583305,trash,"Work, Wealth, Status & Institutions","Money, Housing & Economic Security",0.0010624900842997045,0.01637005502824691,0.04182931373516014,high,0.6444748781723443,0.3370066632986227,0.0032415351181354192,0.002670064607675909,3.9766289288183684e-05
55583305,trash,"Work, Wealth, Status & Institutions",Shared Workplaces & Professional Interaction,0.004221304020157612,0.06503870494611376,0.04182931373516014,high,0.6444748781723443,0.3370066632986227,0.0032415351181354192,0.002670064607675909,3.9766289288183684e-05
55590890,trash,"Conflict, Risk & Harm",Interpersonal Non-Romantic Conflict,0.007392273855854261,0.2827780949789311,0.016860530740486282,high,0.6449691740454933,0.33992389503906884,0.001010295272465135,0.0004155217516863128,3.2431157638735346e-05
55590890,trash,"Conflict, Risk & Harm","Violence, Threats & Coercion",0.018749333245661283,0.717221905021069,0.016860530740486282,high,0.6449691740454933,0.33992389503906884,0.001010295272465135,0.0004155217516863128,3.2431157638735346e-05
55590890,trash,Embodied & Sensory Experience,Body Parts & Physical Reactions,0.008896852302983137,0.4302542610268345,0.013336754568717434,high,0.6449691740454933,0.33992389503906884,0.001010295272465135,0.0004155217516863128,3.2431157638735346e-05
55590890,trash,Embodied & Sensory Experience,Exercise & Physical Activity,0.011781274815967696,0.5697457389731655,0.013336754568717434,high,0.6449691740454933,0.33992389503906884,0.001010295272465135,0.0004155217516863128,3.2431157638735346e-05
55590890,trash,"Emotions, Cognition & Inner Life",Ambivalence & Internal Conflict,0.0074939675760877554,0.03680377352806343,0.13132832898744753,high,0.6449691740454933,0.33992389503906884,0.001010295272465135,0.0004155217516863128,3.2431157638735346e-05
55590890,trash,"Emotions, Cognition & Inner Life","Beliefs, Values & Moral Reflection",0.03093220214395515,0.15191175447074984,0.13132832898744753,high,0.6449691740454933,0.33992389503906884,0.001010295272465135,0.0004155217516863128,3.2431157638735346e-05
55590890,trash,"Emotions, Cognition & Inner Life",Negative Emotions & Distress,0.10992505112947276,0.5398551095602623,0.13132832898744753,high,0.6449691740454933,0.33992389503906884,0.001010295272465135,0.0004155217516863128,3.2431157638735346e-05
55590890,trash,"Emotions, Cognition & Inner Life",Positive Emotions & Security,0.05526832295551002,0.2714293624409245,0.13132832898744753,high,0.6449691740454933,0.33992389503906884,0.001010295272465135,0.0004155217516863128,3.2431157638735346e-05
55590890,trash,Relationship Trajectory (Main Couple),"Bonding, Everyday Intimacy & Growth",0.14957214508905442,0.4431580367812991,0.21768627638791596,high,0.6449691740454933,0.33992389503906884,0.001010295272465135,0.0004155217516863128,3.2431157638735346e-05
55590890,trash,Relationship Trajectory (Main Couple),"Conflict, Distance & Breakup Threats",0.12351851657781637,0.3659653559168562,0.21768627638791596,high,0.6449691740454933,0.33992389503906884,0.001010295272465135,0.0004155217516863128,3.2431157638735346e-05
55590890,trash,Relationship Trajectory (Main Couple),"Meeting, First Impressions & Setup",6.049803055353209e-06,1.792458644841638e-05,0.21768627638791596,high,0.6449691740454933,0.33992389503906884,0.001010295272465135,0.0004155217516863128,3.2431157638735346e-05
55590890,trash,Relationship Trajectory (Main Couple),"Reconciliation, Commitments & HEA",0.006205482431012991,0.018385839220071493,0.21768627638791596,high,0.6449691740454933,0.33992389503906884,0.001010295272465135,0.0004155217516863128,3.2431157638735346e-05
55590890,trash,Relationship Trajectory (Main Couple),"Secrets, Misunderstandings & Hidden Information",0.05821203956622706,0.17247284349532474,0.21768627638791596,medium,0.6449691740454933,0.33992389503906884,0.001010295272465135,0.0004155217516863128,3.2431157638735346e-05
55590890,trash,"Sexuality, Attraction & Intimacy",Attraction & Sexual Tension,0.06654243874874685,0.3125770457935224,0.13730317800463862,high,0.6449691740454933,0.33992389503906884,0.001010295272465135,0.0004155217516863128,3.2431157638735346e-05
55590890,trash,"Sexuality, Attraction & Intimacy",Explicit Sexual Acts,0.08166640618162851,0.38362050542230886,0.13730317800463862,high,0.6449691740454933,0.33992389503906884,0.001010295272465135,0.0004155217516863128,3.2431157638735346e-05
55590890,trash,"Sexuality, Attraction & Intimacy",Kissing & Non-Explicit Affection,0.06467447342020656,0.3038024487841688,0.13730317800463862,high,0.6449691740454933,0.33992389503906884,0.001010295272465135,0.0004155217516863128,3.2431157638735346e-05
55590890,trash,Social World Outside Couple,"Community, Norms & Social Events",0.0037501811755093362,0.06253462944947671,0.03867858939251224,high,0.6449691740454933,0.33992389503906884,0.001010295272465135,0.0004155217516863128,3.2431157638735346e-05
55590890,trash,Social World Outside Couple,Family & Kinship,0.03718201936196475,0.6200137257816454,0.03867858939251224,high,0.6449691740454933,0.33992389503906884,0.001010295272465135,0.0004155217516863128,3.2431157638735346e-05
55590890,trash,Social World Outside Couple,Friends & Social Circles,0.01903747080341394,0.3174516447688779,0.03867858939251224,high,0.6449691740454933,0.33992389503906884,0.001010295272465135,0.0004155217516863128,3.2431157638735346e-05
55590890,trash,"Spaces, Time, Activities & Objects",Domestic Spaces & Routines,0.04165442741791453,0.5963547053587248,0.04505007071405549,high,0.6449691740454933,0.33992389503906884,0.001010295272465135,0.0004155217516863128,3.2431157638735346e-05
55590890,trash,"Spaces, Time, Activities & Objects",Public & Leisure Spaces,0.026309323117072275,0.3766631690373778,0.04505007071405549,high,0.6449691740454933,0.33992389503906884,0.001010295272465135,0.0004155217516863128,3.2431157638735346e-05
55590890,trash,"Spaces, Time, Activities & Objects","Time, Seasons & Temporal Framing",0.0018846585470848687,0.026982125603897445,0.04505007071405549,high,0.6449691740454933,0.33992389503906884,0.001010295272465135,0.0004155217516863128,3.2431157638735346e-05
55590890,trash,"Work, Wealth, Status & Institutions",Hero's Elite Work & Business World,0.05378107188798076,0.7761198079728161,0.044693014092080964,high,0.6449691740454933,0.33992389503906884,0.001010295272465135,0.0004155217516863128,3.2431157638735346e-05
55590890,trash,"Work, Wealth, Status & Institutions",Heroine's Work & Professional Identity,0.004999503819750342,0.07214831925674514,0.044693014092080964,high,0.6449691740454933,0.33992389503906884,0.001010295272465135,0.0004155217516863128,3.2431157638735346e-05
55590890,trash,"Work, Wealth, Status & Institutions","Law, Medicine, Education & Formal Institutions",0.005016949026242817,0.0724000727052667,0.044693014092080964,high,0.6449691740454933,0.33992389503906884,0.001010295272465135,0.0004155217516863128,3.2431157638735346e-05
55590890,trash,"Work, Wealth, Status & Institutions","Money, Housing & Economic Security",0.0023569714845282923,0.03401368161236519,0.044693014092080964,high,0.6449691740454933,0.33992389503906884,0.001010295272465135,0.0004155217516863128,3.2431157638735346e-05
55590890,trash,"Work, Wealth, Status & Institutions",Shared Workplaces & Professional Interaction,0.0031403102475949097,0.04531811845280677,0.044693014092080964,high,0.6449691740454933,0.33992389503906884,0.001010295272465135,0.0004155217516863128,3.2431157638735346e-05
55738401,middle,"Conflict, Risk & Harm",Interpersonal Non-Romantic Conflict,0.0037966499274369398,0.1803276170330164,0.014360774641328757,high,0.6820866604278195,0.30458942392492316,0.0011352877433667141,0.0007692316787442452,2.829118473782171e-05
55738401,middle,"Conflict, Risk & Harm","Violence, Threats & Coercion",0.017257529071345076,0.8196723829669836,0.014360774641328757,high,0.6820866604278195,0.30458942392492316,0.0011352877433667141,0.0007692316787442452,2.829118473782171e-05
55738401,middle,Embodied & Sensory Experience,Body Parts & Physical Reactions,0.008100896668021215,0.4869431286146846,0.01134734885874886,high,0.6820866604278195,0.30458942392492316,0.0011352877433667141,0.0007692316787442452,2.829118473782171e-05
55738401,middle,Embodied & Sensory Experience,Exercise & Physical Activity,0.00853533083367418,0.5130568713853153,0.01134734885874886,high,0.6820866604278195,0.30458942392492316,0.0011352877433667141,0.0007692316787442452,2.829118473782171e-05
55738401,middle,"Emotions, Cognition & Inner Life",Ambivalence & Internal Conflict,0.00793909244558,0.04425406742940928,0.12236500207966705,high,0.6820866604278195,0.30458942392492316,0.0011352877433667141,0.0007692316787442452,2.829118473782171e-05
55738401,middle,"Emotions, Cognition & Inner Life","Beliefs, Values & Moral Reflection",0.025364853534162166,0.14138869730164697,0.12236500207966705,high,0.6820866604278195,0.30458942392492316,0.0011352877433667141,0.0007692316787442452,2.829118473782171e-05
55738401,middle,"Emotions, Cognition & Inner Life",Negative Emotions & Distress,0.09884013327167819,0.5509544009620224,0.12236500207966705,high,0.6820866604278195,0.30458942392492316,0.0011352877433667141,0.0007692316787442452,2.829118473782171e-05
55738401,middle,"Emotions, Cognition & Inner Life",Positive Emotions & Security,0.04725394915001044,0.2634028343069213,0.12236500207966705,high,0.6820866604278195,0.30458942392492316,0.0011352877433667141,0.0007692316787442452,2.829118473782171e-05
55738401,middle,Relationship Trajectory (Main Couple),"Bonding, Everyday Intimacy & Growth",0.14596036486371866,0.4716190725322199,0.211097522604789,high,0.6820866604278195,0.30458942392492316,0.0011352877433667141,0.0007692316787442452,2.829118473782171e-05
55738401,middle,Relationship Trajectory (Main Couple),"Conflict, Distance & Breakup Threats",0.1035304339832927,0.3345218224115006,0.211097522604789,high,0.6820866604278195,0.30458942392492316,0.0011352877433667141,0.0007692316787442452,2.829118473782171e-05
55738401,middle,Relationship Trajectory (Main Couple),"Meeting, First Impressions & Setup",4.66033811479668e-06,1.5058227221061825e-05,0.211097522604789,high,0.6820866604278195,0.30458942392492316,0.0011352877433667141,0.0007692316787442452,2.829118473782171e-05
55738401,middle,Relationship Trajectory (Main Couple),"Reconciliation, Commitments & HEA",0.01014809888588414,0.03278997684744481,0.211097522604789,high,0.6820866604278195,0.30458942392492316,0.0011352877433667141,0.0007692316787442452,2.829118473782171e-05
55738401,middle,Relationship Trajectory (Main Couple),"Secrets, Misunderstandings & Hidden Information",0.049844275150041195,0.16105406998161362,0.211097522604789,medium,0.6820866604278195,0.30458942392492316,0.0011352877433667141,0.0007692316787442452,2.829118473782171e-05
55738401,middle,"Sexuality, Attraction & Intimacy",Attraction & Sexual Tension,0.040744092738287184,0.19989610438648023,0.139027232338097,high,0.6820866604278195,0.30458942392492316,0.0011352877433667141,0.0007692316787442452,2.829118473782171e-05
55738401,middle,"Sexuality, Attraction & Intimacy",Explicit Sexual Acts,0.08974505291910792,0.440301532340424,0.139027232338097,high,0.6820866604278195,0.30458942392492316,0.0011352877433667141,0.0007692316787442452,2.829118473782171e-05
55738401,middle,"Sexuality, Attraction & Intimacy",Kissing & Non-Explicit Affection,0.07333720135091043,0.35980236327309584,0.139027232338097,high,0.6820866604278195,0.30458942392492316,0.0011352877433667141,0.0007692316787442452,2.829118473782171e-05
55738401,middle,Social World Outside Couple,"Community, Norms & Social Events",0.0028049172737783395,0.02395098230004175,0.07987967391401882,high,0.6820866604278195,0.30458942392492316,0.0011352877433667141,0.0007692316787442452,2.829118473782171e-05
55738401,middle,Social World Outside Couple,Family & Kinship,0.0933128091141364,0.7967912138989068,0.07987967391401882,high,0.6820866604278195,0.30458942392492316,0.0011352877433667141,0.0007692316787442452,2.829118473782171e-05
55738401,middle,Social World Outside Couple,Friends & Social Circles,0.02099301415041589,0.1792578038010512,0.07987967391401882,high,0.6820866604278195,0.30458942392492316,0.0011352877433667141,0.0007692316787442452,2.829118473782171e-05
55738401,middle,"Spaces, Time, Activities & Objects",Domestic Spaces & Routines,0.04800471534242243,0.5273277677951651,0.06209302443830312,high,0.6820866604278195,0.30458942392492316,0.0011352877433667141,0.0007692316787442452,2.829118473782171e-05
55738401,middle,"Spaces, Time, Activities & Objects",Public & Leisure Spaces,0.03950803545094615,0.4339924525270265,0.06209302443830312,high,0.6820866604278195,0.30458942392492316,0.0011352877433667141,0.0007692316787442452,2.829118473782171e-05
55738401,middle,"Spaces, Time, Activities & Objects","Time, Seasons & Temporal Framing",0.003521172079946415,0.03867977967780827,0.06209302443830312,high,0.6820866604278195,0.30458942392492316,0.0011352877433667141,0.0007692316787442452,2.829118473782171e-05
55738401,middle,"Work, Wealth, Status & Institutions",Hero's Elite Work & Business World,0.046712256785862966,0.7606466455284429,0.041887790368129105,high,0.6820866604278195,0.30458942392492316,0.0011352877433667141,0.0007692316787442452,2.829118473782171e-05
55738401,middle,"Work, Wealth, Status & Institutions",Heroine's Work & Professional Identity,0.005755643744822439,0.09372296284946177,0.041887790368129105,high,0.6820866604278195,0.30458942392492316,0.0011352877433667141,0.0007692316787442452,2.829118473782171e-05
55738401,middle,"Work, Wealth, Status & Institutions","Law, Medicine, Education & Formal Institutions",0.002769313736883603,0.04509457151755196,0.041887790368129105,high,0.6820866604278195,0.30458942392492316,0.0011352877433667141,0.0007692316787442452,2.829118473782171e-05
55738401,middle,"Work, Wealth, Status & Institutions","Money, Housing & Economic Security",0.0027105505500788136,0.04413769158925974,0.041887790368129105,high,0.6820866604278195,0.30458942392492316,0.0011352877433667141,0.0007692316787442452,2.829118473782171e-05
55738401,middle,"Work, Wealth, Status & Institutions",Shared Workplaces & Professional Interaction,0.0034634792343267128,0.05639812851528372,0.041887790368129105,high,0.6820866604278195,0.30458942392492316,0.0011352877433667141,0.0007692316787442452,2.829118473782171e-05
55817097,trash,"Conflict, Risk & Harm",Interpersonal Non-Romantic Conflict,0.003810172882130682,0.12194908412279257,0.019975394952500024,high,0.6393361127713999,0.34403391518667337,0.0015848542189247248,0.0011725670436577504,0.0016289891828979118
55817097,trash,"Conflict, Risk & Harm","Violence, Threats & Coercion",0.02743379183919642,0.8780509158772075,0.019975394952500024,high,0.6393361127713999,0.34403391518667337,0.0015848542189247248,0.0011725670436577504,0.0016289891828979118
55817097,trash,Embodied & Sensory Experience,Body Parts & Physical Reactions,0.007552801127261536,0.3999635971120024,0.012073045017360985,high,0.6393361127713999,0.34403391518667337,0.0015848542189247248,0.0011725670436577504,0.0016289891828979118
55817097,trash,Embodied & Sensory Experience,Exercise & Physical Activity,0.011330920245877611,0.6000364028879975,0.012073045017360985,high,0.6393361127713999,0.34403391518667337,0.0015848542189247248,0.0011725670436577504,0.0016289891828979118
55817097,trash,"Emotions, Cognition & Inner Life",Ambivalence & Internal Conflict,0.012117187866927037,0.05212978997716641,0.1486089967359389,high,0.6393361127713999,0.34403391518667337,0.0015848542189247248,0.0011725670436577504,0.0016289891828979118
55817097,trash,"Emotions, Cognition & Inner Life","Beliefs, Values & Moral Reflection",0.03307287473419624,0.1422840045701146,0.1486089967359389,high,0.6393361127713999,0.34403391518667337,0.0015848542189247248,0.0011725670436577504,0.0016289891828979118
55817097,trash,"Emotions, Cognition & Inner Life",Negative Emotions & Distress,0.13136305828298633,0.5651417403324464,0.1486089967359389,high,0.6393361127713999,0.34403391518667337,0.0015848542189247248,0.0011725670436577504,0.0016289891828979118
55817097,trash,"Emotions, Cognition & Inner Life",Positive Emotions & Security,0.055889554834218376,0.2404444651202727,0.1486089967359389,high,0.6393361127713999,0.34403391518667337,0.0015848542189247248,0.0011725670436577504,0.0016289891828979118
55817097,trash,Relationship Trajectory (Main Couple),"Bonding, Everyday Intimacy & Growth",0.14264128550853075,0.40314526984528076,0.22621057921066168,high,0.6393361127713999,0.34403391518667337,0.0015848542189247248,0.0011725670436577504,0.0016289891828979118
55817097,trash,Relationship Trajectory (Main Couple),"Conflict, Distance & Breakup Threats",0.13113968653971914,0.37063844544726,0.22621057921066168,high,0.6393361127713999,0.34403391518667337,0.0015848542189247248,0.0011725670436577504,0.0016289891828979118
55817097,trash,Relationship Trajectory (Main Couple),"Meeting, First Impressions & Setup",7.779594407558637e-06,2.198736975442145e-05,0.22621057921066168,high,0.6393361127713999,0.34403391518667337,0.0015848542189247248,0.0011725670436577504,0.0016289891828979118
55817097,trash,Relationship Trajectory (Main Couple),"Reconciliation, Commitments & HEA",0.006444956677861021,0.01821529993770307,0.22621057921066168,high,0.6393361127713999,0.34403391518667337,0.0015848542189247248,0.0011725670436577504,0.0016289891828979118
55817097,trash,Relationship Trajectory (Main Couple),"Secrets, Misunderstandings & Hidden Information",0.0735873486976469,0.2079789974000018,0.22621057921066168,medium,0.6393361127713999,0.34403391518667337,0.0015848542189247248,0.0011725670436577504,0.0016289891828979118
55817097,trash,"Sexuality, Attraction & Intimacy",Attraction & Sexual Tension,0.030362811029172057,0.19801000826615664,0.09803565863252028,high,0.6393361127713999,0.34403391518667337,0.0015848542189247248,0.0011725670436577504,0.0016289891828979118
55817097,trash,"Sexuality, Attraction & Intimacy",Explicit Sexual Acts,0.06611774164789229,0.4311845355049709,0.09803565863252028,high,0.6393361127713999,0.34403391518667337,0.0015848542189247248,0.0011725670436577504,0.0016289891828979118
55817097,trash,"Sexuality, Attraction & Intimacy",Kissing & Non-Explicit Affection,0.05685922693831579,0.3708054562288725,0.09803565863252028,high,0.6393361127713999,0.34403391518667337,0.0015848542189247248,0.0011725670436577504,0.0016289891828979118
55817097,trash,Social World Outside Couple,"Community, Norms & Social Events",0.0051896330804779576,0.07151828565644928,0.04639260868641142,high,0.6393361127713999,0.34403391518667337,0.0015848542189247248,0.0011725670436577504,0.0016289891828979118
55817097,trash,Social World Outside Couple,Family & Kinship,0.044721922978755574,0.616312408430577,0.04639260868641142,high,0.6393361127713999,0.34403391518667337,0.0015848542189247248,0.0011725670436577504,0.0016289891828979118
55817097,trash,Social World Outside Couple,Friends & Social Circles,0.022652167089938086,0.3121693059129737,0.04639260868641142,high,0.6393361127713999,0.34403391518667337,0.0015848542189247248,0.0011725670436577504,0.0016289891828979118
55817097,trash,"Spaces, Time, Activities & Objects",Domestic Spaces & Routines,0.040496816189961496,0.5897496992423774,0.04390180626758924,high,0.6393361127713999,0.34403391518667337,0.0015848542189247248,0.0011725670436577504,0.0016289891828979118
55817097,trash,"Spaces, Time, Activities & Objects",Public & Leisure Spaces,0.02543514764757791,0.3704086416320028,0.04390180626758924,high,0.6393361127713999,0.34403391518667337,0.0015848542189247248,0.0011725670436577504,0.0016289891828979118
55817097,trash,"Spaces, Time, Activities & Objects","Time, Seasons & Temporal Framing",0.0027358392015901954,0.039841659125619724,0.04390180626758924,high,0.6393361127713999,0.34403391518667337,0.0015848542189247248,0.0011725670436577504,0.0016289891828979118
55817097,trash,"Work, Wealth, Status & Institutions",Hero's Elite Work & Business World,0.051616425352622654,0.7763113288744962,0.04250903408551951,high,0.6393361127713999,0.34403391518667337,0.0015848542189247248,0.0011725670436577504,0.0016289891828979118
55817097,trash,"Work, Wealth, Status & Institutions",Heroine's Work & Professional Identity,0.004506622713978543,0.06777963107526408,0.04250903408551951,high,0.6393361127713999,0.34403391518667337,0.0015848542189247248,0.0011725670436577504,0.0016289891828979118
55817097,trash,"Work, Wealth, Status & Institutions","Law, Medicine, Education & Formal Institutions",0.005249310756580408,0.07894966343129504,0.04250903408551951,high,0.6393361127713999,0.34403391518667337,0.0015848542189247248,0.0011725670436577504,0.0016289891828979118
55817097,trash,"Work, Wealth, Status & Institutions","Money, Housing & Economic Security",0.0018705783027795951,0.02813350824033464,0.04250903408551951,high,0.6393361127713999,0.34403391518667337,0.0015848542189247248,0.0011725670436577504,0.0016289891828979118
55817097,trash,"Work, Wealth, Status & Institutions",Shared Workplaces & Professional Interaction,0.003246399603745755,0.048825868378610054,0.04250903408551951,high,0.6393361127713999,0.34403391518667337,0.0015848542189247248,0.0011725670436577504,0.0016289891828979118
55849103,middle,"Conflict, Risk & Harm",Interpersonal Non-Romantic Conflict,0.0028936904485640587,0.12830197877066482,0.014150927356551525,high,0.6274313073765192,0.33896748704326796,0.0008686723689833582,0.0002968402673005865,4.352325262576549e-05
55849103,middle,"Conflict, Risk & Harm","Violence, Threats & Coercion",0.01966005717318094,0.8716980212293352,0.014150927356551525,high,0.6274313073765192,0.33896748704326796,0.0008686723689833582,0.0002968402673005865,4.352325262576549e-05
55849103,middle,Embodied & Sensory Experience,Body Parts & Physical Reactions,0.008581390423481201,0.47051807991913136,0.011443201105977793,high,0.6274313073765192,0.33896748704326796,0.0008686723689833582,0.0002968402673005865,4.352325262576549e-05
55849103,middle,Embodied & Sensory Experience,Exercise & Physical Activity,0.009656783176470785,0.5294819200808686,0.011443201105977793,high,0.6274313073765192,0.33896748704326796,0.0008686723689833582,0.0002968402673005865,4.352325262576549e-05
55849103,middle,"Emotions, Cognition & Inner Life",Ambivalence & Internal Conflict,0.013626645938901205,0.0655690238376848,0.13039364895482644,high,0.6274313073765192,0.33896748704326796,0.0008686723689833582,0.0002968402673005865,4.352325262576549e-05
55849103,middle,"Emotions, Cognition & Inner Life","Beliefs, Values & Moral Reflection",0.027218617463697838,0.13097120049263847,0.13039364895482644,high,0.6274313073765192,0.33896748704326796,0.0008686723689833582,0.0002968402673005865,4.352325262576549e-05
55849103,middle,"Emotions, Cognition & Inner Life",Negative Emotions & Distress,0.10653535481437629,0.5126293917594311,0.13039364895482644,high,0.6274313073765192,0.33896748704326796,0.0008686723689833582,0.0002968402673005865,4.352325262576549e-05
55849103,middle,"Emotions, Cognition & Inner Life",Positive Emotions & Security,0.06044077580947498,0.29083038391024574,0.13039364895482644,high,0.6274313073765192,0.33896748704326796,0.0008686723689833582,0.0002968402673005865,4.352325262576549e-05
55849103,middle,Relationship Trajectory (Main Couple),"Bonding, Everyday Intimacy & Growth",0.15623847648377123,0.44380282922335745,0.22088392661731335,high,0.6274313073765192,0.33896748704326796,0.0008686723689833582,0.0002968402673005865,4.352325262576549e-05
55849103,middle,Relationship Trajectory (Main Couple),"Conflict, Distance & Breakup Threats",0.13066504173435317,0.3711602705516492,0.22088392661731335,high,0.6274313073765192,0.33896748704326796,0.0008686723689833582,0.0002968402673005865,4.352325262576549e-05
55849103,middle,Relationship Trajectory (Main Couple),"Meeting, First Impressions & Setup",7.838540475550806e-06,2.226574732628422e-05,0.22088392661731335,high,0.6274313073765192,0.33896748704326796,0.0008686723689833582,0.0002968402673005865,4.352325262576549e-05
55849103,middle,Relationship Trajectory (Main Couple),"Reconciliation, Commitments & HEA",0.007570647112534219,0.021504783477220634,0.22088392661731335,high,0.6274313073765192,0.33896748704326796,0.0008686723689833582,0.0002968402673005865,4.352325262576549e-05
55849103,middle,Relationship Trajectory (Main Couple),"Secrets, Misunderstandings & Hidden Information",0.05756279214151,0.1635098510004464,0.22088392661731335,medium,0.6274313073765192,0.33896748704326796,0.0008686723689833582,0.0002968402673005865,4.352325262576549e-05
55849103,middle,"Sexuality, Attraction & Intimacy",Attraction & Sexual Tension,0.03569714293715441,0.19409482536277986,0.1153946532103698,high,0.6274313073765192,0.33896748704326796,0.0008686723689833582,0.0002968402673005865,4.352325262576549e-05
55849103,middle,"Sexuality, Attraction & Intimacy",Explicit Sexual Acts,0.08267829008542817,0.44954377171518395,0.1153946532103698,high,0.6274313073765192,0.33896748704326796,0.0008686723689833582,0.0002968402673005865,4.352325262576549e-05
55849103,middle,"Sexuality, Attraction & Intimacy",Kissing & Non-Explicit Affection,0.0655405620093993,0.35636140292203616,0.1153946532103698,high,0.6274313073765192,0.33896748704326796,0.0008686723689833582,0.0002968402673005865,4.352325262576549e-05
55849103,middle,Social World Outside Couple,"Community, Norms & Social Events",0.005534758144090084,0.08103856560939036,0.042852196509718096,high,0.6274313073765192,0.33896748704326796,0.0008686723689833582,0.0002968402673005865,4.352325262576549e-05
55849103,middle,Social World Outside Couple,Family & Kinship,0.042588116638685454,0.6235647149441742,0.042852196509718096,high,0.6274313073765192,0.33896748704326796,0.0008686723689833582,0.0002968402673005865,4.352325262576549e-05
55849103,middle,Social World Outside Couple,Friends & Social Circles,0.020174954805767222,0.2953967194464355,0.042852196509718096,high,0.6274313073765192,0.33896748704326796,0.0008686723689833582,0.0002968402673005865,4.352325262576549e-05
55849103,middle,"Spaces, Time, Activities & Objects",Domestic Spaces & Routines,0.04376335221128943,0.6115978143900048,0.04489632998524521,high,0.6274313073765192,0.33896748704326796,0.0008686723689833582,0.0002968402673005865,4.352325262576549e-05
55849103,middle,"Spaces, Time, Activities & Objects",Public & Leisure Spaces,0.02341197336151093,0.32718498503785476,0.04489632998524521,high,0.6274313073765192,0.33896748704326796,0.0008686723689833582,0.0002968402673005865,4.352325262576549e-05
55849103,middle,"Spaces, Time, Activities & Objects","Time, Seasons & Temporal Framing",0.004380443891382745,0.06121720057214053,0.04489632998524521,high,0.6274313073765192,0.33896748704326796,0.0008686723689833582,0.0002968402673005865,4.352325262576549e-05
55849103,middle,"Work, Wealth, Status & Institutions",Hero's Elite Work & Business World,0.0599733996198217,0.7943188664056277,0.047372900383891185,high,0.6274313073765192,0.33896748704326796,0.0008686723689833582,0.0002968402673005865,4.352325262576549e-05
55849103,middle,"Work, Wealth, Status & Institutions",Heroine's Work & Professional Identity,0.005313964348761305,0.07038090494094534,0.047372900383891185,high,0.6274313073765192,0.33896748704326796,0.0008686723689833582,0.0002968402673005865,4.352325262576549e-05
55849103,middle,"Work, Wealth, Status & Institutions","Law, Medicine, Education & Formal Institutions",0.0053038617240672575,0.07024710053023049,0.047372900383891185,high,0.6274313073765192,0.33896748704326796,0.0008686723689833582,0.0002968402673005865,4.352325262576549e-05
55849103,middle,"Work, Wealth, Status & Institutions","Money, Housing & Economic Security",0.0016844343341224932,0.022309523543712607,0.047372900383891185,high,0.6274313073765192,0.33896748704326796,0.0008686723689833582,0.0002968402673005865,4.352325262576549e-05
55849103,middle,"Work, Wealth, Status & Institutions",Shared Workplaces & Professional Interaction,0.0032272672689206455,0.04274360457948397,0.047372900383891185,high,0.6274313073765192,0.33896748704326796,0.0008686723689833582,0.0002968402673005865,4.352325262576549e-05
56916467,top,"Conflict, Risk & Harm",Interpersonal Non-Romantic Conflict,0.002857513320357827,0.13150913969555666,0.014324742884590732,high,0.6592566339731617,0.3259326040837679,0.0009299599905625167,0.0004958994109783737,4.307645804974901e-05
56916467,top,"Conflict, Risk & Harm","Violence, Threats & Coercion",0.018871115784607526,0.8684908603044433,0.014324742884590732,high,0.6592566339731617,0.3259326040837679,0.0009299599905625167,0.0004958994109783737,4.307645804974901e-05
56916467,top,Embodied & Sensory Experience,Body Parts & Physical Reactions,0.006384711154897537,0.38935843671525266,0.010810509771865845,high,0.6592566339731617,0.3259326040837679,0.0009299599905625167,0.0004958994109783737,4.307645804974901e-05
56916467,top,Embodied & Sensory Experience,Exercise & Physical Activity,0.010013318405630085,0.6106415632847473,0.010810509771865845,high,0.6592566339731617,0.3259326040837679,0.0009299599905625167,0.0004958994109783737,4.307645804974901e-05
56916467,top,"Emotions, Cognition & Inner Life",Ambivalence & Internal Conflict,0.009421536674133837,0.050079049433708896,0.1240281240335069,high,0.6592566339731617,0.3259326040837679,0.0009299599905625167,0.0004958994109783737,4.307645804974901e-05
56916467,top,"Emotions, Cognition & Inner Life","Beliefs, Values & Moral Reflection",0.023788123395999405,0.1264429199489309,0.1240281240335069,high,0.6592566339731617,0.3259326040837679,0.0009299599905625167,0.0004958994109783737,4.307645804974901e-05
56916467,top,"Emotions, Cognition & Inner Life",Negative Emotions & Distress,0.10698978975056168,0.5686914093887003,0.1240281240335069,high,0.6592566339731617,0.3259326040837679,0.0009299599905625167,0.0004958994109783737,4.307645804974901e-05
56916467,top,"Emotions, Cognition & Inner Life",Positive Emotions & Security,0.04793384705039286,0.2547866212286598,0.1240281240335069,high,0.6592566339731617,0.3259326040837679,0.0009299599905625167,0.0004958994109783737,4.307645804974901e-05
56916467,top,Relationship Trajectory (Main Couple),"Bonding, Everyday Intimacy & Growth",0.16689289938055604,0.4277221869916834,0.25723531400952615,high,0.6592566339731617,0.3259326040837679,0.0009299599905625167,0.0004958994109783737,4.307645804974901e-05
56916467,top,Relationship Trajectory (Main Couple),"Conflict, Distance & Breakup Threats",0.13815280001540606,0.3540654993767733,0.25723531400952615,high,0.6592566339731617,0.3259326040837679,0.0009299599905625167,0.0004958994109783737,4.307645804974901e-05
56916467,top,Relationship Trajectory (Main Couple),"Meeting, First Impressions & Setup",7.269703774372225e-06,1.863119167260658e-05,0.25723531400952615,high,0.6592566339731617,0.3259326040837679,0.0009299599905625167,0.0004958994109783737,4.307645804974901e-05
56916467,top,Relationship Trajectory (Main Couple),"Reconciliation, Commitments & HEA",0.0296360587428046,0.07595290097023269,0.25723531400952615,high,0.6592566339731617,0.3259326040837679,0.0009299599905625167,0.0004958994109783737,4.307645804974901e-05
56916467,top,Relationship Trajectory (Main Couple),"Secrets, Misunderstandings & Hidden Information",0.0555009236172393,0.14224078146963806,0.25723531400952615,medium,0.6592566339731617,0.3259326040837679,0.0009299599905625167,0.0004958994109783737,4.307645804974901e-05
56916467,top,"Sexuality, Attraction & Intimacy",Attraction & Sexual Tension,0.0313306270413585,0.19788209396210726,0.10437995328425098,high,0.6592566339731617,0.3259326040837679,0.0009299599905625167,0.0004958994109783737,4.307645804974901e-05
56916467,top,"Sexuality, Attraction & Intimacy",Explicit Sexual Acts,0.06670149786718474,0.42128209087369856,0.10437995328425098,high,0.6592566339731617,0.3259326040837679,0.0009299599905625167,0.0004958994109783737,4.307645804974901e-05
56916467,top,"Sexuality, Attraction & Intimacy",Kissing & Non-Explicit Affection,0.0602976482105852,0.38083581516419424,0.10437995328425098,high,0.6592566339731617,0.3259326040837679,0.0009299599905625167,0.0004958994109783737,4.307645804974901e-05
56916467,top,Social World Outside Couple,"Community, Norms & Social Events",0.003425027349130626,0.038453677922626724,0.05871927273113328,high,0.6592566339731617,0.3259326040837679,0.0009299599905625167,0.0004958994109783737,4.307645804974901e-05
56916467,top,Social World Outside Couple,Family & Kinship,0.0443682167875035,0.4981335751321823,0.05871927273113328,high,0.6592566339731617,0.3259326040837679,0.0009299599905625167,0.0004958994109783737,4.307645804974901e-05
56916467,top,Social World Outside Couple,Friends & Social Circles,0.041275670312126256,0.46341274694519086,0.05871927273113328,high,0.6592566339731617,0.3259326040837679,0.0009299599905625167,0.0004958994109783737,4.307645804974901e-05
56916467,top,"Spaces, Time, Activities & Objects",Domestic Spaces & Routines,0.04170161706940629,0.549556345032759,0.05002593082384616,high,0.6592566339731617,0.3259326040837679,0.0009299599905625167,0.0004958994109783737,4.307645804974901e-05
56916467,top,"Spaces, Time, Activities & Objects",Public & Leisure Spaces,0.03152101741108357,0.4153933669123222,0.05002593082384616,high,0.6592566339731617,0.3259326040837679,0.0009299599905625167,0.0004958994109783737,4.307645804974901e-05
56916467,top,"Spaces, Time, Activities & Objects","Time, Seasons & Temporal Framing",0.0026596975976166427,0.03505028805491887,0.05002593082384616,high,0.6592566339731617,0.3259326040837679,0.0009299599905625167,0.0004958994109783737,4.307645804974901e-05
56916467,top,"Work, Wealth, Status & Institutions",Hero's Elite Work & Business World,0.04669907540475241,0.7756840571349195,0.039689709976391874,high,0.6592566339731617,0.3259326040837679,0.0009299599905625167,0.0004958994109783737,4.307645804974901e-05
56916467,top,"Work, Wealth, Status & Institutions",Heroine's Work & Professional Identity,0.005209830418789185,0.08653666825746306,0.039689709976391874,high,0.6592566339731617,0.3259326040837679,0.0009299599905625167,0.0004958994109783737,4.307645804974901e-05
56916467,top,"Work, Wealth, Status & Institutions","Law, Medicine, Education & Formal Institutions",0.0032813560937339226,0.054504197045256574,0.039689709976391874,high,0.6592566339731617,0.3259326040837679,0.0009299599905625167,0.0004958994109783737,4.307645804974901e-05
56916467,top,"Work, Wealth, Status & Institutions","Money, Housing & Economic Security",0.0014295956478001177,0.023745963759170447,0.039689709976391874,high,0.6592566339731617,0.3259326040837679,0.0009299599905625167,0.0004958994109783737,4.307645804974901e-05
56916467,top,"Work, Wealth, Status & Institutions",Shared Workplaces & Professional Interaction,0.0035838748375741623,0.05952911380319042,0.039689709976391874,high,0.6592566339731617,0.3259326040837679,0.0009299599905625167,0.0004958994109783737,4.307645804974901e-05
57200226,top,"Conflict, Risk & Harm",Interpersonal Non-Romantic Conflict,0.003621522040741154,0.17442379134607955,0.013298483045738977,high,0.6404964006555226,0.33808695284455803,0.0008376307375528439,0.00039609136368634135,0.00019422855251712072
57200226,top,"Conflict, Risk & Harm","Violence, Threats & Coercion",0.017141253569127237,0.8255762086539205,0.013298483045738977,high,0.6404964006555226,0.33808695284455803,0.0008376307375528439,0.00039609136368634135,0.00019422855251712072
57200226,top,Embodied & Sensory Experience,Body Parts & Physical Reactions,0.008574812778758266,0.4141244844449218,0.013262043002482987,high,0.6404964006555226,0.33808695284455803,0.0008376307375528439,0.00039609136368634135,0.00019422855251712072
57200226,top,Embodied & Sensory Experience,Exercise & Physical Activity,0.012131069391554967,0.5858755155550781,0.013262043002482987,high,0.6404964006555226,0.33808695284455803,0.0008376307375528439,0.00039609136368634135,0.00019422855251712072
57200226,top,"Emotions, Cognition & Inner Life",Ambivalence & Internal Conflict,0.010064152166530277,0.055146163233298594,0.11689033035792122,high,0.6404964006555226,0.33808695284455803,0.0008376307375528439,0.00039609136368634135,0.00019422855251712072
57200226,top,"Emotions, Cognition & Inner Life","Beliefs, Values & Moral Reflection",0.02237596043571569,0.12260827800214247,0.11689033035792122,high,0.6404964006555226,0.33808695284455803,0.0008376307375528439,0.00039609136368634135,0.00019422855251712072
57200226,top,"Emotions, Cognition & Inner Life",Negative Emotions & Distress,0.10558977977646,0.5785754363577167,0.11689033035792122,high,0.6404964006555226,0.33808695284455803,0.0008376307375528439,0.00039609136368634135,0.00019422855251712072
57200226,top,"Emotions, Cognition & Inner Life",Positive Emotions & Security,0.044469697374317795,0.24367012240684224,0.11689033035792122,high,0.6404964006555226,0.33808695284455803,0.0008376307375528439,0.00039609136368634135,0.00019422855251712072
57200226,top,Relationship Trajectory (Main Couple),"Bonding, Everyday Intimacy & Growth",0.1974767105694509,0.5223809325506777,0.24212813763212,high,0.6404964006555226,0.33808695284455803,0.0008376307375528439,0.00039609136368634135,0.00019422855251712072
57200226,top,Relationship Trajectory (Main Couple),"Conflict, Distance & Breakup Threats",0.11607403943361046,0.3070481819825979,0.24212813763212,high,0.6404964006555226,0.33808695284455803,0.0008376307375528439,0.00039609136368634135,0.00019422855251712072
57200226,top,Relationship Trajectory (Main Couple),"Meeting, First Impressions & Setup",1.85771857609607e-05,4.914183345465884e-05,0.24212813763212,high,0.6404964006555226,0.33808695284455803,0.0008376307375528439,0.00039609136368634135,0.00019422855251712072
57200226,top,Relationship Trajectory (Main Couple),"Reconciliation, Commitments & HEA",0.006924983640221019,0.018318511592811882,0.24212813763212,high,0.6404964006555226,0.33808695284455803,0.0008376307375528439,0.00039609136368634135,0.00019422855251712072
57200226,top,Relationship Trajectory (Main Couple),"Secrets, Misunderstandings & Hidden Information",0.05753769276115866,0.15220323204045771,0.24212813763212,medium,0.6404964006555226,0.33808695284455803,0.0008376307375528439,0.00039609136368634135,0.00019422855251712072
57200226,top,"Sexuality, Attraction & Intimacy",Attraction & Sexual Tension,0.034989271943186594,0.18466847871824663,0.12135532223320337,high,0.6404964006555226,0.33808695284455803,0.0008376307375528439,0.00039609136368634135,0.00019422855251712072
57200226,top,"Sexuality, Attraction & Intimacy",Explicit Sexual Acts,0.0707492415777503,0.3734045919517061,0.12135532223320337,high,0.6404964006555226,0.33808695284455803,0.0008376307375528439,0.00039609136368634135,0.00019422855251712072
57200226,top,"Sexuality, Attraction & Intimacy",Kissing & Non-Explicit Affection,0.0837322190374366,0.44192692933004724,0.12135532223320337,high,0.6404964006555226,0.33808695284455803,0.0008376307375528439,0.00039609136368634135,0.00019422855251712072
57200226,top,Social World Outside Couple,"Community, Norms & Social Events",0.005904556133498844,0.093475043493547,0.040458359896196,high,0.6404964006555226,0.33808695284455803,0.0008376307375528439,0.00039609136368634135,0.00019422855251712072
57200226,top,Social World Outside Couple,Family & Kinship,0.03402253783596824,0.5386108848953332,0.040458359896196,high,0.6404964006555226,0.33808695284455803,0.0008376307375528439,0.00039609136368634135,0.00019422855251712072
57200226,top,Social World Outside Couple,Friends & Social Circles,0.02324009924939953,0.3679140716111198,0.040458359896196,high,0.6404964006555226,0.33808695284455803,0.0008376307375528439,0.00039609136368634135,0.00019422855251712072
57200226,top,"Spaces, Time, Activities & Objects",Domestic Spaces & Routines,0.05519349984295665,0.6668103621146716,0.05301542986957291,high,0.6404964006555226,0.33808695284455803,0.0008376307375528439,0.00039609136368634135,0.00019422855251712072
57200226,top,"Spaces, Time, Activities & Objects",Public & Leisure Spaces,0.024775621465439903,0.2993222239573967,0.05301542986957291,high,0.6404964006555226,0.33808695284455803,0.0008376307375528439,0.00039609136368634135,0.00019422855251712072
57200226,top,"Spaces, Time, Activities & Objects","Time, Seasons & Temporal Framing",0.0028032874285045827,0.033867413927931724,0.05301542986957291,high,0.6404964006555226,0.33808695284455803,0.0008376307375528439,0.00039609136368634135,0.00019422855251712072
57200226,top,"Work, Wealth, Status & Institutions",Hero's Elite Work & Business World,0.04221192513594475,0.6777094636014289,0.03989406606577006,high,0.6404964006555226,0.33808695284455803,0.0008376307375528439,0.00039609136368634135,0.00019422855251712072
57200226,top,"Work, Wealth, Status & Institutions",Heroine's Work & Professional Identity,0.006653002900606127,0.10681348961431622,0.03989406606577006,high,0.6404964006555226,0.33808695284455803,0.0008376307375528439,0.00039609136368634135,0.00019422855251712072
57200226,top,"Work, Wealth, Status & Institutions","Law, Medicine, Education & Formal Institutions",0.003836462562762445,0.0615941342917505,0.03989406606577006,high,0.6404964006555226,0.33808695284455803,0.0008376307375528439,0.00039609136368634135,0.00019422855251712072
57200226,top,"Work, Wealth, Status & Institutions","Money, Housing & Economic Security",0.0018524680135816218,0.029741242546508825,0.03989406606577006,high,0.6404964006555226,0.33808695284455803,0.0008376307375528439,0.00039609136368634135,0.00019422855251712072
57200226,top,"Work, Wealth, Status & Institutions",Shared Workplaces & Professional Interaction,0.0077323088424413695,0.12414166994599553,0.03989406606577006,high,0.6404964006555226,0.33808695284455803,0.0008376307375528439,0.00039609136368634135,0.00019422855251712072
57216633,top,"Conflict, Risk & Harm",Interpersonal Non-Romantic Conflict,0.005374924214019522,0.24912150911608547,0.01347899780761128,high,0.6247359295682775,0.3412728631049664,0.0013940221642267986,0.0008595923090417286,3.5491845496600354e-05
57216633,top,"Conflict, Risk & Harm","Violence, Threats & Coercion",0.016200588205965535,0.7508784908839146,0.01347899780761128,high,0.6247359295682775,0.3412728631049664,0.0013940221642267986,0.0008595923090417286,3.5491845496600354e-05
57216633,top,Embodied & Sensory Experience,Body Parts & Physical Reactions,0.011240448042782918,0.5175410612171921,0.013568607948239525,high,0.6247359295682775,0.3412728631049664,0.0013940221642267986,0.0008595923090417286,3.5491845496600354e-05
57216633,top,Embodied & Sensory Experience,Exercise & Physical Activity,0.010478501206087856,0.48245893878280793,0.013568607948239525,high,0.6247359295682775,0.3412728631049664,0.0013940221642267986,0.0008595923090417286,3.5491845496600354e-05
57216633,top,"Emotions, Cognition & Inner Life",Ambivalence & Internal Conflict,0.007432378231237474,0.03895854632398266,0.11918498407464452,high,0.6247359295682775,0.3412728631049664,0.0013940221642267986,0.0008595923090417286,3.5491845496600354e-05
57216633,top,"Emotions, Cognition & Inner Life","Beliefs, Values & Moral Reflection",0.02773860356534108,0.145398368912531,0.11918498407464452,high,0.6247359295682775,0.3412728631049664,0.0013940221642267986,0.0008595923090417286,3.5491845496600354e-05
57216633,top,"Emotions, Cognition & Inner Life",Negative Emotions & Distress,0.10583607936995897,0.5547645279345188,0.11918498407464452,high,0.6247359295682775,0.3412728631049664,0.0013940221642267986,0.0008595923090417286,3.5491845496600354e-05
57216633,top,"Emotions, Cognition & Inner Life",Positive Emotions & Security,0.049769518879062016,0.26087855682896754,0.11918498407464452,high,0.6247359295682775,0.3412728631049664,0.0013940221642267986,0.0008595923090417286,3.5491845496600354e-05
57216633,top,Relationship Trajectory (Main Couple),"Bonding, Everyday Intimacy & Growth",0.15710279981136116,0.46094243453352857,0.21292846204809668,high,0.6247359295682775,0.3412728631049664,0.0013940221642267986,0.0008595923090417286,3.5491845496600354e-05
57216633,top,Relationship Trajectory (Main Couple),"Conflict, Distance & Breakup Threats",0.12508369716484632,0.3669978126478264,0.21292846204809668,high,0.6247359295682775,0.3412728631049664,0.0013940221642267986,0.0008595923090417286,3.5491845496600354e-05
57216633,top,Relationship Trajectory (Main Couple),"Meeting, First Impressions & Setup",6.9939520683853674e-06,2.0520380905262667e-05,0.21292846204809668,high,0.6247359295682775,0.3412728631049664,0.0013940221642267986,0.0008595923090417286,3.5491845496600354e-05
57216633,top,Relationship Trajectory (Main Couple),"Reconciliation, Commitments & HEA",0.0074248403410211074,0.021784614831323493,0.21292846204809668,high,0.6247359295682775,0.3412728631049664,0.0013940221642267986,0.0008595923090417286,3.5491845496600354e-05
57216633,top,Relationship Trajectory (Main Couple),"Secrets, Misunderstandings & Hidden Information",0.051211212815418086,0.15025461760641637,0.21292846204809668,medium,0.6247359295682775,0.3412728631049664,0.0013940221642267986,0.0008595923090417286,3.5491845496600354e-05
57216633,top,"Sexuality, Attraction & Intimacy",Attraction & Sexual Tension,0.03375071863947834,0.17235231487033065,0.12233828480166,high,0.6247359295682775,0.3412728631049664,0.0013940221642267986,0.0008595923090417286,3.5491845496600354e-05
57216633,top,"Sexuality, Attraction & Intimacy",Explicit Sexual Acts,0.10081624819721986,0.5148309266816017,0.12233828480166,high,0.6247359295682775,0.3412728631049664,0.0013940221642267986,0.0008595923090417286,3.5491845496600354e-05
57216633,top,"Sexuality, Attraction & Intimacy",Kissing & Non-Explicit Affection,0.06125702696849501,0.3128167584480676,0.12233828480166,high,0.6247359295682775,0.3412728631049664,0.0013940221642267986,0.0008595923090417286,3.5491845496600354e-05
57216633,top,Social World Outside Couple,"Community, Norms & Social Events",0.005501248198993662,0.0708535358541998,0.04850608182005643,high,0.6247359295682775,0.3412728631049664,0.0013940221642267986,0.0008595923090417286,3.5491845496600354e-05
57216633,top,Social World Outside Couple,Family & Kinship,0.05063458857682184,0.65215011346821,0.04850608182005643,high,0.6247359295682775,0.3412728631049664,0.0013940221642267986,0.0008595923090417286,3.5491845496600354e-05
57216633,top,Social World Outside Couple,Friends & Social Circles,0.021506699093021848,0.2769963506775902,0.04850608182005643,high,0.6247359295682775,0.3412728631049664,0.0013940221642267986,0.0008595923090417286,3.5491845496600354e-05
57216633,top,"Spaces, Time, Activities & Objects",Domestic Spaces & Routines,0.04811953272528074,0.5739506250989131,0.052377329499969795,high,0.6247359295682775,0.3412728631049664,0.0013940221642267986,0.0008595923090417286,3.5491845496600354e-05
57216633,top,"Spaces, Time, Activities & Objects",Public & Leisure Spaces,0.03290658943118906,0.392496695296911,0.052377329499969795,high,0.6247359295682775,0.3412728631049664,0.0013940221642267986,0.0008595923090417286,3.5491845496600354e-05
57216633,top,"Spaces, Time, Activities & Objects","Time, Seasons & Temporal Framing",0.0028130281484679094,0.03355267960417576,0.052377329499969795,high,0.6247359295682775,0.3412728631049664,0.0013940221642267986,0.0008595923090417286,3.5491845496600354e-05
57216633,top,"Work, Wealth, Status & Institutions",Hero's Elite Work & Business World,0.052577336515922855,0.7761990651638213,0.04231768972250265,high,0.6247359295682775,0.3412728631049664,0.0013940221642267986,0.0008595923090417286,3.5491845496600354e-05
57216633,top,"Work, Wealth, Status & Institutions",Heroine's Work & Professional Identity,0.005273600665299854,0.0778541511933263,0.04231768972250265,high,0.6247359295682775,0.3412728631049664,0.0013940221642267986,0.0008595923090417286,3.5491845496600354e-05
57216633,top,"Work, Wealth, Status & Institutions","Law, Medicine, Education & Formal Institutions",0.00408066766313445,0.06024288477241438,0.04231768972250265,high,0.6247359295682775,0.3412728631049664,0.0013940221642267986,0.0008595923090417286,3.5491845496600354e-05
57216633,top,"Work, Wealth, Status & Institutions","Money, Housing & Economic Security",0.00172129504067447,0.02541147364964032,0.04231768972250265,high,0.6247359295682775,0.3412728631049664,0.0013940221642267986,0.0008595923090417286,3.5491845496600354e-05
57216633,top,"Work, Wealth, Status & Institutions",Shared Workplaces & Professional Interaction,0.004084023380685138,0.06029242522079767,0.04231768972250265,high,0.6247359295682775,0.3412728631049664,0.0013940221642267986,0.0008595923090417286,3.5491845496600354e-05
58013278,trash,"Conflict, Risk & Harm",Interpersonal Non-Romantic Conflict,0.0023179771793313962,0.161169053449015,0.009851905252338903,high,0.6850033979397657,0.3027131144818572,0.00046494080207416994,0.0002532494026311933,3.828347953751629e-05
58013278,trash,"Conflict, Risk & Harm","Violence, Threats & Coercion",0.012064294911536697,0.838830946550985,0.009851905252338903,high,0.6850033979397657,0.3027131144818572,0.00046494080207416994,0.0002532494026311933,3.828347953751629e-05
58013278,trash,Embodied & Sensory Experience,Body Parts & Physical Reactions,0.01556191671721161,0.4440021173556846,0.024008817555268618,high,0.6850033979397657,0.3027131144818572,0.00046494080207416994,0.0002532494026311933,3.828347953751629e-05
58013278,trash,Embodied & Sensory Experience,Exercise & Physical Activity,0.019487278115220125,0.5559978826443154,0.024008817555268618,high,0.6850033979397657,0.3027131144818572,0.00046494080207416994,0.0002532494026311933,3.828347953751629e-05
58013278,trash,"Emotions, Cognition & Inner Life",Ambivalence & Internal Conflict,0.013577581626398086,0.08422538960403615,0.11042619801003002,high,0.6850033979397657,0.3027131144818572,0.00046494080207416994,0.0002532494026311933,3.828347953751629e-05
58013278,trash,"Emotions, Cognition & Inner Life","Beliefs, Values & Moral Reflection",0.0198382306949789,0.12306187915606034,0.11042619801003002,high,0.6850033979397657,0.3027131144818572,0.00046494080207416994,0.0002532494026311933,3.828347953751629e-05
58013278,trash,"Emotions, Cognition & Inner Life",Negative Emotions & Distress,0.09326126880097593,0.5785247267051589,0.11042619801003002,high,0.6850033979397657,0.3027131144818572,0.00046494080207416994,0.0002532494026311933,3.828347953751629e-05
58013278,trash,"Emotions, Cognition & Inner Life",Positive Emotions & Security,0.03452824770105256,0.21418800453474454,0.11042619801003002,high,0.6850033979397657,0.3027131144818572,0.00046494080207416994,0.0002532494026311933,3.828347953751629e-05
58013278,trash,Relationship Trajectory (Main Couple),"Bonding, Everyday Intimacy & Growth",0.14650444006448946,0.49737961126785396,0.20176950760330475,high,0.6850033979397657,0.3027131144818572,0.00046494080207416994,0.0002532494026311933,3.828347953751629e-05
58013278,trash,Relationship Trajectory (Main Couple),"Conflict, Distance & Breakup Threats",0.09714963302345346,0.3298210394630359,0.20176950760330475,high,0.6850033979397657,0.3027131144818572,0.00046494080207416994,0.0002532494026311933,3.828347953751629e-05
58013278,trash,Relationship Trajectory (Main Couple),"Meeting, First Impressions & Setup",6.57603975833524e-06,2.2325521992664344e-05,0.20176950760330475,high,0.6850033979397657,0.3027131144818572,0.00046494080207416994,0.0002532494026311933,3.828347953751629e-05
58013278,trash,Relationship Trajectory (Main Couple),"Reconciliation, Commitments & HEA",0.005474996379278919,0.018587501987106732,0.20176950760330475,high,0.6850033979397657,0.3027131144818572,0.00046494080207416994,0.0002532494026311933,3.828347953751629e-05
58013278,trash,Relationship Trajectory (Main Couple),"Secrets, Misunderstandings & Hidden Information",0.04541691906445412,0.1541895217600107,0.20176950760330475,medium,0.6850033979397657,0.3027131144818572,0.00046494080207416994,0.0002532494026311933,3.828347953751629e-05
58013278,trash,"Sexuality, Attraction & Intimacy",Attraction & Sexual Tension,0.04931854702978746,0.20377027602648407,0.16579146358159577,high,0.6850033979397657,0.3027131144818572,0.00046494080207416994,0.0002532494026311933,3.828347953751629e-05
58013278,trash,"Sexuality, Attraction & Intimacy",Explicit Sexual Acts,0.09796073082590816,0.4047460106254764,0.16579146358159577,high,0.6850033979397657,0.3027131144818572,0.00046494080207416994,0.0002532494026311933,3.828347953751629e-05
58013278,trash,"Sexuality, Attraction & Intimacy",Kissing & Non-Explicit Affection,0.09475085525055546,0.3914837133480396,0.16579146358159577,high,0.6850033979397657,0.3027131144818572,0.00046494080207416994,0.0002532494026311933,3.828347953751629e-05
58013278,trash,Social World Outside Couple,"Community, Norms & Social Events",0.003820346765271016,0.058842861006754156,0.04447354310692774,high,0.6850033979397657,0.3027131144818572,0.00046494080207416994,0.0002532494026311933,3.828347953751629e-05
58013278,trash,Social World Outside Couple,Family & Kinship,0.03449007763177546,0.5312331494742601,0.04447354310692774,high,0.6850033979397657,0.3027131144818572,0.00046494080207416994,0.0002532494026311933,3.828347953751629e-05
58013278,trash,Social World Outside Couple,Friends & Social Circles,0.026614133993010484,0.40992398951898573,0.04447354310692774,high,0.6850033979397657,0.3027131144818572,0.00046494080207416994,0.0002532494026311933,3.828347953751629e-05
58013278,trash,"Spaces, Time, Activities & Objects",Domestic Spaces & Routines,0.0750561804737949,0.6673123694616437,0.07704598477982356,high,0.6850033979397657,0.3027131144818572,0.00046494080207416994,0.0002532494026311933,3.828347953751629e-05
58013278,trash,"Spaces, Time, Activities & Objects",Public & Leisure Spaces,0.03472912474789489,0.30877103495744934,0.07704598477982356,high,0.6850033979397657,0.3027131144818572,0.00046494080207416994,0.0002532494026311933,3.828347953751629e-05
58013278,trash,"Spaces, Time, Activities & Objects","Time, Seasons & Temporal Framing",0.0026900270343969625,0.023916595580906922,0.07704598477982356,high,0.6850033979397657,0.3027131144818572,0.00046494080207416994,0.0002532494026311933,3.828347953751629e-05
58013278,trash,"Work, Wealth, Status & Institutions",Hero's Elite Work & Business World,0.05000577729017776,0.6638693384507091,0.05159769457093888,high,0.6850033979397657,0.3027131144818572,0.00046494080207416994,0.0002532494026311933,3.828347953751629e-05
58013278,trash,"Work, Wealth, Status & Institutions",Heroine's Work & Professional Identity,0.014228370330976667,0.18889375009700202,0.05159769457093888,high,0.6850033979397657,0.3027131144818572,0.00046494080207416994,0.0002532494026311933,3.828347953751629e-05
58013278,trash,"Work, Wealth, Status & Institutions","Law, Medicine, Education & Formal Institutions",0.002150656342495945,0.028551797026221754,0.05159769457093888,high,0.6850033979397657,0.3027131144818572,0.00046494080207416994,0.0002532494026311933,3.828347953751629e-05
58013278,trash,"Work, Wealth, Status & Institutions","Money, Housing & Economic Security",0.0010422434582196324,0.013836670733018556,0.05159769457093888,high,0.6850033979397657,0.3027131144818572,0.00046494080207416994,0.0002532494026311933,3.828347953751629e-05
58013278,trash,"Work, Wealth, Status & Institutions",Shared Workplaces & Professional Interaction,0.007897680493532257,0.10484844369304855,0.05159769457093888,high,0.6850033979397657,0.3027131144818572,0.00046494080207416994,0.0002532494026311933,3.828347953751629e-05
58995736,middle,"Conflict, Risk & Harm",Interpersonal Non-Romantic Conflict,0.0035703906327506133,0.14916055665061992,0.01502960366834828,high,0.6278932139371923,0.316952484535136,0.001059121618658516,0.00044987522395595976,6.0054928581028826e-05
58995736,middle,"Conflict, Risk & Harm","Violence, Threats & Coercion",0.02036616949362094,0.8508394433493802,0.01502960366834828,high,0.6278932139371923,0.316952484535136,0.001059121618658516,0.00044987522395595976,6.0054928581028826e-05
58995736,middle,Embodied & Sensory Experience,Body Parts & Physical Reactions,0.007434922568761786,0.3898145379464676,0.011975790979132483,high,0.6278932139371923,0.316952484535136,0.001059121618658516,0.00044987522395595976,6.0054928581028826e-05
58995736,middle,Embodied & Sensory Experience,Exercise & Physical Activity,0.011638051486871841,0.6101854620535324,0.011975790979132483,high,0.6278932139371923,0.316952484535136,0.001059121618658516,0.00044987522395595976,6.0054928581028826e-05
58995736,middle,"Emotions, Cognition & Inner Life",Ambivalence & Internal Conflict,0.010038254246682912,0.05238017603863333,0.12033086174852907,high,0.6278932139371923,0.316952484535136,0.001059121618658516,0.00044987522395595976,6.0054928581028826e-05
58995736,middle,"Emotions, Cognition & Inner Life","Beliefs, Values & Moral Reflection",0.025331039215449876,0.1321787893333383,0.12033086174852907,high,0.6278932139371923,0.316952484535136,0.001059121618658516,0.00044987522395595976,6.0054928581028826e-05
58995736,middle,"Emotions, Cognition & Inner Life",Negative Emotions & Distress,0.10462829382150361,0.5459563300862993,0.12033086174852907,high,0.6278932139371923,0.316952484535136,0.001059121618658516,0.00044987522395595976,6.0054928581028826e-05
58995736,middle,"Emotions, Cognition & Inner Life",Positive Emotions & Security,0.05164465231630562,0.269484704541729,0.12033086174852907,high,0.6278932139371923,0.316952484535136,0.001059121618658516,0.00044987522395595976,6.0054928581028826e-05
58995736,middle,Relationship Trajectory (Main Couple),"Bonding, Everyday Intimacy & Growth",0.16441511852503535,0.4619242016282763,0.2234893448462896,high,0.6278932139371923,0.316952484535136,0.001059121618658516,0.00044987522395595976,6.0054928581028826e-05
58995736,middle,Relationship Trajectory (Main Couple),"Conflict, Distance & Breakup Threats",0.12137868206260524,0.3410133527223284,0.2234893448462896,high,0.6278932139371923,0.316952484535136,0.001059121618658516,0.00044987522395595976,6.0054928581028826e-05
58995736,middle,Relationship Trajectory (Main Couple),"Meeting, First Impressions & Setup",1.4603392163820022e-05,4.102822372329485e-05,0.2234893448462896,high,0.6278932139371923,0.316952484535136,0.001059121618658516,0.00044987522395595976,6.0054928581028826e-05
58995736,middle,Relationship Trajectory (Main Couple),"Reconciliation, Commitments & HEA",0.010725075512010435,0.03013209483247144,0.2234893448462896,high,0.6278932139371923,0.316952484535136,0.001059121618658516,0.00044987522395595976,6.0054928581028826e-05
58995736,middle,Relationship Trajectory (Main Couple),"Secrets, Misunderstandings & Hidden Information",0.059401797216949,0.16688932259320058,0.2234893448462896,medium,0.6278932139371923,0.316952484535136,0.001059121618658516,0.00044987522395595976,6.0054928581028826e-05
58995736,middle,"Sexuality, Attraction & Intimacy",Attraction & Sexual Tension,0.03381195097631672,0.1892639283066941,0.11217295740371355,high,0.6278932139371923,0.316952484535136,0.001059121618658516,0.00044987522395595976,6.0054928581028826e-05
58995736,middle,"Sexuality, Attraction & Intimacy",Explicit Sexual Acts,0.08848382379534629,0.4952922147212008,0.11217295740371355,high,0.6278932139371923,0.316952484535136,0.001059121618658516,0.00044987522395595976,6.0054928581028826e-05
58995736,middle,"Sexuality, Attraction & Intimacy",Kissing & Non-Explicit Affection,0.0563539620208963,0.3154438569721051,0.11217295740371355,high,0.6278932139371923,0.316952484535136,0.001059121618658516,0.00044987522395595976,6.0054928581028826e-05
58995736,middle,Social World Outside Couple,"Community, Norms & Social Events",0.0031525263594899375,0.036096407685975725,0.05483786434102457,high,0.6278932139371923,0.316952484535136,0.001059121618658516,0.00044987522395595976,6.0054928581028826e-05
58995736,middle,Social World Outside Couple,Family & Kinship,0.05420212620829731,0.6206140161752561,0.05483786434102457,high,0.6278932139371923,0.316952484535136,0.001059121618658516,0.00044987522395595976,6.0054928581028826e-05
58995736,middle,Social World Outside Couple,Friends & Social Circles,0.029981638259700426,0.3432895761387681,0.05483786434102457,high,0.6278932139371923,0.316952484535136,0.001059121618658516,0.00044987522395595976,6.0054928581028826e-05
58995736,middle,"Spaces, Time, Activities & Objects",Domestic Spaces & Routines,0.04413349245577136,0.5888202160665141,0.047062107692981824,high,0.6278932139371923,0.316952484535136,0.001059121618658516,0.00044987522395595976,6.0054928581028826e-05
58995736,middle,"Spaces, Time, Activities & Objects",Public & Leisure Spaces,0.028313041266876067,0.37774692526247106,0.047062107692981824,high,0.6278932139371923,0.316952484535136,0.001059121618658516,0.00044987522395595976,6.0054928581028826e-05
58995736,middle,"Spaces, Time, Activities & Objects","Time, Seasons & Temporal Framing",0.002505873228655298,0.033432858671014885,0.047062107692981824,high,0.6278932139371923,0.316952484535136,0.001059121618658516,0.00044987522395595976,6.0054928581028826e-05
58995736,middle,"Work, Wealth, Status & Institutions",Hero's Elite Work & Business World,0.053895483184336776,0.7881891487290514,0.04293462832859197,high,0.6278932139371923,0.316952484535136,0.001059121618658516,0.00044987522395595976,6.0054928581028826e-05
58995736,middle,"Work, Wealth, Status & Institutions",Heroine's Work & Professional Identity,0.00518830802260907,0.07587589612468328,0.04293462832859197,high,0.6278932139371923,0.316952484535136,0.001059121618658516,0.00044987522395595976,6.0054928581028826e-05
58995736,middle,"Work, Wealth, Status & Institutions","Law, Medicine, Education & Formal Institutions",0.004074828117765059,0.059591919685986726,0.04293462832859197,high,0.6278932139371923,0.316952484535136,0.001059121618658516,0.00044987522395595976,6.0054928581028826e-05
58995736,middle,"Work, Wealth, Status & Institutions","Money, Housing & Economic Security",0.0010748540335920403,0.01571909621530417,0.04293462832859197,high,0.6278932139371923,0.316952484535136,0.001059121618658516,0.00044987522395595976,6.0054928581028826e-05
58995736,middle,"Work, Wealth, Status & Institutions",Shared Workplaces & Professional Interaction,0.004145396448827485,0.060623939244974334,0.04293462832859197,high,0.6278932139371923,0.316952484535136,0.001059121618658516,0.00044987522395595976,6.0054928581028826e-05
60217302,top,"Conflict, Risk & Harm",Interpersonal Non-Romantic Conflict,0.0029746012346478353,0.11680053465860106,0.016225058282179693,high,0.63709227984971,0.3431469373685938,0.0009873072337880946,0.0005674423334960118,0.0001276381199388238
60217302,top,"Conflict, Risk & Harm","Violence, Threats & Coercion",0.022492758511113306,0.883199465341399,0.016225058282179693,high,0.63709227984971,0.3431469373685938,0.0009873072337880946,0.0005674423334960118,0.0001276381199388238
60217302,top,Embodied & Sensory Experience,Body Parts & Physical Reactions,0.007947369213779573,0.4104138323412521,0.01233683460991211,high,0.63709227984971,0.3431469373685938,0.0009873072337880946,0.0005674423334960118,0.0001276381199388238
60217302,top,Embodied & Sensory Experience,Exercise & Physical Activity,0.011416912853525288,0.5895861676587478,0.01233683460991211,high,0.63709227984971,0.3431469373685938,0.0009873072337880946,0.0005674423334960118,0.0001276381199388238
60217302,top,"Emotions, Cognition & Inner Life",Ambivalence & Internal Conflict,0.00933870300740466,0.04320785073512373,0.13769755932317934,high,0.63709227984971,0.3431469373685938,0.0009873072337880946,0.0005674423334960118,0.0001276381199388238
60217302,top,"Emotions, Cognition & Inner Life","Beliefs, Values & Moral Reflection",0.032541493309295254,0.15056137715175233,0.13769755932317934,high,0.63709227984971,0.3431469373685938,0.0009873072337880946,0.0005674423334960118,0.0001276381199388238
60217302,top,"Emotions, Cognition & Inner Life",Negative Emotions & Distress,0.11427577230907214,0.5287255102401631,0.13769755932317934,high,0.63709227984971,0.3431469373685938,0.0009873072337880946,0.0005674423334960118,0.0001276381199388238
60217302,top,"Emotions, Cognition & Inner Life",Positive Emotions & Security,0.059978434000582455,0.27750526187296076,0.13769755932317934,high,0.63709227984971,0.3431469373685938,0.0009873072337880946,0.0005674423334960118,0.0001276381199388238
60217302,top,Relationship Trajectory (Main Couple),"Bonding, Everyday Intimacy & Growth",0.14759102562421056,0.3947649836303529,0.23819007991937688,high,0.63709227984971,0.3431469373685938,0.0009873072337880946,0.0005674423334960118,0.0001276381199388238
60217302,top,Relationship Trajectory (Main Couple),"Conflict, Distance & Breakup Threats",0.12012156875815175,0.32129181922756034,0.23819007991937688,high,0.63709227984971,0.3431469373685938,0.0009873072337880946,0.0005674423334960118,0.0001276381199388238
60217302,top,Relationship Trajectory (Main Couple),"Meeting, First Impressions & Setup",5.849326968716934e-06,1.5645324336545163e-05,0.23819007991937688,high,0.63709227984971,0.3431469373685938,0.0009873072337880946,0.0005674423334960118,0.0001276381199388238
60217302,top,Relationship Trajectory (Main Couple),"Reconciliation, Commitments & HEA",0.008780583561084675,0.02348562123676941,0.23819007991937688,high,0.63709227984971,0.3431469373685938,0.0009873072337880946,0.0005674423334960118,0.0001276381199388238
60217302,top,Relationship Trajectory (Main Couple),"Secrets, Misunderstandings & Hidden Information",0.09737158371166355,0.26044193058098075,0.23819007991937688,medium,0.63709227984971,0.3431469373685938,0.0009873072337880946,0.0005674423334960118,0.0001276381199388238
60217302,top,"Sexuality, Attraction & Intimacy",Attraction & Sexual Tension,0.029292570565322834,0.18888758405876388,0.0987998796062433,high,0.63709227984971,0.3431469373685938,0.0009873072337880946,0.0005674423334960118,0.0001276381199388238
60217302,top,"Sexuality, Attraction & Intimacy",Explicit Sexual Acts,0.07016555059777602,0.4524492415922188,0.0987998796062433,high,0.63709227984971,0.3431469373685938,0.0009873072337880946,0.0005674423334960118,0.0001276381199388238
60217302,top,"Sexuality, Attraction & Intimacy",Kissing & Non-Explicit Affection,0.055621264871134966,0.3586631743490173,0.0987998796062433,high,0.63709227984971,0.3431469373685938,0.0009873072337880946,0.0005674423334960118,0.0001276381199388238
60217302,top,Social World Outside Couple,"Community, Norms & Social Events",0.004527874970347527,0.06480038047676208,0.04451631559119641,high,0.63709227984971,0.3431469373685938,0.0009873072337880946,0.0005674423334960118,0.0001276381199388238
60217302,top,Social World Outside Couple,Family & Kinship,0.040119713092979174,0.5741705965975568,0.04451631559119641,high,0.63709227984971,0.3431469373685938,0.0009873072337880946,0.0005674423334960118,0.0001276381199388238
60217302,top,Social World Outside Couple,Friends & Social Circles,0.02522661540637758,0.36102902292568123,0.04451631559119641,high,0.63709227984971,0.3431469373685938,0.0009873072337880946,0.0005674423334960118,0.0001276381199388238
60217302,top,"Spaces, Time, Activities & Objects",Domestic Spaces & Routines,0.04611157766487939,0.6090826018573657,0.04823209537162995,high,0.63709227984971,0.3431469373685938,0.0009873072337880946,0.0005674423334960118,0.0001276381199388238
60217302,top,"Spaces, Time, Activities & Objects",Public & Leisure Spaces,0.027112578407497954,0.35812697452072484,0.04823209537162995,high,0.63709227984971,0.3431469373685938,0.0009873072337880946,0.0005674423334960118,0.0001276381199388238
60217302,top,"Spaces, Time, Activities & Objects","Time, Seasons & Temporal Framing",0.0024824517411844585,0.032790423621909544,0.04823209537162995,high,0.63709227984971,0.3431469373685938,0.0009873072337880946,0.0005674423334960118,0.0001276381199388238
60217302,top,"Work, Wealth, Status & Institutions",Hero's Elite Work & Business World,0.05066768518568859,0.7879545407010682,0.04096681902605344,high,0.63709227984971,0.3431469373685938,0.0009873072337880946,0.0005674423334960118,0.0001276381199388238
60217302,top,"Work, Wealth, Status & Institutions",Heroine's Work & Professional Identity,0.004082536795461432,0.06348925145827748,0.04096681902605344,high,0.63709227984971,0.3431469373685938,0.0009873072337880946,0.0005674423334960118,0.0001276381199388238
60217302,top,"Work, Wealth, Status & Institutions","Law, Medicine, Education & Formal Institutions",0.004308363332850262,0.06700117518035406,0.04096681902605344,high,0.63709227984971,0.3431469373685938,0.0009873072337880946,0.0005674423334960118,0.0001276381199388238
60217302,top,"Work, Wealth, Status & Institutions","Money, Housing & Economic Security",0.001984273737527707,0.03085827773163124,0.04096681902605344,high,0.63709227984971,0.3431469373685938,0.0009873072337880946,0.0005674423334960118,0.0001276381199388238
60217302,top,"Work, Wealth, Status & Institutions",Shared Workplaces & Professional Interaction,0.0032599434180255685,0.050696754928669,0.04096681902605344,high,0.63709227984971,0.3431469373685938,0.0009873072337880946,0.0005674423334960118,0.0001276381199388238
60416566,top,"Conflict, Risk & Harm",Interpersonal Non-Romantic Conflict,0.0027142281154545725,0.15372713697841706,0.01131529863133072,high,0.640870401697593,0.30895196258677193,0.013901702374359174,0.0005210030327020538,3.509175625176189e-05
60416566,top,"Conflict, Risk & Harm","Violence, Threats & Coercion",0.014941913596438778,0.8462728630215829,0.01131529863133072,high,0.640870401697593,0.30895196258677193,0.013901702374359174,0.0005210030327020538,3.509175625176189e-05
60416566,top,Embodied & Sensory Experience,Body Parts & Physical Reactions,0.013686456204056393,0.5422918297279448,0.01617439947363851,high,0.640870401697593,0.30895196258677193,0.013901702374359174,0.0005210030327020538,3.509175625176189e-05
60416566,top,Embodied & Sensory Experience,Exercise & Physical Activity,0.011551718988298192,0.45770817027205524,0.01617439947363851,high,0.640870401697593,0.30895196258677193,0.013901702374359174,0.0005210030327020538,3.509175625176189e-05
60416566,top,"Emotions, Cognition & Inner Life",Ambivalence & Internal Conflict,0.014790688538705616,0.07649072117991973,0.12392240992065126,high,0.640870401697593,0.30895196258677193,0.013901702374359174,0.0005210030327020538,3.509175625176189e-05
60416566,top,"Emotions, Cognition & Inner Life","Beliefs, Values & Moral Reflection",0.023308903538295126,0.12054305902606788,0.12392240992065126,high,0.640870401697593,0.30895196258677193,0.013901702374359174,0.0005210030327020538,3.509175625176189e-05
60416566,top,"Emotions, Cognition & Inner Life",Negative Emotions & Distress,0.11120295623249932,0.5750911661281801,0.12392240992065126,high,0.640870401697593,0.30895196258677193,0.013901702374359174,0.0005210030327020538,3.509175625176189e-05
60416566,top,"Emotions, Cognition & Inner Life",Positive Emotions & Security,0.04406323920759365,0.22787505366583227,0.12392240992065126,high,0.640870401697593,0.30895196258677193,0.013901702374359174,0.0005210030327020538,3.509175625176189e-05
60416566,top,Relationship Trajectory (Main Couple),"Bonding, Everyday Intimacy & Growth",0.15123831939468282,0.4391613894006249,0.220702832356968,high,0.640870401697593,0.30895196258677193,0.013901702374359174,0.0005210030327020538,3.509175625176189e-05
60416566,top,Relationship Trajectory (Main Couple),"Conflict, Distance & Breakup Threats",0.12559834864080466,0.3647087954711766,0.220702832356968,high,0.640870401697593,0.30895196258677193,0.013901702374359174,0.0005210030327020538,3.509175625176189e-05
60416566,top,Relationship Trajectory (Main Couple),"Meeting, First Impressions & Setup",6.152226637406127e-06,1.786465499487558e-05,0.220702832356968,high,0.640870401697593,0.30895196258677193,0.013901702374359174,0.0005210030327020538,3.509175625176189e-05
60416566,top,Relationship Trajectory (Main Couple),"Reconciliation, Commitments & HEA",0.008229118098299135,0.02389547141263679,0.220702832356968,high,0.640870401697593,0.30895196258677193,0.013901702374359174,0.0005210030327020538,3.509175625176189e-05
60416566,top,Relationship Trajectory (Main Couple),"Secrets, Misunderstandings & Hidden Information",0.05930787973127005,0.17221647906056683,0.220702832356968,medium,0.640870401697593,0.30895196258677193,0.013901702374359174,0.0005210030327020538,3.509175625176189e-05
60416566,top,"Sexuality, Attraction & Intimacy",Attraction & Sexual Tension,0.04744896633913214,0.2186456290865793,0.13907727424019975,high,0.640870401697593,0.30895196258677193,0.013901702374359174,0.0005210030327020538,3.509175625176189e-05
60416566,top,"Sexuality, Attraction & Intimacy",Explicit Sexual Acts,0.09539171619330777,0.43956662085456283,0.13907727424019975,high,0.640870401697593,0.30895196258677193,0.013901702374359174,0.0005210030327020538,3.509175625176189e-05
60416566,top,"Sexuality, Attraction & Intimacy",Kissing & Non-Explicit Affection,0.0741724200727043,0.34178775005885786,0.13907727424019975,high,0.640870401697593,0.30895196258677193,0.013901702374359174,0.0005210030327020538,3.509175625176189e-05
60416566,top,Social World Outside Couple,"Community, Norms & Social Events",0.006337506838267132,0.10114150862294215,0.04015681205965536,high,0.640870401697593,0.30895196258677193,0.013901702374359174,0.0005210030327020538,3.509175625176189e-05
60416566,top,Social World Outside Couple,Family & Kinship,0.038526522707350935,0.6148522957149138,0.04015681205965536,high,0.640870401697593,0.30895196258677193,0.013901702374359174,0.0005210030327020538,3.509175625176189e-05
60416566,top,Social World Outside Couple,Friends & Social Circles,0.017795771801556823,0.2840061956621439,0.04015681205965536,high,0.640870401697593,0.30895196258677193,0.013901702374359174,0.0005210030327020538,3.509175625176189e-05
60416566,top,"Spaces, Time, Activities & Objects",Domestic Spaces & Routines,0.05193153920707979,0.6852694496663629,0.04856686141286355,high,0.640870401697593,0.30895196258677193,0.013901702374359174,0.0005210030327020538,3.509175625176189e-05
60416566,top,"Spaces, Time, Activities & Objects",Public & Leisure Spaces,0.021432036607632227,0.28280925533089635,0.04856686141286355,high,0.640870401697593,0.30895196258677193,0.013901702374359174,0.0005210030327020538,3.509175625176189e-05
60416566,top,"Spaces, Time, Activities & Objects","Time, Seasons & Temporal Framing",0.00241908052924682,0.03192129500274058,0.04856686141286355,high,0.640870401697593,0.30895196258677193,0.013901702374359174,0.0005210030327020538,3.509175625176189e-05
60416566,top,"Work, Wealth, Status & Institutions",Hero's Elite Work & Business World,0.046320923459053226,0.7254674549387363,0.04091942184603412,high,0.640870401697593,0.30895196258677193,0.013901702374359174,0.0005210030327020538,3.509175625176189e-05
60416566,top,"Work, Wealth, Status & Institutions",Heroine's Work & Professional Identity,0.007994866276551434,0.1252137232400472,0.04091942184603412,high,0.640870401697593,0.30895196258677193,0.013901702374359174,0.0005210030327020538,3.509175625176189e-05
60416566,top,"Work, Wealth, Status & Institutions","Law, Medicine, Education & Formal Institutions",0.0033461391498703736,0.05240644770549969,0.04091942184603412,high,0.640870401697593,0.30895196258677193,0.013901702374359174,0.0005210030327020538,3.509175625176189e-05
60416566,top,"Work, Wealth, Status & Institutions","Money, Housing & Economic Security",0.0011664837536383397,0.018269195361086763,0.04091942184603412,high,0.640870401697593,0.30895196258677193,0.013901702374359174,0.0005210030327020538,3.509175625176189e-05
60416566,top,"Work, Wealth, Status & Institutions",Shared Workplaces & Professional Interaction,0.005021348151279216,0.0786431787546301,0.04091942184603412,high,0.640870401697593,0.30895196258677193,0.013901702374359174,0.0005210030327020538,3.509175625176189e-05
60576722,top,"Conflict, Risk & Harm",Interpersonal Non-Romantic Conflict,0.003395152849483886,0.14475739401094906,0.015247275811852532,high,0.650090293468075,0.33502184535868773,0.0007295801579982472,0.0003127155155949907,0.00020843298651636473
60576722,top,"Conflict, Risk & Harm","Violence, Threats & Coercion",0.020058936474803658,0.855242605989051,0.015247275811852532,high,0.650090293468075,0.33502184535868773,0.0007295801579982472,0.0003127155155949907,0.00020843298651636473
60576722,top,Embodied & Sensory Experience,Body Parts & Physical Reactions,0.008959773805267093,0.48220892245069014,0.012079125273898837,high,0.650090293468075,0.33502184535868773,0.0007295801579982472,0.0003127155155949907,0.00020843298651636473
60576722,top,Embodied & Sensory Experience,Exercise & Physical Activity,0.00962091474717939,0.5177910775493098,0.012079125273898837,high,0.650090293468075,0.33502184535868773,0.0007295801579982472,0.0003127155155949907,0.00020843298651636473
60576722,top,"Emotions, Cognition & Inner Life",Ambivalence & Internal Conflict,0.007769766307183778,0.03727659553826548,0.13550190369800316,high,0.650090293468075,0.33502184535868773,0.0007295801579982472,0.0003127155155949907,0.00020843298651636473
60576722,top,"Emotions, Cognition & Inner Life","Beliefs, Values & Moral Reflection",0.031680406364435636,0.15199140461188468,0.13550190369800316,high,0.650090293468075,0.33502184535868773,0.0007295801579982472,0.0003127155155949907,0.00020843298651636473
60576722,top,"Emotions, Cognition & Inner Life",Negative Emotions & Distress,0.11294035439615344,0.5418479455271724,0.13550190369800316,high,0.650090293468075,0.33502184535868773,0.0007295801579982472,0.0003127155155949907,0.00020843298651636473
60576722,top,"Emotions, Cognition & Inner Life",Positive Emotions & Security,0.0560449857517359,0.2688840543226773,0.13550190369800316,high,0.650090293468075,0.33502184535868773,0.0007295801579982472,0.0003127155155949907,0.00020843298651636473
60576722,top,Relationship Trajectory (Main Couple),"Bonding, Everyday Intimacy & Growth",0.1572874319066214,0.44885861585310005,0.22780231715654428,high,0.650090293468075,0.33502184535868773,0.0007295801579982472,0.0003127155155949907,0.00020843298651636473
60576722,top,Relationship Trajectory (Main Couple),"Conflict, Distance & Breakup Threats",0.11435031949569494,0.3263269385799963,0.22780231715654428,high,0.650090293468075,0.33502184535868773,0.0007295801579982472,0.0003127155155949907,0.00020843298651636473
60576722,top,Relationship Trajectory (Main Couple),"Meeting, First Impressions & Setup",7.156649863773747e-06,2.042327166932103e-05,0.22780231715654428,high,0.650090293468075,0.33502184535868773,0.0007295801579982472,0.0003127155155949907,0.00020843298651636473
60576722,top,Relationship Trajectory (Main Couple),"Reconciliation, Commitments & HEA",0.018826034442759453,0.05372474875803514,0.22780231715654428,high,0.650090293468075,0.33502184535868773,0.0007295801579982472,0.0003127155155949907,0.00020843298651636473
60576722,top,Relationship Trajectory (Main Couple),"Secrets, Misunderstandings & Hidden Information",0.059945483416104,0.17106927353719917,0.22780231715654428,medium,0.650090293468075,0.33502184535868773,0.0007295801579982472,0.0003127155155949907,0.00020843298651636473
60576722,top,"Sexuality, Attraction & Intimacy",Attraction & Sexual Tension,0.03325713102381809,0.19674811525654842,0.1098873960697854,high,0.650090293468075,0.33502184535868773,0.0007295801579982472,0.0003127155155949907,0.00020843298651636473
60576722,top,"Sexuality, Attraction & Intimacy",Explicit Sexual Acts,0.068130649216359,0.4030587249069555,0.1098873960697854,high,0.650090293468075,0.33502184535868773,0.0007295801579982472,0.0003127155155949907,0.00020843298651636473
60576722,top,"Sexuality, Attraction & Intimacy",Kissing & Non-Explicit Affection,0.06764627114299714,0.4001931598364961,0.1098873960697854,high,0.650090293468075,0.33502184535868773,0.0007295801579982472,0.0003127155155949907,0.00020843298651636473
60576722,top,Social World Outside Couple,"Community, Norms & Social Events",0.003865265456730959,0.0438065146431489,0.05736068198000833,high,0.650090293468075,0.33502184535868773,0.0007295801579982472,0.0003127155155949907,0.00020843298651636473
60576722,top,Social World Outside Couple,Family & Kinship,0.053463365627864565,0.6059205339107167,0.05736068198000833,high,0.650090293468075,0.33502184535868773,0.0007295801579982472,0.0003127155155949907,0.00020843298651636473
60576722,top,Social World Outside Couple,Friends & Social Circles,0.030906314978055127,0.3502729514461345,0.05736068198000833,high,0.650090293468075,0.33502184535868773,0.0007295801579982472,0.0003127155155949907,0.00020843298651636473
60576722,top,"Spaces, Time, Activities & Objects",Domestic Spaces & Routines,0.043210322925422776,0.5633493589980776,0.04986357233351222,high,0.650090293468075,0.33502184535868773,0.0007295801579982472,0.0003127155155949907,0.00020843298651636473
60576722,top,"Spaces, Time, Activities & Objects",Public & Leisure Spaces,0.030787632251761617,0.4013900318225578,0.04986357233351222,high,0.650090293468075,0.33502184535868773,0.0007295801579982472,0.0003127155155949907,0.00020843298651636473
60576722,top,"Spaces, Time, Activities & Objects","Time, Seasons & Temporal Framing",0.0027045780470883194,0.035260609179364744,0.04986357233351222,high,0.650090293468075,0.33502184535868773,0.0007295801579982472,0.0003127155155949907,0.00020843298651636473
60576722,top,"Work, Wealth, Status & Institutions",Hero's Elite Work & Business World,0.04947708177597852,0.7632863067177056,0.04213958815795393,high,0.650090293468075,0.33502184535868773,0.0007295801579982472,0.0003127155155949907,0.00020843298651636473
60576722,top,"Work, Wealth, Status & Institutions",Heroine's Work & Professional Identity,0.005791375692118578,0.08934394681696971,0.04213958815795393,high,0.650090293468075,0.33502184535868773,0.0007295801579982472,0.0003127155155949907,0.00020843298651636473
60576722,top,"Work, Wealth, Status & Institutions","Law, Medicine, Education & Formal Institutions",0.00438783056882667,0.06769136071013804,0.04213958815795393,high,0.650090293468075,0.33502184535868773,0.0007295801579982472,0.0003127155155949907,0.00020843298651636473
60576722,top,"Work, Wealth, Status & Institutions","Money, Housing & Economic Security",0.0025481896649407042,0.03931109532642502,0.04213958815795393,high,0.650090293468075,0.33502184535868773,0.0007295801579982472,0.0003127155155949907,0.00020843298651636473
60576722,top,"Work, Wealth, Status & Institutions",Shared Workplaces & Professional Interaction,0.002616653426166052,0.04036729042876168,0.04213958815795393,high,0.650090293468075,0.33502184535868773,0.0007295801579982472,0.0003127155155949907,0.00020843298651636473
60686882,top,"Conflict, Risk & Harm",Interpersonal Non-Romantic Conflict,0.004035402693156451,0.20432902621366,0.012696285805507523,high,0.6428651394739725,0.34005351987830235,0.002318544623492142,0.00048606825121857625,3.857380812157203e-05
60686882,top,"Conflict, Risk & Harm","Violence, Threats & Coercion",0.015714129558501058,0.79567097378634,0.012696285805507523,high,0.6428651394739725,0.34005351987830235,0.002318544623492142,0.00048606825121857625,3.857380812157203e-05
60686882,top,Embodied & Sensory Experience,Body Parts & Physical Reactions,0.005549786817841755,0.3653797063249769,0.00976453923122212,high,0.6428651394739725,0.34005351987830235,0.002318544623492142,0.00048606825121857625,3.857380812157203e-05
60686882,top,Embodied & Sensory Experience,Exercise & Physical Activity,0.009639307490821489,0.6346202936750229,0.00976453923122212,high,0.6428651394739725,0.34005351987830235,0.002318544623492142,0.00048606825121857625,3.857380812157203e-05
60686882,top,"Emotions, Cognition & Inner Life",Ambivalence & Internal Conflict,0.006798839455476444,0.03643935983222381,0.11994549012194532,high,0.6428651394739725,0.34005351987830235,0.002318544623492142,0.00048606825121857625,3.857380812157203e-05
60686882,top,"Emotions, Cognition & Inner Life","Beliefs, Values & Moral Reflection",0.029704759805945672,0.1592069408885284,0.11994549012194532,high,0.6428651394739725,0.34005351987830235,0.002318544623492142,0.00048606825121857625,3.857380812157203e-05
60686882,top,"Emotions, Cognition & Inner Life",Negative Emotions & Distress,0.10009685393501058,0.5364835134727849,0.11994549012194532,high,0.6428651394739725,0.34005351987830235,0.002318544623492142,0.00048606825121857625,3.857380812157203e-05
60686882,top,"Emotions, Cognition & Inner Life",Positive Emotions & Security,0.04997909942963019,0.26787018580646293,0.11994549012194532,high,0.6428651394739725,0.34005351987830235,0.002318544623492142,0.00048606825121857625,3.857380812157203e-05
60686882,top,Relationship Trajectory (Main Couple),"Bonding, Everyday Intimacy & Growth",0.2146180348520522,0.5275215294711157,0.26154468623701727,high,0.6428651394739725,0.34005351987830235,0.002318544623492142,0.00048606825121857625,3.857380812157203e-05
60686882,top,Relationship Trajectory (Main Couple),"Conflict, Distance & Breakup Threats",0.1180255406513855,0.29010149945690306,0.26154468623701727,high,0.6428651394739725,0.34005351987830235,0.002318544623492142,0.00048606825121857625,3.857380812157203e-05
60686882,top,Relationship Trajectory (Main Couple),"Meeting, First Impressions & Setup",7.0517818192803325e-06,1.733296427472995e-05,0.26154468623701727,high,0.6428651394739725,0.34005351987830235,0.002318544623492142,0.00048606825121857625,3.857380812157203e-05
60686882,top,Relationship Trajectory (Main Couple),"Reconciliation, Commitments & HEA",0.01393337135953316,0.034247603540573046,0.26154468623701727,high,0.6428651394739725,0.34005351987830235,0.002318544623492142,0.00048606825121857625,3.857380812157203e-05
60686882,top,Relationship Trajectory (Main Couple),"Secrets, Misunderstandings & Hidden Information",0.060258230272813705,0.14811203456713332,0.26154468623701727,medium,0.6428651394739725,0.34005351987830235,0.002318544623492142,0.00048606825121857625,3.857380812157203e-05
60686882,top,"Sexuality, Attraction & Intimacy",Attraction & Sexual Tension,0.029692655472628823,0.19339254574858192,0.09870273452307615,high,0.6428651394739725,0.34005351987830235,0.002318544623492142,0.00048606825121857625,3.857380812157203e-05
60686882,top,"Sexuality, Attraction & Intimacy",Explicit Sexual Acts,0.06579621113873212,0.4285402086876418,0.09870273452307615,high,0.6428651394739725,0.34005351987830235,0.002318544623492142,0.00048606825121857625,3.857380812157203e-05
60686882,top,"Sexuality, Attraction & Intimacy",Kissing & Non-Explicit Affection,0.05804681056634408,0.37806724556377624,0.09870273452307615,high,0.6428651394739725,0.34005351987830235,0.002318544623492142,0.00048606825121857625,3.857380812157203e-05
60686882,top,Social World Outside Couple,"Community, Norms & Social Events",0.0030744783027111086,0.040010527038420174,0.049398872476340186,high,0.6428651394739725,0.34005351987830235,0.002318544623492142,0.00048606825121857625,3.857380812157203e-05
60686882,top,Social World Outside Couple,Family & Kinship,0.04810687032143609,0.6260513317112365,0.049398872476340186,high,0.6428651394739725,0.34005351987830235,0.002318544623492142,0.00048606825121857625,3.857380812157203e-05
60686882,top,Social World Outside Couple,Friends & Social Circles,0.025660386046301803,0.3339381412503434,0.049398872476340186,high,0.6428651394739725,0.34005351987830235,0.002318544623492142,0.00048606825121857625,3.857380812157203e-05
60686882,top,"Spaces, Time, Activities & Objects",Domestic Spaces & Routines,0.03821716190612481,0.5126850793979708,0.04792119393825595,high,0.6428651394739725,0.34005351987830235,0.002318544623492142,0.00048606825121857625,3.857380812157203e-05
60686882,top,"Spaces, Time, Activities & Objects",Public & Leisure Spaces,0.03280549272862751,0.4400872750723675,0.04792119393825595,high,0.6428651394739725,0.34005351987830235,0.002318544623492142,0.00048606825121857625,3.857380812157203e-05
60686882,top,"Spaces, Time, Activities & Objects","Time, Seasons & Temporal Framing",0.003520497568939583,0.04722764552966172,0.04792119393825595,high,0.6428651394739725,0.34005351987830235,0.002318544623492142,0.00048606825121857625,3.857380812157203e-05
60686882,top,"Work, Wealth, Status & Institutions",Hero's Elite Work & Business World,0.05273522755161298,0.7911190966174803,0.04285276333248644,high,0.6428651394739725,0.34005351987830235,0.002318544623492142,0.00048606825121857625,3.857380812157203e-05
60686882,top,"Work, Wealth, Status & Institutions",Heroine's Work & Professional Identity,0.005156921745952498,0.0773626940168611,0.04285276333248644,high,0.6428651394739725,0.34005351987830235,0.002318544623492142,0.00048606825121857625,3.857380812157203e-05
60686882,top,"Work, Wealth, Status & Institutions","Law, Medicine, Education & Formal Institutions",0.004199865613920063,0.06300520628544501,0.04285276333248644,high,0.6428651394739725,0.34005351987830235,0.002318544623492142,0.00048606825121857625,3.857380812157203e-05
60686882,top,"Work, Wealth, Status & Institutions","Money, Housing & Economic Security",0.0024627350806443885,0.03694526112171813,0.04285276333248644,high,0.6428651394739725,0.34005351987830235,0.002318544623492142,0.00048606825121857625,3.857380812157203e-05
60686882,top,"Work, Wealth, Status & Institutions",Shared Workplaces & Professional Interaction,0.0021042748969018893,0.03156774195849556,0.04285276333248644,high,0.6428651394739725,0.34005351987830235,0.002318544623492142,0.00048606825121857625,3.857380812157203e-05
60797616,middle,"Conflict, Risk & Harm",Interpersonal Non-Romantic Conflict,0.002328889822620398,0.12821144293868555,0.012128421347182393,high,0.667701145149481,0.31317605686550076,0.002236990976965184,0.0010582442723421535,4.2491594800738695e-05
60797616,middle,"Conflict, Risk & Harm","Violence, Threats & Coercion",0.015835556105455933,0.8717885570613144,0.012128421347182393,high,0.667701145149481,0.31317605686550076,0.002236990976965184,0.0010582442723421535,4.2491594800738695e-05
60797616,middle,Embodied & Sensory Experience,Body Parts & Physical Reactions,0.00874001557240754,0.4027458560514702,0.014489828557230435,high,0.667701145149481,0.31317605686550076,0.002236990976965184,0.0010582442723421535,4.2491594800738695e-05
60797616,middle,Embodied & Sensory Experience,Exercise & Physical Activity,0.012961053330187405,0.5972541439485298,0.014489828557230435,high,0.667701145149481,0.31317605686550076,0.002236990976965184,0.0010582442723421535,4.2491594800738695e-05
60797616,middle,"Emotions, Cognition & Inner Life",Ambivalence & Internal Conflict,0.00835079722535519,0.04417101501639892,0.12623293506410674,high,0.667701145149481,0.31317605686550076,0.002236990976965184,0.0010582442723421535,4.2491594800738695e-05
60797616,middle,"Emotions, Cognition & Inner Life","Beliefs, Values & Moral Reflection",0.027871743185210667,0.14742582696525608,0.12623293506410674,high,0.667701145149481,0.31317605686550076,0.002236990976965184,0.0010582442723421535,4.2491594800738695e-05
60797616,middle,"Emotions, Cognition & Inner Life",Negative Emotions & Distress,0.10597478950974079,0.5605469624602667,0.12623293506410674,high,0.667701145149481,0.31317605686550076,0.002236990976965184,0.0010582442723421535,4.2491594800738695e-05
60797616,middle,"Emotions, Cognition & Inner Life",Positive Emotions & Security,0.04685871106618357,0.24785619555807822,0.12623293506410674,high,0.667701145149481,0.31317605686550076,0.002236990976965184,0.0010582442723421535,4.2491594800738695e-05
60797616,middle,Relationship Trajectory (Main Couple),"Bonding, Everyday Intimacy & Growth",0.1841795811589707,0.4984792048852741,0.24670420761343467,high,0.667701145149481,0.31317605686550076,0.002236990976965184,0.0010582442723421535,4.2491594800738695e-05
60797616,middle,Relationship Trajectory (Main Couple),"Conflict, Distance & Breakup Threats",0.11575867888461719,0.3132990847621071,0.24670420761343467,high,0.667701145149481,0.31317605686550076,0.002236990976965184,0.0010582442723421535,4.2491594800738695e-05
60797616,middle,Relationship Trajectory (Main Couple),"Meeting, First Impressions & Setup",6.742910847516619e-06,1.824958454532061e-05,0.24670420761343467,high,0.667701145149481,0.31317605686550076,0.002236990976965184,0.0010582442723421535,4.2491594800738695e-05
60797616,middle,Relationship Trajectory (Main Couple),"Reconciliation, Commitments & HEA",0.009834195166507465,0.026616098030194057,0.24670420761343467,high,0.667701145149481,0.31317605686550076,0.002236990976965184,0.0010582442723421535,4.2491594800738695e-05
60797616,middle,Relationship Trajectory (Main Couple),"Secrets, Misunderstandings & Hidden Information",0.0597037800132402,0.1615873627378794,0.24670420761343467,medium,0.667701145149481,0.31317605686550076,0.002236990976965184,0.0010582442723421535,4.2491594800738695e-05
60797616,middle,"Sexuality, Attraction & Intimacy",Attraction & Sexual Tension,0.03871322079209893,0.19046535106372706,0.13571424781959676,high,0.667701145149481,0.31317605686550076,0.002236990976965184,0.0010582442723421535,4.2491594800738695e-05
60797616,middle,"Sexuality, Attraction & Intimacy",Explicit Sexual Acts,0.10343896544204519,0.5089098365747136,0.13571424781959676,high,0.667701145149481,0.31317605686550076,0.002236990976965184,0.0010582442723421535,4.2491594800738695e-05
60797616,middle,"Sexuality, Attraction & Intimacy",Kissing & Non-Explicit Affection,0.061103789595003004,0.30062481236155936,0.13571424781959676,high,0.667701145149481,0.31317605686550076,0.002236990976965184,0.0010582442723421535,4.2491594800738695e-05
60797616,middle,Social World Outside Couple,"Community, Norms & Social Events",0.0065067787061196085,0.10370578024513366,0.041893360071549035,high,0.667701145149481,0.31317605686550076,0.002236990976965184,0.0010582442723421535,4.2491594800738695e-05
60797616,middle,Social World Outside Couple,Family & Kinship,0.03674460645258133,0.5856397234443264,0.041893360071549035,high,0.667701145149481,0.31317605686550076,0.002236990976965184,0.0010582442723421535,4.2491594800738695e-05
60797616,middle,Social World Outside Couple,Friends & Social Circles,0.019491296018175282,0.31065449631054004,0.041893360071549035,high,0.667701145149481,0.31317605686550076,0.002236990976965184,0.0010582442723421535,4.2491594800738695e-05
60797616,middle,"Spaces, Time, Activities & Objects",Domestic Spaces & Routines,0.050692336527367286,0.6441401347870161,0.05254653346638238,high,0.667701145149481,0.31317605686550076,0.002236990976965184,0.0010582442723421535,4.2491594800738695e-05
60797616,middle,"Spaces, Time, Activities & Objects",Public & Leisure Spaces,0.025990775316445187,0.3302609952988793,0.05254653346638238,high,0.667701145149481,0.31317605686550076,0.002236990976965184,0.0010582442723421535,4.2491594800738695e-05
60797616,middle,"Spaces, Time, Activities & Objects","Time, Seasons & Temporal Framing",0.0020145717652497383,0.02559886991410451,0.05254653346638238,high,0.667701145149481,0.31317605686550076,0.002236990976965184,0.0010582442723421535,4.2491594800738695e-05
60797616,middle,"Work, Wealth, Status & Institutions",Hero's Elite Work & Business World,0.044476564103969364,0.7825491891685834,0.03794911961519783,high,0.667701145149481,0.31317605686550076,0.002236990976965184,0.0010582442723421535,4.2491594800738695e-05
60797616,middle,"Work, Wealth, Status & Institutions",Heroine's Work & Professional Identity,0.004993109736396938,0.08785197450309491,0.03794911961519783,high,0.667701145149481,0.31317605686550076,0.002236990976965184,0.0010582442723421535,4.2491594800738695e-05
60797616,middle,"Work, Wealth, Status & Institutions","Law, Medicine, Education & Formal Institutions",0.0026944331775811685,0.04740758511507626,0.03794911961519783,high,0.667701145149481,0.31317605686550076,0.002236990976965184,0.0010582442723421535,4.2491594800738695e-05
60797616,middle,"Work, Wealth, Status & Institutions","Money, Housing & Economic Security",0.0012017833483120514,0.021144946866387307,0.03794911961519783,high,0.667701145149481,0.31317605686550076,0.002236990976965184,0.0010582442723421535,4.2491594800738695e-05
60797616,middle,"Work, Wealth, Status & Institutions",Shared Workplaces & Professional Interaction,0.0034695964243195224,0.061046304346858114,0.03794911961519783,high,0.667701145149481,0.31317605686550076,0.002236990976965184,0.0010582442723421535,4.2491594800738695e-05
60809640,middle,"Conflict, Risk & Harm",Interpersonal Non-Romantic Conflict,0.0023552861406179702,0.11126990988683175,0.013696305601019993,high,0.6470494874173319,0.3204452890225622,0.0010575962932948347,0.0004871421980797344,0.00015269216493824983
60809640,middle,"Conflict, Risk & Harm","Violence, Threats & Coercion",0.01881203701991518,0.8887300901131683,0.013696305601019993,high,0.6470494874173319,0.3204452890225622,0.0010575962932948347,0.0004871421980797344,0.00015269216493824983
60809640,middle,Embodied & Sensory Experience,Body Parts & Physical Reactions,0.010586935853533508,0.4703456199834805,0.014564335514785118,high,0.6470494874173319,0.3204452890225622,0.0010575962932948347,0.0004871421980797344,0.00015269216493824983
60809640,middle,Embodied & Sensory Experience,Exercise & Physical Activity,0.011921907438991132,0.5296543800165195,0.014564335514785118,high,0.6470494874173319,0.3204452890225622,0.0010575962932948347,0.0004871421980797344,0.00015269216493824983
60809640,middle,"Emotions, Cognition & Inner Life",Ambivalence & Internal Conflict,0.009050039746297093,0.04742526146094307,0.12347477691336632,high,0.6470494874173319,0.3204452890225622,0.0010575962932948347,0.0004871421980797344,0.00015269216493824983
60809640,middle,"Emotions, Cognition & Inner Life","Beliefs, Values & Moral Reflection",0.02534830011902417,0.13283364431930214,0.12347477691336632,high,0.6470494874173319,0.3204452890225622,0.0010575962932948347,0.0004871421980797344,0.00015269216493824983
60809640,middle,"Emotions, Cognition & Inner Life",Negative Emotions & Distress,0.10531059858539309,0.5518630649731883,0.12347477691336632,high,0.6470494874173319,0.3204452890225622,0.0010575962932948347,0.0004871421980797344,0.00015269216493824983
60809640,middle,"Emotions, Cognition & Inner Life",Positive Emotions & Security,0.05111847013933057,0.2678780292465666,0.12347477691336632,high,0.6470494874173319,0.3204452890225622,0.0010575962932948347,0.0004871421980797344,0.00015269216493824983
60809640,middle,Relationship Trajectory (Main Couple),"Bonding, Everyday Intimacy & Growth",0.16041759531190994,0.44723806432674723,0.2320869601641477,high,0.6470494874173319,0.3204452890225622,0.0010575962932948347,0.0004871421980797344,0.00015269216493824983
60809640,middle,Relationship Trajectory (Main Couple),"Conflict, Distance & Breakup Threats",0.12556756775673902,0.3500775325583766,0.2320869601641477,high,0.6470494874173319,0.3204452890225622,0.0010575962932948347,0.0004871421980797344,0.00015269216493824983
60809640,middle,Relationship Trajectory (Main Couple),"Meeting, First Impressions & Setup",9.675887782520425e-06,2.6976001691604807e-05,0.2320869601641477,high,0.6470494874173319,0.3204452890225622,0.0010575962932948347,0.0004871421980797344,0.00015269216493824983
60809640,middle,Relationship Trajectory (Main Couple),"Reconciliation, Commitments & HEA",0.012068088049228985,0.03364536370694,0.2320869601641477,high,0.6470494874173319,0.3204452890225622,0.0010575962932948347,0.0004871421980797344,0.00015269216493824983
60809640,middle,Relationship Trajectory (Main Couple),"Secrets, Misunderstandings & Hidden Information",0.060622095820819295,0.16901206340624464,0.2320869601641477,medium,0.6470494874173319,0.3204452890225622,0.0010575962932948347,0.0004871421980797344,0.00015269216493824983
60809640,middle,"Sexuality, Attraction & Intimacy",Attraction & Sexual Tension,0.034263718819944555,0.19643302704787202,0.11286453216471413,high,0.6470494874173319,0.3204452890225622,0.0010575962932948347,0.0004871421980797344,0.00015269216493824983
60809640,middle,"Sexuality, Attraction & Intimacy",Explicit Sexual Acts,0.07997694796626706,0.4585058050943173,0.11286453216471413,high,0.6470494874173319,0.3204452890225622,0.0010575962932948347,0.0004871421980797344,0.00015269216493824983
60809640,middle,"Sexuality, Attraction & Intimacy",Kissing & Non-Explicit Affection,0.06018885423111843,0.34506116785781066,0.11286453216471413,high,0.6470494874173319,0.3204452890225622,0.0010575962932948347,0.0004871421980797344,0.00015269216493824983
60809640,middle,Social World Outside Couple,"Community, Norms & Social Events",0.0034017891691141,0.034832114459961865,0.06319242952382971,high,0.6470494874173319,0.3204452890225622,0.0010575962932948347,0.0004871421980797344,0.00015269216493824983
60809640,middle,Social World Outside Couple,Family & Kinship,0.06499458558686598,0.6655023965018597,0.06319242952382971,high,0.6470494874173319,0.3204452890225622,0.0010575962932948347,0.0004871421980797344,0.00015269216493824983
60809640,middle,Social World Outside Couple,Friends & Social Circles,0.029266061816003566,0.29966548903817847,0.06319242952382971,high,0.6470494874173319,0.3204452890225622,0.0010575962932948347,0.0004871421980797344,0.00015269216493824983
60809640,middle,"Spaces, Time, Activities & Objects",Domestic Spaces & Routines,0.04680026125520913,0.6533692346320956,0.04634758334348534,high,0.6470494874173319,0.3204452890225622,0.0010575962932948347,0.0004871421980797344,0.00015269216493824983
60809640,middle,"Spaces, Time, Activities & Objects",Public & Leisure Spaces,0.022599249783649977,0.3155036775090532,0.04634758334348534,high,0.6470494874173319,0.3204452890225622,0.0010575962932948347,0.0004871421980797344,0.00015269216493824983
60809640,middle,"Spaces, Time, Activities & Objects","Time, Seasons & Temporal Framing",0.002229605813515788,0.03112708785885114,0.04634758334348534,high,0.6470494874173319,0.3204452890225622,0.0010575962932948347,0.0004871421980797344,0.00015269216493824983
60809640,middle,"Work, Wealth, Status & Institutions",Hero's Elite Work & Business World,0.04858985135782117,0.7730547662863304,0.04066987202704539,high,0.6470494874173319,0.3204452890225622,0.0010575962932948347,0.0004871421980797344,0.00015269216493824983
60809640,middle,"Work, Wealth, Status & Institutions",Heroine's Work & Professional Identity,0.004851902421647894,0.077192792070712,0.04066987202704539,high,0.6470494874173319,0.3204452890225622,0.0010575962932948347,0.0004871421980797344,0.00015269216493824983
60809640,middle,"Work, Wealth, Status & Institutions","Law, Medicine, Education & Formal Institutions",0.004561843935559697,0.07257801987227462,0.04066987202704539,high,0.6470494874173319,0.3204452890225622,0.0010575962932948347,0.0004871421980797344,0.00015269216493824983
60809640,middle,"Work, Wealth, Status & Institutions","Money, Housing & Economic Security",0.0012425870264726345,0.01976930977348235,0.04066987202704539,high,0.6470494874173319,0.3204452890225622,0.0010575962932948347,0.0004871421980797344,0.00015269216493824983
60809640,middle,"Work, Wealth, Status & Institutions",Shared Workplaces & Professional Interaction,0.003608160741990598,0.057405111997200595,0.04066987202704539,high,0.6470494874173319,0.3204452890225622,0.0010575962932948347,0.0004871421980797344,0.00015269216493824983
61229235,middle,"Conflict, Risk & Harm",Interpersonal Non-Romantic Conflict,0.0044027274026627004,0.1628254872316239,0.016033473679161907,high,0.5929638437860291,0.3270628648433114,0.0011359116844478507,0.00041222846095171814,0.00017433496438406246
61229235,middle,"Conflict, Risk & Harm","Violence, Threats & Coercion",0.02263681952281154,0.8371745127683763,0.016033473679161907,high,0.5929638437860291,0.3270628648433114,0.0011359116844478507,0.00041222846095171814,0.00017433496438406246
61229235,middle,Embodied & Sensory Experience,Body Parts & Physical Reactions,0.008173784975515378,0.4484450683106265,0.01080792119226711,high,0.5929638437860291,0.3270628648433114,0.0011359116844478507,0.00041222846095171814,0.00017433496438406246
61229235,middle,Embodied & Sensory Experience,Exercise & Physical Activity,0.010053163101553459,0.5515549316893733,0.01080792119226711,high,0.5929638437860291,0.3270628648433114,0.0011359116844478507,0.00041222846095171814,0.00017433496438406246
61229235,middle,"Emotions, Cognition & Inner Life",Ambivalence & Internal Conflict,0.009515172436818051,0.045230315723435735,0.12474273354450788,high,0.5929638437860291,0.3270628648433114,0.0011359116844478507,0.00041222846095171814,0.00017433496438406246
61229235,middle,"Emotions, Cognition & Inner Life","Beliefs, Values & Moral Reflection",0.030013975637582412,0.14267125511572268,0.12474273354450788,high,0.5929638437860291,0.3270628648433114,0.0011359116844478507,0.00041222846095171814,0.00017433496438406246
61229235,middle,"Emotions, Cognition & Inner Life",Negative Emotions & Distress,0.11712925764184624,0.5567732312546484,0.12474273354450788,high,0.5929638437860291,0.3270628648433114,0.0011359116844478507,0.00041222846095171814,0.00017433496438406246
61229235,middle,"Emotions, Cognition & Inner Life",Positive Emotions & Security,0.05371316221618407,0.2553251979061933,0.12474273354450788,high,0.5929638437860291,0.3270628648433114,0.0011359116844478507,0.00041222846095171814,0.00017433496438406246
61229235,middle,Relationship Trajectory (Main Couple),"Bonding, Everyday Intimacy & Growth",0.1521535603937168,0.4233912597743757,0.2130926369733445,high,0.5929638437860291,0.3270628648433114,0.0011359116844478507,0.00041222846095171814,0.00017433496438406246
61229235,middle,Relationship Trajectory (Main Couple),"Conflict, Distance & Breakup Threats",0.12606192404009797,0.35078716982243424,0.2130926369733445,high,0.5929638437860291,0.3270628648433114,0.0011359116844478507,0.00041222846095171814,0.00017433496438406246
61229235,middle,Relationship Trajectory (Main Couple),"Meeting, First Impressions & Setup",9.457733689879946e-06,2.631763444251406e-05,0.2130926369733445,high,0.5929638437860291,0.3270628648433114,0.0011359116844478507,0.00041222846095171814,0.00017433496438406246
61229235,middle,Relationship Trajectory (Main Couple),"Reconciliation, Commitments & HEA",0.018446453485984907,0.05133016381339369,0.2130926369733445,high,0.5929638437860291,0.3270628648433114,0.0011359116844478507,0.00041222846095171814,0.00017433496438406246
61229235,middle,Relationship Trajectory (Main Couple),"Secrets, Misunderstandings & Hidden Information",0.06269728964908165,0.17446508895535384,0.2130926369733445,medium,0.5929638437860291,0.3270628648433114,0.0011359116844478507,0.00041222846095171814,0.00017433496438406246
61229235,middle,"Sexuality, Attraction & Intimacy",Attraction & Sexual Tension,0.02969685464316063,0.17681376341155194,0.099591574421593,high,0.5929638437860291,0.3270628648433114,0.0011359116844478507,0.00041222846095171814,0.00017433496438406246
61229235,middle,"Sexuality, Attraction & Intimacy",Explicit Sexual Acts,0.0709686630414251,0.42254429121942794,0.099591574421593,high,0.5929638437860291,0.3270628648433114,0.0011359116844478507,0.00041222846095171814,0.00017433496438406246
61229235,middle,"Sexuality, Attraction & Intimacy",Kissing & Non-Explicit Affection,0.06729004227959079,0.40064194536902015,0.099591574421593,high,0.5929638437860291,0.3270628648433114,0.0011359116844478507,0.00041222846095171814,0.00017433496438406246
61229235,middle,Social World Outside Couple,"Community, Norms & Social Events",0.00628923722173724,0.08549502432401467,0.043619968611857116,high,0.5929638437860291,0.3270628648433114,0.0011359116844478507,0.00041222846095171814,0.00017433496438406246
61229235,middle,Social World Outside Couple,Family & Kinship,0.045272621508617675,0.6154297795785842,0.043619968611857116,high,0.5929638437860291,0.3270628648433114,0.0011359116844478507,0.00041222846095171814,0.00017433496438406246
61229235,middle,Social World Outside Couple,Friends & Social Circles,0.022000752327592445,0.29907519609740096,0.043619968611857116,high,0.5929638437860291,0.3270628648433114,0.0011359116844478507,0.00041222846095171814,0.00017433496438406246
61229235,middle,"Spaces, Time, Activities & Objects",Domestic Spaces & Routines,0.039204360875298064,0.5552311631120682,0.0418686306933734,high,0.5929638437860291,0.3270628648433114,0.0011359116844478507,0.00041222846095171814,0.00017433496438406246
61229235,middle,"Spaces, Time, Activities & Objects",Public & Leisure Spaces,0.026873421219793112,0.3805944182619665,0.0418686306933734,high,0.5929638437860291,0.3270628648433114,0.0011359116844478507,0.00041222846095171814,0.00017433496438406246
61229235,middle,"Spaces, Time, Activities & Objects","Time, Seasons & Temporal Framing",0.004531296573256245,0.06417441862596532,0.0418686306933734,high,0.5929638437860291,0.3270628648433114,0.0011359116844478507,0.00041222846095171814,0.00017433496438406246
61229235,middle,"Work, Wealth, Status & Institutions",Hero's Elite Work & Business World,0.05775854658852525,0.795879261475224,0.04303256970554012,high,0.5929638437860291,0.3270628648433114,0.0011359116844478507,0.00041222846095171814,0.00017433496438406246
61229235,middle,"Work, Wealth, Status & Institutions",Heroine's Work & Professional Identity,0.005296601241232926,0.07298409210730884,0.04303256970554012,high,0.5929638437860291,0.3270628648433114,0.0011359116844478507,0.00041222846095171814,0.00017433496438406246
61229235,middle,"Work, Wealth, Status & Institutions","Law, Medicine, Education & Formal Institutions",0.002937020269892679,0.0404704353105093,0.04303256970554012,high,0.5929638437860291,0.3270628648433114,0.0011359116844478507,0.00041222846095171814,0.00017433496438406246
61229235,middle,"Work, Wealth, Status & Institutions","Money, Housing & Economic Security",0.002733193166552023,0.03766181608345237,0.04303256970554012,high,0.5929638437860291,0.3270628648433114,0.0011359116844478507,0.00041222846095171814,0.00017433496438406246
61229235,middle,"Work, Wealth, Status & Institutions",Shared Workplaces & Professional Interaction,0.003846634744178519,0.05300439502350548,0.04303256970554012,high,0.5929638437860291,0.3270628648433114,0.0011359116844478507,0.00041222846095171814,0.00017433496438406246
61273778,middle,"Conflict, Risk & Harm",Interpersonal Non-Romantic Conflict,0.0025103999558333833,0.11491548134839437,0.01325842970207479,high,0.6069147777020178,0.32465390920030435,0.0009401729819934865,0.0004919732782034453,5.3789396803713215e-05
61273778,middle,"Conflict, Risk & Harm","Violence, Threats & Coercion",0.01933522020236351,0.8850845186516055,0.01325842970207479,high,0.6069147777020178,0.32465390920030435,0.0009401729819934865,0.0004919732782034453,5.3789396803713215e-05
61273778,middle,Embodied & Sensory Experience,Body Parts & Physical Reactions,0.008959129935810071,0.4065894937255674,0.013373263297023907,high,0.6069147777020178,0.32465390920030435,0.0009401729819934865,0.0004919732782034453,5.3789396803713215e-05
61273778,middle,Embodied & Sensory Experience,Exercise & Physical Activity,0.013075698986398003,0.5934105062744326,0.013373263297023907,high,0.6069147777020178,0.32465390920030435,0.0009401729819934865,0.0004919732782034453,5.3789396803713215e-05
61273778,middle,"Emotions, Cognition & Inner Life",Ambivalence & Internal Conflict,0.011567188687346347,0.05763980895308913,0.1217959927058686,high,0.6069147777020178,0.32465390920030435,0.0009401729819934865,0.0004919732782034453,5.3789396803713215e-05
61273778,middle,"Emotions, Cognition & Inner Life","Beliefs, Values & Moral Reflection",0.025297040787439416,0.12605626461869543,0.1217959927058686,high,0.6069147777020178,0.32465390920030435,0.0009401729819934865,0.0004919732782034453,5.3789396803713215e-05
61273778,middle,"Emotions, Cognition & Inner Life",Negative Emotions & Distress,0.1079309264895874,0.5378245441604294,0.1217959927058686,high,0.6069147777020178,0.32465390920030435,0.0009401729819934865,0.0004919732782034453,5.3789396803713215e-05
61273778,middle,"Emotions, Cognition & Inner Life",Positive Emotions & Security,0.055885396199851486,0.278479382267786,0.1217959927058686,high,0.6069147777020178,0.32465390920030435,0.0009401729819934865,0.0004919732782034453,5.3789396803713215e-05
61273778,middle,Relationship Trajectory (Main Couple),"Bonding, Everyday Intimacy & Growth",0.15788259952480424,0.4476993180504236,0.21403044170556698,high,0.6069147777020178,0.32465390920030435,0.0009401729819934865,0.0004919732782034453,5.3789396803713215e-05
61273778,middle,Relationship Trajectory (Main Couple),"Conflict, Distance & Breakup Threats",0.12525333371427197,0.3551742386824069,0.21403044170556698,high,0.6069147777020178,0.32465390920030435,0.0009401729819934865,0.0004919732782034453,5.3789396803713215e-05
61273778,middle,Relationship Trajectory (Main Couple),"Meeting, First Impressions & Setup",9.665786599387815e-06,2.740875867252866e-05,0.21403044170556698,high,0.6069147777020178,0.32465390920030435,0.0009401729819934865,0.0004919732782034453,5.3789396803713215e-05
61273778,middle,Relationship Trajectory (Main Couple),"Reconciliation, Commitments & HEA",0.009881677980380537,0.0280209504171181,0.21403044170556698,high,0.6069147777020178,0.32465390920030435,0.0009401729819934865,0.0004919732782034453,5.3789396803713215e-05
61273778,middle,Relationship Trajectory (Main Couple),"Secrets, Misunderstandings & Hidden Information",0.059625928302204374,0.1690780840913789,0.21403044170556698,medium,0.6069147777020178,0.32465390920030435,0.0009401729819934865,0.0004919732782034453,5.3789396803713215e-05
61273778,middle,"Sexuality, Attraction & Intimacy",Attraction & Sexual Tension,0.038938146828907325,0.2045238440989685,0.11554709833910268,high,0.6069147777020178,0.32465390920030435,0.0009401729819934865,0.0004919732782034453,5.3789396803713215e-05
61273778,middle,"Sexuality, Attraction & Intimacy",Explicit Sexual Acts,0.08061870611026402,0.4234522960839864,0.11554709833910268,high,0.6069147777020178,0.32465390920030435,0.0009401729819934865,0.0004919732782034453,5.3789396803713215e-05
61273778,middle,"Sexuality, Attraction & Intimacy",Kissing & Non-Explicit Affection,0.07082753476119509,0.3720238598170451,0.11554709833910268,high,0.6069147777020178,0.32465390920030435,0.0009401729819934865,0.0004919732782034453,5.3789396803713215e-05
61273778,middle,Social World Outside Couple,"Community, Norms & Social Events",0.004370186556356609,0.05831343389876115,0.04548404415648495,high,0.6069147777020178,0.32465390920030435,0.0009401729819934865,0.0004919732782034453,5.3789396803713215e-05
61273778,middle,Social World Outside Couple,Family & Kinship,0.041917245120749645,0.5593213175331418,0.04548404415648495,high,0.6069147777020178,0.32465390920030435,0.0009401729819934865,0.0004919732782034453,5.3789396803713215e-05
61273778,middle,Social World Outside Couple,Friends & Social Circles,0.028655617705712764,0.382365248568097,0.04548404415648495,high,0.6069147777020178,0.32465390920030435,0.0009401729819934865,0.0004919732782034453,5.3789396803713215e-05
61273778,middle,"Spaces, Time, Activities & Objects",Domestic Spaces & Routines,0.04819430845902947,0.6251667359287404,0.04678725902052535,high,0.6069147777020178,0.32465390920030435,0.0009401729819934865,0.0004919732782034453,5.3789396803713215e-05
61273778,middle,"Spaces, Time, Activities & Objects",Public & Leisure Spaces,0.026877067992716275,0.3486438420965285,0.04678725902052535,high,0.6069147777020178,0.32465390920030435,0.0009401729819934865,0.0004919732782034453,5.3789396803713215e-05
61273778,middle,"Spaces, Time, Activities & Objects","Time, Seasons & Temporal Framing",0.0020189511189183692,0.026189421974731095,0.04678725902052535,high,0.6069147777020178,0.32465390920030435,0.0009401729819934865,0.0004919732782034453,5.3789396803713215e-05
61273778,middle,"Work, Wealth, Status & Institutions",Hero's Elite Work & Business World,0.04547201978888894,0.7543542053269605,0.036584459378566886,high,0.6069147777020178,0.32465390920030435,0.0009401729819934865,0.0004919732782034453,5.3789396803713215e-05
61273778,middle,"Work, Wealth, Status & Institutions",Heroine's Work & Professional Identity,0.0057381135031968206,0.09519194598955602,0.036584459378566886,high,0.6069147777020178,0.32465390920030435,0.0009401729819934865,0.0004919732782034453,5.3789396803713215e-05
61273778,middle,"Work, Wealth, Status & Institutions","Law, Medicine, Education & Formal Institutions",0.003940314420883355,0.06536751099915135,0.036584459378566886,high,0.6069147777020178,0.32465390920030435,0.0009401729819934865,0.0004919732782034453,5.3789396803713215e-05
61273778,middle,"Work, Wealth, Status & Institutions","Money, Housing & Economic Security",0.001888659769281359,0.03133176063002526,0.036584459378566886,high,0.6069147777020178,0.32465390920030435,0.0009401729819934865,0.0004919732782034453,5.3789396803713215e-05
61273778,middle,"Work, Wealth, Status & Institutions",Shared Workplaces & Professional Interaction,0.0032402937165271735,0.05375457705430691,0.036584459378566886,high,0.6069147777020178,0.32465390920030435,0.0009401729819934865,0.0004919732782034453,5.3789396803713215e-05
62316382,trash,"Conflict, Risk & Harm",Interpersonal Non-Romantic Conflict,0.002485166243796881,0.14130984716135014,0.011114159730154307,high,0.6319658560931677,0.29939280883036123,0.0009058343775516502,0.00029949949716269084,4.358441855844678e-05
62316382,trash,"Conflict, Risk & Harm","Violence, Threats & Coercion",0.015101479653281142,0.8586901528386499,0.011114159730154307,high,0.6319658560931677,0.29939280883036123,0.0009058343775516502,0.00029949949716269084,4.358441855844678e-05
62316382,trash,Embodied & Sensory Experience,Body Parts & Physical Reactions,0.005022039371647304,0.37248569064344544,0.008520481432063114,high,0.6319658560931677,0.29939280883036123,0.0009058343775516502,0.00029949949716269084,4.358441855844678e-05
62316382,trash,Embodied & Sensory Experience,Exercise & Physical Activity,0.008460463440667578,0.6275143093565547,0.008520481432063114,high,0.6319658560931677,0.29939280883036123,0.0009058343775516502,0.00029949949716269084,4.358441855844678e-05
62316382,trash,"Emotions, Cognition & Inner Life",Ambivalence & Internal Conflict,0.007916502674326304,0.04295792317567109,0.1164618542983443,high,0.6319658560931677,0.29939280883036123,0.0009058343775516502,0.00029949949716269084,4.358441855844678e-05
62316382,trash,"Emotions, Cognition & Inner Life","Beliefs, Values & Moral Reflection",0.022302782764446586,0.12102329374635254,0.1164618542983443,high,0.6319658560931677,0.29939280883036123,0.0009058343775516502,0.00029949949716269084,4.358441855844678e-05
62316382,trash,"Emotions, Cognition & Inner Life",Negative Emotions & Distress,0.11032884511429383,0.5986858398786155,0.1164618542983443,high,0.6319658560931677,0.29939280883036123,0.0009058343775516502,0.00029949949716269084,4.358441855844678e-05
62316382,trash,"Emotions, Cognition & Inner Life",Positive Emotions & Security,0.043736911392577404,0.23733294319936096,0.1164618542983443,high,0.6319658560931677,0.29939280883036123,0.0009058343775516502,0.00029949949716269084,4.358441855844678e-05
62316382,trash,Relationship Trajectory (Main Couple),"Bonding, Everyday Intimacy & Growth",0.1474299344261356,0.3639804474332044,0.2559771695991184,high,0.6319658560931677,0.29939280883036123,0.0009058343775516502,0.00029949949716269084,4.358441855844678e-05
62316382,trash,Relationship Trajectory (Main Couple),"Conflict, Distance & Breakup Threats",0.12220967962714373,0.3017157542971193,0.2559771695991184,high,0.6319658560931677,0.29939280883036123,0.0009058343775516502,0.00029949949716269084,4.358441855844678e-05
62316382,trash,Relationship Trajectory (Main Couple),"Meeting, First Impressions & Setup",7.872663852517862e-06,1.9436322227805902e-05,0.2559771695991184,high,0.6319658560931677,0.29939280883036123,0.0009058343775516502,0.00029949949716269084,4.358441855844678e-05
62316382,trash,Relationship Trajectory (Main Couple),"Reconciliation, Commitments & HEA",0.04127565758290033,0.10190286235697127,0.2559771695991184,high,0.6319658560931677,0.29939280883036123,0.0009058343775516502,0.00029949949716269084,4.358441855844678e-05
62316382,trash,Relationship Trajectory (Main Couple),"Secrets, Misunderstandings & Hidden Information",0.0941259056305719,0.23238149959047733,0.2559771695991184,medium,0.6319658560931677,0.29939280883036123,0.0009058343775516502,0.00029949949716269084,4.358441855844678e-05
62316382,trash,"Sexuality, Attraction & Intimacy",Attraction & Sexual Tension,0.03466761197277909,0.1812408993710856,0.12088191547883212,high,0.6319658560931677,0.29939280883036123,0.0009058343775516502,0.00029949949716269084,4.358441855844678e-05
62316382,trash,"Sexuality, Attraction & Intimacy",Explicit Sexual Acts,0.09726704542852442,0.5085082527886854,0.12088191547883212,high,0.6319658560931677,0.29939280883036123,0.0009058343775516502,0.00029949949716269084,4.358441855844678e-05
62316382,trash,"Sexuality, Attraction & Intimacy",Kissing & Non-Explicit Affection,0.05934453009488153,0.310250847840229,0.12088191547883212,high,0.6319658560931677,0.29939280883036123,0.0009058343775516502,0.00029949949716269084,4.358441855844678e-05
62316382,trash,Social World Outside Couple,"Community, Norms & Social Events",0.0024749486514991856,0.037942190875180075,0.04122279202265203,high,0.6319658560931677,0.29939280883036123,0.0009058343775516502,0.00029949949716269084,4.358441855844678e-05
62316382,trash,Social World Outside Couple,Family & Kinship,0.044794747166659786,0.6867257008234526,0.04122279202265203,high,0.6319658560931677,0.29939280883036123,0.0009058343775516502,0.00029949949716269084,4.358441855844678e-05
62316382,trash,Social World Outside Couple,Friends & Social Circles,0.017959764959188395,0.2753321083013673,0.04122279202265203,high,0.6319658560931677,0.29939280883036123,0.0009058343775516502,0.00029949949716269084,4.358441855844678e-05
62316382,trash,"Spaces, Time, Activities & Objects",Domestic Spaces & Routines,0.03491052114814215,0.4994317726827701,0.04417471733032458,high,0.6319658560931677,0.29939280883036123,0.0009058343775516502,0.00029949949716269084,4.358441855844678e-05
62316382,trash,"Spaces, Time, Activities & Objects",Public & Leisure Spaces,0.03310953425272603,0.47366675834972055,0.04417471733032458,high,0.6319658560931677,0.29939280883036123,0.0009058343775516502,0.00029949949716269084,4.358441855844678e-05
62316382,trash,"Spaces, Time, Activities & Objects","Time, Seasons & Temporal Framing",0.0018804256210244177,0.026901468967509314,0.04417471733032458,high,0.6319658560931677,0.29939280883036123,0.0009058343775516502,0.00029949949716269084,4.358441855844678e-05
62316382,trash,"Work, Wealth, Status & Institutions",Hero's Elite Work & Business World,0.03962436265233996,0.7459593274425205,0.03356918178312035,high,0.6319658560931677,0.29939280883036123,0.0009058343775516502,0.00029949949716269084,4.358441855844678e-05
62316382,trash,"Work, Wealth, Status & Institutions",Heroine's Work & Professional Identity,0.006269249428289213,0.11802347783175907,0.03356918178312035,high,0.6319658560931677,0.29939280883036123,0.0009058343775516502,0.00029949949716269084,4.358441855844678e-05
62316382,trash,"Work, Wealth, Status & Institutions","Law, Medicine, Education & Formal Institutions",0.0038723345844226607,0.07289969879320589,0.03356918178312035,high,0.6319658560931677,0.29939280883036123,0.0009058343775516502,0.00029949949716269084,4.358441855844678e-05
62316382,trash,"Work, Wealth, Status & Institutions","Money, Housing & Economic Security",0.0011705121952851787,0.02203579897597765,0.03356918178312035,high,0.6319658560931677,0.29939280883036123,0.0009058343775516502,0.00029949949716269084,4.358441855844678e-05
62316382,trash,"Work, Wealth, Status & Institutions",Shared Workplaces & Professional Interaction,0.0021822048450822326,0.04108169695653697,0.03356918178312035,high,0.6319658560931677,0.29939280883036123,0.0009058343775516502,0.00029949949716269084,4.358441855844678e-05
62322599,middle,"Conflict, Risk & Harm",Interpersonal Non-Romantic Conflict,0.0027208950716840824,0.1367075368505551,0.013309581442187905,high,0.6687211551848583,0.31597146820152444,0.0016233805025828983,0.0010572235470283815,4.1703998998796464e-05
62322599,middle,"Conflict, Risk & Harm","Violence, Threats & Coercion",0.017182141252190947,0.863292463149445,0.013309581442187905,high,0.6687211551848583,0.31597146820152444,0.0016233805025828983,0.0010572235470283815,4.1703998998796464e-05
62322599,middle,Embodied & Sensory Experience,Body Parts & Physical Reactions,0.009377026928878582,0.4658736275424852,0.013459908244124342,high,0.6687211551848583,0.31597146820152444,0.0016233805025828983,0.0010572235470283815,4.1703998998796464e-05
62322599,middle,Embodied & Sensory Experience,Exercise & Physical Activity,0.010750806832270407,0.5341263724575148,0.013459908244124342,high,0.6687211551848583,0.31597146820152444,0.0016233805025828983,0.0010572235470283815,4.1703998998796464e-05
62322599,middle,"Emotions, Cognition & Inner Life",Ambivalence & Internal Conflict,0.009346213204400709,0.04823087715430831,0.1295852544969219,high,0.6687211551848583,0.31597146820152444,0.0016233805025828983,0.0010572235470283815,4.1703998998796464e-05
62322599,middle,"Emotions, Cognition & Inner Life","Beliefs, Values & Moral Reflection",0.02150499591285591,0.11097594216965678,0.1295852544969219,high,0.6687211551848583,0.31597146820152444,0.0016233805025828983,0.0010572235470283815,4.1703998998796464e-05
62322599,middle,"Emotions, Cognition & Inner Life",Negative Emotions & Distress,0.1183548465782217,0.6107669428344958,0.1295852544969219,high,0.6687211551848583,0.31597146820152444,0.0016233805025828983,0.0010572235470283815,4.1703998998796464e-05
62322599,middle,"Emotions, Cognition & Inner Life",Positive Emotions & Security,0.04457464571077515,0.23002623784153922,0.1295852544969219,high,0.6687211551848583,0.31597146820152444,0.0016233805025828983,0.0010572235470283815,4.1703998998796464e-05
62322599,middle,Relationship Trajectory (Main Couple),"Bonding, Everyday Intimacy & Growth",0.1429329049216827,0.4435556601501243,0.215491010216857,high,0.6687211551848583,0.31597146820152444,0.0016233805025828983,0.0010572235470283815,4.1703998998796464e-05
62322599,middle,Relationship Trajectory (Main Couple),"Conflict, Distance & Breakup Threats",0.11168369045144107,0.346581727093103,0.215491010216857,high,0.6687211551848583,0.31597146820152444,0.0016233805025828983,0.0010572235470283815,4.1703998998796464e-05
62322599,middle,Relationship Trajectory (Main Couple),"Meeting, First Impressions & Setup",6.595524011551505e-06,2.0467519418168154e-05,0.215491010216857,high,0.6687211551848583,0.31597146820152444,0.0016233805025828983,0.0010572235470283815,4.1703998998796464e-05
62322599,middle,Relationship Trajectory (Main Couple),"Reconciliation, Commitments & HEA",0.009280542776118929,0.02879978742381553,0.215491010216857,high,0.6687211551848583,0.31597146820152444,0.0016233805025828983,0.0010572235470283815,4.1703998998796464e-05
62322599,middle,Relationship Trajectory (Main Couple),"Secrets, Misunderstandings & Hidden Information",0.05833971345873845,0.18104235781353895,0.215491010216857,medium,0.6687211551848583,0.31597146820152444,0.0016233805025828983,0.0010572235470283815,4.1703998998796464e-05
62322599,middle,"Sexuality, Attraction & Intimacy",Attraction & Sexual Tension,0.03928498458497271,0.18227281846824359,0.14412845806550859,high,0.6687211551848583,0.31597146820152444,0.0016233805025828983,0.0010572235470283815,4.1703998998796464e-05
62322599,middle,"Sexuality, Attraction & Intimacy",Explicit Sexual Acts,0.10462523481567552,0.48543576214230627,0.14412845806550859,high,0.6687211551848583,0.31597146820152444,0.0016233805025828983,0.0010572235470283815,4.1703998998796464e-05
62322599,middle,"Sexuality, Attraction & Intimacy",Kissing & Non-Explicit Affection,0.0716182664981811,0.33229141938945017,0.14412845806550859,high,0.6687211551848583,0.31597146820152444,0.0016233805025828983,0.0010572235470283815,4.1703998998796464e-05
62322599,middle,Social World Outside Couple,"Community, Norms & Social Events",0.005504360598095361,0.05880508873411559,0.06259462330471571,high,0.6687211551848583,0.31597146820152444,0.0016233805025828983,0.0010572235470283815,4.1703998998796464e-05
62322599,middle,Social World Outside Couple,Family & Kinship,0.0636688227216173,0.680197218735435,0.06259462330471571,high,0.6687211551848583,0.31597146820152444,0.0016233805025828983,0.0010572235470283815,4.1703998998796464e-05
62322599,middle,Social World Outside Couple,Friends & Social Circles,0.024430290743273034,0.2609976925304494,0.06259462330471571,high,0.6687211551848583,0.31597146820152444,0.0016233805025828983,0.0010572235470283815,4.1703998998796464e-05
62322599,middle,"Spaces, Time, Activities & Objects",Domestic Spaces & Routines,0.04815492390156018,0.6083249662214699,0.052935878235131587,high,0.6687211551848583,0.31597146820152444,0.0016233805025828983,0.0010572235470283815,4.1703998998796464e-05
62322599,middle,"Spaces, Time, Activities & Objects",Public & Leisure Spaces,0.02854760892428902,0.3606323471733116,0.052935878235131587,high,0.6687211551848583,0.31597146820152444,0.0016233805025828983,0.0010572235470283815,4.1703998998796464e-05
62322599,middle,"Spaces, Time, Activities & Objects","Time, Seasons & Temporal Framing",0.0024573349676232947,0.031042686605218486,0.052935878235131587,high,0.6687211551848583,0.31597146820152444,0.0016233805025828983,0.0010572235470283815,4.1703998998796464e-05
62322599,middle,"Work, Wealth, Status & Institutions",Hero's Elite Work & Business World,0.04202150421798865,0.7559076667276388,0.037174737180412434,high,0.6687211551848583,0.31597146820152444,0.0016233805025828983,0.0010572235470283815,4.1703998998796464e-05
62322599,middle,"Work, Wealth, Status & Institutions",Heroine's Work & Professional Identity,0.0054007376421478055,0.09715166236092163,0.037174737180412434,high,0.6687211551848583,0.31597146820152444,0.0016233805025828983,0.0010572235470283815,4.1703998998796464e-05
62322599,middle,"Work, Wealth, Status & Institutions","Law, Medicine, Education & Formal Institutions",0.003180448359780788,0.05721178581133415,0.037174737180412434,high,0.6687211551848583,0.31597146820152444,0.0016233805025828983,0.0010572235470283815,4.1703998998796464e-05
62322599,middle,"Work, Wealth, Status & Institutions","Money, Housing & Economic Security",0.0008533683167904334,0.015350893910366188,0.037174737180412434,high,0.6687211551848583,0.31597146820152444,0.0016233805025828983,0.0010572235470283815,4.1703998998796464e-05
62322599,middle,"Work, Wealth, Status & Institutions",Shared Workplaces & Professional Interaction,0.004134731274833459,0.07437799118973937,0.037174737180412434,high,0.6687211551848583,0.31597146820152444,0.0016233805025828983,0.0010572235470283815,4.1703998998796464e-05
62626163,top,"Conflict, Risk & Harm",Interpersonal Non-Romantic Conflict,0.0028470851489785396,0.14815344012678405,0.010913268144593999,high,0.5678924703842195,0.3798483107404387,0.0006468861906370744,0.0002990266852259287,0.00012625406512725327
62626163,top,"Conflict, Risk & Harm","Violence, Threats & Coercion",0.016370053154000544,0.851846559873216,0.010913268144593999,high,0.5678924703842195,0.3798483107404387,0.0006468861906370744,0.0002990266852259287,0.00012625406512725327
62626163,top,Embodied & Sensory Experience,Body Parts & Physical Reactions,0.009825737641862438,0.44668756407466886,0.012491868750238413,high,0.5678924703842195,0.3798483107404387,0.0006468861906370744,0.0002990266852259287,0.00012625406512725327
62626163,top,Embodied & Sensory Experience,Exercise & Physical Activity,0.012171153321996933,0.5533124359253312,0.012491868750238413,high,0.5678924703842195,0.3798483107404387,0.0006468861906370744,0.0002990266852259287,0.00012625406512725327
62626163,top,"Emotions, Cognition & Inner Life",Ambivalence & Internal Conflict,0.008175569104932539,0.04223812526670369,0.10992069620705908,high,0.5678924703842195,0.3798483107404387,0.0006468861906370744,0.0002990266852259287,0.00012625406512725327
62626163,top,"Emotions, Cognition & Inner Life","Beliefs, Values & Moral Reflection",0.025083774802441658,0.1295924000725646,0.10992069620705908,high,0.5678924703842195,0.3798483107404387,0.0006468861906370744,0.0002990266852259287,0.00012625406512725327
62626163,top,"Emotions, Cognition & Inner Life",Negative Emotions & Distress,0.11035047306767805,0.5701128624624423,0.10992069620705908,high,0.5678924703842195,0.3798483107404387,0.0006468861906370744,0.0002990266852259287,0.00012625406512725327
62626163,top,"Emotions, Cognition & Inner Life",Positive Emotions & Security,0.04994917867898404,0.25805661219828946,0.10992069620705908,high,0.5678924703842195,0.3798483107404387,0.0006468861906370744,0.0002990266852259287,0.00012625406512725327
62626163,top,Relationship Trajectory (Main Couple),"Bonding, Everyday Intimacy & Growth",0.16463968164125603,0.4464701328803291,0.209415207524274,high,0.5678924703842195,0.3798483107404387,0.0006468861906370744,0.0002990266852259287,0.00012625406512725327
62626163,top,Relationship Trajectory (Main Couple),"Conflict, Distance & Breakup Threats",0.11695511002209964,0.31715904083427005,0.209415207524274,high,0.5678924703842195,0.3798483107404387,0.0006468861906370744,0.0002990266852259287,0.00012625406512725327
62626163,top,Relationship Trajectory (Main Couple),"Meeting, First Impressions & Setup",9.537632590682806e-06,2.586416620632518e-05,0.209415207524274,high,0.5678924703842195,0.3798483107404387,0.0006468861906370744,0.0002990266852259287,0.00012625406512725327
62626163,top,Relationship Trajectory (Main Couple),"Reconciliation, Commitments & HEA",0.02608589726355346,0.07073977489180766,0.209415207524274,high,0.5678924703842195,0.3798483107404387,0.0006468861906370744,0.0002990266852259287,0.00012625406512725327
62626163,top,Relationship Trajectory (Main Couple),"Secrets, Misunderstandings & Hidden Information",0.061068329761188464,0.16560518722738687,0.209415207524274,medium,0.5678924703842195,0.3798483107404387,0.0006468861906370744,0.0002990266852259287,0.00012625406512725327
62626163,top,"Sexuality, Attraction & Intimacy",Attraction & Sexual Tension,0.03520212363576031,0.18193653440583143,0.10987909063767398,high,0.5678924703842195,0.3798483107404387,0.0006468861906370744,0.0002990266852259287,0.00012625406512725327
62626163,top,"Sexuality, Attraction & Intimacy",Explicit Sexual Acts,0.09460044848444817,0.488927257019622,0.10987909063767398,high,0.5678924703842195,0.3798483107404387,0.0006468861906370744,0.0002990266852259287,0.00012625406512725327
62626163,top,"Sexuality, Attraction & Intimacy",Kissing & Non-Explicit Affection,0.0636831604223149,0.3291362085745465,0.10987909063767398,high,0.5678924703842195,0.3798483107404387,0.0006468861906370744,0.0002990266852259287,0.00012625406512725327
62626163,top,Social World Outside Couple,"Community, Norms & Social Events",0.003628417608668085,0.050760314902355434,0.040593740273989216,high,0.5678924703842195,0.3798483107404387,0.0006468861906370744,0.0002990266852259287,0.00012625406512725327
62626163,top,Social World Outside Couple,Family & Kinship,0.04425912392595847,0.6191699275235045,0.040593740273989216,high,0.5678924703842195,0.3798483107404387,0.0006468861906370744,0.0002990266852259287,0.00012625406512725327
62626163,top,Social World Outside Couple,Friends & Social Circles,0.02359384339468,0.33006975757414003,0.040593740273989216,high,0.5678924703842195,0.3798483107404387,0.0006468861906370744,0.0002990266852259287,0.00012625406512725327
62626163,top,"Spaces, Time, Activities & Objects",Domestic Spaces & Routines,0.045225482988781866,0.6115554890526332,0.041996534604905524,high,0.5678924703842195,0.3798483107404387,0.0006468861906370744,0.0002990266852259287,0.00012625406512725327
62626163,top,"Spaces, Time, Activities & Objects",Public & Leisure Spaces,0.02670810282469559,0.3611567153119455,0.041996534604905524,high,0.5678924703842195,0.3798483107404387,0.0006468861906370744,0.0002990266852259287,0.00012625406512725327
62626163,top,"Spaces, Time, Activities & Objects","Time, Seasons & Temporal Framing",0.002017975080597944,0.02728779563542131,0.041996534604905524,high,0.5678924703842195,0.3798483107404387,0.0006468861906370744,0.0002990266852259287,0.00012625406512725327
62626163,top,"Work, Wealth, Status & Institutions",Hero's Elite Work & Business World,0.0441393670215674,0.7699520928303245,0.03255581017635806,high,0.5678924703842195,0.3798483107404387,0.0006468861906370744,0.0002990266852259287,0.00012625406512725327
62626163,top,"Work, Wealth, Status & Institutions",Heroine's Work & Professional Identity,0.004984329465231008,0.08694494647454483,0.03255581017635806,high,0.5678924703842195,0.3798483107404387,0.0006468861906370744,0.0002990266852259287,0.00012625406512725327
62626163,top,"Work, Wealth, Status & Institutions","Law, Medicine, Education & Formal Institutions",0.004463419121412688,0.07785836376020944,0.03255581017635806,high,0.5678924703842195,0.3798483107404387,0.0006468861906370744,0.0002990266852259287,0.00012625406512725327
62626163,top,"Work, Wealth, Status & Institutions","Money, Housing & Economic Security",0.0014582256780765388,0.025436792333368635,0.03255581017635806,high,0.5678924703842195,0.3798483107404387,0.0006468861906370744,0.0002990266852259287,0.00012625406512725327
62626163,top,"Work, Wealth, Status & Institutions",Shared Workplaces & Professional Interaction,0.002282078734498594,0.03980780460155262,0.03255581017635806,high,0.5678924703842195,0.3798483107404387,0.0006468861906370744,0.0002990266852259287,0.00012625406512725327
63046139,top,"Conflict, Risk & Harm",Interpersonal Non-Romantic Conflict,0.008090743358723364,0.2696624784731832,0.019029334902365157,high,0.6342430337918584,0.3421337529147399,0.004590455701476324,0.002812939109475167,5.0325727415689834e-05
63046139,top,"Conflict, Risk & Harm","Violence, Threats & Coercion",0.021912479205026664,0.730337521526817,0.019029334902365157,high,0.6342430337918584,0.3421337529147399,0.004590455701476324,0.002812939109475167,5.0325727415689834e-05
63046139,top,Embodied & Sensory Experience,Body Parts & Physical Reactions,0.015588329681105954,0.5932945081911523,0.016664218819141523,high,0.6342430337918584,0.3421337529147399,0.004590455701476324,0.002812939109475167,5.0325727415689834e-05
63046139,top,Embodied & Sensory Experience,Exercise & Physical Activity,0.010685855341492613,0.4067054918088478,0.016664218819141523,high,0.6342430337918584,0.3421337529147399,0.004590455701476324,0.002812939109475167,5.0325727415689834e-05
63046139,top,"Emotions, Cognition & Inner Life",Ambivalence & Internal Conflict,0.017770851668298067,0.09307205404827125,0.12110014107264484,high,0.6342430337918584,0.3421337529147399,0.004590455701476324,0.002812939109475167,5.0325727415689834e-05
63046139,top,"Emotions, Cognition & Inner Life","Beliefs, Values & Moral Reflection",0.02328858580345298,0.12197032292343497,0.12110014107264484,high,0.6342430337918584,0.3421337529147399,0.004590455701476324,0.002812939109475167,5.0325727415689834e-05
63046139,top,"Emotions, Cognition & Inner Life",Negative Emotions & Distress,0.10326306867046095,0.540824159014993,0.12110014107264484,high,0.6342430337918584,0.3421337529147399,0.004590455701476324,0.002812939109475167,5.0325727415689834e-05
63046139,top,"Emotions, Cognition & Inner Life",Positive Emotions & Security,0.04661398763154015,0.24413346401330077,0.12110014107264484,high,0.6342430337918584,0.3421337529147399,0.004590455701476324,0.002812939109475167,5.0325727415689834e-05
63046139,top,Relationship Trajectory (Main Couple),"Bonding, Everyday Intimacy & Growth",0.16000092509117225,0.44343450416568864,0.2288488405525866,high,0.6342430337918584,0.3421337529147399,0.004590455701476324,0.002812939109475167,5.0325727415689834e-05
63046139,top,Relationship Trajectory (Main Couple),"Conflict, Distance & Breakup Threats",0.12693882457990308,0.35180455803546024,0.2288488405525866,high,0.6342430337918584,0.3421337529147399,0.004590455701476324,0.002812939109475167,5.0325727415689834e-05
63046139,top,Relationship Trajectory (Main Couple),"Meeting, First Impressions & Setup",9.71860412988962e-06,2.6934621790871063e-05,0.2288488405525866,high,0.6342430337918584,0.3421337529147399,0.004590455701476324,0.002812939109475167,5.0325727415689834e-05
63046139,top,Relationship Trajectory (Main Couple),"Reconciliation, Commitments & HEA",0.005528348074421441,0.01532153820885418,0.2288488405525866,high,0.6342430337918584,0.3421337529147399,0.004590455701476324,0.002812939109475167,5.0325727415689834e-05
63046139,top,Relationship Trajectory (Main Couple),"Secrets, Misunderstandings & Hidden Information",0.0683441846180476,0.18941246496820602,0.2288488405525866,medium,0.6342430337918584,0.3421337529147399,0.004590455701476324,0.002812939109475167,5.0325727415689834e-05
63046139,top,"Sexuality, Attraction & Intimacy",Attraction & Sexual Tension,0.03562909585095067,0.18889627848262597,0.11962917440878175,high,0.6342430337918584,0.3421337529147399,0.004590455701476324,0.002812939109475167,5.0325727415689834e-05
63046139,top,"Sexuality, Attraction & Intimacy",Explicit Sexual Acts,0.09257633401640555,0.49081585018096774,0.11962917440878175,high,0.6342430337918584,0.3421337529147399,0.004590455701476324,0.002812939109475167,5.0325727415689834e-05
63046139,top,"Sexuality, Attraction & Intimacy",Kissing & Non-Explicit Affection,0.06041181625921431,0.32028787133640635,0.11962917440878175,high,0.6342430337918584,0.3421337529147399,0.004590455701476324,0.002812939109475167,5.0325727415689834e-05
63046139,top,Social World Outside Couple,"Community, Norms & Social Events",0.004421499064399491,0.08170825702938679,0.03432094971141061,high,0.6342430337918584,0.3421337529147399,0.004590455701476324,0.002812939109475167,5.0325727415689834e-05
63046139,top,Social World Outside Couple,Family & Kinship,0.031080115924395874,0.574353191862222,0.03432094971141061,high,0.6342430337918584,0.3421337529147399,0.004590455701476324,0.002812939109475167,5.0325727415689834e-05
63046139,top,Social World Outside Couple,Friends & Social Circles,0.01861163164194938,0.34393855110839117,0.03432094971141061,high,0.6342430337918584,0.3421337529147399,0.004590455701476324,0.002812939109475167,5.0325727415689834e-05
63046139,top,"Spaces, Time, Activities & Objects",Domestic Spaces & Routines,0.052602816326004234,0.7849481857568208,0.04250340394179441,high,0.6342430337918584,0.3421337529147399,0.004590455701476324,0.002812939109475167,5.0325727415689834e-05
63046139,top,"Spaces, Time, Activities & Objects",Public & Leisure Spaces,0.013060155089760387,0.1948858589600319,0.04250340394179441,high,0.6342430337918584,0.3421337529147399,0.004590455701476324,0.002812939109475167,5.0325727415689834e-05
63046139,top,"Spaces, Time, Activities & Objects","Time, Seasons & Temporal Framing",0.0013514089987672641,0.020165955283147175,0.04250340394179441,high,0.6342430337918584,0.3421337529147399,0.004590455701476324,0.002812939109475167,5.0325727415689834e-05
63046139,top,"Work, Wealth, Status & Institutions",Hero's Elite Work & Business World,0.06691767745612028,0.8146795449986154,0.05209664465571786,high,0.6342430337918584,0.3421337529147399,0.004590455701476324,0.002812939109475167,5.0325727415689834e-05
63046139,top,"Work, Wealth, Status & Institutions",Heroine's Work & Professional Identity,0.006049021634006675,0.07364293531721526,0.05209664465571786,high,0.6342430337918584,0.3421337529147399,0.004590455701476324,0.002812939109475167,5.0325727415689834e-05
63046139,top,"Work, Wealth, Status & Institutions","Law, Medicine, Education & Formal Institutions",0.0022739225913530297,0.02768354032161838,0.05209664465571786,high,0.6342430337918584,0.3421337529147399,0.004590455701476324,0.002812939109475167,5.0325727415689834e-05
63046139,top,"Work, Wealth, Status & Institutions","Money, Housing & Economic Security",0.001315622798677518,0.01601685868011813,0.05209664465571786,high,0.6342430337918584,0.3421337529147399,0.004590455701476324,0.002812939109475167,5.0325727415689834e-05
63046139,top,"Work, Wealth, Status & Institutions",Shared Workplaces & Professional Interaction,0.005583632317944762,0.06797712068243283,0.05209664465571786,high,0.6342430337918584,0.3421337529147399,0.004590455701476324,0.002812939109475167,5.0325727415689834e-05
63095160,middle,"Conflict, Risk & Harm",Interpersonal Non-Romantic Conflict,0.0025652362121798265,0.14186256418208493,0.011881416949046646,high,0.6570655234419729,0.3001132322193516,0.0008026805738340381,0.0004404514935455735,4.718773747371803e-05
63095160,middle,"Conflict, Risk & Harm","Violence, Threats & Coercion",0.015517308869179817,0.8581374358179151,0.011881416949046646,high,0.6570655234419729,0.3001132322193516,0.0008026805738340381,0.0004404514935455735,4.718773747371803e-05
63095160,middle,Embodied & Sensory Experience,Body Parts & Physical Reactions,0.008364742660698744,0.38726209765478514,0.014192413995827843,high,0.6570655234419729,0.3001132322193516,0.0008026805738340381,0.0004404514935455735,4.718773747371803e-05
63095160,middle,Embodied & Sensory Experience,Exercise & Physical Activity,0.013234950961152365,0.6127379023452149,0.014192413995827843,high,0.6570655234419729,0.3001132322193516,0.0008026805738340381,0.0004404514935455735,4.718773747371803e-05
63095160,middle,"Emotions, Cognition & Inner Life",Ambivalence & Internal Conflict,0.007455825916800505,0.04181456079285549,0.11715933554781706,high,0.6570655234419729,0.3001132322193516,0.0008026805738340381,0.0004404514935455735,4.718773747371803e-05
63095160,middle,"Emotions, Cognition & Inner Life","Beliefs, Values & Moral Reflection",0.023194848108883455,0.1300838293641597,0.11715933554781706,high,0.6570655234419729,0.3001132322193516,0.0008026805738340381,0.0004404514935455735,4.718773747371803e-05
63095160,middle,"Emotions, Cognition & Inner Life",Negative Emotions & Distress,0.10431398257080593,0.5850248402290509,0.11715933554781706,high,0.6570655234419729,0.3001132322193516,0.0008026805738340381,0.0004404514935455735,4.718773747371803e-05
63095160,middle,"Emotions, Cognition & Inner Life",Positive Emotions & Security,0.04334227226821365,0.24307676961393393,0.11715933554781706,high,0.6570655234419729,0.3001132322193516,0.0008026805738340381,0.0004404514935455735,4.718773747371803e-05
63095160,middle,Relationship Trajectory (Main Couple),"Bonding, Everyday Intimacy & Growth",0.13976460968806753,0.40606753159890174,0.2261557481873823,high,0.6570655234419729,0.3001132322193516,0.0008026805738340381,0.0004404514935455735,4.718773747371803e-05
63095160,middle,Relationship Trajectory (Main Couple),"Conflict, Distance & Breakup Threats",0.1139260381483605,0.3309969898602784,0.2261557481873823,high,0.6570655234419729,0.3001132322193516,0.0008026805738340381,0.0004404514935455735,4.718773747371803e-05
63095160,middle,Relationship Trajectory (Main Couple),"Meeting, First Impressions & Setup",7.729579082264696e-06,2.245726658013699e-05,0.2261557481873823,high,0.6570655234419729,0.3001132322193516,0.0008026805738340381,0.0004404514935455735,4.718773747371803e-05
63095160,middle,Relationship Trajectory (Main Couple),"Reconciliation, Commitments & HEA",0.031051520181376097,0.09021607244198797,0.2261557481873823,high,0.6570655234419729,0.3001132322193516,0.0008026805738340381,0.0004404514935455735,4.718773747371803e-05
63095160,middle,Relationship Trajectory (Main Couple),"Secrets, Misunderstandings & Hidden Information",0.0594406589288734,0.1726969488322518,0.2261557481873823,medium,0.6570655234419729,0.3001132322193516,0.0008026805738340381,0.0004404514935455735,4.718773747371803e-05
63095160,middle,"Sexuality, Attraction & Intimacy",Attraction & Sexual Tension,0.04086565190189826,0.1593945380681418,0.16845878963706493,high,0.6570655234419729,0.3001132322193516,0.0008026805738340381,0.0004404514935455735,4.718773747371803e-05
63095160,middle,"Sexuality, Attraction & Intimacy",Explicit Sexual Acts,0.09702559074884909,0.3784437173626242,0.16845878963706493,high,0.6570655234419729,0.3001132322193516,0.0008026805738340381,0.0004404514935455735,4.718773747371803e-05
63095160,middle,"Sexuality, Attraction & Intimacy",Kissing & Non-Explicit Affection,0.1184892607039412,0.4621617445692339,0.16845878963706493,high,0.6570655234419729,0.3001132322193516,0.0008026805738340381,0.0004404514935455735,4.718773747371803e-05
63095160,middle,Social World Outside Couple,"Community, Norms & Social Events",0.003734642449182744,0.06542523042416182,0.03750701036636524,high,0.6570655234419729,0.3001132322193516,0.0008026805738340381,0.0004404514935455735,4.718773747371803e-05
63095160,middle,Social World Outside Couple,Family & Kinship,0.037343990641515216,0.6542096669022578,0.03750701036636524,high,0.6570655234419729,0.3001132322193516,0.0008026805738340381,0.0004404514935455735,4.718773747371803e-05
63095160,middle,Social World Outside Couple,Friends & Social Circles,0.016003969828244532,0.2803651026735804,0.03750701036636524,high,0.6570655234419729,0.3001132322193516,0.0008026805738340381,0.0004404514935455735,4.718773747371803e-05
63095160,middle,"Spaces, Time, Activities & Objects",Domestic Spaces & Routines,0.034686219535744904,0.561948576264977,0.04055730356496296,high,0.6570655234419729,0.3001132322193516,0.0008026805738340381,0.0004404514935455735,4.718773747371803e-05
63095160,middle,"Spaces, Time, Activities & Objects",Public & Leisure Spaces,0.02524226587802078,0.4089478634948379,0.04055730356496296,high,0.6570655234419729,0.3001132322193516,0.0008026805738340381,0.0004404514935455735,4.718773747371803e-05
63095160,middle,"Spaces, Time, Activities & Objects","Time, Seasons & Temporal Framing",0.0017964143382522473,0.029103560240185216,0.04055730356496296,high,0.6570655234419729,0.3001132322193516,0.0008026805738340381,0.0004404514935455735,4.718773747371803e-05
63095160,middle,"Work, Wealth, Status & Institutions",Hero's Elite Work & Business World,0.04855571557171966,0.7761407161406937,0.0411063174560322,high,0.6570655234419729,0.3001132322193516,0.0008026805738340381,0.0004404514935455735,4.718773747371803e-05
63095160,middle,"Work, Wealth, Status & Institutions",Heroine's Work & Professional Identity,0.006520388721431199,0.10422540605528308,0.0411063174560322,high,0.6570655234419729,0.3001132322193516,0.0008026805738340381,0.0004404514935455735,4.718773747371803e-05
63095160,middle,"Work, Wealth, Status & Institutions","Law, Medicine, Education & Formal Institutions",0.002975331406621744,0.047559300105058926,0.0411063174560322,high,0.6570655234419729,0.3001132322193516,0.0008026805738340381,0.0004404514935455735,4.718773747371803e-05
63095160,middle,"Work, Wealth, Status & Institutions","Money, Housing & Economic Security",0.0010993385773546396,0.017572420067599116,0.0411063174560322,high,0.6570655234419729,0.3001132322193516,0.0008026805738340381,0.0004404514935455735,4.718773747371803e-05
63095160,middle,"Work, Wealth, Status & Institutions",Shared Workplaces & Professional Interaction,0.0034096797255433273,0.054502157631365275,0.0411063174560322,high,0.6570655234419729,0.3001132322193516,0.0008026805738340381,0.0004404514935455735,4.718773747371803e-05
63130875,trash,"Conflict, Risk & Harm",Interpersonal Non-Romantic Conflict,0.003402732943374552,0.16076959082989872,0.013761803775404188,high,0.6502066423875541,0.3314574846461368,0.0009060916322077368,0.00028665711590017574,3.4788850226942554e-05
63130875,trash,"Conflict, Risk & Harm","Violence, Threats & Coercion",0.0177625441827879,0.8392304091701013,0.013761803775404188,high,0.6502066423875541,0.3314574846461368,0.0009060916322077368,0.00028665711590017574,3.4788850226942554e-05
63130875,trash,Embodied & Sensory Experience,Body Parts & Physical Reactions,0.008467769080177436,0.4856375450235306,0.011337261211689358,high,0.6502066423875541,0.3314574846461368,0.0009060916322077368,0.00028665711590017574,3.4788850226942554e-05
63130875,trash,Embodied & Sensory Experience,Exercise & Physical Activity,0.008968628016688596,0.5143624549764694,0.011337261211689358,high,0.6502066423875541,0.3314574846461368,0.0009060916322077368,0.00028665711590017574,3.4788850226942554e-05
63130875,trash,"Emotions, Cognition & Inner Life",Ambivalence & Internal Conflict,0.00915203711182747,0.04539021912221482,0.13110126887612306,high,0.6502066423875541,0.3314574846461368,0.0009060916322077368,0.00028665711590017574,3.4788850226942554e-05
63130875,trash,"Emotions, Cognition & Inner Life","Beliefs, Values & Moral Reflection",0.026594687017206076,0.1318983584143995,0.13110126887612306,high,0.6502066423875541,0.3314574846461368,0.0009060916322077368,0.00028665711590017574,3.4788850226942554e-05
63130875,trash,"Emotions, Cognition & Inner Life",Negative Emotions & Distress,0.11509595840177045,0.5708270965363812,0.13110126887612306,high,0.6502066423875541,0.3314574846461368,0.0009060916322077368,0.00028665711590017574,3.4788850226942554e-05
63130875,trash,"Emotions, Cognition & Inner Life",Positive Emotions & Security,0.05078747675935665,0.25188432592700444,0.13110126887612306,high,0.6502066423875541,0.3314574846461368,0.0009060916322077368,0.00028665711590017574,3.4788850226942554e-05
63130875,trash,Relationship Trajectory (Main Couple),"Bonding, Everyday Intimacy & Growth",0.15224778483616083,0.42200143020320774,0.23457863861170972,high,0.6502066423875541,0.3314574846461368,0.0009060916322077368,0.00028665711590017574,3.4788850226942554e-05
63130875,trash,Relationship Trajectory (Main Couple),"Conflict, Distance & Breakup Threats",0.1278181247515221,0.3542871346803532,0.23457863861170972,high,0.6502066423875541,0.3314574846461368,0.0009060916322077368,0.00028665711590017574,3.4788850226942554e-05
63130875,trash,Relationship Trajectory (Main Couple),"Meeting, First Impressions & Setup",6.042483924435807e-06,1.674859743171881e-05,0.23457863861170972,high,0.6502066423875541,0.3314574846461368,0.0009060916322077368,0.00028665711590017574,3.4788850226942554e-05
63130875,trash,Relationship Trajectory (Main Couple),"Reconciliation, Commitments & HEA",0.021991941159044452,0.06095740987002707,0.23457863861170972,high,0.6502066423875541,0.3314574846461368,0.0009060916322077368,0.00028665711590017574,3.4788850226942554e-05
63130875,trash,Relationship Trajectory (Main Couple),"Secrets, Misunderstandings & Hidden Information",0.058711625380383374,0.1627372766489803,0.23457863861170972,medium,0.6502066423875541,0.3314574846461368,0.0009060916322077368,0.00028665711590017574,3.4788850226942554e-05
63130875,trash,"Sexuality, Attraction & Intimacy",Attraction & Sexual Tension,0.03414469667727555,0.19232567432413158,0.1154349707073258,high,0.6502066423875541,0.3314574846461368,0.0009060916322077368,0.00028665711590017574,3.4788850226942554e-05
63130875,trash,"Sexuality, Attraction & Intimacy",Explicit Sexual Acts,0.0917523774947716,0.5168105032330967,0.1154349707073258,high,0.6502066423875541,0.3314574846461368,0.0009060916322077368,0.00028665711590017574,3.4788850226942554e-05
63130875,trash,"Sexuality, Attraction & Intimacy",Kissing & Non-Explicit Affection,0.05163874779902566,0.29086382244277176,0.1154349707073258,high,0.6502066423875541,0.3314574846461368,0.0009060916322077368,0.00028665711590017574,3.4788850226942554e-05
63130875,trash,Social World Outside Couple,"Community, Norms & Social Events",0.0041743099832608046,0.052441757724106385,0.051755780055656106,high,0.6502066423875541,0.3314574846461368,0.0009060916322077368,0.00028665711590017574,3.4788850226942554e-05
63130875,trash,Social World Outside Couple,Family & Kinship,0.052793090067124314,0.6632383435607649,0.051755780055656106,high,0.6502066423875541,0.3314574846461368,0.0009060916322077368,0.00028665711590017574,3.4788850226942554e-05
63130875,trash,Social World Outside Couple,Friends & Social Circles,0.022631571540568274,0.2843198987151287,0.051755780055656106,high,0.6502066423875541,0.3314574846461368,0.0009060916322077368,0.00028665711590017574,3.4788850226942554e-05
63130875,trash,"Spaces, Time, Activities & Objects",Domestic Spaces & Routines,0.0427205974227131,0.5559576750321068,0.04996282533451587,high,0.6502066423875541,0.3314574846461368,0.0009060916322077368,0.00028665711590017574,3.4788850226942554e-05
63130875,trash,"Spaces, Time, Activities & Objects",Public & Leisure Spaces,0.03157270530022831,0.4108811414668189,0.04996282533451587,high,0.6502066423875541,0.3314574846461368,0.0009060916322077368,0.00028665711590017574,3.4788850226942554e-05
63130875,trash,"Spaces, Time, Activities & Objects","Time, Seasons & Temporal Framing",0.002548153634767793,0.03316118350107438,0.04996282533451587,high,0.6502066423875541,0.3314574846461368,0.0009060916322077368,0.00028665711590017574,3.4788850226942554e-05
63130875,trash,"Work, Wealth, Status & Institutions",Hero's Elite Work & Business World,0.04967305371950667,0.7646373325255588,0.042239304964903024,high,0.6502066423875541,0.3314574846461368,0.0009060916322077368,0.00028665711590017574,3.4788850226942554e-05
63130875,trash,"Work, Wealth, Status & Institutions",Heroine's Work & Professional Identity,0.005285506083162821,0.0813619250247571,0.042239304964903024,high,0.6502066423875541,0.3314574846461368,0.0009060916322077368,0.00028665711590017574,3.4788850226942554e-05
63130875,trash,"Work, Wealth, Status & Institutions","Law, Medicine, Education & Formal Institutions",0.0050879954356351075,0.07832156403701135,0.042239304964903024,high,0.6502066423875541,0.3314574846461368,0.0009060916322077368,0.00028665711590017574,3.4788850226942554e-05
63130875,trash,"Work, Wealth, Status & Institutions","Money, Housing & Economic Security",0.001664703490077504,0.025625451643996336,0.042239304964903024,high,0.6502066423875541,0.3314574846461368,0.0009060916322077368,0.00028665711590017574,3.4788850226942554e-05
63130875,trash,"Work, Wealth, Status & Institutions",Shared Workplaces & Professional Interaction,0.0032516349292412592,0.05005372676867637,0.042239304964903024,high,0.6502066423875541,0.3314574846461368,0.0009060916322077368,0.00028665711590017574,3.4788850226942554e-05
63830782,top,"Conflict, Risk & Harm",Interpersonal Non-Romantic Conflict,0.0041048433641282765,0.1704610548280516,0.015303330845976165,high,0.6354985286854509,0.3254321942066045,0.000851893526143776,0.00040421751317578714,3.783851978322537e-05
63830782,top,"Conflict, Risk & Harm","Violence, Threats & Coercion",0.019975984765610428,0.8295389451719484,0.015303330845976165,high,0.6354985286854509,0.3254321942066045,0.000851893526143776,0.00040421751317578714,3.783851978322537e-05
63830782,top,Embodied & Sensory Experience,Body Parts & Physical Reactions,0.00912909331406327,0.4848296036990281,0.011966112062993698,high,0.6354985286854509,0.3254321942066045,0.000851893526143776,0.00040421751317578714,3.783851978322537e-05
63830782,top,Embodied & Sensory Experience,Exercise & Physical Activity,0.009700394911103805,0.5151703963009718,0.011966112062993698,high,0.6354985286854509,0.3254321942066045,0.000851893526143776,0.00040421751317578714,3.783851978322537e-05
63830782,top,"Emotions, Cognition & Inner Life",Ambivalence & Internal Conflict,0.010736833979608304,0.05380206724540315,0.12682119007916018,high,0.6354985286854509,0.3254321942066045,0.000851893526143776,0.00040421751317578714,3.783851978322537e-05
63830782,top,"Emotions, Cognition & Inner Life","Beliefs, Values & Moral Reflection",0.02903669845914953,0.14550233393295423,0.12682119007916018,high,0.6354985286854509,0.3254321942066045,0.000851893526143776,0.00040421751317578714,3.783851978322537e-05
63830782,top,"Emotions, Cognition & Inner Life",Negative Emotions & Distress,0.1085209965328614,0.5437966130507472,0.12682119007916018,high,0.6354985286854509,0.3254321942066045,0.000851893526143776,0.00040421751317578714,3.783851978322537e-05
63830782,top,"Emotions, Cognition & Inner Life",Positive Emotions & Security,0.05126720776677084,0.2568989857708954,0.12682119007916018,high,0.6354985286854509,0.3254321942066045,0.000851893526143776,0.00040421751317578714,3.783851978322537e-05
63830782,top,Relationship Trajectory (Main Couple),"Bonding, Everyday Intimacy & Growth",0.16231003773976765,0.43246557631907345,0.23851098404743276,high,0.6354985286854509,0.3254321942066045,0.000851893526143776,0.00040421751317578714,3.783851978322537e-05
63830782,top,Relationship Trajectory (Main Couple),"Conflict, Distance & Breakup Threats",0.12470792142569659,0.33227694270755337,0.23851098404743276,high,0.6354985286854509,0.3254321942066045,0.000851893526143776,0.00040421751317578714,3.783851978322537e-05
63830782,top,Relationship Trajectory (Main Couple),"Meeting, First Impressions & Setup",6.953818058834053e-05,0.0001852804038683821,0.23851098404743276,high,0.6354985286854509,0.3254321942066045,0.000851893526143776,0.00040421751317578714,3.783851978322537e-05
63830782,top,Relationship Trajectory (Main Couple),"Reconciliation, Commitments & HEA",0.015799020078527754,0.04209556241057467,0.23851098404743276,high,0.6354985286854509,0.3254321942066045,0.000851893526143776,0.00040421751317578714,3.783851978322537e-05
63830782,top,Relationship Trajectory (Main Couple),"Secrets, Misunderstandings & Hidden Information",0.07242667887943062,0.1929766381589301,0.23851098404743276,medium,0.6354985286854509,0.3254321942066045,0.000851893526143776,0.00040421751317578714,3.783851978322537e-05
63830782,top,"Sexuality, Attraction & Intimacy",Attraction & Sexual Tension,0.03510421503140634,0.20323419274262086,0.10976832540855215,high,0.6354985286854509,0.3254321942066045,0.000851893526143776,0.00040421751317578714,3.783851978322537e-05
63830782,top,"Sexuality, Attraction & Intimacy",Explicit Sexual Acts,0.07818307110613569,0.4526371926613011,0.10976832540855215,high,0.6354985286854509,0.3254321942066045,0.000851893526143776,0.00040421751317578714,3.783851978322537e-05
63830782,top,"Sexuality, Attraction & Intimacy",Kissing & Non-Explicit Affection,0.05944061243936177,0.34412861459607796,0.10976832540855215,high,0.6354985286854509,0.3254321942066045,0.000851893526143776,0.00040421751317578714,3.783851978322537e-05
63830782,top,Social World Outside Couple,"Community, Norms & Social Events",0.003662613589321974,0.05403801557898416,0.04307311292279708,high,0.6354985286854509,0.3254321942066045,0.000851893526143776,0.00040421751317578714,3.783851978322537e-05
63830782,top,Social World Outside Couple,Family & Kinship,0.04253708254013436,0.627589963541264,0.04307311292279708,high,0.6354985286854509,0.3254321942066045,0.000851893526143776,0.00040421751317578714,3.783851978322537e-05
63830782,top,Social World Outside Couple,Friends & Social Circles,0.021578765941722967,0.3183720208797519,0.04307311292279708,high,0.6354985286854509,0.3254321942066045,0.000851893526143776,0.00040421751317578714,3.783851978322537e-05
63830782,top,"Spaces, Time, Activities & Objects",Domestic Spaces & Routines,0.049096276928345096,0.6733507707454875,0.04633634222673212,high,0.6354985286854509,0.3254321942066045,0.000851893526143776,0.00040421751317578714,3.783851978322537e-05
63830782,top,"Spaces, Time, Activities & Objects",Public & Leisure Spaces,0.020799719786865952,0.28526617955608075,0.04633634222673212,high,0.6354985286854509,0.3254321942066045,0.000851893526143776,0.00040421751317578714,3.783851978322537e-05
63830782,top,"Spaces, Time, Activities & Objects","Time, Seasons & Temporal Framing",0.0030173778012970087,0.04138304969843159,0.04633634222673212,high,0.6354985286854509,0.3254321942066045,0.000851893526143776,0.00040421751317578714,3.783851978322537e-05
63830782,top,"Work, Wealth, Status & Institutions",Hero's Elite Work & Business World,0.053002569717848814,0.7711093946385165,0.04368129257202348,high,0.6354985286854509,0.3254321942066045,0.000851893526143776,0.00040421751317578714,3.783851978322537e-05
63830782,top,"Work, Wealth, Status & Institutions",Heroine's Work & Professional Identity,0.0051664211775996486,0.07516382560155177,0.04368129257202348,high,0.6354985286854509,0.3254321942066045,0.000851893526143776,0.00040421751317578714,3.783851978322537e-05
63830782,top,"Work, Wealth, Status & Institutions","Law, Medicine, Education & Formal Institutions",0.003553471042463049,0.05169777463631987,0.04368129257202348,high,0.6354985286854509,0.3254321942066045,0.000851893526143776,0.00040421751317578714,3.783851978322537e-05
63830782,top,"Work, Wealth, Status & Institutions","Money, Housing & Economic Security",0.0018854799910594394,0.027430959333642833,0.04368129257202348,high,0.6354985286854509,0.3254321942066045,0.000851893526143776,0.00040421751317578714,3.783851978322537e-05
63830782,top,"Work, Wealth, Status & Institutions",Shared Workplaces & Professional Interaction,0.005127532034091777,0.07459804578996902,0.04368129257202348,high,0.6354985286854509,0.3254321942066045,0.000851893526143776,0.00040421751317578714,3.783851978322537e-05
75599070,trash,"Conflict, Risk & Harm",Interpersonal Non-Romantic Conflict,0.00042336177161228093,0.023339743304881335,0.012245140350664346,high,0.6750690583808489,0.3105804085187327,0.0014171143167772628,0.001195158707941625,3.307559060053435e-05
75599070,trash,"Conflict, Risk & Harm","Violence, Threats & Coercion",0.017715731108802472,0.9766602566951187,0.012245140350664346,high,0.6750690583808489,0.3105804085187327,0.0014171143167772628,0.001195158707941625,3.307559060053435e-05
75599070,trash,Embodied & Sensory Experience,Body Parts & Physical Reactions,0.009663039343519465,0.46357797505024667,0.01407145986609855,high,0.6750690583808489,0.3105804085187327,0.0014171143167772628,0.001195158707941625,3.307559060053435e-05
75599070,trash,Embodied & Sensory Experience,Exercise & Physical Activity,0.011181435294155242,0.5364220249497533,0.01407145986609855,high,0.6750690583808489,0.3105804085187327,0.0014171143167772628,0.001195158707941625,3.307559060053435e-05
75599070,trash,"Emotions, Cognition & Inner Life",Ambivalence & Internal Conflict,0.010998494336427753,0.057448093216865316,0.12924263973864436,high,0.6750690583808489,0.3105804085187327,0.0014171143167772628,0.001195158707941625,3.307559060053435e-05
75599070,trash,"Emotions, Cognition & Inner Life","Beliefs, Values & Moral Reflection",0.01821145445745255,0.09512332336448112,0.12924263973864436,high,0.6750690583808489,0.3105804085187327,0.0014171143167772628,0.001195158707941625,3.307559060053435e-05
75599070,trash,"Emotions, Cognition & Inner Life",Negative Emotions & Distress,0.12130713595843778,0.6336197884223064,0.12924263973864436,high,0.6750690583808489,0.3105804085187327,0.0014171143167772628,0.001195158707941625,3.307559060053435e-05
75599070,trash,"Emotions, Cognition & Inner Life",Positive Emotions & Security,0.040933905533968265,0.21380879499634725,0.12924263973864436,high,0.6750690583808489,0.3105804085187327,0.0014171143167772628,0.001195158707941625,3.307559060053435e-05
75599070,trash,Relationship Trajectory (Main Couple),"Bonding, Everyday Intimacy & Growth",0.1341834585830539,0.4181856253051239,0.21660979133334632,high,0.6750690583808489,0.3105804085187327,0.0014171143167772628,0.001195158707941625,3.307559060053435e-05
75599070,trash,Relationship Trajectory (Main Couple),"Conflict, Distance & Breakup Threats",0.11219362736391526,0.34965384489168494,0.21660979133334632,high,0.6750690583808489,0.3105804085187327,0.0014171143167772628,0.001195158707941625,3.307559060053435e-05
75599070,trash,Relationship Trajectory (Main Couple),"Meeting, First Impressions & Setup",5.657341116080841e-06,1.763122487059992e-05,0.21660979133334632,high,0.6750690583808489,0.3105804085187327,0.0014171143167772628,0.001195158707941625,3.307559060053435e-05
75599070,trash,Relationship Trajectory (Main Couple),"Reconciliation, Commitments & HEA",0.0059710213713108735,0.01860881611071577,0.21660979133334632,high,0.6750690583808489,0.3105804085187327,0.0014171143167772628,0.001195158707941625,3.307559060053435e-05
75599070,trash,Relationship Trajectory (Main Couple),"Secrets, Misunderstandings & Hidden Information",0.06851680205400693,0.2135340824676049,0.21660979133334632,medium,0.6750690583808489,0.3105804085187327,0.0014171143167772628,0.001195158707941625,3.307559060053435e-05
75599070,trash,"Sexuality, Attraction & Intimacy",Attraction & Sexual Tension,0.05487983827497703,0.23569988466686606,0.1571815819967181,high,0.6750690583808489,0.3105804085187327,0.0014171143167772628,0.001195158707941625,3.307559060053435e-05
75599070,trash,"Sexuality, Attraction & Intimacy",Explicit Sexual Acts,0.1148397436225468,0.49321782238830914,0.1571815819967181,high,0.6750690583808489,0.3105804085187327,0.0014171143167772628,0.001195158707941625,3.307559060053435e-05
75599070,trash,"Sexuality, Attraction & Intimacy",Kissing & Non-Explicit Affection,0.06311819972694829,0.2710822929448248,0.1571815819967181,high,0.6750690583808489,0.3105804085187327,0.0014171143167772628,0.001195158707941625,3.307559060053435e-05
75599070,trash,Social World Outside Couple,"Community, Norms & Social Events",0.0016469816482867336,0.02920803787654833,0.038065766525596345,high,0.6750690583808489,0.3105804085187327,0.0014171143167772628,0.001195158707941625,3.307559060053435e-05
75599070,trash,Social World Outside Couple,Family & Kinship,0.035797457679227505,0.63484222842839,0.038065766525596345,high,0.6750690583808489,0.3105804085187327,0.0014171143167772628,0.001195158707941625,3.307559060053435e-05
75599070,trash,Social World Outside Couple,Friends & Social Circles,0.0189435198790549,0.33594973369506165,0.038065766525596345,high,0.6750690583808489,0.3105804085187327,0.0014171143167772628,0.001195158707941625,3.307559060053435e-05
75599070,trash,"Spaces, Time, Activities & Objects",Domestic Spaces & Routines,0.052238997085734484,0.5780153904819539,0.06101036608042997,high,0.6750690583808489,0.3105804085187327,0.0014171143167772628,0.001195158707941625,3.307559060053435e-05
75599070,trash,"Spaces, Time, Activities & Objects",Public & Leisure Spaces,0.036993253070067046,0.4093238923289314,0.06101036608042997,high,0.6750690583808489,0.3105804085187327,0.0014171143167772628,0.001195158707941625,3.307559060053435e-05
75599070,trash,"Spaces, Time, Activities & Objects","Time, Seasons & Temporal Framing",0.0011442310693388245,0.012660717189114566,0.06101036608042997,high,0.6750690583808489,0.3105804085187327,0.0014171143167772628,0.001195158707941625,3.307559060053435e-05
75599070,trash,"Work, Wealth, Status & Institutions",Hero's Elite Work & Business World,0.05294622680246808,0.7668514193872015,0.04660923689875029,high,0.6750690583808489,0.3105804085187327,0.0014171143167772628,0.001195158707941625,3.307559060053435e-05
75599070,trash,"Work, Wealth, Status & Institutions",Heroine's Work & Professional Identity,0.007978584070129835,0.11555853718728021,0.04660923689875029,high,0.6750690583808489,0.3105804085187327,0.0014171143167772628,0.001195158707941625,3.307559060053435e-05
75599070,trash,"Work, Wealth, Status & Institutions","Law, Medicine, Education & Formal Institutions",0.0015067390019120564,0.0218229893241128,0.04660923689875029,high,0.6750690583808489,0.3105804085187327,0.0014171143167772628,0.001195158707941625,3.307559060053435e-05
75599070,trash,"Work, Wealth, Status & Institutions","Money, Housing & Economic Security",0.0020031396818004886,0.029012653044200053,0.04660923689875029,high,0.6750690583808489,0.3105804085187327,0.0014171143167772628,0.001195158707941625,3.307559060053435e-05
75599070,trash,"Work, Wealth, Status & Institutions",Shared Workplaces & Professional Interaction,0.004608968007468881,0.06675440105720544,0.04660923689875029,high,0.6750690583808489,0.3105804085187327,0.0014171143167772628,0.001195158707941625,3.307559060053435e-05
104659050,middle,"Conflict, Risk & Harm",Interpersonal Non-Romantic Conflict,0.0017665896953000183,0.10681663290204059,0.010949581575585409,high,0.6620651296121266,0.31931520166949845,0.0006143770795306305,0.0002675148614757794,3.6651179273218854e-05
104659050,middle,"Conflict, Risk & Harm","Violence, Threats & Coercion",0.01477193663065263,0.8931833670979593,0.010949581575585409,high,0.6620651296121266,0.31931520166949845,0.0006143770795306305,0.0002675148614757794,3.6651179273218854e-05
104659050,middle,Embodied & Sensory Experience,Body Parts & Physical Reactions,0.008956063725935557,0.46265584103468604,0.012816216646622745,high,0.6620651296121266,0.31931520166949845,0.0006143770795306305,0.0002675148614757794,3.6651179273218854e-05
104659050,middle,Embodied & Sensory Experience,Exercise & Physical Activity,0.010401875657054112,0.537344158965314,0.012816216646622745,high,0.6620651296121266,0.31931520166949845,0.0006143770795306305,0.0002675148614757794,3.6651179273218854e-05
104659050,middle,"Emotions, Cognition & Inner Life",Ambivalence & Internal Conflict,0.010087301262831852,0.052356972332781415,0.12755608509149544,high,0.6620651296121266,0.31931520166949845,0.0006143770795306305,0.0002675148614757794,3.6651179273218854e-05
104659050,middle,"Emotions, Cognition & Inner Life","Beliefs, Values & Moral Reflection",0.022443389290462395,0.1164898203709146,0.12755608509149544,high,0.6620651296121266,0.31931520166949845,0.0006143770795306305,0.0002675148614757794,3.6651179273218854e-05
104659050,middle,"Emotions, Cognition & Inner Life",Negative Emotions & Distress,0.11861792646015262,0.6156726494061918,0.12755608509149544,high,0.6620651296121266,0.31931520166949845,0.0006143770795306305,0.0002675148614757794,3.6651179273218854e-05
104659050,middle,"Emotions, Cognition & Inner Life",Positive Emotions & Security,0.04151533610280419,0.21548055789011217,0.12755608509149544,high,0.6620651296121266,0.31931520166949845,0.0006143770795306305,0.0002675148614757794,3.6651179273218854e-05
104659050,middle,Relationship Trajectory (Main Couple),"Bonding, Everyday Intimacy & Growth",0.1539472533174532,0.43663993808165075,0.2334259863374915,high,0.6620651296121266,0.31931520166949845,0.0006143770795306305,0.0002675148614757794,3.6651179273218854e-05
104659050,middle,Relationship Trajectory (Main Couple),"Conflict, Distance & Breakup Threats",0.11339413345049837,0.32161929714035864,0.2334259863374915,high,0.6620651296121266,0.31931520166949845,0.0006143770795306305,0.0002675148614757794,3.6651179273218854e-05
104659050,middle,Relationship Trajectory (Main Couple),"Meeting, First Impressions & Setup",6.291004968619524e-06,1.784315056472635e-05,0.2334259863374915,high,0.6620651296121266,0.31931520166949845,0.0006143770795306305,0.0002675148614757794,3.6651179273218854e-05
104659050,middle,Relationship Trajectory (Main Couple),"Reconciliation, Commitments & HEA",0.026012693072812405,0.07377969043220405,0.2334259863374915,high,0.6620651296121266,0.31931520166949845,0.0006143770795306305,0.0002675148614757794,3.6651179273218854e-05
104659050,middle,Relationship Trajectory (Main Couple),"Secrets, Misunderstandings & Hidden Information",0.05921217209161408,0.1679432311952218,0.2334259863374915,medium,0.6620651296121266,0.31931520166949845,0.0006143770795306305,0.0002675148614757794,3.6651179273218854e-05
104659050,middle,"Sexuality, Attraction & Intimacy",Attraction & Sexual Tension,0.043164321884996894,0.19278800480882793,0.1482332492197742,high,0.6620651296121266,0.31931520166949845,0.0006143770795306305,0.0002675148614757794,3.6651179273218854e-05
104659050,middle,"Sexuality, Attraction & Intimacy",Explicit Sexual Acts,0.1044062690656213,0.46631744514191,0.1482332492197742,high,0.6620651296121266,0.31931520166949845,0.0006143770795306305,0.0002675148614757794,3.6651179273218854e-05
104659050,middle,"Sexuality, Attraction & Intimacy",Kissing & Non-Explicit Affection,0.07632467643284488,0.34089455004926217,0.1482332492197742,high,0.6620651296121266,0.31931520166949845,0.0006143770795306305,0.0002675148614757794,3.6651179273218854e-05
104659050,middle,Social World Outside Couple,"Community, Norms & Social Events",0.0032059395976696344,0.05268118619283192,0.04029030036435663,high,0.6620651296121266,0.31931520166949845,0.0006143770795306305,0.0002675148614757794,3.6651179273218854e-05
104659050,middle,Social World Outside Couple,Family & Kinship,0.040905934956120445,0.6721814651098486,0.04029030036435663,high,0.6620651296121266,0.31931520166949845,0.0006143770795306305,0.0002675148614757794,3.6651179273218854e-05
104659050,middle,Social World Outside Couple,Friends & Social Circles,0.016743619207013873,0.2751373486973196,0.04029030036435663,high,0.6620651296121266,0.31931520166949845,0.0006143770795306305,0.0002675148614757794,3.6651179273218854e-05
104659050,middle,"Spaces, Time, Activities & Objects",Domestic Spaces & Routines,0.04424876362644096,0.5585640474705968,0.05244799331102334,high,0.6620651296121266,0.31931520166949845,0.0006143770795306305,0.0002675148614757794,3.6651179273218854e-05
104659050,middle,"Spaces, Time, Activities & Objects",Public & Leisure Spaces,0.0320676123046667,0.4047980972491917,0.05244799331102334,high,0.6620651296121266,0.31931520166949845,0.0006143770795306305,0.0002675148614757794,3.6651179273218854e-05
104659050,middle,"Spaces, Time, Activities & Objects","Time, Seasons & Temporal Framing",0.0029024062780538427,0.03663785528021137,0.05244799331102334,high,0.6620651296121266,0.31931520166949845,0.0006143770795306305,0.0002675148614757794,3.6651179273218854e-05
104659050,middle,"Work, Wealth, Status & Institutions",Hero's Elite Work & Business World,0.041859966164678394,0.7632811048074406,0.03630906588650414,high,0.6620651296121266,0.31931520166949845,0.0006143770795306305,0.0002675148614757794,3.6651179273218854e-05
104659050,middle,"Work, Wealth, Status & Institutions",Heroine's Work & Professional Identity,0.005963028354036259,0.10873078234610319,0.03630906588650414,high,0.6620651296121266,0.31931520166949845,0.0006143770795306305,0.0002675148614757794,3.6651179273218854e-05
104659050,middle,"Work, Wealth, Status & Institutions","Law, Medicine, Education & Formal Institutions",0.0036457309964934995,0.06647682350929271,0.03630906588650414,high,0.6620651296121266,0.31931520166949845,0.0006143770795306305,0.0002675148614757794,3.6651179273218854e-05
104659050,middle,"Work, Wealth, Status & Institutions","Money, Housing & Economic Security",0.0011517973349344868,0.02100205095399449,0.03630906588650414,high,0.6620651296121266,0.31931520166949845,0.0006143770795306305,0.0002675148614757794,3.6651179273218854e-05
104659050,middle,"Work, Wealth, Status & Institutions",Shared Workplaces & Professional Interaction,0.0022216131611225163,0.04050923838316898,0.03630906588650414,high,0.6620651296121266,0.31931520166949845,0.0006143770795306305,0.0002675148614757794,3.6651179273218854e-05
123257687,trash,"Conflict, Risk & Harm",Interpersonal Non-Romantic Conflict,0.0031577805902202496,0.14267391699638102,0.014134632096251598,high,0.6386268041296455,0.3411480222064355,0.0010275106302692616,0.0003909602514372941,0.00014777356058112655
123257687,trash,"Conflict, Risk & Harm","Violence, Threats & Coercion",0.01897507071644394,0.8573260830036189,0.014134632096251598,high,0.6386268041296455,0.3411480222064355,0.0010275106302692616,0.0003909602514372941,0.00014777356058112655
123257687,trash,Embodied & Sensory Experience,Body Parts & Physical Reactions,0.007837470305311872,0.46550253481211185,0.010752290780892407,high,0.6386268041296455,0.3411480222064355,0.0010275106302692616,0.0003909602514372941,0.00014777356058112655
123257687,trash,Embodied & Sensory Experience,Exercise & Physical Activity,0.008999108916486061,0.5344974651878881,0.010752290780892407,high,0.6386268041296455,0.3411480222064355,0.0010275106302692616,0.0003909602514372941,0.00014777356058112655
123257687,trash,"Emotions, Cognition & Inner Life",Ambivalence & Internal Conflict,0.01110690276208798,0.05074691488734597,0.13977531108003768,high,0.6386268041296455,0.3411480222064355,0.0010275106302692616,0.0003909602514372941,0.00014777356058112655
123257687,trash,"Emotions, Cognition & Inner Life","Beliefs, Values & Moral Reflection",0.029164681158239447,0.1332520527239704,0.13977531108003768,high,0.6386268041296455,0.3411480222064355,0.0010275106302692616,0.0003909602514372941,0.00014777356058112655
123257687,trash,"Emotions, Cognition & Inner Life",Negative Emotions & Distress,0.12588684404457826,0.5751710532636249,0.13977531108003768,high,0.6386268041296455,0.3411480222064355,0.0010275106302692616,0.0003909602514372941,0.00014777356058112655
123257687,trash,"Emotions, Cognition & Inner Life",Positive Emotions & Security,0.052710103979241134,0.2408299791250588,0.13977531108003768,high,0.6386268041296455,0.3411480222064355,0.0010275106302692616,0.0003909602514372941,0.00014777356058112655
123257687,trash,Relationship Trajectory (Main Couple),"Bonding, Everyday Intimacy & Growth",0.15516931932195394,0.4211605100986369,0.23529102116991812,high,0.6386268041296455,0.3411480222064355,0.0010275106302692616,0.0003909602514372941,0.00014777356058112655
123257687,trash,Relationship Trajectory (Main Couple),"Conflict, Distance & Breakup Threats",0.12638253243465356,0.34302742359330185,0.23529102116991812,high,0.6386268041296455,0.3411480222064355,0.0010275106302692616,0.0003909602514372941,0.00014777356058112655
123257687,trash,Relationship Trajectory (Main Couple),"Meeting, First Impressions & Setup",7.388282453038219e-06,2.0053273548349814e-05,0.23529102116991812,high,0.6386268041296455,0.3411480222064355,0.0010275106302692616,0.0003909602514372941,0.00014777356058112655
123257687,trash,Relationship Trajectory (Main Couple),"Reconciliation, Commitments & HEA",0.022867143937602277,0.062065993763091375,0.23529102116991812,high,0.6386268041296455,0.3411480222064355,0.0010275106302692616,0.0003909602514372941,0.00014777356058112655
123257687,trash,Relationship Trajectory (Main Couple),"Secrets, Misunderstandings & Hidden Information",0.0640063527146592,0.1737260192714216,0.23529102116991812,medium,0.6386268041296455,0.3411480222064355,0.0010275106302692616,0.0003909602514372941,0.00014777356058112655
123257687,trash,"Sexuality, Attraction & Intimacy",Attraction & Sexual Tension,0.032721094031370544,0.21642039008001163,0.09655544794625973,high,0.6386268041296455,0.3411480222064355,0.0010275106302692616,0.0003909602514372941,0.00014777356058112655
123257687,trash,"Sexuality, Attraction & Intimacy",Explicit Sexual Acts,0.06485975603799697,0.42898852002870347,0.09655544794625973,high,0.6386268041296455,0.3411480222064355,0.0010275106302692616,0.0003909602514372941,0.00014777356058112655
123257687,trash,"Sexuality, Attraction & Intimacy",Kissing & Non-Explicit Affection,0.05361143832487022,0.3545910898912849,0.09655544794625973,high,0.6386268041296455,0.3411480222064355,0.0010275106302692616,0.0003909602514372941,0.00014777356058112655
123257687,trash,Social World Outside Couple,"Community, Norms & Social Events",0.004316941316484798,0.05384406908975511,0.051201821912201434,high,0.6386268041296455,0.3411480222064355,0.0010275106302692616,0.0003909602514372941,0.00014777356058112655
123257687,trash,Social World Outside Couple,Family & Kinship,0.05443648113714189,0.6789718544837996,0.051201821912201434,high,0.6386268041296455,0.3411480222064355,0.0010275106302692616,0.0003909602514372941,0.00014777356058112655
123257687,trash,Social World Outside Couple,Friends & Social Circles,0.021421448975363837,0.2671840764264454,0.051201821912201434,high,0.6386268041296455,0.3411480222064355,0.0010275106302692616,0.0003909602514372941,0.00014777356058112655
123257687,trash,"Spaces, Time, Activities & Objects",Domestic Spaces & Routines,0.04522730435763904,0.6032318714833372,0.047881039127282976,high,0.6386268041296455,0.3411480222064355,0.0010275106302692616,0.0003909602514372941,0.00014777356058112655
123257687,trash,"Spaces, Time, Activities & Objects",Public & Leisure Spaces,0.02580826854238485,0.34422502852389886,0.047881039127282976,high,0.6386268041296455,0.3411480222064355,0.0010275106302692616,0.0003909602514372941,0.00014777356058112655
123257687,trash,"Spaces, Time, Activities & Objects","Time, Seasons & Temporal Framing",0.003939418468429242,0.05254309999276388,0.047881039127282976,high,0.6386268041296455,0.3411480222064355,0.0010275106302692616,0.0003909602514372941,0.00014777356058112655
123257687,trash,"Work, Wealth, Status & Institutions",Hero's Elite Work & Business World,0.051962670575810464,0.7737634555248565,0.04288746645622031,high,0.6386268041296455,0.3411480222064355,0.0010275106302692616,0.0003909602514372941,0.00014777356058112655
123257687,trash,"Work, Wealth, Status & Institutions",Heroine's Work & Professional Identity,0.005639144651885594,0.08397112780571239,0.04288746645622031,high,0.6386268041296455,0.3411480222064355,0.0010275106302692616,0.0003909602514372941,0.00014777356058112655
123257687,trash,"Work, Wealth, Status & Institutions","Law, Medicine, Education & Formal Institutions",0.005162537932781531,0.07687409338054182,0.04288746645622031,high,0.6386268041296455,0.3411480222064355,0.0010275106302692616,0.0003909602514372941,0.00014777356058112655
123257687,trash,"Work, Wealth, Status & Institutions","Money, Housing & Economic Security",0.0008301073574152492,0.012360926222857288,0.04288746645622031,high,0.6386268041296455,0.3411480222064355,0.0010275106302692616,0.0003909602514372941,0.00014777356058112655
123257687,trash,"Work, Wealth, Status & Institutions",Shared Workplaces & Professional Interaction,0.0035612964576848365,0.05303039706603207,0.04288746645622031,high,0.6386268041296455,0.3411480222064355,0.0010275106302692616,0.0003909602514372941,0.00014777356058112655
123446478,middle,"Conflict, Risk & Harm",Interpersonal Non-Romantic Conflict,0.0018058200220588542,0.09619211604205155,0.012183351772671339,high,0.648980725200831,0.32775315542480576,0.000909459685659032,0.0004439837546290407,3.441502122322561e-05
123446478,middle,"Conflict, Risk & Harm","Violence, Threats & Coercion",0.01696723640253854,0.9038078839579483,0.012183351772671339,high,0.648980725200831,0.32775315542480576,0.000909459685659032,0.0004439837546290407,3.441502122322561e-05
123446478,middle,Embodied & Sensory Experience,Body Parts & Physical Reactions,0.006805417528786443,0.35954361292898634,0.012283863888297176,high,0.648980725200831,0.32775315542480576,0.000909459685659032,0.0004439837546290407,3.441502122322561e-05
123446478,middle,Embodied & Sensory Experience,Exercise & Physical Activity,0.012122515784634937,0.6404563870710136,0.012283863888297176,high,0.648980725200831,0.32775315542480576,0.000909459685659032,0.0004439837546290407,3.441502122322561e-05
123446478,middle,"Emotions, Cognition & Inner Life",Ambivalence & Internal Conflict,0.009994145111612975,0.04734884502927331,0.13698343725780365,high,0.648980725200831,0.32775315542480576,0.000909459685659032,0.0004439837546290407,3.441502122322561e-05
123446478,middle,"Emotions, Cognition & Inner Life","Beliefs, Values & Moral Reflection",0.027948551052168747,0.13241068623510274,0.13698343725780365,high,0.648980725200831,0.32775315542480576,0.000909459685659032,0.0004439837546290407,3.441502122322561e-05
123446478,middle,"Emotions, Cognition & Inner Life",Negative Emotions & Distress,0.11961332292721735,0.5666870580192312,0.13698343725780365,high,0.648980725200831,0.32775315542480576,0.000909459685659032,0.0004439837546290407,3.441502122322561e-05
123446478,middle,"Emotions, Cognition & Inner Life",Positive Emotions & Security,0.05351872001687395,0.25355341071639265,0.13698343725780365,high,0.648980725200831,0.32775315542480576,0.000909459685659032,0.0004439837546290407,3.441502122322561e-05
123446478,middle,Relationship Trajectory (Main Couple),"Bonding, Everyday Intimacy & Growth",0.17493511839072085,0.4732248954134879,0.23990605966980033,high,0.648980725200831,0.32775315542480576,0.000909459685659032,0.0004439837546290407,3.441502122322561e-05
123446478,middle,Relationship Trajectory (Main Couple),"Conflict, Distance & Breakup Threats",0.12575145457516781,0.3401759434404356,0.23990605966980033,high,0.648980725200831,0.32775315542480576,0.000909459685659032,0.0004439837546290407,3.441502122322561e-05
123446478,middle,Relationship Trajectory (Main Couple),"Meeting, First Impressions & Setup",6.0531376064457e-06,1.6374616126739132e-05,0.23990605966980033,high,0.648980725200831,0.32775315542480576,0.000909459685659032,0.0004439837546290407,3.441502122322561e-05
123446478,middle,Relationship Trajectory (Main Couple),"Reconciliation, Commitments & HEA",0.012762070349630832,0.03452325331826552,0.23990605966980033,high,0.648980725200831,0.32775315542480576,0.000909459685659032,0.0004439837546290407,3.441502122322561e-05
123446478,middle,Relationship Trajectory (Main Couple),"Secrets, Misunderstandings & Hidden Information",0.056211227901653525,0.1520595332116842,0.23990605966980033,medium,0.648980725200831,0.32775315542480576,0.000909459685659032,0.0004439837546290407,3.441502122322561e-05
123446478,middle,"Sexuality, Attraction & Intimacy",Attraction & Sexual Tension,0.035312858604825414,0.19660659468835845,0.11656457720861485,high,0.648980725200831,0.32775315542480576,0.000909459685659032,0.0004439837546290407,3.441502122322561e-05
123446478,middle,"Sexuality, Attraction & Intimacy",Explicit Sexual Acts,0.08918000879257174,0.49651539228799507,0.11656457720861485,high,0.648980725200831,0.32775315542480576,0.000909459685659032,0.0004439837546290407,3.441502122322561e-05
123446478,middle,"Sexuality, Attraction & Intimacy",Kissing & Non-Explicit Affection,0.055118903310497507,0.30687801302364653,0.11656457720861485,high,0.648980725200831,0.32775315542480576,0.000909459685659032,0.0004439837546290407,3.441502122322561e-05
123446478,middle,Social World Outside Couple,"Community, Norms & Social Events",0.004491433756687698,0.06822652279586283,0.04272317886297773,high,0.648980725200831,0.32775315542480576,0.000909459685659032,0.0004439837546290407,3.441502122322561e-05
123446478,middle,Social World Outside Couple,Family & Kinship,0.04121817546071825,0.6261191726332982,0.04272317886297773,high,0.648980725200831,0.32775315542480576,0.000909459685659032,0.0004439837546290407,3.441502122322561e-05
123446478,middle,Social World Outside Couple,Friends & Social Circles,0.0201215891587196,0.305654304570839,0.04272317886297773,high,0.648980725200831,0.32775315542480576,0.000909459685659032,0.0004439837546290407,3.441502122322561e-05
123446478,middle,"Spaces, Time, Activities & Objects",Domestic Spaces & Routines,0.045026771612131075,0.5773420396843273,0.05061385606056062,high,0.648980725200831,0.32775315542480576,0.000909459685659032,0.0004439837546290407,3.441502122322561e-05
123446478,middle,"Spaces, Time, Activities & Objects",Public & Leisure Spaces,0.030503369991298514,0.39112015402137507,0.05061385606056062,high,0.648980725200831,0.32775315542480576,0.000909459685659032,0.0004439837546290407,3.441502122322561e-05
123446478,middle,"Spaces, Time, Activities & Objects","Time, Seasons & Temporal Framing",0.002459626189593615,0.031537806294297595,0.05061385606056062,high,0.648980725200831,0.32775315542480576,0.000909459685659032,0.0004439837546290407,3.441502122322561e-05
123446478,middle,"Work, Wealth, Status & Institutions",Hero's Elite Work & Business World,0.043923797284225345,0.7563603484773895,0.0376879854588821,high,0.648980725200831,0.32775315542480576,0.000909459685659032,0.0004439837546290407,3.441502122322561e-05
123446478,middle,"Work, Wealth, Status & Institutions",Heroine's Work & Professional Identity,0.004959647541176767,0.08540429048735072,0.0376879854588821,high,0.648980725200831,0.32775315542480576,0.000909459685659032,0.0004439837546290407,3.441502122322561e-05
123446478,middle,"Work, Wealth, Status & Institutions","Law, Medicine, Education & Formal Institutions",0.00432999128046551,0.07456171634261542,0.0376879854588821,high,0.648980725200831,0.32775315542480576,0.000909459685659032,0.0004439837546290407,3.441502122322561e-05
123446478,middle,"Work, Wealth, Status & Institutions","Money, Housing & Economic Security",0.0011071425991630685,0.019064808005975434,0.0376879854588821,high,0.648980725200831,0.32775315542480576,0.000909459685659032,0.0004439837546290407,3.441502122322561e-05
123446478,middle,"Work, Wealth, Status & Institutions",Shared Workplaces & Professional Interaction,0.003752001874645735,0.06460883668666892,0.0376879854588821,high,0.648980725200831,0.32775315542480576,0.000909459685659032,0.0004439837546290407,3.441502122322561e-05
127305713,top,"Conflict, Risk & Harm",Interpersonal Non-Romantic Conflict,0.004441318860166037,0.19771177783857907,0.014075124127707147,high,0.6265746509548348,0.3415195208628622,0.0011890546293997876,0.0005204637289458716,0.00026535868673291016
127305713,top,"Conflict, Risk & Harm","Violence, Threats & Coercion",0.018022284010231156,0.8022882221614209,0.014075124127707147,high,0.6265746509548348,0.3415195208628622,0.0011890546293997876,0.0005204637289458716,0.00026535868673291016
127305713,top,Embodied & Sensory Experience,Body Parts & Physical Reactions,0.009269229805820445,0.4692353781482225,0.012377294425501529,high,0.6265746509548348,0.3415195208628622,0.0011890546293997876,0.0005204637289458716,0.00026535868673291016
127305713,top,Embodied & Sensory Experience,Exercise & Physical Activity,0.010484672473245289,0.5307646218517774,0.012377294425501529,high,0.6265746509548348,0.3415195208628622,0.0011890546293997876,0.0005204637289458716,0.00026535868673291016
127305713,top,"Emotions, Cognition & Inner Life",Ambivalence & Internal Conflict,0.010114549031635747,0.04785949549568407,0.1324192819716255,high,0.6265746509548348,0.3415195208628622,0.0011890546293997876,0.0005204637289458716,0.00026535868673291016
127305713,top,"Emotions, Cognition & Inner Life","Beliefs, Values & Moral Reflection",0.028467135701081156,0.1346993077595064,0.1324192819716255,high,0.6265746509548348,0.3415195208628622,0.0011890546293997876,0.0005204637289458716,0.00026535868673291016
127305713,top,"Emotions, Cognition & Inner Life",Negative Emotions & Distress,0.11997591258353911,0.567695764776363,0.1324192819716255,high,0.6265746509548348,0.3415195208628622,0.0011890546293997876,0.0005204637289458716,0.00026535868673291016
127305713,top,"Emotions, Cognition & Inner Life",Positive Emotions & Security,0.05278079910599352,0.24974543196844662,0.1324192819716255,high,0.6265746509548348,0.3415195208628622,0.0011890546293997876,0.0005204637289458716,0.00026535868673291016
127305713,top,Relationship Trajectory (Main Couple),"Bonding, Everyday Intimacy & Growth",0.17242657072225798,0.47104692232411655,0.2293574445462556,high,0.6265746509548348,0.3415195208628622,0.0011890546293997876,0.0005204637289458716,0.00026535868673291016
127305713,top,Relationship Trajectory (Main Couple),"Conflict, Distance & Breakup Threats",0.12955497637831476,0.3539273131696116,0.2293574445462556,high,0.6265746509548348,0.3415195208628622,0.0011890546293997876,0.0005204637289458716,0.00026535868673291016
127305713,top,Relationship Trajectory (Main Couple),"Meeting, First Impressions & Setup",7.951896718433191e-06,2.1723545623897716e-05,0.2293574445462556,high,0.6265746509548348,0.3415195208628622,0.0011890546293997876,0.0005204637289458716,0.00026535868673291016
127305713,top,Relationship Trajectory (Main Couple),"Reconciliation, Commitments & HEA",0.0070594125195443305,0.019285395092059555,0.2293574445462556,high,0.6265746509548348,0.3415195208628622,0.0011890546293997876,0.0005204637289458716,0.00026535868673291016
127305713,top,Relationship Trajectory (Main Couple),"Secrets, Misunderstandings & Hidden Information",0.05700075901601903,0.1557186458685884,0.2293574445462556,medium,0.6265746509548348,0.3415195208628622,0.0011890546293997876,0.0005204637289458716,0.00026535868673291016
127305713,top,"Sexuality, Attraction & Intimacy",Attraction & Sexual Tension,0.030094830186563736,0.19025918394352073,0.09911036791416533,high,0.6265746509548348,0.3415195208628622,0.0011890546293997876,0.0005204637289458716,0.00026535868673291016
127305713,top,"Sexuality, Attraction & Intimacy",Explicit Sexual Acts,0.06871670524305923,0.43442625134562046,0.09911036791416533,high,0.6265746509548348,0.3415195208628622,0.0011890546293997876,0.0005204637289458716,0.00026535868673291016
127305713,top,"Sexuality, Attraction & Intimacy",Kissing & Non-Explicit Affection,0.05936653283906841,0.3753145647108588,0.09911036791416533,high,0.6265746509548348,0.3415195208628622,0.0011890546293997876,0.0005204637289458716,0.00026535868673291016
127305713,top,Social World Outside Couple,"Community, Norms & Social Events",0.0033550311980301483,0.042421833980864514,0.04955414004016337,high,0.6265746509548348,0.3415195208628622,0.0011890546293997876,0.0005204637289458716,0.00026535868673291016
127305713,top,Social World Outside Couple,Family & Kinship,0.05360464668625506,0.6777902463805277,0.04955414004016337,high,0.6265746509548348,0.3415195208628622,0.0011890546293997876,0.0005204637289458716,0.00026535868673291016
127305713,top,Social World Outside Couple,Friends & Social Circles,0.022127690180554313,0.2797879196386078,0.04955414004016337,high,0.6265746509548348,0.3415195208628622,0.0011890546293997876,0.0005204637289458716,0.00026535868673291016
127305713,top,"Spaces, Time, Activities & Objects",Domestic Spaces & Routines,0.04913267831622884,0.6549944173393252,0.04700084451333376,high,0.6265746509548348,0.3415195208628622,0.0011890546293997876,0.0005204637289458716,0.00026535868673291016
127305713,top,"Spaces, Time, Activities & Objects",Public & Leisure Spaces,0.022701876129811116,0.3026417984472799,0.04700084451333376,high,0.6265746509548348,0.3415195208628622,0.0011890546293997876,0.0005204637289458716,0.00026535868673291016
127305713,top,"Spaces, Time, Activities & Objects","Time, Seasons & Temporal Framing",0.0031778075154746703,0.042363784213394796,0.04700084451333376,high,0.6265746509548348,0.3415195208628622,0.0011890546293997876,0.0005204637289458716,0.00026535868673291016
127305713,top,"Work, Wealth, Status & Institutions",Hero's Elite Work & Business World,0.05233681904590261,0.773148245441846,0.0424147947293497,high,0.6265746509548348,0.3415195208628622,0.0011890546293997876,0.0005204637289458716,0.00026535868673291016
127305713,top,"Work, Wealth, Status & Institutions",Heroine's Work & Professional Identity,0.005272079654655597,0.0778820572043486,0.0424147947293497,high,0.6265746509548348,0.3415195208628622,0.0011890546293997876,0.0005204637289458716,0.00026535868673291016
127305713,top,"Work, Wealth, Status & Institutions","Law, Medicine, Education & Formal Institutions",0.00578268261763877,0.08542496470511987,0.0424147947293497,high,0.6265746509548348,0.3415195208628622,0.0011890546293997876,0.0005204637289458716,0.00026535868673291016
127305713,top,"Work, Wealth, Status & Institutions","Money, Housing & Economic Security",0.0014034908516471704,0.020733137955766607,0.0424147947293497,high,0.6265746509548348,0.3415195208628622,0.0011890546293997876,0.0005204637289458716,0.00026535868673291016
127305713,top,"Work, Wealth, Status & Institutions",Shared Workplaces & Professional Interaction,0.0028980505326366337,0.0428115946929189,0.0424147947293497,high,0.6265746509548348,0.3415195208628622,0.0011890546293997876,0.0005204637289458716,0.00026535868673291016
149105520,trash,"Conflict, Risk & Harm",Interpersonal Non-Romantic Conflict,0.0024434670706620083,0.12474449555643195,0.012876018640840809,high,0.6573497426718873,0.32610762024141393,0.0011917635559538168,0.0009436905744709105,0.0004565906842379151
149105520,trash,"Conflict, Risk & Harm","Violence, Threats & Coercion",0.017144307602382638,0.875255504443568,0.012876018640840809,high,0.6573497426718873,0.32610762024141393,0.0011917635559538168,0.0009436905744709105,0.0004565906842379151
149105520,trash,Embodied & Sensory Experience,Body Parts & Physical Reactions,0.014086563603185642,0.5055639611308266,0.018315781328584583,high,0.6573497426718873,0.32610762024141393,0.0011917635559538168,0.0009436905744709105,0.0004565906842379151
149105520,trash,Embodied & Sensory Experience,Exercise & Physical Activity,0.01377650553583555,0.4944360388691735,0.018315781328584583,high,0.6573497426718873,0.32610762024141393,0.0011917635559538168,0.0009436905744709105,0.0004565906842379151
149105520,trash,"Emotions, Cognition & Inner Life",Ambivalence & Internal Conflict,0.011924377609663011,0.06112104627180516,0.1282452940739375,high,0.6573497426718873,0.32610762024141393,0.0011917635559538168,0.0009436905744709105,0.0004565906842379151
149105520,trash,"Emotions, Cognition & Inner Life","Beliefs, Values & Moral Reflection",0.02331774319993038,0.11952027248131501,0.1282452940739375,high,0.6573497426718873,0.32610762024141393,0.0011917635559538168,0.0009436905744709105,0.0004565906842379151
149105520,trash,"Emotions, Cognition & Inner Life",Negative Emotions & Distress,0.10715047751928074,0.5492235745029429,0.1282452940739375,high,0.6573497426718873,0.32610762024141393,0.0011917635559538168,0.0009436905744709105,0.0004565906842379151
149105520,trash,"Emotions, Cognition & Inner Life",Positive Emotions & Security,0.052701863186645895,0.2701351067439369,0.1282452940739375,high,0.6573497426718873,0.32610762024141393,0.0011917635559538168,0.0009436905744709105,0.0004565906842379151
149105520,trash,Relationship Trajectory (Main Couple),"Bonding, Everyday Intimacy & Growth",0.16587190799399043,0.4730760596510159,0.23048271797304515,high,0.6573497426718873,0.32610762024141393,0.0011917635559538168,0.0009436905744709105,0.0004565906842379151
149105520,trash,Relationship Trajectory (Main Couple),"Conflict, Distance & Breakup Threats",0.1192508325613269,0.3401101166585695,0.23048271797304515,high,0.6573497426718873,0.32610762024141393,0.0011917635559538168,0.0009436905744709105,0.0004565906842379151
149105520,trash,Relationship Trajectory (Main Couple),"Meeting, First Impressions & Setup",8.85208804141395e-06,2.5246655572730926e-05,0.23048271797304515,high,0.6573497426718873,0.32610762024141393,0.0011917635559538168,0.0009436905744709105,0.0004565906842379151
149105520,trash,Relationship Trajectory (Main Couple),"Reconciliation, Commitments & HEA",0.00855703782717694,0.024405155680202472,0.23048271797304515,high,0.6573497426718873,0.32610762024141393,0.0011917635559538168,0.0009436905744709105,0.0004565906842379151
149105520,trash,Relationship Trajectory (Main Couple),"Secrets, Misunderstandings & Hidden Information",0.056935554816609696,0.16238342135463943,0.23048271797304515,medium,0.6573497426718873,0.32610762024141393,0.0011917635559538168,0.0009436905744709105,0.0004565906842379151
149105520,trash,"Sexuality, Attraction & Intimacy",Attraction & Sexual Tension,0.04676806272994233,0.2369898967761313,0.12972271990915768,high,0.6573497426718873,0.32610762024141393,0.0011917635559538168,0.0009436905744709105,0.0004565906842379151
149105520,trash,"Sexuality, Attraction & Intimacy",Explicit Sexual Acts,0.07838743149731782,0.3972161388502808,0.12972271990915768,high,0.6573497426718873,0.32610762024141393,0.0011917635559538168,0.0009436905744709105,0.0004565906842379151
149105520,trash,"Sexuality, Attraction & Intimacy",Kissing & Non-Explicit Affection,0.07218651640756886,0.365793964373588,0.12972271990915768,high,0.6573497426718873,0.32610762024141393,0.0011917635559538168,0.0009436905744709105,0.0004565906842379151
149105520,trash,Social World Outside Couple,"Community, Norms & Social Events",0.003646035340805581,0.05479372234414167,0.04374078435478665,high,0.6573497426718873,0.32610762024141393,0.0011917635559538168,0.0009436905744709105,0.0004565906842379151
149105520,trash,Social World Outside Couple,Family & Kinship,0.038409119216676495,0.5772238656843649,0.04374078435478665,high,0.6573497426718873,0.32610762024141393,0.0011917635559538168,0.0009436905744709105,0.0004565906842379151
149105520,trash,Social World Outside Couple,Friends & Social Circles,0.024485959731231712,0.36798241197149356,0.04374078435478665,high,0.6573497426718873,0.32610762024141393,0.0011917635559538168,0.0009436905744709105,0.0004565906842379151
149105520,trash,"Spaces, Time, Activities & Objects",Domestic Spaces & Routines,0.048105910870767744,0.6986118278663765,0.0452646331919023,high,0.6573497426718873,0.32610762024141393,0.0011917635559538168,0.0009436905744709105,0.0004565906842379151
149105520,trash,"Spaces, Time, Activities & Objects",Public & Leisure Spaces,0.016861997535517308,0.24487616400013673,0.0452646331919023,high,0.6573497426718873,0.32610762024141393,0.0011917635559538168,0.0009436905744709105,0.0004565906842379151
149105520,trash,"Spaces, Time, Activities & Objects","Time, Seasons & Temporal Framing",0.003891376466814697,0.056512008133486794,0.0452646331919023,high,0.6573497426718873,0.32610762024141393,0.0011917635559538168,0.0009436905744709105,0.0004565906842379151
149105520,trash,"Work, Wealth, Status & Institutions",Hero's Elite Work & Business World,0.05506403180368926,0.7502575437439986,0.04824520251539463,high,0.6573497426718873,0.32610762024141393,0.0011917635559538168,0.0009436905744709105,0.0004565906842379151
149105520,trash,"Work, Wealth, Status & Institutions",Heroine's Work & Professional Identity,0.005082390280613217,0.06924850076135847,0.04824520251539463,high,0.6573497426718873,0.32610762024141393,0.0011917635559538168,0.0009436905744709105,0.0004565906842379151
149105520,trash,"Work, Wealth, Status & Institutions","Law, Medicine, Education & Formal Institutions",0.005526320963831748,0.07529713783122548,0.04824520251539463,high,0.6573497426718873,0.32610762024141393,0.0011917635559538168,0.0009436905744709105,0.0004565906842379151
149105520,trash,"Work, Wealth, Status & Institutions","Money, Housing & Economic Security",0.0033225337120608976,0.04527013188399374,0.04824520251539463,high,0.6573497426718873,0.32610762024141393,0.0011917635559538168,0.0009436905744709105,0.0004565906842379151
149105520,trash,"Work, Wealth, Status & Institutions",Shared Workplaces & Professional Interaction,0.004398229593508543,0.05992668577942379,0.04824520251539463,high,0.6573497426718873,0.32610762024141393,0.0011917635559538168,0.0009436905744709105,0.0004565906842379151
201413413,trash,"Conflict, Risk & Harm",Interpersonal Non-Romantic Conflict,0.002244570129634259,0.03864972300868551,0.0410707668934299,high,0.7072061341402645,0.27958476042253266,0.000659026669327915,0.0002688016436170947,5.1456145135454704e-05
201413413,trash,"Conflict, Risk & Harm","Violence, Threats & Coercion",0.05583010557062498,0.9613502769913144,0.0410707668934299,high,0.7072061341402645,0.27958476042253266,0.000659026669327915,0.0002688016436170947,5.1456145135454704e-05
201413413,trash,Embodied & Sensory Experience,Body Parts & Physical Reactions,0.0029279482357016666,0.2950365355345374,0.007018327235241646,high,0.7072061341402645,0.27958476042253266,0.000659026669327915,0.0002688016436170947,5.1456145135454704e-05
201413413,trash,Embodied & Sensory Experience,Exercise & Physical Activity,0.006996070938387763,0.7049634644654627,0.007018327235241646,high,0.7072061341402645,0.27958476042253266,0.000659026669327915,0.0002688016436170947,5.1456145135454704e-05
201413413,trash,"Emotions, Cognition & Inner Life",Ambivalence & Internal Conflict,0.004524330589029971,0.01755646714482507,0.18224818917418428,high,0.7072061341402645,0.27958476042253266,0.000659026669327915,0.0002688016436170947,5.1456145135454704e-05
201413413,trash,"Emotions, Cognition & Inner Life","Beliefs, Values & Moral Reflection",0.018371620508331056,0.07129027057257158,0.18224818917418428,high,0.7072061341402645,0.27958476042253266,0.000659026669327915,0.0002688016436170947,5.1456145135454704e-05
201413413,trash,"Emotions, Cognition & Inner Life",Negative Emotions & Distress,0.20247647990270565,0.7857011323688085,0.18224818917418428,high,0.7072061341402645,0.27958476042253266,0.000659026669327915,0.0002688016436170947,5.1456145135454704e-05
201413413,trash,"Emotions, Cognition & Inner Life",Positive Emotions & Security,0.03232922114374507,0.12545212991379495,0.18224818917418428,high,0.7072061341402645,0.27958476042253266,0.000659026669327915,0.0002688016436170947,5.1456145135454704e-05
201413413,trash,Relationship Trajectory (Main Couple),"Bonding, Everyday Intimacy & Growth",0.1374141256647685,0.45373518737607993,0.21417803884603148,high,0.7072061341402645,0.27958476042253266,0.000659026669327915,0.0002688016436170947,5.1456145135454704e-05
201413413,trash,Relationship Trajectory (Main Couple),"Conflict, Distance & Breakup Threats",0.10513204176261684,0.3471412159239254,0.21417803884603148,high,0.7072061341402645,0.27958476042253266,0.000659026669327915,0.0002688016436170947,5.1456145135454704e-05
201413413,trash,Relationship Trajectory (Main Couple),"Meeting, First Impressions & Setup",8.345160707943088e-06,2.7555340756884596e-05,0.21417803884603148,high,0.7072061341402645,0.27958476042253266,0.000659026669327915,0.0002688016436170947,5.1456145135454704e-05
201413413,trash,Relationship Trajectory (Main Couple),"Reconciliation, Commitments & HEA",0.009208212182811393,0.03040509743779454,0.21417803884603148,high,0.7072061341402645,0.27958476042253266,0.000659026669327915,0.0002688016436170947,5.1456145135454704e-05
201413413,trash,Relationship Trajectory (Main Couple),"Secrets, Misunderstandings & Hidden Information",0.05108821006495223,0.16869094392144338,0.21417803884603148,medium,0.7072061341402645,0.27958476042253266,0.000659026669327915,0.0002688016436170947,5.1456145135454704e-05
201413413,trash,"Sexuality, Attraction & Intimacy",Attraction & Sexual Tension,0.027952894278685903,0.15480728646709976,0.12769720826456216,high,0.7072061341402645,0.27958476042253266,0.000659026669327915,0.0002688016436170947,5.1456145135454704e-05
201413413,trash,"Sexuality, Attraction & Intimacy",Explicit Sexual Acts,0.11137020160896567,0.6167847426634463,0.12769720826456216,high,0.7072061341402645,0.27958476042253266,0.000659026669327915,0.0002688016436170947,5.1456145135454704e-05
201413413,trash,"Sexuality, Attraction & Intimacy",Kissing & Non-Explicit Affection,0.04124265729236142,0.22840797086945397,0.12769720826456216,high,0.7072061341402645,0.27958476042253266,0.000659026669327915,0.0002688016436170947,5.1456145135454704e-05
201413413,trash,Social World Outside Couple,"Community, Norms & Social Events",0.002761153186038493,0.064466059994569,0.03029042678630995,high,0.7072061341402645,0.27958476042253266,0.000659026669327915,0.0002688016436170947,5.1456145135454704e-05
201413413,trash,Social World Outside Couple,Family & Kinship,0.026122882581018785,0.6099043414955108,0.03029042678630995,high,0.7072061341402645,0.27958476042253266,0.000659026669327915,0.0002688016436170947,5.1456145135454704e-05
201413413,trash,Social World Outside Couple,Friends & Social Circles,0.01394707856304307,0.3256295985099203,0.03029042678630995,high,0.7072061341402645,0.27958476042253266,0.000659026669327915,0.0002688016436170947,5.1456145135454704e-05
201413413,trash,"Spaces, Time, Activities & Objects",Domestic Spaces & Routines,0.03663716170517981,0.5846694775150231,0.04431568004116684,high,0.7072061341402645,0.27958476042253266,0.000659026669327915,0.0002688016436170947,5.1456145135454704e-05
201413413,trash,"Spaces, Time, Activities & Objects",Public & Leisure Spaces,0.023722463556460745,0.37857191243513144,0.04431568004116684,high,0.7072061341402645,0.27958476042253266,0.000659026669327915,0.0002688016436170947,5.1456145135454704e-05
201413413,trash,"Spaces, Time, Activities & Objects","Time, Seasons & Temporal Framing",0.0023034059280428727,0.036758610049845396,0.04431568004116684,high,0.7072061341402645,0.27958476042253266,0.000659026669327915,0.0002688016436170947,5.1456145135454704e-05
201413413,trash,"Work, Wealth, Status & Institutions",Hero's Elite Work & Business World,0.0718279400000399,0.8419040947288016,0.06033604075420269,high,0.7072061341402645,0.27958476042253266,0.000659026669327915,0.0002688016436170947,5.1456145135454704e-05
201413413,trash,"Work, Wealth, Status & Institutions",Heroine's Work & Professional Identity,0.005997164773503867,0.07029350388683604,0.06033604075420269,high,0.7072061341402645,0.27958476042253266,0.000659026669327915,0.0002688016436170947,5.1456145135454704e-05
201413413,trash,"Work, Wealth, Status & Institutions","Law, Medicine, Education & Formal Institutions",0.0038931609966867706,0.04563221755416114,0.06033604075420269,high,0.7072061341402645,0.27958476042253266,0.000659026669327915,0.0002688016436170947,5.1456145135454704e-05
201413413,trash,"Work, Wealth, Status & Institutions","Money, Housing & Economic Security",0.0012078118748261352,0.014156911127865131,0.06033604075420269,high,0.7072061341402645,0.27958476042253266,0.000659026669327915,0.0002688016436170947,5.1456145135454704e-05
201413413,trash,"Work, Wealth, Status & Institutions",Shared Workplaces & Professional Interaction,0.002389982046014763,0.028013272702336025,0.06033604075420269,high,0.7072061341402645,0.27958476042253266,0.000659026669327915,0.0002688016436170947,5.1456145135454704e-05
208153130,top,"Conflict, Risk & Harm",Interpersonal Non-Romantic Conflict,0.0021088739511518693,0.11846746226034069,0.011663528235266785,high,0.6552068179699281,0.30779361554569173,0.0010906789911321955,0.00044678164713959895,0.0002680491044345844
208153130,top,"Conflict, Risk & Harm","Violence, Threats & Coercion",0.015692418580273076,0.8815325377396592,0.011663528235266785,high,0.6552068179699281,0.30779361554569173,0.0010906789911321955,0.00044678164713959895,0.0002680491044345844
208153130,top,Embodied & Sensory Experience,Body Parts & Physical Reactions,0.0141208987784044,0.5150672874578635,0.01796291354696193,high,0.6552068179699281,0.30779361554569173,0.0010906789911321955,0.00044678164713959895,0.0002680491044345844
208153130,top,Embodied & Sensory Experience,Exercise & Physical Activity,0.013294740153158688,0.4849327125421364,0.01796291354696193,high,0.6552068179699281,0.30779361554569173,0.0010906789911321955,0.00044678164713959895,0.0002680491044345844
208153130,top,"Emotions, Cognition & Inner Life",Ambivalence & Internal Conflict,0.008605157909688603,0.045978593384082105,0.12262572030069477,high,0.6552068179699281,0.30779361554569173,0.0010906789911321955,0.00044678164713959895,0.0002680491044345844
208153130,top,"Emotions, Cognition & Inner Life","Beliefs, Values & Moral Reflection",0.019779381416641043,0.10568407286523789,0.12262572030069477,high,0.6552068179699281,0.30779361554569173,0.0010906789911321955,0.00044678164713959895,0.0002680491044345844
208153130,top,"Emotions, Cognition & Inner Life",Negative Emotions & Distress,0.11290816052769853,0.6032845018221846,0.12262572030069477,high,0.6552068179699281,0.30779361554569173,0.0010906789911321955,0.00044678164713959895,0.0002680491044345844
208153130,top,"Emotions, Cognition & Inner Life",Positive Emotions & Security,0.04586304538170424,0.24505283192849542,0.12262572030069477,high,0.6552068179699281,0.30779361554569173,0.0010906789911321955,0.00044678164713959895,0.0002680491044345844
208153130,top,Relationship Trajectory (Main Couple),"Bonding, Everyday Intimacy & Growth",0.15834575276006438,0.4602961511400191,0.22539666375227824,high,0.6552068179699281,0.30779361554569173,0.0010906789911321955,0.00044678164713959895,0.0002680491044345844
208153130,top,Relationship Trajectory (Main Couple),"Conflict, Distance & Breakup Threats",0.11671603136561476,0.33928248202107564,0.22539666375227824,high,0.6552068179699281,0.30779361554569173,0.0010906789911321955,0.00044678164713959895,0.0002680491044345844
208153130,top,Relationship Trajectory (Main Couple),"Meeting, First Impressions & Setup",1.0362769696716944e-05,3.012359298185254e-05,0.22539666375227824,high,0.6552068179699281,0.30779361554569173,0.0010906789911321955,0.00044678164713959895,0.0002680491044345844
208153130,top,Relationship Trajectory (Main Couple),"Reconciliation, Commitments & HEA",0.007436886148135294,0.021618325788884306,0.22539666375227824,high,0.6552068179699281,0.30779361554569173,0.0010906789911321955,0.00044678164713959895,0.0002680491044345844
208153130,top,Relationship Trajectory (Main Couple),"Secrets, Misunderstandings & Hidden Information",0.061499389290432326,0.17877291745703913,0.22539666375227824,medium,0.6552068179699281,0.30779361554569173,0.0010906789911321955,0.00044678164713959895,0.0002680491044345844
208153130,top,"Sexuality, Attraction & Intimacy",Attraction & Sexual Tension,0.04833354183178024,0.20917459020835374,0.1513972902410037,high,0.6552068179699281,0.30779361554569173,0.0010906789911321955,0.00044678164713959895,0.0002680491044345844
208153130,top,"Sexuality, Attraction & Intimacy",Explicit Sexual Acts,0.1047944590126367,0.4535222785113868,0.1513972902410037,high,0.6552068179699281,0.30779361554569173,0.0010906789911321955,0.00044678164713959895,0.0002680491044345844
208153130,top,"Sexuality, Attraction & Intimacy",Kissing & Non-Explicit Affection,0.07793993997782335,0.33730313128025946,0.1513972902410037,high,0.6552068179699281,0.30779361554569173,0.0010906789911321955,0.00044678164713959895,0.0002680491044345844
208153130,top,Social World Outside Couple,"Community, Norms & Social Events",0.006964017630326797,0.11918368967472295,0.038284364616550506,high,0.6552068179699281,0.30779361554569173,0.0010906789911321955,0.00044678164713959895,0.0002680491044345844
208153130,top,Social World Outside Couple,Family & Kinship,0.03382424827823644,0.578875431434676,0.038284364616550506,high,0.6552068179699281,0.30779361554569173,0.0010906789911321955,0.00044678164713959895,0.0002680491044345844
208153130,top,Social World Outside Couple,Friends & Social Circles,0.017642695990108023,0.301940878890601,0.038284364616550506,high,0.6552068179699281,0.30779361554569173,0.0010906789911321955,0.00044678164713959895,0.0002680491044345844
208153130,top,"Spaces, Time, Activities & Objects",Domestic Spaces & Routines,0.04630317786837618,0.5867874220553596,0.05170212702714023,high,0.6552068179699281,0.30779361554569173,0.0010906789911321955,0.00044678164713959895,0.0002680491044345844
208153130,top,"Spaces, Time, Activities & Objects",Public & Leisure Spaces,0.024978020174178044,0.31653957116543596,0.05170212702714023,high,0.6552068179699281,0.30779361554569173,0.0010906789911321955,0.00044678164713959895,0.0002680491044345844
208153130,top,"Spaces, Time, Activities & Objects","Time, Seasons & Temporal Framing",0.007628431114438457,0.09667300677920439,0.05170212702714023,high,0.6552068179699281,0.30779361554569173,0.0010906789911321955,0.00044678164713959895,0.0002680491044345844
208153130,top,"Work, Wealth, Status & Institutions",Hero's Elite Work & Business World,0.04076094698421209,0.7437957586908801,0.0359061611455973,high,0.6552068179699281,0.30779361554569173,0.0010906789911321955,0.00044678164713959895,0.0002680491044345844
208153130,top,"Work, Wealth, Status & Institutions",Heroine's Work & Professional Identity,0.005146026171378145,0.09390342284898019,0.0359061611455973,high,0.6552068179699281,0.30779361554569173,0.0010906789911321955,0.00044678164713959895,0.0002680491044345844
208153130,top,"Work, Wealth, Status & Institutions","Law, Medicine, Education & Formal Institutions",0.004479358136050379,0.08173822812659956,0.0359061611455973,high,0.6552068179699281,0.30779361554569173,0.0010906789911321955,0.00044678164713959895,0.0002680491044345844
208153130,top,"Work, Wealth, Status & Institutions","Money, Housing & Economic Security",0.001509159983347492,0.027538781060082913,0.0359061611455973,high,0.6552068179699281,0.30779361554569173,0.0010906789911321955,0.00044678164713959895,0.0002680491044345844
208153130,top,"Work, Wealth, Status & Institutions",Shared Workplaces & Professional Interaction,0.002905771716822328,0.05302380927345726,0.0359061611455973,high,0.6552068179699281,0.30779361554569173,0.0010906789911321955,0.00044678164713959895,0.0002680491044345844
