book_id,rating_tier,taxonomy_main_group,abs_share,cond_share,modeled_mass,other_share,paratext_share,noise_share,unmapped_share,n_topics_in_group
15197,top,"Conflict, Risk & Harm",0.013014830321933877,0.019902706891325186,0.653922624344457,0.33064417944371927,0.0022431861392729962,0.0018638790169275936,3.097632921846991e-05,8
15197,top,Embodied & Sensory Experience,0.014349585303797041,0.021943858140987527,0.653922624344457,0.33064417944371927,0.0022431861392729962,0.0018638790169275936,3.097632921846991e-05,4
15197,top,"Emotions, Cognition & Inner Life",0.1331219084066255,0.20357440383726938,0.653922624344457,0.33064417944371927,0.0022431861392729962,0.0018638790169275936,3.097632921846991e-05,54
15197,top,Relationship Trajectory (Main Couple),0.2134879051386967,0.3264727311625188,0.653922624344457,0.33064417944371927,0.0022431861392729962,0.0018638790169275936,3.097632921846991e-05,134
15197,top,"Sexuality, Attraction & Intimacy",0.13603735206775658,0.20803279624119295,0.653922624344457,0.33064417944371927,0.0022431861392729962,0.0018638790169275936,3.097632921846991e-05,48
15197,top,Social World Outside Couple,0.04595362910726178,0.07027380212349936,0.653922624344457,0.33064417944371927,0.0022431861392729962,0.0018638790169275936,3.097632921846991e-05,29
15197,top,"Spaces, Time, Activities & Objects",0.05880997920909301,0.0899341558461121,0.653922624344457,0.33064417944371927,0.0022431861392729962,0.0018638790169275936,3.097632921846991e-05,22
15197,top,"Work, Wealth, Status & Institutions",0.03911645846007406,0.0598181757349158,0.653922624344457,0.33064417944371927,0.0022431861392729962,0.0018638790169275936,3.097632921846991e-05,19
21787,top,"Conflict, Risk & Harm",0.011638231024902213,0.016824032737763825,0.691762266889711,0.295122683905488,0.0015334798945074518,0.0013297911139260874,3.4954752757025e-05,8
21787,top,Embodied & Sensory Experience,0.010341710484534541,0.014949804260114899,0.691762266889711,0.295122683905488,0.0015334798945074518,0.0013297911139260874,3.4954752757025e-05,4
21787,top,"Emotions, Cognition & Inner Life",0.1525833841600754,0.22057199628149432,0.691762266889711,0.295122683905488,0.0015334798945074518,0.0013297911139260874,3.4954752757025e-05,54
21787,top,Relationship Trajectory (Main Couple),0.22695226316519027,0.3280784078981482,0.691762266889711,0.295122683905488,0.0015334798945074518,0.0013297911139260874,3.4954752757025e-05,134
21787,top,"Sexuality, Attraction & Intimacy",0.1609565706392068,0.2326761350585033,0.691762266889711,0.295122683905488,0.0015334798945074518,0.0013297911139260874,3.4954752757025e-05,48
21787,top,Social World Outside Couple,0.03909586651567259,0.0565163328312987,0.691762266889711,0.295122683905488,0.0015334798945074518,0.0013297911139260874,3.4954752757025e-05,29
21787,top,"Spaces, Time, Activities & Objects",0.05226881070869555,0.07555892133825921,0.691762266889711,0.295122683905488,0.0015334798945074518,0.0013297911139260874,3.4954752757025e-05,22
21787,top,"Work, Wealth, Status & Institutions",0.0378904754386766,0.05477383958659537,0.691762266889711,0.295122683905488,0.0015334798945074518,0.0013297911139260874,3.4954752757025e-05,19
161913,trash,"Conflict, Risk & Harm",0.01076103770297443,0.016002430208562804,0.672462717395028,0.30837534911392106,0.0009546864044385984,0.0003381162966862161,4.308861935027475e-05,8
161913,trash,Embodied & Sensory Experience,0.0077686546895269215,0.011552543343400468,0.672462717395028,0.30837534911392106,0.0009546864044385984,0.0003381162966862161,4.308861935027475e-05,4
161913,trash,"Emotions, Cognition & Inner Life",0.13447792340974973,0.19997825891476553,0.672462717395028,0.30837534911392106,0.0009546864044385984,0.0003381162966862161,4.308861935027475e-05,54
161913,trash,Relationship Trajectory (Main Couple),0.23982274680546037,0.3566335212374014,0.672462717395028,0.30837534911392106,0.0009546864044385984,0.0003381162966862161,4.308861935027475e-05,134
161913,trash,"Sexuality, Attraction & Intimacy",0.12401141704531402,0.18441381780347146,0.672462717395028,0.30837534911392106,0.0009546864044385984,0.0003381162966862161,4.308861935027475e-05,48
161913,trash,Social World Outside Couple,0.07481038904586237,0.11124838167335327,0.672462717395028,0.30837534911392106,0.0009546864044385984,0.0003381162966862161,4.308861935027475e-05,29
161913,trash,"Spaces, Time, Activities & Objects",0.04485966661891635,0.0667095222656994,0.672462717395028,0.30837534911392106,0.0009546864044385984,0.0003381162966862161,4.308861935027475e-05,22
161913,trash,"Work, Wealth, Status & Institutions",0.03590779345787364,0.053397448704624845,0.672462717395028,0.30837534911392106,0.0009546864044385984,0.0003381162966862161,4.308861935027475e-05,19
306364,middle,"Conflict, Risk & Harm",0.01564615582608221,0.025369341230124836,0.616734809317917,0.32659279956737797,0.000876783409089182,0.00041214822055927954,3.8987949150013927e-05,8
306364,middle,Embodied & Sensory Experience,0.01134675261836168,0.018398106360999332,0.616734809317917,0.32659279956737797,0.000876783409089182,0.00041214822055927954,3.8987949150013927e-05,4
306364,middle,"Emotions, Cognition & Inner Life",0.12184392197214752,0.1975629073165204,0.616734809317917,0.32659279956737797,0.000876783409089182,0.00041214822055927954,3.8987949150013927e-05,54
306364,middle,Relationship Trajectory (Main Couple),0.22855584606612236,0.37059015092547737,0.616734809317917,0.32659279956737797,0.000876783409089182,0.00041214822055927954,3.8987949150013927e-05,134
306364,middle,"Sexuality, Attraction & Intimacy",0.09750793157272042,0.15810349942880655,0.616734809317917,0.32659279956737797,0.000876783409089182,0.00041214822055927954,3.8987949150013927e-05,48
306364,middle,Social World Outside Couple,0.05984404952464306,0.0970336822577407,0.616734809317917,0.32659279956737797,0.000876783409089182,0.00041214822055927954,3.8987949150013927e-05,29
306364,middle,"Spaces, Time, Activities & Objects",0.042421060025949676,0.06878330748489063,0.616734809317917,0.32659279956737797,0.000876783409089182,0.00041214822055927954,3.8987949150013927e-05,22
306364,middle,"Work, Wealth, Status & Institutions",0.039530103762740035,0.0640957882796638,0.616734809317917,0.32659279956737797,0.000876783409089182,0.00041214822055927954,3.8987949150013927e-05,19
1756703,top,"Conflict, Risk & Harm",0.02520030611633721,0.04218798094867057,0.5973337796610368,0.36025732450183334,0.0009547828794719895,0.00030285146534362006,0.0052790784235013264,8
1756703,top,Embodied & Sensory Experience,0.0107080146951526,0.017926350492398022,0.5973337796610368,0.36025732450183334,0.0009547828794719895,0.00030285146534362006,0.0052790784235013264,4
1756703,top,"Emotions, Cognition & Inner Life",0.11118265359158315,0.18613153546192363,0.5973337796610368,0.36025732450183334,0.0009547828794719895,0.00030285146534362006,0.0052790784235013264,54
1756703,top,Relationship Trajectory (Main Couple),0.22689846402450609,0.3798520555011336,0.5973337796610368,0.36025732450183334,0.0009547828794719895,0.00030285146534362006,0.0052790784235013264,134
1756703,top,"Sexuality, Attraction & Intimacy",0.09184069789107246,0.15375105346158124,0.5973337796610368,0.36025732450183334,0.0009547828794719895,0.00030285146534362006,0.0052790784235013264,48
1756703,top,Social World Outside Couple,0.04658389013344946,0.07798636494303732,0.5973337796610368,0.36025732450183334,0.0009547828794719895,0.00030285146534362006,0.0052790784235013264,29
1756703,top,"Spaces, Time, Activities & Objects",0.03805301677314552,0.06370477958694902,0.5973337796610368,0.36025732450183334,0.0009547828794719895,0.00030285146534362006,0.0052790784235013264,22
1756703,top,"Work, Wealth, Status & Institutions",0.04158765801228904,0.06962214331138007,0.5973337796610368,0.36025732450183334,0.0009547828794719895,0.00030285146534362006,0.0052790784235013264,19
4066312,top,"Conflict, Risk & Harm",0.01121195168010583,0.017980562583565344,0.6235595592739582,0.35462433648796865,0.0006095642959201121,0.0003285710399647521,0.006090504037020979,8
4066312,top,Embodied & Sensory Experience,0.012731879048756209,0.02041806409572259,0.6235595592739582,0.35462433648796865,0.0006095642959201121,0.0003285710399647521,0.006090504037020979,4
4066312,top,"Emotions, Cognition & Inner Life",0.12913237466461305,0.20708907873205948,0.6235595592739582,0.35462433648796865,0.0006095642959201121,0.0003285710399647521,0.006090504037020979,54
4066312,top,Relationship Trajectory (Main Couple),0.2467765863153161,0.3957546358565179,0.6235595592739582,0.35462433648796865,0.0006095642959201121,0.0003285710399647521,0.006090504037020979,134
4066312,top,"Sexuality, Attraction & Intimacy",0.09201273387498328,0.14756045754814237,0.6235595592739582,0.35462433648796865,0.0006095642959201121,0.0003285710399647521,0.006090504037020979,48
4066312,top,Social World Outside Couple,0.04582831194101615,0.07349468268015386,0.6235595592739582,0.35462433648796865,0.0006095642959201121,0.0003285710399647521,0.006090504037020979,29
4066312,top,"Spaces, Time, Activities & Objects",0.03826349576181899,0.06136301688065067,0.6235595592739582,0.35462433648796865,0.0006095642959201121,0.0003285710399647521,0.006090504037020979,22
4066312,top,"Work, Wealth, Status & Institutions",0.041511721950327665,0.06657218437748248,0.6235595592739582,0.35462433648796865,0.0006095642959201121,0.0003285710399647521,0.006090504037020979,19
8686068,top,"Conflict, Risk & Harm",0.01266960573096896,0.018676668860403922,0.6783653886924969,0.31108320058512906,0.0004419879076513178,0.00024502758593496936,3.861219230663561e-05,8
8686068,top,Embodied & Sensory Experience,0.013431489595685568,0.01979978610284621,0.6783653886924969,0.31108320058512906,0.0004419879076513178,0.00024502758593496936,3.861219230663561e-05,4
8686068,top,"Emotions, Cognition & Inner Life",0.12004127640957801,0.17695666437367832,0.6783653886924969,0.31108320058512906,0.0004419879076513178,0.00024502758593496936,3.861219230663561e-05,54
8686068,top,Relationship Trajectory (Main Couple),0.22584522312173233,0.33292562811471504,0.6783653886924969,0.31108320058512906,0.0004419879076513178,0.00024502758593496936,3.861219230663561e-05,134
8686068,top,"Sexuality, Attraction & Intimacy",0.16654497884230993,0.24550925153082181,0.6783653886924969,0.31108320058512906,0.0004419879076513178,0.00024502758593496936,3.861219230663561e-05,48
8686068,top,Social World Outside Couple,0.0448935019355808,0.06617893937971979,0.6783653886924969,0.31108320058512906,0.0004419879076513178,0.00024502758593496936,3.861219230663561e-05,29
8686068,top,"Spaces, Time, Activities & Objects",0.058414812728660004,0.08611113376708471,0.6783653886924969,0.31108320058512906,0.0004419879076513178,0.00024502758593496936,3.861219230663561e-05,22
8686068,top,"Work, Wealth, Status & Institutions",0.03648588813567466,0.05378500840969898,0.6783653886924969,0.31108320058512906,0.0004419879076513178,0.00024502758593496936,3.861219230663561e-05,19
11266880,middle,"Conflict, Risk & Harm",0.034101980110080504,0.05160918825809014,0.6607734254517121,0.3251779489719767,0.0009957759595265977,0.0006553657171137868,0.00016459821219141324,8
11266880,middle,Embodied & Sensory Experience,0.014928367623787025,0.022592263927051583,0.6607734254517121,0.3251779489719767,0.0009957759595265977,0.0006553657171137868,0.00016459821219141324,4
11266880,middle,"Emotions, Cognition & Inner Life",0.14203174051949932,0.21494771891349115,0.6607734254517121,0.3251779489719767,0.0009957759595265977,0.0006553657171137868,0.00016459821219141324,54
11266880,middle,Relationship Trajectory (Main Couple),0.22431966770067663,0.3394804619258548,0.6607734254517121,0.3251779489719767,0.0009957759595265977,0.0006553657171137868,0.00016459821219141324,134
11266880,middle,"Sexuality, Attraction & Intimacy",0.1222883331081969,0.18506847944830593,0.6607734254517121,0.3251779489719767,0.0009957759595265977,0.0006553657171137868,0.00016459821219141324,48
11266880,middle,Social World Outside Couple,0.037602644289066865,0.05690701659704501,0.6607734254517121,0.3251779489719767,0.0009957759595265977,0.0006553657171137868,0.00016459821219141324,29
11266880,middle,"Spaces, Time, Activities & Objects",0.045151565605937284,0.06833138844085802,0.6607734254517121,0.3251779489719767,0.0009957759595265977,0.0006553657171137868,0.00016459821219141324,22
11266880,middle,"Work, Wealth, Status & Institutions",0.04018452828227617,0.06081438316743077,0.6607734254517121,0.3251779489719767,0.0009957759595265977,0.0006553657171137868,0.00016459821219141324,19
17561022,trash,"Conflict, Risk & Harm",0.012672570689709983,0.019240542115412984,0.6586389621297828,0.2928687182649611,0.0009669206569582665,0.0007241656967583529,0.0003173071348081827,8
17561022,trash,Embodied & Sensory Experience,0.009259225769082334,0.014058120307887027,0.6586389621297828,0.2928687182649611,0.0009669206569582665,0.0007241656967583529,0.0003173071348081827,4
17561022,trash,"Emotions, Cognition & Inner Life",0.13154546160452493,0.1997231703073835,0.6586389621297828,0.2928687182649611,0.0009669206569582665,0.0007241656967583529,0.0003173071348081827,54
17561022,trash,Relationship Trajectory (Main Couple),0.20939468244872508,0.31792027876945506,0.6586389621297828,0.2928687182649611,0.0009669206569582665,0.0007241656967583529,0.0003173071348081827,134
17561022,trash,"Sexuality, Attraction & Intimacy",0.15281337236183132,0.23201386669821686,0.6586389621297828,0.2928687182649611,0.0009669206569582665,0.0007241656967583529,0.0003173071348081827,48
17561022,trash,Social World Outside Couple,0.04266035249402819,0.06477046598652647,0.6586389621297828,0.2928687182649611,0.0009669206569582665,0.0007241656967583529,0.0003173071348081827,29
17561022,trash,"Spaces, Time, Activities & Objects",0.060930988549854244,0.09251045269600673,0.6586389621297828,0.2928687182649611,0.0009669206569582665,0.0007241656967583529,0.0003173071348081827,22
17561022,trash,"Work, Wealth, Status & Institutions",0.03904500107721859,0.05928134125403424,0.6586389621297828,0.2928687182649611,0.0009669206569582665,0.0007241656967583529,0.0003173071348081827,19
18692741,middle,"Conflict, Risk & Harm",0.0111380152254453,0.016471372293963133,0.6762044489473082,0.31101753386484254,0.000863953475173423,0.00038136208126234895,4.826395946782341e-05,8
18692741,middle,Embodied & Sensory Experience,0.00920745652386911,0.013616379688425537,0.6762044489473082,0.31101753386484254,0.000863953475173423,0.00038136208126234895,4.826395946782341e-05,4
18692741,middle,"Emotions, Cognition & Inner Life",0.1256743802637294,0.18585263740777652,0.6762044489473082,0.31101753386484254,0.000863953475173423,0.00038136208126234895,4.826395946782341e-05,54
18692741,middle,Relationship Trajectory (Main Couple),0.26787996214485865,0.3961523213310485,0.6762044489473082,0.31101753386484254,0.000863953475173423,0.00038136208126234895,4.826395946782341e-05,134
18692741,middle,"Sexuality, Attraction & Intimacy",0.1361616312887686,0.20136163182709066,0.6762044489473082,0.31101753386484254,0.000863953475173423,0.00038136208126234895,4.826395946782341e-05,48
18692741,middle,Social World Outside Couple,0.03756335409228261,0.055550291262886464,0.6762044489473082,0.31101753386484254,0.000863953475173423,0.00038136208126234895,4.826395946782341e-05,29
18692741,middle,"Spaces, Time, Activities & Objects",0.05521146598900081,0.0816490723699794,0.6762044489473082,0.31101753386484254,0.000863953475173423,0.00038136208126234895,4.826395946782341e-05,22
18692741,middle,"Work, Wealth, Status & Institutions",0.03331991945988596,0.04927491901562798,0.6762044489473082,0.31101753386484254,0.000863953475173423,0.00038136208126234895,4.826395946782341e-05,19
20346544,middle,"Conflict, Risk & Harm",0.009536088220357716,0.015093078414679568,0.6318186362222098,0.30098317547611064,0.0017295441895818216,0.0006054611199198452,5.717691203488289e-05,8
20346544,middle,Embodied & Sensory Experience,0.00800520407884517,0.01267009806280825,0.6318186362222098,0.30098317547611064,0.0017295441895818216,0.0006054611199198452,5.717691203488289e-05,4
20346544,middle,"Emotions, Cognition & Inner Life",0.11348150821023148,0.17961089101259145,0.6318186362222098,0.30098317547611064,0.0017295441895818216,0.0006054611199198452,5.717691203488289e-05,54
20346544,middle,Relationship Trajectory (Main Couple),0.21747584970004333,0.34420613326694804,0.6318186362222098,0.30098317547611064,0.0017295441895818216,0.0006054611199198452,5.717691203488289e-05,134
20346544,middle,"Sexuality, Attraction & Intimacy",0.13367989028326102,0.21157953029458595,0.6318186362222098,0.30098317547611064,0.0017295441895818216,0.0006054611199198452,5.717691203488289e-05,48
20346544,middle,Social World Outside Couple,0.07137543554587757,0.11296823400564418,0.6318186362222098,0.30098317547611064,0.0017295441895818216,0.0006054611199198452,5.717691203488289e-05,29
20346544,middle,"Spaces, Time, Activities & Objects",0.04905838438300045,0.07764630792838259,0.6318186362222098,0.30098317547611064,0.0017295441895818216,0.0006054611199198452,5.717691203488289e-05,22
20346544,middle,"Work, Wealth, Status & Institutions",0.02914909888855817,0.04613523124744689,0.6318186362222098,0.30098317547611064,0.0017295441895818216,0.0006054611199198452,5.717691203488289e-05,19
22609391,top,"Conflict, Risk & Harm",0.012913766128559708,0.019797730260416067,0.6522851841445543,0.3072667559480108,0.0008117178324556735,0.0005774745061858338,0.00018002135620865905,8
22609391,top,Embodied & Sensory Experience,0.01210465357921529,0.01855730265449775,0.6522851841445543,0.3072667559480108,0.0008117178324556735,0.0005774745061858338,0.00018002135620865905,4
22609391,top,"Emotions, Cognition & Inner Life",0.12693367129667604,0.19459842777686948,0.6522851841445543,0.3072667559480108,0.0008117178324556735,0.0005774745061858338,0.00018002135620865905,54
22609391,top,Relationship Trajectory (Main Couple),0.2624789724825967,0.4023991022068473,0.6522851841445543,0.3072667559480108,0.0008117178324556735,0.0005774745061858338,0.00018002135620865905,134
22609391,top,"Sexuality, Attraction & Intimacy",0.09996390620993216,0.1532518423533271,0.6522851841445543,0.3072667559480108,0.0008117178324556735,0.0005774745061858338,0.00018002135620865905,48
22609391,top,Social World Outside Couple,0.05095527921814445,0.07811809996109331,0.6522851841445543,0.3072667559480108,0.0008117178324556735,0.0005774745061858338,0.00018002135620865905,29
22609391,top,"Spaces, Time, Activities & Objects",0.04589208357144345,0.07035585766313099,0.6522851841445543,0.3072667559480108,0.0008117178324556735,0.0005774745061858338,0.00018002135620865905,22
22609391,top,"Work, Wealth, Status & Institutions",0.04086283030177775,0.06264565146511446,0.6522851841445543,0.3072667559480108,0.0008117178324556735,0.0005774745061858338,0.00018002135620865905,19
22707536,trash,"Conflict, Risk & Harm",0.013093284852077475,0.020486038338964445,0.6391321072153833,0.34685101167833376,0.0012223754501681106,0.0005037019618678318,0.006094124007038282,8
22707536,trash,Embodied & Sensory Experience,0.014985632352642497,0.023446846408535126,0.6391321072153833,0.34685101167833376,0.0012223754501681106,0.0005037019618678318,0.006094124007038282,4
22707536,trash,"Emotions, Cognition & Inner Life",0.11562879263311993,0.18091532459056042,0.6391321072153833,0.34685101167833376,0.0012223754501681106,0.0005037019618678318,0.006094124007038282,54
22707536,trash,Relationship Trajectory (Main Couple),0.21028295864803728,0.32901329204726265,0.6391321072153833,0.34685101167833376,0.0012223754501681106,0.0005037019618678318,0.006094124007038282,134
22707536,trash,"Sexuality, Attraction & Intimacy",0.15268157398502172,0.23888891241943044,0.6391321072153833,0.34685101167833376,0.0012223754501681106,0.0005037019618678318,0.006094124007038282,48
22707536,trash,Social World Outside Couple,0.04176970592661372,0.06535379064055939,0.6391321072153833,0.34685101167833376,0.0012223754501681106,0.0005037019618678318,0.006094124007038282,29
22707536,trash,"Spaces, Time, Activities & Objects",0.04098887993210606,0.06413209330178914,0.6391321072153833,0.34685101167833376,0.0012223754501681106,0.0005037019618678318,0.006094124007038282,22
22707536,trash,"Work, Wealth, Status & Institutions",0.04360715487872634,0.06822870324684066,0.6391321072153833,0.34685101167833376,0.0012223754501681106,0.0005037019618678318,0.006094124007038282,19
23518136,trash,"Conflict, Risk & Harm",0.016321481305412264,0.025154190168662903,0.6488573552149403,0.3088900770410502,0.0017037091197200922,0.0006783802954427873,2.843063222053421e-05,8
23518136,trash,Embodied & Sensory Experience,0.006911895133204232,0.010652410853714682,0.6488573552149403,0.3088900770410502,0.0017037091197200922,0.0006783802954427873,2.843063222053421e-05,4
23518136,trash,"Emotions, Cognition & Inner Life",0.13646614250307548,0.2103176320747258,0.6488573552149403,0.3088900770410502,0.0017037091197200922,0.0006783802954427873,2.843063222053421e-05,54
23518136,trash,Relationship Trajectory (Main Couple),0.22082770166707827,0.3403332025016916,0.6488573552149403,0.3088900770410502,0.0017037091197200922,0.0006783802954427873,2.843063222053421e-05,134
23518136,trash,"Sexuality, Attraction & Intimacy",0.13229644382320205,0.20389141428377208,0.6488573552149403,0.3088900770410502,0.0017037091197200922,0.0006783802954427873,2.843063222053421e-05,48
23518136,trash,Social World Outside Couple,0.039507736539073676,0.06088816936657265,0.6488573552149403,0.3088900770410502,0.0017037091197200922,0.0006783802954427873,2.843063222053421e-05,29
23518136,trash,"Spaces, Time, Activities & Objects",0.04904079482406383,0.07558024029460003,0.6488573552149403,0.3088900770410502,0.0017037091197200922,0.0006783802954427873,2.843063222053421e-05,22
23518136,trash,"Work, Wealth, Status & Institutions",0.04745672878760999,0.07313892399646066,0.6488573552149403,0.3088900770410502,0.0017037091197200922,0.0006783802954427873,2.843063222053421e-05,19
27394781,trash,"Conflict, Risk & Harm",0.012497341407814389,0.019168537174151158,0.6519715768747915,0.31347039685317246,0.0004905625185516132,0.0002619835067618631,3.7921125486943914e-05,8
27394781,trash,Embodied & Sensory Experience,0.009684905346577856,0.01485479688087354,0.6519715768747915,0.31347039685317246,0.0004905625185516132,0.0002619835067618631,3.7921125486943914e-05,4
27394781,trash,"Emotions, Cognition & Inner Life",0.1426366170153071,0.21877735483352198,0.6519715768747915,0.31347039685317246,0.0004905625185516132,0.0002619835067618631,3.7921125486943914e-05,54
27394781,trash,Relationship Trajectory (Main Couple),0.21488344190529313,0.3295901992159401,0.6519715768747915,0.31347039685317246,0.0004905625185516132,0.0002619835067618631,3.7921125486943914e-05,134
27394781,trash,"Sexuality, Attraction & Intimacy",0.1378132706693068,0.21137926185357814,0.6519715768747915,0.31347039685317246,0.0004905625185516132,0.0002619835067618631,3.7921125486943914e-05,48
27394781,trash,Social World Outside Couple,0.04588733950750211,0.07038242330664453,0.6519715768747915,0.31347039685317246,0.0004905625185516132,0.0002619835067618631,3.7921125486943914e-05,29
27394781,trash,"Spaces, Time, Activities & Objects",0.047637969525876955,0.07306755572724244,0.6519715768747915,0.31347039685317246,0.0004905625185516132,0.0002619835067618631,3.7921125486943914e-05,22
27394781,trash,"Work, Wealth, Status & Institutions",0.040892770371626225,0.06272170723706183,0.6519715768747915,0.31347039685317246,0.0004905625185516132,0.0002619835067618631,3.7921125486943914e-05,19
28675670,top,"Conflict, Risk & Harm",0.01324340960591545,0.02070073940871101,0.6397553896235482,0.3447267207845779,0.001207459836994639,0.0005860278155544796,4.057485395775673e-05,8
28675670,top,Embodied & Sensory Experience,0.01451285142668318,0.022685000645673328,0.6397553896235482,0.3447267207845779,0.001207459836994639,0.0005860278155544796,4.057485395775673e-05,4
28675670,top,"Emotions, Cognition & Inner Life",0.12913413951438293,0.20184924052045805,0.6397553896235482,0.3447267207845779,0.001207459836994639,0.0005860278155544796,4.057485395775673e-05,54
28675670,top,Relationship Trajectory (Main Couple),0.22180523102426455,0.3467031847199937,0.6397553896235482,0.3447267207845779,0.001207459836994639,0.0005860278155544796,4.057485395775673e-05,134
28675670,top,"Sexuality, Attraction & Intimacy",0.11995054598251745,0.1874943891494217,0.6397553896235482,0.3447267207845779,0.001207459836994639,0.0005860278155544796,4.057485395775673e-05,48
28675670,top,Social World Outside Couple,0.04557841995220484,0.07124351070965512,0.6397553896235482,0.3447267207845779,0.001207459836994639,0.0005860278155544796,4.057485395775673e-05,29
28675670,top,"Spaces, Time, Activities & Objects",0.051825524555313175,0.08100834380748072,0.6397553896235482,0.3447267207845779,0.001207459836994639,0.0005860278155544796,4.057485395775673e-05,22
28675670,top,"Work, Wealth, Status & Institutions",0.04366469270830881,0.0682521685890016,0.6397553896235482,0.3447267207845779,0.001207459836994639,0.0005860278155544796,4.057485395775673e-05,19
28869598,middle,"Conflict, Risk & Harm",0.015212511358140352,0.02310037896099849,0.658539471747385,0.3230255468318216,0.0010073103888085311,0.0003403807084190178,0.0016415021873264022,8
28869598,middle,Embodied & Sensory Experience,0.009876486328891772,0.014997561653647361,0.658539471747385,0.3230255468318216,0.0010073103888085311,0.0003403807084190178,0.0016415021873264022,4
28869598,middle,"Emotions, Cognition & Inner Life",0.12469975787314816,0.18935806162425878,0.658539471747385,0.3230255468318216,0.0010073103888085311,0.0003403807084190178,0.0016415021873264022,54
28869598,middle,Relationship Trajectory (Main Couple),0.2296888393213292,0.3487852272725082,0.658539471747385,0.3230255468318216,0.0010073103888085311,0.0003403807084190178,0.0016415021873264022,134
28869598,middle,"Sexuality, Attraction & Intimacy",0.11791545290689401,0.17905601405184446,0.658539471747385,0.3230255468318216,0.0010073103888085311,0.0003403807084190178,0.0016415021873264022,48
28869598,middle,Social World Outside Couple,0.0488984898234607,0.07425293687212435,0.658539471747385,0.3230255468318216,0.0010073103888085311,0.0003403807084190178,0.0016415021873264022,29
28869598,middle,"Spaces, Time, Activities & Objects",0.07036549589036539,0.10685084024448198,0.658539471747385,0.3230255468318216,0.0010073103888085311,0.0003403807084190178,0.0016415021873264022,22
28869598,middle,"Work, Wealth, Status & Institutions",0.04024093605782906,0.06110633877579541,0.658539471747385,0.3230255468318216,0.0010073103888085311,0.0003403807084190178,0.0016415021873264022,19
28963772,trash,"Conflict, Risk & Harm",0.012920154943044548,0.021625162526086605,0.5974593220956773,0.339638934477528,0.0013517069537589185,0.0008842386014863964,6.758399904725083e-05,8
28963772,trash,Embodied & Sensory Experience,0.0127812409540649,0.021392654665145734,0.5974593220956773,0.339638934477528,0.0013517069537589185,0.0008842386014863964,6.758399904725083e-05,4
28963772,trash,"Emotions, Cognition & Inner Life",0.1206431119234795,0.2019269052498936,0.5974593220956773,0.339638934477528,0.0013517069537589185,0.0008842386014863964,6.758399904725083e-05,54
28963772,trash,Relationship Trajectory (Main Couple),0.21801532736197898,0.36490405170557527,0.5974593220956773,0.339638934477528,0.0013517069537589185,0.0008842386014863964,6.758399904725083e-05,134
28963772,trash,"Sexuality, Attraction & Intimacy",0.11112295391559517,0.185992501591263,0.5974593220956773,0.339638934477528,0.0013517069537589185,0.0008842386014863964,6.758399904725083e-05,48
28963772,trash,Social World Outside Couple,0.04412514347223612,0.07385464054265757,0.5974593220956773,0.339638934477528,0.0013517069537589185,0.0008842386014863964,6.758399904725083e-05,29
28963772,trash,"Spaces, Time, Activities & Objects",0.040644149312455254,0.06802831223704045,0.5974593220956773,0.339638934477528,0.0013517069537589185,0.0008842386014863964,6.758399904725083e-05,22
28963772,trash,"Work, Wealth, Status & Institutions",0.03713965621377559,0.06216265248570016,0.5974593220956773,0.339638934477528,0.0013517069537589185,0.0008842386014863964,6.758399904725083e-05,19
29424551,top,"Conflict, Risk & Harm",0.01438945721436417,0.0224134507307865,0.6420009746468538,0.34220339503603847,0.001034271345575973,0.0006696098001115519,0.0001547101990650816,8
29424551,top,Embodied & Sensory Experience,0.012912264217870046,0.020112530553357353,0.6420009746468538,0.34220339503603847,0.001034271345575973,0.0006696098001115519,0.0001547101990650816,4
29424551,top,"Emotions, Cognition & Inner Life",0.12623245285736315,0.19662345984256485,0.6420009746468538,0.34220339503603847,0.001034271345575973,0.0006696098001115519,0.0001547101990650816,54
29424551,top,Relationship Trajectory (Main Couple),0.23776288306082977,0.3703466076381212,0.6420009746468538,0.34220339503603847,0.001034271345575973,0.0006696098001115519,0.0001547101990650816,134
29424551,top,"Sexuality, Attraction & Intimacy",0.11524403251877206,0.17950756629639772,0.6420009746468538,0.34220339503603847,0.001034271345575973,0.0006696098001115519,0.0001547101990650816,48
29424551,top,Social World Outside Couple,0.048276306089185726,0.07519662429755831,0.6420009746468538,0.34220339503603847,0.001034271345575973,0.0006696098001115519,0.0001547101990650816,29
29424551,top,"Spaces, Time, Activities & Objects",0.048742909045258485,0.07592341907591425,0.6420009746468538,0.34220339503603847,0.001034271345575973,0.0006696098001115519,0.0001547101990650816,22
29424551,top,"Work, Wealth, Status & Institutions",0.03828595944414535,0.05963536031266206,0.6420009746468538,0.34220339503603847,0.001034271345575973,0.0006696098001115519,0.0001547101990650816,19
29939161,middle,"Conflict, Risk & Harm",0.01198743919412363,0.01806018385355476,0.6637495659693498,0.3201835821680462,0.0007656494053260872,0.0003095181116285024,0.00026922818292590895,8
29939161,middle,Embodied & Sensory Experience,0.016778404415404367,0.025278215272202757,0.6637495659693498,0.3201835821680462,0.0007656494053260872,0.0003095181116285024,0.00026922818292590895,4
29939161,middle,"Emotions, Cognition & Inner Life",0.12732009370227818,0.19181947564265148,0.6637495659693498,0.3201835821680462,0.0007656494053260872,0.0003095181116285024,0.00026922818292590895,54
29939161,middle,Relationship Trajectory (Main Couple),0.24453888831627318,0.36842041163393446,0.6637495659693498,0.3201835821680462,0.0007656494053260872,0.0003095181116285024,0.00026922818292590895,134
29939161,middle,"Sexuality, Attraction & Intimacy",0.11362460555311592,0.17118595834737285,0.6637495659693498,0.3201835821680462,0.0007656494053260872,0.0003095181116285024,0.00026922818292590895,48
29939161,middle,Social World Outside Couple,0.05624639219426111,0.0847403826353062,0.6637495659693498,0.3201835821680462,0.0007656494053260872,0.0003095181116285024,0.00026922818292590895,29
29939161,middle,"Spaces, Time, Activities & Objects",0.040797473319705624,0.06146516007151641,0.6637495659693498,0.3201835821680462,0.0007656494053260872,0.0003095181116285024,0.00026922818292590895,22
29939161,middle,"Work, Wealth, Status & Institutions",0.05218704109126185,0.078624595430126,0.6637495659693498,0.3201835821680462,0.0007656494053260872,0.0003095181116285024,0.00026922818292590895,19
30291077,middle,"Conflict, Risk & Harm",0.013912557066877435,0.02050021019232404,0.6786543618995067,0.30780386558398454,0.00161029005454598,0.0009766680205785805,3.755176432465276e-05,8
30291077,middle,Embodied & Sensory Experience,0.009590860419185002,0.014132172365828234,0.6786543618995067,0.30780386558398454,0.00161029005454598,0.0009766680205785805,3.755176432465276e-05,4
30291077,middle,"Emotions, Cognition & Inner Life",0.14404463007929513,0.21225035624338162,0.6786543618995067,0.30780386558398454,0.00161029005454598,0.0009766680205785805,3.755176432465276e-05,54
30291077,middle,Relationship Trajectory (Main Couple),0.24276665731590474,0.35771767035640595,0.6786543618995067,0.30780386558398454,0.00161029005454598,0.0009766680205785805,3.755176432465276e-05,134
30291077,middle,"Sexuality, Attraction & Intimacy",0.13605727073926696,0.20048094932809693,0.6786543618995067,0.30780386558398454,0.00161029005454598,0.0009766680205785805,3.755176432465276e-05,48
30291077,middle,Social World Outside Couple,0.03998790401554009,0.05892234141635325,0.6786543618995067,0.30780386558398454,0.00161029005454598,0.0009766680205785805,3.755176432465276e-05,29
30291077,middle,"Spaces, Time, Activities & Objects",0.05911817475921116,0.0871108742213687,0.6786543618995067,0.30780386558398454,0.00161029005454598,0.0009766680205785805,3.755176432465276e-05,22
30291077,middle,"Work, Wealth, Status & Institutions",0.03313875573990155,0.04883009319670246,0.6786543618995067,0.30780386558398454,0.00161029005454598,0.0009766680205785805,3.755176432465276e-05,19
30618705,trash,"Conflict, Risk & Harm",0.025434236966748697,0.03653137180718365,0.6962299992727682,0.29055423529925617,0.001263995112498647,0.0004666067921808276,3.270489962502434e-05,8
30618705,trash,Embodied & Sensory Experience,0.010003522417134824,0.014368128962532187,0.6962299992727682,0.29055423529925617,0.001263995112498647,0.0004666067921808276,3.270489962502434e-05,4
30618705,trash,"Emotions, Cognition & Inner Life",0.13287660753317923,0.19085159742035332,0.6962299992727682,0.29055423529925617,0.001263995112498647,0.0004666067921808276,3.270489962502434e-05,54
30618705,trash,Relationship Trajectory (Main Couple),0.2472004326679442,0.3550557041870531,0.6962299992727682,0.29055423529925617,0.001263995112498647,0.0004666067921808276,3.270489962502434e-05,134
30618705,trash,"Sexuality, Attraction & Intimacy",0.13484615338276665,0.1936804698499307,0.6962299992727682,0.29055423529925617,0.001263995112498647,0.0004666067921808276,3.270489962502434e-05,48
30618705,trash,Social World Outside Couple,0.04309149809653003,0.061892619021789226,0.6962299992727682,0.29055423529925617,0.001263995112498647,0.0004666067921808276,3.270489962502434e-05,29
30618705,trash,"Spaces, Time, Activities & Objects",0.06293324256679826,0.09039145488205594,0.6962299992727682,0.29055423529925617,0.001263995112498647,0.0004666067921808276,3.270489962502434e-05,22
30618705,trash,"Work, Wealth, Status & Institutions",0.0398116007420412,0.05718167959384907,0.6962299992727682,0.29055423529925617,0.001263995112498647,0.0004666067921808276,3.270489962502434e-05,19
30627346,middle,"Conflict, Risk & Harm",0.011039938485847531,0.017447077108260736,0.632767220397072,0.31627805719125957,0.0009588609682613638,0.00031582225758100443,0.0008188460083991439,8
30627346,middle,Embodied & Sensory Experience,0.008496821393148132,0.013428036597433468,0.632767220397072,0.31627805719125957,0.0009588609682613638,0.00031582225758100443,0.0008188460083991439,4
30627346,middle,"Emotions, Cognition & Inner Life",0.11992048266110387,0.18951753313936168,0.632767220397072,0.31627805719125957,0.0009588609682613638,0.00031582225758100443,0.0008188460083991439,54
30627346,middle,Relationship Trajectory (Main Couple),0.21414557818972074,0.33842710444978613,0.632767220397072,0.31627805719125957,0.0009588609682613638,0.00031582225758100443,0.0008188460083991439,134
30627346,middle,"Sexuality, Attraction & Intimacy",0.1112167853931565,0.17576255818587777,0.632767220397072,0.31627805719125957,0.0009588609682613638,0.00031582225758100443,0.0008188460083991439,48
30627346,middle,Social World Outside Couple,0.051225810803379894,0.08095522200286362,0.632767220397072,0.31627805719125957,0.0009588609682613638,0.00031582225758100443,0.0008188460083991439,29
30627346,middle,"Spaces, Time, Activities & Objects",0.07871734752136958,0.12440174677818033,0.632767220397072,0.31627805719125957,0.0009588609682613638,0.00031582225758100443,0.0008188460083991439,22
30627346,middle,"Work, Wealth, Status & Institutions",0.03718560994094664,0.05876665026613112,0.632767220397072,0.31627805719125957,0.0009588609682613638,0.00031582225758100443,0.0008188460083991439,19
31276376,top,"Conflict, Risk & Harm",0.0154094117273129,0.023603335976319913,0.6528488914775614,0.33131772983960295,0.0013707248982991747,0.0007987882058750847,4.071476461383054e-05,8
31276376,top,Embodied & Sensory Experience,0.012411092861069986,0.019010666975294327,0.6528488914775614,0.33131772983960295,0.0013707248982991747,0.0007987882058750847,4.071476461383054e-05,4
31276376,top,"Emotions, Cognition & Inner Life",0.13092049068016984,0.20053720300246478,0.6528488914775614,0.33131772983960295,0.0013707248982991747,0.0007987882058750847,4.071476461383054e-05,54
31276376,top,Relationship Trajectory (Main Couple),0.23296038666619936,0.3568366121277335,0.6528488914775614,0.33131772983960295,0.0013707248982991747,0.0007987882058750847,4.071476461383054e-05,134
31276376,top,"Sexuality, Attraction & Intimacy",0.10839903614381723,0.16604000950125367,0.6528488914775614,0.33131772983960295,0.0013707248982991747,0.0007987882058750847,4.071476461383054e-05,48
31276376,top,Social World Outside Couple,0.06535376753247163,0.10010550432973793,0.6528488914775614,0.33131772983960295,0.0013707248982991747,0.0007987882058750847,4.071476461383054e-05,29
31276376,top,"Spaces, Time, Activities & Objects",0.046750011038070194,0.0716092370659666,0.6528488914775614,0.33131772983960295,0.0013707248982991747,0.0007987882058750847,4.071476461383054e-05,22
31276376,top,"Work, Wealth, Status & Institutions",0.040603980063836455,0.062195066260952704,0.6528488914775614,0.33131772983960295,0.0013707248982991747,0.0007987882058750847,4.071476461383054e-05,19
31424202,trash,"Conflict, Risk & Harm",0.011960931284938352,0.01774240240460924,0.6741438398348502,0.3088555802791485,0.0018177871012214724,0.0013599526502555898,0.0001642297304432275,8
31424202,trash,Embodied & Sensory Experience,0.015218475846903882,0.022574523340051673,0.6741438398348502,0.3088555802791485,0.0018177871012214724,0.0013599526502555898,0.0001642297304432275,4
31424202,trash,"Emotions, Cognition & Inner Life",0.1249994617423649,0.18541957124904815,0.6741438398348502,0.3088555802791485,0.0018177871012214724,0.0013599526502555898,0.0001642297304432275,54
31424202,trash,Relationship Trajectory (Main Couple),0.2231141230838224,0.33095922546511775,0.6741438398348502,0.3088555802791485,0.0018177871012214724,0.0013599526502555898,0.0001642297304432275,134
31424202,trash,"Sexuality, Attraction & Intimacy",0.15347088649805896,0.2276530280772955,0.6741438398348502,0.3088555802791485,0.0018177871012214724,0.0013599526502555898,0.0001642297304432275,48
31424202,trash,Social World Outside Couple,0.04378845749623214,0.06495417581351676,0.6741438398348502,0.3088555802791485,0.0018177871012214724,0.0013599526502555898,0.0001642297304432275,29
31424202,trash,"Spaces, Time, Activities & Objects",0.056072448579900847,0.08317579315660188,0.6741438398348502,0.3088555802791485,0.0018177871012214724,0.0013599526502555898,0.0001642297304432275,22
31424202,trash,"Work, Wealth, Status & Institutions",0.045354825572185446,0.06727766819510854,0.6741438398348502,0.3088555802791485,0.0018177871012214724,0.0013599526502555898,0.0001642297304432275,19
31625455,trash,"Conflict, Risk & Harm",0.01087833684363608,0.01678343252403172,0.6481592384668451,0.3175788477801791,0.0008521865466950244,0.0004590756256761059,0.0003752093880857293,8
31625455,trash,Embodied & Sensory Experience,0.009095915830537003,0.014033458586585095,0.6481592384668451,0.3175788477801791,0.0008521865466950244,0.0004590756256761059,0.0003752093880857293,4
31625455,trash,"Emotions, Cognition & Inner Life",0.12277213148039638,0.18941661893272,0.6481592384668451,0.3175788477801791,0.0008521865466950244,0.0004590756256761059,0.0003752093880857293,54
31625455,trash,Relationship Trajectory (Main Couple),0.23158010423534664,0.35728890447218786,0.6481592384668451,0.3175788477801791,0.0008521865466950244,0.0004590756256761059,0.0003752093880857293,134
31625455,trash,"Sexuality, Attraction & Intimacy",0.1139593708619216,0.1758200209125784,0.6481592384668451,0.3175788477801791,0.0008521865466950244,0.0004590756256761059,0.0003752093880857293,48
31625455,trash,Social World Outside Couple,0.04978732240691583,0.07681341166205188,0.6481592384668451,0.3175788477801791,0.0008521865466950244,0.0004590756256761059,0.0003752093880857293,29
31625455,trash,"Spaces, Time, Activities & Objects",0.05989960067113491,0.09241494545818915,0.6481592384668451,0.3175788477801791,0.0008521865466950244,0.0004590756256761059,0.0003752093880857293,22
31625455,trash,"Work, Wealth, Status & Institutions",0.04981124674887092,0.07685032287234596,0.6481592384668451,0.3175788477801791,0.0008521865466950244,0.0004590756256761059,0.0003752093880857293,19
32195234,middle,"Conflict, Risk & Harm",0.013156852067685448,0.019737672344891672,0.6665857978481736,0.29773587103665433,0.0009365111930549912,0.00041056824903584483,3.182672319309644e-05,8
32195234,middle,Embodied & Sensory Experience,0.012658915442213575,0.0189906767937124,0.6665857978481736,0.29773587103665433,0.0009365111930549912,0.00041056824903584483,3.182672319309644e-05,4
32195234,middle,"Emotions, Cognition & Inner Life",0.1263534248700475,0.18955313071165472,0.6665857978481736,0.29773587103665433,0.0009365111930549912,0.00041056824903584483,3.182672319309644e-05,54
32195234,middle,Relationship Trajectory (Main Couple),0.21706940022866447,0.32564360196300757,0.6665857978481736,0.29773587103665433,0.0009365111930549912,0.00041056824903584483,3.182672319309644e-05,134
32195234,middle,"Sexuality, Attraction & Intimacy",0.164063733657868,0.24612545629907995,0.6665857978481736,0.29773587103665433,0.0009365111930549912,0.00041056824903584483,3.182672319309644e-05,48
32195234,middle,Social World Outside Couple,0.03927023872099107,0.05891250435841951,0.6665857978481736,0.29773587103665433,0.0009365111930549912,0.00041056824903584483,3.182672319309644e-05,29
32195234,middle,"Spaces, Time, Activities & Objects",0.05425566797949444,0.08139337524837591,0.6665857978481736,0.29773587103665433,0.0009365111930549912,0.00041056824903584483,3.182672319309644e-05,22
32195234,middle,"Work, Wealth, Status & Institutions",0.03972573815801601,0.05959583640433969,0.6665857978481736,0.29773587103665433,0.0009365111930549912,0.00041056824903584483,3.182672319309644e-05,19
33743772,trash,"Conflict, Risk & Harm",0.011867097935167548,0.017871352748613595,0.6640290806239142,0.31082269359966297,0.0017123274495024648,0.0011456872341475603,4.195342055315576e-05,8
33743772,trash,Embodied & Sensory Experience,0.010220698513563945,0.015391944135881358,0.6640290806239142,0.31082269359966297,0.0017123274495024648,0.0011456872341475603,4.195342055315576e-05,4
33743772,trash,"Emotions, Cognition & Inner Life",0.12774535787634622,0.19237916170225275,0.6640290806239142,0.31082269359966297,0.0017123274495024648,0.0011456872341475603,4.195342055315576e-05,54
33743772,trash,Relationship Trajectory (Main Couple),0.24300136127522495,0.36594987835006204,0.6640290806239142,0.31082269359966297,0.0017123274495024648,0.0011456872341475603,4.195342055315576e-05,134
33743772,trash,"Sexuality, Attraction & Intimacy",0.12686951276154682,0.19106017562113645,0.6640290806239142,0.31082269359966297,0.0017123274495024648,0.0011456872341475603,4.195342055315576e-05,48
33743772,trash,Social World Outside Couple,0.04066252375286886,0.06123605868987366,0.6640290806239142,0.31082269359966297,0.0017123274495024648,0.0011456872341475603,4.195342055315576e-05,29
33743772,trash,"Spaces, Time, Activities & Objects",0.05051163735607458,0.07606841150483111,0.6640290806239142,0.31082269359966297,0.0017123274495024648,0.0011456872341475603,4.195342055315576e-05,22
33743772,trash,"Work, Wealth, Status & Institutions",0.05310893773256808,0.07997983715211317,0.6640290806239142,0.31082269359966297,0.0017123274495024648,0.0011456872341475603,4.195342055315576e-05,19
34272677,trash,"Conflict, Risk & Harm",0.013246868586290863,0.01925507395610882,0.687967681479,0.2987731942751506,0.0009666748818830439,0.00026853977790260283,4.41006529813995e-05,8
34272677,trash,Embodied & Sensory Experience,0.025253841556851307,0.03670788939178122,0.687967681479,0.2987731942751506,0.0009666748818830439,0.00026853977790260283,4.41006529813995e-05,4
34272677,trash,"Emotions, Cognition & Inner Life",0.126541593332207,0.18393537478412733,0.687967681479,0.2987731942751506,0.0009666748818830439,0.00026853977790260283,4.41006529813995e-05,54
34272677,trash,Relationship Trajectory (Main Couple),0.19813586330594515,0.28800170217297216,0.687967681479,0.2987731942751506,0.0009666748818830439,0.00026853977790260283,4.41006529813995e-05,134
34272677,trash,"Sexuality, Attraction & Intimacy",0.1983504655624537,0.2883136387105246,0.687967681479,0.2987731942751506,0.0009666748818830439,0.00026853977790260283,4.41006529813995e-05,48
34272677,trash,Social World Outside Couple,0.04096396998421851,0.05954345107629728,0.687967681479,0.2987731942751506,0.0009666748818830439,0.00026853977790260283,4.41006529813995e-05,29
34272677,trash,"Spaces, Time, Activities & Objects",0.04277876018322569,0.062181351442642585,0.687967681479,0.2987731942751506,0.0009666748818830439,0.00026853977790260283,4.41006529813995e-05,22
34272677,trash,"Work, Wealth, Status & Institutions",0.04265221831482638,0.06199741566803284,0.687967681479,0.2987731942751506,0.0009666748818830439,0.00026853977790260283,4.41006529813995e-05,19
34322023,middle,"Conflict, Risk & Harm",0.015247492899563191,0.02319903551010349,0.6572468451510712,0.30179864651439015,0.0013346126613770235,0.0007265719025689575,4.208948545585391e-05,8
34322023,middle,Embodied & Sensory Experience,0.013433788501405221,0.02043948723453728,0.6572468451510712,0.30179864651439015,0.0013346126613770235,0.0007265719025689575,4.208948545585391e-05,4
34322023,middle,"Emotions, Cognition & Inner Life",0.13228242384286246,0.20126749153502096,0.6572468451510712,0.30179864651439015,0.0013346126613770235,0.0007265719025689575,4.208948545585391e-05,54
34322023,middle,Relationship Trajectory (Main Couple),0.2720399427224854,0.41390832794329463,0.6572468451510712,0.30179864651439015,0.0013346126613770235,0.0007265719025689575,4.208948545585391e-05,134
34322023,middle,"Sexuality, Attraction & Intimacy",0.09596074278475046,0.14600411320756274,0.6572468451510712,0.30179864651439015,0.0013346126613770235,0.0007265719025689575,4.208948545585391e-05,48
34322023,middle,Social World Outside Couple,0.04681636906187674,0.07123102896160084,0.6572468451510712,0.30179864651439015,0.0013346126613770235,0.0007265719025689575,4.208948545585391e-05,29
34322023,middle,"Spaces, Time, Activities & Objects",0.042542921635944066,0.06472898569207339,0.6572468451510712,0.30179864651439015,0.0013346126613770235,0.0007265719025689575,4.208948545585391e-05,22
34322023,middle,"Work, Wealth, Status & Institutions",0.03888107421672786,0.05915749083252102,0.6572468451510712,0.30179864651439015,0.0013346126613770235,0.0007265719025689575,4.208948545585391e-05,19
34438741,top,"Conflict, Risk & Harm",0.014747589478767791,0.022796892142009532,0.6469122802748761,0.3129325285795871,0.0009690376183405855,0.00035883084538980805,4.6065968201981195e-05,8
34438741,top,Embodied & Sensory Experience,0.0198942415657232,0.03075261078251605,0.6469122802748761,0.3129325285795871,0.0009690376183405855,0.00035883084538980805,4.6065968201981195e-05,4
34438741,top,"Emotions, Cognition & Inner Life",0.12665259326921824,0.19578016545829513,0.6469122802748761,0.3129325285795871,0.0009690376183405855,0.00035883084538980805,4.6065968201981195e-05,54
34438741,top,Relationship Trajectory (Main Couple),0.22492321608645593,0.34768734949796437,0.6469122802748761,0.3129325285795871,0.0009690376183405855,0.00035883084538980805,4.6065968201981195e-05,134
34438741,top,"Sexuality, Attraction & Intimacy",0.1484221061949976,0.22943157939733705,0.6469122802748761,0.3129325285795871,0.0009690376183405855,0.00035883084538980805,4.6065968201981195e-05,48
34438741,top,Social World Outside Couple,0.03472909735137726,0.053684399586016056,0.6469122802748761,0.3129325285795871,0.0009690376183405855,0.00035883084538980805,4.6065968201981195e-05,29
34438741,top,"Spaces, Time, Activities & Objects",0.04273955771635725,0.0660670063307455,0.6469122802748761,0.3129325285795871,0.0009690376183405855,0.00035883084538980805,4.6065968201981195e-05,22
34438741,top,"Work, Wealth, Status & Institutions",0.03475781264377684,0.05372878781804557,0.6469122802748761,0.3129325285795871,0.0009690376183405855,0.00035883084538980805,4.6065968201981195e-05,19
34812836,top,"Conflict, Risk & Harm",0.010976203061801186,0.016670141216181364,0.6584349178246199,0.32279509437288834,0.0012025162765885735,0.0007790234230381842,0.00035066267647801576,8
34812836,top,Embodied & Sensory Experience,0.009095545606304482,0.01381388708295565,0.6584349178246199,0.32279509437288834,0.0012025162765885735,0.0007790234230381842,0.00035066267647801576,4
34812836,top,"Emotions, Cognition & Inner Life",0.128698362272671,0.19546102247716907,0.6584349178246199,0.32279509437288834,0.0012025162765885735,0.0007790234230381842,0.00035066267647801576,54
34812836,top,Relationship Trajectory (Main Couple),0.25324430247182356,0.3846155415154903,0.6584349178246199,0.32279509437288834,0.0012025162765885735,0.0007790234230381842,0.00035066267647801576,134
34812836,top,"Sexuality, Attraction & Intimacy",0.11774579766511159,0.1788267822340404,0.6584349178246199,0.32279509437288834,0.0012025162765885735,0.0007790234230381842,0.00035066267647801576,48
34812836,top,Social World Outside Couple,0.04397149899997261,0.06678184556986817,0.6584349178246199,0.32279509437288834,0.0012025162765885735,0.0007790234230381842,0.00035066267647801576,29
34812836,top,"Spaces, Time, Activities & Objects",0.04765307258316907,0.0723732464563216,0.6584349178246199,0.32279509437288834,0.0012025162765885735,0.0007790234230381842,0.00035066267647801576,22
34812836,top,"Work, Wealth, Status & Institutions",0.046699472487288424,0.07092496345967977,0.6584349178246199,0.32279509437288834,0.0012025162765885735,0.0007790234230381842,0.00035066267647801576,19
35008850,middle,"Conflict, Risk & Harm",0.013278838674858951,0.02009997845027712,0.6606394483311436,0.32348832081249146,0.0014787767101116871,0.0012328571858918576,0.0001834209710803535,8
35008850,middle,Embodied & Sensory Experience,0.01363660986185252,0.020641531316817778,0.6606394483311436,0.32348832081249146,0.0014787767101116871,0.0012328571858918576,0.0001834209710803535,4
35008850,middle,"Emotions, Cognition & Inner Life",0.12339038783781296,0.1867741748536395,0.6606394483311436,0.32348832081249146,0.0014787767101116871,0.0012328571858918576,0.0001834209710803535,54
35008850,middle,Relationship Trajectory (Main Couple),0.263079756109049,0.39821987132863584,0.6606394483311436,0.32348832081249146,0.0014787767101116871,0.0012328571858918576,0.0001834209710803535,134
35008850,middle,"Sexuality, Attraction & Intimacy",0.11235565350507898,0.17007106340516473,0.6606394483311436,0.32348832081249146,0.0014787767101116871,0.0012328571858918576,0.0001834209710803535,48
35008850,middle,Social World Outside Couple,0.046193802165831035,0.06992286379888796,0.6606394483311436,0.32348832081249146,0.0014787767101116871,0.0012328571858918576,0.0001834209710803535,29
35008850,middle,"Spaces, Time, Activities & Objects",0.04726044188297068,0.07153742030143123,0.6606394483311436,0.32348832081249146,0.0014787767101116871,0.0012328571858918576,0.0001834209710803535,22
35008850,middle,"Work, Wealth, Status & Institutions",0.041260537322609134,0.06245545497901816,0.6606394483311436,0.32348832081249146,0.0014787767101116871,0.0012328571858918576,0.0001834209710803535,19
35053870,middle,"Conflict, Risk & Harm",0.011091928016380972,0.016747514318677183,0.6623029427125803,0.3168322230450622,0.0009229613176952464,0.000434693981447386,4.7847457721415435e-05,8
35053870,middle,Embodied & Sensory Experience,0.010522661479404803,0.015887988412534238,0.6623029427125803,0.3168322230450622,0.0009229613176952464,0.000434693981447386,4.7847457721415435e-05,4
35053870,middle,"Emotions, Cognition & Inner Life",0.11778831495702356,0.17784658252400395,0.6623029427125803,0.3168322230450622,0.0009229613176952464,0.000434693981447386,4.7847457721415435e-05,54
35053870,middle,Relationship Trajectory (Main Couple),0.2347849232800138,0.35449778060536785,0.6623029427125803,0.3168322230450622,0.0009229613176952464,0.000434693981447386,4.7847457721415435e-05,134
35053870,middle,"Sexuality, Attraction & Intimacy",0.10508498955622521,0.15866604657655728,0.6623029427125803,0.3168322230450622,0.0009229613176952464,0.000434693981447386,4.7847457721415435e-05,48
35053870,middle,Social World Outside Couple,0.04698400027536877,0.07094034654736303,0.6623029427125803,0.3168322230450622,0.0009229613176952464,0.000434693981447386,4.7847457721415435e-05,29
35053870,middle,"Spaces, Time, Activities & Objects",0.0918555183775437,0.13869109202706087,0.6623029427125803,0.3168322230450622,0.0009229613176952464,0.000434693981447386,4.7847457721415435e-05,22
35053870,middle,"Work, Wealth, Status & Institutions",0.04414275931289811,0.06665040492210941,0.6623029427125803,0.3168322230450622,0.0009229613176952464,0.000434693981447386,4.7847457721415435e-05,19
35109856,middle,"Conflict, Risk & Harm",0.016026435915697593,0.024309195139323437,0.6592746417084229,0.31212586803669873,0.0009500576397115737,0.000576419286732384,3.6807635254839924e-05,8
35109856,middle,Embodied & Sensory Experience,0.01143666282212651,0.017347342213087272,0.6592746417084229,0.31212586803669873,0.0009500576397115737,0.000576419286732384,3.6807635254839924e-05,4
35109856,middle,"Emotions, Cognition & Inner Life",0.13371270298536442,0.202817907024098,0.6592746417084229,0.31212586803669873,0.0009500576397115737,0.000576419286732384,3.6807635254839924e-05,54
35109856,middle,Relationship Trajectory (Main Couple),0.26793909578107306,0.4064149882767285,0.6592746417084229,0.31212586803669873,0.0009500576397115737,0.000576419286732384,3.6807635254839924e-05,134
35109856,middle,"Sexuality, Attraction & Intimacy",0.09923933883723099,0.15052806912164163,0.6592746417084229,0.31212586803669873,0.0009500576397115737,0.000576419286732384,3.6807635254839924e-05,48
35109856,middle,Social World Outside Couple,0.0543812099218128,0.08248642747867732,0.6592746417084229,0.31212586803669873,0.0009500576397115737,0.000576419286732384,3.6807635254839924e-05,29
35109856,middle,"Spaces, Time, Activities & Objects",0.042119461461930664,0.06388758007252283,0.6592746417084229,0.31212586803669873,0.0009500576397115737,0.000576419286732384,3.6807635254839924e-05,22
35109856,middle,"Work, Wealth, Status & Institutions",0.03438292634793201,0.052152660170324786,0.6592746417084229,0.31212586803669873,0.0009500576397115737,0.000576419286732384,3.6807635254839924e-05,19
36429604,trash,"Conflict, Risk & Harm",0.011136095048066947,0.016852969380264992,0.6607794031304319,0.2940661255561764,0.0009019352322971179,0.00029071724410454286,5.4311099450526064e-05,8
36429604,trash,Embodied & Sensory Experience,0.006308382431481658,0.009546881155187035,0.6607794031304319,0.2940661255561764,0.0009019352322971179,0.00029071724410454286,5.4311099450526064e-05,4
36429604,trash,"Emotions, Cognition & Inner Life",0.10590187153015372,0.1602681182682833,0.6607794031304319,0.2940661255561764,0.0009019352322971179,0.00029071724410454286,5.4311099450526064e-05,54
36429604,trash,Relationship Trajectory (Main Couple),0.2952351255123566,0.446798317431937,0.6607794031304319,0.2940661255561764,0.0009019352322971179,0.00029071724410454286,5.4311099450526064e-05,134
36429604,trash,"Sexuality, Attraction & Intimacy",0.12491419145340096,0.18904068568363658,0.6607794031304319,0.2940661255561764,0.0009019352322971179,0.00029071724410454286,5.4311099450526064e-05,48
36429604,trash,Social World Outside Couple,0.04193665697273531,0.06346544213403303,0.6607794031304319,0.2940661255561764,0.0009019352322971179,0.00029071724410454286,5.4311099450526064e-05,29
36429604,trash,"Spaces, Time, Activities & Objects",0.03702671855934922,0.056034916318419926,0.6607794031304319,0.2940661255561764,0.0009019352322971179,0.00029071724410454286,5.4311099450526064e-05,22
36429604,trash,"Work, Wealth, Status & Institutions",0.03826605052343701,0.05791047714585564,0.6607794031304319,0.2940661255561764,0.0009019352322971179,0.00029071724410454286,5.4311099450526064e-05,19
36437212,trash,"Conflict, Risk & Harm",0.01199213419415111,0.017691925482153804,0.6778309238442031,0.30702239713908674,0.002569973590304873,0.00026872224532209775,3.4881725671362966e-05,8
36437212,trash,Embodied & Sensory Experience,0.016871568065398135,0.024890525751929255,0.6778309238442031,0.30702239713908674,0.002569973590304873,0.00026872224532209775,3.4881725671362966e-05,4
36437212,trash,"Emotions, Cognition & Inner Life",0.13602803935675972,0.20068137137399955,0.6778309238442031,0.30702239713908674,0.002569973590304873,0.00026872224532209775,3.4881725671362966e-05,54
36437212,trash,Relationship Trajectory (Main Couple),0.2501958443238187,0.3691124667267693,0.6778309238442031,0.30702239713908674,0.002569973590304873,0.00026872224532209775,3.4881725671362966e-05,134
36437212,trash,"Sexuality, Attraction & Intimacy",0.13326030075396464,0.19659814279083263,0.6778309238442031,0.30702239713908674,0.002569973590304873,0.00026872224532209775,3.4881725671362966e-05,48
36437212,trash,Social World Outside Couple,0.038726384795101695,0.05713280913103164,0.6778309238442031,0.30702239713908674,0.002569973590304873,0.00026872224532209775,3.4881725671362966e-05,29
36437212,trash,"Spaces, Time, Activities & Objects",0.04789164288679224,0.07065426082242296,0.6778309238442031,0.30702239713908674,0.002569973590304873,0.00026872224532209775,3.4881725671362966e-05,22
36437212,trash,"Work, Wealth, Status & Institutions",0.042830127742545444,0.06318703711486287,0.6778309238442031,0.30702239713908674,0.002569973590304873,0.00026872224532209775,3.4881725671362966e-05,19
36512901,middle,"Conflict, Risk & Harm",0.010655643620379308,0.015931050513239262,0.6688600736984729,0.26878304269160547,0.0004511993907368787,0.0002392520946693698,0.0004417867024428717,8
36512901,middle,Embodied & Sensory Experience,0.008733946991254255,0.01305795836034845,0.6688600736984729,0.26878304269160547,0.0004511993907368787,0.0002392520946693698,0.0004417867024428717,4
36512901,middle,"Emotions, Cognition & Inner Life",0.11177935906222898,0.16711919795741903,0.6688600736984729,0.26878304269160547,0.0004511993907368787,0.0002392520946693698,0.0004417867024428717,54
36512901,middle,Relationship Trajectory (Main Couple),0.3054447101467463,0.45666458824158046,0.6688600736984729,0.26878304269160547,0.0004511993907368787,0.0002392520946693698,0.0004417867024428717,134
36512901,middle,"Sexuality, Attraction & Intimacy",0.1123359641207346,0.16795136761500956,0.6688600736984729,0.26878304269160547,0.0004511993907368787,0.0002392520946693698,0.0004417867024428717,48
36512901,middle,Social World Outside Couple,0.042284897635984586,0.06321934781092485,0.6688600736984729,0.26878304269160547,0.0004511993907368787,0.0002392520946693698,0.0004417867024428717,29
36512901,middle,"Spaces, Time, Activities & Objects",0.042811273537660774,0.06400632242994432,0.6688600736984729,0.26878304269160547,0.0004511993907368787,0.0002392520946693698,0.0004417867024428717,22
36512901,middle,"Work, Wealth, Status & Institutions",0.03437249188104129,0.05138966015863082,0.6688600736984729,0.26878304269160547,0.0004511993907368787,0.0002392520946693698,0.0004417867024428717,19
36564103,top,"Conflict, Risk & Harm",0.013629839711008672,0.021495874882555076,0.6340676890555376,0.34872238606765127,0.0014405492877986993,0.0008924196109202699,0.0006170031599431852,8
36564103,top,Embodied & Sensory Experience,0.012748046430100841,0.020105182222878177,0.6340676890555376,0.34872238606765127,0.0014405492877986993,0.0008924196109202699,0.0006170031599431852,4
36564103,top,"Emotions, Cognition & Inner Life",0.1310633544160039,0.2067024651756449,0.6340676890555376,0.34872238606765127,0.0014405492877986993,0.0008924196109202699,0.0006170031599431852,54
36564103,top,Relationship Trajectory (Main Couple),0.22253297628794855,0.35096091494492954,0.6340676890555376,0.34872238606765127,0.0014405492877986993,0.0008924196109202699,0.0006170031599431852,134
36564103,top,"Sexuality, Attraction & Intimacy",0.10871535439619921,0.17145701677077083,0.6340676890555376,0.34872238606765127,0.0014405492877986993,0.0008924196109202699,0.0006170031599431852,48
36564103,top,Social World Outside Couple,0.04971681283417151,0.07840931448222217,0.6340676890555376,0.34872238606765127,0.0014405492877986993,0.0008924196109202699,0.0006170031599431852,29
36564103,top,"Spaces, Time, Activities & Objects",0.05027866591243759,0.07929542347021205,0.6340676890555376,0.34872238606765127,0.0014405492877986993,0.0008924196109202699,0.0006170031599431852,22
36564103,top,"Work, Wealth, Status & Institutions",0.044765635907724095,0.070600720838502,0.6340676890555376,0.34872238606765127,0.0014405492877986993,0.0008924196109202699,0.0006170031599431852,19
36600859,middle,"Conflict, Risk & Harm",0.011989267483790854,0.020786092069042018,0.5767927633519527,0.3301191757407207,0.0016520437883720581,0.0014422785841102903,3.858816043091777e-05,8
36600859,middle,Embodied & Sensory Experience,0.007317697007583982,0.012686873817657108,0.5767927633519527,0.3301191757407207,0.0016520437883720581,0.0014422785841102903,3.858816043091777e-05,4
36600859,middle,"Emotions, Cognition & Inner Life",0.11683735383911956,0.20256383447000126,0.5767927633519527,0.3301191757407207,0.0016520437883720581,0.0014422785841102903,3.858816043091777e-05,54
36600859,middle,Relationship Trajectory (Main Couple),0.20950392551651037,0.36322218104645904,0.5767927633519527,0.3301191757407207,0.0016520437883720581,0.0014422785841102903,3.858816043091777e-05,134
36600859,middle,"Sexuality, Attraction & Intimacy",0.10708225012052053,0.18565116784445523,0.5767927633519527,0.3301191757407207,0.0016520437883720581,0.0014422785841102903,3.858816043091777e-05,48
36600859,middle,Social World Outside Couple,0.037010009358442134,0.06416517631629685,0.5767927633519527,0.3301191757407207,0.0016520437883720581,0.0014422785841102903,3.858816043091777e-05,29
36600859,middle,"Spaces, Time, Activities & Objects",0.04959402170037067,0.08598239237982418,0.5767927633519527,0.3301191757407207,0.0016520437883720581,0.0014422785841102903,3.858816043091777e-05,22
36600859,middle,"Work, Wealth, Status & Institutions",0.03741965016518368,0.06487538080007188,0.5767927633519527,0.3301191757407207,0.0016520437883720581,0.0014422785841102903,3.858816043091777e-05,19
36662463,trash,"Conflict, Risk & Harm",0.014070074219628099,0.02056722723882099,0.6841016563025372,0.3021823362050289,0.002456912090706879,0.001395395837303773,2.971008028457674e-05,8
36662463,trash,Embodied & Sensory Experience,0.012251068574849136,0.01790825743803085,0.6841016563025372,0.3021823362050289,0.002456912090706879,0.001395395837303773,2.971008028457674e-05,4
36662463,trash,"Emotions, Cognition & Inner Life",0.1369074400123211,0.20012733305205616,0.6841016563025372,0.3021823362050289,0.002456912090706879,0.001395395837303773,2.971008028457674e-05,54
36662463,trash,Relationship Trajectory (Main Couple),0.23255535158074145,0.3399426816734619,0.6841016563025372,0.3021823362050289,0.002456912090706879,0.001395395837303773,2.971008028457674e-05,134
36662463,trash,"Sexuality, Attraction & Intimacy",0.14918839089600303,0.21807927158420143,0.6841016563025372,0.3021823362050289,0.002456912090706879,0.001395395837303773,2.971008028457674e-05,48
36662463,trash,Social World Outside Couple,0.03617363009901338,0.0528775654403853,0.6841016563025372,0.3021823362050289,0.002456912090706879,0.001395395837303773,2.971008028457674e-05,29
36662463,trash,"Spaces, Time, Activities & Objects",0.06356304271805499,0.09291461602593294,0.6841016563025372,0.3021823362050289,0.002456912090706879,0.001395395837303773,2.971008028457674e-05,22
36662463,trash,"Work, Wealth, Status & Institutions",0.03936294812164144,0.05753961821170269,0.6841016563025372,0.3021823362050289,0.002456912090706879,0.001395395837303773,2.971008028457674e-05,19
40131614,middle,"Conflict, Risk & Harm",0.012596100861064163,0.019538146812605624,0.6446927122554638,0.33984810227611884,0.0007824622603664938,0.00029761889090532795,4.144712594651788e-05,8
40131614,middle,Embodied & Sensory Experience,0.01739269431525436,0.026978270398630457,0.6446927122554638,0.33984810227611884,0.0007824622603664938,0.00029761889090532795,4.144712594651788e-05,4
40131614,middle,"Emotions, Cognition & Inner Life",0.13594678800192175,0.21087067593227568,0.6446927122554638,0.33984810227611884,0.0007824622603664938,0.00029761889090532795,4.144712594651788e-05,54
40131614,middle,Relationship Trajectory (Main Couple),0.2241960471576883,0.3477564472124033,0.6446927122554638,0.33984810227611884,0.0007824622603664938,0.00029761889090532795,4.144712594651788e-05,134
40131614,middle,"Sexuality, Attraction & Intimacy",0.12316955630488113,0.19105157226606648,0.6446927122554638,0.33984810227611884,0.0007824622603664938,0.00029761889090532795,4.144712594651788e-05,48
40131614,middle,Social World Outside Couple,0.04037736889641434,0.0626304100059604,0.6446927122554638,0.33984810227611884,0.0007824622603664938,0.00029761889090532795,4.144712594651788e-05,29
40131614,middle,"Spaces, Time, Activities & Objects",0.047428354225526485,0.07356738074422763,0.6446927122554638,0.33984810227611884,0.0007824622603664938,0.00029761889090532795,4.144712594651788e-05,22
40131614,middle,"Work, Wealth, Status & Institutions",0.043544355366766714,0.0675428068892331,0.6446927122554638,0.33984810227611884,0.0007824622603664938,0.00029761889090532795,4.144712594651788e-05,19
40727118,top,"Conflict, Risk & Harm",0.017567380122635735,0.027190038358164602,0.6460961875532116,0.33746553780580146,0.0010276070726334369,0.0005917499080745393,4.1417044938326626e-05,8
40727118,top,Embodied & Sensory Experience,0.011742669045087742,0.018174800085971148,0.6460961875532116,0.33746553780580146,0.0010276070726334369,0.0005917499080745393,4.1417044938326626e-05,4
40727118,top,"Emotions, Cognition & Inner Life",0.1339663619022138,0.20734739576401,0.6460961875532116,0.33746553780580146,0.0010276070726334369,0.0005917499080745393,4.1417044938326626e-05,54
40727118,top,Relationship Trajectory (Main Couple),0.2352467364062466,0.364104820517722,0.6460961875532116,0.33746553780580146,0.0010276070726334369,0.0005917499080745393,4.1417044938326626e-05,134
40727118,top,"Sexuality, Attraction & Intimacy",0.1003355418528678,0.15529505325335835,0.6460961875532116,0.33746553780580146,0.0010276070726334369,0.0005917499080745393,4.1417044938326626e-05,48
40727118,top,Social World Outside Couple,0.059683417683228976,0.09237543702161767,0.6460961875532116,0.33746553780580146,0.0010276070726334369,0.0005917499080745393,4.1417044938326626e-05,29
40727118,top,"Spaces, Time, Activities & Objects",0.04509961577615344,0.06980325320746317,0.6460961875532116,0.33746553780580146,0.0010276070726334369,0.0005917499080745393,4.1417044938326626e-05,22
40727118,top,"Work, Wealth, Status & Institutions",0.04241304771983914,0.06564509826386503,0.6460961875532116,0.33746553780580146,0.0010276070726334369,0.0005917499080745393,4.1417044938326626e-05,19
42427664,trash,"Conflict, Risk & Harm",0.01578490578904173,0.02439252260503662,0.6471206789322572,0.33771898332390504,0.0012115079361120177,0.0006402366429605374,0.0002818346277724702,8
42427664,trash,Embodied & Sensory Experience,0.01323485812894959,0.020451916558727464,0.6471206789322572,0.33771898332390504,0.0012115079361120177,0.0006402366429605374,0.0002818346277724702,4
42427664,trash,"Emotions, Cognition & Inner Life",0.14227905310474687,0.21986479143195656,0.6471206789322572,0.33771898332390504,0.0012115079361120177,0.0006402366429605374,0.0002818346277724702,54
42427664,trash,Relationship Trajectory (Main Couple),0.23245139714312474,0.3592087298564887,0.6471206789322572,0.33771898332390504,0.0012115079361120177,0.0006402366429605374,0.0002818346277724702,134
42427664,trash,"Sexuality, Attraction & Intimacy",0.10759951081932345,0.16627425814434116,0.6471206789322572,0.33771898332390504,0.0012115079361120177,0.0006402366429605374,0.0002818346277724702,48
42427664,trash,Social World Outside Couple,0.051704183521630025,0.07989882753699266,0.6471206789322572,0.33771898332390504,0.0012115079361120177,0.0006402366429605374,0.0002818346277724702,29
42427664,trash,"Spaces, Time, Activities & Objects",0.0413704823623416,0.06393008863602148,0.6471206789322572,0.33771898332390504,0.0012115079361120177,0.0006402366429605374,0.0002818346277724702,22
42427664,trash,"Work, Wealth, Status & Institutions",0.04241445343532674,0.06554334425738051,0.6471206789322572,0.33771898332390504,0.0012115079361120177,0.0006402366429605374,0.0002818346277724702,19
43728457,trash,"Conflict, Risk & Harm",0.011215841696186897,0.016890089959283486,0.664048665414136,0.3055675816215846,0.0014685436656285485,0.0010649339723275027,4.912893813170761e-05,8
43728457,trash,Embodied & Sensory Experience,0.009101486996800627,0.013706054195778644,0.664048665414136,0.3055675816215846,0.0014685436656285485,0.0010649339723275027,4.912893813170761e-05,4
43728457,trash,"Emotions, Cognition & Inner Life",0.12821577514218138,0.19308189568037037,0.664048665414136,0.3055675816215846,0.0014685436656285485,0.0010649339723275027,4.912893813170761e-05,54
43728457,trash,Relationship Trajectory (Main Couple),0.21380258680817235,0.3219682501354531,0.664048665414136,0.3055675816215846,0.0014685436656285485,0.0010649339723275027,4.912893813170761e-05,134
43728457,trash,"Sexuality, Attraction & Intimacy",0.13483039345989534,0.20304294019747476,0.664048665414136,0.3055675816215846,0.0014685436656285485,0.0010649339723275027,4.912893813170761e-05,48
43728457,trash,Social World Outside Couple,0.07585015457653604,0.11422378889841132,0.664048665414136,0.3055675816215846,0.0014685436656285485,0.0010649339723275027,4.912893813170761e-05,29
43728457,trash,"Spaces, Time, Activities & Objects",0.05569201214438292,0.08386736551853534,0.664048665414136,0.3055675816215846,0.0014685436656285485,0.0010649339723275027,4.912893813170761e-05,22
43728457,trash,"Work, Wealth, Status & Institutions",0.03529128565184868,0.053145631472414995,0.664048665414136,0.3055675816215846,0.0014685436656285485,0.0010649339723275027,4.912893813170761e-05,19
44099084,middle,"Conflict, Risk & Harm",0.011706944287135902,0.017914499209907658,0.6534898994363932,0.3310000836700254,0.0012541977841466294,0.0008104208181743187,3.8446849097162804e-05,8
44099084,middle,Embodied & Sensory Experience,0.011878524066739431,0.01817705840133741,0.6534898994363932,0.3310000836700254,0.0012541977841466294,0.0008104208181743187,3.8446849097162804e-05,4
44099084,middle,"Emotions, Cognition & Inner Life",0.12966300601392225,0.19841623585269028,0.6534898994363932,0.3310000836700254,0.0012541977841466294,0.0008104208181743187,3.8446849097162804e-05,54
44099084,middle,Relationship Trajectory (Main Couple),0.23170375376230193,0.3545636343608928,0.6534898994363932,0.3310000836700254,0.0012541977841466294,0.0008104208181743187,3.8446849097162804e-05,134
44099084,middle,"Sexuality, Attraction & Intimacy",0.11365114743634475,0.1739141607764159,0.6534898994363932,0.3310000836700254,0.0012541977841466294,0.0008104208181743187,3.8446849097162804e-05,48
44099084,middle,Social World Outside Couple,0.05570089846126176,0.08523605109933814,0.6534898994363932,0.3310000836700254,0.0012541977841466294,0.0008104208181743187,3.8446849097162804e-05,29
44099084,middle,"Spaces, Time, Activities & Objects",0.060217466942693434,0.0921475098461788,0.6534898994363932,0.3310000836700254,0.0012541977841466294,0.0008104208181743187,3.8446849097162804e-05,22
44099084,middle,"Work, Wealth, Status & Institutions",0.0389297116168966,0.059572017334119154,0.6534898994363932,0.3310000836700254,0.0012541977841466294,0.0008104208181743187,3.8446849097162804e-05,19
44168447,trash,"Conflict, Risk & Harm",0.010977795167295272,0.01606920503514967,0.6831573275269385,0.29923722680976417,0.0013186398776124557,0.0005548183873363367,4.057287706229689e-05,8
44168447,trash,Embodied & Sensory Experience,0.009746507145856684,0.014266855895609722,0.6831573275269385,0.29923722680976417,0.0013186398776124557,0.0005548183873363367,4.057287706229689e-05,4
44168447,trash,"Emotions, Cognition & Inner Life",0.14903274438517014,0.21815288862475596,0.6831573275269385,0.29923722680976417,0.0013186398776124557,0.0005548183873363367,4.057287706229689e-05,54
44168447,trash,Relationship Trajectory (Main Couple),0.23819663369098892,0.34867024635931504,0.6831573275269385,0.29923722680976417,0.0013186398776124557,0.0005548183873363367,4.057287706229689e-05,134
44168447,trash,"Sexuality, Attraction & Intimacy",0.1501180596751739,0.21974156409711404,0.6831573275269385,0.29923722680976417,0.0013186398776124557,0.0005548183873363367,4.057287706229689e-05,48
44168447,trash,Social World Outside Couple,0.03445430089770897,0.05043391838075594,0.6831573275269385,0.29923722680976417,0.0013186398776124557,0.0005548183873363367,4.057287706229689e-05,29
44168447,trash,"Spaces, Time, Activities & Objects",0.05378670778626639,0.07873253439434924,0.6831573275269385,0.29923722680976417,0.0013186398776124557,0.0005548183873363367,4.057287706229689e-05,22
44168447,trash,"Work, Wealth, Status & Institutions",0.03680400590141589,0.053873396973795354,0.6831573275269385,0.29923722680976417,0.0013186398776124557,0.0005548183873363367,4.057287706229689e-05,19
45156972,middle,"Conflict, Risk & Harm",0.014320214094596068,0.022373396891362515,0.6400554267253238,0.3334011020321538,0.0014155679941712093,0.0006234281304806172,0.00012208547318836706,8
45156972,middle,Embodied & Sensory Experience,0.011939448176067626,0.018653772278992602,0.6400554267253238,0.3334011020321538,0.0014155679941712093,0.0006234281304806172,0.00012208547318836706,4
45156972,middle,"Emotions, Cognition & Inner Life",0.1212739995602302,0.18947421503899578,0.6400554267253238,0.3334011020321538,0.0014155679941712093,0.0006234281304806172,0.00012208547318836706,54
45156972,middle,Relationship Trajectory (Main Couple),0.24328989368687295,0.38010753995416,0.6400554267253238,0.3334011020321538,0.0014155679941712093,0.0006234281304806172,0.00012208547318836706,134
45156972,middle,"Sexuality, Attraction & Intimacy",0.1137160998509157,0.17766601938321872,0.6400554267253238,0.3334011020321538,0.0014155679941712093,0.0006234281304806172,0.00012208547318836706,48
45156972,middle,Social World Outside Couple,0.04385510786671523,0.06851767211956693,0.6400554267253238,0.3334011020321538,0.0014155679941712093,0.0006234281304806172,0.00012208547318836706,29
45156972,middle,"Spaces, Time, Activities & Objects",0.04764804174391433,0.07444361809053487,0.6400554267253238,0.3334011020321538,0.0014155679941712093,0.0006234281304806172,0.00012208547318836706,22
45156972,middle,"Work, Wealth, Status & Institutions",0.043890536272823306,0.06857302421038403,0.6400554267253238,0.3334011020321538,0.0014155679941712093,0.0006234281304806172,0.00012208547318836706,19
45857023,top,"Conflict, Risk & Harm",0.013603929597574501,0.01999528492262195,0.6803568766446284,0.3064009861649418,0.0015509532242388559,0.001074082837093927,0.0001826765471962109,8
45857023,top,Embodied & Sensory Experience,0.010572799706279876,0.015540079139675365,0.6803568766446284,0.3064009861649418,0.0015509532242388559,0.001074082837093927,0.0001826765471962109,4
45857023,top,"Emotions, Cognition & Inner Life",0.13372717874015,0.19655446035860363,0.6803568766446284,0.3064009861649418,0.0015509532242388559,0.001074082837093927,0.0001826765471962109,54
45857023,top,Relationship Trajectory (Main Couple),0.24694806046627052,0.3629684198742349,0.6803568766446284,0.3064009861649418,0.0015509532242388559,0.001074082837093927,0.0001826765471962109,134
45857023,top,"Sexuality, Attraction & Intimacy",0.13997484952180683,0.20573739213474587,0.6803568766446284,0.3064009861649418,0.0015509532242388559,0.001074082837093927,0.0001826765471962109,48
45857023,top,Social World Outside Couple,0.040347267421332635,0.05930309342990189,0.6803568766446284,0.3064009861649418,0.0015509532242388559,0.001074082837093927,0.0001826765471962109,29
45857023,top,"Spaces, Time, Activities & Objects",0.0601771109710547,0.08844933157409252,0.6803568766446284,0.3064009861649418,0.0015509532242388559,0.001074082837093927,0.0001826765471962109,22
45857023,top,"Work, Wealth, Status & Institutions",0.03482300367296313,0.05118343749930563,0.6803568766446284,0.3064009861649418,0.0015509532242388559,0.001074082837093927,0.0001826765471962109,19
46142566,trash,"Conflict, Risk & Harm",0.01203911511324635,0.017199749301401578,0.6999587553444924,0.28688881088414986,0.0008128800638961952,0.00041166575399785604,3.727582241050264e-05,8
46142566,trash,Embodied & Sensory Experience,0.00830778837903783,0.011868968443646457,0.6999587553444924,0.28688881088414986,0.0008128800638961952,0.00041166575399785604,3.727582241050264e-05,4
46142566,trash,"Emotions, Cognition & Inner Life",0.14646947745553615,0.20925444011833183,0.6999587553444924,0.28688881088414986,0.0008128800638961952,0.00041166575399785604,3.727582241050264e-05,54
46142566,trash,Relationship Trajectory (Main Couple),0.24681822944789553,0.3526182472371836,0.6999587553444924,0.28688881088414986,0.0008128800638961952,0.00041166575399785604,3.727582241050264e-05,134
46142566,trash,"Sexuality, Attraction & Intimacy",0.1616997696078993,0.2310132823873558,0.6999587553444924,0.28688881088414986,0.0008128800638961952,0.00041166575399785604,3.727582241050264e-05,48
46142566,trash,Social World Outside Couple,0.039497654074773056,0.05642854492952781,0.6999587553444924,0.28688881088414986,0.0008128800638961952,0.00041166575399785604,3.727582241050264e-05,29
46142566,trash,"Spaces, Time, Activities & Objects",0.05286971007805431,0.07553260770634108,0.6999587553444924,0.28688881088414986,0.0008128800638961952,0.00041166575399785604,3.727582241050264e-05,22
46142566,trash,"Work, Wealth, Status & Institutions",0.03221973536563929,0.04603090556354566,0.6999587553444924,0.28688881088414986,0.0008128800638961952,0.00041166575399785604,3.727582241050264e-05,19
48572514,top,"Conflict, Risk & Harm",0.013221290362521867,0.020627572940948472,0.640952302065351,0.3409327505767975,0.001260398772545545,0.0006016283325475632,5.014759145644845e-05,8
48572514,top,Embodied & Sensory Experience,0.013872294581559039,0.02164325572567275,0.640952302065351,0.3409327505767975,0.001260398772545545,0.0006016283325475632,5.014759145644845e-05,4
48572514,top,"Emotions, Cognition & Inner Life",0.11942193666952901,0.18631953779511168,0.640952302065351,0.3409327505767975,0.001260398772545545,0.0006016283325475632,5.014759145644845e-05,54
48572514,top,Relationship Trajectory (Main Couple),0.2288621064698297,0.35706573754765153,0.640952302065351,0.3409327505767975,0.001260398772545545,0.0006016283325475632,5.014759145644845e-05,134
48572514,top,"Sexuality, Attraction & Intimacy",0.09377588383358065,0.14630711759893067,0.640952302065351,0.3409327505767975,0.001260398772545545,0.0006016283325475632,5.014759145644845e-05,48
48572514,top,Social World Outside Couple,0.08647762308522919,0.13492052810571228,0.640952302065351,0.3409327505767975,0.001260398772545545,0.0006016283325475632,5.014759145644845e-05,29
48572514,top,"Spaces, Time, Activities & Objects",0.046587085068412123,0.07268416841361487,0.640952302065351,0.3409327505767975,0.001260398772545545,0.0006016283325475632,5.014759145644845e-05,22
48572514,top,"Work, Wealth, Status & Institutions",0.03868393440323294,0.060353842678435,0.640952302065351,0.3409327505767975,0.001260398772545545,0.0006016283325475632,5.014759145644845e-05,19
49571946,top,"Conflict, Risk & Harm",0.011585524855488336,0.017336827407075293,0.6682609559093952,0.31759834800356346,0.0005386212283920372,0.0002904197630905971,0.0004671088377026997,8
49571946,top,Embodied & Sensory Experience,0.018625708295283965,0.02787190861680283,0.6682609559093952,0.31759834800356346,0.0005386212283920372,0.0002904197630905971,0.0004671088377026997,4
49571946,top,"Emotions, Cognition & Inner Life",0.12693323440024432,0.18994560923809875,0.6682609559093952,0.31759834800356346,0.0005386212283920372,0.0002904197630905971,0.0004671088377026997,54
49571946,top,Relationship Trajectory (Main Couple),0.22663612389883495,0.33914314744068774,0.6682609559093952,0.31759834800356346,0.0005386212283920372,0.0002904197630905971,0.0004671088377026997,134
49571946,top,"Sexuality, Attraction & Intimacy",0.14752743708138105,0.22076321499378945,0.6682609559093952,0.31759834800356346,0.0005386212283920372,0.0002904197630905971,0.0004671088377026997,48
49571946,top,Social World Outside Couple,0.04067502420112468,0.06086697695179953,0.6682609559093952,0.31759834800356346,0.0005386212283920372,0.0002904197630905971,0.0004671088377026997,29
49571946,top,"Spaces, Time, Activities & Objects",0.04819232625859329,0.07211602867477321,0.6682609559093952,0.31759834800356346,0.0005386212283920372,0.0002904197630905971,0.0004671088377026997,22
49571946,top,"Work, Wealth, Status & Institutions",0.04761846808074188,0.07125729501275567,0.6682609559093952,0.31759834800356346,0.0005386212283920372,0.0002904197630905971,0.0004671088377026997,19
51208558,trash,"Conflict, Risk & Harm",0.013554355158019822,0.019993106417929035,0.6779514335933713,0.308950566016834,0.0012235626155251143,0.00037386398690246464,3.1351676859537974e-05,8
51208558,trash,Embodied & Sensory Experience,0.010745969756184765,0.01585064832627833,0.6779514335933713,0.308950566016834,0.0012235626155251143,0.00037386398690246464,3.1351676859537974e-05,4
51208558,trash,"Emotions, Cognition & Inner Life",0.13316187006935262,0.19641800794424136,0.6779514335933713,0.308950566016834,0.0012235626155251143,0.00037386398690246464,3.1351676859537974e-05,54
51208558,trash,Relationship Trajectory (Main Couple),0.25012336661994417,0.3689399479461323,0.6779514335933713,0.308950566016834,0.0012235626155251143,0.00037386398690246464,3.1351676859537974e-05,134
51208558,trash,"Sexuality, Attraction & Intimacy",0.13978298174089546,0.20618435895916393,0.6779514335933713,0.308950566016834,0.0012235626155251143,0.00037386398690246464,3.1351676859537974e-05,48
51208558,trash,Social World Outside Couple,0.03920624792668137,0.057830466880016806,0.6779514335933713,0.308950566016834,0.0012235626155251143,0.00037386398690246464,3.1351676859537974e-05,29
51208558,trash,"Spaces, Time, Activities & Objects",0.05856952914758941,0.08639192462084068,0.6779514335933713,0.308950566016834,0.0012235626155251143,0.00037386398690246464,3.1351676859537974e-05,22
51208558,trash,"Work, Wealth, Status & Institutions",0.03277576149784414,0.04834529418150434,0.6779514335933713,0.308950566016834,0.0012235626155251143,0.00037386398690246464,3.1351676859537974e-05,19
51778361,middle,"Conflict, Risk & Harm",0.015757794070780828,0.023559068504356444,0.6688632051758312,0.317685710395341,0.001181207280682471,0.0008287973032439741,3.108877758317848e-05,8
51778361,middle,Embodied & Sensory Experience,0.014547099704170795,0.021748990812473598,0.6688632051758312,0.317685710395341,0.001181207280682471,0.0008287973032439741,3.108877758317848e-05,4
51778361,middle,"Emotions, Cognition & Inner Life",0.12893713563743747,0.19277056151345984,0.6688632051758312,0.317685710395341,0.001181207280682471,0.0008287973032439741,3.108877758317848e-05,54
51778361,middle,Relationship Trajectory (Main Couple),0.23127697531474287,0.3457761968741346,0.6688632051758312,0.317685710395341,0.001181207280682471,0.0008287973032439741,3.108877758317848e-05,134
51778361,middle,"Sexuality, Attraction & Intimacy",0.1345248619261618,0.20112462591031274,0.6688632051758312,0.317685710395341,0.001181207280682471,0.0008287973032439741,3.108877758317848e-05,48
51778361,middle,Social World Outside Couple,0.04217397316888226,0.0630532115424043,0.6688632051758312,0.317685710395341,0.001181207280682471,0.0008287973032439741,3.108877758317848e-05,29
51778361,middle,"Spaces, Time, Activities & Objects",0.058112929974644914,0.08688313174495546,0.6688632051758312,0.317685710395341,0.001181207280682471,0.0008287973032439741,3.108877758317848e-05,22
51778361,middle,"Work, Wealth, Status & Institutions",0.043501346601427016,0.06503773307427092,0.6688632051758312,0.317685710395341,0.001181207280682471,0.0008287973032439741,3.108877758317848e-05,19
53490997,middle,"Conflict, Risk & Harm",0.010625527731582776,0.015166768929643623,0.700579522301224,0.28661278696831094,0.0005272727884007478,0.0002810800552201878,5.15406216123755e-05,8
53490997,middle,Embodied & Sensory Experience,0.009771544905020545,0.01394780263191754,0.700579522301224,0.28661278696831094,0.0005272727884007478,0.0002810800552201878,5.15406216123755e-05,4
53490997,middle,"Emotions, Cognition & Inner Life",0.1369232900306008,0.19544289502045809,0.700579522301224,0.28661278696831094,0.0005272727884007478,0.0002810800552201878,5.15406216123755e-05,54
53490997,middle,Relationship Trajectory (Main Couple),0.2526423181158059,0.3606190447673102,0.700579522301224,0.28661278696831094,0.0005272727884007478,0.0002810800552201878,5.15406216123755e-05,134
53490997,middle,"Sexuality, Attraction & Intimacy",0.15462713020731614,0.22071317428663298,0.700579522301224,0.28661278696831094,0.0005272727884007478,0.0002810800552201878,5.15406216123755e-05,48
53490997,middle,Social World Outside Couple,0.042638072366526496,0.06086114567903921,0.700579522301224,0.28661278696831094,0.0005272727884007478,0.0002810800552201878,5.15406216123755e-05,29
53490997,middle,"Spaces, Time, Activities & Objects",0.05540361735907772,0.07908255322263924,0.700579522301224,0.28661278696831094,0.0005272727884007478,0.0002810800552201878,5.15406216123755e-05,22
53490997,middle,"Work, Wealth, Status & Institutions",0.03789648096368125,0.05409304690950862,0.700579522301224,0.28661278696831094,0.0005272727884007478,0.0002810800552201878,5.15406216123755e-05,19
53491020,top,"Conflict, Risk & Harm",0.011371203349225012,0.016244542519718984,0.7000014518981802,0.28409331660363,0.0008246703315724764,0.0003041712004464175,6.818999189926235e-05,8
53491020,top,Embodied & Sensory Experience,0.00784203174864763,0.011202879261725167,0.7000014518981802,0.28409331660363,0.0008246703315724764,0.0003041712004464175,6.818999189926235e-05,4
53491020,top,"Emotions, Cognition & Inner Life",0.12331011524912712,0.17615694212454774,0.7000014518981802,0.28409331660363,0.0008246703315724764,0.0003041712004464175,6.818999189926235e-05,54
53491020,top,Relationship Trajectory (Main Couple),0.24736767634502604,0.35338166181547764,0.7000014518981802,0.28409331660363,0.0008246703315724764,0.0003041712004464175,6.818999189926235e-05,134
53491020,top,"Sexuality, Attraction & Intimacy",0.1549644269939242,0.22137729368090625,0.7000014518981802,0.28409331660363,0.0008246703315724764,0.0003041712004464175,6.818999189926235e-05,48
53491020,top,Social World Outside Couple,0.07314329792352572,0.104490208877688,0.7000014518981802,0.28409331660363,0.0008246703315724764,0.0003041712004464175,6.818999189926235e-05,29
53491020,top,"Spaces, Time, Activities & Objects",0.05224360250033111,0.07463356305713818,0.7000014518981802,0.28409331660363,0.0008246703315724764,0.0003041712004464175,6.818999189926235e-05,22
53491020,top,"Work, Wealth, Status & Institutions",0.029690907796474084,0.042415494590706676,0.7000014518981802,0.28409331660363,0.0008246703315724764,0.0003041712004464175,6.818999189926235e-05,19
53491063,top,"Conflict, Risk & Harm",0.011126442704447084,0.016159610091918346,0.6885341070210338,0.2943797341118901,0.0004960754396442059,0.0002775755791215289,3.903421866695456e-05,8
53491063,top,Embodied & Sensory Experience,0.018911496999977715,0.02746631838152354,0.6885341070210338,0.2943797341118901,0.0004960754396442059,0.0002775755791215289,3.903421866695456e-05,4
53491063,top,"Emotions, Cognition & Inner Life",0.12821954832676183,0.18622105574625497,0.6885341070210338,0.2943797341118901,0.0004960754396442059,0.0002775755791215289,3.903421866695456e-05,54
53491063,top,Relationship Trajectory (Main Couple),0.19834136084342954,0.28806323291893293,0.6885341070210338,0.2943797341118901,0.0004960754396442059,0.0002775755791215289,3.903421866695456e-05,134
53491063,top,"Sexuality, Attraction & Intimacy",0.20836636482659893,0.30262315650288274,0.6885341070210338,0.2943797341118901,0.0004960754396442059,0.0002775755791215289,3.903421866695456e-05,48
53491063,top,Social World Outside Couple,0.03162196184411103,0.045926500258534064,0.6885341070210338,0.2943797341118901,0.0004960754396442059,0.0002775755791215289,3.903421866695456e-05,29
53491063,top,"Spaces, Time, Activities & Objects",0.05594825451404355,0.0812570560318436,0.6885341070210338,0.2943797341118901,0.0004960754396442059,0.0002775755791215289,3.903421866695456e-05,22
53491063,top,"Work, Wealth, Status & Institutions",0.035959642742997164,0.05222637829602629,0.6885341070210338,0.2943797341118901,0.0004960754396442059,0.0002775755791215289,3.903421866695456e-05,19
54474410,trash,"Conflict, Risk & Harm",0.013117016041944334,0.020031549496587902,0.654817843431365,0.3222285349340457,0.0010989766950357163,0.0006338388573820418,0.0004042611480897285,8
54474410,trash,Embodied & Sensory Experience,0.01856151902915243,0.028346080082190007,0.654817843431365,0.3222285349340457,0.0010989766950357163,0.0006338388573820418,0.0004042611480897285,4
54474410,trash,"Emotions, Cognition & Inner Life",0.12769215144047394,0.19500408048037263,0.654817843431365,0.3222285349340457,0.0010989766950357163,0.0006338388573820418,0.0004042611480897285,54
54474410,trash,Relationship Trajectory (Main Couple),0.22639185078244872,0.3457325621979299,0.654817843431365,0.3222285349340457,0.0010989766950357163,0.0006338388573820418,0.0004042611480897285,134
54474410,trash,"Sexuality, Attraction & Intimacy",0.14047252916801656,0.21452153538137397,0.654817843431365,0.3222285349340457,0.0010989766950357163,0.0006338388573820418,0.0004042611480897285,48
54474410,trash,Social World Outside Couple,0.036461096017513454,0.05568128050153713,0.654817843431365,0.3222285349340457,0.0010989766950357163,0.0006338388573820418,0.0004042611480897285,29
54474410,trash,"Spaces, Time, Activities & Objects",0.0510507934134721,0.0779618239264169,0.654817843431365,0.3222285349340457,0.0010989766950357163,0.0006338388573820418,0.0004042611480897285,22
54474410,trash,"Work, Wealth, Status & Institutions",0.04066662639025369,0.06210372365107393,0.654817843431365,0.3222285349340457,0.0010989766950357163,0.0006338388573820418,0.0004042611480897285,19
55538972,middle,"Conflict, Risk & Harm",0.012901395761545779,0.02001817647557013,0.6444840656335726,0.33999234377118337,0.0014061262918848754,0.0011639460700361608,3.321949143653946e-05,8
55538972,middle,Embodied & Sensory Experience,0.012567245868487288,0.019499699897363346,0.6444840656335726,0.33999234377118337,0.0014061262918848754,0.0011639460700361608,3.321949143653946e-05,4
55538972,middle,"Emotions, Cognition & Inner Life",0.12850765875543319,0.19939617689244377,0.6444840656335726,0.33999234377118337,0.0014061262918848754,0.0011639460700361608,3.321949143653946e-05,54
55538972,middle,Relationship Trajectory (Main Couple),0.24026390567341832,0.37280038170877383,0.6444840656335726,0.33999234377118337,0.0014061262918848754,0.0011639460700361608,3.321949143653946e-05,134
55538972,middle,"Sexuality, Attraction & Intimacy",0.11184145933288632,0.17353642284846624,0.6444840656335726,0.33999234377118337,0.0014061262918848754,0.0011639460700361608,3.321949143653946e-05,48
55538972,middle,Social World Outside Couple,0.03571488054653069,0.05541623517320088,0.6444840656335726,0.33999234377118337,0.0014061262918848754,0.0011639460700361608,3.321949143653946e-05,29
55538972,middle,"Spaces, Time, Activities & Objects",0.054802668064253164,0.08503339490694518,0.6444840656335726,0.33999234377118337,0.0014061262918848754,0.0011639460700361608,3.321949143653946e-05,22
55538972,middle,"Work, Wealth, Status & Institutions",0.047851632139581296,0.07424796777952891,0.6444840656335726,0.33999234377118337,0.0014061262918848754,0.0011639460700361608,3.321949143653946e-05,19
55583305,trash,"Conflict, Risk & Harm",0.015200793462879503,0.023586324273782686,0.6444748781723443,0.3370066632986227,0.0032415351181354192,0.002670064607675909,3.9766289288183684e-05,8
55583305,trash,Embodied & Sensory Experience,0.011527566421607384,0.01788675837031572,0.6444748781723443,0.3370066632986227,0.0032415351181354192,0.002670064607675909,3.9766289288183684e-05,4
55583305,trash,"Emotions, Cognition & Inner Life",0.12225353880059377,0.18969480881441114,0.6444748781723443,0.3370066632986227,0.0032415351181354192,0.002670064607675909,3.9766289288183684e-05,54
55583305,trash,Relationship Trajectory (Main Couple),0.2303248786866763,0.35738379646364316,0.6444748781723443,0.3370066632986227,0.0032415351181354192,0.002670064607675909,3.9766289288183684e-05,134
55583305,trash,"Sexuality, Attraction & Intimacy",0.11438612862463911,0.17748733503627767,0.6444748781723443,0.3370066632986227,0.0032415351181354192,0.002670064607675909,3.9766289288183684e-05,48
55583305,trash,Social World Outside Couple,0.046428934807143135,0.07204149669698559,0.6444748781723443,0.3370066632986227,0.0032415351181354192,0.002670064607675909,3.9766289288183684e-05,29
55583305,trash,"Spaces, Time, Activities & Objects",0.062483957344356786,0.09695328624996837,0.6444748781723443,0.3370066632986227,0.0032415351181354192,0.002670064607675909,3.9766289288183684e-05,22
55583305,trash,"Work, Wealth, Status & Institutions",0.04182931373516014,0.06490449069757878,0.6444748781723443,0.3370066632986227,0.0032415351181354192,0.002670064607675909,3.9766289288183684e-05,19
55590890,trash,"Conflict, Risk & Harm",0.016860530740486282,0.026141607101515547,0.6449691740454933,0.33992389503906884,0.001010295272465135,0.0004155217516863128,3.2431157638735346e-05,8
55590890,trash,Embodied & Sensory Experience,0.013336754568717434,0.020678127118950833,0.6449691740454933,0.33992389503906884,0.001010295272465135,0.0004155217516863128,3.2431157638735346e-05,4
55590890,trash,"Emotions, Cognition & Inner Life",0.13132832898744753,0.20361954380502567,0.6449691740454933,0.33992389503906884,0.001010295272465135,0.0004155217516863128,3.2431157638735346e-05,54
55590890,trash,Relationship Trajectory (Main Couple),0.21768627638791596,0.3375142334671662,0.6449691740454933,0.33992389503906884,0.001010295272465135,0.0004155217516863128,3.2431157638735346e-05,134
55590890,trash,"Sexuality, Attraction & Intimacy",0.13730317800463862,0.2128833183505819,0.6449691740454933,0.33992389503906884,0.001010295272465135,0.0004155217516863128,3.2431157638735346e-05,48
55590890,trash,Social World Outside Couple,0.03867858939251224,0.05996967134088803,0.6449691740454933,0.33992389503906884,0.001010295272465135,0.0004155217516863128,3.2431157638735346e-05,29
55590890,trash,"Spaces, Time, Activities & Objects",0.04505007071405549,0.06984840908207167,0.6449691740454933,0.33992389503906884,0.001010295272465135,0.0004155217516863128,3.2431157638735346e-05,22
55590890,trash,"Work, Wealth, Status & Institutions",0.044693014092080964,0.06929480646609712,0.6449691740454933,0.33992389503906884,0.001010295272465135,0.0004155217516863128,3.2431157638735346e-05,19
55738401,middle,"Conflict, Risk & Harm",0.014360774641328757,0.021054178998782015,0.6820866604278195,0.30458942392492316,0.0011352877433667141,0.0007692316787442452,2.829118473782171e-05,8
55738401,middle,Embodied & Sensory Experience,0.01134734885874886,0.016636227501695397,0.6820866604278195,0.30458942392492316,0.0011352877433667141,0.0007692316787442452,2.829118473782171e-05,4
55738401,middle,"Emotions, Cognition & Inner Life",0.12236500207966705,0.1793980284014308,0.6820866604278195,0.30458942392492316,0.0011352877433667141,0.0007692316787442452,2.829118473782171e-05,54
55738401,middle,Relationship Trajectory (Main Couple),0.211097522604789,0.3094878332210515,0.6820866604278195,0.30458942392492316,0.0011352877433667141,0.0007692316787442452,2.829118473782171e-05,134
55738401,middle,"Sexuality, Attraction & Intimacy",0.139027232338097,0.20382634700830551,0.6820866604278195,0.30458942392492316,0.0011352877433667141,0.0007692316787442452,2.829118473782171e-05,48
55738401,middle,Social World Outside Couple,0.07987967391401882,0.11711074053833065,0.6820866604278195,0.30458942392492316,0.0011352877433667141,0.0007692316787442452,2.829118473782171e-05,29
55738401,middle,"Spaces, Time, Activities & Objects",0.06209302443830312,0.09103392287331499,0.6820866604278195,0.30458942392492316,0.0011352877433667141,0.0007692316787442452,2.829118473782171e-05,22
55738401,middle,"Work, Wealth, Status & Institutions",0.041887790368129105,0.06141124405197453,0.6820866604278195,0.30458942392492316,0.0011352877433667141,0.0007692316787442452,2.829118473782171e-05,19
55817097,trash,"Conflict, Risk & Harm",0.019975394952500024,0.0312439647213271,0.6393361127713999,0.34403391518667337,0.0015848542189247248,0.0011725670436577504,0.0016289891828979118,8
55817097,trash,Embodied & Sensory Experience,0.012073045017360985,0.018883721373139147,0.6393361127713999,0.34403391518667337,0.0015848542189247248,0.0011725670436577504,0.0016289891828979118,4
55817097,trash,"Emotions, Cognition & Inner Life",0.1486089967359389,0.232442675718328,0.6393361127713999,0.34403391518667337,0.0015848542189247248,0.0011725670436577504,0.0016289891828979118,54
55817097,trash,Relationship Trajectory (Main Couple),0.22621057921066168,0.35382105701816535,0.6393361127713999,0.34403391518667337,0.0015848542189247248,0.0011725670436577504,0.0016289891828979118,134
55817097,trash,"Sexuality, Attraction & Intimacy",0.09803565863252028,0.15333977961538015,0.6393361127713999,0.34403391518667337,0.0015848542189247248,0.0011725670436577504,0.0016289891828979118,48
55817097,trash,Social World Outside Couple,0.04639260868641142,0.07256372314917162,0.6393361127713999,0.34403391518667337,0.0015848542189247248,0.0011725670436577504,0.0016289891828979118,29
55817097,trash,"Spaces, Time, Activities & Objects",0.04390180626758924,0.0686678030391296,0.6393361127713999,0.34403391518667337,0.0015848542189247248,0.0011725670436577504,0.0016289891828979118,22
55817097,trash,"Work, Wealth, Status & Institutions",0.04250903408551951,0.06648933672970696,0.6393361127713999,0.34403391518667337,0.0015848542189247248,0.0011725670436577504,0.0016289891828979118,19
55849103,middle,"Conflict, Risk & Harm",0.014150927356551525,0.022553747621744998,0.6274313073765192,0.33896748704326796,0.0008686723689833582,0.0002968402673005865,4.352325262576549e-05,8
55849103,middle,Embodied & Sensory Experience,0.011443201105977793,0.018238173599951987,0.6274313073765192,0.33896748704326796,0.0008686723689833582,0.0002968402673005865,4.352325262576549e-05,4
55849103,middle,"Emotions, Cognition & Inner Life",0.13039364895482644,0.20782139402645028,0.6274313073765192,0.33896748704326796,0.0008686723689833582,0.0002968402673005865,4.352325262576549e-05,54
55849103,middle,Relationship Trajectory (Main Couple),0.22088392661731335,0.35204479601264416,0.6274313073765192,0.33896748704326796,0.0008686723689833582,0.0002968402673005865,4.352325262576549e-05,134
55849103,middle,"Sexuality, Attraction & Intimacy",0.1153946532103698,0.1839159950319819,0.6274313073765192,0.33896748704326796,0.0008686723689833582,0.0002968402673005865,4.352325262576549e-05,48
55849103,middle,Social World Outside Couple,0.042852196509718096,0.06829782958854276,0.6274313073765192,0.33896748704326796,0.0008686723689833582,0.0002968402673005865,4.352325262576549e-05,29
55849103,middle,"Spaces, Time, Activities & Objects",0.04489632998524521,0.0715557694641831,0.6274313073765192,0.33896748704326796,0.0008686723689833582,0.0002968402673005865,4.352325262576549e-05,22
55849103,middle,"Work, Wealth, Status & Institutions",0.047372900383891185,0.0755029272956934,0.6274313073765192,0.33896748704326796,0.0008686723689833582,0.0002968402673005865,4.352325262576549e-05,19
56916467,top,"Conflict, Risk & Harm",0.014324742884590732,0.02172862910496535,0.6592566339731617,0.3259326040837679,0.0009299599905625167,0.0004958994109783737,4.307645804974901e-05,8
56916467,top,Embodied & Sensory Experience,0.010810509771865845,0.016398029560527622,0.6592566339731617,0.3259326040837679,0.0009299599905625167,0.0004958994109783737,4.307645804974901e-05,4
56916467,top,"Emotions, Cognition & Inner Life",0.1240281240335069,0.1881332968710878,0.6592566339731617,0.3259326040837679,0.0009299599905625167,0.0004958994109783737,4.307645804974901e-05,54
56916467,top,Relationship Trajectory (Main Couple),0.25723531400952615,0.39018995145978036,0.6592566339731617,0.3259326040837679,0.0009299599905625167,0.0004958994109783737,4.307645804974901e-05,134
56916467,top,"Sexuality, Attraction & Intimacy",0.10437995328425098,0.1583297731191284,0.6592566339731617,0.3259326040837679,0.0009299599905625167,0.0004958994109783737,4.307645804974901e-05,48
56916467,top,Social World Outside Couple,0.05871927273113328,0.08906891444876039,0.6592566339731617,0.3259326040837679,0.0009299599905625167,0.0004958994109783737,4.307645804974901e-05,29
56916467,top,"Spaces, Time, Activities & Objects",0.05002593082384616,0.07588233207810649,0.6592566339731617,0.3259326040837679,0.0009299599905625167,0.0004958994109783737,4.307645804974901e-05,22
56916467,top,"Work, Wealth, Status & Institutions",0.039689709976391874,0.0602037324026498,0.6592566339731617,0.3259326040837679,0.0009299599905625167,0.0004958994109783737,4.307645804974901e-05,19
57200226,top,"Conflict, Risk & Harm",0.013298483045738977,0.02076277560986839,0.6404964006555226,0.33808695284455803,0.0008376307375528439,0.00039609136368634135,0.00019422855251712072,8
57200226,top,Embodied & Sensory Experience,0.013262043002482987,0.020705882170313234,0.6404964006555226,0.33808695284455803,0.0008376307375528439,0.00039609136368634135,0.00019422855251712072,4
57200226,top,"Emotions, Cognition & Inner Life",0.11689033035792122,0.18249958975302377,0.6404964006555226,0.33808695284455803,0.0008376307375528439,0.00039609136368634135,0.00019422855251712072,54
57200226,top,Relationship Trajectory (Main Couple),0.24212813763212,0.378032003590202,0.6404964006555226,0.33808695284455803,0.0008376307375528439,0.00039609136368634135,0.00019422855251712072,134
57200226,top,"Sexuality, Attraction & Intimacy",0.12135532223320337,0.18947073255837352,0.6404964006555226,0.33808695284455803,0.0008376307375528439,0.00039609136368634135,0.00019422855251712072,48
57200226,top,Social World Outside Couple,0.040458359896196,0.06316719321886662,0.6404964006555226,0.33808695284455803,0.0008376307375528439,0.00039609136368634135,0.00019422855251712072,29
57200226,top,"Spaces, Time, Activities & Objects",0.05301542986957291,0.08277240873690114,0.6404964006555226,0.33808695284455803,0.0008376307375528439,0.00039609136368634135,0.00019422855251712072,22
57200226,top,"Work, Wealth, Status & Institutions",0.03989406606577006,0.062286167455336314,0.6404964006555226,0.33808695284455803,0.0008376307375528439,0.00039609136368634135,0.00019422855251712072,19
57216633,top,"Conflict, Risk & Harm",0.01347899780761128,0.021575512419985055,0.6247359295682775,0.3412728631049664,0.0013940221642267986,0.0008595923090417286,3.5491845496600354e-05,8
57216633,top,Embodied & Sensory Experience,0.013568607948239525,0.021718949248870772,0.6247359295682775,0.3412728631049664,0.0013940221642267986,0.0008595923090417286,3.5491845496600354e-05,4
57216633,top,"Emotions, Cognition & Inner Life",0.11918498407464452,0.19077658004559953,0.6247359295682775,0.3412728631049664,0.0013940221642267986,0.0008595923090417286,3.5491845496600354e-05,54
57216633,top,Relationship Trajectory (Main Couple),0.21292846204809668,0.34082954408471505,0.6247359295682775,0.3412728631049664,0.0013940221642267986,0.0008595923090417286,3.5491845496600354e-05,134
57216633,top,"Sexuality, Attraction & Intimacy",0.12233828480166,0.19582399380519322,0.6247359295682775,0.3412728631049664,0.0013940221642267986,0.0008595923090417286,3.5491845496600354e-05,48
57216633,top,Social World Outside Couple,0.04850608182005643,0.07764253586883735,0.6247359295682775,0.3412728631049664,0.0013940221642267986,0.0008595923090417286,3.5491845496600354e-05,29
57216633,top,"Spaces, Time, Activities & Objects",0.052377329499969795,0.0838391503049377,0.6247359295682775,0.3412728631049664,0.0013940221642267986,0.0008595923090417286,3.5491845496600354e-05,22
57216633,top,"Work, Wealth, Status & Institutions",0.04231768972250265,0.06773692326571676,0.6247359295682775,0.3412728631049664,0.0013940221642267986,0.0008595923090417286,3.5491845496600354e-05,19
58013278,trash,"Conflict, Risk & Harm",0.009851905252338903,0.014382272090868092,0.6850033979397657,0.3027131144818572,0.00046494080207416994,0.0002532494026311933,3.828347953751629e-05,8
58013278,trash,Embodied & Sensory Experience,0.024008817555268618,0.03504919483243174,0.6850033979397657,0.3027131144818572,0.00046494080207416994,0.0002532494026311933,3.828347953751629e-05,4
58013278,trash,"Emotions, Cognition & Inner Life",0.11042619801003002,0.1612053288234055,0.6850033979397657,0.3027131144818572,0.00046494080207416994,0.0002532494026311933,3.828347953751629e-05,54
58013278,trash,Relationship Trajectory (Main Couple),0.20176950760330475,0.2945525645714343,0.6850033979397657,0.3027131144818572,0.00046494080207416994,0.0002532494026311933,3.828347953751629e-05,134
58013278,trash,"Sexuality, Attraction & Intimacy",0.16579146358159577,0.24203013310625107,0.6850033979397657,0.3027131144818572,0.00046494080207416994,0.0002532494026311933,3.828347953751629e-05,48
58013278,trash,Social World Outside Couple,0.04447354310692774,0.06492455839005695,0.6850033979397657,0.3027131144818572,0.00046494080207416994,0.0002532494026311933,3.828347953751629e-05,29
58013278,trash,"Spaces, Time, Activities & Objects",0.07704598477982356,0.11247533225608676,0.6850033979397657,0.3027131144818572,0.00046494080207416994,0.0002532494026311933,3.828347953751629e-05,22
58013278,trash,"Work, Wealth, Status & Institutions",0.05159769457093888,0.07532472791540226,0.6850033979397657,0.3027131144818572,0.00046494080207416994,0.0002532494026311933,3.828347953751629e-05,19
58995736,middle,"Conflict, Risk & Harm",0.01502960366834828,0.02393656012637155,0.6278932139371923,0.316952484535136,0.001059121618658516,0.00044987522395595976,6.0054928581028826e-05,8
58995736,middle,Embodied & Sensory Experience,0.011975790979132483,0.019072974055633626,0.6278932139371923,0.316952484535136,0.001059121618658516,0.00044987522395595976,6.0054928581028826e-05,4
58995736,middle,"Emotions, Cognition & Inner Life",0.12033086174852907,0.19164223959994203,0.6278932139371923,0.316952484535136,0.001059121618658516,0.00044987522395595976,6.0054928581028826e-05,54
58995736,middle,Relationship Trajectory (Main Couple),0.2234893448462896,0.35593527670876385,0.6278932139371923,0.316952484535136,0.001059121618658516,0.00044987522395595976,6.0054928581028826e-05,134
58995736,middle,"Sexuality, Attraction & Intimacy",0.11217295740371355,0.17864973679255933,0.6278932139371923,0.316952484535136,0.001059121618658516,0.00044987522395595976,6.0054928581028826e-05,48
58995736,middle,Social World Outside Couple,0.05483786434102457,0.08733629082748769,0.6278932139371923,0.316952484535136,0.001059121618658516,0.00044987522395595976,6.0054928581028826e-05,29
58995736,middle,"Spaces, Time, Activities & Objects",0.047062107692981824,0.07495240695130273,0.6278932139371923,0.316952484535136,0.001059121618658516,0.00044987522395595976,6.0054928581028826e-05,22
58995736,middle,"Work, Wealth, Status & Institutions",0.04293462832859197,0.06837886980713043,0.6278932139371923,0.316952484535136,0.001059121618658516,0.00044987522395595976,6.0054928581028826e-05,19
60217302,top,"Conflict, Risk & Harm",0.016225058282179693,0.02546735974576114,0.63709227984971,0.3431469373685938,0.0009873072337880946,0.0005674423334960118,0.0001276381199388238,8
60217302,top,Embodied & Sensory Experience,0.01233683460991211,0.019364282067304863,0.63709227984971,0.3431469373685938,0.0009873072337880946,0.0005674423334960118,0.0001276381199388238,4
60217302,top,"Emotions, Cognition & Inner Life",0.13769755932317934,0.21613440262635453,0.63709227984971,0.3431469373685938,0.0009873072337880946,0.0005674423334960118,0.0001276381199388238,54
60217302,top,Relationship Trajectory (Main Couple),0.23819007991937688,0.37387061098207924,0.63709227984971,0.3431469373685938,0.0009873072337880946,0.0005674423334960118,0.0001276381199388238,134
60217302,top,"Sexuality, Attraction & Intimacy",0.0987998796062433,0.15507938603423382,0.63709227984971,0.3431469373685938,0.0009873072337880946,0.0005674423334960118,0.0001276381199388238,48
60217302,top,Social World Outside Couple,0.04451631559119641,0.06987420346970427,0.63709227984971,0.3431469373685938,0.0009873072337880946,0.0005674423334960118,0.0001276381199388238,29
60217302,top,"Spaces, Time, Activities & Objects",0.04823209537162995,0.0757066078135618,0.63709227984971,0.3431469373685938,0.0009873072337880946,0.0005674423334960118,0.0001276381199388238,22
60217302,top,"Work, Wealth, Status & Institutions",0.04096681902605344,0.06430280246955357,0.63709227984971,0.3431469373685938,0.0009873072337880946,0.0005674423334960118,0.0001276381199388238,19
60416566,top,"Conflict, Risk & Harm",0.01131529863133072,0.017656141711893353,0.640870401697593,0.30895196258677193,0.013901702374359174,0.0005210030327020538,3.509175625176189e-05,8
60416566,top,Embodied & Sensory Experience,0.01617439947363851,0.025238175192354585,0.640870401697593,0.30895196258677193,0.013901702374359174,0.0005210030327020538,3.509175625176189e-05,4
60416566,top,"Emotions, Cognition & Inner Life",0.12392240992065126,0.1933657875170937,0.640870401697593,0.30895196258677193,0.013901702374359174,0.0005210030327020538,3.509175625176189e-05,54
60416566,top,Relationship Trajectory (Main Couple),0.220702832356968,0.3443798180916941,0.640870401697593,0.30895196258677193,0.013901702374359174,0.0005210030327020538,3.509175625176189e-05,134
60416566,top,"Sexuality, Attraction & Intimacy",0.13907727424019975,0.21701310260514423,0.640870401697593,0.30895196258677193,0.013901702374359174,0.0005210030327020538,3.509175625176189e-05,48
60416566,top,Social World Outside Couple,0.04015681205965536,0.0626598013471749,0.640870401697593,0.30895196258677193,0.013901702374359174,0.0005210030327020538,3.509175625176189e-05,29
60416566,top,"Spaces, Time, Activities & Objects",0.04856686141286355,0.07578265634395885,0.640870401697593,0.30895196258677193,0.013901702374359174,0.0005210030327020538,3.509175625176189e-05,22
60416566,top,"Work, Wealth, Status & Institutions",0.04091942184603412,0.06384976079039259,0.640870401697593,0.30895196258677193,0.013901702374359174,0.0005210030327020538,3.509175625176189e-05,19
60576722,top,"Conflict, Risk & Harm",0.015247275811852532,0.023454089324287542,0.650090293468075,0.33502184535868773,0.0007295801579982472,0.0003127155155949907,0.00020843298651636473,8
60576722,top,Embodied & Sensory Experience,0.012079125273898837,0.018580688552446486,0.650090293468075,0.33502184535868773,0.0007295801579982472,0.0003127155155949907,0.00020843298651636473,4
60576722,top,"Emotions, Cognition & Inner Life",0.13550190369800316,0.20843551281950876,0.650090293468075,0.33502184535868773,0.0007295801579982472,0.0003127155155949907,0.00020843298651636473,54
60576722,top,Relationship Trajectory (Main Couple),0.22780231715654428,0.35041642591104355,0.650090293468075,0.33502184535868773,0.0007295801579982472,0.0003127155155949907,0.00020843298651636473,134
60576722,top,"Sexuality, Attraction & Intimacy",0.1098873960697854,0.1690340513831742,0.650090293468075,0.33502184535868773,0.0007295801579982472,0.0003127155155949907,0.00020843298651636473,48
60576722,top,Social World Outside Couple,0.05736068198000833,0.08823494606265064,0.650090293468075,0.33502184535868773,0.0007295801579982472,0.0003127155155949907,0.00020843298651636473,29
60576722,top,"Spaces, Time, Activities & Objects",0.04986357233351222,0.07670253322427271,0.650090293468075,0.33502184535868773,0.0007295801579982472,0.0003127155155949907,0.00020843298651636473,22
60576722,top,"Work, Wealth, Status & Institutions",0.04213958815795393,0.06482113112803052,0.650090293468075,0.33502184535868773,0.0007295801579982472,0.0003127155155949907,0.00020843298651636473,19
60686882,top,"Conflict, Risk & Harm",0.012696285805507523,0.01974953225165751,0.6428651394739725,0.34005351987830235,0.002318544623492142,0.00048606825121857625,3.857380812157203e-05,8
60686882,top,Embodied & Sensory Experience,0.00976453923122212,0.015189094308663248,0.6428651394739725,0.34005351987830235,0.002318544623492142,0.00048606825121857625,3.857380812157203e-05,4
60686882,top,"Emotions, Cognition & Inner Life",0.11994549012194532,0.1865795526260629,0.6428651394739725,0.34005351987830235,0.002318544623492142,0.00048606825121857625,3.857380812157203e-05,54
60686882,top,Relationship Trajectory (Main Couple),0.26154468623701727,0.40684222891760385,0.6428651394739725,0.34005351987830235,0.002318544623492142,0.00048606825121857625,3.857380812157203e-05,134
60686882,top,"Sexuality, Attraction & Intimacy",0.09870273452307615,0.15353567717770503,0.6428651394739725,0.34005351987830235,0.002318544623492142,0.00048606825121857625,3.857380812157203e-05,48
60686882,top,Social World Outside Couple,0.049398872476340186,0.076841734670449,0.6428651394739725,0.34005351987830235,0.002318544623492142,0.00048606825121857625,3.857380812157203e-05,29
60686882,top,"Spaces, Time, Activities & Objects",0.04792119393825595,0.0745431522036919,0.6428651394739725,0.34005351987830235,0.002318544623492142,0.00048606825121857625,3.857380812157203e-05,22
60686882,top,"Work, Wealth, Status & Institutions",0.04285276333248644,0.06665902488903182,0.6428651394739725,0.34005351987830235,0.002318544623492142,0.00048606825121857625,3.857380812157203e-05,19
60797616,middle,"Conflict, Risk & Harm",0.012128421347182393,0.01816444592807633,0.667701145149481,0.31317605686550076,0.002236990976965184,0.0010582442723421535,4.2491594800738695e-05,8
60797616,middle,Embodied & Sensory Experience,0.014489828557230435,0.021701068902594944,0.667701145149481,0.31317605686550076,0.002236990976965184,0.0010582442723421535,4.2491594800738695e-05,4
60797616,middle,"Emotions, Cognition & Inner Life",0.12623293506410674,0.18905604098649023,0.667701145149481,0.31317605686550076,0.002236990976965184,0.0010582442723421535,4.2491594800738695e-05,54
60797616,middle,Relationship Trajectory (Main Couple),0.24670420761343467,0.36948297813418307,0.667701145149481,0.31317605686550076,0.002236990976965184,0.0010582442723421535,4.2491594800738695e-05,134
60797616,middle,"Sexuality, Attraction & Intimacy",0.13571424781959676,0.20325597582914712,0.667701145149481,0.31317605686550076,0.002236990976965184,0.0010582442723421535,4.2491594800738695e-05,48
60797616,middle,Social World Outside Couple,0.041893360071549035,0.06274268117687622,0.667701145149481,0.31317605686550076,0.002236990976965184,0.0010582442723421535,4.2491594800738695e-05,29
60797616,middle,"Spaces, Time, Activities & Objects",0.05254653346638238,0.07869768360906221,0.667701145149481,0.31317605686550076,0.002236990976965184,0.0010582442723421535,4.2491594800738695e-05,22
60797616,middle,"Work, Wealth, Status & Institutions",0.03794911961519783,0.056835486790579044,0.667701145149481,0.31317605686550076,0.002236990976965184,0.0010582442723421535,4.2491594800738695e-05,19
60809640,middle,"Conflict, Risk & Harm",0.013696305601019993,0.02116732316053315,0.6470494874173319,0.3204452890225622,0.0010575962932948347,0.0004871421980797344,0.00015269216493824983,8
60809640,middle,Embodied & Sensory Experience,0.014564335514785118,0.02250884329252464,0.6470494874173319,0.3204452890225622,0.0010575962932948347,0.0004871421980797344,0.00015269216493824983,4
60809640,middle,"Emotions, Cognition & Inner Life",0.12347477691336632,0.1908274085900449,0.6470494874173319,0.3204452890225622,0.0010575962932948347,0.0004871421980797344,0.00015269216493824983,54
60809640,middle,Relationship Trajectory (Main Couple),0.2320869601641477,0.35868502282647974,0.6470494874173319,0.3204452890225622,0.0010575962932948347,0.0004871421980797344,0.00015269216493824983,134
60809640,middle,"Sexuality, Attraction & Intimacy",0.11286453216471413,0.17442952101733006,0.6470494874173319,0.3204452890225622,0.0010575962932948347,0.0004871421980797344,0.00015269216493824983,48
60809640,middle,Social World Outside Couple,0.06319242952382971,0.09766243657198365,0.6470494874173319,0.3204452890225622,0.0010575962932948347,0.0004871421980797344,0.00015269216493824983,29
60809640,middle,"Spaces, Time, Activities & Objects",0.04634758334348534,0.07162911685237489,0.6470494874173319,0.3204452890225622,0.0010575962932948347,0.0004871421980797344,0.00015269216493824983,22
60809640,middle,"Work, Wealth, Status & Institutions",0.04066987202704539,0.062854345483492,0.6470494874173319,0.3204452890225622,0.0010575962932948347,0.0004871421980797344,0.00015269216493824983,19
61229235,middle,"Conflict, Risk & Harm",0.016033473679161907,0.027039546925474237,0.5929638437860291,0.3270628648433114,0.0011359116844478507,0.00041222846095171814,0.00017433496438406246,8
61229235,middle,Embodied & Sensory Experience,0.01080792119226711,0.01822694807706884,0.5929638437860291,0.3270628648433114,0.0011359116844478507,0.00041222846095171814,0.00017433496438406246,4
61229235,middle,"Emotions, Cognition & Inner Life",0.12474273354450788,0.21037156793243075,0.5929638437860291,0.3270628648433114,0.0011359116844478507,0.00041222846095171814,0.00017433496438406246,54
61229235,middle,Relationship Trajectory (Main Couple),0.2130926369733445,0.3593686853025712,0.5929638437860291,0.3270628648433114,0.0011359116844478507,0.00041222846095171814,0.00017433496438406246,134
61229235,middle,"Sexuality, Attraction & Intimacy",0.099591574421593,0.16795555996417652,0.5929638437860291,0.3270628648433114,0.0011359116844478507,0.00041222846095171814,0.00017433496438406246,48
61229235,middle,Social World Outside Couple,0.043619968611857116,0.07356261105794737,0.5929638437860291,0.3270628648433114,0.0011359116844478507,0.00041222846095171814,0.00017433496438406246,29
61229235,middle,"Spaces, Time, Activities & Objects",0.0418686306933734,0.07060907866834742,0.5929638437860291,0.3270628648433114,0.0011359116844478507,0.00041222846095171814,0.00017433496438406246,22
61229235,middle,"Work, Wealth, Status & Institutions",0.04303256970554012,0.07257199601038139,0.5929638437860291,0.3270628648433114,0.0011359116844478507,0.00041222846095171814,0.00017433496438406246,19
61273778,middle,"Conflict, Risk & Harm",0.01325842970207479,0.021845620158196896,0.6069147777020178,0.32465390920030435,0.0009401729819934865,0.0004919732782034453,5.3789396803713215e-05,8
61273778,middle,Embodied & Sensory Experience,0.013373263297023907,0.022034828922208073,0.6069147777020178,0.32465390920030435,0.0009401729819934865,0.0004919732782034453,5.3789396803713215e-05,4
61273778,middle,"Emotions, Cognition & Inner Life",0.1217959927058686,0.20068055216422465,0.6069147777020178,0.32465390920030435,0.0009401729819934865,0.0004919732782034453,5.3789396803713215e-05,54
61273778,middle,Relationship Trajectory (Main Couple),0.21403044170556698,0.3526532053082605,0.6069147777020178,0.32465390920030435,0.0009401729819934865,0.0004919732782034453,5.3789396803713215e-05,134
61273778,middle,"Sexuality, Attraction & Intimacy",0.11554709833910268,0.19038438770036645,0.6069147777020178,0.32465390920030435,0.0009401729819934865,0.0004919732782034453,5.3789396803713215e-05,48
61273778,middle,Social World Outside Couple,0.04548404415648495,0.07494304938281902,0.6069147777020178,0.32465390920030435,0.0009401729819934865,0.0004919732782034453,5.3789396803713215e-05,29
61273778,middle,"Spaces, Time, Activities & Objects",0.04678725902052535,0.07709032757066411,0.6069147777020178,0.32465390920030435,0.0009401729819934865,0.0004919732782034453,5.3789396803713215e-05,22
61273778,middle,"Work, Wealth, Status & Institutions",0.036584459378566886,0.06027940119877765,0.6069147777020178,0.32465390920030435,0.0009401729819934865,0.0004919732782034453,5.3789396803713215e-05,19
62316382,trash,"Conflict, Risk & Harm",0.011114159730154307,0.01758664589707802,0.6319658560931677,0.29939280883036123,0.0009058343775516502,0.00029949949716269084,4.358441855844678e-05,8
62316382,trash,Embodied & Sensory Experience,0.008520481432063114,0.01348250281231488,0.6319658560931677,0.29939280883036123,0.0009058343775516502,0.00029949949716269084,4.358441855844678e-05,4
62316382,trash,"Emotions, Cognition & Inner Life",0.1164618542983443,0.1842850419456441,0.6319658560931677,0.29939280883036123,0.0009058343775516502,0.00029949949716269084,4.358441855844678e-05,54
62316382,trash,Relationship Trajectory (Main Couple),0.2559771695991184,0.4050490499306041,0.6319658560931677,0.29939280883036123,0.0009058343775516502,0.00029949949716269084,4.358441855844678e-05,134
62316382,trash,"Sexuality, Attraction & Intimacy",0.12088191547883212,0.19127918749618505,0.6319658560931677,0.29939280883036123,0.0009058343775516502,0.00029949949716269084,4.358441855844678e-05,48
62316382,trash,Social World Outside Couple,0.04122279202265203,0.06522946077734736,0.6319658560931677,0.29939280883036123,0.0009058343775516502,0.00029949949716269084,4.358441855844678e-05,29
62316382,trash,"Spaces, Time, Activities & Objects",0.04417471733032458,0.06990048102189261,0.6319658560931677,0.29939280883036123,0.0009058343775516502,0.00029949949716269084,4.358441855844678e-05,22
62316382,trash,"Work, Wealth, Status & Institutions",0.03356918178312035,0.05311866370541925,0.6319658560931677,0.29939280883036123,0.0009058343775516502,0.00029949949716269084,4.358441855844678e-05,19
62322599,middle,"Conflict, Risk & Harm",0.013309581442187905,0.01990303632387503,0.6687211551848583,0.31597146820152444,0.0016233805025828983,0.0010572235470283815,4.1703998998796464e-05,8
62322599,middle,Embodied & Sensory Experience,0.013459908244124342,0.020127833761148985,0.6687211551848583,0.31597146820152444,0.0016233805025828983,0.0010572235470283815,4.1703998998796464e-05,4
62322599,middle,"Emotions, Cognition & Inner Life",0.1295852544969219,0.19378070140625345,0.6687211551848583,0.31597146820152444,0.0016233805025828983,0.0010572235470283815,4.1703998998796464e-05,54
62322599,middle,Relationship Trajectory (Main Couple),0.215491010216857,0.3222434471319927,0.6687211551848583,0.31597146820152444,0.0016233805025828983,0.0010572235470283815,4.1703998998796464e-05,134
62322599,middle,"Sexuality, Attraction & Intimacy",0.14412845806550859,0.2155284858988293,0.6687211551848583,0.31597146820152444,0.0016233805025828983,0.0010572235470283815,4.1703998998796464e-05,48
62322599,middle,Social World Outside Couple,0.06259462330471571,0.09360347406298569,0.6687211551848583,0.31597146820152444,0.0016233805025828983,0.0010572235470283815,4.1703998998796464e-05,29
62322599,middle,"Spaces, Time, Activities & Objects",0.052935878235131587,0.07915986779347249,0.6687211551848583,0.31597146820152444,0.0016233805025828983,0.0010572235470283815,4.1703998998796464e-05,22
62322599,middle,"Work, Wealth, Status & Institutions",0.037174737180412434,0.05559078981154113,0.6687211551848583,0.31597146820152444,0.0016233805025828983,0.0010572235470283815,4.1703998998796464e-05,19
62626163,top,"Conflict, Risk & Harm",0.010913268144593999,0.01921713830297908,0.5678924703842195,0.3798483107404387,0.0006468861906370744,0.0002990266852259287,0.00012625406512725327,8
62626163,top,Embodied & Sensory Experience,0.012491868750238413,0.02199689096385937,0.5678924703842195,0.3798483107404387,0.0006468861906370744,0.0002990266852259287,0.00012625406512725327,4
62626163,top,"Emotions, Cognition & Inner Life",0.10992069620705908,0.19355899565403628,0.5678924703842195,0.3798483107404387,0.0006468861906370744,0.0002990266852259287,0.00012625406512725327,54
62626163,top,Relationship Trajectory (Main Couple),0.209415207524274,0.36875855632068827,0.5678924703842195,0.3798483107404387,0.0006468861906370744,0.0002990266852259287,0.00012625406512725327,134
62626163,top,"Sexuality, Attraction & Intimacy",0.10987909063767398,0.19348573254252338,0.5678924703842195,0.3798483107404387,0.0006468861906370744,0.0002990266852259287,0.00012625406512725327,48
62626163,top,Social World Outside Couple,0.040593740273989216,0.07148138492930656,0.5678924703842195,0.3798483107404387,0.0006468861906370744,0.0002990266852259287,0.00012625406512725327,29
62626163,top,"Spaces, Time, Activities & Objects",0.041996534604905524,0.07395156089407541,0.5678924703842195,0.3798483107404387,0.0006468861906370744,0.0002990266852259287,0.00012625406512725327,22
62626163,top,"Work, Wealth, Status & Institutions",0.03255581017635806,0.05732742002078623,0.5678924703842195,0.3798483107404387,0.0006468861906370744,0.0002990266852259287,0.00012625406512725327,19
63046139,top,"Conflict, Risk & Harm",0.019029334902365157,0.030003222563750025,0.6342430337918584,0.3421337529147399,0.004590455701476324,0.002812939109475167,5.0325727415689834e-05,8
63046139,top,Embodied & Sensory Experience,0.016664218819141523,0.026274185022598567,0.6342430337918584,0.3421337529147399,0.004590455701476324,0.002812939109475167,5.0325727415689834e-05,4
63046139,top,"Emotions, Cognition & Inner Life",0.12110014107264484,0.19093649377375213,0.6342430337918584,0.3421337529147399,0.004590455701476324,0.002812939109475167,5.0325727415689834e-05,54
63046139,top,Relationship Trajectory (Main Couple),0.2288488405525866,0.3608220009676743,0.6342430337918584,0.3421337529147399,0.004590455701476324,0.002812939109475167,5.0325727415689834e-05,134
63046139,top,"Sexuality, Attraction & Intimacy",0.11962917440878175,0.18861724612657052,0.6342430337918584,0.3421337529147399,0.004590455701476324,0.002812939109475167,5.0325727415689834e-05,48
63046139,top,Social World Outside Couple,0.03432094971141061,0.054113246630744745,0.6342430337918584,0.3421337529147399,0.004590455701476324,0.002812939109475167,5.0325727415689834e-05,29
63046139,top,"Spaces, Time, Activities & Objects",0.04250340394179441,0.0670143804145319,0.6342430337918584,0.3421337529147399,0.004590455701476324,0.002812939109475167,5.0325727415689834e-05,22
63046139,top,"Work, Wealth, Status & Institutions",0.05209664465571786,0.08213987679810227,0.6342430337918584,0.3421337529147399,0.004590455701476324,0.002812939109475167,5.0325727415689834e-05,19
63095160,middle,"Conflict, Risk & Harm",0.011881416949046646,0.018082545081359643,0.6570655234419729,0.3001132322193516,0.0008026805738340381,0.0004404514935455735,4.718773747371803e-05,8
63095160,middle,Embodied & Sensory Experience,0.014192413995827843,0.021599693621851112,0.6570655234419729,0.3001132322193516,0.0008026805738340381,0.0004404514935455735,4.718773747371803e-05,4
63095160,middle,"Emotions, Cognition & Inner Life",0.11715933554781706,0.17830692886470353,0.6570655234419729,0.3001132322193516,0.0008026805738340381,0.0004404514935455735,4.718773747371803e-05,54
63095160,middle,Relationship Trajectory (Main Couple),0.2261557481873823,0.34419055652575975,0.6570655234419729,0.3001132322193516,0.0008026805738340381,0.0004404514935455735,4.718773747371803e-05,134
63095160,middle,"Sexuality, Attraction & Intimacy",0.16845878963706493,0.25638050335468854,0.6570655234419729,0.3001132322193516,0.0008026805738340381,0.0004404514935455735,4.718773747371803e-05,48
63095160,middle,Social World Outside Couple,0.03750701036636524,0.05708260291894249,0.6570655234419729,0.3001132322193516,0.0008026805738340381,0.0004404514935455735,4.718773747371803e-05,29
63095160,middle,"Spaces, Time, Activities & Objects",0.04055730356496296,0.06172489975201793,0.6570655234419729,0.3001132322193516,0.0008026805738340381,0.0004404514935455735,4.718773747371803e-05,22
63095160,middle,"Work, Wealth, Status & Institutions",0.0411063174560322,0.06256045400267056,0.6570655234419729,0.3001132322193516,0.0008026805738340381,0.0004404514935455735,4.718773747371803e-05,19
63130875,trash,"Conflict, Risk & Harm",0.013761803775404188,0.02116527712616245,0.6502066423875541,0.3314574846461368,0.0009060916322077368,0.00028665711590017574,3.4788850226942554e-05,8
63130875,trash,Embodied & Sensory Experience,0.011337261211689358,0.017436397096866032,0.6502066423875541,0.3314574846461368,0.0009060916322077368,0.00028665711590017574,3.4788850226942554e-05,4
63130875,trash,"Emotions, Cognition & Inner Life",0.13110126887612306,0.20163015929016065,0.6502066423875541,0.3314574846461368,0.0009060916322077368,0.00028665711590017574,3.4788850226942554e-05,54
63130875,trash,Relationship Trajectory (Main Couple),0.23457863861170972,0.3607755186110352,0.6502066423875541,0.3314574846461368,0.0009060916322077368,0.00028665711590017574,3.4788850226942554e-05,134
63130875,trash,"Sexuality, Attraction & Intimacy",0.1154349707073258,0.17753582197107282,0.6502066423875541,0.3314574846461368,0.0009060916322077368,0.00028665711590017574,3.4788850226942554e-05,48
63130875,trash,Social World Outside Couple,0.051755780055656106,0.07959897159095339,0.6502066423875541,0.3314574846461368,0.0009060916322077368,0.00028665711590017574,3.4788850226942554e-05,29
63130875,trash,"Spaces, Time, Activities & Objects",0.04996282533451587,0.0768414563577092,0.6502066423875541,0.3314574846461368,0.0009060916322077368,0.00028665711590017574,3.4788850226942554e-05,22
63130875,trash,"Work, Wealth, Status & Institutions",0.042239304964903024,0.06496289365762337,0.6502066423875541,0.3314574846461368,0.0009060916322077368,0.00028665711590017574,3.4788850226942554e-05,19
63830782,top,"Conflict, Risk & Harm",0.015303330845976165,0.024080828129738704,0.6354985286854509,0.3254321942066045,0.000851893526143776,0.00040421751317578714,3.783851978322537e-05,8
63830782,top,Embodied & Sensory Experience,0.011966112062993698,0.018829488225167074,0.6354985286854509,0.3254321942066045,0.000851893526143776,0.00040421751317578714,3.783851978322537e-05,4
63830782,top,"Emotions, Cognition & Inner Life",0.12682119007916018,0.19956173673839006,0.6354985286854509,0.3254321942066045,0.000851893526143776,0.00040421751317578714,3.783851978322537e-05,54
63830782,top,Relationship Trajectory (Main Couple),0.23851098404743276,0.37531319630401094,0.6354985286854509,0.3254321942066045,0.000851893526143776,0.00040421751317578714,3.783851978322537e-05,134
63830782,top,"Sexuality, Attraction & Intimacy",0.10976832540855215,0.1727278985769038,0.6354985286854509,0.3254321942066045,0.000851893526143776,0.00040421751317578714,3.783851978322537e-05,48
63830782,top,Social World Outside Couple,0.04307311292279708,0.0677784620711793,0.6354985286854509,0.3254321942066045,0.000851893526143776,0.00040421751317578714,3.783851978322537e-05,29
63830782,top,"Spaces, Time, Activities & Objects",0.04633634222673212,0.07291337451650806,0.6354985286854509,0.3254321942066045,0.000851893526143776,0.00040421751317578714,3.783851978322537e-05,22
63830782,top,"Work, Wealth, Status & Institutions",0.04368129257202348,0.06873547396306273,0.6354985286854509,0.3254321942066045,0.000851893526143776,0.00040421751317578714,3.783851978322537e-05,19
75599070,trash,"Conflict, Risk & Harm",0.012245140350664346,0.018139092880414754,0.6750690583808489,0.3105804085187327,0.0014171143167772628,0.001195158707941625,3.307559060053435e-05,8
75599070,trash,Embodied & Sensory Experience,0.01407145986609855,0.020844474637674706,0.6750690583808489,0.3105804085187327,0.0014171143167772628,0.001195158707941625,3.307559060053435e-05,4
75599070,trash,"Emotions, Cognition & Inner Life",0.12924263973864436,0.19145099028628634,0.6750690583808489,0.3105804085187327,0.0014171143167772628,0.001195158707941625,3.307559060053435e-05,54
75599070,trash,Relationship Trajectory (Main Couple),0.21660979133334632,0.320870566713403,0.6750690583808489,0.3105804085187327,0.0014171143167772628,0.001195158707941625,3.307559060053435e-05,134
75599070,trash,"Sexuality, Attraction & Intimacy",0.1571815819967181,0.23283778162447213,0.6750690583808489,0.3105804085187327,0.0014171143167772628,0.001195158707941625,3.307559060053435e-05,48
75599070,trash,Social World Outside Couple,0.038065766525596345,0.05638795920656914,0.6750690583808489,0.3105804085187327,0.0014171143167772628,0.001195158707941625,3.307559060053435e-05,29
75599070,trash,"Spaces, Time, Activities & Objects",0.06101036608042997,0.09037648122514036,0.6750690583808489,0.3105804085187327,0.0014171143167772628,0.001195158707941625,3.307559060053435e-05,22
75599070,trash,"Work, Wealth, Status & Institutions",0.04660923689875029,0.06904365756377934,0.6750690583808489,0.3105804085187327,0.0014171143167772628,0.001195158707941625,3.307559060053435e-05,19
104659050,middle,"Conflict, Risk & Harm",0.010949581575585409,0.016538526325952648,0.6620651296121266,0.31931520166949845,0.0006143770795306305,0.0002675148614757794,3.6651179273218854e-05,8
104659050,middle,Embodied & Sensory Experience,0.012816216646622745,0.01935793938298967,0.6620651296121266,0.31931520166949845,0.0006143770795306305,0.0002675148614757794,3.6651179273218854e-05,4
104659050,middle,"Emotions, Cognition & Inner Life",0.12755608509149544,0.19266395311625106,0.6620651296121266,0.31931520166949845,0.0006143770795306305,0.0002675148614757794,3.6651179273218854e-05,54
104659050,middle,Relationship Trajectory (Main Couple),0.2334259863374915,0.3525725429373467,0.6620651296121266,0.31931520166949845,0.0006143770795306305,0.0002675148614757794,3.6651179273218854e-05,134
104659050,middle,"Sexuality, Attraction & Intimacy",0.1482332492197742,0.22389526738346305,0.6620651296121266,0.31931520166949845,0.0006143770795306305,0.0002675148614757794,3.6651179273218854e-05,48
104659050,middle,Social World Outside Couple,0.04029030036435663,0.06085549376080395,0.6620651296121266,0.31931520166949845,0.0006143770795306305,0.0002675148614757794,3.6651179273218854e-05,29
104659050,middle,"Spaces, Time, Activities & Objects",0.05244799331102334,0.0792187822091615,0.6620651296121266,0.31931520166949845,0.0006143770795306305,0.0002675148614757794,3.6651179273218854e-05,22
104659050,middle,"Work, Wealth, Status & Institutions",0.03630906588650414,0.054842136011265155,0.6620651296121266,0.31931520166949845,0.0006143770795306305,0.0002675148614757794,3.6651179273218854e-05,19
123257687,trash,"Conflict, Risk & Harm",0.014134632096251598,0.02213285130666419,0.6386268041296455,0.3411480222064355,0.0010275106302692616,0.0003909602514372941,0.00014777356058112655,8
123257687,trash,Embodied & Sensory Experience,0.010752290780892407,0.016836579221797935,0.6386268041296455,0.3411480222064355,0.0010275106302692616,0.0003909602514372941,0.00014777356058112655,4
123257687,trash,"Emotions, Cognition & Inner Life",0.13977531108003768,0.2188685319441468,0.6386268041296455,0.3411480222064355,0.0010275106302692616,0.0003909602514372941,0.00014777356058112655,54
123257687,trash,Relationship Trajectory (Main Couple),0.23529102116991812,0.368432736691322,0.6386268041296455,0.3411480222064355,0.0010275106302692616,0.0003909602514372941,0.00014777356058112655,134
123257687,trash,"Sexuality, Attraction & Intimacy",0.09655544794625973,0.15119228839423773,0.6386268041296455,0.3411480222064355,0.0010275106302692616,0.0003909602514372941,0.00014777356058112655,48
123257687,trash,Social World Outside Couple,0.051201821912201434,0.08017487142899052,0.6386268041296455,0.3411480222064355,0.0010275106302692616,0.0003909602514372941,0.00014777356058112655,29
123257687,trash,"Spaces, Time, Activities & Objects",0.047881039127282976,0.07497499136845313,0.6386268041296455,0.3411480222064355,0.0010275106302692616,0.0003909602514372941,0.00014777356058112655,22
123257687,trash,"Work, Wealth, Status & Institutions",0.04288746645622031,0.06715575697557767,0.6386268041296455,0.3411480222064355,0.0010275106302692616,0.0003909602514372941,0.00014777356058112655,19
123446478,middle,"Conflict, Risk & Harm",0.012183351772671339,0.018773056424597395,0.648980725200831,0.32775315542480576,0.000909459685659032,0.0004439837546290407,3.441502122322561e-05,8
123446478,middle,Embodied & Sensory Experience,0.012283863888297176,0.01892793331342138,0.648980725200831,0.32775315542480576,0.000909459685659032,0.0004439837546290407,3.441502122322561e-05,4
123446478,middle,"Emotions, Cognition & Inner Life",0.13698343725780365,0.21107473910787303,0.648980725200831,0.32775315542480576,0.000909459685659032,0.0004439837546290407,3.441502122322561e-05,54
123446478,middle,Relationship Trajectory (Main Couple),0.23990605966980033,0.36966592435477946,0.648980725200831,0.32775315542480576,0.000909459685659032,0.0004439837546290407,3.441502122322561e-05,134
123446478,middle,"Sexuality, Attraction & Intimacy",0.11656457720861485,0.17961177070789464,0.648980725200831,0.32775315542480576,0.000909459685659032,0.0004439837546290407,3.441502122322561e-05,48
123446478,middle,Social World Outside Couple,0.04272317886297773,0.06583119837612555,0.648980725200831,0.32775315542480576,0.000909459685659032,0.0004439837546290407,3.441502122322561e-05,29
123446478,middle,"Spaces, Time, Activities & Objects",0.05061385606056062,0.0779897677930232,0.648980725200831,0.32775315542480576,0.000909459685659032,0.0004439837546290407,3.441502122322561e-05,22
123446478,middle,"Work, Wealth, Status & Institutions",0.0376879854588821,0.05807258057967642,0.648980725200831,0.32775315542480576,0.000909459685659032,0.0004439837546290407,3.441502122322561e-05,19
127305713,top,"Conflict, Risk & Harm",0.014075124127707147,0.022463602870397194,0.6265746509548348,0.3415195208628622,0.0011890546293997876,0.0005204637289458716,0.00026535868673291016,8
127305713,top,Embodied & Sensory Experience,0.012377294425501529,0.019753902279065736,0.6265746509548348,0.3415195208628622,0.0011890546293997876,0.0005204637289458716,0.00026535868673291016,4
127305713,top,"Emotions, Cognition & Inner Life",0.1324192819716255,0.21133839642224952,0.6265746509548348,0.3415195208628622,0.0011890546293997876,0.0005204637289458716,0.00026535868673291016,54
127305713,top,Relationship Trajectory (Main Couple),0.2293574445462556,0.36604967053285453,0.6265746509548348,0.3415195208628622,0.0011890546293997876,0.0005204637289458716,0.00026535868673291016,134
127305713,top,"Sexuality, Attraction & Intimacy",0.09911036791416533,0.15817806826869138,0.6265746509548348,0.3415195208628622,0.0011890546293997876,0.0005204637289458716,0.00026535868673291016,48
127305713,top,Social World Outside Couple,0.04955414004016337,0.07908736806483951,0.6265746509548348,0.3415195208628622,0.0011890546293997876,0.0005204637289458716,0.00026535868673291016,29
127305713,top,"Spaces, Time, Activities & Objects",0.04700084451333376,0.07501236196151463,0.6265746509548348,0.3415195208628622,0.0011890546293997876,0.0005204637289458716,0.00026535868673291016,22
127305713,top,"Work, Wealth, Status & Institutions",0.0424147947293497,0.06769312270248078,0.6265746509548348,0.3415195208628622,0.0011890546293997876,0.0005204637289458716,0.00026535868673291016,19
149105520,trash,"Conflict, Risk & Harm",0.012876018640840809,0.019587774673044647,0.6573497426718873,0.32610762024141393,0.0011917635559538168,0.0009436905744709105,0.0004565906842379151,8
149105520,trash,Embodied & Sensory Experience,0.018315781328584583,0.02786306913902119,0.6573497426718873,0.32610762024141393,0.0011917635559538168,0.0009436905744709105,0.0004565906842379151,4
149105520,trash,"Emotions, Cognition & Inner Life",0.1282452940739375,0.19509446151552,0.6573497426718873,0.32610762024141393,0.0011917635559538168,0.0009436905744709105,0.0004565906842379151,54
149105520,trash,Relationship Trajectory (Main Couple),0.23048271797304515,0.3506241852871454,0.6573497426718873,0.32610762024141393,0.0011917635559538168,0.0009436905744709105,0.0004565906842379151,134
149105520,trash,"Sexuality, Attraction & Intimacy",0.12972271990915768,0.19734201063482898,0.6573497426718873,0.32610762024141393,0.0011917635559538168,0.0009436905744709105,0.0004565906842379151,48
149105520,trash,Social World Outside Couple,0.04374078435478665,0.06654111428871379,0.6573497426718873,0.32610762024141393,0.0011917635559538168,0.0009436905744709105,0.0004565906842379151,29
149105520,trash,"Spaces, Time, Activities & Objects",0.0452646331919023,0.06885928487309975,0.6573497426718873,0.32610762024141393,0.0011917635559538168,0.0009436905744709105,0.0004565906842379151,22
149105520,trash,"Work, Wealth, Status & Institutions",0.04824520251539463,0.07339350635370367,0.6573497426718873,0.32610762024141393,0.0011917635559538168,0.0009436905744709105,0.0004565906842379151,19
201413413,trash,"Conflict, Risk & Harm",0.0410707668934299,0.05807467570025925,0.7072061341402645,0.27958476042253266,0.000659026669327915,0.0002688016436170947,5.1456145135454704e-05,8
201413413,trash,Embodied & Sensory Experience,0.007018327235241646,0.00992401917408943,0.7072061341402645,0.27958476042253266,0.000659026669327915,0.0002688016436170947,5.1456145135454704e-05,4
201413413,trash,"Emotions, Cognition & Inner Life",0.18224818917418428,0.25770165214381174,0.7072061341402645,0.27958476042253266,0.000659026669327915,0.0002688016436170947,5.1456145135454704e-05,54
201413413,trash,Relationship Trajectory (Main Couple),0.21417803884603148,0.30285093483585684,0.7072061341402645,0.27958476042253266,0.000659026669327915,0.0002688016436170947,5.1456145135454704e-05,134
201413413,trash,"Sexuality, Attraction & Intimacy",0.12769720826456216,0.180565753180013,0.7072061341402645,0.27958476042253266,0.000659026669327915,0.0002688016436170947,5.1456145135454704e-05,48
201413413,trash,Social World Outside Couple,0.03029042678630995,0.042831114330100346,0.7072061341402645,0.27958476042253266,0.000659026669327915,0.0002688016436170947,5.1456145135454704e-05,29
201413413,trash,"Spaces, Time, Activities & Objects",0.04431568004116684,0.06266303118968343,0.7072061341402645,0.27958476042253266,0.000659026669327915,0.0002688016436170947,5.1456145135454704e-05,22
201413413,trash,"Work, Wealth, Status & Institutions",0.06033604075420269,0.08531605969107145,0.7072061341402645,0.27958476042253266,0.000659026669327915,0.0002688016436170947,5.1456145135454704e-05,19
208153130,top,"Conflict, Risk & Harm",0.011663528235266785,0.017801292531424946,0.6552068179699281,0.30779361554569173,0.0010906789911321955,0.00044678164713959895,0.0002680491044345844,8
208153130,top,Embodied & Sensory Experience,0.01796291354696193,0.02741563893156309,0.6552068179699281,0.30779361554569173,0.0010906789911321955,0.00044678164713959895,0.0002680491044345844,4
208153130,top,"Emotions, Cognition & Inner Life",0.12262572030069477,0.18715574523573242,0.6552068179699281,0.30779361554569173,0.0010906789911321955,0.00044678164713959895,0.0002680491044345844,54
208153130,top,Relationship Trajectory (Main Couple),0.22539666375227824,0.34400842233394346,0.6552068179699281,0.30779361554569173,0.0010906789911321955,0.00044678164713959895,0.0002680491044345844,134
208153130,top,"Sexuality, Attraction & Intimacy",0.1513972902410037,0.2310679408222403,0.6552068179699281,0.30779361554569173,0.0010906789911321955,0.00044678164713959895,0.0002680491044345844,48
208153130,top,Social World Outside Couple,0.038284364616550506,0.058430961898671266,0.6552068179699281,0.30779361554569173,0.0010906789911321955,0.00044678164713959895,0.0002680491044345844,29
208153130,top,"Spaces, Time, Activities & Objects",0.05170212702714023,0.07890962915699268,0.6552068179699281,0.30779361554569173,0.0010906789911321955,0.00044678164713959895,0.0002680491044345844,22
208153130,top,"Work, Wealth, Status & Institutions",0.0359061611455973,0.054801262991810436,0.6552068179699281,0.30779361554569173,0.0010906789911321955,0.00044678164713959895,0.0002680491044345844,19
