book_id,rating_tier,taxonomy_main_group,abs_share,cond_share,modeled_mass,other_share,paratext_share,noise_share,unmapped_share,n_topics_in_group
104659050,mid,"Conflict, Risk & Harm",0.016442943637650927,0.016457798228257003,0.999097413250542,0.0004468529949471778,0.0009025867494580424,0.00039300842641396775,5.384456853320697e-05,9
104659050,mid,Embodied & Sensory Experience,0.019152327857634835,0.019169630111765725,0.999097413250542,0.0004468529949471778,0.0009025867494580424,0.00039300842641396775,5.384456853320697e-05,5
104659050,mid,"Emotions, Cognition & Inner Life",0.1886116094248111,0.18878200155795347,0.999097413250542,0.0004468529949471778,0.0009025867494580424,0.00039300842641396775,5.384456853320697e-05,57
104659050,mid,Relationship Trajectory (Main Couple),0.3565612721356405,0.35688339035487643,0.999097413250542,0.0004468529949471778,0.0009025867494580424,0.00039300842641396775,5.384456853320697e-05,156
104659050,mid,"Sexuality, Attraction & Intimacy",0.2241284766035577,0.22433095475080903,0.999097413250542,0.0004468529949471778,0.0009025867494580424,0.00039300842641396775,5.384456853320697e-05,53
104659050,mid,Social World Outside Couple,0.06054187216024681,0.06059656581761645,0.999097413250542,0.0004468529949471778,0.0009025867494580424,0.00039300842641396775,5.384456853320697e-05,33
104659050,mid,"Spaces, Time, Activities & Objects",0.07772715378381034,0.07779737266151728,0.999097413250542,0.0004468529949471778,0.0009025867494580424,0.00039300842641396775,5.384456853320697e-05,23
104659050,mid,"Work, Wealth, Status & Institutions",0.05587791307865656,0.05592839330537246,0.999097413250542,0.0004468529949471778,0.0009025867494580424,0.00039300842641396775,5.384456853320697e-05,23
11266880,mid,"Conflict, Risk & Harm",0.0510298499668911,0.051105261537640716,0.9985243873432861,0.001215081706438026,0.0014756126567139196,0.0009711682007358878,0.00024391350570222845,9
11266880,mid,Embodied & Sensory Experience,0.022517311281038968,0.022550587212946723,0.9985243873432861,0.001215081706438026,0.0014756126567139196,0.0009711682007358878,0.00024391350570222845,5
11266880,mid,"Emotions, Cognition & Inner Life",0.21173428582707454,0.21204718533757924,0.9985243873432861,0.001215081706438026,0.0014756126567139196,0.0009711682007358878,0.00024391350570222845,57
11266880,mid,Relationship Trajectory (Main Couple),0.3430507695342477,0.34355772766550274,0.9985243873432861,0.001215081706438026,0.0014756126567139196,0.0009711682007358878,0.00024391350570222845,156
11266880,mid,"Sexuality, Attraction & Intimacy",0.18301946235605898,0.18328992729262014,0.9985243873432861,0.001215081706438026,0.0014756126567139196,0.0009711682007358878,0.00024391350570222845,53
11266880,mid,Social World Outside Couple,0.05716752966124202,0.05725201145396582,0.9985243873432861,0.001215081706438026,0.0014756126567139196,0.0009711682007358878,0.00024391350570222845,33
11266880,mid,"Spaces, Time, Activities & Objects",0.06752045084626346,0.06762023211662468,0.9985243873432861,0.001215081706438026,0.0014756126567139196,0.0009711682007358878,0.00024391350570222845,23
11266880,mid,"Work, Wealth, Status & Institutions",0.062240814364767146,0.06233279342367145,0.9985243873432861,0.001215081706438026,0.0014756126567139196,0.0009711682007358878,0.00024391350570222845,23
123257687,bad,"Conflict, Risk & Harm",0.02194413977244013,0.021978416145566733,0.9984404529926277,0.000817685656530287,0.0015595470073722802,0.0005933961870260821,0.00022428946950422277,9
123257687,bad,Embodied & Sensory Experience,0.023691126455940056,0.02372813159255576,0.9984404529926277,0.000817685656530287,0.0015595470073722802,0.0005933961870260821,0.00022428946950422277,5
123257687,bad,"Emotions, Cognition & Inner Life",0.21349173600721036,0.2138252064680584,0.9984404529926277,0.000817685656530287,0.0015595470073722802,0.0005933961870260821,0.00022428946950422277,57
123257687,bad,Relationship Trajectory (Main Couple),0.37007732007440947,0.3706553745545625,0.9984404529926277,0.000817685656530287,0.0015595470073722802,0.0005933961870260821,0.00022428946950422277,156
123257687,bad,"Sexuality, Attraction & Intimacy",0.14824994444754613,0.14848150833952717,0.9984404529926277,0.000817685656530287,0.0015595470073722802,0.0005933961870260821,0.00022428946950422277,53
123257687,bad,Social World Outside Couple,0.07935270392707358,0.07947665150107805,0.9984404529926277,0.000817685656530287,0.0015595470073722802,0.0005933961870260821,0.00022428946950422277,33
123257687,bad,"Spaces, Time, Activities & Objects",0.07334011622155738,0.07345467223582026,0.9984404529926277,0.000817685656530287,0.0015595470073722802,0.0005933961870260821,0.00022428946950422277,23
123257687,bad,"Work, Wealth, Status & Institutions",0.06806907661694642,0.06817539935699002,0.9984404529926277,0.000817685656530287,0.0015595470073722802,0.0005933961870260821,0.00022428946950422277,23
123446478,mid,"Conflict, Risk & Harm",0.01861035078837687,0.018635562200937757,0.998647134318297,0.0007116415342263149,0.0013528656817031804,0.0006604475100356963,5.119402419058305e-05,9
123446478,mid,Embodied & Sensory Experience,0.018742546844291438,0.018767937342638645,0.998647134318297,0.0007116415342263149,0.0013528656817031804,0.0006604475100356963,5.119402419058305e-05,5
123446478,mid,"Emotions, Cognition & Inner Life",0.2051285222887368,0.2054064095710473,0.998647134318297,0.0007116415342263149,0.0013528656817031804,0.0006604475100356963,5.119402419058305e-05,57
123446478,mid,Relationship Trajectory (Main Couple),0.37272980967928365,0.3732347461585807,0.998647134318297,0.0007116415342263149,0.0013528656817031804,0.0006604475100356963,5.119402419058305e-05,156
123446478,mid,"Sexuality, Attraction & Intimacy",0.1832686686793081,0.1835169424527635,0.998647134318297,0.0007116415342263149,0.0013528656817031804,0.0006604475100356963,5.119402419058305e-05,53
123446478,mid,Social World Outside Couple,0.06527109337966178,0.06535951602586589,0.998647134318297,0.0007116415342263149,0.0013528656817031804,0.0006604475100356963,5.119402419058305e-05,33
123446478,mid,"Spaces, Time, Activities & Objects",0.07604160964063615,0.0761446230880582,0.998647134318297,0.0007116415342263149,0.0013528656817031804,0.0006604475100356963,5.119402419058305e-05,23
123446478,mid,"Work, Wealth, Status & Institutions",0.058803338993811564,0.05888299978345433,0.998647134318297,0.0007116415342263149,0.0013528656817031804,0.0006604475100356963,5.119402419058305e-05,23
127305713,good,"Conflict, Risk & Harm",0.022093927279664347,0.022133895679576427,0.9981942446783573,0.0011933875651233272,0.0018057553216428005,0.0007904011514933274,0.0004029864136301078,9
127305713,good,Embodied & Sensory Experience,0.04297146612394668,0.0430492024503639,0.9981942446783573,0.0011933875651233272,0.0018057553216428005,0.0007904011514933274,0.0004029864136301078,5
127305713,good,"Emotions, Cognition & Inner Life",0.20241392939418476,0.20278010064003876,0.9981942446783573,0.0011933875651233272,0.0018057553216428005,0.0007904011514933274,0.0004029864136301078,57
127305713,good,Relationship Trajectory (Main Couple),0.3614742758506494,0.36212819075822794,0.9981942446783573,0.0011933875651233272,0.0018057553216428005,0.0007904011514933274,0.0004029864136301078,156
127305713,good,"Sexuality, Attraction & Intimacy",0.1521666681894027,0.1524419410356694,0.9981942446783573,0.0011933875651233272,0.0018057553216428005,0.0007904011514933274,0.0004029864136301078,53
127305713,good,Social World Outside Couple,0.07691944248607546,0.07705859144766036,0.9981942446783573,0.0011933875651233272,0.0018057553216428005,0.0007904011514933274,0.0004029864136301078,33
127305713,good,"Spaces, Time, Activities & Objects",0.07206033671081458,0.07219069544328438,0.9981942446783573,0.0011933875651233272,0.0018057553216428005,0.0007904011514933274,0.0004029864136301078,23
127305713,good,"Work, Wealth, Status & Institutions",0.06769121222998924,0.06781366712027177,0.9981942446783573,0.0011933875651233272,0.0018057553216428005,0.0007904011514933274,0.0004029864136301078,23
149105520,bad,"Conflict, Risk & Harm",0.01950241557627413,0.01953696626283076,0.9982315224333287,0.002077900419664158,0.001768477566671331,0.0014003579841769043,0.0006775424354872261,9
149105520,bad,Embodied & Sensory Experience,0.027631175418427287,0.027680127102250228,0.9982315224333287,0.002077900419664158,0.001768477566671331,0.0014003579841769043,0.0006775424354872261,5
149105520,bad,"Emotions, Cognition & Inner Life",0.1916636223856306,0.1920031756945761,0.9982315224333287,0.002077900419664158,0.001768477566671331,0.0014003579841769043,0.0006775424354872261,57
149105520,bad,Relationship Trajectory (Main Couple),0.3551603613307418,0.35578956719878857,0.9982315224333287,0.002077900419664158,0.001768477566671331,0.0014003579841769043,0.0006775424354872261,156
149105520,bad,"Sexuality, Attraction & Intimacy",0.19407362735897976,0.19441745025833104,0.9982315224333287,0.002077900419664158,0.001768477566671331,0.0014003579841769043,0.0006775424354872261,53
149105520,bad,Social World Outside Couple,0.06656907363353451,0.0666870081113679,0.9982315224333287,0.002077900419664158,0.001768477566671331,0.0014003579841769043,0.0006775424354872261,33
149105520,bad,"Spaces, Time, Activities & Objects",0.06814522758434205,0.06826595439325392,0.9982315224333287,0.002077900419664158,0.001768477566671331,0.0014003579841769043,0.0006775424354872261,23
149105520,bad,"Work, Wealth, Status & Institutions",0.07480847670991136,0.07494100820173988,0.9982315224333287,0.002077900419664158,0.001768477566671331,0.0014003579841769043,0.0006775424354872261,23
15197,good,"Conflict, Risk & Harm",0.020207906683983888,0.02027585637319469,0.9966487388764189,0.002830864075509587,0.0033512611235811084,0.002784586253957696,4.6277821551960885e-05,9
15197,good,Embodied & Sensory Experience,0.021826636822008104,0.021900029539609473,0.9966487388764189,0.002830864075509587,0.0033512611235811084,0.002784586253957696,4.6277821551960885e-05,5
15197,good,"Emotions, Cognition & Inner Life",0.2000696869689363,0.20074242726127028,0.9966487388764189,0.002830864075509587,0.0033512611235811084,0.002784586253957696,4.6277821551960885e-05,57
15197,good,Relationship Trajectory (Main Couple),0.3295796551554662,0.3306878765802893,0.9966487388764189,0.002830864075509587,0.0033512611235811084,0.002784586253957696,4.6277821551960885e-05,156
15197,good,"Sexuality, Attraction & Intimacy",0.20529639282974904,0.20598670807650027,0.9966487388764189,0.002830864075509587,0.0033512611235811084,0.002784586253957696,4.6277821551960885e-05,53
15197,good,Social World Outside Couple,0.07011236673798703,0.07034812166323398,0.9966487388764189,0.002830864075509587,0.0033512611235811084,0.002784586253957696,4.6277821551960885e-05,33
15197,good,"Spaces, Time, Activities & Objects",0.08849879892649756,0.08879637877861311,0.9966487388764189,0.002830864075509587,0.0033512611235811084,0.002784586253957696,4.6277821551960885e-05,23
15197,good,"Work, Wealth, Status & Institutions",0.061011016930238804,0.06121616829518104,0.9966487388764189,0.002830864075509587,0.0033512611235811084,0.002784586253957696,4.6277821551960885e-05,23
161913,bad,"Conflict, Risk & Harm",0.016047652646189126,0.016069834696361193,0.9986196466490667,0.0005511731190438462,0.0013803533509331922,0.0004888725354902205,6.23005835536248e-05,9
161913,bad,Embodied & Sensory Experience,0.011619125174513228,0.01163518584227935,0.9986196466490667,0.0005511731190438462,0.0013803533509331922,0.0004888725354902205,6.23005835536248e-05,5
161913,bad,"Emotions, Cognition & Inner Life",0.1957924910799936,0.19606312747499818,0.9986196466490667,0.0005511731190438462,0.0013803533509331922,0.0004888725354902205,6.23005835536248e-05,57
161913,bad,Relationship Trajectory (Main Couple),0.35893248704932307,0.3594286255570321,0.9986196466490667,0.0005511731190438462,0.0013803533509331922,0.0004888725354902205,6.23005835536248e-05,156
161913,bad,"Sexuality, Attraction & Intimacy",0.18150549582210204,0.18175638385561066,0.9986196466490667,0.0005511731190438462,0.0013803533509331922,0.0004888725354902205,6.23005835536248e-05,53
161913,bad,Social World Outside Couple,0.10985102122099498,0.11000286404298898,0.9986196466490667,0.0005511731190438462,0.0013803533509331922,0.0004888725354902205,6.23005835536248e-05,33
161913,bad,"Spaces, Time, Activities & Objects",0.07033479305878063,0.07043201412549173,0.9986196466490667,0.0005511731190438462,0.0013803533509331922,0.0004888725354902205,6.23005835536248e-05,23
161913,bad,"Work, Wealth, Status & Institutions",0.05447428001361641,0.054549577705994876,0.9986196466490667,0.0005511731190438462,0.0013803533509331922,0.0004888725354902205,6.23005835536248e-05,23
17561022,bad,"Conflict, Risk & Harm",0.018383767428947567,0.01840893953541387,0.9986326150717222,0.0014728139717014033,0.0013673849282778163,0.0010240894660769606,0.0004487245056245117,9
17561022,bad,Embodied & Sensory Experience,0.01348077227583776,0.013499230920742126,0.9986326150717222,0.0014728139717014033,0.0013673849282778163,0.0010240894660769606,0.0004487245056245117,5
17561022,bad,"Emotions, Cognition & Inner Life",0.18721886997453507,0.18747522076583584,0.9986326150717222,0.0014728139717014033,0.0013673849282778163,0.0010240894660769606,0.0004487245056245117,57
17561022,bad,Relationship Trajectory (Main Couple),0.35267871821791397,0.35316162610269286,0.9986326150717222,0.0014728139717014033,0.0013673849282778163,0.0010240894660769606,0.0004487245056245117,156
17561022,bad,"Sexuality, Attraction & Intimacy",0.21795489061802203,0.2182533269278096,0.9986326150717222,0.0014728139717014033,0.0013673849282778163,0.0010240894660769606,0.0004487245056245117,53
17561022,bad,Social World Outside Couple,0.06385634660224698,0.06394378236651203,0.9986326150717222,0.0014728139717014033,0.0013673849282778163,0.0010240894660769606,0.0004487245056245117,33
17561022,bad,"Spaces, Time, Activities & Objects",0.08683376358480535,0.08695266134339996,0.9986326150717222,0.0014728139717014033,0.0013673849282778163,0.0010240894660769606,0.0004487245056245117,23
17561022,bad,"Work, Wealth, Status & Institutions",0.05777676186378895,0.057855873112695605,0.9986326150717222,0.0014728139717014033,0.0013673849282778163,0.0010240894660769606,0.0004487245056245117,23
1756703,good,"Conflict, Risk & Harm",0.03982443379998052,0.039883958546795946,0.9985075516828253,0.00872527361801878,0.0014924483171745596,0.0004733957526091096,0.008251877865409736,9
1756703,good,Embodied & Sensory Experience,0.01718734397243877,0.017213033535372107,0.9985075516828253,0.00872527361801878,0.0014924483171745596,0.0004733957526091096,0.008251877865409736,5
1756703,good,"Emotions, Cognition & Inner Life",0.17508422360311376,0.1753459183238396,0.9985075516828253,0.00872527361801878,0.0014924483171745596,0.0004733957526091096,0.008251877865409736,57
1756703,good,Relationship Trajectory (Main Couple),0.3693402492059814,0.3698922943382023,0.9985075516828253,0.00872527361801878,0.0014924483171745596,0.0004733957526091096,0.008251877865409736,156
1756703,good,"Sexuality, Attraction & Intimacy",0.17907143329543657,0.17933908761495113,0.9985075516828253,0.00872527361801878,0.0014924483171745596,0.0004733957526091096,0.008251877865409736,53
1756703,good,Social World Outside Couple,0.08154666155945392,0.08166854764595423,0.9985075516828253,0.00872527361801878,0.0014924483171745596,0.0004733957526091096,0.008251877865409736,33
1756703,good,"Spaces, Time, Activities & Objects",0.06013246838799886,0.060222347128627285,0.9985075516828253,0.00872527361801878,0.0014924483171745596,0.0004733957526091096,0.008251877865409736,23
1756703,good,"Work, Wealth, Status & Institutions",0.06806885999301182,0.0681706010918922,0.9985075516828253,0.00872527361801878,0.0014924483171745596,0.0004733957526091096,0.008251877865409736,23
18692741,mid,"Conflict, Risk & Harm",0.016580909620232575,0.016601727450627168,0.9987460443224053,0.0006235660003660604,0.0012539556775947641,0.0005535149296347076,7.005107073124775e-05,9
18692741,mid,Embodied & Sensory Experience,0.01389120620455402,0.013908647031466787,0.9987460443224053,0.0006235660003660604,0.0012539556775947641,0.0005535149296347076,7.005107073124775e-05,5
18692741,mid,"Emotions, Cognition & Inner Life",0.18360412678219187,0.1838346472818896,0.9987460443224053,0.0006235660003660604,0.0012539556775947641,0.0005535149296347076,7.005107073124775e-05,57
18692741,mid,Relationship Trajectory (Main Couple),0.39805323587970104,0.3985530036814899,0.9987460443224053,0.0006235660003660604,0.0012539556775947641,0.0005535149296347076,7.005107073124775e-05,156
18692741,mid,"Sexuality, Attraction & Intimacy",0.19914583499466948,0.19939586857615949,0.9987460443224053,0.0006235660003660604,0.0012539556775947641,0.0005535149296347076,7.005107073124775e-05,53
18692741,mid,Social World Outside Couple,0.05602770297998103,0.056098047445076765,0.9987460443224053,0.0006235660003660604,0.0012539556775947641,0.0005535149296347076,7.005107073124775e-05,33
18692741,mid,"Spaces, Time, Activities & Objects",0.08072615512907445,0.08082750924319579,0.9987460443224053,0.0006235660003660604,0.0012539556775947641,0.0005535149296347076,7.005107073124775e-05,23
18692741,mid,"Work, Wealth, Status & Institutions",0.050646821661269645,0.05071041026813853,0.9987460443224053,0.0006235660003660604,0.0012539556775947641,0.0005535149296347076,7.005107073124775e-05,23
201413413,bad,"Conflict, Risk & Harm",0.05739985166115135,0.0574524083913077,0.9990852127590826,0.0004445461050218702,0.0009147872409173945,0.00037312042951055603,7.142567551129871e-05,9
201413413,bad,Embodied & Sensory Experience,0.01006633661129064,0.01007555359916834,0.9990852127590826,0.0004445461050218702,0.0009147872409173945,0.00037312042951055603,7.142567551129871e-05,5
201413413,bad,"Emotions, Cognition & Inner Life",0.25407862680577,0.2543112675085083,0.9990852127590826,0.0004445461050218702,0.0009147872409173945,0.00037312042951055603,7.142567551129871e-05,57
201413413,bad,Relationship Trajectory (Main Couple),0.3070473513349691,0.30732849151777997,0.9990852127590826,0.0004445461050218702,0.0009147872409173945,0.00037312042951055603,7.142567551129871e-05,156
201413413,bad,"Sexuality, Attraction & Intimacy",0.17866545381842552,0.17882904434649916,0.9990852127590826,0.0004445461050218702,0.0009147872409173945,0.00037312042951055603,7.142567551129871e-05,53
201413413,bad,Social World Outside Couple,0.04385971836643207,0.04389987741416839,0.9990852127590826,0.0004445461050218702,0.0009147872409173945,0.00037312042951055603,7.142567551129871e-05,33
201413413,bad,"Spaces, Time, Activities & Objects",0.06209779946157742,0.062154657749450205,0.9990852127590826,0.0004445461050218702,0.0009147872409173945,0.00037312042951055603,7.142567551129871e-05,23
201413413,bad,"Work, Wealth, Status & Institutions",0.08579864902395523,0.08587720839848377,0.9990852127590826,0.0004445461050218702,0.0009147872409173945,0.00037312042951055603,7.142567551129871e-05,23
20346544,mid,"Conflict, Risk & Harm",0.014048728037546263,0.014083574357898906,0.9975257474084979,0.0009479572003235903,0.0024742525915021282,0.000866161011692721,8.179618863083434e-05,9
20346544,mid,Embodied & Sensory Experience,0.011806200560334372,0.01183548453862575,0.9975257474084979,0.0009479572003235903,0.0024742525915021282,0.000866161011692721,8.179618863083434e-05,5
20346544,mid,"Emotions, Cognition & Inner Life",0.16397056837962357,0.16437727928888818,0.9975257474084979,0.0009479572003235903,0.0024742525915021282,0.000866161011692721,8.179618863083434e-05,57
20346544,mid,Relationship Trajectory (Main Couple),0.32783978041904477,0.3286529508343515,0.9975257474084979,0.0009479572003235903,0.0024742525915021282,0.000866161011692721,8.179618863083434e-05,156
20346544,mid,"Sexuality, Attraction & Intimacy",0.19271173242666745,0.19318973262326217,0.9975257474084979,0.0009479572003235903,0.0024742525915021282,0.000866161011692721,8.179618863083434e-05,53
20346544,mid,Social World Outside Couple,0.1719450244025491,0.17237151507041323,0.9975257474084979,0.0009479572003235903,0.0024742525915021282,0.000866161011692721,8.179618863083434e-05,33
20346544,mid,"Spaces, Time, Activities & Objects",0.07094878833432727,0.0711247689782918,0.9975257474084979,0.0009479572003235903,0.0024742525915021282,0.000866161011692721,8.179618863083434e-05,23
20346544,mid,"Work, Wealth, Status & Institutions",0.044173128659774234,0.04428269523321371,0.9975257474084979,0.0009479572003235903,0.0024742525915021282,0.000866161011692721,8.179618863083434e-05,23
208153130,good,"Conflict, Risk & Harm",0.017405022016774574,0.01743248961981677,0.9984243442192576,0.0010326844242237732,0.0015756557807423545,0.0006454457184641736,0.0003872387057595508,9
208153130,good,Embodied & Sensory Experience,0.026420850821592963,0.026462546686252322,0.9984243442192576,0.0010326844242237732,0.0015756557807423545,0.0006454457184641736,0.0003872387057595508,5
208153130,good,"Emotions, Cognition & Inner Life",0.17864312559984516,0.17892504988902241,0.9984243442192576,0.0010326844242237732,0.0015756557807423545,0.0006454457184641736,0.0003872387057595508,57
208153130,good,Relationship Trajectory (Main Couple),0.3679062758088571,0.36848688429822934,0.9984243442192576,0.0010326844242237732,0.0015756557807423545,0.0006454457184641736,0.0003872387057595508,156
208153130,good,"Sexuality, Attraction & Intimacy",0.22050167678290403,0.22084965982608398,0.9984243442192576,0.0010326844242237732,0.0015756557807423545,0.0006454457184641736,0.0003872387057595508,53
208153130,good,Social World Outside Couple,0.05723203869551559,0.057322359001842633,0.9984243442192576,0.0010326844242237732,0.0015756557807423545,0.0006454457184641736,0.0003872387057595508,33
208153130,good,"Spaces, Time, Activities & Objects",0.07547914505761731,0.0755982618959878,0.9984243442192576,0.0010326844242237732,0.0015756557807423545,0.0006454457184641736,0.0003872387057595508,23
208153130,good,"Work, Wealth, Status & Institutions",0.05444897073039133,0.054534898959188574,0.9984243442192576,0.0010326844242237732,0.0015756557807423545,0.0006454457184641736,0.0003872387057595508,23
21787,good,"Conflict, Risk & Harm",0.016847799714886313,0.016884532477441042,0.9978244726287916,0.0019361466676850458,0.002175527371208294,0.0018865568284903993,4.9589839194567247e-05,9
21787,good,Embodied & Sensory Experience,0.015036161807852623,0.015068944709523416,0.9978244726287916,0.0019361466676850458,0.002175527371208294,0.0018865568284903993,4.9589839194567247e-05,5
21787,good,"Emotions, Cognition & Inner Life",0.2174219089723538,0.21789594757036854,0.9978244726287916,0.0019361466676850458,0.002175527371208294,0.0018865568284903993,4.9589839194567247e-05,57
21787,good,Relationship Trajectory (Main Couple),0.33104092497788024,0.33176268377718304,0.9978244726287916,0.0019361466676850458,0.002175527371208294,0.0018865568284903993,4.9589839194567247e-05,156
21787,good,"Sexuality, Attraction & Intimacy",0.22964329574707917,0.23014398027548735,0.9978244726287916,0.0019361466676850458,0.002175527371208294,0.0018865568284903993,4.9589839194567247e-05,53
21787,good,Social World Outside Couple,0.05682512979718367,0.05694902395756696,0.9978244726287916,0.0019361466676850458,0.002175527371208294,0.0018865568284903993,4.9589839194567247e-05,33
21787,good,"Spaces, Time, Activities & Objects",0.0747075181791217,0.07487040078532352,0.9978244726287916,0.0019361466676850458,0.002175527371208294,0.0018865568284903993,4.9589839194567247e-05,23
21787,good,"Work, Wealth, Status & Institutions",0.05625214359323945,0.05637478848864257,0.9978244726287916,0.0019361466676850458,0.002175527371208294,0.0018865568284903993,4.9589839194567247e-05,23
22609391,good,"Conflict, Risk & Harm",0.01904153774116773,0.019063876048556912,0.9988282389513924,0.00109348853819069,0.0011717610486075567,0.0008336174294278486,0.0002598711087628249,9
22609391,good,Embodied & Sensory Experience,0.01788259745038238,0.017903576163561623,0.9988282389513924,0.00109348853819069,0.0011717610486075567,0.0008336174294278486,0.0002598711087628249,5
22609391,good,"Emotions, Cognition & Inner Life",0.18469955779716365,0.18491623543910635,0.9988282389513924,0.00109348853819069,0.0011717610486075567,0.0008336174294278486,0.0002598711087628249,57
22609391,good,Relationship Trajectory (Main Couple),0.4275346597678376,0.42803621593306135,0.9988282389513924,0.00109348853819069,0.0011717610486075567,0.0008336174294278486,0.0002598711087628249,156
22609391,good,"Sexuality, Attraction & Intimacy",0.14592954425961183,0.14610073941523136,0.9988282389513924,0.00109348853819069,0.0011717610486075567,0.0008336174294278486,0.0002598711087628249,53
22609391,good,Social World Outside Couple,0.07521420149874825,0.0753024379624178,0.9988282389513924,0.00109348853819069,0.0011717610486075567,0.0008336174294278486,0.0002598711087628249,33
22609391,good,"Spaces, Time, Activities & Objects",0.06687914014956149,0.06695759845533977,0.9988282389513924,0.00109348853819069,0.0011717610486075567,0.0008336174294278486,0.0002598711087628249,23
22609391,good,"Work, Wealth, Status & Institutions",0.0613871291781566,0.061459144609891214,0.9988282389513924,0.00109348853819069,0.0011717610486075567,0.0008336174294278486,0.0002598711087628249,23
22707536,bad,"Conflict, Risk & Harm",0.020421389077247824,0.020459679590587063,0.9981284891012244,0.010101563482261433,0.0018715108987753782,0.0007711899901462695,0.009330373492115117,9
22707536,bad,Embodied & Sensory Experience,0.023318975268065166,0.02336269881351948,0.9981284891012244,0.010101563482261433,0.0018715108987753782,0.0007711899901462695,0.009330373492115117,5
22707536,bad,"Emotions, Cognition & Inner Life",0.17831770675653943,0.17865205602648165,0.9981284891012244,0.010101563482261433,0.0018715108987753782,0.0007711899901462695,0.009330373492115117,57
22707536,bad,Relationship Trajectory (Main Couple),0.3330135070089201,0.3336379140012181,0.9981284891012244,0.010101563482261433,0.0018715108987753782,0.0007711899901462695,0.009330373492115117,156
22707536,bad,"Sexuality, Attraction & Intimacy",0.23558697683782137,0.23602870713564963,0.9981284891012244,0.010101563482261433,0.0018715108987753782,0.0007711899901462695,0.009330373492115117,53
22707536,bad,Social World Outside Couple,0.06553421509186409,0.06565709305710238,0.9981284891012244,0.010101563482261433,0.0018715108987753782,0.0007711899901462695,0.009330373492115117,33
22707536,bad,"Spaces, Time, Activities & Objects",0.06346183414696169,0.06358082635644093,0.9981284891012244,0.010101563482261433,0.0018715108987753782,0.0007711899901462695,0.009330373492115117,23
22707536,bad,"Work, Wealth, Status & Institutions",0.06914351142168967,0.06927315688980153,0.9981284891012244,0.010101563482261433,0.0018715108987753782,0.0007711899901462695,0.009330373492115117,23
23518136,bad,"Conflict, Risk & Harm",0.06447967144224412,0.06463901814099365,0.9975348217944467,0.001022718534610556,0.0024651782055534,0.0009815808931498754,4.113764146057981e-05,9
23518136,bad,Embodied & Sensory Experience,0.01034874251657485,0.010374317056880973,0.9975348217944467,0.001022718534610556,0.0024651782055534,0.0009815808931498754,4.113764146057981e-05,5
23518136,bad,"Emotions, Cognition & Inner Life",0.19884904446854565,0.19934045421175356,0.9975348217944467,0.001022718534610556,0.0024651782055534,0.0009815808931498754,4.113764146057981e-05,57
23518136,bad,Relationship Trajectory (Main Couple),0.32929441028671735,0.33010818579180606,0.9975348217944467,0.001022718534610556,0.0024651782055534,0.0009815808931498754,4.113764146057981e-05,156
23518136,bad,"Sexuality, Attraction & Intimacy",0.19275490256009742,0.1932312520312366,0.9975348217944467,0.001022718534610556,0.0024651782055534,0.0009815808931498754,4.113764146057981e-05,53
23518136,bad,Social World Outside Couple,0.05849106186984699,0.05863560909545845,0.9975348217944467,0.001022718534610556,0.0024651782055534,0.0009815808931498754,4.113764146057981e-05,33
23518136,bad,"Spaces, Time, Activities & Objects",0.0716156895116796,0.07179267124013924,0.9975348217944467,0.001022718534610556,0.0024651782055534,0.0009815808931498754,4.113764146057981e-05,23
23518136,bad,"Work, Wealth, Status & Institutions",0.07166016149728016,0.07183725312803821,0.9975348217944467,0.001022718534610556,0.0024651782055534,0.0009815808931498754,4.113764146057981e-05,23
27394781,bad,"Conflict, Risk & Harm",0.047227368377081747,0.04726113901607397,0.9992854459351744,0.0004368415154628602,0.0007145540648255148,0.0003816055499442649,5.5235965518640214e-05,9
27394781,bad,Embodied & Sensory Experience,0.01467940576845088,0.014689902497992713,0.9992854459351744,0.0004368415154628602,0.0007145540648255148,0.0003816055499442649,5.5235965518640214e-05,5
27394781,bad,"Emotions, Cognition & Inner Life",0.20903958489943147,0.20918906179385333,0.9992854459351744,0.0004368415154628602,0.0007145540648255148,0.0003816055499442649,5.5235965518640214e-05,57
27394781,bad,Relationship Trajectory (Main Couple),0.3242760317315278,0.3245079101778134,0.9992854459351744,0.0004368415154628602,0.0007145540648255148,0.0003816055499442649,5.5235965518640214e-05,156
27394781,bad,"Sexuality, Attraction & Intimacy",0.2027776936881566,0.20292269292323023,0.9992854459351744,0.0004368415154628602,0.0007145540648255148,0.0003816055499442649,5.5235965518640214e-05,53
27394781,bad,Social World Outside Couple,0.06840587481710339,0.06845478946517251,0.9992854459351744,0.0004368415154628602,0.0007145540648255148,0.0003816055499442649,5.5235965518640214e-05,33
27394781,bad,"Spaces, Time, Activities & Objects",0.07013116400348743,0.0701813123454987,0.9992854459351744,0.0004368415154628602,0.0007145540648255148,0.0003816055499442649,5.5235965518640214e-05,23
27394781,bad,"Work, Wealth, Status & Institutions",0.06269308668441655,0.06273791631753993,0.9992854459351744,0.0004368415154628602,0.0007145540648255148,0.0003816055499442649,5.5235965518640214e-05,23
28675670,good,"Conflict, Risk & Harm",0.020705470037476244,0.020743694055206,0.9981573186710125,0.0009562463317022152,0.001842681328987451,0.0008943258242670109,6.192050743521572e-05,9
28675670,good,Embodied & Sensory Experience,0.02261798429967808,0.022659738977611855,0.9981573186710125,0.0009562463317022152,0.001842681328987451,0.0008943258242670109,6.192050743521572e-05,5
28675670,good,"Emotions, Cognition & Inner Life",0.19848140142760348,0.19884781458284526,0.9981573186710125,0.0009562463317022152,0.001842681328987451,0.0008943258242670109,6.192050743521572e-05,57
28675670,good,Relationship Trajectory (Main Couple),0.3507141807611075,0.35136162827324924,0.9981573186710125,0.0009562463317022152,0.001842681328987451,0.0008943258242670109,6.192050743521572e-05,156
28675670,good,"Sexuality, Attraction & Intimacy",0.1848709890097739,0.18521227621305095,0.9981573186710125,0.0009562463317022152,0.001842681328987451,0.0008943258242670109,6.192050743521572e-05,53
28675670,good,Social World Outside Couple,0.07133815379216665,0.07146984995025553,0.9981573186710125,0.0009562463317022152,0.001842681328987451,0.0008943258242670109,6.192050743521572e-05,33
28675670,good,"Spaces, Time, Activities & Objects",0.07983124942624768,0.07997862454441378,0.9981573186710125,0.0009562463317022152,0.001842681328987451,0.0008943258242670109,6.192050743521572e-05,23
28675670,good,"Work, Wealth, Status & Institutions",0.06953596940952378,0.0696643385855316,0.9981573186710125,0.0009562463317022152,0.001842681328987451,0.0008943258242670109,6.192050743521572e-05,23
28869598,mid,"Conflict, Risk & Harm",0.02295983351014352,0.022994047715770426,0.9985120407659483,0.0029275593583634185,0.0014879592340514632,0.0005027969767929457,0.0024247623815704155,9
28869598,mid,Embodied & Sensory Experience,0.015146114186860675,0.015168684571136714,0.9985120407659483,0.0029275593583634185,0.0014879592340514632,0.0005027969767929457,0.0024247623815704155,5
28869598,mid,"Emotions, Cognition & Inner Life",0.18974903816076152,0.19003179772895576,0.9985120407659483,0.0029275593583634185,0.0014879592340514632,0.0005027969767929457,0.0024247623815704155,57
28869598,mid,Relationship Trajectory (Main Couple),0.3510140585891614,0.3515371315101039,0.9985120407659483,0.0029275593583634185,0.0014879592340514632,0.0005027969767929457,0.0024247623815704155,156
28869598,mid,"Sexuality, Attraction & Intimacy",0.17600757158214128,0.17626985393899475,0.9985120407659483,0.0029275593583634185,0.0014879592340514632,0.0005027969767929457,0.0024247623815704155,53
28869598,mid,Social World Outside Couple,0.07444571647108376,0.07455665373246498,0.9985120407659483,0.0029275593583634185,0.0014879592340514632,0.0005027969767929457,0.0024247623815704155,33
28869598,mid,"Spaces, Time, Activities & Objects",0.10466889734578648,0.10482487248275549,0.9985120407659483,0.0029275593583634185,0.0014879592340514632,0.0005027969767929457,0.0024247623815704155,23
28869598,mid,"Work, Wealth, Status & Institutions",0.062096048538439315,0.06218858261419269,0.9985120407659483,0.0029275593583634185,0.0014879592340514632,0.0005027969767929457,0.0024247623815704155,23
28963772,bad,"Conflict, Risk & Harm",0.020118146336523812,0.020159411059014067,0.997953078967959,0.0014413669282281605,0.002046921032040948,0.0013390229189039096,0.00010234400932432162,9
28963772,bad,Embodied & Sensory Experience,0.01985448686382989,0.019895210789231257,0.997953078967959,0.0014413669282281605,0.002046921032040948,0.0013390229189039096,0.00010234400932432162,5
28963772,bad,"Emotions, Cognition & Inner Life",0.25134347954136843,0.25185901505639646,0.997953078967959,0.0014413669282281605,0.002046921032040948,0.0013390229189039096,0.00010234400932432162,57
28963772,bad,Relationship Trajectory (Main Couple),0.3441862021581543,0.3448921691930618,0.997953078967959,0.0014413669282281605,0.002046921032040948,0.0013390229189039096,0.00010234400932432162,156
28963772,bad,"Sexuality, Attraction & Intimacy",0.17111846920068746,0.17146945363167873,0.997953078967959,0.0014413669282281605,0.002046921032040948,0.0013390229189039096,0.00010234400932432162,53
28963772,bad,Social World Outside Couple,0.06934802835706283,0.06949026945112453,0.997953078967959,0.0014413669282281605,0.002046921032040948,0.0013390229189039096,0.00010234400932432162,33
28963772,bad,"Spaces, Time, Activities & Objects",0.06225935303295872,0.062387054406750984,0.997953078967959,0.0014413669282281605,0.002046921032040948,0.0013390229189039096,0.00010234400932432162,23
28963772,bad,"Work, Wealth, Status & Institutions",0.059622569468049225,0.059744862483623346,0.997953078967959,0.0014413669282281605,0.002046921032040948,0.0013390229189039096,0.00010234400932432162,23
29424551,good,"Conflict, Risk & Harm",0.022390022592041692,0.022425282468572925,0.9984276730257179,0.001253153319667577,0.0015723269742820233,0.0010179587353574705,0.0002351945843100811,9
29424551,good,Embodied & Sensory Experience,0.020047202660887685,0.020078773057376285,0.9984276730257179,0.001253153319667577,0.0015723269742820233,0.0010179587353574705,0.0002351945843100811,5
29424551,good,"Emotions, Cognition & Inner Life",0.19356278075982875,0.19386760402307368,0.9984276730257179,0.001253153319667577,0.0015723269742820233,0.0010179587353574705,0.0002351945843100811,57
29424551,good,Relationship Trajectory (Main Couple),0.37298761945238623,0.3735750015041687,0.9984276730257179,0.001253153319667577,0.0015723269742820233,0.0010179587353574705,0.0002351945843100811,156
29424551,good,"Sexuality, Attraction & Intimacy",0.17711511118571402,0.17739403260826067,0.9984276730257179,0.001253153319667577,0.0015723269742820233,0.0010179587353574705,0.0002351945843100811,53
29424551,good,Social World Outside Couple,0.07565283535026371,0.07577197366835706,0.9984276730257179,0.001253153319667577,0.0015723269742820233,0.0010179587353574705,0.0002351945843100811,33
29424551,good,"Spaces, Time, Activities & Objects",0.07477132375042561,0.0748890738613368,0.9984276730257179,0.001253153319667577,0.0015723269742820233,0.0010179587353574705,0.0002351945843100811,23
29424551,good,"Work, Wealth, Status & Institutions",0.06166558268986008,0.06176269383938808,0.9984276730257179,0.001253153319667577,0.0015723269742820233,0.0010179587353574705,0.0002351945843100811,23
29939161,mid,"Conflict, Risk & Harm",0.018134743913802463,0.018155191362710467,0.9988737409317534,0.0008513273280456035,0.0011262590682464962,0.00045529661171703743,0.00039603071632856674,9
29939161,mid,Embodied & Sensory Experience,0.02507280098798373,0.025101071297154855,0.9988737409317534,0.0008513273280456035,0.0011262590682464962,0.00045529661171703743,0.00039603071632856674,5
29939161,mid,"Emotions, Cognition & Inner Life",0.18848674368207946,0.18869926794377262,0.9988737409317534,0.0008513273280456035,0.0011262590682464962,0.00045529661171703743,0.00039603071632856674,57
29939161,mid,Relationship Trajectory (Main Couple),0.37286403760310805,0.3732844526028875,0.9988737409317534,0.0008513273280456035,0.0011262590682464962,0.00045529661171703743,0.00039603071632856674,156
29939161,mid,"Sexuality, Attraction & Intimacy",0.16897814821103455,0.16916867596640497,0.9988737409317534,0.0008513273280456035,0.0011262590682464962,0.00045529661171703743,0.00039603071632856674,53
29939161,mid,Social World Outside Couple,0.08443966347282408,0.08453487163859011,0.9988737409317534,0.0008513273280456035,0.0011262590682464962,0.00045529661171703743,0.00039603071632856674,33
29939161,mid,"Spaces, Time, Activities & Objects",0.06067572573836457,0.060744139376179826,0.9988737409317534,0.0008513273280456035,0.0011262590682464962,0.00045529661171703743,0.00039603071632856674,23
29939161,mid,"Work, Wealth, Status & Institutions",0.07982584660622798,0.07991585255987019,0.9988737409317534,0.0008513273280456035,0.0011262590682464962,0.00045529661171703743,0.00039603071632856674,23
30291077,mid,"Conflict, Risk & Harm",0.020571362892347272,0.020619330659634238,0.9976736506107412,0.0014652202381321144,0.0023263493892587716,0.0014109700589451646,5.4250179187050835e-05,9
30291077,mid,Embodied & Sensory Experience,0.014157976408271846,0.014190989608280045,0.9976736506107412,0.0014652202381321144,0.0023263493892587716,0.0014109700589451646,5.4250179187050835e-05,5
30291077,mid,"Emotions, Cognition & Inner Life",0.20916401122738174,0.2096517344116874,0.9976736506107412,0.0014652202381321144,0.0023263493892587716,0.0014109700589451646,5.4250179187050835e-05,57
30291077,mid,Relationship Trajectory (Main Couple),0.36006045635830647,0.3609000359364908,0.9976736506107412,0.0014652202381321144,0.0023263493892587716,0.0014109700589451646,5.4250179187050835e-05,156
30291077,mid,"Sexuality, Attraction & Intimacy",0.19810000500284433,0.19856192942609477,0.9976736506107412,0.0014652202381321144,0.0023263493892587716,0.0014109700589451646,5.4250179187050835e-05,53
30291077,mid,Social World Outside Couple,0.059063054418769675,0.05920077610811243,0.9976736506107412,0.0014652202381321144,0.0023263493892587716,0.0014109700589451646,5.4250179187050835e-05,33
30291077,mid,"Spaces, Time, Activities & Objects",0.08600327594947786,0.08620381614451744,0.9976736506107412,0.0014652202381321144,0.0023263493892587716,0.0014109700589451646,5.4250179187050835e-05,23
30291077,mid,"Work, Wealth, Status & Institutions",0.050499258174154946,0.05061701102684335,0.9976736506107412,0.0014652202381321144,0.0023263493892587716,0.0014109700589451646,5.4250179187050835e-05,23
30618705,bad,"Conflict, Risk & Harm",0.0362096289628739,0.03627425755965503,0.9982183344021627,0.0007038053035900438,0.0017816655978372374,0.0006577060790230386,4.609922456696857e-05,9
30618705,bad,Embodied & Sensory Experience,0.014541711181698547,0.014567665890857076,0.9982183344021627,0.0007038053035900438,0.0017816655978372374,0.0006577060790230386,4.609922456696857e-05,5
30618705,bad,"Emotions, Cognition & Inner Life",0.18865769279120362,0.188994417643302,0.9982183344021627,0.0007038053035900438,0.0017816655978372374,0.0006577060790230386,4.609922456696857e-05,57
30618705,bad,Relationship Trajectory (Main Couple),0.3573500240484306,0.3579878386650242,0.9982183344021627,0.0007038053035900438,0.0017816655978372374,0.0006577060790230386,4.609922456696857e-05,156
30618705,bad,"Sexuality, Attraction & Intimacy",0.1913493333502535,0.19169086236514926,0.9982183344021627,0.0007038053035900438,0.0017816655978372374,0.0006577060790230386,4.609922456696857e-05,53
30618705,bad,Social World Outside Couple,0.062081615688729254,0.062192421787073474,0.9982183344021627,0.0007038053035900438,0.0017816655978372374,0.0006577060790230386,4.609922456696857e-05,33
30618705,bad,"Spaces, Time, Activities & Objects",0.08958767738456913,0.08974757755598987,0.9982183344021627,0.0007038053035900438,0.0017816655978372374,0.0006577060790230386,4.609922456696857e-05,23
30618705,bad,"Work, Wealth, Status & Institutions",0.058394551769837155,0.058498777028384186,0.9982183344021627,0.0007038053035900438,0.0017816655978372374,0.0006577060790230386,4.609922456696857e-05,23
30627346,mid,"Conflict, Risk & Harm",0.016584435759026458,0.01660772666117527,0.998597586375066,0.0016595463666397858,0.0014024136249340602,0.00046191622325824684,0.0011976301433815504,9
30627346,mid,Embodied & Sensory Experience,0.012863454428031322,0.0128815196466937,0.998597586375066,0.0016595463666397858,0.0014024136249340602,0.00046191622325824684,0.0011976301433815504,5
30627346,mid,"Emotions, Cognition & Inner Life",0.22555130510957466,0.22586806556215652,0.998597586375066,0.0016595463666397858,0.0014024136249340602,0.00046191622325824684,0.0011976301433815504,57
30627346,mid,Relationship Trajectory (Main Couple),0.3251475195848402,0.3256041512829344,0.998597586375066,0.0016595463666397858,0.0014024136249340602,0.00046191622325824684,0.0011976301433815504,156
30627346,mid,"Sexuality, Attraction & Intimacy",0.16416438994803303,0.16439493965127017,0.998597586375066,0.0016595463666397858,0.0014024136249340602,0.00046191622325824684,0.0011976301433815504,53
30627346,mid,Social World Outside Couple,0.08019134683311911,0.0803039662094675,0.998597586375066,0.0016595463666397858,0.0014024136249340602,0.00046191622325824684,0.0011976301433815504,33
30627346,mid,"Spaces, Time, Activities & Objects",0.11580548215271523,0.11596811742064389,0.998597586375066,0.0016595463666397858,0.0014024136249340602,0.00046191622325824684,0.0011976301433815504,23
30627346,mid,"Work, Wealth, Status & Institutions",0.05709202241634446,0.05717220149068246,0.998597586375066,0.0016595463666397858,0.0014024136249340602,0.00046191622325824684,0.0011976301433815504,23
306364,mid,"Conflict, Risk & Harm",0.023658437054449526,0.02368928075247307,0.9986979892574271,0.000669930718619316,0.0013020107425728497,0.0006120341753021055,5.789654331727758e-05,9
306364,mid,Embodied & Sensory Experience,0.01726583480048476,0.0172883444106287,0.9986979892574271,0.000669930718619316,0.0013020107425728497,0.0006120341753021055,5.789654331727758e-05,5
306364,mid,"Emotions, Cognition & Inner Life",0.1822936248033334,0.18253128249399617,0.9986979892574271,0.000669930718619316,0.0013020107425728497,0.0006120341753021055,5.789654331727758e-05,57
306364,mid,Relationship Trajectory (Main Couple),0.3768212174139119,0.37731248231919834,0.9986979892574271,0.000669930718619316,0.0013020107425728497,0.0006120341753021055,5.789654331727758e-05,156
306364,mid,"Sexuality, Attraction & Intimacy",0.16788460831207752,0.16810348085000812,0.9986979892574271,0.000669930718619316,0.0013020107425728497,0.0006120341753021055,5.789654331727758e-05,53
306364,mid,Social World Outside Couple,0.1054118155819174,0.10554924182864872,0.9986979892574271,0.000669930718619316,0.0013020107425728497,0.0006120341753021055,5.789654331727758e-05,33
306364,mid,"Spaces, Time, Activities & Objects",0.0636416735337873,0.06372464370445713,0.9986979892574271,0.000669930718619316,0.0013020107425728497,0.0006120341753021055,5.789654331727758e-05,23
306364,mid,"Work, Wealth, Status & Institutions",0.061662881214148056,0.06174327161707508,0.9986979892574271,0.000669930718619316,0.0013020107425728497,0.0006120341753021055,5.789654331727758e-05,23
31276376,good,"Conflict, Risk & Harm",0.023529800287292905,0.023578132858990176,0.9979501102998135,0.0012554586953344993,0.0020498897001865754,0.0011945706376863846,6.088805764816268e-05,9
31276376,good,Embodied & Sensory Experience,0.019229742657693852,0.019269242479382734,0.9979501102998135,0.0012554586953344993,0.0020498897001865754,0.0011945706376863846,6.088805764816268e-05,5
31276376,good,"Emotions, Cognition & Inner Life",0.1973196301291891,0.1977249444563,0.9979501102998135,0.0012554586953344993,0.0020498897001865754,0.0011945706376863846,6.088805764816268e-05,57
31276376,good,Relationship Trajectory (Main Couple),0.35950251619876683,0.360240970453685,0.9979501102998135,0.0012554586953344993,0.0020498897001865754,0.0011945706376863846,6.088805764816268e-05,156
31276376,good,"Sexuality, Attraction & Intimacy",0.16378509270840666,0.16412152372947864,0.9979501102998135,0.0012554586953344993,0.0020498897001865754,0.0011945706376863846,6.088805764816268e-05,53
31276376,good,Social World Outside Couple,0.0999488767030883,0.10015418172864446,0.9979501102998135,0.0012554586953344993,0.0020498897001865754,0.0011945706376863846,6.088805764816268e-05,33
31276376,good,"Spaces, Time, Activities & Objects",0.07063360409234393,0.07077869260530821,0.9979501102998135,0.0012554586953344993,0.0020498897001865754,0.0011945706376863846,6.088805764816268e-05,23
31276376,good,"Work, Wealth, Status & Institutions",0.06393995946538374,0.06407129856038023,0.9979501102998135,0.0012554586953344993,0.0020498897001865754,0.0011945706376863846,6.088805764816268e-05,23
31424202,bad,"Conflict, Risk & Harm",0.017639025735752243,0.01768554068518733,0.9973698881892795,0.0022053023032646557,0.0026301118107206365,0.001967682312771715,0.00023761999049281017,9
31424202,bad,Embodied & Sensory Experience,0.022317266940977635,0.022376118634877307,0.9973698881892795,0.0022053023032646557,0.0026301118107206365,0.001967682312771715,0.00023761999049281017,5
31424202,bad,"Emotions, Cognition & Inner Life",0.18194610461373562,0.18242590514142945,0.9973698881892795,0.0022053023032646557,0.0026301118107206365,0.001967682312771715,0.00023761999049281017,57
31424202,bad,Relationship Trajectory (Main Couple),0.3374667410032122,0.33835665684260985,0.9973698881892795,0.0022053023032646557,0.0026301118107206365,0.001967682312771715,0.00023761999049281017,156
31424202,bad,"Sexuality, Attraction & Intimacy",0.22334462499887384,0.2239335953929339,0.9973698881892795,0.0022053023032646557,0.0026301118107206365,0.001967682312771715,0.00023761999049281017,53
31424202,bad,Social World Outside Couple,0.06470434732931801,0.06487497576930908,0.9973698881892795,0.0022053023032646557,0.0026301118107206365,0.001967682312771715,0.00023761999049281017,33
31424202,bad,"Spaces, Time, Activities & Objects",0.08176287774014615,0.08197849033580339,0.9973698881892795,0.0022053023032646557,0.0026301118107206365,0.001967682312771715,0.00023761999049281017,23
31424202,bad,"Work, Wealth, Status & Institutions",0.06795127983677099,0.06813047059214533,0.9973698881892795,0.0022053023032646557,0.0026301118107206365,0.001967682312771715,0.00023761999049281017,23
31625455,bad,"Conflict, Risk & Harm",0.016313247959533057,0.01633364491295109,0.9987512307554903,0.0012225368616549659,0.0012487692445097582,0.0006727159968339154,0.0005498208648211232,9
31625455,bad,Embodied & Sensory Experience,0.013769546561741182,0.013786763047416137,0.9987512307554903,0.0012225368616549659,0.0012487692445097582,0.0006727159968339154,0.0005498208648211232,5
31625455,bad,"Emotions, Cognition & Inner Life",0.1811306875999089,0.1813571608446433,0.9987512307554903,0.0012225368616549659,0.0012487692445097582,0.0006727159968339154,0.0005498208648211232,57
31625455,bad,Relationship Trajectory (Main Couple),0.3508029123416741,0.35124153196418545,0.9987512307554903,0.0012225368616549659,0.0012487692445097582,0.0006727159968339154,0.0005498208648211232,156
31625455,bad,"Sexuality, Attraction & Intimacy",0.168518209854636,0.16872891333226486,0.9987512307554903,0.0012225368616549659,0.0012487692445097582,0.0006727159968339154,0.0005498208648211232,53
31625455,bad,Social World Outside Couple,0.0751793518106795,0.07527335085615985,0.9987512307554903,0.0012225368616549659,0.0012487692445097582,0.0006727159968339154,0.0005498208648211232,33
31625455,bad,"Spaces, Time, Activities & Objects",0.08841825487752906,0.08852880692887498,0.9987512307554903,0.0012225368616549659,0.0012487692445097582,0.0006727159968339154,0.0005498208648211232,23
31625455,bad,"Work, Wealth, Status & Institutions",0.10406919888496736,0.10419931979082098,0.9987512307554903,0.0012225368616549659,0.0012487692445097582,0.0006727159968339154,0.0005498208648211232,23
32195234,mid,"Conflict, Risk & Harm",0.019102477717396163,0.01912798603012211,0.9986664402260763,0.0006299552461579427,0.0013335597739235685,0.0005846350854370267,4.5320160720835586e-05,9
32195234,mid,Embodied & Sensory Experience,0.018373120420750056,0.01839765479311669,0.9986664402260763,0.0006299552461579427,0.0013335597739235685,0.0005846350854370267,4.5320160720835586e-05,5
32195234,mid,"Emotions, Cognition & Inner Life",0.18087174129737474,0.1811132666643222,0.9986664402260763,0.0006299552461579427,0.0013335597739235685,0.0005846350854370267,4.5320160720835586e-05,57
32195234,mid,Relationship Trajectory (Main Couple),0.3512665103212994,0.35173557072948236,0.9986664402260763,0.0006299552461579427,0.0013335597739235685,0.0005846350854370267,4.5320160720835586e-05,156
32195234,mid,"Sexuality, Attraction & Intimacy",0.2350943068290646,0.2354082377854255,0.9986664402260763,0.0006299552461579427,0.0013335597739235685,0.0005846350854370267,4.5320160720835586e-05,53
32195234,mid,Social World Outside Couple,0.0572516486357866,0.057328099082638716,0.9986664402260763,0.0006299552461579427,0.0013335597739235685,0.0005846350854370267,4.5320160720835586e-05,33
32195234,mid,"Spaces, Time, Activities & Objects",0.07782480934728304,0.07792873196947041,0.9986664402260763,0.0006299552461579427,0.0013335597739235685,0.0005846350854370267,4.5320160720835586e-05,23
32195234,mid,"Work, Wealth, Status & Institutions",0.05883650549640086,0.058915072266853746,0.9986664402260763,0.0006299552461579427,0.0013335597739235685,0.0005846350854370267,4.5320160720835586e-05,23
33743772,bad,"Conflict, Risk & Harm",0.017609205927637008,0.01765306667341616,0.9975154036071702,0.0017232730150444908,0.002484596392829843,0.0016623983748560065,6.0874640188435616e-05,9
33743772,bad,Embodied & Sensory Experience,0.01522708421937965,0.015265011612167747,0.9975154036071702,0.0017232730150444908,0.002484596392829843,0.0016623983748560065,6.0874640188435616e-05,5
33743772,bad,"Emotions, Cognition & Inner Life",0.18692812945139944,0.18739372723011433,0.9975154036071702,0.0017232730150444908,0.002484596392829843,0.0016623983748560065,6.0874640188435616e-05,57
33743772,bad,Relationship Trajectory (Main Couple),0.36332005766955,0.364225009815115,0.9975154036071702,0.0017232730150444908,0.002484596392829843,0.0016623983748560065,6.0874640188435616e-05,156
33743772,bad,"Sexuality, Attraction & Intimacy",0.18614521327578976,0.18660886097864737,0.9975154036071702,0.0017232730150444908,0.002484596392829843,0.0016623983748560065,6.0874640188435616e-05,53
33743772,bad,Social World Outside Couple,0.060725196613612954,0.06087645002174527,0.9975154036071702,0.0017232730150444908,0.002484596392829843,0.0016623983748560065,6.0874640188435616e-05,33
33743772,bad,"Spaces, Time, Activities & Objects",0.07398958420953905,0.07417387635517332,0.9975154036071702,0.0017232730150444908,0.002484596392829843,0.0016623983748560065,6.0874640188435616e-05,23
33743772,bad,"Work, Wealth, Status & Institutions",0.09351005760007385,0.09374297104779235,0.9975154036071702,0.0017232730150444908,0.002484596392829843,0.0016623983748560065,6.0874640188435616e-05,23
34272677,bad,"Conflict, Risk & Harm",0.019439872037514426,0.01946670783064042,0.9986214518983145,0.0004458478032093316,0.0013785481016855938,0.0003829570913579332,6.289071185151459e-05,9
34272677,bad,Embodied & Sensory Experience,0.036383570228848444,0.036433795969118866,0.9986214518983145,0.0004458478032093316,0.0013785481016855938,0.0003829570913579332,6.289071185151459e-05,5
34272677,bad,"Emotions, Cognition & Inner Life",0.18153976968319263,0.18179037646156843,0.9986214518983145,0.0004458478032093316,0.0013785481016855938,0.0003829570913579332,6.289071185151459e-05,57
34272677,bad,Relationship Trajectory (Main Couple),0.2925214011150689,0.2929252126108494,0.9986214518983145,0.0004458478032093316,0.0013785481016855938,0.0003829570913579332,6.289071185151459e-05,156
34272677,bad,"Sexuality, Attraction & Intimacy",0.284427651721916,0.28482029019228206,0.9986214518983145,0.0004458478032093316,0.0013785481016855938,0.0003829570913579332,6.289071185151459e-05,53
34272677,bad,Social World Outside Couple,0.05976025326674445,0.059842749375295406,0.9986214518983145,0.0004458478032093316,0.0013785481016855938,0.0003829570913579332,6.289071185151459e-05,33
34272677,bad,"Spaces, Time, Activities & Objects",0.06158488264878405,0.061669897569008945,0.9986214518983145,0.0004458478032093316,0.0013785481016855938,0.0003829570913579332,6.289071185151459e-05,23
34272677,bad,"Work, Wealth, Status & Institutions",0.06290116048439412,0.06298799246183136,0.9986214518983145,0.0004458478032093316,0.0013785481016855938,0.0003829570913579332,6.289071185151459e-05,23
34322023,mid,"Conflict, Risk & Harm",0.02225028762929832,0.022292900533387013,0.998088498891166,0.0011009164966344631,0.0019115011088338286,0.0010406337640878438,6.028273254660968e-05,9
34322023,mid,Embodied & Sensory Experience,0.019677438433845076,0.01971512391506953,0.998088498891166,0.0011009164966344631,0.0019115011088338286,0.0010406337640878438,6.028273254660968e-05,5
34322023,mid,"Emotions, Cognition & Inner Life",0.1910497771597292,0.19141566842216637,0.998088498891166,0.0011009164966344631,0.0019115011088338286,0.0010406337640878438,6.028273254660968e-05,57
34322023,mid,Relationship Trajectory (Main Couple),0.4371621510031099,0.43799938731763616,0.998088498891166,0.0011009164966344631,0.0019115011088338286,0.0010406337640878438,6.028273254660968e-05,156
34322023,mid,"Sexuality, Attraction & Intimacy",0.13885768477288593,0.13912361972625767,0.998088498891166,0.0011009164966344631,0.0019115011088338286,0.0010406337640878438,6.028273254660968e-05,53
34322023,mid,Social World Outside Couple,0.06907979055211429,0.06921208953801092,0.998088498891166,0.0011009164966344631,0.0019115011088338286,0.0010406337640878438,6.028273254660968e-05,33
34322023,mid,"Spaces, Time, Activities & Objects",0.061633206632481945,0.061751244204250245,0.998088498891166,0.0011009164966344631,0.0019115011088338286,0.0010406337640878438,6.028273254660968e-05,23
34322023,mid,"Work, Wealth, Status & Institutions",0.058317879975154786,0.058429568159480326,0.998088498891166,0.0011009164966344631,0.0019115011088338286,0.0010406337640878438,6.028273254660968e-05,23
34438741,good,"Conflict, Risk & Harm",0.022015560324352194,0.022046654851160717,0.998589603410656,0.0005893115748220046,0.001410396589344042,0.0005222643485769702,6.704722624511163e-05,9
34438741,good,Embodied & Sensory Experience,0.029395097469176568,0.029436614770250363,0.998589603410656,0.0005893115748220046,0.001410396589344042,0.0005222643485769702,6.704722624511163e-05,5
34438741,good,"Emotions, Cognition & Inner Life",0.18579302946155485,0.18605544142156472,0.998589603410656,0.0005893115748220046,0.001410396589344042,0.0005222643485769702,6.704722624511163e-05,57
34438741,good,Relationship Trajectory (Main Couple),0.37479877606981776,0.3753281375949666,0.998589603410656,0.0005893115748220046,0.001410396589344042,0.0005222643485769702,6.704722624511163e-05,156
34438741,good,"Sexuality, Attraction & Intimacy",0.21798673239482147,0.2182946143744073,0.998589603410656,0.0005893115748220046,0.001410396589344042,0.0005222643485769702,6.704722624511163e-05,53
34438741,good,Social World Outside Couple,0.05236709018314504,0.0524410528652478,0.998589603410656,0.0005893115748220046,0.001410396589344042,0.0005222643485769702,6.704722624511163e-05,33
34438741,good,"Spaces, Time, Activities & Objects",0.06295673005165772,0.06304564942057347,0.998589603410656,0.0005893115748220046,0.001410396589344042,0.0005222643485769702,6.704722624511163e-05,23
34438741,good,"Work, Wealth, Status & Institutions",0.0532095402298853,0.053284692778844824,0.998589603410656,0.0005893115748220046,0.001410396589344042,0.0005222643485769702,6.704722624511163e-05,23
34812836,good,"Conflict, Risk & Harm",0.016860266004276665,0.016890258123560792,0.9982242947937966,0.0016681599470548258,0.001775705206203443,0.0011503511220385884,0.0005178088250162509,9
34812836,good,Embodied & Sensory Experience,0.01385961164734955,0.013884266010789221,0.9982242947937966,0.0016681599470548258,0.001775705206203443,0.0011503511220385884,0.0005178088250162509,5
34812836,good,"Emotions, Cognition & Inner Life",0.19218537516649994,0.19252724680098046,0.9982242947937966,0.0016681599470548258,0.001775705206203443,0.0011503511220385884,0.0005178088250162509,57
34812836,good,Relationship Trajectory (Main Couple),0.38573765319134223,0.38642382799451314,0.9982242947937966,0.0016681599470548258,0.001775705206203443,0.0011503511220385884,0.0005178088250162509,156
34812836,good,"Sexuality, Attraction & Intimacy",0.17583613545703802,0.17614892401848478,0.9982242947937966,0.0016681599470548258,0.001775705206203443,0.0011503511220385884,0.0005178088250162509,53
34812836,good,Social World Outside Couple,0.06768960905391584,0.06781001965885683,0.9982242947937966,0.0016681599470548258,0.001775705206203443,0.0011503511220385884,0.0005178088250162509,33
34812836,good,"Spaces, Time, Activities & Objects",0.07109077795171524,0.07121723877337656,0.9982242947937966,0.0016681599470548258,0.001775705206203443,0.0011503511220385884,0.0005178088250162509,23
34812836,good,"Work, Wealth, Status & Institutions",0.07444705749664281,0.07457948868297315,0.9982242947937966,0.0016681599470548258,0.001775705206203443,0.0011503511220385884,0.0005178088250162509,23
35008850,mid,"Conflict, Risk & Harm",0.020201749478735508,0.020246004916541615,0.997814115032149,0.0020935014140083252,0.002185884967851109,0.0018223738389446889,0.0002711275750636594,9
35008850,mid,Embodied & Sensory Experience,0.02060873227516702,0.020653879279411695,0.997814115032149,0.0020935014140083252,0.002185884967851109,0.0018223738389446889,0.0002711275750636594,5
35008850,mid,"Emotions, Cognition & Inner Life",0.1836160983132058,0.18401834123912927,0.997814115032149,0.0020935014140083252,0.002185884967851109,0.0018223738389446889,0.0002711275750636594,57
35008850,mid,Relationship Trajectory (Main Couple),0.40100070548860833,0.40187916711890603,0.997814115032149,0.0020935014140083252,0.002185884967851109,0.0018223738389446889,0.0002711275750636594,156
35008850,mid,"Sexuality, Attraction & Intimacy",0.16763164782892295,0.16799887404230793,0.997814115032149,0.0020935014140083252,0.002185884967851109,0.0018223738389446889,0.0002711275750636594,53
35008850,mid,Social World Outside Couple,0.06992912508604349,0.07008231696921867,0.997814115032149,0.0020935014140083252,0.002185884967851109,0.0018223738389446889,0.0002711275750636594,33
35008850,mid,"Spaces, Time, Activities & Objects",0.07051101936949952,0.07066548599307768,0.997814115032149,0.0020935014140083252,0.002185884967851109,0.0018223738389446889,0.0002711275750636594,23
35008850,mid,"Work, Wealth, Status & Institutions",0.06404390961690266,0.06418420891434193,0.997814115032149,0.0020935014140083252,0.002185884967851109,0.0018223738389446889,0.0002711275750636594,23
35053870,mid,"Conflict, Risk & Harm",0.01676267056836452,0.016785347613556014,0.9986489975832743,0.0007063293314559793,0.0013510024167257021,0.0006362916930668682,7.003763838904171e-05,9
35053870,mid,Embodied & Sensory Experience,0.016048844602444382,0.016070555962387694,0.9986489975832743,0.0007063293314559793,0.0013510024167257021,0.0006362916930668682,7.003763838904171e-05,5
35053870,mid,"Emotions, Cognition & Inner Life",0.18145096930892593,0.18169644164069296,0.9986489975832743,0.0007063293314559793,0.0013510024167257021,0.0006362916930668682,7.003763838904171e-05,57
35053870,mid,Relationship Trajectory (Main Couple),0.3548003602142365,0.3552803448187017,0.9986489975832743,0.0007063293314559793,0.0013510024167257021,0.0006362916930668682,7.003763838904171e-05,156
35053870,mid,"Sexuality, Attraction & Intimacy",0.15586602065746794,0.15607688090075988,0.9986489975832743,0.0007063293314559793,0.0013510024167257021,0.0006362916930668682,7.003763838904171e-05,53
35053870,mid,Social World Outside Couple,0.07093378821001846,0.07102974957335148,0.9986489975832743,0.0007063293314559793,0.0013510024167257021,0.0006362916930668682,7.003763838904171e-05,33
35053870,mid,"Spaces, Time, Activities & Objects",0.1351442443436288,0.1353270715443336,0.9986489975832743,0.0007063293314559793,0.0013510024167257021,0.0006362916930668682,7.003763838904171e-05,23
35053870,mid,"Work, Wealth, Status & Institutions",0.0675720620397987,0.0676634755588027,0.9986489975832743,0.0007063293314559793,0.0013510024167257021,0.0006362916930668682,7.003763838904171e-05,23
35109856,mid,"Conflict, Risk & Harm",0.023769845267865183,0.023802720404922702,0.9986188495895317,0.0008914812950400197,0.0013811504104682044,0.0008379720357955493,5.350925924454394e-05,9
35109856,mid,Embodied & Sensory Experience,0.016993066509198573,0.017016568950389166,0.9986188495895317,0.0008914812950400197,0.0013811504104682044,0.0008379720357955493,5.350925924454394e-05,5
35109856,mid,"Emotions, Cognition & Inner Life",0.196155306397834,0.1964266010785405,0.9986188495895317,0.0008914812950400197,0.0013811504104682044,0.0008379720357955493,5.350925924454394e-05,57
35109856,mid,Relationship Trajectory (Main Couple),0.4197161964675095,0.4202966894126102,0.9986188495895317,0.0008914812950400197,0.0013811504104682044,0.0008379720357955493,5.350925924454394e-05,156
35109856,mid,"Sexuality, Attraction & Intimacy",0.1458351269253842,0.14603682574720844,0.9986188495895317,0.0008914812950400197,0.0013811504104682044,0.0008379720357955493,5.350925924454394e-05,53
35109856,mid,Social World Outside Couple,0.0808748867269471,0.08098674159834815,0.9986188495895317,0.0008914812950400197,0.0013811504104682044,0.0008379720357955493,5.350925924454394e-05,33
35109856,mid,"Spaces, Time, Activities & Objects",0.06234868715635526,0.06243491917059528,0.9986188495895317,0.0008914812950400197,0.0013811504104682044,0.0008379720357955493,5.350925924454394e-05,23
35109856,mid,"Work, Wealth, Status & Institutions",0.052872224879193325,0.05294535037159143,0.9986188495895317,0.0008914812950400197,0.0013811504104682044,0.0008379720357955493,5.350925924454394e-05,23
36429604,bad,"Conflict, Risk & Harm",0.016255120889470225,0.016275915786013295,0.9987223516749245,0.0004887544797689269,0.00127764832507537,0.0004118193709482875,7.69351088206605e-05,9
36429604,bad,Embodied & Sensory Experience,0.009292167746928306,0.009304055057288662,0.9987223516749245,0.0004887544797689269,0.00127764832507537,0.0004118193709482875,7.69351088206605e-05,5
36429604,bad,"Emotions, Cognition & Inner Life",0.15126573454081263,0.15145924619302834,0.9987223516749245,0.0004887544797689269,0.00127764832507537,0.0004118193709482875,7.69351088206605e-05,57
36429604,bad,Relationship Trajectory (Main Couple),0.42837321199763134,0.4289212224791211,0.9987223516749245,0.0004887544797689269,0.00127764832507537,0.0004118193709482875,7.69351088206605e-05,156
36429604,bad,"Sexuality, Attraction & Intimacy",0.17884726666281456,0.179076062894633,0.9987223516749245,0.0004887544797689269,0.00127764832507537,0.0004118193709482875,7.69351088206605e-05,53
36429604,bad,Social World Outside Couple,0.061023953467436096,0.061102020361409576,0.9987223516749245,0.0004887544797689269,0.00127764832507537,0.0004118193709482875,7.69351088206605e-05,33
36429604,bad,"Spaces, Time, Activities & Objects",0.05339829289922532,0.053466604416805924,0.9987223516749245,0.0004887544797689269,0.00127764832507537,0.0004118193709482875,7.69351088206605e-05,23
36429604,bad,"Work, Wealth, Status & Institutions",0.10018966836178538,0.10031783928111809,0.9987223516749245,0.0004887544797689269,0.00127764832507537,0.0004118193709482875,7.69351088206605e-05,23
36437212,bad,"Conflict, Risk & Harm",0.017645295089301613,0.01771097794164864,0.9962914045422321,0.000438115127732841,0.0037085954577679037,0.00038777912044010563,5.033600729281295e-05,9
36437212,bad,Embodied & Sensory Experience,0.02463826428588562,0.024729977769110848,0.9962914045422321,0.000438115127732841,0.0037085954577679037,0.00038777912044010563,5.033600729281295e-05,5
36437212,bad,"Emotions, Cognition & Inner Life",0.19744328928815505,0.1981782522542937,0.9962914045422321,0.000438115127732841,0.0037085954577679037,0.00038777912044010563,5.033600729281295e-05,57
36437212,bad,Relationship Trajectory (Main Couple),0.3706510941494726,0.37203080590640686,0.9962914045422321,0.000438115127732841,0.0037085954577679037,0.00038777912044010563,5.033600729281295e-05,156
36437212,bad,"Sexuality, Attraction & Intimacy",0.19450823596945915,0.1952322734921418,0.9962914045422321,0.000438115127732841,0.0037085954577679037,0.00038777912044010563,5.033600729281295e-05,53
36437212,bad,Social World Outside Couple,0.05731245487351432,0.05752579477472034,0.9962914045422321,0.000438115127732841,0.0037085954577679037,0.00038777912044010563,5.033600729281295e-05,33
36437212,bad,"Spaces, Time, Activities & Objects",0.06968642816591944,0.06994582894945119,0.9962914045422321,0.000438115127732841,0.0037085954577679037,0.00038777912044010563,5.033600729281295e-05,23
36437212,bad,"Work, Wealth, Status & Institutions",0.0643560067132315,0.06459556553416344,0.9962914045422321,0.000438115127732841,0.0037085954577679037,0.00038777912044010563,5.033600729281295e-05,23
36512901,mid,"Conflict, Risk & Harm",0.014925435696046761,0.014934651162726164,0.9993829473096497,0.000931377192918359,0.0006170526903502636,0.0003271971366064258,0.0006041800563119954,9
36512901,mid,Embodied & Sensory Experience,0.012161017642684853,0.012168526264553994,0.9993829473096497,0.000931377192918359,0.0006170526903502636,0.0003271971366064258,0.0006041800563119954,5
36512901,mid,"Emotions, Cognition & Inner Life",0.15391612958277437,0.15401116258499142,0.9993829473096497,0.000931377192918359,0.0006170526903502636,0.0003271971366064258,0.0006041800563119954,57
36512901,mid,Relationship Trajectory (Main Couple),0.42617363976122047,0.4264367737197085,0.9993829473096497,0.000931377192918359,0.0006170526903502636,0.0003271971366064258,0.0006041800563119954,156
36512901,mid,"Sexuality, Attraction & Intimacy",0.15485403073321688,0.1549496428271922,0.9993829473096497,0.000931377192918359,0.0006170526903502636,0.0003271971366064258,0.0006041800563119954,53
36512901,mid,Social World Outside Couple,0.059794372040836825,0.059831291099977195,0.9993829473096497,0.000931377192918359,0.0006170526903502636,0.0003271971366064258,0.0006041800563119954,33
36512901,mid,"Spaces, Time, Activities & Objects",0.05930844778573794,0.059345066818877544,0.9993829473096497,0.000931377192918359,0.0006170526903502636,0.0003271971366064258,0.0006041800563119954,23
36512901,mid,"Work, Wealth, Status & Institutions",0.1176456940108196,0.11771833242454571,0.9993829473096497,0.000931377192918359,0.0006170526903502636,0.0003271971366064258,0.0006041800563119954,23
36564103,good,"Conflict, Risk & Harm",0.021443836137524767,0.02149137251942148,0.997788117913188,0.0023176334309262803,0.0022118820868121166,0.0013702599196246438,0.0009473735113015512,9
36564103,good,Embodied & Sensory Experience,0.020115228485126348,0.020159819629037175,0.997788117913188,0.0023176334309262803,0.0022118820868121166,0.0013702599196246438,0.0009473735113015512,5
36564103,good,"Emotions, Cognition & Inner Life",0.20270156024418126,0.20315090609429085,0.997788117913188,0.0023176334309262803,0.0022118820868121166,0.0013702599196246438,0.0009473735113015512,57
36564103,good,Relationship Trajectory (Main Couple),0.3555251381007303,0.35631326102007416,0.997788117913188,0.0023176334309262803,0.0022118820868121166,0.0013702599196246438,0.0009473735113015512,156
36564103,good,"Sexuality, Attraction & Intimacy",0.16892888973864095,0.16930336882738717,0.997788117913188,0.0023176334309262803,0.0022118820868121166,0.0013702599196246438,0.0009473735113015512,53
36564103,good,Social World Outside Couple,0.07812626140146102,0.07829945055354763,0.997788117913188,0.0023176334309262803,0.0022118820868121166,0.0013702599196246438,0.0009473735113015512,33
36564103,good,"Spaces, Time, Activities & Objects",0.07792563721543051,0.07809838162675975,0.997788117913188,0.0023176334309262803,0.0022118820868121166,0.0013702599196246438,0.0009473735113015512,23
36564103,good,"Work, Wealth, Status & Institutions",0.07207419307879137,0.07223396609445508,0.997788117913188,0.0023176334309262803,0.0022118820868121166,0.0013702599196246438,0.0009473735113015512,23
36600859,mid,"Conflict, Risk & Harm",0.018492126357831457,0.01853784393746297,0.9975338243333076,0.0022106420887307854,0.0024661756666923638,0.0021530375730714336,5.760451565931392e-05,9
36600859,mid,Embodied & Sensory Experience,0.011407160855366812,0.011435362468025264,0.9975338243333076,0.0022106420887307854,0.0024661756666923638,0.0021530375730714336,5.760451565931392e-05,5
36600859,mid,"Emotions, Cognition & Inner Life",0.17570730790268885,0.17614170428769288,0.9975338243333076,0.0022106420887307854,0.0024661756666923638,0.0021530375730714336,5.760451565931392e-05,57
36600859,mid,Relationship Trajectory (Main Couple),0.4381161433733828,0.439199285965259,0.9975338243333076,0.0022106420887307854,0.0024661756666923638,0.0021530375730714336,5.760451565931392e-05,156
36600859,mid,"Sexuality, Attraction & Intimacy",0.16152833994373728,0.16192768205298025,0.9975338243333076,0.0022106420887307854,0.0024661756666923638,0.0021530375730714336,5.760451565931392e-05,53
36600859,mid,Social World Outside Couple,0.05673748244493903,0.05687775297530286,0.9975338243333076,0.0022106420887307854,0.0024661756666923638,0.0021530375730714336,5.760451565931392e-05,33
36600859,mid,"Spaces, Time, Activities & Objects",0.07468088584574645,0.07486551736294127,0.9975338243333076,0.0022106420887307854,0.0024661756666923638,0.0021530375730714336,5.760451565931392e-05,23
36600859,mid,"Work, Wealth, Status & Institutions",0.06080677309395566,0.06095710402060331,0.9975338243333076,0.0022106420887307854,0.0024661756666923638,0.0021530375730714336,5.760451565931392e-05,23
36662463,bad,"Conflict, Risk & Harm",0.020479786535360693,0.020552147586844406,0.9964791488978003,0.0020422325078992554,0.0035208511021996075,0.0019996568010547814,4.257570684439709e-05,9
36662463,bad,Embodied & Sensory Experience,0.017989518196763817,0.018053080404805175,0.9964791488978003,0.0020422325078992554,0.0035208511021996075,0.0019996568010547814,4.257570684439709e-05,5
36662463,bad,"Emotions, Cognition & Inner Life",0.19724775586887716,0.19794468964759748,0.9964791488978003,0.0020422325078992554,0.0035208511021996075,0.0019996568010547814,4.257570684439709e-05,57
36662463,bad,Relationship Trajectory (Main Couple),0.3420443417201328,0.3432528840151508,0.9964791488978003,0.0020422325078992554,0.0035208511021996075,0.0019996568010547814,4.257570684439709e-05,156
36662463,bad,"Sexuality, Attraction & Intimacy",0.2150397623310742,0.21579956045134352,0.9964791488978003,0.0020422325078992554,0.0035208511021996075,0.0019996568010547814,4.257570684439709e-05,53
36662463,bad,Social World Outside Couple,0.05315340726178427,0.05334121373294859,0.9964791488978003,0.0020422325078992554,0.0035208511021996075,0.0019996568010547814,4.257570684439709e-05,33
36662463,bad,"Spaces, Time, Activities & Objects",0.09170303540999875,0.09202704894671497,0.9964791488978003,0.0020422325078992554,0.0035208511021996075,0.0019996568010547814,4.257570684439709e-05,23
36662463,bad,"Work, Wealth, Status & Institutions",0.05877896586696429,0.058986649075376395,0.9964791488978003,0.0020422325078992554,0.0035208511021996075,0.0019996568010547814,4.257570684439709e-05,23
40131614,mid,"Conflict, Risk & Harm",0.019541886465331816,0.01956507648269248,0.9988147239096572,0.0005136181809382023,0.001185276090342727,0.00045083395492988754,6.278422600832058e-05,9
40131614,mid,Embodied & Sensory Experience,0.0267189064358413,0.026750613298185646,0.9988147239096572,0.0005136181809382023,0.001185276090342727,0.00045083395492988754,6.278422600832058e-05,5
40131614,mid,"Emotions, Cognition & Inner Life",0.20716350078279738,0.20740933811217557,0.9988147239096572,0.0005136181809382023,0.001185276090342727,0.00045083395492988754,6.278422600832058e-05,57
40131614,mid,Relationship Trajectory (Main Couple),0.35262166778494214,0.35304011779549693,0.9988147239096572,0.0005136181809382023,0.001185276090342727,0.00045083395492988754,6.278422600832058e-05,156
40131614,mid,"Sexuality, Attraction & Intimacy",0.18863731030837283,0.18886116292918714,0.9988147239096572,0.0005136181809382023,0.001185276090342727,0.00045083395492988754,6.278422600832058e-05,53
40131614,mid,Social World Outside Couple,0.06272074042260699,0.06279517003623995,0.9988147239096572,0.0005136181809382023,0.001185276090342727,0.00045083395492988754,6.278422600832058e-05,33
40131614,mid,"Spaces, Time, Activities & Objects",0.07251248898096646,0.07259853829259852,0.9988147239096572,0.0005136181809382023,0.001185276090342727,0.00045083395492988754,6.278422600832058e-05,23
40131614,mid,"Work, Wealth, Status & Institutions",0.06883543850278999,0.06891712432246459,0.9988147239096572,0.0005136181809382023,0.001185276090342727,0.00045083395492988754,6.278422600832058e-05,23
4066312,good,"Conflict, Risk & Harm",0.01784697080067476,0.017863843394013097,0.9990554891819085,0.009946261441056148,0.000944510818091529,0.0005091159436919591,0.009437145497364168,9
4066312,good,Embodied & Sensory Experience,0.02021035846591674,0.02022946541484527,0.9990554891819085,0.009946261441056148,0.000944510818091529,0.0005091159436919591,0.009437145497364168,5
4066312,good,"Emotions, Cognition & Inner Life",0.20142584279195433,0.20161627154152859,0.9990554891819085,0.009946261441056148,0.000944510818091529,0.0005091159436919591,0.009437145497364168,57
4066312,good,Relationship Trajectory (Main Couple),0.39848674376117643,0.39886347462790406,0.9990554891819085,0.009946261441056148,0.000944510818091529,0.0005091159436919591,0.009437145497364168,156
4066312,good,"Sexuality, Attraction & Intimacy",0.14857604000527136,0.148716504352461,0.9990554891819085,0.009946261441056148,0.000944510818091529,0.0005091159436919591,0.009437145497364168,53
4066312,good,Social World Outside Couple,0.07599982395867733,0.0760716744781723,0.9990554891819085,0.009946261441056148,0.000944510818091529,0.0005091159436919591,0.009437145497364168,33
4066312,good,"Spaces, Time, Activities & Objects",0.05996486964117016,0.0600215606545271,0.9990554891819085,0.009946261441056148,0.000944510818091529,0.0005091159436919591,0.009437145497364168,23
4066312,good,"Work, Wealth, Status & Institutions",0.06710769425970319,0.06717113812632702,0.9990554891819085,0.009946261441056148,0.000944510818091529,0.0005091159436919591,0.009437145497364168,23
40727118,good,"Conflict, Risk & Harm",0.026904480687228446,0.026946275015474138,0.9984489756665182,0.0009556739900230538,0.0015510243334817355,0.0008931609476053017,6.251304241768888e-05,9
40727118,good,Embodied & Sensory Experience,0.02199826717663881,0.02203244002724705,0.9984489756665182,0.0009556739900230538,0.0015510243334817355,0.0008931609476053017,6.251304241768888e-05,5
40727118,good,"Emotions, Cognition & Inner Life",0.20338994474486458,0.20370589754883656,0.9984489756665182,0.0009556739900230538,0.0015510243334817355,0.0008931609476053017,6.251304241768888e-05,57
40727118,good,Relationship Trajectory (Main Couple),0.3659496842674339,0.36651816285668765,0.9984489756665182,0.0009556739900230538,0.0015510243334817355,0.0008931609476053017,6.251304241768888e-05,156
40727118,good,"Sexuality, Attraction & Intimacy",0.15298452000096802,0.15322217131710977,0.9984489756665182,0.0009556739900230538,0.0015510243334817355,0.0008931609476053017,6.251304241768888e-05,53
40727118,good,Social World Outside Couple,0.09167799046146896,0.09182040614571113,0.9984489756665182,0.0009556739900230538,0.0015510243334817355,0.0008931609476053017,6.251304241768888e-05,33
40727118,good,"Spaces, Time, Activities & Objects",0.06874325631088941,0.06885004440512306,0.9984489756665182,0.0009556739900230538,0.0015510243334817355,0.0008931609476053017,6.251304241768888e-05,23
40727118,good,"Work, Wealth, Status & Institutions",0.06673831897460845,0.06684199253152326,0.9984489756665182,0.0009556739900230538,0.0015510243334817355,0.0008931609476053017,6.251304241768888e-05,23
42427664,bad,"Conflict, Risk & Harm",0.02425045381296477,0.0242948963668268,0.9981707041186347,0.0013922658924465647,0.0018292958813653204,0.0009667144714094396,0.0004255514210371946,9
42427664,bad,Embodied & Sensory Experience,0.020466754223626094,0.020504262586726423,0.9981707041186347,0.0013922658924465647,0.0018292958813653204,0.0009667144714094396,0.0004255514210371946,5
42427664,bad,"Emotions, Cognition & Inner Life",0.2161286831538081,0.2165247710256589,0.9981707041186347,0.0013922658924465647,0.0018292958813653204,0.0009667144714094396,0.0004255514210371946,57
42427664,bad,Relationship Trajectory (Main Couple),0.36301626904042766,0.36368155020234133,0.9981707041186347,0.0013922658924465647,0.0018292958813653204,0.0009667144714094396,0.0004255514210371946,156
42427664,bad,"Sexuality, Attraction & Intimacy",0.1641817437400048,0.1644826311397048,0.9981707041186347,0.0013922658924465647,0.0018292958813653204,0.0009667144714094396,0.0004255514210371946,53
42427664,bad,Social World Outside Couple,0.07972193877245765,0.07986804105100496,0.9981707041186347,0.0013922658924465647,0.0018292958813653204,0.0009667144714094396,0.0004255514210371946,33
42427664,bad,"Spaces, Time, Activities & Objects",0.06315561748362636,0.06327135952100651,0.9981707041186347,0.0013922658924465647,0.0018292958813653204,0.0009667144714094396,0.0004255514210371946,23
42427664,bad,"Work, Wealth, Status & Institutions",0.06682369247068208,0.0669461567995888,0.9981707041186347,0.0013922658924465647,0.0018292958813653204,0.0009667144714094396,0.0004255514210371946,23
43728457,bad,"Conflict, Risk & Harm",0.016593829776439157,0.01662899577065034,0.9978852604994194,0.001604278373208201,0.0021147395005806004,0.0015335314771367584,7.074689607151361e-05,9
43728457,bad,Embodied & Sensory Experience,0.01350422349616466,0.013532841931552428,0.9978852604994194,0.001604278373208201,0.0021147395005806004,0.0015335314771367584,7.074689607151361e-05,5
43728457,bad,"Emotions, Cognition & Inner Life",0.18636792413016431,0.18676287896755916,0.9978852604994194,0.001604278373208201,0.0021147395005806004,0.0015335314771367584,7.074689607151361e-05,57
43728457,bad,Relationship Trajectory (Main Couple),0.3232003605840069,0.323885293608057,0.9978852604994194,0.001604278373208201,0.0021147395005806004,0.0015335314771367584,7.074689607151361e-05,156
43728457,bad,"Sexuality, Attraction & Intimacy",0.19558568493681297,0.19600017424741467,0.9978852604994194,0.001604278373208201,0.0021147395005806004,0.0015335314771367584,7.074689607151361e-05,53
43728457,bad,Social World Outside Couple,0.12840745931899375,0.1286795831163281,0.9978852604994194,0.001604278373208201,0.0021147395005806004,0.0015335314771367584,7.074689607151361e-05,33
43728457,bad,"Spaces, Time, Activities & Objects",0.08092360930389719,0.08109510432431553,0.9978852604994194,0.001604278373208201,0.0021147395005806004,0.0015335314771367584,7.074689607151361e-05,23
43728457,bad,"Work, Wealth, Status & Institutions",0.05323142205686893,0.05334423120973626,0.9978852604994194,0.001604278373208201,0.0021147395005806004,0.0015335314771367584,7.074689607151361e-05,23
44099084,mid,"Conflict, Risk & Harm",0.0179229764501013,0.01795664039840483,0.9981252646621737,0.0012688606478880038,0.001874735337826282,0.0012113915090156606,5.7469138872357415e-05,9
44099084,mid,Embodied & Sensory Experience,0.01828274386007006,0.018317083543875682,0.9981252646621737,0.0012688606478880038,0.001874735337826282,0.0012113915090156606,5.7469138872357415e-05,5
44099084,mid,"Emotions, Cognition & Inner Life",0.19521155874978208,0.1955782161428942,0.9981252646621737,0.0012688606478880038,0.001874735337826282,0.0012113915090156606,5.7469138872357415e-05,57
44099084,mid,Relationship Trajectory (Main Couple),0.35755689049682415,0.3582284740761904,0.9981252646621737,0.0012688606478880038,0.001874735337826282,0.0012113915090156606,5.7469138872357415e-05,156
44099084,mid,"Sexuality, Attraction & Intimacy",0.17197431892111864,0.1722973308158122,0.9981252646621737,0.0012688606478880038,0.001874735337826282,0.0012113915090156606,5.7469138872357415e-05,53
44099084,mid,Social World Outside Couple,0.08551176367928173,0.08567237671137812,0.9981252646621737,0.0012688606478880038,0.001874735337826282,0.0012113915090156606,5.7469138872357415e-05,33
44099084,mid,"Spaces, Time, Activities & Objects",0.09076730625254993,0.09093779054202292,0.9981252646621737,0.0012688606478880038,0.001874735337826282,0.0012113915090156606,5.7469138872357415e-05,23
44099084,mid,"Work, Wealth, Status & Institutions",0.06084023711357336,0.06095451068876149,0.9981252646621737,0.0012688606478880038,0.001874735337826282,0.0012113915090156606,5.7469138872357415e-05,23
44168447,bad,"Conflict, Risk & Harm",0.016030787441243435,0.01606100977721391,0.998118279212223,0.0008496331243285082,0.0018817207877771859,0.0007917349616197726,5.789816270859838e-05,9
44168447,bad,Embodied & Sensory Experience,0.014308236485456375,0.014335211350652074,0.998118279212223,0.0008496331243285082,0.0018817207877771859,0.0007917349616197726,5.789816270859838e-05,5
44168447,bad,"Emotions, Cognition & Inner Life",0.21372193059965727,0.21412485378821028,0.998118279212223,0.0008496331243285082,0.0018817207877771859,0.0007917349616197726,5.789816270859838e-05,57
44168447,bad,Relationship Trajectory (Main Couple),0.34945800369802693,0.350116825807299,0.998118279212223,0.0008496331243285082,0.0018817207877771859,0.0007917349616197726,5.789816270859838e-05,156
44168447,bad,"Sexuality, Attraction & Intimacy",0.21555133317729838,0.21595770528060554,0.998118279212223,0.0008496331243285082,0.0018817207877771859,0.0007917349616197726,5.789816270859838e-05,53
44168447,bad,Social World Outside Couple,0.050677649226364314,0.05077319019381377,0.998118279212223,0.0008496331243285082,0.0018817207877771859,0.0007917349616197726,5.789816270859838e-05,33
44168447,bad,"Spaces, Time, Activities & Objects",0.07746046504133365,0.0776064988033986,0.998118279212223,0.0008496331243285082,0.0018817207877771859,0.0007917349616197726,5.789816270859838e-05,23
44168447,bad,"Work, Wealth, Status & Institutions",0.060851975380133976,0.0609666976825253,0.998118279212223,0.0008496331243285082,0.0018817207877771859,0.0007917349616197726,5.789816270859838e-05,23
45156972,mid,"Conflict, Risk & Harm",0.022118789091120767,0.02216585979854281,0.9978764321415974,0.0011183840926555222,0.0021235678584027454,0.0009352372654397766,0.00018314682721581088,9
45156972,mid,Embodied & Sensory Experience,0.01846632921635772,0.018505627171418525,0.9978764321415974,0.0011183840926555222,0.0021235678584027454,0.0009352372654397766,0.00018314682721581088,5
45156972,mid,"Emotions, Cognition & Inner Life",0.18382303018610338,0.18421422158612433,0.9978764321415974,0.0011183840926555222,0.0021235678584027454,0.0009352372654397766,0.00018314682721581088,57
45156972,mid,Relationship Trajectory (Main Couple),0.38968668075776564,0.3905159679154238,0.9978764321415974,0.0011183840926555222,0.0021235678584027454,0.0009352372654397766,0.00018314682721581088,156
45156972,mid,"Sexuality, Attraction & Intimacy",0.1740650183960894,0.17443544389811763,0.9978764321415974,0.0011183840926555222,0.0021235678584027454,0.0009352372654397766,0.00018314682721581088,53
45156972,mid,Social World Outside Couple,0.06809141065558023,0.06823631510110477,0.9978764321415974,0.0011183840926555222,0.0021235678584027454,0.0009352372654397766,0.00018314682721581088,33
45156972,mid,"Spaces, Time, Activities & Objects",0.07226883498432476,0.07242262935223819,0.9978764321415974,0.0011183840926555222,0.0021235678584027454,0.0009352372654397766,0.00018314682721581088,23
45156972,mid,"Work, Wealth, Status & Institutions",0.06917319202703959,0.06932039859743275,0.9978764321415974,0.0011183840926555222,0.0021235678584027454,0.0009352372654397766,0.00018314682721581088,23
45857023,good,"Conflict, Risk & Harm",0.01999957156997063,0.020044392734533192,0.9977639050902578,0.0018119394047885207,0.002236094909742305,0.0015485645389763346,0.0002633748658120965,9
45857023,good,Embodied & Sensory Experience,0.015605596628245948,0.015640570428165832,0.9977639050902578,0.0018119394047885207,0.002236094909742305,0.0015485645389763346,0.0002633748658120965,5
45857023,good,"Emotions, Cognition & Inner Life",0.1939667194060983,0.19440141943053357,0.9977639050902578,0.0018119394047885207,0.002236094909742305,0.0015485645389763346,0.0002633748658120965,57
45857023,good,Relationship Trajectory (Main Couple),0.36509228737494287,0.36591049797689024,0.9977639050902578,0.0018119394047885207,0.002236094909742305,0.0015485645389763346,0.0002633748658120965,156
45857023,good,"Sexuality, Attraction & Intimacy",0.20299490269183884,0.20344983583413542,0.9977639050902578,0.0018119394047885207,0.002236094909742305,0.0015485645389763346,0.0002633748658120965,53
45857023,good,Social World Outside Couple,0.059798032137839706,0.05993204588056367,0.9977639050902578,0.0018119394047885207,0.002236094909742305,0.0015485645389763346,0.0002633748658120965,33
45857023,good,"Spaces, Time, Activities & Objects",0.08741613041392024,0.08761203924891688,0.9977639050902578,0.0018119394047885207,0.002236094909742305,0.0015485645389763346,0.0002633748658120965,23
45857023,good,"Work, Wealth, Status & Institutions",0.05262729000158917,0.05274523334939492,0.9977639050902578,0.0018119394047885207,0.002236094909742305,0.0015485645389763346,0.0002633748658120965,23
46142566,bad,"Conflict, Risk & Harm",0.01721557473826265,0.01723522127864525,0.998860093522156,0.0006295534038176509,0.0011399064778439996,0.0005772812995800265,5.227210423765614e-05,9
46142566,bad,Embodied & Sensory Experience,0.011966194118182718,0.011979850026831903,0.998860093522156,0.0006295534038176509,0.0011399064778439996,0.0005772812995800265,5.227210423765614e-05,5
46142566,bad,"Emotions, Cognition & Inner Life",0.20660605371485202,0.20684183406138773,0.998860093522156,0.0006295534038176509,0.0011399064778439996,0.0005772812995800265,5.227210423765614e-05,57
46142566,bad,Relationship Trajectory (Main Couple),0.3559623915452304,0.35636861844189266,0.998860093522156,0.0006295534038176509,0.0011399064778439996,0.0005772812995800265,5.227210423765614e-05,156
46142566,bad,"Sexuality, Attraction & Intimacy",0.2281926648401998,0.2284530799859592,0.998860093522156,0.0006295534038176509,0.0011399064778439996,0.0005772812995800265,5.227210423765614e-05,53
46142566,bad,Social World Outside Couple,0.05691701427453796,0.05698196838942537,0.998860093522156,0.0006295534038176509,0.0011399064778439996,0.0005772812995800265,5.227210423765614e-05,33
46142566,bad,"Spaces, Time, Activities & Objects",0.07473764420401555,0.0748229353527154,0.998860093522156,0.0006295534038176509,0.0011399064778439996,0.0005772812995800265,5.227210423765614e-05,23
46142566,bad,"Work, Wealth, Status & Institutions",0.04721028398263723,0.047264160705595394,0.998860093522156,0.0006295534038176509,0.0011399064778439996,0.0005772812995800265,5.227210423765614e-05,23
48572514,good,"Conflict, Risk & Harm",0.020560079577187685,0.02059947396634142,0.9980876021777011,0.0009889369022273442,0.0019123978222990315,0.0009128481700070696,7.608873222017366e-05,9
48572514,good,Embodied & Sensory Experience,0.02167478233789949,0.021716312566760525,0.9980876021777011,0.0009889369022273442,0.0019123978222990315,0.0009128481700070696,7.608873222017366e-05,5
48572514,good,"Emotions, Cognition & Inner Life",0.1827202602178425,0.1830703635824851,0.9980876021777011,0.0009889369022273442,0.0019123978222990315,0.0009128481700070696,7.608873222017366e-05,57
48572514,good,Relationship Trajectory (Main Couple),0.3617059518431178,0.3623990029070806,0.9980876021777011,0.0009889369022273442,0.0019123978222990315,0.0009128481700070696,7.608873222017366e-05,156
48572514,good,"Sexuality, Attraction & Intimacy",0.14443349886575843,0.1447102424182234,0.9980876021777011,0.0009889369022273442,0.0019123978222990315,0.0009128481700070696,7.608873222017366e-05,53
48572514,good,Social World Outside Couple,0.13322165180549894,0.1334769127627937,0.9980876021777011,0.0009889369022273442,0.0019123978222990315,0.0009128481700070696,7.608873222017366e-05,33
48572514,good,"Spaces, Time, Activities & Objects",0.07144409387013947,0.07158098519033548,0.9980876021777011,0.0009889369022273442,0.0019123978222990315,0.0009128481700070696,7.608873222017366e-05,23
48572514,good,"Work, Wealth, Status & Institutions",0.06225119492803663,0.06237047208302396,0.9980876021777011,0.0009889369022273442,0.0019123978222990315,0.0009128481700070696,7.608873222017366e-05,23
49571946,good,"Conflict, Risk & Harm",0.01754197207988776,0.017555828936945173,0.9992106976487876,0.0011100919796678266,0.0007893023512124352,0.000425584789018233,0.0006845071906495603,9
49571946,good,Embodied & Sensory Experience,0.027661300436243257,0.02768315081226835,0.9992106976487876,0.0011100919796678266,0.0007893023512124352,0.000425584789018233,0.0006845071906495603,5
49571946,good,"Emotions, Cognition & Inner Life",0.18729683326168844,0.1874447838703198,0.9992106976487876,0.0011100919796678266,0.0007893023512124352,0.000425584789018233,0.0006845071906495603,57
49571946,good,Relationship Trajectory (Main Couple),0.3425219075958807,0.342792474501983,0.9992106976487876,0.0011100919796678266,0.0007893023512124352,0.000425584789018233,0.0006845071906495603,156
49571946,good,"Sexuality, Attraction & Intimacy",0.2183567926613006,0.21852927833449876,0.9992106976487876,0.0011100919796678266,0.0007893023512124352,0.000425584789018233,0.0006845071906495603,53
49571946,good,Social World Outside Couple,0.06170496485096861,0.06175370719725549,0.9992106976487876,0.0011100919796678266,0.0007893023512124352,0.000425584789018233,0.0006845071906495603,33
49571946,good,"Spaces, Time, Activities & Objects",0.07126476272421313,0.07132105660187994,0.9992106976487876,0.0011100919796678266,0.0007893023512124352,0.000425584789018233,0.0006845071906495603,23
49571946,good,"Work, Wealth, Status & Institutions",0.0721776568479555,0.07223467184428126,0.9992106976487876,0.0011100919796678266,0.0007893023512124352,0.000425584789018233,0.0006845071906495603,23
51208558,bad,"Conflict, Risk & Harm",0.02014297909067578,0.020178707231941043,0.9982294137649855,0.0005863772457295191,0.0017705862350144408,0.0005410090342561108,4.536821147342363e-05,9
51208558,bad,Embodied & Sensory Experience,0.01588095079072777,0.015909119258297716,0.9982294137649855,0.0005863772457295191,0.0017705862350144408,0.0005410090342561108,4.536821147342363e-05,5
51208558,bad,"Emotions, Cognition & Inner Life",0.1937585459230896,0.1941022206431461,0.9982294137649855,0.0005863772457295191,0.0017705862350144408,0.0005410090342561108,4.536821147342363e-05,57
51208558,bad,Relationship Trajectory (Main Couple),0.37124426718271836,0.3719027530780824,0.9982294137649855,0.0005863772457295191,0.0017705862350144408,0.0005410090342561108,4.536821147342363e-05,156
51208558,bad,"Sexuality, Attraction & Intimacy",0.20381948387139226,0.20418100394643124,0.9982294137649855,0.0005863772457295191,0.0017705862350144408,0.0005410090342561108,4.536821147342363e-05,53
51208558,bad,Social World Outside Couple,0.05868533150336885,0.05878942324693431,0.9982294137649855,0.0005863772457295191,0.0017705862350144408,0.0005410090342561108,4.536821147342363e-05,33
51208558,bad,"Spaces, Time, Activities & Objects",0.08531394327898677,0.08546526690413907,0.9982294137649855,0.0005863772457295191,0.0017705862350144408,0.0005410090342561108,4.536821147342363e-05,23
51208558,bad,"Work, Wealth, Status & Institutions",0.0493385439125527,0.04942605700874342,0.9982294137649855,0.0005863772457295191,0.0017705862350144408,0.0005410090342561108,4.536821147342363e-05,23
51778361,mid,"Conflict, Risk & Harm",0.02343464374036406,0.02347528362781729,0.9982688223027443,0.0012602492633202456,0.0017311776972557273,0.001214685542822486,4.5563720497766054e-05,9
51778361,mid,Embodied & Sensory Experience,0.021634899845258283,0.021672418653076078,0.9982688223027443,0.0012602492633202456,0.0017311776972557273,0.001214685542822486,4.5563720497766054e-05,5
51778361,mid,"Emotions, Cognition & Inner Life",0.1900238219664463,0.1903533574534675,0.9982688223027443,0.0012602492633202456,0.0017311776972557273,0.001214685542822486,4.5563720497766054e-05,57
51778361,mid,Relationship Trajectory (Main Couple),0.3491671402035691,0.3497726588296448,0.9982688223027443,0.0012602492633202456,0.0017311776972557273,0.001214685542822486,4.5563720497766054e-05,156
51778361,mid,"Sexuality, Attraction & Intimacy",0.19854611600667638,0.19889043068447493,0.9982688223027443,0.0012602492633202456,0.0017311776972557273,0.001214685542822486,4.5563720497766054e-05,53
51778361,mid,Social World Outside Couple,0.06321735834568024,0.06332698861600664,0.9982688223027443,0.0012602492633202456,0.0017311776972557273,0.001214685542822486,4.5563720497766054e-05,33
51778361,mid,"Spaces, Time, Activities & Objects",0.08576715572936823,0.08591589140440739,0.9982688223027443,0.0012602492633202456,0.0017311776972557273,0.001214685542822486,4.5563720497766054e-05,23
51778361,mid,"Work, Wealth, Status & Institutions",0.06643212274488394,0.0665473279949207,0.9982688223027443,0.0012602492633202456,0.0017311776972557273,0.001214685542822486,4.5563720497766054e-05,23
53490997,mid,"Conflict, Risk & Harm",0.015313018281785724,0.015324344683218121,0.9992608883664174,0.00046625545111622646,0.0007391116335825408,0.0003940077002861867,7.224775082993538e-05,9
53490997,mid,Embodied & Sensory Experience,0.014044670547151352,0.01405505880462454,0.9992608883664174,0.00046625545111622646,0.0007391116335825408,0.0003940077002861867,7.224775082993538e-05,5
53490997,mid,"Emotions, Cognition & Inner Life",0.19316503681273603,0.19330791294005362,0.9992608883664174,0.00046625545111622646,0.0007391116335825408,0.0003940077002861867,7.224775082993538e-05,57
53490997,mid,Relationship Trajectory (Main Couple),0.36319780347773317,0.3634664457562085,0.9992608883664174,0.00046625545111622646,0.0007391116335825408,0.0003940077002861867,7.224775082993538e-05,156
53490997,mid,"Sexuality, Attraction & Intimacy",0.21817741540364596,0.2183387921449827,0.9992608883664174,0.00046625545111622646,0.0007391116335825408,0.0003940077002861867,7.224775082993538e-05,53
53490997,mid,Social World Outside Couple,0.06133839385972479,0.06138376331330273,0.9992608883664174,0.00046625545111622646,0.0007391116335825408,0.0003940077002861867,7.224775082993538e-05,33
53490997,mid,"Spaces, Time, Activities & Objects",0.07856089560387278,0.07861900382421994,0.9992608883664174,0.00046625545111622646,0.0007391116335825408,0.0003940077002861867,7.224775082993538e-05,23
53490997,mid,"Work, Wealth, Status & Institutions",0.055391406628937524,0.05543237734390955,0.9992608883664174,0.00046625545111622646,0.0007391116335825408,0.0003940077002861867,7.224775082993538e-05,23
53491020,good,"Conflict, Risk & Harm",0.016365621410264975,0.016384495108929198,0.9988480756630738,0.0005201253193769517,0.0011519243369263088,0.00042487548656953885,9.524983280748082e-05,9
53491020,good,Embodied & Sensory Experience,0.011368283847665524,0.01138139435280868,0.9988480756630738,0.0005201253193769517,0.0011519243369263088,0.00042487548656953885,9.524983280748082e-05,5
53491020,good,"Emotions, Cognition & Inner Life",0.1735814600258286,0.17378164333009158,0.9988480756630738,0.0005201253193769517,0.0011519243369263088,0.00042487548656953885,9.524983280748082e-05,57
53491020,good,Relationship Trajectory (Main Couple),0.35504429958745165,0.35545375541897056,0.9988480756630738,0.0005201253193769517,0.0011519243369263088,0.00042487548656953885,9.524983280748082e-05,156
53491020,good,"Sexuality, Attraction & Intimacy",0.22006541334541171,0.22031920439885097,0.9988480756630738,0.0005201253193769517,0.0011519243369263088,0.00042487548656953885,9.524983280748082e-05,53
53491020,good,Social World Outside Couple,0.10403259646290577,0.10415257234574431,0.9988480756630738,0.0005201253193769517,0.0011519243369263088,0.00042487548656953885,9.524983280748082e-05,33
53491020,good,"Spaces, Time, Activities & Objects",0.07433320968545179,0.07441893466742332,0.9988480756630738,0.0005201253193769517,0.0011519243369263088,0.00042487548656953885,9.524983280748082e-05,23
53491020,good,"Work, Wealth, Status & Institutions",0.04396194146528619,0.044012640697237725,0.9988480756630738,0.0005201253193769517,0.0011519243369263088,0.00042487548656953885,9.524983280748082e-05,23
53491063,good,"Conflict, Risk & Harm",0.016118550109299877,0.016129889979552822,0.9992969654308046,0.00044869714362572033,0.0007030345691954212,0.0003933781277840226,5.531901584179302e-05,9
53491063,good,Embodied & Sensory Experience,0.027162185996763108,0.02718129538705572,0.9992969654308046,0.00044869714362572033,0.0007030345691954212,0.0003933781277840226,5.531901584179302e-05,5
53491063,good,"Emotions, Cognition & Inner Life",0.1828719475918759,0.18300060334220908,0.9992969654308046,0.00044869714362572033,0.0007030345691954212,0.0003933781277840226,5.531901584179302e-05,57
53491063,good,Relationship Trajectory (Main Couple),0.2887263491310443,0.28892947654111223,0.9992969654308046,0.00044869714362572033,0.0007030345691954212,0.0003933781277840226,5.531901584179302e-05,156
53491063,good,"Sexuality, Attraction & Intimacy",0.3044959404254918,0.3047101622031057,0.9992969654308046,0.00044869714362572033,0.0007030345691954212,0.0003933781277840226,5.531901584179302e-05,53
53491063,good,Social World Outside Couple,0.04647310825210171,0.04650580343958794,0.9992969654308046,0.00044869714362572033,0.0007030345691954212,0.0003933781277840226,5.531901584179302e-05,33
53491063,good,"Spaces, Time, Activities & Objects",0.07989630321686139,0.0799525125971112,0.9992969654308046,0.00044869714362572033,0.0007030345691954212,0.0003933781277840226,5.531901584179302e-05,23
53491063,good,"Work, Wealth, Status & Institutions",0.05349726169152481,0.05353489857588202,0.9992969654308046,0.00044869714362572033,0.0007030345691954212,0.0003933781277840226,5.531901584179302e-05,23
54474410,bad,"Conflict, Risk & Harm",0.019837317080647215,0.01986953465937005,0.9983785438725592,0.0015316372243123766,0.0016214561274407952,0.0009351807947836261,0.0005964564295287787,9
54474410,bad,Embodied & Sensory Experience,0.027799338326289974,0.027844486940254695,0.9983785438725592,0.0015316372243123766,0.0016214561274407952,0.0009351807947836261,0.0005964564295287787,5
54474410,bad,"Emotions, Cognition & Inner Life",0.1898276737130473,0.19013597084802572,0.9983785438725592,0.0015316372243123766,0.0016214561274407952,0.0009351807947836261,0.0005964564295287787,57
54474410,bad,Relationship Trajectory (Main Couple),0.35658326885311015,0.35716239200211336,0.9983785438725592,0.0015316372243123766,0.0016214561274407952,0.0009351807947836261,0.0005964564295287787,156
54474410,bad,"Sexuality, Attraction & Intimacy",0.20925295854549655,0.20959280408194272,0.9983785438725592,0.0015316372243123766,0.0016214561274407952,0.0009351807947836261,0.0005964564295287787,53
54474410,bad,Social World Outside Couple,0.05563016602176184,0.055720514391245674,0.9983785438725592,0.0015316372243123766,0.0016214561274407952,0.0009351807947836261,0.0005964564295287787,33
54474410,bad,"Spaces, Time, Activities & Objects",0.07607782514269935,0.07620138234101566,0.9983785438725592,0.0015316372243123766,0.0016214561274407952,0.0009351807947836261,0.0005964564295287787,23
54474410,bad,"Work, Wealth, Status & Institutions",0.062773539759978,0.06287548960786853,0.9983785438725592,0.0015316372243123766,0.0016214561274407952,0.0009351807947836261,0.0005964564295287787,23
55538972,mid,"Conflict, Risk & Harm",0.01994483730616017,0.01998741989798355,0.997869530332543,0.0018138661728761551,0.002130469667456992,0.0017635341939618878,5.033197891423045e-05,9
55538972,mid,Embodied & Sensory Experience,0.019421987849427714,0.01946345414811421,0.997869530332543,0.0018138661728761551,0.002130469667456992,0.0017635341939618878,5.033197891423045e-05,5
55538972,mid,"Emotions, Cognition & Inner Life",0.1960140035725355,0.19643249704920168,0.997869530332543,0.0018138661728761551,0.002130469667456992,0.0017635341939618878,5.033197891423045e-05,57
55538972,mid,Relationship Trajectory (Main Couple),0.3759945131279528,0.37679726827880144,0.997869530332543,0.0018138661728761551,0.002130469667456992,0.0017635341939618878,5.033197891423045e-05,156
55538972,mid,"Sexuality, Attraction & Intimacy",0.17142199095105182,0.17178798003174314,0.997869530332543,0.0018138661728761551,0.002130469667456992,0.0017635341939618878,5.033197891423045e-05,53
55538972,mid,Social World Outside Couple,0.05596410171133541,0.0560835860903431,0.997869530332543,0.0018138661728761551,0.002130469667456992,0.0017635341939618878,5.033197891423045e-05,33
55538972,mid,"Spaces, Time, Activities & Objects",0.08370996070843373,0.08388868300301457,0.997869530332543,0.0018138661728761551,0.002130469667456992,0.0017635341939618878,5.033197891423045e-05,23
55538972,mid,"Work, Wealth, Status & Institutions",0.07534780312673156,0.07550867206219002,0.997869530332543,0.0018138661728761551,0.002130469667456992,0.0017635341939618878,5.033197891423045e-05,23
55583305,bad,"Conflict, Risk & Harm",0.023378738334066805,0.02349360425962505,0.9951107576219947,0.004087267166886455,0.004889242378005162,0.00402728724388153,5.997992300501061e-05,9
55583305,bad,Embodied & Sensory Experience,0.017804472474874898,0.017891950557767107,0.9951107576219947,0.004087267166886455,0.004889242378005162,0.00402728724388153,5.997992300501061e-05,5
55583305,bad,"Emotions, Cognition & Inner Life",0.18588555719414857,0.1867988621069249,0.9951107576219947,0.004087267166886455,0.004889242378005162,0.00402728724388153,5.997992300501061e-05,57
55583305,bad,Relationship Trajectory (Main Couple),0.35998342318079857,0.36175211696137927,0.9951107576219947,0.004087267166886455,0.004889242378005162,0.00402728724388153,5.997992300501061e-05,156
55583305,bad,"Sexuality, Attraction & Intimacy",0.17426603474216815,0.1751222498675522,0.9951107576219947,0.004087267166886455,0.004889242378005162,0.00402728724388153,5.997992300501061e-05,53
55583305,bad,Social World Outside Couple,0.07187844309145414,0.07223160089558399,0.9951107576219947,0.004087267166886455,0.004889242378005162,0.00402728724388153,5.997992300501061e-05,33
55583305,bad,"Spaces, Time, Activities & Objects",0.09499704695354458,0.09546379257376132,0.9951107576219947,0.004087267166886455,0.004889242378005162,0.00402728724388153,5.997992300501061e-05,23
55583305,bad,"Work, Wealth, Status & Institutions",0.06685706172793404,0.0671855481571736,0.9951107576219947,0.004087267166886455,0.004889242378005162,0.00402728724388153,5.997992300501061e-05,23
55590890,bad,"Conflict, Risk & Harm",0.025977897277182093,0.026017719319870253,0.99846942607849,0.000678638275129706,0.0015305739215100548,0.0006295058229852251,4.913245214452187e-05,9
55590890,bad,Embodied & Sensory Experience,0.02055196189838545,0.020583466415294977,0.99846942607849,0.000678638275129706,0.0015305739215100548,0.0006295058229852251,4.913245214452187e-05,5
55590890,bad,"Emotions, Cognition & Inner Life",0.20040009281340676,0.2007072901575789,0.99846942607849,0.000678638275129706,0.0015305739215100548,0.0006295058229852251,4.913245214452187e-05,57
55590890,bad,Relationship Trajectory (Main Couple),0.34166946980385987,0.34219322182530315,0.99846942607849,0.000678638275129706,0.0015305739215100548,0.0006295058229852251,4.913245214452187e-05,156
55590890,bad,"Sexuality, Attraction & Intimacy",0.20974222605439138,0.21006374414303147,0.99846942607849,0.000678638275129706,0.0015305739215100548,0.0006295058229852251,4.913245214452187e-05,53
55590890,bad,Social World Outside Couple,0.060594313880927286,0.06068720012681084,0.99846942607849,0.000678638275129706,0.0015305739215100548,0.0006295058229852251,4.913245214452187e-05,33
55590890,bad,"Spaces, Time, Activities & Objects",0.06887345862203947,0.06897903613587995,0.99846942607849,0.000678638275129706,0.0015305739215100548,0.0006295058229852251,4.913245214452187e-05,23
55590890,bad,"Work, Wealth, Status & Institutions",0.0706108732761532,0.07071911410795914,0.99846942607849,0.000678638275129706,0.0015305739215100548,0.0006295058229852251,4.913245214452187e-05,23
55738401,mid,"Conflict, Risk & Harm",0.02104065650938,0.02107506245735042,0.9983674568917627,0.0011468374093234202,0.0016325431082373242,0.0011061547022851125,4.06827070383344e-05,9
55738401,mid,Embodied & Sensory Experience,0.016687128553345386,0.016714415557271625,0.9983674568917627,0.0011468374093234202,0.0016325431082373242,0.0011061547022851125,4.06827070383344e-05,5
55738401,mid,"Emotions, Cognition & Inner Life",0.17705942905911176,0.17734895887968385,0.9983674568917627,0.0011468374093234202,0.0016325431082373242,0.0011061547022851125,4.06827070383344e-05,57
55738401,mid,Relationship Trajectory (Main Couple),0.3132884848415792,0.31380077813928997,0.9983674568917627,0.0011468374093234202,0.0016325431082373242,0.0011061547022851125,4.06827070383344e-05,156
55738401,mid,"Sexuality, Attraction & Intimacy",0.20151093418078803,0.2018404474121743,0.9983674568917627,0.0011468374093234202,0.0016325431082373242,0.0011061547022851125,4.06827070383344e-05,53
55738401,mid,Social World Outside Couple,0.1163794396542267,0.11656974478770886,0.9983674568917627,0.0011468374093234202,0.0016325431082373242,0.0011061547022851125,4.06827070383344e-05,33
55738401,mid,"Spaces, Time, Activities & Objects",0.08988958610821278,0.09003657469772484,0.9983674568917627,0.0011468374093234202,0.0016325431082373242,0.0011061547022851125,4.06827070383344e-05,23
55738401,mid,"Work, Wealth, Status & Institutions",0.06247111527808054,0.06257326883688007,0.9983674568917627,0.0011468374093234202,0.0016325431082373242,0.0011061547022851125,4.06827070383344e-05,23
55817097,bad,"Conflict, Risk & Harm",0.0309058279712027,0.03098067918874913,0.9975839387803475,0.0042708857842138626,0.0024160612196524444,0.0017875421775676661,0.0024833436066461967,9
55817097,bad,Embodied & Sensory Experience,0.018825348186794023,0.018870941536819463,0.9975839387803475,0.0042708857842138626,0.0024160612196524444,0.0017875421775676661,0.0024833436066461967,5
55817097,bad,"Emotions, Cognition & Inner Life",0.2278849705067211,0.2284368880129874,0.9975839387803475,0.0042708857842138626,0.0024160612196524444,0.0017875421775676661,0.0024833436066461967,57
55817097,bad,Relationship Trajectory (Main Couple),0.3583743763860794,0.35924232784283816,0.9975839387803475,0.0042708857842138626,0.0024160612196524444,0.0017875421775676661,0.0024833436066461967,156
55817097,bad,"Sexuality, Attraction & Intimacy",0.15107425038472166,0.15144013903173503,0.9975839387803475,0.0042708857842138626,0.0024160612196524444,0.0017875421775676661,0.0024833436066461967,53
55817097,bad,Social World Outside Couple,0.07226167480995135,0.0724366862785491,0.9975839387803475,0.0042708857842138626,0.0024160612196524444,0.0017875421775676661,0.0024833436066461967,33
55817097,bad,"Spaces, Time, Activities & Objects",0.067648111517073,0.06781194933809782,0.9975839387803475,0.0042708857842138626,0.0024160612196524444,0.0017875421775676661,0.0024833436066461967,23
55817097,bad,"Work, Wealth, Status & Institutions",0.06812603541115803,0.06829103072213588,0.9975839387803475,0.0042708857842138626,0.0024160612196524444,0.0017875421775676661,0.0024833436066461967,23
55849103,mid,"Conflict, Risk & Harm",0.0218840669411592,0.02191286295073137,0.9986858855624244,0.0005148967913906066,0.0013141144375756557,0.0004490554722835792,6.584131910711979e-05,9
55849103,mid,Embodied & Sensory Experience,0.01781575898184772,0.01783920173440172,0.9986858855624244,0.0005148967913906066,0.0013141144375756557,0.0004490554722835792,6.584131910711979e-05,5
55849103,mid,"Emotions, Cognition & Inner Life",0.21414031952633686,0.214422094696713,0.9986858855624244,0.0005148967913906066,0.0013141144375756557,0.0004490554722835792,6.584131910711979e-05,57
55849103,mid,Relationship Trajectory (Main Couple),0.3507280401027397,0.35118954335198416,0.9986858855624244,0.0005148967913906066,0.0013141144375756557,0.0004490554722835792,6.584131910711979e-05,156
55849103,mid,"Sexuality, Attraction & Intimacy",0.18405515992870353,0.1842973477341679,0.9986858855624244,0.0005148967913906066,0.0013141144375756557,0.0004490554722835792,6.584131910711979e-05,53
55849103,mid,Social World Outside Couple,0.06695422622836808,0.06704232751888932,0.9986858855624244,0.0005148967913906066,0.0013141144375756557,0.0004490554722835792,6.584131910711979e-05,33
55849103,mid,"Spaces, Time, Activities & Objects",0.06859420667933618,0.06868446592764886,0.9986858855624244,0.0005148967913906066,0.0013141144375756557,0.0004490554722835792,6.584131910711979e-05,23
55849103,mid,"Work, Wealth, Status & Institutions",0.07444826585482603,0.07454622812947778,0.9986858855624244,0.0005148967913906066,0.0013141144375756557,0.0004490554722835792,6.584131910711979e-05,23
56916467,good,"Conflict, Risk & Harm",0.021692593587994656,0.021722562570629867,0.9986203753568315,0.000799587507559929,0.0013796246431685964,0.0007356822388721501,6.39052686878542e-05,9
56916467,good,Embodied & Sensory Experience,0.016561669087569262,0.016584549540811615,0.9986203753568315,0.000799587507559929,0.0013796246431685964,0.0007356822388721501,6.39052686878542e-05,5
56916467,good,"Emotions, Cognition & Inner Life",0.18545668693939235,0.18571290103421348,0.9986203753568315,0.000799587507559929,0.0013796246431685964,0.0007356822388721501,6.39052686878542e-05,57
56916467,good,Relationship Trajectory (Main Couple),0.3933860284015319,0.39392950325188936,0.9986203753568315,0.000799587507559929,0.0013796246431685964,0.0007356822388721501,6.39052686878542e-05,156
56916467,good,"Sexuality, Attraction & Intimacy",0.1565245026298987,0.15674074602570437,0.9986203753568315,0.000799587507559929,0.0013796246431685964,0.0007356822388721501,6.39052686878542e-05,53
56916467,good,Social World Outside Couple,0.08885312796191934,0.08897588128038139,0.9986203753568315,0.000799587507559929,0.0013796246431685964,0.0007356822388721501,6.39052686878542e-05,33
56916467,good,"Spaces, Time, Activities & Objects",0.07496830759874643,0.07507187861248918,0.9986203753568315,0.000799587507559929,0.0013796246431685964,0.0007356822388721501,6.39052686878542e-05,23
56916467,good,"Work, Wealth, Status & Institutions",0.061113553881090986,0.061197984128106356,0.9986203753568315,0.000799587507559929,0.0013796246431685964,0.0007356822388721501,6.39052686878542e-05,23
57200226,good,"Conflict, Risk & Harm",0.020720645776966227,0.02074690034546732,0.9987345305532916,0.0008918390697091327,0.0012654694467083632,0.0005984039223709761,0.00029343514733817984,9
57200226,good,Embodied & Sensory Experience,0.020601795375512925,0.02062789935189252,0.9987345305532916,0.0008918390697091327,0.0012654694467083632,0.0005984039223709761,0.00029343514733817984,5
57200226,good,"Emotions, Cognition & Inner Life",0.17835961883334409,0.17858561347081306,0.9987345305532916,0.0008918390697091327,0.0012654694467083632,0.0005984039223709761,0.00029343514733817984,57
57200226,good,Relationship Trajectory (Main Couple),0.3847641661894669,0.3852516904330026,0.9987345305532916,0.0008918390697091327,0.0012654694467083632,0.0005984039223709761,0.00029343514733817984,156
57200226,good,"Sexuality, Attraction & Intimacy",0.18612488711919076,0.1863607209175785,0.9987345305532916,0.0008918390697091327,0.0012654694467083632,0.0005984039223709761,0.00029343514733817984,53
57200226,good,Social World Outside Couple,0.06353853560795364,0.06361904356381246,0.9987345305532916,0.0008918390697091327,0.0012654694467083632,0.0005984039223709761,0.00029343514733817984,33
57200226,good,"Spaces, Time, Activities & Objects",0.08084517854869908,0.08094761528262313,0.9987345305532916,0.0008918390697091327,0.0012654694467083632,0.0005984039223709761,0.00029343514733817984,23
57200226,good,"Work, Wealth, Status & Institutions",0.06348626795481979,0.06356670968375236,0.9987345305532916,0.0008918390697091327,0.0012654694467083632,0.0005984039223709761,0.00029343514733817984,23
57216633,good,"Conflict, Risk & Harm",0.020883876083949253,0.02092816502281994,0.9978837638740714,0.0013588086848180803,0.0021162361259286213,0.00130492925051409,5.3879434304003605e-05,9
57216633,good,Embodied & Sensory Experience,0.021217732769814365,0.021262729726597648,0.9978837638740714,0.0013588086848180803,0.0021162361259286213,0.00130492925051409,5.3879434304003605e-05,5
57216633,good,"Emotions, Cognition & Inner Life",0.18241138269756138,0.1827982269091021,0.9978837638740714,0.0013588086848180803,0.0021162361259286213,0.00130492925051409,5.3879434304003605e-05,57
57216633,good,Relationship Trajectory (Main Couple),0.3623279330887612,0.3630963306608979,0.9978837638740714,0.0013588086848180803,0.0021162361259286213,0.00130492925051409,5.3879434304003605e-05,156
57216633,good,"Sexuality, Attraction & Intimacy",0.18766842087422764,0.18806641381321298,0.9978837638740714,0.0013588086848180803,0.0021162361259286213,0.00130492925051409,5.3879434304003605e-05,53
57216633,good,Social World Outside Couple,0.07529523927725439,0.07545491970421148,0.9978837638740714,0.0013588086848180803,0.0021162361259286213,0.00130492925051409,5.3879434304003605e-05,33
57216633,good,"Spaces, Time, Activities & Objects",0.08023128718550429,0.0804014356081147,0.9978837638740714,0.0013588086848180803,0.0021162361259286213,0.00130492925051409,5.3879434304003605e-05,23
57216633,good,"Work, Wealth, Status & Institutions",0.06779401246269483,0.06793778485732546,0.9978837638740714,0.0013588086848180803,0.0021162361259286213,0.00130492925051409,5.3879434304003605e-05,23
58013278,bad,"Conflict, Risk & Harm",0.014477235964895462,0.014486895617195992,0.9993332144749449,0.00041809603510911675,0.0006667855250549849,0.0003631925508580413,5.490348425106038e-05,9
58013278,bad,Embodied & Sensory Experience,0.034731268644018154,0.03475444240314393,0.9993332144749449,0.00041809603510911675,0.0006667855250549849,0.0003631925508580413,5.490348425106038e-05,5
58013278,bad,"Emotions, Cognition & Inner Life",0.1593742204587902,0.15948055978758424,0.9993332144749449,0.00041809603510911675,0.0006667855250549849,0.0003631925508580413,5.490348425106038e-05,57
58013278,bad,Relationship Trajectory (Main Couple),0.2987207873160992,0.2989201029138701,0.9993332144749449,0.00041809603510911675,0.0006667855250549849,0.0003631925508580413,5.490348425106038e-05,156
58013278,bad,"Sexuality, Attraction & Intimacy",0.2395496039849921,0.23970943876898232,0.9993332144749449,0.00041809603510911675,0.0006667855250549849,0.0003631925508580413,5.490348425106038e-05,53
58013278,bad,Social World Outside Couple,0.06510068191530789,0.06514411907094686,0.9993332144749449,0.00041809603510911675,0.0006667855250549849,0.0003631925508580413,5.490348425106038e-05,33
58013278,bad,"Spaces, Time, Activities & Objects",0.11115291203316881,0.11122707663786513,0.9993332144749449,0.00041809603510911675,0.0006667855250549849,0.0003631925508580413,5.490348425106038e-05,23
58013278,bad,"Work, Wealth, Status & Institutions",0.07617160067342216,0.0762224246828853,0.9993332144749449,0.00041809603510911675,0.0006667855250549849,0.0003631925508580413,5.490348425106038e-05,23
58995736,mid,"Conflict, Risk & Harm",0.0224441616681866,0.022479017242049638,0.9984494173616346,0.000746551507752713,0.001550582638365511,0.000658629471259824,8.792203649281565e-05,9
58995736,mid,Embodied & Sensory Experience,0.017950148140595326,0.01797802455333984,0.9984494173616346,0.000746551507752713,0.001550582638365511,0.000658629471259824,8.792203649281565e-05,5
58995736,mid,"Emotions, Cognition & Inner Life",0.18125038874019297,0.18153186890442619,0.9984494173616346,0.000746551507752713,0.001550582638365511,0.000658629471259824,8.792203649281565e-05,57
58995736,mid,Relationship Trajectory (Main Couple),0.39310057655787556,0.39371105808908097,0.9984494173616346,0.000746551507752713,0.001550582638365511,0.000658629471259824,8.792203649281565e-05,156
58995736,mid,"Sexuality, Attraction & Intimacy",0.1659229269005573,0.16618060365942466,0.9984494173616346,0.000746551507752713,0.001550582638365511,0.000658629471259824,8.792203649281565e-05,53
58995736,mid,Social World Outside Couple,0.08245543204847769,0.08258348456586123,0.9984494173616346,0.000746551507752713,0.001550582638365511,0.000658629471259824,8.792203649281565e-05,33
58995736,mid,"Spaces, Time, Activities & Objects",0.06960503474000904,0.0697131307101543,0.9984494173616346,0.000746551507752713,0.001550582638365511,0.000658629471259824,8.792203649281565e-05,23
58995736,mid,"Work, Wealth, Status & Institutions",0.06563282652924735,0.06573475369706724,0.9984494173616346,0.000746551507752713,0.001550582638365511,0.000658629471259824,8.792203649281565e-05,23
60217302,good,"Conflict, Risk & Harm",0.025170200531184406,0.02520809048176624,0.9984969130998145,0.0010581977811755516,0.0015030869001856559,0.0008638801670845413,0.00019431761409088245,9
60217302,good,Embodied & Sensory Experience,0.019195224970695826,0.019224120494378515,0.9984969130998145,0.0010581977811755516,0.0015030869001856559,0.0008638801670845413,0.00019431761409088245,5
60217302,good,"Emotions, Cognition & Inner Life",0.2107857969769742,0.21110310328611206,0.9984969130998145,0.0010581977811755516,0.0015030869001856559,0.0008638801670845413,0.00019431761409088245,57
60217302,good,Relationship Trajectory (Main Couple),0.37398131006729135,0.3745442826721152,0.9984969130998145,0.0010581977811755516,0.0015030869001856559,0.0008638801670845413,0.00019431761409088245,156
60217302,good,"Sexuality, Attraction & Intimacy",0.1524341576246367,0.15266362431848465,0.9984969130998145,0.0010581977811755516,0.0015030869001856559,0.0008638801670845413,0.00019431761409088245,53
60217302,good,Social World Outside Couple,0.07261909119247208,0.07272840831027459,0.9984969130998145,0.0010581977811755516,0.0015030869001856559,0.0008638801670845413,0.00019431761409088245,33
60217302,good,"Spaces, Time, Activities & Objects",0.07406687929750254,0.07417837584250846,0.9984969130998145,0.0010581977811755516,0.0015030869001856559,0.0008638801670845413,0.00019431761409088245,23
60217302,good,"Work, Wealth, Status & Institutions",0.07004993482496653,0.07015538446433235,0.9984969130998145,0.0010581977811755516,0.0015030869001856559,0.0008638801670845413,0.00019431761409088245,23
60416566,good,"Conflict, Risk & Harm",0.01668296424841236,0.01702546274792826,0.9798831606173186,0.0008047122035615972,0.020116839382681488,0.0007539317160241179,5.078048753762392e-05,9
60416566,good,Embodied & Sensory Experience,0.023786722468475113,0.02427505995050437,0.9798831606173186,0.0008047122035615972,0.020116839382681488,0.0007539317160241179,5.078048753762392e-05,5
60416566,good,"Emotions, Cognition & Inner Life",0.18044943094448143,0.18415402794635202,0.9798831606173186,0.0008047122035615972,0.020116839382681488,0.0007539317160241179,5.078048753762392e-05,57
60416566,good,Relationship Trajectory (Main Couple),0.3295585910988107,0.33632437452154135,0.9798831606173186,0.0008047122035615972,0.020116839382681488,0.0007539317160241179,5.078048753762392e-05,156
60416566,good,"Sexuality, Attraction & Intimacy",0.237396768455625,0.24227048488726646,0.9798831606173186,0.0008047122035615972,0.020116839382681488,0.0007539317160241179,5.078048753762392e-05,53
60416566,good,Social World Outside Couple,0.05941209745157376,0.06063181799567268,0.9798831606173186,0.0008047122035615972,0.020116839382681488,0.0007539317160241179,5.078048753762392e-05,33
60416566,good,"Spaces, Time, Activities & Objects",0.0708059162683624,0.07225955003018444,0.9798831606173186,0.0008047122035615972,0.020116839382681488,0.0007539317160241179,5.078048753762392e-05,23
60416566,good,"Work, Wealth, Status & Institutions",0.06173988919404022,0.06300739891799403,0.9798831606173186,0.0008047122035615972,0.020116839382681488,0.0007539317160241179,5.078048753762392e-05,23
60576722,good,"Conflict, Risk & Harm",0.02349538180825383,0.02352118805764658,0.9989028509389278,0.0007837077029883011,0.0010971490610722108,0.00047026434389212194,0.00031344335909619923,9
60576722,good,Embodied & Sensory Experience,0.018575943532756323,0.01859634649685472,0.9989028509389278,0.0007837077029883011,0.0010971490610722108,0.00047026434389212194,0.00031344335909619923,5
60576722,good,"Emotions, Cognition & Inner Life",0.20507675958289376,0.2053020064865467,0.9989028509389278,0.0007837077029883011,0.0010971490610722108,0.00047026434389212194,0.00031344335909619923,57
60576722,good,Relationship Trajectory (Main Couple),0.354028146975574,0.3544169952491396,0.9989028509389278,0.0007837077029883011,0.0010971490610722108,0.00047026434389212194,0.00031344335909619923,156
60576722,good,"Sexuality, Attraction & Intimacy",0.16704344579093733,0.16722691864771766,0.9989028509389278,0.0007837077029883011,0.0010971490610722108,0.00047026434389212194,0.00031344335909619923,53
60576722,good,Social World Outside Couple,0.08852916404350006,0.08862640041550213,0.9989028509389278,0.0007837077029883011,0.0010971490610722108,0.00047026434389212194,0.00031344335909619923,33
60576722,good,"Spaces, Time, Activities & Objects",0.07571889020186715,0.07580205635682638,0.9989028509389278,0.0007837077029883011,0.0010971490610722108,0.00047026434389212194,0.00031344335909619923,23
60576722,good,"Work, Wealth, Status & Institutions",0.06612167564404918,0.06619430065886538,0.9989028509389278,0.0007837077029883011,0.0010971490610722108,0.00047026434389212194,0.00031344335909619923,23
60686882,good,"Conflict, Risk & Harm",0.01972965804601273,0.019799217275657175,0.9964867687102981,0.0007949766763561961,0.0035132312897018405,0.0007365267727906399,5.844990356560248e-05,9
60686882,good,Embodied & Sensory Experience,0.01525483551537918,0.015308618231953782,0.9964867687102981,0.0007949766763561961,0.0035132312897018405,0.0007365267727906399,5.844990356560248e-05,5
60686882,good,"Emotions, Cognition & Inner Life",0.18330140481234777,0.18394765547121655,0.9964867687102981,0.0007949766763561961,0.0035132312897018405,0.0007365267727906399,5.844990356560248e-05,57
60686882,good,Relationship Trajectory (Main Couple),0.40788150637718223,0.4093195405946859,0.9964867687102981,0.0007949766763561961,0.0035132312897018405,0.0007365267727906399,5.844990356560248e-05,156
60686882,good,"Sexuality, Attraction & Intimacy",0.15205253029448731,0.15258860937138297,0.9964867687102981,0.0007949766763561961,0.0035132312897018405,0.0007365267727906399,5.844990356560248e-05,53
60686882,good,Social World Outside Couple,0.07659681462768446,0.07686686570542206,0.9964867687102981,0.0007949766763561961,0.0035132312897018405,0.0007365267727906399,5.844990356560248e-05,33
60686882,good,"Spaces, Time, Activities & Objects",0.07332132062854134,0.07357982356698763,0.9964867687102981,0.0007949766763561961,0.0035132312897018405,0.0007365267727906399,5.844990356560248e-05,23
60686882,good,"Work, Wealth, Status & Institutions",0.06829024850509748,0.06853101380711964,0.9964867687102981,0.0007949766763561961,0.0035132312897018405,0.0007365267727906399,5.844990356560248e-05,23
60797616,mid,"Conflict, Risk & Harm",0.018028612274927202,0.018087523480960432,0.9967429921462027,0.001602646323189294,0.003257007853797431,0.0015407795300678966,6.18667931214181e-05,9
60797616,mid,Embodied & Sensory Experience,0.021472425828386404,0.021542590213904228,0.9967429921462027,0.001602646323189294,0.003257007853797431,0.0015407795300678966,6.18667931214181e-05,5
60797616,mid,"Emotions, Cognition & Inner Life",0.18483057336548805,0.18543453510268276,0.9967429921462027,0.001602646323189294,0.003257007853797431,0.0015407795300678966,6.18667931214181e-05,57
60797616,mid,Relationship Trajectory (Main Couple),0.36932172447098455,0.3705285388320165,0.9967429921462027,0.001602646323189294,0.003257007853797431,0.0015407795300678966,6.18667931214181e-05,156
60797616,mid,"Sexuality, Attraction & Intimacy",0.20590234696931745,0.20657516390054098,0.9967429921462027,0.001602646323189294,0.003257007853797431,0.0015407795300678966,6.18667931214181e-05,53
60797616,mid,Social World Outside Couple,0.06237578423885203,0.06257960650873855,0.9967429921462027,0.001602646323189294,0.003257007853797431,0.0015407795300678966,6.18667931214181e-05,33
60797616,mid,"Spaces, Time, Activities & Objects",0.07712965738153292,0.07738169015410495,0.9967429921462027,0.001602646323189294,0.003257007853797431,0.0015407795300678966,6.18667931214181e-05,23
60797616,mid,"Work, Wealth, Status & Institutions",0.0576200008235926,0.05780828285486544,0.9967429921462027,0.001602646323189294,0.003257007853797431,0.0015407795300678966,6.18667931214181e-05,23
60809640,mid,"Conflict, Risk & Harm",0.020672597190449227,0.02070482026360345,0.9984436922057774,0.0009415494480167208,0.001556307794222544,0.0007168550084496555,0.00022469443956708797,9
60809640,mid,Embodied & Sensory Experience,0.021935729671521458,0.02196992163179548,0.9984436922057774,0.0009415494480167208,0.001556307794222544,0.0007168550084496555,0.00022469443956708797,5
60809640,mid,"Emotions, Cognition & Inner Life",0.18663177127381447,0.1869226804983911,0.9984436922057774,0.0009415494480167208,0.001556307794222544,0.0007168550084496555,0.00022469443956708797,57
60809640,mid,Relationship Trajectory (Main Couple),0.37452149232748194,0.3751052715853041,0.9984436922057774,0.0009415494480167208,0.001556307794222544,0.0007168550084496555,0.00022469443956708797,156
60809640,mid,"Sexuality, Attraction & Intimacy",0.16819771868730823,0.16845989413356222,0.9984436922057774,0.0009415494480167208,0.001556307794222544,0.0007168550084496555,0.00022469443956708797,53
60809640,mid,Social World Outside Couple,0.0947504321679455,0.0948981228562037,0.9984436922057774,0.0009415494480167208,0.001556307794222544,0.0007168550084496555,0.00022469443956708797,33
60809640,mid,"Spaces, Time, Activities & Objects",0.06887627464116616,0.0689836344090708,0.9984436922057774,0.0009415494480167208,0.001556307794222544,0.0007168550084496555,0.00022469443956708797,23
60809640,mid,"Work, Wealth, Status & Institutions",0.0626329818065234,0.06273060994371513,0.9984436922057774,0.0009415494480167208,0.001556307794222544,0.0007168550084496555,0.00022469443956708797,23
61229235,mid,"Conflict, Risk & Harm",0.02431386467915348,0.024354975653677148,0.9983120092128912,0.0008716466883629259,0.0016879907871087568,0.0006125809372308361,0.00025906575113211695,9
61229235,mid,Embodied & Sensory Experience,0.016631655529841236,0.016659777080067675,0.9983120092128912,0.0008716466883629259,0.0016879907871087568,0.0006125809372308361,0.00025906575113211695,5
61229235,mid,"Emotions, Cognition & Inner Life",0.18669051167373446,0.1870061763765906,0.9983120092128912,0.0008716466883629259,0.0016879907871087568,0.0006125809372308361,0.00025906575113211695,57
61229235,mid,Relationship Trajectory (Main Couple),0.32661850111650464,0.32717076234916137,0.9983120092128912,0.0008716466883629259,0.0016879907871087568,0.0006125809372308361,0.00025906575113211695,156
61229235,mid,"Sexuality, Attraction & Intimacy",0.14962606714856352,0.14987906162376496,0.9983120092128912,0.0008716466883629259,0.0016879907871087568,0.0006125809372308361,0.00025906575113211695,53
61229235,mid,Social World Outside Couple,0.16399190818208684,0.16426919306658905,0.9983120092128912,0.0008716466883629259,0.0016879907871087568,0.0006125809372308361,0.00025906575113211695,33
61229235,mid,"Spaces, Time, Activities & Objects",0.06285915845202021,0.062965443540623,0.9983120092128912,0.0008716466883629259,0.0016879907871087568,0.0006125809372308361,0.00025906575113211695,23
61229235,mid,"Work, Wealth, Status & Institutions",0.06732127667985469,0.06743510651838543,0.9983120092128912,0.0008716466883629259,0.0016879907871087568,0.0006125809372308361,0.00025906575113211695,23
61273778,mid,"Conflict, Risk & Harm",0.02005144674157961,0.020079399978611273,0.9986078649231831,0.000808122949761958,0.0013921350768169877,0.0007284757917542493,7.964715800756281e-05,9
61273778,mid,Embodied & Sensory Experience,0.020288328432686034,0.020316611900755153,0.9986078649231831,0.000808122949761958,0.0013921350768169877,0.0007284757917542493,7.964715800756281e-05,5
61273778,mid,"Emotions, Cognition & Inner Life",0.1894929462232247,0.18975711375736187,0.9986078649231831,0.000808122949761958,0.0013921350768169877,0.0007284757917542493,7.964715800756281e-05,57
61273778,mid,Relationship Trajectory (Main Couple),0.33533481970689105,0.33580230187020044,0.9986078649231831,0.000808122949761958,0.0013921350768169877,0.0007284757917542493,7.964715800756281e-05,156
61273778,mid,"Sexuality, Attraction & Intimacy",0.2371800531289955,0.23751070010573205,0.9986078649231831,0.000808122949761958,0.0013921350768169877,0.0007284757917542493,7.964715800756281e-05,53
61273778,mid,Social World Outside Couple,0.06959503166406236,0.06969205241480438,0.9986078649231831,0.000808122949761958,0.0013921350768169877,0.0007284757917542493,7.964715800756281e-05,33
61273778,mid,"Spaces, Time, Activities & Objects",0.06999738877089541,0.07009497043795053,0.9986078649231831,0.000808122949761958,0.0013921350768169877,0.0007284757917542493,7.964715800756281e-05,23
61273778,mid,"Work, Wealth, Status & Institutions",0.05658820309684086,0.0566670913423998,0.9986078649231831,0.000808122949761958,0.0013921350768169877,0.0007284757917542493,7.964715800756281e-05,23
62316382,bad,"Conflict, Risk & Harm",0.016297101986625248,0.01631820023817307,0.998707072395247,0.0004896951102490998,0.0012929276047529458,0.00042748561667299914,6.22094935761138e-05,9
62316382,bad,Embodied & Sensory Experience,0.012580800988427909,0.012597088111386625,0.998707072395247,0.0004896951102490998,0.0012929276047529458,0.00042748561667299914,6.22094935761138e-05,5
62316382,bad,"Emotions, Cognition & Inner Life",0.16746849031917532,0.16768529526633633,0.998707072395247,0.0004896951102490998,0.0012929276047529458,0.00042748561667299914,6.22094935761138e-05,57
62316382,bad,Relationship Trajectory (Main Couple),0.4076599340815962,0.4081876912154891,0.998707072395247,0.0004896951102490998,0.0012929276047529458,0.00042748561667299914,6.22094935761138e-05,156
62316382,bad,"Sexuality, Attraction & Intimacy",0.21993769918498932,0.22022243084501464,0.998707072395247,0.0004896951102490998,0.0012929276047529458,0.00042748561667299914,6.22094935761138e-05,53
62316382,bad,Social World Outside Couple,0.06038471589709135,0.06046289003668292,0.998707072395247,0.0004896951102490998,0.0012929276047529458,0.00042748561667299914,6.22094935761138e-05,33
62316382,bad,"Spaces, Time, Activities & Objects",0.06374191148225737,0.06382443185205657,0.998707072395247,0.0004896951102490998,0.0012929276047529458,0.00042748561667299914,6.22094935761138e-05,23
62316382,bad,"Work, Wealth, Status & Institutions",0.05057420896150821,0.05063968240478528,0.998707072395247,0.0004896951102490998,0.0012929276047529458,0.00042748561667299914,6.22094935761138e-05,23
62322599,mid,"Conflict, Risk & Harm",0.019926933633598574,0.019974338017161062,0.9976267356884739,0.001606552204975853,0.0023732643115260714,0.0015455839893822652,6.096821559350254e-05,9
62322599,mid,Embodied & Sensory Experience,0.020119384269553384,0.02016724647587633,0.9976267356884739,0.001606552204975853,0.0023732643115260714,0.0015455839893822652,6.096821559350254e-05,5
62322599,mid,"Emotions, Cognition & Inner Life",0.19057847012038634,0.19103183916664573,0.9976267356884739,0.001606552204975853,0.0023732643115260714,0.0015455839893822652,6.096821559350254e-05,57
62322599,mid,Relationship Trajectory (Main Couple),0.32597394431051097,0.32674940701699673,0.9976267356884739,0.001606552204975853,0.0023732643115260714,0.0015455839893822652,6.096821559350254e-05,156
62322599,mid,"Sexuality, Attraction & Intimacy",0.21334420189006562,0.2138517285654281,0.9976267356884739,0.001606552204975853,0.0023732643115260714,0.0015455839893822652,6.096821559350254e-05,53
62322599,mid,Social World Outside Couple,0.09294318116543182,0.0931642846372703,0.9976267356884739,0.001606552204975853,0.0023732643115260714,0.0015455839893822652,6.096821559350254e-05,33
62322599,mid,"Spaces, Time, Activities & Objects",0.07802901277550671,0.0782146367816195,0.9976267356884739,0.001606552204975853,0.0023732643115260714,0.0015455839893822652,6.096821559350254e-05,23
62322599,mid,"Work, Wealth, Status & Institutions",0.05665063930782699,0.05678540608550523,0.9976267356884739,0.001606552204975853,0.0023732643115260714,0.0015455839893822652,6.096821559350254e-05,23
62626163,good,"Conflict, Risk & Harm",0.018113684854719342,0.01813259914325435,0.9989568903836908,0.0006857689138296541,0.0010431096163092506,0.00048218313423116813,0.0002035857795985302,9
62626163,good,Embodied & Sensory Experience,0.02065438653896883,0.020675953825230294,0.9989568903836908,0.0006857689138296541,0.0010431096163092506,0.00048218313423116813,0.0002035857795985302,5
62626163,good,"Emotions, Cognition & Inner Life",0.19900354466821987,0.19921134393675818,0.9989568903836908,0.0006857689138296541,0.0010431096163092506,0.00048218313423116813,0.0002035857795985302,57
62626163,good,Relationship Trajectory (Main Couple),0.3908816845898071,0.39128984278758294,0.9989568903836908,0.0006857689138296541,0.0010431096163092506,0.00048218313423116813,0.0002035857795985302,156
62626163,good,"Sexuality, Attraction & Intimacy",0.1792640406736569,0.17945122797521632,0.9989568903836908,0.0006857689138296541,0.0010431096163092506,0.00048218313423116813,0.0002035857795985302,53
62626163,good,Social World Outside Couple,0.06715641700905486,0.0672265416611328,0.9989568903836908,0.0006857689138296541,0.0010431096163092506,0.00048218313423116813,0.0002035857795985302,33
62626163,good,"Spaces, Time, Activities & Objects",0.0684304890053869,0.06850194404195292,0.9989568903836908,0.0006857689138296541,0.0010431096163092506,0.00048218313423116813,0.0002035857795985302,23
62626163,good,"Work, Wealth, Status & Institutions",0.055249057264278485,0.05530674826524075,0.9989568903836908,0.0006857689138296541,0.0010431096163092506,0.00048218313423116813,0.0002035857795985302,23
63046139,good,"Conflict, Risk & Harm",0.029381390356489262,0.029587848291496396,0.9930222051643252,0.004352351028156232,0.006977794835674853,0.004275852609764015,7.649841839228388e-05,9
63046139,good,Embodied & Sensory Experience,0.025961010298891987,0.02614343381636261,0.9930222051643252,0.004352351028156232,0.006977794835674853,0.004275852609764015,7.649841839228388e-05,5
63046139,good,"Emotions, Cognition & Inner Life",0.18542719575462774,0.18673016050425909,0.9930222051643252,0.004352351028156232,0.006977794835674853,0.004275852609764015,7.649841839228388e-05,57
63046139,good,Relationship Trajectory (Main Couple),0.36003238835178414,0.3625622735115032,0.9930222051643252,0.004352351028156232,0.006977794835674853,0.004275852609764015,7.649841839228388e-05,156
63046139,good,"Sexuality, Attraction & Intimacy",0.1835014051189983,0.1847908376717845,0.9930222051643252,0.004352351028156232,0.006977794835674853,0.004275852609764015,7.649841839228388e-05,53
63046139,good,Social World Outside Couple,0.053995841504165525,0.054375260918994556,0.9930222051643252,0.004352351028156232,0.006977794835674853,0.004275852609764015,7.649841839228388e-05,33
63046139,good,"Spaces, Time, Activities & Objects",0.06526875113549065,0.06572738333146336,0.9930222051643252,0.004352351028156232,0.006977794835674853,0.004275852609764015,7.649841839228388e-05,23
63046139,good,"Work, Wealth, Status & Institutions",0.08937772422548532,0.09000576599462357,0.9930222051643252,0.004352351028156232,0.006977794835674853,0.004275852609764015,7.649841839228388e-05,23
63095160,mid,"Conflict, Risk & Harm",0.017333544435366048,0.01735344661830594,0.9988531279475689,0.0006967401777941973,0.0011468720524312102,0.000629318218062976,6.742195973121632e-05,9
63095160,mid,Embodied & Sensory Experience,0.02065217325718769,0.02067588585283156,0.9988531279475689,0.0006967401777941973,0.0011468720524312102,0.000629318218062976,6.742195973121632e-05,5
63095160,mid,"Emotions, Cognition & Inner Life",0.16845029641373271,0.1686437091705988,0.9988531279475689,0.0006967401777941973,0.0011468720524312102,0.000629318218062976,6.742195973121632e-05,57
63095160,mid,Relationship Trajectory (Main Couple),0.37364038908399017,0.3740693988231702,0.9988531279475689,0.0006967401777941973,0.0011468720524312102,0.000629318218062976,6.742195973121632e-05,156
63095160,mid,"Sexuality, Attraction & Intimacy",0.244185069490825,0.24446544007182866,0.9988531279475689,0.0006967401777941973,0.0011468720524312102,0.000629318218062976,6.742195973121632e-05,53
63095160,mid,Social World Outside Couple,0.054967705086550266,0.055030818394188975,0.9988531279475689,0.0006967401777941973,0.0011468720524312102,0.000629318218062976,6.742195973121632e-05,33
63095160,mid,"Spaces, Time, Activities & Objects",0.05861390530130565,0.058681205135478504,0.9988531279475689,0.0006967401777941973,0.0011468720524312102,0.000629318218062976,6.742195973121632e-05,23
63095160,mid,"Work, Wealth, Status & Institutions",0.06094262291888007,0.06101259656072182,0.9988531279475689,0.0006967401777941973,0.0011468720524312102,0.000629318218062976,6.742195973121632e-05,23
63130875,bad,"Conflict, Risk & Harm",0.021047719011658052,0.021076284202824844,0.9986446761254546,0.00048081604197891537,0.001355323874545417,0.000428779186539014,5.203685543996947e-05,9
63130875,bad,Embodied & Sensory Experience,0.017399960020589418,0.017423574607234527,0.9986446761254546,0.00048081604197891537,0.001355323874545417,0.000428779186539014,5.203685543996947e-05,5
63130875,bad,"Emotions, Cognition & Inner Life",0.19734296743407645,0.19761079406113538,0.9986446761254546,0.00048081604197891537,0.001355323874545417,0.000428779186539014,5.203685543996947e-05,57
63130875,bad,Relationship Trajectory (Main Couple),0.36206020721633814,0.36255158203121923,0.9986446761254546,0.00048081604197891537,0.001355323874545417,0.000428779186539014,5.203685543996947e-05,156
63130875,bad,"Sexuality, Attraction & Intimacy",0.18010011455926475,0.18034453981972634,0.9986446761254546,0.00048081604197891537,0.001355323874545417,0.000428779186539014,5.203685543996947e-05,53
63130875,bad,Social World Outside Couple,0.07903038252088446,0.07913763965328172,0.9986446761254546,0.00048081604197891537,0.001355323874545417,0.000428779186539014,5.203685543996947e-05,33
63130875,bad,"Spaces, Time, Activities & Objects",0.07543168540381731,0.07553405851666625,0.9986446761254546,0.00048081604197891537,0.001355323874545417,0.000428779186539014,5.203685543996947e-05,23
63130875,bad,"Work, Wealth, Status & Institutions",0.06617960310338605,0.06626941962996281,0.9986446761254546,0.00048081604197891537,0.001355323874545417,0.000428779186539014,5.203685543996947e-05,23
63830782,good,"Conflict, Risk & Harm",0.023079998450659306,0.023109182415154604,0.9987371269147038,0.0006553174182972743,0.0012628730852961745,0.0005992244363046131,5.609298199270191e-05,9
63830782,good,Embodied & Sensory Experience,0.01810380719508774,0.018126698915273107,0.9987371269147038,0.0006553174182972743,0.0012628730852961745,0.0005992244363046131,5.609298199270191e-05,5
63830782,good,"Emotions, Cognition & Inner Life",0.18919369805216896,0.1894329277981541,0.9987371269147038,0.0006553174182972743,0.0012628730852961745,0.0005992244363046131,5.609298199270191e-05,57
63830782,good,Relationship Trajectory (Main Couple),0.36590360528329724,0.3663662793969077,0.9987371269147038,0.0006553174182972743,0.0012628730852961745,0.0005992244363046131,5.609298199270191e-05,156
63830782,good,"Sexuality, Attraction & Intimacy",0.16431777181280552,0.16452554669757352,0.9987371269147038,0.0006553174182972743,0.0012628730852961745,0.0005992244363046131,5.609298199270191e-05,53
63830782,good,Social World Outside Couple,0.06533611358267191,0.06541872913497075,0.9987371269147038,0.0006553174182972743,0.0012628730852961745,0.0005992244363046131,5.609298199270191e-05,33
63830782,good,"Spaces, Time, Activities & Objects",0.06933729860738605,0.06942497353791448,0.9987371269147038,0.0006553174182972743,0.0012628730852961745,0.0005992244363046131,5.609298199270191e-05,23
63830782,good,"Work, Wealth, Status & Institutions",0.10340874094863442,0.10353949819416891,0.9987371269147038,0.0006553174182972743,0.0012628730852961745,0.0005992244363046131,5.609298199270191e-05,23
75599070,bad,"Conflict, Risk & Harm",0.018117679690072712,0.01815499761279503,0.9979444820914757,0.0017815482961590634,0.002055517908524316,0.0017335723015554881,4.797599460361879e-05,9
75599070,bad,Embodied & Sensory Experience,0.021026025304605227,0.021069333697340785,0.9979444820914757,0.0017815482961590634,0.002055517908524316,0.0017335723015554881,4.797599460361879e-05,5
75599070,bad,"Emotions, Cognition & Inner Life",0.18896460730076853,0.18935382748420995,0.9979444820914757,0.0017815482961590634,0.002055517908524316,0.0017335723015554881,4.797599460361879e-05,57
75599070,bad,Relationship Trajectory (Main Couple),0.3246053976370268,0.3252740041777916,0.9979444820914757,0.0017815482961590634,0.002055517908524316,0.0017335723015554881,4.797599460361879e-05,156
75599070,bad,"Sexuality, Attraction & Intimacy",0.22937005977800845,0.22984250516351215,0.9979444820914757,0.0017815482961590634,0.002055517908524316,0.0017335723015554881,4.797599460361879e-05,53
75599070,bad,Social World Outside Couple,0.05644186386490279,0.05655812009362771,0.9979444820914757,0.0017815482961590634,0.002055517908524316,0.0017335723015554881,4.797599460361879e-05,33
75599070,bad,"Spaces, Time, Activities & Objects",0.08907597967076747,0.08925945407712811,0.9979444820914757,0.0017815482961590634,0.002055517908524316,0.0017335723015554881,4.797599460361879e-05,23
75599070,bad,"Work, Wealth, Status & Institutions",0.07029489285072012,0.07043968288035145,0.9979444820914757,0.0017815482961590634,0.002055517908524316,0.0017335723015554881,4.797599460361879e-05,23
8686068,good,"Conflict, Risk & Harm",0.018709153983373403,0.01872116490909621,0.9993584306435456,0.00041171848107413034,0.0006415693564545367,0.0003556707952877368,5.604768578648503e-05,9
8686068,good,Embodied & Sensory Experience,0.01984737796793301,0.019860119612091647,0.9993584306435456,0.00041171848107413034,0.0006415693564545367,0.0003556707952877368,5.604768578648503e-05,5
8686068,good,"Emotions, Cognition & Inner Life",0.17522886343298444,0.17534135707460263,0.9993584306435456,0.00041171848107413034,0.0006415693564545367,0.0003556707952877368,5.604768578648503e-05,57
8686068,good,Relationship Trajectory (Main Couple),0.3358305184397529,0.336046115329704,0.9993584306435456,0.00041171848107413034,0.0006415693564545367,0.0003556707952877368,5.604768578648503e-05,156
8686068,good,"Sexuality, Attraction & Intimacy",0.24308011857371595,0.24323617144769807,0.9993584306435456,0.00041171848107413034,0.0006415693564545367,0.0003556707952877368,5.604768578648503e-05,53
8686068,good,Social World Outside Couple,0.06638568300139276,0.06642830136394919,0.9993584306435456,0.00041171848107413034,0.0006415693564545367,0.0003556707952877368,5.604768578648503e-05,33
8686068,good,"Spaces, Time, Activities & Objects",0.08538211034503372,0.08543692405741868,0.9993584306435456,0.00041171848107413034,0.0006415693564545367,0.0003556707952877368,5.604768578648503e-05,23
8686068,good,"Work, Wealth, Status & Institutions",0.05483855721357286,0.054873762538090655,0.9993584306435456,0.00041171848107413034,0.0006415693564545367,0.0003556707952877368,5.604768578648503e-05,23
