book_id,rating_tier,taxonomy_main_group,taxonomy_main_name,abs_share_subgroup,within_group_share,group_sum,mapping_confidence,modeled_mass,other_share,paratext_share,noise_share,unmapped_share
104659050,middle,"Conflict, Risk & Harm",Interpersonal Non-Romantic Conflict,0.001719818123303777,0.10449867591346194,0.016442943637650927,high,0.999097413250542,0.0004468529949471778,0.0009025867494580424,0.00039300842641396775,5.384456853320697e-05
104659050,middle,"Conflict, Risk & Harm","Violence, Threats & Coercion",0.014737980104953228,0.895501324086538,0.016442943637650927,high,0.999097413250542,0.0004468529949471778,0.0009025867494580424,0.00039300842641396775,5.384456853320697e-05
104659050,middle,Embodied & Sensory Experience,Body Parts & Physical Reactions,0.008718946312381652,0.45483122321855507,0.019152327857634835,high,0.999097413250542,0.0004468529949471778,0.0009025867494580424,0.00039300842641396775,5.384456853320697e-05
104659050,middle,Embodied & Sensory Experience,Exercise & Physical Activity,0.010450683799384072,0.5451687767814448,0.019152327857634835,high,0.999097413250542,0.0004468529949471778,0.0009025867494580424,0.00039300842641396775,5.384456853320697e-05
104659050,middle,"Emotions, Cognition & Inner Life",Ambivalence & Internal Conflict,0.009983156122697488,0.05288192751591733,0.1886116094248111,high,0.999097413250542,0.0004468529949471778,0.0009025867494580424,0.00039300842641396775,5.384456853320697e-05
104659050,middle,"Emotions, Cognition & Inner Life","Beliefs, Values & Moral Reflection",0.021849186459532682,0.11573765655210136,0.1886116094248111,high,0.999097413250542,0.0004468529949471778,0.0009025867494580424,0.00039300842641396775,5.384456853320697e-05
104659050,middle,"Emotions, Cognition & Inner Life",Negative Emotions & Distress,0.11653346747715086,0.6172911957466279,0.1886116094248111,high,0.999097413250542,0.0004468529949471778,0.0009025867494580424,0.00039300842641396775,5.384456853320697e-05
104659050,middle,"Emotions, Cognition & Inner Life",Positive Emotions & Security,0.04041619149857242,0.21408922018535337,0.1886116094248111,high,0.999097413250542,0.0004468529949471778,0.0009025867494580424,0.00039300842641396775,5.384456853320697e-05
104659050,middle,Relationship Trajectory (Main Couple),"Bonding, Everyday Intimacy & Growth",0.15394631205405188,0.43136306203819486,0.3565612721356405,high,0.999097413250542,0.0004468529949471778,0.0009025867494580424,0.00039300842641396775,5.384456853320697e-05
104659050,middle,Relationship Trajectory (Main Couple),"Conflict, Distance & Breakup Threats",0.11895659959809604,0.33332063865401074,0.3565612721356405,medium,0.999097413250542,0.0004468529949471778,0.0009025867494580424,0.00039300842641396775,5.384456853320697e-05
104659050,middle,Relationship Trajectory (Main Couple),"Meeting, First Impressions & Setup",0.00017365280343275988,0.00048658135437483827,0.3565612721356405,high,0.999097413250542,0.0004468529949471778,0.0009025867494580424,0.00039300842641396775,5.384456853320697e-05
104659050,middle,Relationship Trajectory (Main Couple),"Reconciliation, Commitments & HEA",0.02532399068192443,0.07095872592093135,0.3565612721356405,high,0.999097413250542,0.0004468529949471778,0.0009025867494580424,0.00039300842641396775,5.384456853320697e-05
104659050,middle,Relationship Trajectory (Main Couple),"Secrets, Misunderstandings & Hidden Information",0.05848283521737135,0.16387099203248823,0.3565612721356405,medium,0.999097413250542,0.0004468529949471778,0.0009025867494580424,0.00039300842641396775,5.384456853320697e-05
104659050,middle,"Sexuality, Attraction & Intimacy",Attraction & Sexual Tension,0.042681732277793934,0.19026233952066754,0.2241284766035577,high,0.999097413250542,0.0004468529949471778,0.0009025867494580424,0.00039300842641396775,5.384456853320697e-05
104659050,middle,"Sexuality, Attraction & Intimacy",Explicit Sexual Acts,0.10164204750163648,0.453089711201659,0.2241284766035577,high,0.999097413250542,0.0004468529949471778,0.0009025867494580424,0.00039300842641396775,5.384456853320697e-05
104659050,middle,"Sexuality, Attraction & Intimacy",Kissing & Non-Explicit Affection,0.08000717497137862,0.35664794927767357,0.2241284766035577,high,0.999097413250542,0.0004468529949471778,0.0009025867494580424,0.00039300842641396775,5.384456853320697e-05
104659050,middle,Social World Outside Couple,"Community, Norms & Social Events",0.0033357123689083897,0.0550478781082779,0.06054187216024681,high,0.999097413250542,0.0004468529949471778,0.0009025867494580424,0.00039300842641396775,5.384456853320697e-05
104659050,middle,Social World Outside Couple,Family & Kinship,0.040960532078935054,0.675954677072263,0.06054187216024681,high,0.999097413250542,0.0004468529949471778,0.0009025867494580424,0.00039300842641396775,5.384456853320697e-05
104659050,middle,Social World Outside Couple,Friends & Social Circles,0.016300321369773007,0.2689974448194592,0.06054187216024681,high,0.999097413250542,0.0004468529949471778,0.0009025867494580424,0.00039300842641396775,5.384456853320697e-05
104659050,middle,"Spaces, Time, Activities & Objects",Domestic Spaces & Routines,0.04307724981131748,0.5537108560045986,0.07772715378381034,high,0.999097413250542,0.0004468529949471778,0.0009025867494580424,0.00039300842641396775,5.384456853320697e-05
104659050,middle,"Spaces, Time, Activities & Objects",Public & Leisure Spaces,0.031894559601717276,0.40996962378774554,0.07772715378381034,high,0.999097413250542,0.0004468529949471778,0.0009025867494580424,0.00039300842641396775,5.384456853320697e-05
104659050,middle,"Spaces, Time, Activities & Objects","Time, Seasons & Temporal Framing",0.002825563248482517,0.03631952020765595,0.07772715378381034,high,0.999097413250542,0.0004468529949471778,0.0009025867494580424,0.00039300842641396775,5.384456853320697e-05
104659050,middle,"Work, Wealth, Status & Institutions",Hero's Elite Work & Business World,0.043081790121799156,0.7703026598059045,0.05587791307865656,high,0.999097413250542,0.0004468529949471778,0.0009025867494580424,0.00039300842641396775,5.384456853320697e-05
104659050,middle,"Work, Wealth, Status & Institutions",Heroine's Work & Professional Identity,0.0058051534322485655,0.10379617738260549,0.05587791307865656,high,0.999097413250542,0.0004468529949471778,0.0009025867494580424,0.00039300842641396775,5.384456853320697e-05
104659050,middle,"Work, Wealth, Status & Institutions","Law, Medicine, Education & Formal Institutions",0.003549207978027423,0.06345985944292247,0.05587791307865656,high,0.999097413250542,0.0004468529949471778,0.0009025867494580424,0.00039300842641396775,5.384456853320697e-05
104659050,middle,"Work, Wealth, Status & Institutions","Money, Housing & Economic Security",0.0013294472162851383,0.023770524016777577,0.05587791307865656,high,0.999097413250542,0.0004468529949471778,0.0009025867494580424,0.00039300842641396775,5.384456853320697e-05
104659050,middle,"Work, Wealth, Status & Institutions",Shared Workplaces & Professional Interaction,0.002162794557012187,0.03867077935178999,0.05587791307865656,high,0.999097413250542,0.0004468529949471778,0.0009025867494580424,0.00039300842641396775,5.384456853320697e-05
11266880,middle,"Conflict, Risk & Harm",Interpersonal Non-Romantic Conflict,0.0028824855096276003,0.05640291083344822,0.0510298499668911,high,0.9985243873432861,0.001215081706438026,0.0014756126567139196,0.0009711682007358878,0.00024391350570222845
11266880,middle,"Conflict, Risk & Harm","Violence, Threats & Coercion",0.048222776028013115,0.9435970891665518,0.0510298499668911,high,0.9985243873432861,0.001215081706438026,0.0014756126567139196,0.0009711682007358878,0.00024391350570222845
11266880,middle,Embodied & Sensory Experience,Body Parts & Physical Reactions,0.010988328040491886,0.48727458565616766,0.022517311281038968,high,0.9985243873432861,0.001215081706438026,0.0014756126567139196,0.0009711682007358878,0.00024391350570222845
11266880,middle,Embodied & Sensory Experience,Exercise & Physical Activity,0.011562259172454839,0.5127254143438325,0.022517311281038968,high,0.9985243873432861,0.001215081706438026,0.0014756126567139196,0.0009711682007358878,0.00024391350570222845
11266880,middle,"Emotions, Cognition & Inner Life",Ambivalence & Internal Conflict,0.011857204372033688,0.05591776355416844,0.21173428582707454,high,0.9985243873432861,0.001215081706438026,0.0014756126567139196,0.0009711682007358878,0.00024391350570222845
11266880,middle,"Emotions, Cognition & Inner Life","Beliefs, Values & Moral Reflection",0.02545505658360649,0.12004430307849655,0.21173428582707454,high,0.9985243873432861,0.001215081706438026,0.0014756126567139196,0.0009711682007358878,0.00024391350570222845
11266880,middle,"Emotions, Cognition & Inner Life",Negative Emotions & Distress,0.12713794767042857,0.5995738517727783,0.21173428582707454,high,0.9985243873432861,0.001215081706438026,0.0014756126567139196,0.0009711682007358878,0.00024391350570222845
11266880,middle,"Emotions, Cognition & Inner Life",Positive Emotions & Security,0.04759697671151047,0.22446408159455666,0.21173428582707454,high,0.9985243873432861,0.001215081706438026,0.0014756126567139196,0.0009711682007358878,0.00024391350570222845
11266880,middle,Relationship Trajectory (Main Couple),"Bonding, Everyday Intimacy & Growth",0.14679424427216048,0.42727679353812525,0.3430507695342477,high,0.9985243873432861,0.001215081706438026,0.0014756126567139196,0.0009711682007358878,0.00024391350570222845
11266880,middle,Relationship Trajectory (Main Couple),"Conflict, Distance & Breakup Threats",0.1307270598433512,0.38050973480250355,0.3430507695342477,medium,0.9985243873432861,0.001215081706438026,0.0014756126567139196,0.0009711682007358878,0.00024391350570222845
11266880,middle,Relationship Trajectory (Main Couple),"Meeting, First Impressions & Setup",0.00022362985076716777,0.0006509236520067449,0.3430507695342477,high,0.9985243873432861,0.001215081706438026,0.0014756126567139196,0.0009711682007358878,0.00024391350570222845
11266880,middle,Relationship Trajectory (Main Couple),"Reconciliation, Commitments & HEA",0.010802357666517512,0.031442627531391126,0.3430507695342477,high,0.9985243873432861,0.001215081706438026,0.0014756126567139196,0.0009711682007358878,0.00024391350570222845
11266880,middle,Relationship Trajectory (Main Couple),"Secrets, Misunderstandings & Hidden Information",0.055010436032706424,0.1601199204759734,0.3430507695342477,medium,0.9985243873432861,0.001215081706438026,0.0014756126567139196,0.0009711682007358878,0.00024391350570222845
11266880,middle,"Sexuality, Attraction & Intimacy",Attraction & Sexual Tension,0.03474442558718917,0.18955992890825973,0.18301946235605898,high,0.9985243873432861,0.001215081706438026,0.0014756126567139196,0.0009711682007358878,0.00024391350570222845
11266880,middle,"Sexuality, Attraction & Intimacy",Explicit Sexual Acts,0.0873112522733001,0.4763559763647499,0.18301946235605898,high,0.9985243873432861,0.001215081706438026,0.0014756126567139196,0.0009711682007358878,0.00024391350570222845
11266880,middle,"Sexuality, Attraction & Intimacy",Kissing & Non-Explicit Affection,0.061234249432130884,0.33408409472699035,0.18301946235605898,high,0.9985243873432861,0.001215081706438026,0.0014756126567139196,0.0009711682007358878,0.00024391350570222845
11266880,middle,Social World Outside Couple,"Community, Norms & Social Events",0.004364478379775077,0.076232751809679,0.05716752966124202,high,0.9985243873432861,0.001215081706438026,0.0014756126567139196,0.0009711682007358878,0.00024391350570222845
11266880,middle,Social World Outside Couple,Family & Kinship,0.034517980280160815,0.6029129702790516,0.05716752966124202,high,0.9985243873432861,0.001215081706438026,0.0014756126567139196,0.0009711682007358878,0.00024391350570222845
11266880,middle,Social World Outside Couple,Friends & Social Circles,0.01836955279402993,0.3208542779112694,0.05716752966124202,high,0.9985243873432861,0.001215081706438026,0.0014756126567139196,0.0009711682007358878,0.00024391350570222845
11266880,middle,"Spaces, Time, Activities & Objects",Domestic Spaces & Routines,0.04380545239657727,0.6478157649773513,0.06752045084626346,high,0.9985243873432861,0.001215081706438026,0.0014756126567139196,0.0009711682007358878,0.00024391350570222845
11266880,middle,"Spaces, Time, Activities & Objects",Public & Leisure Spaces,0.021302075978622045,0.3150251827275945,0.06752045084626346,high,0.9985243873432861,0.001215081706438026,0.0014756126567139196,0.0009711682007358878,0.00024391350570222845
11266880,middle,"Spaces, Time, Activities & Objects","Time, Seasons & Temporal Framing",0.002512703741425368,0.03715905229505431,0.06752045084626346,high,0.9985243873432861,0.001215081706438026,0.0014756126567139196,0.0009711682007358878,0.00024391350570222845
11266880,middle,"Work, Wealth, Status & Institutions",Hero's Elite Work & Business World,0.04767980397439728,0.7649232667998871,0.062240814364767146,high,0.9985243873432861,0.001215081706438026,0.0014756126567139196,0.0009711682007358878,0.00024391350570222845
11266880,middle,"Work, Wealth, Status & Institutions",Heroine's Work & Professional Identity,0.004752874586419439,0.07624998536668326,0.062240814364767146,high,0.9985243873432861,0.001215081706438026,0.0014756126567139196,0.0009711682007358878,0.00024391350570222845
11266880,middle,"Work, Wealth, Status & Institutions","Law, Medicine, Education & Formal Institutions",0.004580552083489134,0.07348542928848793,0.062240814364767146,high,0.9985243873432861,0.001215081706438026,0.0014756126567139196,0.0009711682007358878,0.00024391350570222845
11266880,middle,"Work, Wealth, Status & Institutions","Money, Housing & Economic Security",0.0018347965312287392,0.02943549342892049,0.062240814364767146,high,0.9985243873432861,0.001215081706438026,0.0014756126567139196,0.0009711682007358878,0.00024391350570222845
11266880,middle,"Work, Wealth, Status & Institutions",Shared Workplaces & Professional Interaction,0.003484766248136853,0.055905825116021206,0.062240814364767146,high,0.9985243873432861,0.001215081706438026,0.0014756126567139196,0.0009711682007358878,0.00024391350570222845
123257687,trash,"Conflict, Risk & Harm",Interpersonal Non-Romantic Conflict,0.0030656252954093625,0.13948344935800708,0.02194413977244013,high,0.9984404529926277,0.000817685656530287,0.0015595470073722802,0.0005933961870260821,0.00022428946950422277
123257687,trash,"Conflict, Risk & Harm","Violence, Threats & Coercion",0.01891279085015737,0.860516550641993,0.02194413977244013,high,0.9984404529926277,0.000817685656530287,0.0015595470073722802,0.0005933961870260821,0.00022428946950422277
123257687,trash,Embodied & Sensory Experience,Body Parts & Physical Reactions,0.007608744981964687,0.3206634686884399,0.023691126455940056,high,0.9984404529926277,0.000817685656530287,0.0015595470073722802,0.0005933961870260821,0.00022428946950422277
123257687,trash,Embodied & Sensory Experience,Exercise & Physical Activity,0.016119386610591074,0.6793365313115599,0.023691126455940056,high,0.9984404529926277,0.000817685656530287,0.0015595470073722802,0.0005933961870260821,0.00022428946950422277
123257687,trash,"Emotions, Cognition & Inner Life",Ambivalence & Internal Conflict,0.010977444859425022,0.051338404114039074,0.21349173600721036,high,0.9984404529926277,0.000817685656530287,0.0015595470073722802,0.0005933961870260821,0.00022428946950422277
123257687,trash,"Emotions, Cognition & Inner Life","Beliefs, Values & Moral Reflection",0.028313551792720222,0.13241447189693117,0.21349173600721036,high,0.9984404529926277,0.000817685656530287,0.0015595470073722802,0.0005933961870260821,0.00022428946950422277
123257687,trash,"Emotions, Cognition & Inner Life",Negative Emotions & Distress,0.12336237457730692,0.5769309269706471,0.21349173600721036,high,0.9984404529926277,0.000817685656530287,0.0015595470073722802,0.0005933961870260821,0.00022428946950422277
123257687,trash,"Emotions, Cognition & Inner Life",Positive Emotions & Security,0.051171835238606224,0.23931619701838272,0.21349173600721036,high,0.9984404529926277,0.000817685656530287,0.0015595470073722802,0.0005933961870260821,0.00022428946950422277
123257687,trash,Relationship Trajectory (Main Couple),"Bonding, Everyday Intimacy & Growth",0.15438538937214405,0.4165200344327334,0.37007732007440947,high,0.9984404529926277,0.000817685656530287,0.0015595470073722802,0.0005933961870260821,0.00022428946950422277
123257687,trash,Relationship Trajectory (Main Couple),"Conflict, Distance & Breakup Threats",0.13024681475537478,0.351395996650257,0.37007732007440947,medium,0.9984404529926277,0.000817685656530287,0.0015595470073722802,0.0005933961870260821,0.00022428946950422277
123257687,trash,Relationship Trajectory (Main Couple),"Meeting, First Impressions & Setup",0.00021723977900770273,0.0005860963955231246,0.37007732007440947,high,0.9984404529926277,0.000817685656530287,0.0015595470073722802,0.0005933961870260821,0.00022428946950422277
123257687,trash,Relationship Trajectory (Main Couple),"Reconciliation, Commitments & HEA",0.022199799158304053,0.05989336910326151,0.37007732007440947,high,0.9984404529926277,0.000817685656530287,0.0015595470073722802,0.0005933961870260821,0.00022428946950422277
123257687,trash,Relationship Trajectory (Main Couple),"Secrets, Misunderstandings & Hidden Information",0.06360613148973188,0.17160450341822497,0.37007732007440947,medium,0.9984404529926277,0.000817685656530287,0.0015595470073722802,0.0005933961870260821,0.00022428946950422277
123257687,trash,"Sexuality, Attraction & Intimacy",Attraction & Sexual Tension,0.03228307804161587,0.21742153890163446,0.14824994444754613,high,0.9984404529926277,0.000817685656530287,0.0015595470073722802,0.0005933961870260821,0.00022428946950422277
123257687,trash,"Sexuality, Attraction & Intimacy",Explicit Sexual Acts,0.06296691713793047,0.42407245078590095,0.14824994444754613,high,0.9984404529926277,0.000817685656530287,0.0015595470073722802,0.0005933961870260821,0.00022428946950422277
123257687,trash,"Sexuality, Attraction & Intimacy",Kissing & Non-Explicit Affection,0.053231513159980835,0.3585060103124647,0.14824994444754613,high,0.9984404529926277,0.000817685656530287,0.0015595470073722802,0.0005933961870260821,0.00022428946950422277
123257687,trash,Social World Outside Couple,"Community, Norms & Social Events",0.004577084730561195,0.057590306638662415,0.07935270392707358,high,0.9984404529926277,0.000817685656530287,0.0015595470073722802,0.0005933961870260821,0.00022428946950422277
123257687,trash,Social World Outside Couple,Family & Kinship,0.05410327204168772,0.6807442314168688,0.07935270392707358,high,0.9984404529926277,0.000817685656530287,0.0015595470073722802,0.0005933961870260821,0.00022428946950422277
123257687,trash,Social World Outside Couple,Friends & Social Circles,0.020796294728829143,0.2616654619444687,0.07935270392707358,high,0.9984404529926277,0.000817685656530287,0.0015595470073722802,0.0005933961870260821,0.00022428946950422277
123257687,trash,"Spaces, Time, Activities & Objects",Domestic Spaces & Routines,0.04390741038543331,0.5977483671082505,0.07334011622155738,high,0.9984404529926277,0.000817685656530287,0.0015595470073722802,0.0005933961870260821,0.00022428946950422277
123257687,trash,"Spaces, Time, Activities & Objects",Public & Leisure Spaces,0.025722809656519626,0.35018616071063025,0.07334011622155738,high,0.9984404529926277,0.000817685656530287,0.0015595470073722802,0.0005933961870260821,0.00022428946950422277
123257687,trash,"Spaces, Time, Activities & Objects","Time, Seasons & Temporal Framing",0.0038244521938673253,0.052065472181119156,0.07334011622155738,high,0.9984404529926277,0.000817685656530287,0.0015595470073722802,0.0005933961870260821,0.00022428946950422277
123257687,trash,"Work, Wealth, Status & Institutions",Hero's Elite Work & Business World,0.053076120945975566,0.7785230661877109,0.06806907661694642,high,0.9984404529926277,0.000817685656530287,0.0015595470073722802,0.0005933961870260821,0.00022428946950422277
123257687,trash,"Work, Wealth, Status & Institutions",Heroine's Work & Professional Identity,0.005474574307927812,0.08030131630415605,0.06806907661694642,high,0.9984404529926277,0.000817685656530287,0.0015595470073722802,0.0005933961870260821,0.00022428946950422277
123257687,trash,"Work, Wealth, Status & Institutions","Law, Medicine, Education & Formal Institutions",0.005011876671944948,0.07351444537495153,0.06806907661694642,high,0.9984404529926277,0.000817685656530287,0.0015595470073722802,0.0005933961870260821,0.00022428946950422277
123257687,trash,"Work, Wealth, Status & Institutions","Money, Housing & Economic Security",0.00115546229977615,0.01694837596367788,0.06806907661694642,high,0.9984404529926277,0.000817685656530287,0.0015595470073722802,0.0005933961870260821,0.00022428946950422277
123257687,trash,"Work, Wealth, Status & Institutions",Shared Workplaces & Professional Interaction,0.0034573651313655426,0.05071279616950361,0.06806907661694642,high,0.9984404529926277,0.000817685656530287,0.0015595470073722802,0.0005933961870260821,0.00022428946950422277
123446478,middle,"Conflict, Risk & Harm",Interpersonal Non-Romantic Conflict,0.0017456831898178477,0.09367483368599437,0.01861035078837687,high,0.998647134318297,0.0007116415342263149,0.0013528656817031804,0.0006604475100356963,5.119402419058305e-05
123446478,middle,"Conflict, Risk & Harm","Violence, Threats & Coercion",0.016889879011119914,0.9063251663140057,0.01861035078837687,high,0.998647134318297,0.0007116415342263149,0.0013528656817031804,0.0006604475100356963,5.119402419058305e-05
123446478,middle,Embodied & Sensory Experience,Body Parts & Physical Reactions,0.006578785723147233,0.3505332313850479,0.018742546844291438,high,0.998647134318297,0.0007116415342263149,0.0013528656817031804,0.0006604475100356963,5.119402419058305e-05
123446478,middle,Embodied & Sensory Experience,Exercise & Physical Activity,0.012189151619491412,0.6494667686149521,0.018742546844291438,high,0.998647134318297,0.0007116415342263149,0.0013528656817031804,0.0006604475100356963,5.119402419058305e-05
123446478,middle,"Emotions, Cognition & Inner Life",Ambivalence & Internal Conflict,0.009848770424287572,0.047947726874029296,0.2051285222887368,high,0.998647134318297,0.0007116415342263149,0.0013528656817031804,0.0006604475100356963,5.119402419058305e-05
123446478,middle,"Emotions, Cognition & Inner Life","Beliefs, Values & Moral Reflection",0.027017817476578394,0.1315334683713134,0.2051285222887368,high,0.998647134318297,0.0007116415342263149,0.0013528656817031804,0.0006604475100356963,5.119402419058305e-05
123446478,middle,"Emotions, Cognition & Inner Life",Negative Emotions & Distress,0.11680336469618732,0.5686451797687775,0.2051285222887368,high,0.998647134318297,0.0007116415342263149,0.0013528656817031804,0.0006604475100356963,5.119402419058305e-05
123446478,middle,"Emotions, Cognition & Inner Life",Positive Emotions & Security,0.051736456973994004,0.25187362498587984,0.2051285222887368,high,0.998647134318297,0.0007116415342263149,0.0013528656817031804,0.0006604475100356963,5.119402419058305e-05
123446478,middle,Relationship Trajectory (Main Couple),"Bonding, Everyday Intimacy & Growth",0.17675591251467643,0.47357839626103837,0.37272980967928365,high,0.998647134318297,0.0007116415342263149,0.0013528656817031804,0.0006604475100356963,5.119402419058305e-05
123446478,middle,Relationship Trajectory (Main Couple),"Conflict, Distance & Breakup Threats",0.1284523266613298,0.34415961531821776,0.37272980967928365,medium,0.998647134318297,0.0007116415342263149,0.0013528656817031804,0.0006604475100356963,5.119402419058305e-05
123446478,middle,Relationship Trajectory (Main Couple),"Meeting, First Impressions & Setup",0.00022829580321990906,0.0006116681406797809,0.37272980967928365,high,0.998647134318297,0.0007116415342263149,0.0013528656817031804,0.0006604475100356963,5.119402419058305e-05
123446478,middle,Relationship Trajectory (Main Couple),"Reconciliation, Commitments & HEA",0.012337072025163997,0.033054457421609396,0.37272980967928365,high,0.998647134318297,0.0007116415342263149,0.0013528656817031804,0.0006604475100356963,5.119402419058305e-05
123446478,middle,Relationship Trajectory (Main Couple),"Secrets, Misunderstandings & Hidden Information",0.0554611391541906,0.14859586285845466,0.37272980967928365,medium,0.998647134318297,0.0007116415342263149,0.0013528656817031804,0.0006604475100356963,5.119402419058305e-05
123446478,middle,"Sexuality, Attraction & Intimacy",Attraction & Sexual Tension,0.04295450518665638,0.23406288603414746,0.1832686686793081,high,0.998647134318297,0.0007116415342263149,0.0013528656817031804,0.0006604475100356963,5.119402419058305e-05
123446478,middle,"Sexuality, Attraction & Intimacy",Explicit Sexual Acts,0.08621016508583516,0.4697667906494535,0.1832686686793081,high,0.998647134318297,0.0007116415342263149,0.0013528656817031804,0.0006604475100356963,5.119402419058305e-05
123446478,middle,"Sexuality, Attraction & Intimacy",Kissing & Non-Explicit Affection,0.054352272180271985,0.29617032331639914,0.1832686686793081,high,0.998647134318297,0.0007116415342263149,0.0013528656817031804,0.0006604475100356963,5.119402419058305e-05
123446478,middle,Social World Outside Couple,"Community, Norms & Social Events",0.004565682172249835,0.06985489565808559,0.06527109337966178,high,0.998647134318297,0.0007116415342263149,0.0013528656817031804,0.0006604475100356963,5.119402419058305e-05
123446478,middle,Social World Outside Couple,Family & Kinship,0.04134232732598877,0.6325372316041574,0.06527109337966178,high,0.998647134318297,0.0007116415342263149,0.0013528656817031804,0.0006604475100356963,5.119402419058305e-05
123446478,middle,Social World Outside Couple,Friends & Social Circles,0.019451506527627282,0.29760787273775696,0.06527109337966178,high,0.998647134318297,0.0007116415342263149,0.0013528656817031804,0.0006604475100356963,5.119402419058305e-05
123446478,middle,"Spaces, Time, Activities & Objects",Domestic Spaces & Routines,0.043527304678706746,0.5716398993579517,0.07604160964063615,high,0.998647134318297,0.0007116415342263149,0.0013528656817031804,0.0006604475100356963,5.119402419058305e-05
123446478,middle,"Spaces, Time, Activities & Objects",Public & Leisure Spaces,0.030239601892777475,0.39713377867543703,0.07604160964063615,high,0.998647134318297,0.0007116415342263149,0.0013528656817031804,0.0006604475100356963,5.119402419058305e-05
123446478,middle,"Spaces, Time, Activities & Objects","Time, Seasons & Temporal Framing",0.0023777165165739657,0.031226321966611247,0.07604160964063615,high,0.998647134318297,0.0007116415342263149,0.0013528656817031804,0.0006604475100356963,5.119402419058305e-05
123446478,middle,"Work, Wealth, Status & Institutions",Hero's Elite Work & Business World,0.04489990141969287,0.7625274117285954,0.058803338993811564,high,0.998647134318297,0.0007116415342263149,0.0013528656817031804,0.0006604475100356963,5.119402419058305e-05
123446478,middle,"Work, Wealth, Status & Institutions",Heroine's Work & Professional Identity,0.004794482968564365,0.08142389121132342,0.058803338993811564,high,0.998647134318297,0.0007116415342263149,0.0013528656817031804,0.0006604475100356963,5.119402419058305e-05
123446478,middle,"Work, Wealth, Status & Institutions","Law, Medicine, Education & Formal Institutions",0.0041857953162733,0.07108665203313022,0.058803338993811564,high,0.998647134318297,0.0007116415342263149,0.0013528656817031804,0.0006604475100356963,5.119402419058305e-05
123446478,middle,"Work, Wealth, Status & Institutions","Money, Housing & Economic Security",0.001375766152881625,0.023364403273289158,0.058803338993811564,high,0.998647134318297,0.0007116415342263149,0.0013528656817031804,0.0006604475100356963,5.119402419058305e-05
123446478,middle,"Work, Wealth, Status & Institutions",Shared Workplaces & Professional Interaction,0.003627053926042162,0.06159764175366175,0.058803338993811564,high,0.998647134318297,0.0007116415342263149,0.0013528656817031804,0.0006604475100356963,5.119402419058305e-05
127305713,top,"Conflict, Risk & Harm",Interpersonal Non-Romantic Conflict,0.004233765588333638,0.19127972995012596,0.022093927279664347,high,0.9981942446783573,0.0011933875651233272,0.0018057553216428005,0.0007904011514933274,0.0004029864136301078
127305713,top,"Conflict, Risk & Harm","Violence, Threats & Coercion",0.01790013009124279,0.8087202700498742,0.022093927279664347,high,0.9981942446783573,0.0011933875651233272,0.0018057553216428005,0.0007904011514933274,0.0004029864136301078
127305713,top,Embodied & Sensory Experience,Body Parts & Physical Reactions,0.008836056905126597,0.20525483405446704,0.04297146612394668,high,0.9981942446783573,0.0011933875651233272,0.0018057553216428005,0.0007904011514933274,0.0004029864136301078
127305713,top,Embodied & Sensory Experience,Exercise & Physical Activity,0.03421314554523731,0.794745165945533,0.04297146612394668,high,0.9981942446783573,0.0011933875651233272,0.0018057553216428005,0.0007904011514933274,0.0004029864136301078
127305713,top,"Emotions, Cognition & Inner Life",Ambivalence & Internal Conflict,0.009863413605134257,0.04864093455917111,0.20241392939418476,high,0.9981942446783573,0.0011933875651233272,0.0018057553216428005,0.0007904011514933274,0.0004029864136301078
127305713,top,"Emotions, Cognition & Inner Life","Beliefs, Values & Moral Reflection",0.02713679952381435,0.13382377974052653,0.20241392939418476,high,0.9981942446783573,0.0011933875651233272,0.0018057553216428005,0.0007904011514933274,0.0004029864136301078
127305713,top,"Emotions, Cognition & Inner Life",Negative Emotions & Distress,0.1154656592344579,0.5694131666273534,0.20241392939418476,high,0.9981942446783573,0.0011933875651233272,0.0018057553216428005,0.0007904011514933274,0.0004029864136301078
127305713,top,"Emotions, Cognition & Inner Life",Positive Emotions & Security,0.050314228276632275,0.24812211907294898,0.20241392939418476,high,0.9981942446783573,0.0011933875651233272,0.0018057553216428005,0.0007904011514933274,0.0004029864136301078
127305713,top,Relationship Trajectory (Main Couple),"Bonding, Everyday Intimacy & Growth",0.16823776353154363,0.4645806866880084,0.3614742758506494,high,0.9981942446783573,0.0011933875651233272,0.0018057553216428005,0.0007904011514933274,0.0004029864136301078
127305713,top,Relationship Trajectory (Main Couple),"Conflict, Distance & Breakup Threats",0.1313184496306047,0.3626297343922568,0.3614742758506494,medium,0.9981942446783573,0.0011933875651233272,0.0018057553216428005,0.0007904011514933274,0.0004029864136301078
127305713,top,Relationship Trajectory (Main Couple),"Meeting, First Impressions & Setup",0.00024685167515406826,0.0006816693133920547,0.3614742758506494,high,0.9981942446783573,0.0011933875651233272,0.0018057553216428005,0.0007904011514933274,0.0004029864136301078
127305713,top,Relationship Trajectory (Main Couple),"Reconciliation, Commitments & HEA",0.006729509575896812,0.018583224801710388,0.3614742758506494,high,0.9981942446783573,0.0011933875651233272,0.0018057553216428005,0.0007904011514933274,0.0004029864136301078
127305713,top,Relationship Trajectory (Main Couple),"Secrets, Misunderstandings & Hidden Information",0.05559561634502871,0.15352468480463233,0.3614742758506494,medium,0.9981942446783573,0.0011933875651233272,0.0018057553216428005,0.0007904011514933274,0.0004029864136301078
127305713,top,"Sexuality, Attraction & Intimacy",Attraction & Sexual Tension,0.02935182068109829,0.19254425968133237,0.1521666681894027,high,0.9981942446783573,0.0011933875651233272,0.0018057553216428005,0.0007904011514933274,0.0004029864136301078
127305713,top,"Sexuality, Attraction & Intimacy",Explicit Sexual Acts,0.06550541205475476,0.42970728140641656,0.1521666681894027,high,0.9981942446783573,0.0011933875651233272,0.0018057553216428005,0.0007904011514933274,0.0004029864136301078
127305713,top,"Sexuality, Attraction & Intimacy",Kissing & Non-Explicit Affection,0.05758470829981635,0.377748458912251,0.1521666681894027,high,0.9981942446783573,0.0011933875651233272,0.0018057553216428005,0.0007904011514933274,0.0004029864136301078
127305713,top,Social World Outside Couple,"Community, Norms & Social Events",0.0034345864301976842,0.04457110317842391,0.07691944248607546,high,0.9981942446783573,0.0011933875651233272,0.0018057553216428005,0.0007904011514933274,0.0004029864136301078
127305713,top,Social World Outside Couple,Family & Kinship,0.05253039382102706,0.681694186646361,0.07691944248607546,high,0.9981942446783573,0.0011933875651233272,0.0018057553216428005,0.0007904011514933274,0.0004029864136301078
127305713,top,Social World Outside Couple,Friends & Social Circles,0.021093611196435623,0.2737347101752151,0.07691944248607546,high,0.9981942446783573,0.0011933875651233272,0.0018057553216428005,0.0007904011514933274,0.0004029864136301078
127305713,top,"Spaces, Time, Activities & Objects",Domestic Spaces & Routines,0.046836592748069304,0.6487898815833659,0.07206033671081458,high,0.9981942446783573,0.0011933875651233272,0.0018057553216428005,0.0007904011514933274,0.0004029864136301078
127305713,top,"Spaces, Time, Activities & Objects",Public & Leisure Spaces,0.02232480159593267,0.30924763169059427,0.07206033671081458,high,0.9981942446783573,0.0011933875651233272,0.0018057553216428005,0.0007904011514933274,0.0004029864136301078
127305713,top,"Spaces, Time, Activities & Objects","Time, Seasons & Temporal Framing",0.0030293010992824103,0.0419624867260399,0.07206033671081458,high,0.9981942446783573,0.0011933875651233272,0.0018057553216428005,0.0007904011514933274,0.0004029864136301078
127305713,top,"Work, Wealth, Status & Institutions",Hero's Elite Work & Business World,0.052808459090730134,0.7787288511779054,0.06769121222998924,high,0.9981942446783573,0.0011933875651233272,0.0018057553216428005,0.0007904011514933274,0.0004029864136301078
127305713,top,"Work, Wealth, Status & Institutions",Heroine's Work & Professional Identity,0.005025702977786267,0.07411047346654868,0.06769121222998924,high,0.9981942446783573,0.0011933875651233272,0.0018057553216428005,0.0007904011514933274,0.0004029864136301078
127305713,top,"Work, Wealth, Status & Institutions","Law, Medicine, Education & Formal Institutions",0.005512444263886706,0.0812881016168915,0.06769121222998924,high,0.9981942446783573,0.0011933875651233272,0.0018057553216428005,0.0007904011514933274,0.0004029864136301078
127305713,top,"Work, Wealth, Status & Institutions","Money, Housing & Economic Security",0.00170444296991037,0.025134210289607755,0.06769121222998924,high,0.9981942446783573,0.0011933875651233272,0.0018057553216428005,0.0007904011514933274,0.0004029864136301078
127305713,top,"Work, Wealth, Status & Institutions",Shared Workplaces & Professional Interaction,0.002762617817958303,0.040738363449046744,0.06769121222998924,high,0.9981942446783573,0.0011933875651233272,0.0018057553216428005,0.0007904011514933274,0.0004029864136301078
149105520,trash,"Conflict, Risk & Harm",Interpersonal Non-Romantic Conflict,0.0023877077134162677,0.12221486597737034,0.01950241557627413,high,0.9982315224333287,0.002077900419664158,0.001768477566671331,0.0014003579841769043,0.0006775424354872261
149105520,trash,"Conflict, Risk & Harm","Violence, Threats & Coercion",0.017149258549414494,0.8777851340226297,0.01950241557627413,high,0.9982315224333287,0.002077900419664158,0.001768477566671331,0.0014003579841769043,0.0006775424354872261
149105520,trash,Embodied & Sensory Experience,Body Parts & Physical Reactions,0.013765111457688925,0.49729220558997744,0.027631175418427287,high,0.9982315224333287,0.002077900419664158,0.001768477566671331,0.0014003579841769043,0.0006775424354872261
149105520,trash,Embodied & Sensory Experience,Exercise & Physical Activity,0.013915015644561301,0.5027077944100226,0.027631175418427287,high,0.9982315224333287,0.002077900419664158,0.001768477566671331,0.0014003579841769043,0.0006775424354872261
149105520,trash,"Emotions, Cognition & Inner Life",Ambivalence & Internal Conflict,0.011884848504649789,0.061899228810440576,0.1916636223856306,high,0.9982315224333287,0.002077900419664158,0.001768477566671331,0.0014003579841769043,0.0006775424354872261
149105520,trash,"Emotions, Cognition & Inner Life","Beliefs, Values & Moral Reflection",0.022785637656598013,0.11867323326382713,0.1916636223856306,high,0.9982315224333287,0.002077900419664158,0.001768477566671331,0.0014003579841769043,0.0006775424354872261
149105520,trash,"Emotions, Cognition & Inner Life",Negative Emotions & Distress,0.10583347075806959,0.5512068765280286,0.1916636223856306,high,0.9982315224333287,0.002077900419664158,0.001768477566671331,0.0014003579841769043,0.0006775424354872261
149105520,trash,"Emotions, Cognition & Inner Life",Positive Emotions & Security,0.05149921877525869,0.2682206613977036,0.1916636223856306,high,0.9982315224333287,0.002077900419664158,0.001768477566671331,0.0014003579841769043,0.0006775424354872261
149105520,trash,Relationship Trajectory (Main Couple),"Bonding, Everyday Intimacy & Growth",0.16657545588281586,0.4681853298687254,0.3551603613307418,high,0.9982315224333287,0.002077900419664158,0.001768477566671331,0.0014003579841769043,0.0006775424354872261
149105520,trash,Relationship Trajectory (Main Couple),"Conflict, Distance & Breakup Threats",0.12384554771191611,0.3480865071086261,0.3551603613307418,medium,0.9982315224333287,0.002077900419664158,0.001768477566671331,0.0014003579841769043,0.0006775424354872261
149105520,trash,Relationship Trajectory (Main Couple),"Meeting, First Impressions & Setup",0.00026719315042261576,0.0007509864680021048,0.3551603613307418,high,0.9982315224333287,0.002077900419664158,0.001768477566671331,0.0014003579841769043,0.0006775424354872261
149105520,trash,Relationship Trajectory (Main Couple),"Reconciliation, Commitments & HEA",0.008361768189660767,0.023502005006765244,0.3551603613307418,high,0.9982315224333287,0.002077900419664158,0.001768477566671331,0.0014003579841769043,0.0006775424354872261
149105520,trash,Relationship Trajectory (Main Couple),"Secrets, Misunderstandings & Hidden Information",0.0567396022639732,0.15947517154788116,0.3551603613307418,medium,0.9982315224333287,0.002077900419664158,0.001768477566671331,0.0014003579841769043,0.0006775424354872261
149105520,trash,"Sexuality, Attraction & Intimacy",Attraction & Sexual Tension,0.04627302778605525,0.23800861355073957,0.19407362735897976,high,0.9982315224333287,0.002077900419664158,0.001768477566671331,0.0014003579841769043,0.0006775424354872261
149105520,trash,"Sexuality, Attraction & Intimacy",Explicit Sexual Acts,0.07659864831750161,0.3939906022618937,0.19407362735897976,high,0.9982315224333287,0.002077900419664158,0.001768477566671331,0.0014003579841769043,0.0006775424354872261
149105520,trash,"Sexuality, Attraction & Intimacy",Kissing & Non-Explicit Affection,0.07154577415477419,0.3680007841873667,0.19407362735897976,high,0.9982315224333287,0.002077900419664158,0.001768477566671331,0.0014003579841769043,0.0006775424354872261
149105520,trash,Social World Outside Couple,"Community, Norms & Social Events",0.003824293071404328,0.057346898289659734,0.06656907363353451,high,0.9982315224333287,0.002077900419664158,0.001768477566671331,0.0014003579841769043,0.0006775424354872261
149105520,trash,Social World Outside Couple,Family & Kinship,0.03893551928494891,0.5838546425703527,0.06656907363353451,high,0.9982315224333287,0.002077900419664158,0.001768477566671331,0.0014003579841769043,0.0006775424354872261
149105520,trash,Social World Outside Couple,Friends & Social Circles,0.02392719575501465,0.35879845913998754,0.06656907363353451,high,0.9982315224333287,0.002077900419664158,0.001768477566671331,0.0014003579841769043,0.0006775424354872261
149105520,trash,"Spaces, Time, Activities & Objects",Domestic Spaces & Routines,0.047008145035458915,0.6886030592154774,0.06814522758434205,high,0.9982315224333287,0.002077900419664158,0.001768477566671331,0.0014003579841769043,0.0006775424354872261
149105520,trash,"Spaces, Time, Activities & Objects",Public & Leisure Spaces,0.017455233208036363,0.25569456053428147,0.06814522758434205,high,0.9982315224333287,0.002077900419664158,0.001768477566671331,0.0014003579841769043,0.0006775424354872261
149105520,trash,"Spaces, Time, Activities & Objects","Time, Seasons & Temporal Framing",0.003802576149758653,0.05570238025024119,0.06814522758434205,high,0.9982315224333287,0.002077900419664158,0.001768477566671331,0.0014003579841769043,0.0006775424354872261
149105520,trash,"Work, Wealth, Status & Institutions",Hero's Elite Work & Business World,0.05668427678420437,0.7563852975077583,0.07480847670991136,high,0.9982315224333287,0.002077900419664158,0.001768477566671331,0.0014003579841769043,0.0006775424354872261
149105520,trash,"Work, Wealth, Status & Institutions",Heroine's Work & Professional Identity,0.004966411301922821,0.0662709432538368,0.07480847670991136,high,0.9982315224333287,0.002077900419664158,0.001768477566671331,0.0014003579841769043,0.0006775424354872261
149105520,trash,"Work, Wealth, Status & Institutions","Law, Medicine, Education & Formal Institutions",0.005400211588928883,0.07205950011229645,0.07480847670991136,high,0.9982315224333287,0.002077900419664158,0.001768477566671331,0.0014003579841769043,0.0006775424354872261
149105520,trash,"Work, Wealth, Status & Institutions","Money, Housing & Economic Security",0.003592245522149507,0.047934310043964784,0.07480847670991136,high,0.9982315224333287,0.002077900419664158,0.001768477566671331,0.0014003579841769043,0.0006775424354872261
149105520,trash,"Work, Wealth, Status & Institutions",Shared Workplaces & Professional Interaction,0.004297863004534301,0.057349949082143775,0.07480847670991136,high,0.9982315224333287,0.002077900419664158,0.001768477566671331,0.0014003579841769043,0.0006775424354872261
15197,top,"Conflict, Risk & Harm",Interpersonal Non-Romantic Conflict,0.002148556100691298,0.10596623201236303,0.020207906683983888,high,0.9966487388764189,0.002830864075509587,0.0033512611235811084,0.002784586253957696,4.6277821551960885e-05
15197,top,"Conflict, Risk & Harm","Violence, Threats & Coercion",0.01812730027250339,0.894033767987637,0.020207906683983888,high,0.9966487388764189,0.002830864075509587,0.0033512611235811084,0.002784586253957696,4.6277821551960885e-05
15197,top,Embodied & Sensory Experience,Body Parts & Physical Reactions,0.010639761520746353,0.48583320408325276,0.021826636822008104,high,0.9966487388764189,0.002830864075509587,0.0033512611235811084,0.002784586253957696,4.6277821551960885e-05
15197,top,Embodied & Sensory Experience,Exercise & Physical Activity,0.01126026801886312,0.5141667959167472,0.021826636822008104,high,0.9966487388764189,0.002830864075509587,0.0033512611235811084,0.002784586253957696,4.6277821551960885e-05
15197,top,"Emotions, Cognition & Inner Life",Ambivalence & Internal Conflict,0.011121975792418014,0.05540421097899021,0.2000696869689363,high,0.9966487388764189,0.002830864075509587,0.0033512611235811084,0.002784586253957696,4.6277821551960885e-05
15197,top,"Emotions, Cognition & Inner Life","Beliefs, Values & Moral Reflection",0.027761760532951367,0.13829543117369444,0.2000696869689363,high,0.9966487388764189,0.002830864075509587,0.0033512611235811084,0.002784586253957696,4.6277821551960885e-05
15197,top,"Emotions, Cognition & Inner Life",Negative Emotions & Distress,0.1104150305025873,0.550033353730848,0.2000696869689363,high,0.9966487388764189,0.002830864075509587,0.0033512611235811084,0.002784586253957696,4.6277821551960885e-05
15197,top,"Emotions, Cognition & Inner Life",Positive Emotions & Security,0.0514436604333136,0.25626700411646736,0.2000696869689363,high,0.9966487388764189,0.002830864075509587,0.0033512611235811084,0.002784586253957696,4.6277821551960885e-05
15197,top,Relationship Trajectory (Main Couple),"Bonding, Everyday Intimacy & Growth",0.15127806724082052,0.4574648118498259,0.3295796551554662,high,0.9966487388764189,0.002830864075509587,0.0033512611235811084,0.002784586253957696,4.6277821551960885e-05
15197,top,Relationship Trajectory (Main Couple),"Conflict, Distance & Breakup Threats",0.11473823193333305,0.3469683652145475,0.3295796551554662,medium,0.9966487388764189,0.002830864075509587,0.0033512611235811084,0.002784586253957696,4.6277821551960885e-05
15197,top,Relationship Trajectory (Main Couple),"Meeting, First Impressions & Setup",0.0001729750544826941,0.0005230764921637417,0.3295796551554662,high,0.9966487388764189,0.002830864075509587,0.0033512611235811084,0.002784586253957696,4.6277821551960885e-05
15197,top,Relationship Trajectory (Main Couple),"Reconciliation, Commitments & HEA",0.009952884521050719,0.03009751861476001,0.3295796551554662,high,0.9966487388764189,0.002830864075509587,0.0033512611235811084,0.002784586253957696,4.6277821551960885e-05
15197,top,Relationship Trajectory (Main Couple),"Secrets, Misunderstandings & Hidden Information",0.054545717830602386,0.1649462278287029,0.3295796551554662,medium,0.9966487388764189,0.002830864075509587,0.0033512611235811084,0.002784586253957696,4.6277821551960885e-05
15197,top,"Sexuality, Attraction & Intimacy",Attraction & Sexual Tension,0.037906384291370575,0.1840234481406088,0.20529639282974904,high,0.9966487388764189,0.002830864075509587,0.0033512611235811084,0.002784586253957696,4.6277821551960885e-05
15197,top,"Sexuality, Attraction & Intimacy",Explicit Sexual Acts,0.09455031244859778,0.4590117164913537,0.20529639282974904,high,0.9966487388764189,0.002830864075509587,0.0033512611235811084,0.002784586253957696,4.6277821551960885e-05
15197,top,"Sexuality, Attraction & Intimacy",Kissing & Non-Explicit Affection,0.0735300113365319,0.3569648353680374,0.20529639282974904,high,0.9966487388764189,0.002830864075509587,0.0033512611235811084,0.002784586253957696,4.6277821551960885e-05
15197,top,Social World Outside Couple,"Community, Norms & Social Events",0.0034021549727769247,0.04836170308943717,0.07011236673798703,high,0.9966487388764189,0.002830864075509587,0.0033512611235811084,0.002784586253957696,4.6277821551960885e-05
15197,top,Social World Outside Couple,Family & Kinship,0.045730312582808866,0.6500573363099315,0.07011236673798703,high,0.9966487388764189,0.002830864075509587,0.0033512611235811084,0.002784586253957696,4.6277821551960885e-05
15197,top,Social World Outside Couple,Friends & Social Circles,0.02121565410764818,0.3015809606006313,0.07011236673798703,high,0.9966487388764189,0.002830864075509587,0.0033512611235811084,0.002784586253957696,4.6277821551960885e-05
15197,top,"Spaces, Time, Activities & Objects",Domestic Spaces & Routines,0.05374995049412345,0.6053169198276956,0.08849879892649756,high,0.9966487388764189,0.002830864075509587,0.0033512611235811084,0.002784586253957696,4.6277821551960885e-05
15197,top,"Spaces, Time, Activities & Objects",Public & Leisure Spaces,0.031948997912111685,0.35980068502305523,0.08849879892649756,high,0.9966487388764189,0.002830864075509587,0.0033512611235811084,0.002784586253957696,4.6277821551960885e-05
15197,top,"Spaces, Time, Activities & Objects","Time, Seasons & Temporal Framing",0.003097430372377985,0.034882395149249165,0.08849879892649756,high,0.9966487388764189,0.002830864075509587,0.0033512611235811084,0.002784586253957696,4.6277821551960885e-05
15197,top,"Work, Wealth, Status & Institutions",Hero's Elite Work & Business World,0.045350751445850136,0.7408296322496253,0.061011016930238804,high,0.9966487388764189,0.002830864075509587,0.0033512611235811084,0.002784586253957696,4.6277821551960885e-05
15197,top,"Work, Wealth, Status & Institutions",Heroine's Work & Professional Identity,0.005928664219697068,0.09684801229487888,0.061011016930238804,high,0.9966487388764189,0.002830864075509587,0.0033512611235811084,0.002784586253957696,4.6277821551960885e-05
15197,top,"Work, Wealth, Status & Institutions","Law, Medicine, Education & Formal Institutions",0.005099723343485874,0.08330680415826232,0.061011016930238804,high,0.9966487388764189,0.002830864075509587,0.0033512611235811084,0.002784586253957696,4.6277821551960885e-05
15197,top,"Work, Wealth, Status & Institutions","Money, Housing & Economic Security",0.0018094445732147449,0.029558278860083196,0.061011016930238804,high,0.9966487388764189,0.002830864075509587,0.0033512611235811084,0.002784586253957696,4.6277821551960885e-05
15197,top,"Work, Wealth, Status & Institutions",Shared Workplaces & Professional Interaction,0.003027584712933215,0.049457272437150354,0.061011016930238804,high,0.9966487388764189,0.002830864075509587,0.0033512611235811084,0.002784586253957696,4.6277821551960885e-05
161913,trash,"Conflict, Risk & Harm",Interpersonal Non-Romantic Conflict,0.0017190379165405343,0.10697296823655494,0.016047652646189126,high,0.9986196466490667,0.0005511731190438462,0.0013803533509331922,0.0004888725354902205,6.23005835536248e-05
161913,trash,"Conflict, Risk & Harm","Violence, Threats & Coercion",0.01435079677982066,0.8930270317634451,0.016047652646189126,high,0.9986196466490667,0.0005511731190438462,0.0013803533509331922,0.0004888725354902205,6.23005835536248e-05
161913,trash,Embodied & Sensory Experience,Body Parts & Physical Reactions,0.004841253772670156,0.41608736106975214,0.011619125174513228,high,0.9986196466490667,0.0005511731190438462,0.0013803533509331922,0.0004888725354902205,6.23005835536248e-05
161913,trash,Embodied & Sensory Experience,Exercise & Physical Activity,0.006793932069609195,0.5839126389302479,0.011619125174513228,high,0.9986196466490667,0.0005511731190438462,0.0013803533509331922,0.0004888725354902205,6.23005835536248e-05
161913,trash,"Emotions, Cognition & Inner Life",Ambivalence & Internal Conflict,0.005035296651902859,0.025682017403017073,0.1957924910799936,high,0.9986196466490667,0.0005511731190438462,0.0013803533509331922,0.0004888725354902205,6.23005835536248e-05
161913,trash,"Emotions, Cognition & Inner Life","Beliefs, Values & Moral Reflection",0.023730180208263695,0.12103336570151237,0.1957924910799936,high,0.9986196466490667,0.0005511731190438462,0.0013803533509331922,0.0004888725354902205,6.23005835536248e-05
161913,trash,"Emotions, Cognition & Inner Life",Negative Emotions & Distress,0.12647416629940705,0.6450685956518517,0.1957924910799936,high,0.9986196466490667,0.0005511731190438462,0.0013803533509331922,0.0004888725354902205,6.23005835536248e-05
161913,trash,"Emotions, Cognition & Inner Life",Positive Emotions & Security,0.040823484315424576,0.20821602124361885,0.1957924910799936,high,0.9986196466490667,0.0005511731190438462,0.0013803533509331922,0.0004888725354902205,6.23005835536248e-05
161913,trash,Relationship Trajectory (Main Couple),"Bonding, Everyday Intimacy & Growth",0.15138325190863985,0.42117750547561555,0.35893248704932307,high,0.9986196466490667,0.0005511731190438462,0.0013803533509331922,0.0004888725354902205,6.23005835536248e-05
161913,trash,Relationship Trajectory (Main Couple),"Conflict, Distance & Breakup Threats",0.11902596509208806,0.3311532711331076,0.35893248704932307,medium,0.9986196466490667,0.0005511731190438462,0.0013803533509331922,0.0004888725354902205,6.23005835536248e-05
161913,trash,Relationship Trajectory (Main Couple),"Meeting, First Impressions & Setup",0.00027297749202810667,0.0007594762147980118,0.35893248704932307,high,0.9986196466490667,0.0005511731190438462,0.0013803533509331922,0.0004888725354902205,6.23005835536248e-05
161913,trash,Relationship Trajectory (Main Couple),"Reconciliation, Commitments & HEA",0.00848397554671453,0.02360406195685252,0.35893248704932307,high,0.9986196466490667,0.0005511731190438462,0.0013803533509331922,0.0004888725354902205,6.23005835536248e-05
161913,trash,Relationship Trajectory (Main Couple),"Secrets, Misunderstandings & Hidden Information",0.0802624555175615,0.2233056852196262,0.35893248704932307,medium,0.9986196466490667,0.0005511731190438462,0.0013803533509331922,0.0004888725354902205,6.23005835536248e-05
161913,trash,"Sexuality, Attraction & Intimacy",Attraction & Sexual Tension,0.03871612959119546,0.21301111284185759,0.18150549582210204,high,0.9986196466490667,0.0005511731190438462,0.0013803533509331922,0.0004888725354902205,6.23005835536248e-05
161913,trash,"Sexuality, Attraction & Intimacy",Explicit Sexual Acts,0.09878097668748696,0.5434800945751633,0.18150549582210204,high,0.9986196466490667,0.0005511731190438462,0.0013803533509331922,0.0004888725354902205,6.23005835536248e-05
161913,trash,"Sexuality, Attraction & Intimacy",Kissing & Non-Explicit Affection,0.04425927757692821,0.24350879258297903,0.18150549582210204,high,0.9986196466490667,0.0005511731190438462,0.0013803533509331922,0.0004888725354902205,6.23005835536248e-05
161913,trash,Social World Outside Couple,"Community, Norms & Social Events",0.003364145226527754,0.03058234215804645,0.10985102122099498,high,0.9986196466490667,0.0005511731190438462,0.0013803533509331922,0.0004888725354902205,6.23005835536248e-05
161913,trash,Social World Outside Couple,Family & Kinship,0.040526893447904576,0.3684167116964038,0.10985102122099498,high,0.9986196466490667,0.0005511731190438462,0.0013803533509331922,0.0004888725354902205,6.23005835536248e-05
161913,trash,Social World Outside Couple,Friends & Social Circles,0.06611182536855666,0.6010009461455498,0.10985102122099498,high,0.9986196466490667,0.0005511731190438462,0.0013803533509331922,0.0004888725354902205,6.23005835536248e-05
161913,trash,"Spaces, Time, Activities & Objects",Domestic Spaces & Routines,0.032330981560933884,0.45903815136293546,0.07033479305878063,high,0.9986196466490667,0.0005511731190438462,0.0013803533509331922,0.0004888725354902205,6.23005835536248e-05
161913,trash,"Spaces, Time, Activities & Objects",Public & Leisure Spaces,0.03598899346805076,0.5109749297234015,0.07033479305878063,high,0.9986196466490667,0.0005511731190438462,0.0013803533509331922,0.0004888725354902205,6.23005835536248e-05
161913,trash,"Spaces, Time, Activities & Objects","Time, Seasons & Temporal Framing",0.0021120390965070923,0.029986918913663067,0.07033479305878063,high,0.9986196466490667,0.0005511731190438462,0.0013803533509331922,0.0004888725354902205,6.23005835536248e-05
161913,trash,"Work, Wealth, Status & Institutions",Hero's Elite Work & Business World,0.04215975970137317,0.7728705055903652,0.05447428001361641,high,0.9986196466490667,0.0005511731190438462,0.0013803533509331922,0.0004888725354902205,6.23005835536248e-05
161913,trash,"Work, Wealth, Status & Institutions",Heroine's Work & Professional Identity,0.005997711781023525,0.10994973807770449,0.05447428001361641,high,0.9986196466490667,0.0005511731190438462,0.0013803533509331922,0.0004888725354902205,6.23005835536248e-05
161913,trash,"Work, Wealth, Status & Institutions","Law, Medicine, Education & Formal Institutions",0.0035797768703047217,0.06562428199900276,0.05447428001361641,high,0.9986196466490667,0.0005511731190438462,0.0013803533509331922,0.0004888725354902205,6.23005835536248e-05
161913,trash,"Work, Wealth, Status & Institutions","Money, Housing & Economic Security",0.0011647306239901299,0.02135178076478727,0.05447428001361641,high,0.9986196466490667,0.0005511731190438462,0.0013803533509331922,0.0004888725354902205,6.23005835536248e-05
161913,trash,"Work, Wealth, Status & Institutions",Shared Workplaces & Professional Interaction,0.0016475987293033288,0.030203693568140337,0.05447428001361641,high,0.9986196466490667,0.0005511731190438462,0.0013803533509331922,0.0004888725354902205,6.23005835536248e-05
17561022,trash,"Conflict, Risk & Harm",Interpersonal Non-Romantic Conflict,0.0028593003026247273,0.15532129360978122,0.018383767428947567,high,0.9986326150717222,0.0014728139717014033,0.0013673849282778163,0.0010240894660769606,0.0004487245056245117
17561022,trash,"Conflict, Risk & Harm","Violence, Threats & Coercion",0.015549639232789143,0.8446787063902187,0.018383767428947567,high,0.9986326150717222,0.0014728139717014033,0.0013673849282778163,0.0010240894660769606,0.0004487245056245117
17561022,trash,Embodied & Sensory Experience,Body Parts & Physical Reactions,0.0027879865350132153,0.2065292868447312,0.01348077227583776,high,0.9986326150717222,0.0014728139717014033,0.0013673849282778163,0.0010240894660769606,0.0004487245056245117
17561022,trash,Embodied & Sensory Experience,Exercise & Physical Activity,0.01071124438572891,0.7934707131552688,0.01348077227583776,high,0.9986326150717222,0.0014728139717014033,0.0013673849282778163,0.0010240894660769606,0.0004487245056245117
17561022,trash,"Emotions, Cognition & Inner Life",Ambivalence & Internal Conflict,0.005253028570991183,0.028019855368259197,0.18721886997453507,high,0.9986326150717222,0.0014728139717014033,0.0013673849282778163,0.0010240894660769606,0.0004487245056245117
17561022,trash,"Emotions, Cognition & Inner Life","Beliefs, Values & Moral Reflection",0.021219025686901517,0.11318309481232691,0.18721886997453507,high,0.9986326150717222,0.0014728139717014033,0.0013673849282778163,0.0010240894660769606,0.0004487245056245117
17561022,trash,"Emotions, Cognition & Inner Life",Negative Emotions & Distress,0.1225512210920497,0.6536929018748625,0.18721886997453507,high,0.9986326150717222,0.0014728139717014033,0.0013673849282778163,0.0010240894660769606,0.0004487245056245117
17561022,trash,"Emotions, Cognition & Inner Life",Positive Emotions & Security,0.038451945415893425,0.2051041479445514,0.18721886997453507,high,0.9986326150717222,0.0014728139717014033,0.0013673849282778163,0.0010240894660769606,0.0004487245056245117
17561022,trash,Relationship Trajectory (Main Couple),"Bonding, Everyday Intimacy & Growth",0.14952519791105018,0.42339027476210284,0.35267871821791397,high,0.9986326150717222,0.0014728139717014033,0.0013673849282778163,0.0010240894660769606,0.0004487245056245117
17561022,trash,Relationship Trajectory (Main Couple),"Conflict, Distance & Breakup Threats",0.1545540378426207,0.43762976048161933,0.35267871821791397,medium,0.9986326150717222,0.0014728139717014033,0.0013673849282778163,0.0010240894660769606,0.0004487245056245117
17561022,trash,Relationship Trajectory (Main Couple),"Meeting, First Impressions & Setup",0.00020500389245497097,0.0005804817887981965,0.35267871821791397,high,0.9986326150717222,0.0014728139717014033,0.0013673849282778163,0.0010240894660769606,0.0004487245056245117
17561022,trash,Relationship Trajectory (Main Couple),"Reconciliation, Commitments & HEA",0.005478538280570795,0.015512835698003432,0.35267871821791397,high,0.9986326150717222,0.0014728139717014033,0.0013673849282778163,0.0010240894660769606,0.0004487245056245117
17561022,trash,Relationship Trajectory (Main Couple),"Secrets, Misunderstandings & Hidden Information",0.04339884817599626,0.12288664726947622,0.35267871821791397,medium,0.9986326150717222,0.0014728139717014033,0.0013673849282778163,0.0010240894660769606,0.0004487245056245117
17561022,trash,"Sexuality, Attraction & Intimacy",Attraction & Sexual Tension,0.03165545380605017,0.1450399599934651,0.21795489061802203,high,0.9986326150717222,0.0014728139717014033,0.0013673849282778163,0.0010240894660769606,0.0004487245056245117
17561022,trash,"Sexuality, Attraction & Intimacy",Explicit Sexual Acts,0.13804181289882378,0.6324843467081859,0.21795489061802203,high,0.9986326150717222,0.0014728139717014033,0.0013673849282778163,0.0010240894660769606,0.0004487245056245117
17561022,trash,"Sexuality, Attraction & Intimacy",Kissing & Non-Explicit Affection,0.04855606022293566,0.222475693298349,0.21795489061802203,high,0.9986326150717222,0.0014728139717014033,0.0013673849282778163,0.0010240894660769606,0.0004487245056245117
17561022,trash,Social World Outside Couple,"Community, Norms & Social Events",0.0030848412707512804,0.04824302155086217,0.06385634660224698,high,0.9986326150717222,0.0014728139717014033,0.0013673849282778163,0.0010240894660769606,0.0004487245056245117
17561022,trash,Social World Outside Couple,Family & Kinship,0.04544462593771577,0.7106965565039135,0.06385634660224698,high,0.9986326150717222,0.0014728139717014033,0.0013673849282778163,0.0010240894660769606,0.0004487245056245117
17561022,trash,Social World Outside Couple,Friends & Social Circles,0.01541431515804498,0.24106042194522426,0.06385634660224698,high,0.9986326150717222,0.0014728139717014033,0.0013673849282778163,0.0010240894660769606,0.0004487245056245117
17561022,trash,"Spaces, Time, Activities & Objects",Domestic Spaces & Routines,0.04585402128455993,0.5273446560016122,0.08683376358480535,high,0.9986326150717222,0.0014728139717014033,0.0013673849282778163,0.0010240894660769606,0.0004487245056245117
17561022,trash,"Spaces, Time, Activities & Objects",Public & Leisure Spaces,0.03867243046516132,0.44475269494550906,0.08683376358480535,high,0.9986326150717222,0.0014728139717014033,0.0013673849282778163,0.0010240894660769606,0.0004487245056245117
17561022,trash,"Spaces, Time, Activities & Objects","Time, Seasons & Temporal Framing",0.0024262095936787072,0.02790264905287877,0.08683376358480535,high,0.9986326150717222,0.0014728139717014033,0.0013673849282778163,0.0010240894660769606,0.0004487245056245117
17561022,trash,"Work, Wealth, Status & Institutions",Hero's Elite Work & Business World,0.0439026772036204,0.7588283581530915,0.05777676186378895,high,0.9986326150717222,0.0014728139717014033,0.0013673849282778163,0.0010240894660769606,0.0004487245056245117
17561022,trash,"Work, Wealth, Status & Institutions",Heroine's Work & Professional Identity,0.006262243294009279,0.10823867927481201,0.05777676186378895,high,0.9986326150717222,0.0014728139717014033,0.0013673849282778163,0.0010240894660769606,0.0004487245056245117
17561022,trash,"Work, Wealth, Status & Institutions","Law, Medicine, Education & Formal Institutions",0.0026525555586116517,0.04584764546625757,0.05777676186378895,high,0.9986326150717222,0.0014728139717014033,0.0013673849282778163,0.0010240894660769606,0.0004487245056245117
17561022,trash,"Work, Wealth, Status & Institutions","Money, Housing & Economic Security",0.0023408973549642717,0.04046084224508223,0.05777676186378895,high,0.9986326150717222,0.0014728139717014033,0.0013673849282778163,0.0010240894660769606,0.0004487245056245117
17561022,trash,"Work, Wealth, Status & Institutions",Shared Workplaces & Professional Interaction,0.0026974997014900057,0.046624474860756694,0.05777676186378895,high,0.9986326150717222,0.0014728139717014033,0.0013673849282778163,0.0010240894660769606,0.0004487245056245117
1756703,top,"Conflict, Risk & Harm",Interpersonal Non-Romantic Conflict,0.002324558202968496,0.05828303627988897,0.03982443379998052,high,0.9985075516828253,0.00872527361801878,0.0014924483171745596,0.0004733957526091096,0.008251877865409736
1756703,top,"Conflict, Risk & Harm","Violence, Threats & Coercion",0.03755940034382745,0.9417169637201112,0.03982443379998052,high,0.9985075516828253,0.00872527361801878,0.0014924483171745596,0.0004733957526091096,0.008251877865409736
1756703,top,Embodied & Sensory Experience,Body Parts & Physical Reactions,0.009832992763538134,0.5712527511976155,0.01718734397243877,high,0.9985075516828253,0.00872527361801878,0.0014924483171745596,0.0004733957526091096,0.008251877865409736
1756703,top,Embodied & Sensory Experience,Exercise & Physical Activity,0.007380040771833971,0.4287472488023844,0.01718734397243877,high,0.9985075516828253,0.00872527361801878,0.0014924483171745596,0.0004733957526091096,0.008251877865409736
1756703,top,"Emotions, Cognition & Inner Life",Ambivalence & Internal Conflict,0.009367772022875595,0.05342452286556576,0.17508422360311376,high,0.9985075516828253,0.00872527361801878,0.0014924483171745596,0.0004733957526091096,0.008251877865409736
1756703,top,"Emotions, Cognition & Inner Life","Beliefs, Values & Moral Reflection",0.02362266758792885,0.13472037338389056,0.17508422360311376,high,0.9985075516828253,0.00872527361801878,0.0014924483171745596,0.0004733957526091096,0.008251877865409736
1756703,top,"Emotions, Cognition & Inner Life",Negative Emotions & Distress,0.0955766955084194,0.5450751088023759,0.17508422360311376,high,0.9985075516828253,0.00872527361801878,0.0014924483171745596,0.0004733957526091096,0.008251877865409736
1756703,top,"Emotions, Cognition & Inner Life",Positive Emotions & Security,0.046778783204615794,0.2667799949481679,0.17508422360311376,high,0.9985075516828253,0.00872527361801878,0.0014924483171745596,0.0004733957526091096,0.008251877865409736
1756703,top,Relationship Trajectory (Main Couple),"Bonding, Everyday Intimacy & Growth",0.1437372166223496,0.3885920815936945,0.3693402492059814,high,0.9985075516828253,0.00872527361801878,0.0014924483171745596,0.0004733957526091096,0.008251877865409736
1756703,top,Relationship Trajectory (Main Couple),"Conflict, Distance & Breakup Threats",0.1357714627987098,0.3670567483478592,0.3693402492059814,medium,0.9985075516828253,0.00872527361801878,0.0014924483171745596,0.0004733957526091096,0.008251877865409736
1756703,top,Relationship Trajectory (Main Couple),"Meeting, First Impressions & Setup",0.0003462378697426083,0.0009360505072485609,0.3693402492059814,high,0.9985075516828253,0.00872527361801878,0.0014924483171745596,0.0004733957526091096,0.008251877865409736
1756703,top,Relationship Trajectory (Main Couple),"Reconciliation, Commitments & HEA",0.01543977444730843,0.041741270860839924,0.3693402492059814,high,0.9985075516828253,0.00872527361801878,0.0014924483171745596,0.0004733957526091096,0.008251877865409736
1756703,top,Relationship Trajectory (Main Couple),"Secrets, Misunderstandings & Hidden Information",0.07459760260009189,0.20167384869035776,0.3693402492059814,medium,0.9985075516828253,0.00872527361801878,0.0014924483171745596,0.0004733957526091096,0.008251877865409736
1756703,top,"Sexuality, Attraction & Intimacy",Attraction & Sexual Tension,0.06357860612978121,0.35451616808872843,0.17907143329543657,high,0.9985075516828253,0.00872527361801878,0.0014924483171745596,0.0004733957526091096,0.008251877865409736
1756703,top,"Sexuality, Attraction & Intimacy",Explicit Sexual Acts,0.05980459405848909,0.3334721663516666,0.17907143329543657,high,0.9985075516828253,0.00872527361801878,0.0014924483171745596,0.0004733957526091096,0.008251877865409736
1756703,top,"Sexuality, Attraction & Intimacy",Kissing & Non-Explicit Affection,0.05595588742668082,0.3120116655596049,0.17907143329543657,high,0.9985075516828253,0.00872527361801878,0.0014924483171745596,0.0004733957526091096,0.008251877865409736
1756703,top,Social World Outside Couple,"Community, Norms & Social Events",0.011356772533516269,0.1390593179488098,0.08154666155945392,high,0.9985075516828253,0.00872527361801878,0.0014924483171745596,0.0004733957526091096,0.008251877865409736
1756703,top,Social World Outside Couple,Family & Kinship,0.047876990427629426,0.5862353599721594,0.08154666155945392,high,0.9985075516828253,0.00872527361801878,0.0014924483171745596,0.0004733957526091096,0.008251877865409736
1756703,top,Social World Outside Couple,Friends & Social Circles,0.02243478468480852,0.2747053220790307,0.08154666155945392,high,0.9985075516828253,0.00872527361801878,0.0014924483171745596,0.0004733957526091096,0.008251877865409736
1756703,top,"Spaces, Time, Activities & Objects",Domestic Spaces & Routines,0.04380827163705818,0.7274421161880202,0.06013246838799886,high,0.9985075516828253,0.00872527361801878,0.0014924483171745596,0.0004733957526091096,0.008251877865409736
1756703,top,"Spaces, Time, Activities & Objects",Public & Leisure Spaces,0.014040882593206789,0.23315070339615368,0.06013246838799886,high,0.9985075516828253,0.00872527361801878,0.0014924483171745596,0.0004733957526091096,0.008251877865409736
1756703,top,"Spaces, Time, Activities & Objects","Time, Seasons & Temporal Framing",0.0023731928983623165,0.039407180415826006,0.06013246838799886,high,0.9985075516828253,0.00872527361801878,0.0014924483171745596,0.0004733957526091096,0.008251877865409736
1756703,top,"Work, Wealth, Status & Institutions",Hero's Elite Work & Business World,0.05362210236077962,0.7865869084607074,0.06806885999301182,high,0.9985075516828253,0.00872527361801878,0.0014924483171745596,0.0004733957526091096,0.008251877865409736
1756703,top,"Work, Wealth, Status & Institutions",Heroine's Work & Professional Identity,0.004205764286000379,0.06169469270677425,0.06806885999301182,high,0.9985075516828253,0.00872527361801878,0.0014924483171745596,0.0004733957526091096,0.008251877865409736
1756703,top,"Work, Wealth, Status & Institutions","Law, Medicine, Education & Formal Institutions",0.00399107633330115,0.058545417956947204,0.06806885999301182,high,0.9985075516828253,0.00872527361801878,0.0014924483171745596,0.0004733957526091096,0.008251877865409736
1756703,top,"Work, Wealth, Status & Institutions","Money, Housing & Economic Security",0.0014668322468764238,0.021517079553093156,0.06806885999301182,high,0.9985075516828253,0.00872527361801878,0.0014924483171745596,0.0004733957526091096,0.008251877865409736
1756703,top,"Work, Wealth, Status & Institutions",Shared Workplaces & Professional Interaction,0.00488482586493464,0.07165590132247802,0.06806885999301182,high,0.9985075516828253,0.00872527361801878,0.0014924483171745596,0.0004733957526091096,0.008251877865409736
18692741,middle,"Conflict, Risk & Harm",Interpersonal Non-Romantic Conflict,0.0019515140162220917,0.1175488527941331,0.016580909620232575,high,0.9987460443224053,0.0006235660003660604,0.0012539556775947641,0.0005535149296347076,7.005107073124775e-05
18692741,middle,"Conflict, Risk & Harm","Violence, Threats & Coercion",0.014650213434405078,0.882451147205867,0.016580909620232575,high,0.9987460443224053,0.0006235660003660604,0.0012539556775947641,0.0005535149296347076,7.005107073124775e-05
18692741,middle,Embodied & Sensory Experience,Body Parts & Physical Reactions,0.0038256698138946833,0.2750569343833031,0.01389120620455402,high,0.9987460443224053,0.0006235660003660604,0.0012539556775947641,0.0005535149296347076,7.005107073124775e-05
18692741,middle,Embodied & Sensory Experience,Exercise & Physical Activity,0.010082977217572103,0.7249430656166969,0.01389120620455402,high,0.9987460443224053,0.0006235660003660604,0.0012539556775947641,0.0005535149296347076,7.005107073124775e-05
18692741,middle,"Emotions, Cognition & Inner Life",Ambivalence & Internal Conflict,0.004840501382544179,0.02633073500623535,0.18360412678219187,high,0.9987460443224053,0.0006235660003660604,0.0012539556775947641,0.0005535149296347076,7.005107073124775e-05
18692741,middle,"Emotions, Cognition & Inner Life","Beliefs, Values & Moral Reflection",0.02052549388945807,0.11165193391420142,0.18360412678219187,high,0.9987460443224053,0.0006235660003660604,0.0012539556775947641,0.0005535149296347076,7.005107073124775e-05
18692741,middle,"Emotions, Cognition & Inner Life",Negative Emotions & Distress,0.1235922944162521,0.6723014200187046,0.18360412678219187,high,0.9987460443224053,0.0006235660003660604,0.0012539556775947641,0.0005535149296347076,7.005107073124775e-05
18692741,middle,"Emotions, Cognition & Inner Life",Positive Emotions & Security,0.03487635759363527,0.18971591106085853,0.18360412678219187,high,0.9987460443224053,0.0006235660003660604,0.0012539556775947641,0.0005535149296347076,7.005107073124775e-05
18692741,middle,Relationship Trajectory (Main Couple),"Bonding, Everyday Intimacy & Growth",0.2332575751099901,0.5852611144699883,0.39805323587970104,high,0.9987460443224053,0.0006235660003660604,0.0012539556775947641,0.0005535149296347076,7.005107073124775e-05
18692741,middle,Relationship Trajectory (Main Couple),"Conflict, Distance & Breakup Threats",0.10716653246495923,0.2688890347709012,0.39805323587970104,medium,0.9987460443224053,0.0006235660003660604,0.0012539556775947641,0.0005535149296347076,7.005107073124775e-05
18692741,middle,Relationship Trajectory (Main Couple),"Meeting, First Impressions & Setup",0.00021662691006301915,0.0005435335026006731,0.39805323587970104,high,0.9987460443224053,0.0006235660003660604,0.0012539556775947641,0.0005535149296347076,7.005107073124775e-05
18692741,middle,Relationship Trajectory (Main Couple),"Reconciliation, Commitments & HEA",0.014024476034735396,0.03518848410422039,0.39805323587970104,high,0.9987460443224053,0.0006235660003660604,0.0012539556775947641,0.0005535149296347076,7.005107073124775e-05
18692741,middle,Relationship Trajectory (Main Couple),"Secrets, Misunderstandings & Hidden Information",0.04388779316174212,0.1101178331522895,0.39805323587970104,medium,0.9987460443224053,0.0006235660003660604,0.0012539556775947641,0.0005535149296347076,7.005107073124775e-05
18692741,middle,"Sexuality, Attraction & Intimacy",Attraction & Sexual Tension,0.028664787790251743,0.14375818313057573,0.19914583499466948,high,0.9987460443224053,0.0006235660003660604,0.0012539556775947641,0.0005535149296347076,7.005107073124775e-05
18692741,middle,"Sexuality, Attraction & Intimacy",Explicit Sexual Acts,0.12567316931119255,0.6302696751371835,0.19914583499466948,high,0.9987460443224053,0.0006235660003660604,0.0012539556775947641,0.0005535149296347076,7.005107073124775e-05
18692741,middle,"Sexuality, Attraction & Intimacy",Kissing & Non-Explicit Affection,0.04505791147471518,0.2259721417322409,0.19914583499466948,high,0.9987460443224053,0.0006235660003660604,0.0012539556775947641,0.0005535149296347076,7.005107073124775e-05
18692741,middle,Social World Outside Couple,"Community, Norms & Social Events",0.0028511759803710695,0.05082487020894152,0.05602770297998103,high,0.9987460443224053,0.0006235660003660604,0.0012539556775947641,0.0005535149296347076,7.005107073124775e-05
18692741,middle,Social World Outside Couple,Family & Kinship,0.0331682699842619,0.5912553376610044,0.05602770297998103,high,0.9987460443224053,0.0006235660003660604,0.0012539556775947641,0.0005535149296347076,7.005107073124775e-05
18692741,middle,Social World Outside Couple,Friends & Social Circles,0.02007860148044379,0.35791979213005415,0.05602770297998103,high,0.9987460443224053,0.0006235660003660604,0.0012539556775947641,0.0005535149296347076,7.005107073124775e-05
18692741,middle,"Spaces, Time, Activities & Objects",Domestic Spaces & Routines,0.03782400686185228,0.4679595748527457,0.08072615512907445,high,0.9987460443224053,0.0006235660003660604,0.0012539556775947641,0.0005535149296347076,7.005107073124775e-05
18692741,middle,"Spaces, Time, Activities & Objects",Public & Leisure Spaces,0.03975148515860392,0.49180638536069043,0.08072615512907445,high,0.9987460443224053,0.0006235660003660604,0.0012539556775947641,0.0005535149296347076,7.005107073124775e-05
18692741,middle,"Spaces, Time, Activities & Objects","Time, Seasons & Temporal Framing",0.003252017222739602,0.04023403978656391,0.08072615512907445,high,0.9987460443224053,0.0006235660003660604,0.0012539556775947641,0.0005535149296347076,7.005107073124775e-05
18692741,middle,"Work, Wealth, Status & Institutions",Hero's Elite Work & Business World,0.03844241902619451,0.7580774602872414,0.050646821661269645,high,0.9987460443224053,0.0006235660003660604,0.0012539556775947641,0.0005535149296347076,7.005107073124775e-05
18692741,middle,"Work, Wealth, Status & Institutions",Heroine's Work & Professional Identity,0.0055675436834652006,0.10979094142654375,0.050646821661269645,high,0.9987460443224053,0.0006235660003660604,0.0012539556775947641,0.0005535149296347076,7.005107073124775e-05
18692741,middle,"Work, Wealth, Status & Institutions","Law, Medicine, Education & Formal Institutions",0.00265324346533265,0.05232147504433994,0.050646821661269645,high,0.9987460443224053,0.0006235660003660604,0.0012539556775947641,0.0005535149296347076,7.005107073124775e-05
18692741,middle,"Work, Wealth, Status & Institutions","Money, Housing & Economic Security",0.0013857667488010978,0.02732706640458356,0.050646821661269645,high,0.9987460443224053,0.0006235660003660604,0.0012539556775947641,0.0005535149296347076,7.005107073124775e-05
18692741,middle,"Work, Wealth, Status & Institutions",Shared Workplaces & Professional Interaction,0.0026614373443450768,0.052483056837291334,0.050646821661269645,high,0.9987460443224053,0.0006235660003660604,0.0012539556775947641,0.0005535149296347076,7.005107073124775e-05
201413413,trash,"Conflict, Risk & Harm",Interpersonal Non-Romantic Conflict,0.0022054325280106324,0.03838712057098558,0.05739985166115135,high,0.9990852127590826,0.0004445461050218702,0.0009147872409173945,0.00037312042951055603,7.142567551129871e-05
201413413,trash,"Conflict, Risk & Harm","Violence, Threats & Coercion",0.05524697586329706,0.9616128794290144,0.05739985166115135,high,0.9990852127590826,0.0004445461050218702,0.0009147872409173945,0.00037312042951055603,7.142567551129871e-05
201413413,trash,Embodied & Sensory Experience,Body Parts & Physical Reactions,0.002876894864675044,0.2855321880191784,0.01006633661129064,high,0.9990852127590826,0.0004445461050218702,0.0009147872409173945,0.00037312042951055603,7.142567551129871e-05
201413413,trash,Embodied & Sensory Experience,Exercise & Physical Activity,0.0071986587344932945,0.7144678119808215,0.01006633661129064,high,0.9990852127590826,0.0004445461050218702,0.0009147872409173945,0.00037312042951055603,7.142567551129871e-05
201413413,trash,"Emotions, Cognition & Inner Life",Ambivalence & Internal Conflict,0.004669105485694477,0.018359805805844863,0.25407862680577,high,0.9990852127590826,0.0004445461050218702,0.0009147872409173945,0.00037312042951055603,7.142567551129871e-05
201413413,trash,"Emotions, Cognition & Inner Life","Beliefs, Values & Moral Reflection",0.018051282482291,0.07098105663637995,0.25407862680577,high,0.9990852127590826,0.0004445461050218702,0.0009147872409173945,0.00037312042951055603,7.142567551129871e-05
201413413,trash,"Emotions, Cognition & Inner Life",Negative Emotions & Distress,0.19982536908739995,0.7857511428616294,0.25407862680577,high,0.9990852127590826,0.0004445461050218702,0.0009147872409173945,0.00037312042951055603,7.142567551129871e-05
201413413,trash,"Emotions, Cognition & Inner Life",Positive Emotions & Security,0.0317655104531229,0.12490799469614589,0.25407862680577,high,0.9990852127590826,0.0004445461050218702,0.0009147872409173945,0.00037312042951055603,7.142567551129871e-05
201413413,trash,Relationship Trajectory (Main Couple),"Bonding, Everyday Intimacy & Growth",0.13744185857974417,0.44721482834530074,0.3070473513349691,high,0.9990852127590826,0.0004445461050218702,0.0009147872409173945,0.00037312042951055603,7.142567551129871e-05
201413413,trash,Relationship Trajectory (Main Couple),"Conflict, Distance & Breakup Threats",0.10950883153296123,0.35632502210302164,0.3070473513349691,medium,0.9990852127590826,0.0004445461050218702,0.0009147872409173945,0.00037312042951055603,7.142567551129871e-05
201413413,trash,Relationship Trajectory (Main Couple),"Meeting, First Impressions & Setup",0.0002484723607788557,0.0008084911345243134,0.3070473513349691,high,0.9990852127590826,0.0004445461050218702,0.0009147872409173945,0.00037312042951055603,7.142567551129871e-05
201413413,trash,Relationship Trajectory (Main Couple),"Reconciliation, Commitments & HEA",0.009047652557019961,0.02943968036395521,0.3070473513349691,high,0.9990852127590826,0.0004445461050218702,0.0009147872409173945,0.00037312042951055603,7.142567551129871e-05
201413413,trash,Relationship Trajectory (Main Couple),"Secrets, Misunderstandings & Hidden Information",0.05108167648727574,0.16621197805319818,0.3070473513349691,medium,0.9990852127590826,0.0004445461050218702,0.0009147872409173945,0.00037312042951055603,7.142567551129871e-05
201413413,trash,"Sexuality, Attraction & Intimacy",Attraction & Sexual Tension,0.028037191006774376,0.1567820882185643,0.17866545381842552,high,0.9990852127590826,0.0004445461050218702,0.0009147872409173945,0.00037312042951055603,7.142567551129871e-05
201413413,trash,"Sexuality, Attraction & Intimacy",Explicit Sexual Acts,0.10942828741979976,0.6119156304821017,0.17866545381842552,high,0.9990852127590826,0.0004445461050218702,0.0009147872409173945,0.00037312042951055603,7.142567551129871e-05
201413413,trash,"Sexuality, Attraction & Intimacy",Kissing & Non-Explicit Affection,0.04136356591992503,0.23130228129933403,0.17866545381842552,high,0.9990852127590826,0.0004445461050218702,0.0009147872409173945,0.00037312042951055603,7.142567551129871e-05
201413413,trash,Social World Outside Couple,"Community, Norms & Social Events",0.002969204182239005,0.06763581944036852,0.04385971836643207,high,0.9990852127590826,0.0004445461050218702,0.0009147872409173945,0.00037312042951055603,7.142567551129871e-05
201413413,trash,Social World Outside Couple,Family & Kinship,0.027226783864629,0.6202018198766482,0.04385971836643207,high,0.9990852127590826,0.0004445461050218702,0.0009147872409173945,0.00037312042951055603,7.142567551129871e-05
201413413,trash,Social World Outside Couple,Friends & Social Circles,0.013703889367300385,0.3121623606829833,0.04385971836643207,high,0.9990852127590826,0.0004445461050218702,0.0009147872409173945,0.00037312042951055603,7.142567551129871e-05
201413413,trash,"Spaces, Time, Activities & Objects",Domestic Spaces & Routines,0.035998335312318844,0.5791735746889745,0.06209779946157742,high,0.9990852127590826,0.0004445461050218702,0.0009147872409173945,0.00037312042951055603,7.142567551129871e-05
201413413,trash,"Spaces, Time, Activities & Objects",Public & Leisure Spaces,0.023893080005162423,0.3844133468078468,0.06209779946157742,high,0.9990852127590826,0.0004445461050218702,0.0009147872409173945,0.00037312042951055603,7.142567551129871e-05
201413413,trash,"Spaces, Time, Activities & Objects","Time, Seasons & Temporal Framing",0.0022632424319689354,0.03641307850317871,0.06209779946157742,high,0.9990852127590826,0.0004445461050218702,0.0009147872409173945,0.00037312042951055603,7.142567551129871e-05
201413413,trash,"Work, Wealth, Status & Institutions",Hero's Elite Work & Business World,0.07232253388959033,0.8421621433477714,0.08579864902395523,high,0.9990852127590826,0.0004445461050218702,0.0009147872409173945,0.00037312042951055603,7.142567551129871e-05
201413413,trash,"Work, Wealth, Status & Institutions",Heroine's Work & Professional Identity,0.005892594796973487,0.06861651545111853,0.08579864902395523,high,0.9990852127590826,0.0004445461050218702,0.0009147872409173945,0.00037312042951055603,7.142567551129871e-05
201413413,trash,"Work, Wealth, Status & Institutions","Law, Medicine, Education & Formal Institutions",0.0038252776268899013,0.044543572133132356,0.08579864902395523,high,0.9990852127590826,0.0004445461050218702,0.0009147872409173945,0.00037312042951055603,7.142567551129871e-05
201413413,trash,"Work, Wealth, Status & Institutions","Money, Housing & Economic Security",0.0014884931255317673,0.01733280754335801,0.08579864902395523,high,0.9990852127590826,0.0004445461050218702,0.0009147872409173945,0.00037312042951055603,7.142567551129871e-05
201413413,trash,"Work, Wealth, Status & Institutions",Shared Workplaces & Professional Interaction,0.0023483089594982867,0.027344961524619703,0.08579864902395523,high,0.9990852127590826,0.0004445461050218702,0.0009147872409173945,0.00037312042951055603,7.142567551129871e-05
20346544,middle,"Conflict, Risk & Harm",Interpersonal Non-Romantic Conflict,0.001548630195085594,0.10996002546874971,0.014048728037546263,high,0.9975257474084979,0.0009479572003235903,0.0024742525915021282,0.000866161011692721,8.179618863083434e-05
20346544,middle,"Conflict, Risk & Harm","Violence, Threats & Coercion",0.012534944162813312,0.8900399745312502,0.014048728037546263,high,0.9975257474084979,0.0009479572003235903,0.0024742525915021282,0.000866161011692721,8.179618863083434e-05
20346544,middle,Embodied & Sensory Experience,Body Parts & Physical Reactions,0.002588285004594433,0.2186885544184882,0.011806200560334372,high,0.9975257474084979,0.0009479572003235903,0.0024742525915021282,0.000866161011692721,8.179618863083434e-05
20346544,middle,Embodied & Sensory Experience,Exercise & Physical Activity,0.009247199534031317,0.7813114455815118,0.011806200560334372,high,0.9975257474084979,0.0009479572003235903,0.0024742525915021282,0.000866161011692721,8.179618863083434e-05
20346544,middle,"Emotions, Cognition & Inner Life",Ambivalence & Internal Conflict,0.003864598081754229,0.023510536848357935,0.16397056837962357,high,0.9975257474084979,0.0009479572003235903,0.0024742525915021282,0.000866161011692721,8.179618863083434e-05
20346544,middle,"Emotions, Cognition & Inner Life","Beliefs, Values & Moral Reflection",0.017057316377954972,0.1037693071192476,0.16397056837962357,high,0.9975257474084979,0.0009479572003235903,0.0024742525915021282,0.000866161011692721,8.179618863083434e-05
20346544,middle,"Emotions, Cognition & Inner Life",Negative Emotions & Distress,0.11236816859446958,0.6835991511757892,0.16397056837962357,high,0.9975257474084979,0.0009479572003235903,0.0024742525915021282,0.000866161011692721,8.179618863083434e-05
20346544,middle,"Emotions, Cognition & Inner Life",Positive Emotions & Security,0.031087196234709395,0.18912100485660535,0.16397056837962357,high,0.9975257474084979,0.0009479572003235903,0.0024742525915021282,0.000866161011692721,8.179618863083434e-05
20346544,middle,Relationship Trajectory (Main Couple),"Bonding, Everyday Intimacy & Growth",0.17497398002546563,0.5323974106462731,0.32783978041904477,high,0.9975257474084979,0.0009479572003235903,0.0024742525915021282,0.000866161011692721,8.179618863083434e-05
20346544,middle,Relationship Trajectory (Main Couple),"Conflict, Distance & Breakup Threats",0.10523859358453513,0.3202119236031986,0.32783978041904477,medium,0.9975257474084979,0.0009479572003235903,0.0024742525915021282,0.000866161011692721,8.179618863083434e-05
20346544,middle,Relationship Trajectory (Main Couple),"Meeting, First Impressions & Setup",0.0002314555022376077,0.0007042550558271619,0.32783978041904477,high,0.9975257474084979,0.0009479572003235903,0.0024742525915021282,0.000866161011692721,8.179618863083434e-05
20346544,middle,Relationship Trajectory (Main Couple),"Reconciliation, Commitments & HEA",0.006205953695376088,0.018883000075371387,0.32783978041904477,high,0.9975257474084979,0.0009479572003235903,0.0024742525915021282,0.000866161011692721,8.179618863083434e-05
20346544,middle,Relationship Trajectory (Main Couple),"Secrets, Misunderstandings & Hidden Information",0.04200296802673704,0.12780341061932982,0.32783978041904477,medium,0.9975257474084979,0.0009479572003235903,0.0024742525915021282,0.000866161011692721,8.179618863083434e-05
20346544,middle,"Sexuality, Attraction & Intimacy",Attraction & Sexual Tension,0.025004555099643354,0.12943004144223622,0.19271173242666745,high,0.9975257474084979,0.0009479572003235903,0.0024742525915021282,0.000866161011692721,8.179618863083434e-05
20346544,middle,"Sexuality, Attraction & Intimacy",Explicit Sexual Acts,0.13237955161221135,0.685230782271249,0.19271173242666745,high,0.9975257474084979,0.0009479572003235903,0.0024742525915021282,0.000866161011692721,8.179618863083434e-05
20346544,middle,"Sexuality, Attraction & Intimacy",Kissing & Non-Explicit Affection,0.03580562591140744,0.18533917628651478,0.19271173242666745,high,0.9975257474084979,0.0009479572003235903,0.0024742525915021282,0.000866161011692721,8.179618863083434e-05
20346544,middle,Social World Outside Couple,"Community, Norms & Social Events",0.0026253097201415702,0.015230531094822364,0.1719450244025491,high,0.9975257474084979,0.0009479572003235903,0.0024742525915021282,0.000866161011692721,8.179618863083434e-05
20346544,middle,Social World Outside Couple,Family & Kinship,0.1517668906730225,0.8804638667301043,0.1719450244025491,high,0.9975257474084979,0.0009479572003235903,0.0024742525915021282,0.000866161011692721,8.179618863083434e-05
20346544,middle,Social World Outside Couple,Friends & Social Circles,0.017979314677249166,0.10430560217507324,0.1719450244025491,high,0.9975257474084979,0.0009479572003235903,0.0024742525915021282,0.000866161011692721,8.179618863083434e-05
20346544,middle,"Spaces, Time, Activities & Objects",Domestic Spaces & Routines,0.03561830129014045,0.5007861790174899,0.07094878833432727,high,0.9975257474084979,0.0009479572003235903,0.0024742525915021282,0.000866161011692721,8.179618863083434e-05
20346544,middle,"Spaces, Time, Activities & Objects",Public & Leisure Spaces,0.03471022097813699,0.4880187517899847,0.07094878833432727,high,0.9975257474084979,0.0009479572003235903,0.0024742525915021282,0.000866161011692721,8.179618863083434e-05
20346544,middle,"Spaces, Time, Activities & Objects","Time, Seasons & Temporal Framing",0.0007962467100143596,0.011195069192525383,0.07094878833432727,high,0.9975257474084979,0.0009479572003235903,0.0024742525915021282,0.000866161011692721,8.179618863083434e-05
20346544,middle,"Work, Wealth, Status & Institutions",Hero's Elite Work & Business World,0.03257660106965488,0.7356508202152335,0.044173128659774234,high,0.9975257474084979,0.0009479572003235903,0.0024742525915021282,0.000866161011692721,8.179618863083434e-05
20346544,middle,"Work, Wealth, Status & Institutions",Heroine's Work & Professional Identity,0.005149616069262962,0.11628958088803396,0.044173128659774234,high,0.9975257474084979,0.0009479572003235903,0.0024742525915021282,0.000866161011692721,8.179618863083434e-05
20346544,middle,"Work, Wealth, Status & Institutions","Law, Medicine, Education & Formal Institutions",0.0033297941914635985,0.07519402723631252,0.044173128659774234,high,0.9975257474084979,0.0009479572003235903,0.0024742525915021282,0.000866161011692721,8.179618863083434e-05
20346544,middle,"Work, Wealth, Status & Institutions","Money, Housing & Economic Security",0.00136054880541584,0.0307241643321515,0.044173128659774234,high,0.9975257474084979,0.0009479572003235903,0.0024742525915021282,0.000866161011692721,8.179618863083434e-05
20346544,middle,"Work, Wealth, Status & Institutions",Shared Workplaces & Professional Interaction,0.001866135097416433,0.0421414073282685,0.044173128659774234,high,0.9975257474084979,0.0009479572003235903,0.0024742525915021282,0.000866161011692721,8.179618863083434e-05
208153130,top,"Conflict, Risk & Harm",Interpersonal Non-Romantic Conflict,0.001999301390651884,0.11468823066896501,0.017405022016774574,high,0.9984243442192576,0.0010326844242237732,0.0015756557807423545,0.0006454457184641736,0.0003872387057595508
208153130,top,"Conflict, Risk & Harm","Violence, Threats & Coercion",0.015433188229164887,0.8853117693310351,0.017405022016774574,high,0.9984243442192576,0.0010326844242237732,0.0015756557807423545,0.0006454457184641736,0.0003872387057595508
208153130,top,Embodied & Sensory Experience,Body Parts & Physical Reactions,0.01338720721051066,0.505892625121584,0.026420850821592963,high,0.9984243442192576,0.0010326844242237732,0.0015756557807423545,0.0006454457184641736,0.0003872387057595508
208153130,top,Embodied & Sensory Experience,Exercise & Physical Activity,0.013075339475741661,0.49410737487841605,0.026420850821592963,high,0.9984243442192576,0.0010326844242237732,0.0015756557807423545,0.0006454457184641736,0.0003872387057595508
208153130,top,"Emotions, Cognition & Inner Life",Ambivalence & Internal Conflict,0.008471715499641177,0.047347844837241776,0.17864312559984516,high,0.9984243442192576,0.0010326844242237732,0.0015756557807423545,0.0006454457184641736,0.0003872387057595508
208153130,top,"Emotions, Cognition & Inner Life","Beliefs, Values & Moral Reflection",0.018751687245662542,0.10480191151151393,0.17864312559984516,high,0.9984243442192576,0.0010326844242237732,0.0015756557807423545,0.0006454457184641736,0.0003872387057595508
208153130,top,"Emotions, Cognition & Inner Life",Negative Emotions & Distress,0.1082215470831682,0.6048429057322728,0.17864312559984516,high,0.9984243442192576,0.0010326844242237732,0.0015756557807423545,0.0006454457184641736,0.0003872387057595508
208153130,top,"Emotions, Cognition & Inner Life",Positive Emotions & Security,0.0434801000605505,0.2430073379189715,0.17864312559984516,high,0.9984243442192576,0.0010326844242237732,0.0015756557807423545,0.0006454457184641736,0.0003872387057595508
208153130,top,Relationship Trajectory (Main Couple),"Bonding, Everyday Intimacy & Growth",0.15401676274888543,0.4179708133769946,0.3679062758088571,high,0.9984243442192576,0.0010326844242237732,0.0015756557807423545,0.0006454457184641736,0.0003872387057595508
208153130,top,Relationship Trajectory (Main Couple),"Conflict, Distance & Breakup Threats",0.14764439154941145,0.400677467342142,0.3679062758088571,medium,0.9984243442192576,0.0010326844242237732,0.0015756557807423545,0.0006454457184641736,0.0003872387057595508
208153130,top,Relationship Trajectory (Main Couple),"Meeting, First Impressions & Setup",0.0003441324521240759,0.0009339069225746374,0.3679062758088571,high,0.9984243442192576,0.0010326844242237732,0.0015756557807423545,0.0006454457184641736,0.0003872387057595508
208153130,top,Relationship Trajectory (Main Couple),"Reconciliation, Commitments & HEA",0.0070504815188055184,0.019133602359370047,0.3679062758088571,high,0.9984243442192576,0.0010326844242237732,0.0015756557807423545,0.0006454457184641736,0.0003872387057595508
208153130,top,Relationship Trajectory (Main Couple),"Secrets, Misunderstandings & Hidden Information",0.05943111602900287,0.16128420999891868,0.3679062758088571,medium,0.9984243442192576,0.0010326844242237732,0.0015756557807423545,0.0006454457184641736,0.0003872387057595508
208153130,top,"Sexuality, Attraction & Intimacy",Attraction & Sexual Tension,0.046567924215625195,0.2108580300838896,0.22050167678290403,high,0.9984243442192576,0.0010326844242237732,0.0015756557807423545,0.0006454457184641736,0.0003872387057595508
208153130,top,"Sexuality, Attraction & Intimacy",Explicit Sexual Acts,0.09934956402782573,0.4498515601339939,0.22050167678290403,high,0.9984243442192576,0.0010326844242237732,0.0015756557807423545,0.0006454457184641736,0.0003872387057595508
208153130,top,"Sexuality, Attraction & Intimacy",Kissing & Non-Explicit Affection,0.07493217158263304,0.33929040978211644,0.22050167678290403,high,0.9984243442192576,0.0010326844242237732,0.0015756557807423545,0.0006454457184641736,0.0003872387057595508
208153130,top,Social World Outside Couple,"Community, Norms & Social Events",0.006956621573556788,0.12135965258047329,0.05723203869551559,high,0.9984243442192576,0.0010326844242237732,0.0015756557807423545,0.0006454457184641736,0.0003872387057595508
208153130,top,Social World Outside Couple,Family & Kinship,0.033639718024136435,0.5868515987462255,0.05723203869551559,high,0.9984243442192576,0.0010326844242237732,0.0015756557807423545,0.0006454457184641736,0.0003872387057595508
208153130,top,Social World Outside Couple,Friends & Social Circles,0.016726019404149403,0.2917887486733012,0.05723203869551559,high,0.9984243442192576,0.0010326844242237732,0.0015756557807423545,0.0006454457184641736,0.0003872387057595508
208153130,top,"Spaces, Time, Activities & Objects",Domestic Spaces & Routines,0.043897364208648884,0.5806663157024068,0.07547914505761731,high,0.9984243442192576,0.0010326844242237732,0.0015756557807423545,0.0006454457184641736,0.0003872387057595508
208153130,top,"Spaces, Time, Activities & Objects",Public & Leisure Spaces,0.024468823467227983,0.32366912748461757,0.07547914505761731,high,0.9984243442192576,0.0010326844242237732,0.0015756557807423545,0.0006454457184641736,0.0003872387057595508
208153130,top,"Spaces, Time, Activities & Objects","Time, Seasons & Temporal Framing",0.007232074220110928,0.09566455681297555,0.07547914505761731,high,0.9984243442192576,0.0010326844242237732,0.0015756557807423545,0.0006454457184641736,0.0003872387057595508
208153130,top,"Work, Wealth, Status & Institutions",Hero's Elite Work & Business World,0.04085944455628429,0.7492348080971348,0.05444897073039133,high,0.9984243442192576,0.0010326844242237732,0.0015756557807423545,0.0006454457184641736,0.0003872387057595508
208153130,top,"Work, Wealth, Status & Institutions",Heroine's Work & Professional Identity,0.0048786497055206875,0.08945922333461452,0.05444897073039133,high,0.9984243442192576,0.0010326844242237732,0.0015756557807423545,0.0006454457184641736,0.0003872387057595508
208153130,top,"Work, Wealth, Status & Institutions","Law, Medicine, Education & Formal Institutions",0.004246620309261159,0.07786977495711755,0.05444897073039133,high,0.9984243442192576,0.0010326844242237732,0.0015756557807423545,0.0006454457184641736,0.0003872387057595508
208153130,top,"Work, Wealth, Status & Institutions","Money, Housing & Economic Security",0.0017953903279147984,0.03292186035328288,0.05444897073039133,high,0.9984243442192576,0.0010326844242237732,0.0015756557807423545,0.0006454457184641736,0.0003872387057595508
208153130,top,"Work, Wealth, Status & Institutions",Shared Workplaces & Professional Interaction,0.0027547940602076436,0.05051433325785027,0.05444897073039133,high,0.9984243442192576,0.0010326844242237732,0.0015756557807423545,0.0006454457184641736,0.0003872387057595508
21787,top,"Conflict, Risk & Harm",Interpersonal Non-Romantic Conflict,0.002676797121254116,0.15853545988498707,0.016847799714886313,high,0.9978244726287916,0.0019361466676850458,0.002175527371208294,0.0018865568284903993,4.9589839194567247e-05
21787,top,"Conflict, Risk & Harm","Violence, Threats & Coercion",0.014207735356186928,0.8414645401150129,0.016847799714886313,high,0.9978244726287916,0.0019361466676850458,0.002175527371208294,0.0018865568284903993,4.9589839194567247e-05
21787,top,Embodied & Sensory Experience,Body Parts & Physical Reactions,0.0034909347272325205,0.23166418050670037,0.015036161807852623,high,0.9978244726287916,0.0019361466676850458,0.002175527371208294,0.0018865568284903993,4.9589839194567247e-05
21787,top,Embodied & Sensory Experience,Exercise & Physical Activity,0.011578009982290896,0.7683358194932997,0.015036161807852623,high,0.9978244726287916,0.0019361466676850458,0.002175527371208294,0.0018865568284903993,4.9589839194567247e-05
21787,top,"Emotions, Cognition & Inner Life",Ambivalence & Internal Conflict,0.005921301505274307,0.02717490422056633,0.2174219089723538,high,0.9978244726287916,0.0019361466676850458,0.002175527371208294,0.0018865568284903993,4.9589839194567247e-05
21787,top,"Emotions, Cognition & Inner Life","Beliefs, Values & Moral Reflection",0.024171195448489,0.11092999075020897,0.2174219089723538,high,0.9978244726287916,0.0019361466676850458,0.002175527371208294,0.0018865568284903993,4.9589839194567247e-05
21787,top,"Emotions, Cognition & Inner Life",Negative Emotions & Distress,0.15169421200863376,0.6961772979263177,0.2174219089723538,high,0.9978244726287916,0.0019361466676850458,0.002175527371208294,0.0018865568284903993,4.9589839194567247e-05
21787,top,"Emotions, Cognition & Inner Life",Positive Emotions & Security,0.036109238607971474,0.165717807102907,0.2174219089723538,high,0.9978244726287916,0.0019361466676850458,0.002175527371208294,0.0018865568284903993,4.9589839194567247e-05
21787,top,Relationship Trajectory (Main Couple),"Bonding, Everyday Intimacy & Growth",0.14678864697287552,0.4424507461226744,0.33104092497788024,high,0.9978244726287916,0.0019361466676850458,0.002175527371208294,0.0018865568284903993,4.9589839194567247e-05
21787,top,Relationship Trajectory (Main Couple),"Conflict, Distance & Breakup Threats",0.12697929004372813,0.3827413276202256,0.33104092497788024,medium,0.9978244726287916,0.0019361466676850458,0.002175527371208294,0.0018865568284903993,4.9589839194567247e-05
21787,top,Relationship Trajectory (Main Couple),"Meeting, First Impressions & Setup",0.0002304878815378635,0.000694737210688417,0.33104092497788024,high,0.9978244726287916,0.0019361466676850458,0.002175527371208294,0.0018865568284903993,4.9589839194567247e-05
21787,top,Relationship Trajectory (Main Couple),"Reconciliation, Commitments & HEA",0.00964015508820894,0.029057382157793903,0.33104092497788024,high,0.9978244726287916,0.0019361466676850458,0.002175527371208294,0.0018865568284903993,4.9589839194567247e-05
21787,top,Relationship Trajectory (Main Couple),"Secrets, Misunderstandings & Hidden Information",0.0481241037908326,0.1450558068886177,0.33104092497788024,medium,0.9978244726287916,0.0019361466676850458,0.002175527371208294,0.0018865568284903993,4.9589839194567247e-05
21787,top,"Sexuality, Attraction & Intimacy",Attraction & Sexual Tension,0.030831494764211168,0.1339661142876959,0.22964329574707917,high,0.9978244726287916,0.0019361466676850458,0.002175527371208294,0.0018865568284903993,4.9589839194567247e-05
21787,top,"Sexuality, Attraction & Intimacy",Explicit Sexual Acts,0.15488112187474423,0.6729748989712795,0.22964329574707917,high,0.9978244726287916,0.0019361466676850458,0.002175527371208294,0.0018865568284903993,4.9589839194567247e-05
21787,top,"Sexuality, Attraction & Intimacy",Kissing & Non-Explicit Affection,0.044431363636531926,0.19305898674102456,0.22964329574707917,high,0.9978244726287916,0.0019361466676850458,0.002175527371208294,0.0018865568284903993,4.9589839194567247e-05
21787,top,Social World Outside Couple,"Community, Norms & Social Events",0.002667967679622579,0.0468483477716931,0.05682512979718367,high,0.9978244726287916,0.0019361466676850458,0.002175527371208294,0.0018865568284903993,4.9589839194567247e-05
21787,top,Social World Outside Couple,Family & Kinship,0.03665876529419973,0.6437119154406296,0.05682512979718367,high,0.9978244726287916,0.0019361466676850458,0.002175527371208294,0.0018865568284903993,4.9589839194567247e-05
21787,top,Social World Outside Couple,Friends & Social Circles,0.017622290983744654,0.3094397367876774,0.05682512979718367,high,0.9978244726287916,0.0019361466676850458,0.002175527371208294,0.0018865568284903993,4.9589839194567247e-05
21787,top,"Spaces, Time, Activities & Objects",Domestic Spaces & Routines,0.035624547554050506,0.4758161727515931,0.0747075181791217,high,0.9978244726287916,0.0019361466676850458,0.002175527371208294,0.0018865568284903993,4.9589839194567247e-05
21787,top,"Spaces, Time, Activities & Objects",Public & Leisure Spaces,0.03706891170794357,0.4951076970221055,0.0747075181791217,high,0.9978244726287916,0.0019361466676850458,0.002175527371208294,0.0018865568284903993,4.9589839194567247e-05
21787,top,"Spaces, Time, Activities & Objects","Time, Seasons & Temporal Framing",0.0021769415233294474,0.02907613022630143,0.0747075181791217,high,0.9978244726287916,0.0019361466676850458,0.002175527371208294,0.0018865568284903993,4.9589839194567247e-05
21787,top,"Work, Wealth, Status & Institutions",Hero's Elite Work & Business World,0.04074756096223047,0.722797584782772,0.05625214359323945,high,0.9978244726287916,0.0019361466676850458,0.002175527371208294,0.0018865568284903993,4.9589839194567247e-05
21787,top,"Work, Wealth, Status & Institutions",Heroine's Work & Professional Identity,0.0055509829472990355,0.09846569887206498,0.05625214359323945,high,0.9978244726287916,0.0019361466676850458,0.002175527371208294,0.0018865568284903993,4.9589839194567247e-05
21787,top,"Work, Wealth, Status & Institutions","Law, Medicine, Education & Formal Institutions",0.004928406373607181,0.08742217054348811,0.05625214359323945,high,0.9978244726287916,0.0019361466676850458,0.002175527371208294,0.0018865568284903993,4.9589839194567247e-05
21787,top,"Work, Wealth, Status & Institutions","Money, Housing & Economic Security",0.002560708796051494,0.04542294285622698,0.05625214359323945,high,0.9978244726287916,0.0019361466676850458,0.002175527371208294,0.0018865568284903993,4.9589839194567247e-05
21787,top,"Work, Wealth, Status & Institutions",Shared Workplaces & Professional Interaction,0.0025871294094543975,0.045891602945448,0.05625214359323945,high,0.9978244726287916,0.0019361466676850458,0.002175527371208294,0.0018865568284903993,4.9589839194567247e-05
22609391,top,"Conflict, Risk & Harm",Interpersonal Non-Romantic Conflict,0.0033748309804234105,0.1770275347902756,0.01904153774116773,high,0.9988282389513924,0.00109348853819069,0.0011717610486075567,0.0008336174294278486,0.0002598711087628249
22609391,top,"Conflict, Risk & Harm","Violence, Threats & Coercion",0.0156890450681335,0.8229724652097243,0.01904153774116773,high,0.9988282389513924,0.00109348853819069,0.0011717610486075567,0.0008336174294278486,0.0002598711087628249
22609391,top,Embodied & Sensory Experience,Body Parts & Physical Reactions,0.005267017754590739,0.29418802737915983,0.01788259745038238,high,0.9988282389513924,0.00109348853819069,0.0011717610486075567,0.0008336174294278486,0.0002598711087628249
22609391,top,Embodied & Sensory Experience,Exercise & Physical Activity,0.012636558408970882,0.7058119726208402,0.01788259745038238,high,0.9988282389513924,0.00109348853819069,0.0011717610486075567,0.0008336174294278486,0.0002598711087628249
22609391,top,"Emotions, Cognition & Inner Life",Ambivalence & Internal Conflict,0.010654508784632092,0.05761802774824855,0.18469955779716365,high,0.9988282389513924,0.00109348853819069,0.0011717610486075567,0.0008336174294278486,0.0002598711087628249
22609391,top,"Emotions, Cognition & Inner Life","Beliefs, Values & Moral Reflection",0.027981870996927293,0.15132187247096449,0.18469955779716365,high,0.9988282389513924,0.00109348853819069,0.0011717610486075567,0.0008336174294278486,0.0002598711087628249
22609391,top,"Emotions, Cognition & Inner Life",Negative Emotions & Distress,0.10342544428689256,0.559309700639839,0.18469955779716365,high,0.9988282389513924,0.00109348853819069,0.0011717610486075567,0.0008336174294278486,0.0002598711087628249
22609391,top,"Emotions, Cognition & Inner Life",Positive Emotions & Security,0.04285441137065441,0.23175039914094803,0.18469955779716365,high,0.9988282389513924,0.00109348853819069,0.0011717610486075567,0.0008336174294278486,0.0002598711087628249
22609391,top,Relationship Trajectory (Main Couple),"Bonding, Everyday Intimacy & Growth",0.1829060130012795,0.4273143397517638,0.4275346597678376,high,0.9988282389513924,0.00109348853819069,0.0011717610486075567,0.0008336174294278486,0.0002598711087628249
22609391,top,Relationship Trajectory (Main Couple),"Conflict, Distance & Breakup Threats",0.18115724438847627,0.4232287774845824,0.4275346597678376,medium,0.9988282389513924,0.00109348853819069,0.0011717610486075567,0.0008336174294278486,0.0002598711087628249
22609391,top,Relationship Trajectory (Main Couple),"Meeting, First Impressions & Setup",0.00023240513781756653,0.0005429567152652132,0.4275346597678376,high,0.9988282389513924,0.00109348853819069,0.0011717610486075567,0.0008336174294278486,0.0002598711087628249
22609391,top,Relationship Trajectory (Main Couple),"Reconciliation, Commitments & HEA",0.008933267723521515,0.020870354869501388,0.4275346597678376,high,0.9988282389513924,0.00109348853819069,0.0011717610486075567,0.0008336174294278486,0.0002598711087628249
22609391,top,Relationship Trajectory (Main Couple),"Secrets, Misunderstandings & Hidden Information",0.05480728568196648,0.1280435711788872,0.4275346597678376,medium,0.9988282389513924,0.00109348853819069,0.0011717610486075567,0.0008336174294278486,0.0002598711087628249
22609391,top,"Sexuality, Attraction & Intimacy",Attraction & Sexual Tension,0.028302827403024342,0.19372131528085684,0.14592954425961183,high,0.9988282389513924,0.00109348853819069,0.0011717610486075567,0.0008336174294278486,0.0002598711087628249
22609391,top,"Sexuality, Attraction & Intimacy",Explicit Sexual Acts,0.062233491016559436,0.42596287510692393,0.14592954425961183,high,0.9988282389513924,0.00109348853819069,0.0011717610486075567,0.0008336174294278486,0.0002598711087628249
22609391,top,"Sexuality, Attraction & Intimacy",Kissing & Non-Explicit Affection,0.055564420995647575,0.3803158096122191,0.14592954425961183,high,0.9988282389513924,0.00109348853819069,0.0011717610486075567,0.0008336174294278486,0.0002598711087628249
22609391,top,Social World Outside Couple,"Community, Norms & Social Events",0.00523271561297473,0.06948932537332048,0.07521420149874825,high,0.9988282389513924,0.00109348853819069,0.0011717610486075567,0.0008336174294278486,0.0002598711087628249
22609391,top,Social World Outside Couple,Family & Kinship,0.03983975520265659,0.5290632850763737,0.07521420149874825,high,0.9988282389513924,0.00109348853819069,0.0011717610486075567,0.0008336174294278486,0.0002598711087628249
22609391,top,Social World Outside Couple,Friends & Social Circles,0.030229967146786472,0.4014473895503058,0.07521420149874825,high,0.9988282389513924,0.00109348853819069,0.0011717610486075567,0.0008336174294278486,0.0002598711087628249
22609391,top,"Spaces, Time, Activities & Objects",Domestic Spaces & Routines,0.03908015868957147,0.5836553220414208,0.06687914014956149,high,0.9988282389513924,0.00109348853819069,0.0011717610486075567,0.0008336174294278486,0.0002598711087628249
22609391,top,"Spaces, Time, Activities & Objects",Public & Leisure Spaces,0.024112607390053567,0.36011756613607493,0.06687914014956149,high,0.9988282389513924,0.00109348853819069,0.0011717610486075567,0.0008336174294278486,0.0002598711087628249
22609391,top,"Spaces, Time, Activities & Objects","Time, Seasons & Temporal Framing",0.003764832375714729,0.056227111822504276,0.06687914014956149,high,0.9988282389513924,0.00109348853819069,0.0011717610486075567,0.0008336174294278486,0.0002598711087628249
22609391,top,"Work, Wealth, Status & Institutions",Hero's Elite Work & Business World,0.0459514154341198,0.7476741781193681,0.0613871291781566,high,0.9988282389513924,0.00109348853819069,0.0011717610486075567,0.0008336174294278486,0.0002598711087628249
22609391,top,"Work, Wealth, Status & Institutions",Heroine's Work & Professional Identity,0.004776064297748519,0.0777112068198206,0.0613871291781566,high,0.9988282389513924,0.00109348853819069,0.0011717610486075567,0.0008336174294278486,0.0002598711087628249
22609391,top,"Work, Wealth, Status & Institutions","Law, Medicine, Education & Formal Institutions",0.0043080103451921025,0.07009551422391214,0.0613871291781566,high,0.9988282389513924,0.00109348853819069,0.0011717610486075567,0.0008336174294278486,0.0002598711087628249
22609391,top,"Work, Wealth, Status & Institutions","Money, Housing & Economic Security",0.0025818119908120646,0.042008589725743575,0.0613871291781566,high,0.9988282389513924,0.00109348853819069,0.0011717610486075567,0.0008336174294278486,0.0002598711087628249
22609391,top,"Work, Wealth, Status & Institutions",Shared Workplaces & Professional Interaction,0.00384184254201872,0.06251051111115555,0.0613871291781566,high,0.9988282389513924,0.00109348853819069,0.0011717610486075567,0.0008336174294278486,0.0002598711087628249
22707536,trash,"Conflict, Risk & Harm",Interpersonal Non-Romantic Conflict,0.0012922932169585595,0.06316292546209316,0.020421389077247824,high,0.9981284891012244,0.010101563482261433,0.0018715108987753782,0.0007711899901462695,0.009330373492115117
22707536,trash,"Conflict, Risk & Harm","Violence, Threats & Coercion",0.019167386373628508,0.936837074537907,0.020421389077247824,high,0.9981284891012244,0.010101563482261433,0.0018715108987753782,0.0007711899901462695,0.009330373492115117
22707536,trash,Embodied & Sensory Experience,Body Parts & Physical Reactions,0.011350162142286147,0.4858241007549204,0.023318975268065166,high,0.9981284891012244,0.010101563482261433,0.0018715108987753782,0.0007711899901462695,0.009330373492115117
22707536,trash,Embodied & Sensory Experience,Exercise & Physical Activity,0.012012536671233332,0.5141758992450796,0.023318975268065166,high,0.9981284891012244,0.010101563482261433,0.0018715108987753782,0.0007711899901462695,0.009330373492115117
22707536,trash,"Emotions, Cognition & Inner Life",Ambivalence & Internal Conflict,0.0127740350906054,0.07150231223038317,0.17831770675653943,high,0.9981284891012244,0.010101563482261433,0.0018715108987753782,0.0007711899901462695,0.009330373492115117
22707536,trash,"Emotions, Cognition & Inner Life","Beliefs, Values & Moral Reflection",0.0188973660336578,0.1057774897975797,0.17831770675653943,high,0.9981284891012244,0.010101563482261433,0.0018715108987753782,0.0007711899901462695,0.009330373492115117
22707536,trash,"Emotions, Cognition & Inner Life",Negative Emotions & Distress,0.09514233035738616,0.532556593377706,0.17831770675653943,high,0.9981284891012244,0.010101563482261433,0.0018715108987753782,0.0007711899901462695,0.009330373492115117
22707536,trash,"Emotions, Cognition & Inner Life",Positive Emotions & Security,0.05183832454483231,0.2901636045943311,0.17831770675653943,high,0.9981284891012244,0.010101563482261433,0.0018715108987753782,0.0007711899901462695,0.009330373492115117
22707536,trash,Relationship Trajectory (Main Couple),"Bonding, Everyday Intimacy & Growth",0.14956416460795016,0.448282878927855,0.3330135070089201,high,0.9981284891012244,0.010101563482261433,0.0018715108987753782,0.0007711899901462695,0.009330373492115117
22707536,trash,Relationship Trajectory (Main Couple),"Conflict, Distance & Breakup Threats",0.1245328350533974,0.3732574441552909,0.3330135070089201,medium,0.9981284891012244,0.010101563482261433,0.0018715108987753782,0.0007711899901462695,0.009330373492115117
22707536,trash,Relationship Trajectory (Main Couple),"Meeting, First Impressions & Setup",0.000268058800446118,0.000803442262395692,0.3330135070089201,high,0.9981284891012244,0.010101563482261433,0.0018715108987753782,0.0007711899901462695,0.009330373492115117
22707536,trash,Relationship Trajectory (Main Couple),"Reconciliation, Commitments & HEA",0.005717297460758296,0.017136234285224018,0.3330135070089201,high,0.9981284891012244,0.010101563482261433,0.0018715108987753782,0.0007711899901462695,0.009330373492115117
22707536,trash,Relationship Trajectory (Main Couple),"Secrets, Misunderstandings & Hidden Information",0.05355555807866616,0.1605200003692345,0.3330135070089201,medium,0.9981284891012244,0.010101563482261433,0.0018715108987753782,0.0007711899901462695,0.009330373492115117
22707536,trash,"Sexuality, Attraction & Intimacy",Attraction & Sexual Tension,0.03623350815032449,0.1535131407956257,0.23558697683782137,high,0.9981284891012244,0.010101563482261433,0.0018715108987753782,0.0007711899901462695,0.009330373492115117
22707536,trash,"Sexuality, Attraction & Intimacy",Explicit Sexual Acts,0.11588197152024109,0.49096558179951294,0.23558697683782137,high,0.9981284891012244,0.010101563482261433,0.0018715108987753782,0.0007711899901462695,0.009330373492115117
22707536,trash,"Sexuality, Attraction & Intimacy",Kissing & Non-Explicit Affection,0.08391322746508406,0.35552127740486134,0.23558697683782137,high,0.9981284891012244,0.010101563482261433,0.0018715108987753782,0.0007711899901462695,0.009330373492115117
22707536,trash,Social World Outside Couple,"Community, Norms & Social Events",0.004274318538402977,0.06510063634230007,0.06553421509186409,high,0.9981284891012244,0.010101563482261433,0.0018715108987753782,0.0007711899901462695,0.009330373492115117
22707536,trash,Social World Outside Couple,Family & Kinship,0.035534658958560984,0.5412158428588404,0.06553421509186409,high,0.9981284891012244,0.010101563482261433,0.0018715108987753782,0.0007711899901462695,0.009330373492115117
22707536,trash,Social World Outside Couple,Friends & Social Circles,0.025848115560138423,0.39368352079885954,0.06553421509186409,high,0.9981284891012244,0.010101563482261433,0.0018715108987753782,0.0007711899901462695,0.009330373492115117
22707536,trash,"Spaces, Time, Activities & Objects",Domestic Spaces & Routines,0.041665103151081385,0.6553092424043431,0.06346183414696169,high,0.9981284891012244,0.010101563482261433,0.0018715108987753782,0.0007711899901462695,0.009330373492115117
22707536,trash,"Spaces, Time, Activities & Objects",Public & Leisure Spaces,0.019241617026354144,0.3026323835189492,0.06346183414696169,high,0.9981284891012244,0.010101563482261433,0.0018715108987753782,0.0007711899901462695,0.009330373492115117
22707536,trash,"Spaces, Time, Activities & Objects","Time, Seasons & Temporal Framing",0.0026741061790053876,0.042058374076707684,0.06346183414696169,high,0.9981284891012244,0.010101563482261433,0.0018715108987753782,0.0007711899901462695,0.009330373492115117
22707536,trash,"Work, Wealth, Status & Institutions",Hero's Elite Work & Business World,0.05403744743331292,0.7800633009879239,0.06914351142168967,high,0.9981284891012244,0.010101563482261433,0.0018715108987753782,0.0007711899901462695,0.009330373492115117
22707536,trash,"Work, Wealth, Status & Institutions",Heroine's Work & Professional Identity,0.004373972047831016,0.0631409371856555,0.06914351142168967,high,0.9981284891012244,0.010101563482261433,0.0018715108987753782,0.0007711899901462695,0.009330373492115117
22707536,trash,"Work, Wealth, Status & Institutions","Law, Medicine, Education & Formal Institutions",0.0028587007705931345,0.04126707802765078,0.06914351142168967,high,0.9981284891012244,0.010101563482261433,0.0018715108987753782,0.0007711899901462695,0.009330373492115117
22707536,trash,"Work, Wealth, Status & Institutions","Money, Housing & Economic Security",0.002303908687133217,0.0332583180927965,0.06914351142168967,high,0.9981284891012244,0.010101563482261433,0.0018715108987753782,0.0007711899901462695,0.009330373492115117
22707536,trash,"Work, Wealth, Status & Institutions",Shared Workplaces & Professional Interaction,0.00569912795093124,0.08227036570597336,0.06914351142168967,high,0.9981284891012244,0.010101563482261433,0.0018715108987753782,0.0007711899901462695,0.009330373492115117
23518136,trash,"Conflict, Risk & Harm",Interpersonal Non-Romantic Conflict,0.006095948457081484,0.09430756580777133,0.06447967144224412,high,0.9975348217944467,0.001022718534610556,0.0024651782055534,0.0009815808931498754,4.113764146057981e-05
23518136,trash,"Conflict, Risk & Harm","Violence, Threats & Coercion",0.05854306968391217,0.9056924341922287,0.06447967144224412,high,0.9975348217944467,0.001022718534610556,0.0024651782055534,0.0009815808931498754,4.113764146057981e-05
23518136,trash,Embodied & Sensory Experience,Body Parts & Physical Reactions,0.0026517655715100293,0.2556086879715319,0.01034874251657485,high,0.9975348217944467,0.001022718534610556,0.0024651782055534,0.0009815808931498754,4.113764146057981e-05
23518136,trash,Embodied & Sensory Experience,Exercise & Physical Activity,0.007722551485370942,0.744391312028468,0.01034874251657485,high,0.9975348217944467,0.001022718534610556,0.0024651782055534,0.0009815808931498754,4.113764146057981e-05
23518136,trash,"Emotions, Cognition & Inner Life",Ambivalence & Internal Conflict,0.004697097342225676,0.023563191730445673,0.19884904446854565,high,0.9975348217944467,0.001022718534610556,0.0024651782055534,0.0009815808931498754,4.113764146057981e-05
23518136,trash,"Emotions, Cognition & Inner Life","Beliefs, Values & Moral Reflection",0.022515417605510485,0.11294956507720713,0.19884904446854565,high,0.9975348217944467,0.001022718534610556,0.0024651782055534,0.0009815808931498754,4.113764146057981e-05
23518136,trash,"Emotions, Cognition & Inner Life",Negative Emotions & Distress,0.13309673035202188,0.6676854975490178,0.19884904446854565,high,0.9975348217944467,0.001022718534610556,0.0024651782055534,0.0009815808931498754,4.113764146057981e-05
23518136,trash,"Emotions, Cognition & Inner Life",Positive Emotions & Security,0.039031208911995505,0.1958017456433293,0.19884904446854565,high,0.9975348217944467,0.001022718534610556,0.0024651782055534,0.0009815808931498754,4.113764146057981e-05
23518136,trash,Relationship Trajectory (Main Couple),"Bonding, Everyday Intimacy & Growth",0.14237355486721598,0.43129362128877563,0.32929441028671735,high,0.9975348217944467,0.001022718534610556,0.0024651782055534,0.0009815808931498754,4.113764146057981e-05
23518136,trash,Relationship Trajectory (Main Couple),"Conflict, Distance & Breakup Threats",0.11475592601476338,0.3476312643974788,0.32929441028671735,medium,0.9975348217944467,0.001022718534610556,0.0024651782055534,0.0009815808931498754,4.113764146057981e-05
23518136,trash,Relationship Trajectory (Main Couple),"Meeting, First Impressions & Setup",0.00016471268931168455,0.0004989657827375605,0.32929441028671735,high,0.9975348217944467,0.001022718534610556,0.0024651782055534,0.0009815808931498754,4.113764146057981e-05
23518136,trash,Relationship Trajectory (Main Couple),"Reconciliation, Commitments & HEA",0.01126651984153674,0.03412978025525957,0.32929441028671735,high,0.9975348217944467,0.001022718534610556,0.0024651782055534,0.0009815808931498754,4.113764146057981e-05
23518136,trash,Relationship Trajectory (Main Couple),"Secrets, Misunderstandings & Hidden Information",0.061547472378978264,0.18644636827574845,0.32929441028671735,medium,0.9975348217944467,0.001022718534610556,0.0024651782055534,0.0009815808931498754,4.113764146057981e-05
23518136,trash,"Sexuality, Attraction & Intimacy",Attraction & Sexual Tension,0.0274431464555211,0.14202229798254792,0.19275490256009742,high,0.9975348217944467,0.001022718534610556,0.0024651782055534,0.0009815808931498754,4.113764146057981e-05
23518136,trash,"Sexuality, Attraction & Intimacy",Explicit Sexual Acts,0.12905370786488837,0.6678718194302562,0.19275490256009742,high,0.9975348217944467,0.001022718534610556,0.0024651782055534,0.0009815808931498754,4.113764146057981e-05
23518136,trash,"Sexuality, Attraction & Intimacy",Kissing & Non-Explicit Affection,0.03673439771082712,0.1901058825871959,0.19275490256009742,high,0.9975348217944467,0.001022718534610556,0.0024651782055534,0.0009815808931498754,4.113764146057981e-05
23518136,trash,Social World Outside Couple,"Community, Norms & Social Events",0.009510452193718004,0.16219584550123867,0.05849106186984699,high,0.9975348217944467,0.001022718534610556,0.0024651782055534,0.0009815808931498754,4.113764146057981e-05
23518136,trash,Social World Outside Couple,Family & Kinship,0.03602725261875408,0.6144261682368116,0.05849106186984699,high,0.9975348217944467,0.001022718534610556,0.0024651782055534,0.0009815808931498754,4.113764146057981e-05
23518136,trash,Social World Outside Couple,Friends & Social Circles,0.013097904282986371,0.22337798626194968,0.05849106186984699,high,0.9975348217944467,0.001022718534610556,0.0024651782055534,0.0009815808931498754,4.113764146057981e-05
23518136,trash,"Spaces, Time, Activities & Objects",Domestic Spaces & Routines,0.03644840027580198,0.5076897076845874,0.0716156895116796,high,0.9975348217944467,0.001022718534610556,0.0024651782055534,0.0009815808931498754,4.113764146057981e-05
23518136,trash,"Spaces, Time, Activities & Objects",Public & Leisure Spaces,0.03344366484635005,0.46583675281400755,0.0716156895116796,high,0.9975348217944467,0.001022718534610556,0.0024651782055534,0.0009815808931498754,4.113764146057981e-05
23518136,trash,"Spaces, Time, Activities & Objects","Time, Seasons & Temporal Framing",0.0019006061179872079,0.026473539501404988,0.0716156895116796,high,0.9975348217944467,0.001022718534610556,0.0024651782055534,0.0009815808931498754,4.113764146057981e-05
23518136,trash,"Work, Wealth, Status & Institutions",Hero's Elite Work & Business World,0.05770151205287309,0.8032254789869198,0.07166016149728016,high,0.9975348217944467,0.001022718534610556,0.0024651782055534,0.0009815808931498754,4.113764146057981e-05
23518136,trash,"Work, Wealth, Status & Institutions",Heroine's Work & Professional Identity,0.006072465560584214,0.0845308707692516,0.07166016149728016,high,0.9975348217944467,0.001022718534610556,0.0024651782055534,0.0009815808931498754,4.113764146057981e-05
23518136,trash,"Work, Wealth, Status & Institutions","Law, Medicine, Education & Formal Institutions",0.004638721624188267,0.06457264750811811,0.07166016149728016,high,0.9975348217944467,0.001022718534610556,0.0024651782055534,0.0009815808931498754,4.113764146057981e-05
23518136,trash,"Work, Wealth, Status & Institutions","Money, Housing & Economic Security",0.0014706554703230144,0.02047204488320023,0.07166016149728016,high,0.9975348217944467,0.001022718534610556,0.0024651782055534,0.0009815808931498754,4.113764146057981e-05
23518136,trash,"Work, Wealth, Status & Institutions",Shared Workplaces & Professional Interaction,0.0019538984200696313,0.027198957852510388,0.07166016149728016,high,0.9975348217944467,0.001022718534610556,0.0024651782055534,0.0009815808931498754,4.113764146057981e-05
27394781,trash,"Conflict, Risk & Harm",Interpersonal Non-Romantic Conflict,0.005068282050418672,0.10723994715182172,0.047227368377081747,high,0.9992854459351744,0.0004368415154628602,0.0007145540648255148,0.0003816055499442649,5.5235965518640214e-05
27394781,trash,"Conflict, Risk & Harm","Violence, Threats & Coercion",0.04219285696565529,0.8927600528481782,0.047227368377081747,high,0.9992854459351744,0.0004368415154628602,0.0007145540648255148,0.0003816055499442649,5.5235965518640214e-05
27394781,trash,Embodied & Sensory Experience,Body Parts & Physical Reactions,0.0023106848756609282,0.15729749574421406,0.01467940576845088,high,0.9992854459351744,0.0004368415154628602,0.0007145540648255148,0.0003816055499442649,5.5235965518640214e-05
27394781,trash,Embodied & Sensory Experience,Exercise & Physical Activity,0.012379217622331783,0.8427025042557859,0.01467940576845088,high,0.9992854459351744,0.0004368415154628602,0.0007145540648255148,0.0003816055499442649,5.5235965518640214e-05
27394781,trash,"Emotions, Cognition & Inner Life",Ambivalence & Internal Conflict,0.004605939107610675,0.022018068574491848,0.20903958489943147,high,0.9992854459351744,0.0004368415154628602,0.0007145540648255148,0.0003816055499442649,5.5235965518640214e-05
27394781,trash,"Emotions, Cognition & Inner Life","Beliefs, Values & Moral Reflection",0.026721156065474195,0.12773687035226883,0.20903958489943147,high,0.9992854459351744,0.0004368415154628602,0.0007145540648255148,0.0003816055499442649,5.5235965518640214e-05
27394781,trash,"Emotions, Cognition & Inner Life",Negative Emotions & Distress,0.13607980305347664,0.65051108258986,0.20903958489943147,high,0.9992854459351744,0.0004368415154628602,0.0007145540648255148,0.0003816055499442649,5.5235965518640214e-05
27394781,trash,"Emotions, Cognition & Inner Life",Positive Emotions & Security,0.041782163567291794,0.19973397848337926,0.20903958489943147,high,0.9992854459351744,0.0004368415154628602,0.0007145540648255148,0.0003816055499442649,5.5235965518640214e-05
27394781,trash,Relationship Trajectory (Main Couple),"Bonding, Everyday Intimacy & Growth",0.14390143132032673,0.4434450649954149,0.3242760317315278,high,0.9992854459351744,0.0004368415154628602,0.0007145540648255148,0.0003816055499442649,5.5235965518640214e-05
27394781,trash,Relationship Trajectory (Main Couple),"Conflict, Distance & Breakup Threats",0.12256537939534994,0.3776961225018845,0.3242760317315278,medium,0.9992854459351744,0.0004368415154628602,0.0007145540648255148,0.0003816055499442649,5.5235965518640214e-05
27394781,trash,Relationship Trajectory (Main Couple),"Meeting, First Impressions & Setup",0.0002370074349093202,0.0007303594996481056,0.3242760317315278,high,0.9992854459351744,0.0004368415154628602,0.0007145540648255148,0.0003816055499442649,5.5235965518640214e-05
27394781,trash,Relationship Trajectory (Main Couple),"Reconciliation, Commitments & HEA",0.008981953233775208,0.027678688106103688,0.3242760317315278,high,0.9992854459351744,0.0004368415154628602,0.0007145540648255148,0.0003816055499442649,5.5235965518640214e-05
27394781,trash,Relationship Trajectory (Main Couple),"Secrets, Misunderstandings & Hidden Information",0.048822138793452194,0.15044976489694875,0.3242760317315278,medium,0.9992854459351744,0.0004368415154628602,0.0007145540648255148,0.0003816055499442649,5.5235965518640214e-05
27394781,trash,"Sexuality, Attraction & Intimacy",Attraction & Sexual Tension,0.03073237231966733,0.15144867179194202,0.2027776936881566,high,0.9992854459351744,0.0004368415154628602,0.0007145540648255148,0.0003816055499442649,5.5235965518640214e-05
27394781,trash,"Sexuality, Attraction & Intimacy",Explicit Sexual Acts,0.13340696662846077,0.6574275390625303,0.2027776936881566,high,0.9992854459351744,0.0004368415154628602,0.0007145540648255148,0.0003816055499442649,5.5235965518640214e-05
27394781,trash,"Sexuality, Attraction & Intimacy",Kissing & Non-Explicit Affection,0.03878335397510212,0.19112378914552766,0.2027776936881566,high,0.9992854459351744,0.0004368415154628602,0.0007145540648255148,0.0003816055499442649,5.5235965518640214e-05
27394781,trash,Social World Outside Couple,"Community, Norms & Social Events",0.011742539145331719,0.17153714498393027,0.06840587481710339,high,0.9992854459351744,0.0004368415154628602,0.0007145540648255148,0.0003816055499442649,5.5235965518640214e-05
27394781,trash,Social World Outside Couple,Family & Kinship,0.04129858366178647,0.6032972124294941,0.06840587481710339,high,0.9992854459351744,0.0004368415154628602,0.0007145540648255148,0.0003816055499442649,5.5235965518640214e-05
27394781,trash,Social World Outside Couple,Friends & Social Circles,0.015413666658054315,0.22516564258657562,0.06840587481710339,high,0.9992854459351744,0.0004368415154628602,0.0007145540648255148,0.0003816055499442649,5.5235965518640214e-05
27394781,trash,"Spaces, Time, Activities & Objects",Domestic Spaces & Routines,0.03242081335673064,0.46195792402861857,0.07013116400348743,high,0.9992854459351744,0.0004368415154628602,0.0007145540648255148,0.0003816055499442649,5.5235965518640214e-05
27394781,trash,"Spaces, Time, Activities & Objects",Public & Leisure Spaces,0.03573906416106512,0.5092390405172775,0.07013116400348743,high,0.9992854459351744,0.0004368415154628602,0.0007145540648255148,0.0003816055499442649,5.5235965518640214e-05
27394781,trash,"Spaces, Time, Activities & Objects","Time, Seasons & Temporal Framing",0.0020214348277029313,0.028803035454103797,0.07013116400348743,high,0.9992854459351744,0.0004368415154628602,0.0007145540648255148,0.0003816055499442649,5.5235965518640214e-05
27394781,trash,"Work, Wealth, Status & Institutions",Hero's Elite Work & Business World,0.047373474985039625,0.7551011854659764,0.06269308668441655,high,0.9992854459351744,0.0004368415154628602,0.0007145540648255148,0.0003816055499442649,5.5235965518640214e-05
27394781,trash,"Work, Wealth, Status & Institutions",Heroine's Work & Professional Identity,0.005625546606683121,0.08966741225848396,0.06269308668441655,high,0.9992854459351744,0.0004368415154628602,0.0007145540648255148,0.0003816055499442649,5.5235965518640214e-05
27394781,trash,"Work, Wealth, Status & Institutions","Law, Medicine, Education & Formal Institutions",0.006092900313646427,0.09711671460059323,0.06269308668441655,high,0.9992854459351744,0.0004368415154628602,0.0007145540648255148,0.0003816055499442649,5.5235965518640214e-05
27394781,trash,"Work, Wealth, Status & Institutions","Money, Housing & Economic Security",0.001991471038447495,0.031742702903423174,0.06269308668441655,high,0.9992854459351744,0.0004368415154628602,0.0007145540648255148,0.0003816055499442649,5.5235965518640214e-05
27394781,trash,"Work, Wealth, Status & Institutions",Shared Workplaces & Professional Interaction,0.001654523373723268,0.02637198477152333,0.06269308668441655,high,0.9992854459351744,0.0004368415154628602,0.0007145540648255148,0.0003816055499442649,5.5235965518640214e-05
28675670,top,"Conflict, Risk & Harm",Interpersonal Non-Romantic Conflict,0.0028972625826334543,0.13966955812801984,0.020705470037476244,high,0.9981573186710125,0.0009562463317022152,0.001842681328987451,0.0008943258242670109,6.192050743521572e-05
28675670,top,"Conflict, Risk & Harm","Violence, Threats & Coercion",0.01784643147257255,0.8603304418719803,0.020705470037476244,high,0.9981573186710125,0.0009562463317022152,0.001842681328987451,0.0008943258242670109,6.192050743521572e-05
28675670,top,Embodied & Sensory Experience,Body Parts & Physical Reactions,0.010159871500628762,0.448366660828126,0.02261798429967808,high,0.9981573186710125,0.0009562463317022152,0.001842681328987451,0.0008943258242670109,6.192050743521572e-05
28675670,top,Embodied & Sensory Experience,Exercise & Physical Activity,0.012499867476983095,0.5516333391718741,0.02261798429967808,high,0.9981573186710125,0.0009562463317022152,0.001842681328987451,0.0008943258242670109,6.192050743521572e-05
28675670,top,"Emotions, Cognition & Inner Life",Ambivalence & Internal Conflict,0.011991135569361665,0.060303079490802464,0.19848140142760348,high,0.9981573186710125,0.0009562463317022152,0.001842681328987451,0.0008943258242670109,6.192050743521572e-05
28675670,top,"Emotions, Cognition & Inner Life","Beliefs, Values & Moral Reflection",0.02749867012851502,0.13829002941874602,0.19848140142760348,high,0.9981573186710125,0.0009562463317022152,0.001842681328987451,0.0008943258242670109,6.192050743521572e-05
28675670,top,"Emotions, Cognition & Inner Life",Negative Emotions & Distress,0.11126543494751191,0.5595507055530439,0.19848140142760348,high,0.9981573186710125,0.0009562463317022152,0.001842681328987451,0.0008943258242670109,6.192050743521572e-05
28675670,top,"Emotions, Cognition & Inner Life",Positive Emotions & Security,0.04809257393745664,0.24185618553740756,0.19848140142760348,high,0.9981573186710125,0.0009562463317022152,0.001842681328987451,0.0008943258242670109,6.192050743521572e-05
28675670,top,Relationship Trajectory (Main Couple),"Bonding, Everyday Intimacy & Growth",0.16048154861344224,0.4567418172613826,0.3507141807611075,high,0.9981573186710125,0.0009562463317022152,0.001842681328987451,0.0008943258242670109,6.192050743521572e-05
28675670,top,Relationship Trajectory (Main Couple),"Conflict, Distance & Breakup Threats",0.1303831328613436,0.3710796010996009,0.3507141807611075,medium,0.9981573186710125,0.0009562463317022152,0.001842681328987451,0.0008943258242670109,6.192050743521572e-05
28675670,top,Relationship Trajectory (Main Couple),"Meeting, First Impressions & Setup",0.0002459528608380893,0.0006999992060795411,0.3507141807611075,high,0.9981573186710125,0.0009562463317022152,0.001842681328987451,0.0008943258242670109,6.192050743521572e-05
28675670,top,Relationship Trajectory (Main Couple),"Reconciliation, Commitments & HEA",0.008464082135449018,0.024089375316950132,0.3507141807611075,high,0.9981573186710125,0.0009562463317022152,0.001842681328987451,0.0008943258242670109,6.192050743521572e-05
28675670,top,Relationship Trajectory (Main Couple),"Secrets, Misunderstandings & Hidden Information",0.05178691180217634,0.1473892071159869,0.3507141807611075,medium,0.9981573186710125,0.0009562463317022152,0.001842681328987451,0.0008943258242670109,6.192050743521572e-05
28675670,top,"Sexuality, Attraction & Intimacy",Attraction & Sexual Tension,0.03126153151947637,0.16878757800868455,0.1848709890097739,high,0.9981573186710125,0.0009562463317022152,0.001842681328987451,0.0008943258242670109,6.192050743521572e-05
28675670,top,"Sexuality, Attraction & Intimacy",Explicit Sexual Acts,0.08269494186792782,0.44648736875736716,0.1848709890097739,high,0.9981573186710125,0.0009562463317022152,0.001842681328987451,0.0008943258242670109,6.192050743521572e-05
28675670,top,"Sexuality, Attraction & Intimacy",Kissing & Non-Explicit Affection,0.07125580282564675,0.3847250532339483,0.1848709890097739,high,0.9981573186710125,0.0009562463317022152,0.001842681328987451,0.0008943258242670109,6.192050743521572e-05
28675670,top,Social World Outside Couple,"Community, Norms & Social Events",0.013012966604578773,0.1820763106909566,0.07133815379216665,high,0.9981573186710125,0.0009562463317022152,0.001842681328987451,0.0008943258242670109,6.192050743521572e-05
28675670,top,Social World Outside Couple,Family & Kinship,0.03678598711729907,0.5147063711887302,0.07133815379216665,high,0.9981573186710125,0.0009562463317022152,0.001842681328987451,0.0008943258242670109,6.192050743521572e-05
28675670,top,Social World Outside Couple,Friends & Social Circles,0.021670896228377673,0.3032173181203131,0.07133815379216665,high,0.9981573186710125,0.0009562463317022152,0.001842681328987451,0.0008943258242670109,6.192050743521572e-05
28675670,top,"Spaces, Time, Activities & Objects",Domestic Spaces & Routines,0.048362938544830154,0.6046983030818843,0.07983124942624768,high,0.9981573186710125,0.0009562463317022152,0.001842681328987451,0.0008943258242670109,6.192050743521572e-05
28675670,top,"Spaces, Time, Activities & Objects",Public & Leisure Spaces,0.02872115695599036,0.359110413808641,0.07983124942624768,high,0.9981573186710125,0.0009562463317022152,0.001842681328987451,0.0008943258242670109,6.192050743521572e-05
28675670,top,"Spaces, Time, Activities & Objects","Time, Seasons & Temporal Framing",0.002894529043593262,0.03619128310947471,0.07983124942624768,high,0.9981573186710125,0.0009562463317022152,0.001842681328987451,0.0008943258242670109,6.192050743521572e-05
28675670,top,"Work, Wealth, Status & Institutions",Hero's Elite Work & Business World,0.052017068956316075,0.7466814443727362,0.06953596940952378,high,0.9981573186710125,0.0009562463317022152,0.001842681328987451,0.0008943258242670109,6.192050743521572e-05
28675670,top,"Work, Wealth, Status & Institutions",Heroine's Work & Professional Identity,0.005723416075425479,0.08215704321083098,0.06953596940952378,high,0.9981573186710125,0.0009562463317022152,0.001842681328987451,0.0008943258242670109,6.192050743521572e-05
28675670,top,"Work, Wealth, Status & Institutions","Law, Medicine, Education & Formal Institutions",0.003794947221009349,0.054474747023544004,0.06953596940952378,high,0.9981573186710125,0.0009562463317022152,0.001842681328987451,0.0008943258242670109,6.192050743521572e-05
28675670,top,"Work, Wealth, Status & Institutions","Money, Housing & Economic Security",0.0028033594681538313,0.04024095434010269,0.06953596940952378,high,0.9981573186710125,0.0009562463317022152,0.001842681328987451,0.0008943258242670109,6.192050743521572e-05
28675670,top,"Work, Wealth, Status & Institutions",Shared Workplaces & Professional Interaction,0.005325546864626867,0.07644581105278614,0.06953596940952378,high,0.9981573186710125,0.0009562463317022152,0.001842681328987451,0.0008943258242670109,6.192050743521572e-05
28869598,middle,"Conflict, Risk & Harm",Interpersonal Non-Romantic Conflict,0.005002985130846564,0.2175774005815982,0.02295983351014352,high,0.9985120407659483,0.0029275593583634185,0.0014879592340514632,0.0005027969767929457,0.0024247623815704155
28869598,middle,"Conflict, Risk & Harm","Violence, Threats & Coercion",0.01799106258492386,0.7824225994184019,0.02295983351014352,high,0.9985120407659483,0.0029275593583634185,0.0014879592340514632,0.0005027969767929457,0.0024247623815704155
28869598,middle,Embodied & Sensory Experience,Body Parts & Physical Reactions,0.004615140471292578,0.30425449548040323,0.015146114186860675,high,0.9985120407659483,0.0029275593583634185,0.0014879592340514632,0.0005027969767929457,0.0024247623815704155
28869598,middle,Embodied & Sensory Experience,Exercise & Physical Activity,0.010553544099844136,0.6957455045195967,0.015146114186860675,high,0.9985120407659483,0.0029275593583634185,0.0014879592340514632,0.0005027969767929457,0.0024247623815704155
28869598,middle,"Emotions, Cognition & Inner Life",Ambivalence & Internal Conflict,0.006493727725219416,0.0341717954722582,0.18974903816076152,high,0.9985120407659483,0.0029275593583634185,0.0014879592340514632,0.0005027969767929457,0.0024247623815704155
28869598,middle,"Emotions, Cognition & Inner Life","Beliefs, Values & Moral Reflection",0.023293750490657565,0.12257817254290082,0.18974903816076152,high,0.9985120407659483,0.0029275593583634185,0.0014879592340514632,0.0005027969767929457,0.0024247623815704155
28869598,middle,"Emotions, Cognition & Inner Life",Negative Emotions & Distress,0.11696408307022207,0.6154974297356757,0.18974903816076152,high,0.9985120407659483,0.0029275593583634185,0.0014879592340514632,0.0005027969767929457,0.0024247623815704155
28869598,middle,"Emotions, Cognition & Inner Life",Positive Emotions & Security,0.043280236442856695,0.2277526022491653,0.18974903816076152,high,0.9985120407659483,0.0029275593583634185,0.0014879592340514632,0.0005027969767929457,0.0024247623815704155
28869598,middle,Relationship Trajectory (Main Couple),"Bonding, Everyday Intimacy & Growth",0.15837623788402594,0.45052491952610096,0.3510140585891614,high,0.9985120407659483,0.0029275593583634185,0.0014879592340514632,0.0005027969767929457,0.0024247623815704155
28869598,middle,Relationship Trajectory (Main Couple),"Conflict, Distance & Breakup Threats",0.12300760022232504,0.34991353457860697,0.3510140585891614,medium,0.9985120407659483,0.0029275593583634185,0.0014879592340514632,0.0005027969767929457,0.0024247623815704155
28869598,middle,Relationship Trajectory (Main Couple),"Meeting, First Impressions & Setup",0.00024093625182568265,0.0006853792394296693,0.3510140585891614,high,0.9985120407659483,0.0029275593583634185,0.0014879592340514632,0.0005027969767929457,0.0024247623815704155
28869598,middle,Relationship Trajectory (Main Couple),"Reconciliation, Commitments & HEA",0.008326452892319295,0.02368584182430804,0.3510140585891614,high,0.9985120407659483,0.0029275593583634185,0.0014879592340514632,0.0005027969767929457,0.0024247623815704155
28869598,middle,Relationship Trajectory (Main Couple),"Secrets, Misunderstandings & Hidden Information",0.06158590425960795,0.1751903248315544,0.3510140585891614,medium,0.9985120407659483,0.0029275593583634185,0.0014879592340514632,0.0005027969767929457,0.0024247623815704155
28869598,middle,"Sexuality, Attraction & Intimacy",Attraction & Sexual Tension,0.02880738150803544,0.16342772666054056,0.17600757158214128,high,0.9985120407659483,0.0029275593583634185,0.0014879592340514632,0.0005027969767929457,0.0024247623815704155
28869598,middle,"Sexuality, Attraction & Intimacy",Explicit Sexual Acts,0.0995166905754355,0.5645701085670454,0.17600757158214128,high,0.9985120407659483,0.0029275593583634185,0.0014879592340514632,0.0005027969767929457,0.0024247623815704155
28869598,middle,"Sexuality, Attraction & Intimacy",Kissing & Non-Explicit Affection,0.047945781855523804,0.272002164772414,0.17600757158214128,high,0.9985120407659483,0.0029275593583634185,0.0014879592340514632,0.0005027969767929457,0.0024247623815704155
28869598,middle,Social World Outside Couple,"Community, Norms & Social Events",0.00943895615224525,0.12660112383953664,0.07444571647108376,high,0.9985120407659483,0.0029275593583634185,0.0014879592340514632,0.0005027969767929457,0.0024247623815704155
28869598,middle,Social World Outside Couple,Family & Kinship,0.03328507772798465,0.44644007022395343,0.07444571647108376,high,0.9985120407659483,0.0029275593583634185,0.0014879592340514632,0.0005027969767929457,0.0024247623815704155
28869598,middle,Social World Outside Couple,Friends & Social Circles,0.03183261985223509,0.42695880593651,0.07444571647108376,high,0.9985120407659483,0.0029275593583634185,0.0014879592340514632,0.0005027969767929457,0.0024247623815704155
28869598,middle,"Spaces, Time, Activities & Objects",Domestic Spaces & Routines,0.049660610998496404,0.47374835592255043,0.10466889734578648,high,0.9985120407659483,0.0029275593583634185,0.0014879592340514632,0.0005027969767929457,0.0024247623815704155
28869598,middle,"Spaces, Time, Activities & Objects",Public & Leisure Spaces,0.05240177556267957,0.4998983001033469,0.10466889734578648,high,0.9985120407659483,0.0029275593583634185,0.0014879592340514632,0.0005027969767929457,0.0024247623815704155
28869598,middle,"Spaces, Time, Activities & Objects","Time, Seasons & Temporal Framing",0.002762485921579503,0.026353343974102654,0.10466889734578648,high,0.9985120407659483,0.0029275593583634185,0.0014879592340514632,0.0005027969767929457,0.0024247623815704155
28869598,middle,"Work, Wealth, Status & Institutions",Hero's Elite Work & Business World,0.046188071829133724,0.7427098333415413,0.062096048538439315,high,0.9985120407659483,0.0029275593583634185,0.0014879592340514632,0.0005027969767929457,0.0024247623815704155
28869598,middle,"Work, Wealth, Status & Institutions",Heroine's Work & Professional Identity,0.0061976929184667405,0.09965965870160066,0.062096048538439315,high,0.9985120407659483,0.0029275593583634185,0.0014879592340514632,0.0005027969767929457,0.0024247623815704155
28869598,middle,"Work, Wealth, Status & Institutions","Law, Medicine, Education & Formal Institutions",0.004701266688412702,0.07559694224868503,0.062096048538439315,high,0.9985120407659483,0.0029275593583634185,0.0014879592340514632,0.0005027969767929457,0.0024247623815704155
28869598,middle,"Work, Wealth, Status & Institutions","Money, Housing & Economic Security",0.0018068683087215536,0.029054662974569705,0.062096048538439315,high,0.9985120407659483,0.0029275593583634185,0.0014879592340514632,0.0005027969767929457,0.0024247623815704155
28869598,middle,"Work, Wealth, Status & Institutions",Shared Workplaces & Professional Interaction,0.0032946828694579654,0.05297890273360326,0.062096048538439315,high,0.9985120407659483,0.0029275593583634185,0.0014879592340514632,0.0005027969767929457,0.0024247623815704155
28963772,trash,"Conflict, Risk & Harm",Interpersonal Non-Romantic Conflict,0.004228002042938385,0.20972845042751778,0.020118146336523812,high,0.997953078967959,0.0014413669282281605,0.002046921032040948,0.0013390229189039096,0.00010234400932432162
28963772,trash,"Conflict, Risk & Harm","Violence, Threats & Coercion",0.01593140901607568,0.7902715495724821,0.020118146336523812,high,0.997953078967959,0.0014413669282281605,0.002046921032040948,0.0013390229189039096,0.00010234400932432162
28963772,trash,Embodied & Sensory Experience,Body Parts & Physical Reactions,0.007613632280524559,0.3826866858151417,0.01985448686382989,high,0.997953078967959,0.0014413669282281605,0.002046921032040948,0.0013390229189039096,0.00010234400932432162
28963772,trash,Embodied & Sensory Experience,Exercise & Physical Activity,0.012281578508706696,0.6173133141848582,0.01985448686382989,high,0.997953078967959,0.0014413669282281605,0.002046921032040948,0.0013390229189039096,0.00010234400932432162
28963772,trash,"Emotions, Cognition & Inner Life",Ambivalence & Internal Conflict,0.07732120359153213,0.3070019295287814,0.25134347954136843,high,0.997953078967959,0.0014413669282281605,0.002046921032040948,0.0013390229189039096,0.00010234400932432162
28963772,trash,"Emotions, Cognition & Inner Life","Beliefs, Values & Moral Reflection",0.025649460969542345,0.1018405514045185,0.25134347954136843,high,0.997953078967959,0.0014413669282281605,0.002046921032040948,0.0013390229189039096,0.00010234400932432162
28963772,trash,"Emotions, Cognition & Inner Life",Negative Emotions & Distress,0.09907081814240254,0.39335823702883344,0.25134347954136843,high,0.997953078967959,0.0014413669282281605,0.002046921032040948,0.0013390229189039096,0.00010234400932432162
28963772,trash,"Emotions, Cognition & Inner Life",Positive Emotions & Security,0.04981753235291946,0.1977992820378666,0.25134347954136843,high,0.997953078967959,0.0014413669282281605,0.002046921032040948,0.0013390229189039096,0.00010234400932432162
28963772,trash,Relationship Trajectory (Main Couple),"Bonding, Everyday Intimacy & Growth",0.14447663448319034,0.41890378323526395,0.3441862021581543,high,0.997953078967959,0.0014413669282281605,0.002046921032040948,0.0013390229189039096,0.00010234400932432162
28963772,trash,Relationship Trajectory (Main Couple),"Conflict, Distance & Breakup Threats",0.12744899447799662,0.3695328739303847,0.3441862021581543,medium,0.997953078967959,0.0014413669282281605,0.002046921032040948,0.0013390229189039096,0.00010234400932432162
28963772,trash,Relationship Trajectory (Main Couple),"Meeting, First Impressions & Setup",0.00034744629206938176,0.001007405569347358,0.3441862021581543,high,0.997953078967959,0.0014413669282281605,0.002046921032040948,0.0013390229189039096,0.00010234400932432162
28963772,trash,Relationship Trajectory (Main Couple),"Reconciliation, Commitments & HEA",0.007962514709172544,0.023086968683001124,0.3441862021581543,high,0.997953078967959,0.0014413669282281605,0.002046921032040948,0.0013390229189039096,0.00010234400932432162
28963772,trash,Relationship Trajectory (Main Couple),"Secrets, Misunderstandings & Hidden Information",0.0646565792306329,0.1874689685820028,0.3441862021581543,medium,0.997953078967959,0.0014413669282281605,0.002046921032040948,0.0013390229189039096,0.00010234400932432162
28963772,trash,"Sexuality, Attraction & Intimacy",Attraction & Sexual Tension,0.03300993396694413,0.1925120379624607,0.17111846920068746,high,0.997953078967959,0.0014413669282281605,0.002046921032040948,0.0013390229189039096,0.00010234400932432162
28963772,trash,"Sexuality, Attraction & Intimacy",Explicit Sexual Acts,0.07975041376345389,0.46509983017010165,0.17111846920068746,high,0.997953078967959,0.0014413669282281605,0.002046921032040948,0.0013390229189039096,0.00010234400932432162
28963772,trash,"Sexuality, Attraction & Intimacy",Kissing & Non-Explicit Affection,0.058709105901280714,0.3423881318674378,0.17111846920068746,high,0.997953078967959,0.0014413669282281605,0.002046921032040948,0.0013390229189039096,0.00010234400932432162
28963772,trash,Social World Outside Couple,"Community, Norms & Social Events",0.004446387269187295,0.06398575375095687,0.06934802835706283,high,0.997953078967959,0.0014413669282281605,0.002046921032040948,0.0013390229189039096,0.00010234400932432162
28963772,trash,Social World Outside Couple,Family & Kinship,0.043159146887378944,0.6210818756104352,0.06934802835706283,high,0.997953078967959,0.0014413669282281605,0.002046921032040948,0.0013390229189039096,0.00010234400932432162
28963772,trash,Social World Outside Couple,Friends & Social Circles,0.021884735294558286,0.31493237063860796,0.06934802835706283,high,0.997953078967959,0.0014413669282281605,0.002046921032040948,0.0013390229189039096,0.00010234400932432162
28963772,trash,"Spaces, Time, Activities & Objects",Domestic Spaces & Routines,0.039081264129329225,0.6264322702996568,0.06225935303295872,high,0.997953078967959,0.0014413669282281605,0.002046921032040948,0.0013390229189039096,0.00010234400932432162
28963772,trash,"Spaces, Time, Activities & Objects",Public & Leisure Spaces,0.020748907201886505,0.3325835367479898,0.06225935303295872,high,0.997953078967959,0.0014413669282281605,0.002046921032040948,0.0013390229189039096,0.00010234400932432162
28963772,trash,"Spaces, Time, Activities & Objects","Time, Seasons & Temporal Framing",0.0025568830755352597,0.040984192952353525,0.06225935303295872,high,0.997953078967959,0.0014413669282281605,0.002046921032040948,0.0013390229189039096,0.00010234400932432162
28963772,trash,"Work, Wealth, Status & Institutions",Hero's Elite Work & Business World,0.04669934698302058,0.7816462377132649,0.059622569468049225,high,0.997953078967959,0.0014413669282281605,0.002046921032040948,0.0013390229189039096,0.00010234400932432162
28963772,trash,"Work, Wealth, Status & Institutions",Heroine's Work & Professional Identity,0.003873960062050082,0.0648417269871861,0.059622569468049225,high,0.997953078967959,0.0014413669282281605,0.002046921032040948,0.0013390229189039096,0.00010234400932432162
28963772,trash,"Work, Wealth, Status & Institutions","Law, Medicine, Education & Formal Institutions",0.003932090053802666,0.06581469753789275,0.059622569468049225,high,0.997953078967959,0.0014413669282281605,0.002046921032040948,0.0013390229189039096,0.00010234400932432162
28963772,trash,"Work, Wealth, Status & Institutions","Money, Housing & Economic Security",0.002192103897438275,0.03669108616726924,0.059622569468049225,high,0.997953078967959,0.0014413669282281605,0.002046921032040948,0.0013390229189039096,0.00010234400932432162
28963772,trash,"Work, Wealth, Status & Institutions",Shared Workplaces & Professional Interaction,0.00304736148731174,0.05100625159438691,0.059622569468049225,high,0.997953078967959,0.0014413669282281605,0.002046921032040948,0.0013390229189039096,0.00010234400932432162
29424551,top,"Conflict, Risk & Harm",Interpersonal Non-Romantic Conflict,0.0033403676869467516,0.14895543419031557,0.022390022592041692,high,0.9984276730257179,0.001253153319667577,0.0015723269742820233,0.0010179587353574705,0.0002351945843100811
29424551,top,"Conflict, Risk & Harm","Violence, Threats & Coercion",0.019084914781626175,0.8510445658096846,0.022390022592041692,high,0.9984276730257179,0.001253153319667577,0.0015723269742820233,0.0010179587353574705,0.0002351945843100811
29424551,top,Embodied & Sensory Experience,Body Parts & Physical Reactions,0.007974973173323983,0.3971842876322684,0.020047202660887685,high,0.9984276730257179,0.001253153319667577,0.0015723269742820233,0.0010179587353574705,0.0002351945843100811
29424551,top,Embodied & Sensory Experience,Exercise & Physical Activity,0.012103799884052302,0.6028157123677316,0.020047202660887685,high,0.9984276730257179,0.001253153319667577,0.0015723269742820233,0.0010179587353574705,0.0002351945843100811
29424551,top,"Emotions, Cognition & Inner Life",Ambivalence & Internal Conflict,0.010112230758510171,0.052160497930879866,0.19356278075982875,high,0.9984276730257179,0.001253153319667577,0.0015723269742820233,0.0010179587353574705,0.0002351945843100811
29424551,top,"Emotions, Cognition & Inner Life","Beliefs, Values & Moral Reflection",0.025595243021703438,0.1320243428533689,0.19356278075982875,high,0.9984276730257179,0.001253153319667577,0.0015723269742820233,0.0010179587353574705,0.0002351945843100811
29424551,top,"Emotions, Cognition & Inner Life",Negative Emotions & Distress,0.10920935974107043,0.5633192832365772,0.19356278075982875,high,0.9984276730257179,0.001253153319667577,0.0015723269742820233,0.0010179587353574705,0.0002351945843100811
29424551,top,"Emotions, Cognition & Inner Life",Positive Emotions & Security,0.048950770501789635,0.25249587597917406,0.19356278075982875,high,0.9984276730257179,0.001253153319667577,0.0015723269742820233,0.0010179587353574705,0.0002351945843100811
29424551,top,Relationship Trajectory (Main Couple),"Bonding, Everyday Intimacy & Growth",0.17542862483518823,0.46959412200719924,0.37298761945238623,high,0.9984276730257179,0.001253153319667577,0.0015723269742820233,0.0010179587353574705,0.0002351945843100811
29424551,top,Relationship Trajectory (Main Couple),"Conflict, Distance & Breakup Threats",0.13192839675514903,0.3531510305131508,0.37298761945238623,medium,0.9984276730257179,0.001253153319667577,0.0015723269742820233,0.0010179587353574705,0.0002351945843100811
29424551,top,Relationship Trajectory (Main Couple),"Meeting, First Impressions & Setup",0.00026481087737576436,0.0007088559895858271,0.37298761945238623,high,0.9984276730257179,0.001253153319667577,0.0015723269742820233,0.0010179587353574705,0.0002351945843100811
29424551,top,Relationship Trajectory (Main Couple),"Reconciliation, Commitments & HEA",0.007086672699450974,0.01896987933056836,0.37298761945238623,high,0.9984276730257179,0.001253153319667577,0.0015723269742820233,0.0010179587353574705,0.0002351945843100811
29424551,top,Relationship Trajectory (Main Couple),"Secrets, Misunderstandings & Hidden Information",0.05886649633700468,0.15757611215949574,0.37298761945238623,medium,0.9984276730257179,0.001253153319667577,0.0015723269742820233,0.0010179587353574705,0.0002351945843100811
29424551,top,"Sexuality, Attraction & Intimacy",Attraction & Sexual Tension,0.0352852595446976,0.1989089431357483,0.17711511118571402,high,0.9984276730257179,0.001253153319667577,0.0015723269742820233,0.0010179587353574705,0.0002351945843100811
29424551,top,"Sexuality, Attraction & Intimacy",Explicit Sexual Acts,0.08241612528895666,0.46459356088350634,0.17711511118571402,high,0.9984276730257179,0.001253153319667577,0.0015723269742820233,0.0010179587353574705,0.0002351945843100811
29424551,top,"Sexuality, Attraction & Intimacy",Kissing & Non-Explicit Affection,0.059692647774606394,0.3364974959807453,0.17711511118571402,high,0.9984276730257179,0.001253153319667577,0.0015723269742820233,0.0010179587353574705,0.0002351945843100811
29424551,top,Social World Outside Couple,"Community, Norms & Social Events",0.01346163878463662,0.17765986726908103,0.07565283535026371,high,0.9984276730257179,0.001253153319667577,0.0015723269742820233,0.0010179587353574705,0.0002351945843100811
29424551,top,Social World Outside Couple,Family & Kinship,0.043126214551908716,0.5691578622547949,0.07565283535026371,high,0.9984276730257179,0.001253153319667577,0.0015723269742820233,0.0010179587353574705,0.0002351945843100811
29424551,top,Social World Outside Couple,Friends & Social Circles,0.019184120331811723,0.253182270476124,0.07565283535026371,high,0.9984276730257179,0.001253153319667577,0.0015723269742820233,0.0010179587353574705,0.0002351945843100811
29424551,top,"Spaces, Time, Activities & Objects",Domestic Spaces & Routines,0.043682656270743726,0.5832981237239723,0.07477132375042561,high,0.9984276730257179,0.001253153319667577,0.0015723269742820233,0.0010179587353574705,0.0002351945843100811
29424551,top,"Spaces, Time, Activities & Objects",Public & Leisure Spaces,0.027868582444943807,0.37213148738552637,0.07477132375042561,high,0.9984276730257179,0.001253153319667577,0.0015723269742820233,0.0010179587353574705,0.0002351945843100811
29424551,top,"Spaces, Time, Activities & Objects","Time, Seasons & Temporal Framing",0.0033378351456492686,0.04457038889050146,0.07477132375042561,high,0.9984276730257179,0.001253153319667577,0.0015723269742820233,0.0010179587353574705,0.0002351945843100811
29424551,top,"Work, Wealth, Status & Institutions",Hero's Elite Work & Business World,0.04408626644777741,0.7138008999805343,0.06166558268986008,high,0.9984276730257179,0.001253153319667577,0.0015723269742820233,0.0010179587353574705,0.0002351945843100811
29424551,top,"Work, Wealth, Status & Institutions",Heroine's Work & Professional Identity,0.0059526281820121135,0.09637902448833811,0.06166558268986008,high,0.9984276730257179,0.001253153319667577,0.0015723269742820233,0.0010179587353574705,0.0002351945843100811
29424551,top,"Work, Wealth, Status & Institutions","Law, Medicine, Education & Formal Institutions",0.0055262280784531504,0.08947517886483272,0.06166558268986008,high,0.9984276730257179,0.001253153319667577,0.0015723269742820233,0.0010179587353574705,0.0002351945843100811
29424551,top,"Work, Wealth, Status & Institutions","Money, Housing & Economic Security",0.0025253675631631604,0.04088823537603943,0.06166558268986008,high,0.9984276730257179,0.001253153319667577,0.0015723269742820233,0.0010179587353574705,0.0002351945843100811
29424551,top,"Work, Wealth, Status & Institutions",Shared Workplaces & Professional Interaction,0.003672203567982249,0.059456661290255536,0.06166558268986008,high,0.9984276730257179,0.001253153319667577,0.0015723269742820233,0.0010179587353574705,0.0002351945843100811
29939161,middle,"Conflict, Risk & Harm",Interpersonal Non-Romantic Conflict,0.002170013884989006,0.11952580623556892,0.018134743913802463,high,0.9988737409317534,0.0008513273280456035,0.0011262590682464962,0.00045529661171703743,0.00039603071632856674
29939161,middle,"Conflict, Risk & Harm","Violence, Threats & Coercion",0.015985177477721463,0.8804741937644311,0.018134743913802463,high,0.9988737409317534,0.0008513273280456035,0.0011262590682464962,0.00045529661171703743,0.00039603071632856674
29939161,middle,Embodied & Sensory Experience,Body Parts & Physical Reactions,0.011357084324883616,0.45245416780959924,0.02507280098798373,high,0.9988737409317534,0.0008513273280456035,0.0011262590682464962,0.00045529661171703743,0.00039603071632856674
29939161,middle,Embodied & Sensory Experience,Exercise & Physical Activity,0.013743986972271235,0.5475458321904008,0.02507280098798373,high,0.9988737409317534,0.0008513273280456035,0.0011262590682464962,0.00045529661171703743,0.00039603071632856674
29939161,middle,"Emotions, Cognition & Inner Life",Ambivalence & Internal Conflict,0.01221283505341499,0.06472115756725719,0.18848674368207946,high,0.9988737409317534,0.0008513273280456035,0.0011262590682464962,0.00045529661171703743,0.00039603071632856674
29939161,middle,"Emotions, Cognition & Inner Life","Beliefs, Values & Moral Reflection",0.022144369387250184,0.1173527042714793,0.18848674368207946,high,0.9988737409317534,0.0008513273280456035,0.0011262590682464962,0.00045529661171703743,0.00039603071632856674
29939161,middle,"Emotions, Cognition & Inner Life",Negative Emotions & Distress,0.10036764720944176,0.5318920857676493,0.18848674368207946,high,0.9988737409317534,0.0008513273280456035,0.0011262590682464962,0.00045529661171703743,0.00039603071632856674
29939161,middle,"Emotions, Cognition & Inner Life",Positive Emotions & Security,0.05397441629366567,0.286034052393614,0.18848674368207946,high,0.9988737409317534,0.0008513273280456035,0.0011262590682464962,0.00045529661171703743,0.00039603071632856674
29939161,middle,Relationship Trajectory (Main Couple),"Bonding, Everyday Intimacy & Growth",0.1648159052391399,0.44152898437073823,0.37286403760310805,high,0.9988737409317534,0.0008513273280456035,0.0011262590682464962,0.00045529661171703743,0.00039603071632856674
29939161,middle,Relationship Trajectory (Main Couple),"Conflict, Distance & Breakup Threats",0.1261393914402395,0.3379176136607832,0.37286403760310805,medium,0.9988737409317534,0.0008513273280456035,0.0011262590682464962,0.00045529661171703743,0.00039603071632856674
29939161,middle,Relationship Trajectory (Main Couple),"Meeting, First Impressions & Setup",0.00022664084317467297,0.0006071531819616957,0.37286403760310805,high,0.9988737409317534,0.0008513273280456035,0.0011262590682464962,0.00045529661171703743,0.00039603071632856674
29939161,middle,Relationship Trajectory (Main Couple),"Reconciliation, Commitments & HEA",0.00789690224948027,0.021155186599430276,0.37286403760310805,high,0.9988737409317534,0.0008513273280456035,0.0011262590682464962,0.00045529661171703743,0.00039603071632856674
29939161,middle,Relationship Trajectory (Main Couple),"Secrets, Misunderstandings & Hidden Information",0.07420561283085317,0.19879106218708653,0.37286403760310805,medium,0.9988737409317534,0.0008513273280456035,0.0011262590682464962,0.00045529661171703743,0.00039603071632856674
29939161,middle,"Sexuality, Attraction & Intimacy",Attraction & Sexual Tension,0.03846178648684789,0.22735761373746272,0.16897814821103455,high,0.9988737409317534,0.0008513273280456035,0.0011262590682464962,0.00045529661171703743,0.00039603071632856674
29939161,middle,"Sexuality, Attraction & Intimacy",Explicit Sexual Acts,0.06483234675112234,0.3832408475195333,0.16897814821103455,high,0.9988737409317534,0.0008513273280456035,0.0011262590682464962,0.00045529661171703743,0.00039603071632856674
29939161,middle,"Sexuality, Attraction & Intimacy",Kissing & Non-Explicit Affection,0.06587454272843472,0.3894015387430039,0.16897814821103455,high,0.9988737409317534,0.0008513273280456035,0.0011262590682464962,0.00045529661171703743,0.00039603071632856674
29939161,middle,Social World Outside Couple,"Community, Norms & Social Events",0.004129681482193149,0.04885180993529718,0.08443966347282408,high,0.9988737409317534,0.0008513273280456035,0.0011262590682464962,0.00045529661171703743,0.00039603071632856674
29939161,middle,Social World Outside Couple,Family & Kinship,0.04376480299726383,0.517713011789625,0.08443966347282408,high,0.9988737409317534,0.0008513273280456035,0.0011262590682464962,0.00045529661171703743,0.00039603071632856674
29939161,middle,Social World Outside Couple,Friends & Social Circles,0.03664038715913312,0.43343517827507777,0.08443966347282408,high,0.9988737409317534,0.0008513273280456035,0.0011262590682464962,0.00045529661171703743,0.00039603071632856674
29939161,middle,"Spaces, Time, Activities & Objects",Domestic Spaces & Routines,0.04312003391848837,0.7098632783559929,0.06067572573836457,high,0.9988737409317534,0.0008513273280456035,0.0011262590682464962,0.00045529661171703743,0.00039603071632856674
29939161,middle,"Spaces, Time, Activities & Objects",Public & Leisure Spaces,0.015782759195229507,0.2598235707561699,0.06067572573836457,high,0.9988737409317534,0.0008513273280456035,0.0011262590682464962,0.00045529661171703743,0.00039603071632856674
29939161,middle,"Spaces, Time, Activities & Objects","Time, Seasons & Temporal Framing",0.0018413462624619502,0.030313150887837165,0.06067572573836457,high,0.9988737409317534,0.0008513273280456035,0.0011262590682464962,0.00045529661171703743,0.00039603071632856674
29939161,middle,"Work, Wealth, Status & Institutions",Hero's Elite Work & Business World,0.06420562853010166,0.8034154235168927,0.07982584660622798,high,0.9988737409317534,0.0008513273280456035,0.0011262590682464962,0.00045529661171703743,0.00039603071632856674
29939161,middle,"Work, Wealth, Status & Institutions",Heroine's Work & Professional Identity,0.006248353356810026,0.0781866570481617,0.07982584660622798,high,0.9988737409317534,0.0008513273280456035,0.0011262590682464962,0.00045529661171703743,0.00039603071632856674
29939161,middle,"Work, Wealth, Status & Institutions","Law, Medicine, Education & Formal Institutions",0.004696300466346292,0.05876556798074557,0.07982584660622798,high,0.9988737409317534,0.0008513273280456035,0.0011262590682464962,0.00045529661171703743,0.00039603071632856674
29939161,middle,"Work, Wealth, Status & Institutions","Money, Housing & Economic Security",0.0016036332815624118,0.020066522851158036,0.07982584660622798,high,0.9988737409317534,0.0008513273280456035,0.0011262590682464962,0.00045529661171703743,0.00039603071632856674
29939161,middle,"Work, Wealth, Status & Institutions",Shared Workplaces & Professional Interaction,0.0031619369250497887,0.03956582860304187,0.07982584660622798,high,0.9988737409317534,0.0008513273280456035,0.0011262590682464962,0.00045529661171703743,0.00039603071632856674
30291077,middle,"Conflict, Risk & Harm",Interpersonal Non-Romantic Conflict,0.0022022471795763846,0.10680497907178185,0.020571362892347272,high,0.9976736506107412,0.0014652202381321144,0.0023263493892587716,0.0014109700589451646,5.4250179187050835e-05
30291077,middle,"Conflict, Risk & Harm","Violence, Threats & Coercion",0.018417083480057852,0.8931950209282181,0.020571362892347272,high,0.9976736506107412,0.0014652202381321144,0.0023263493892587716,0.0014109700589451646,5.4250179187050835e-05
30291077,middle,Embodied & Sensory Experience,Body Parts & Physical Reactions,0.004298151841022746,0.3028789365411764,0.014157976408271846,high,0.9976736506107412,0.0014652202381321144,0.0023263493892587716,0.0014109700589451646,5.4250179187050835e-05
30291077,middle,Embodied & Sensory Experience,Exercise & Physical Activity,0.009892837767257301,0.6971210634588236,0.014157976408271846,high,0.9976736506107412,0.0014652202381321144,0.0023263493892587716,0.0014109700589451646,5.4250179187050835e-05
30291077,middle,"Emotions, Cognition & Inner Life",Ambivalence & Internal Conflict,0.0063789660272834964,0.030426488219540766,0.20916401122738174,high,0.9976736506107412,0.0014652202381321144,0.0023263493892587716,0.0014109700589451646,5.4250179187050835e-05
30291077,middle,"Emotions, Cognition & Inner Life","Beliefs, Values & Moral Reflection",0.0215923141054631,0.10299134498483499,0.20916401122738174,high,0.9976736506107412,0.0014652202381321144,0.0023263493892587716,0.0014109700589451646,5.4250179187050835e-05
30291077,middle,"Emotions, Cognition & Inner Life",Negative Emotions & Distress,0.1427100652612243,0.6807006183931129,0.20916401122738174,high,0.9976736506107412,0.0014652202381321144,0.0023263493892587716,0.0014109700589451646,5.4250179187050835e-05
30291077,middle,"Emotions, Cognition & Inner Life",Positive Emotions & Security,0.03897038901771652,0.18588154840251128,0.20916401122738174,high,0.9976736506107412,0.0014652202381321144,0.0023263493892587716,0.0014109700589451646,5.4250179187050835e-05
30291077,middle,Relationship Trajectory (Main Couple),"Bonding, Everyday Intimacy & Growth",0.1646319376076,0.4561704660970746,0.36006045635830647,high,0.9976736506107412,0.0014652202381321144,0.0023263493892587716,0.0014109700589451646,5.4250179187050835e-05
30291077,middle,Relationship Trajectory (Main Couple),"Conflict, Distance & Breakup Threats",0.10576409827108571,0.2930564913817229,0.36006045635830647,medium,0.9976736506107412,0.0014652202381321144,0.0023263493892587716,0.0014109700589451646,5.4250179187050835e-05
30291077,middle,Relationship Trajectory (Main Couple),"Meeting, First Impressions & Setup",0.00018921492036287057,0.0005242862330891193,0.36006045635830647,high,0.9976736506107412,0.0014652202381321144,0.0023263493892587716,0.0014109700589451646,5.4250179187050835e-05
30291077,middle,Relationship Trajectory (Main Couple),"Reconciliation, Commitments & HEA",0.0086770553155572,0.024042821977119835,0.36006045635830647,high,0.9976736506107412,0.0014652202381321144,0.0023263493892587716,0.0014109700589451646,5.4250179187050835e-05
30291077,middle,Relationship Trajectory (Main Couple),"Secrets, Misunderstandings & Hidden Information",0.081637729821885,0.2262059343109934,0.36006045635830647,medium,0.9976736506107412,0.0014652202381321144,0.0023263493892587716,0.0014109700589451646,5.4250179187050835e-05
30291077,middle,"Sexuality, Attraction & Intimacy",Attraction & Sexual Tension,0.03030189797504992,0.1526067865206173,0.19810000500284433,high,0.9976736506107412,0.0014652202381321144,0.0023263493892587716,0.0014109700589451646,5.4250179187050835e-05
30291077,middle,"Sexuality, Attraction & Intimacy",Explicit Sexual Acts,0.11933316170063392,0.6009871179512788,0.19810000500284433,high,0.9976736506107412,0.0014652202381321144,0.0023263493892587716,0.0014109700589451646,5.4250179187050835e-05
30291077,middle,"Sexuality, Attraction & Intimacy",Kissing & Non-Explicit Affection,0.048926869750410946,0.24640609552810397,0.19810000500284433,high,0.9976736506107412,0.0014652202381321144,0.0023263493892587716,0.0014109700589451646,5.4250179187050835e-05
30291077,middle,Social World Outside Couple,"Community, Norms & Social Events",0.004330290590946991,0.0731458415855734,0.059063054418769675,high,0.9976736506107412,0.0014652202381321144,0.0023263493892587716,0.0014109700589451646,5.4250179187050835e-05
30291077,middle,Social World Outside Couple,Family & Kinship,0.03798381910146338,0.6416101544361065,0.059063054418769675,high,0.9976736506107412,0.0014652202381321144,0.0023263493892587716,0.0014109700589451646,5.4250179187050835e-05
30291077,middle,Social World Outside Couple,Friends & Social Circles,0.01688666641570205,0.28524400397831995,0.059063054418769675,high,0.9976736506107412,0.0014652202381321144,0.0023263493892587716,0.0014109700589451646,5.4250179187050835e-05
30291077,middle,"Spaces, Time, Activities & Objects",Domestic Spaces & Routines,0.045208086220903984,0.5244325395654682,0.08600327594947786,high,0.9976736506107412,0.0014652202381321144,0.0023263493892587716,0.0014109700589451646,5.4250179187050835e-05
30291077,middle,"Spaces, Time, Activities & Objects",Public & Leisure Spaces,0.03851712684337811,0.4468146372871196,0.08600327594947786,high,0.9976736506107412,0.0014652202381321144,0.0023263493892587716,0.0014109700589451646,5.4250179187050835e-05
30291077,middle,"Spaces, Time, Activities & Objects","Time, Seasons & Temporal Framing",0.002478603080235348,0.028752823147412218,0.08600327594947786,high,0.9976736506107412,0.0014652202381321144,0.0023263493892587716,0.0014109700589451646,5.4250179187050835e-05
30291077,middle,"Work, Wealth, Status & Institutions",Hero's Elite Work & Business World,0.03502439391041546,0.6919490740344432,0.050499258174154946,high,0.9976736506107412,0.0014652202381321144,0.0023263493892587716,0.0014109700589451646,5.4250179187050835e-05
30291077,middle,"Work, Wealth, Status & Institutions",Heroine's Work & Professional Identity,0.008128203441300252,0.16058244602767402,0.050499258174154946,high,0.9976736506107412,0.0014652202381321144,0.0023263493892587716,0.0014109700589451646,5.4250179187050835e-05
30291077,middle,"Work, Wealth, Status & Institutions","Law, Medicine, Education & Formal Institutions",0.0037809380597477998,0.07469698393970127,0.050499258174154946,high,0.9976736506107412,0.0014652202381321144,0.0023263493892587716,0.0014109700589451646,5.4250179187050835e-05
30291077,middle,"Work, Wealth, Status & Institutions","Money, Housing & Economic Security",0.0010959156295678525,0.02165113283727211,0.050499258174154946,high,0.9976736506107412,0.0014652202381321144,0.0023263493892587716,0.0014109700589451646,5.4250179187050835e-05
30291077,middle,"Work, Wealth, Status & Institutions",Shared Workplaces & Professional Interaction,0.002587559985811985,0.05112036316090935,0.050499258174154946,high,0.9976736506107412,0.0014652202381321144,0.0023263493892587716,0.0014109700589451646,5.4250179187050835e-05
30618705,trash,"Conflict, Risk & Harm",Interpersonal Non-Romantic Conflict,0.0026862347963562973,0.07405347420105388,0.0362096289628739,high,0.9982183344021627,0.0007038053035900438,0.0017816655978372374,0.0006577060790230386,4.609922456696857e-05
30618705,trash,"Conflict, Risk & Harm","Violence, Threats & Coercion",0.03358802276329873,0.9259465257989461,0.0362096289628739,high,0.9982183344021627,0.0007038053035900438,0.0017816655978372374,0.0006577060790230386,4.609922456696857e-05
30618705,trash,Embodied & Sensory Experience,Body Parts & Physical Reactions,0.004357037285725737,0.29908959461105505,0.014541711181698547,high,0.9982183344021627,0.0007038053035900438,0.0017816655978372374,0.0006577060790230386,4.609922456696857e-05
30618705,trash,Embodied & Sensory Experience,Exercise & Physical Activity,0.010210628605131339,0.7009104053889449,0.014541711181698547,high,0.9982183344021627,0.0007038053035900438,0.0017816655978372374,0.0006577060790230386,4.609922456696857e-05
30618705,trash,"Emotions, Cognition & Inner Life",Ambivalence & Internal Conflict,0.004994689768123007,0.026427710566296825,0.18865769279120362,high,0.9982183344021627,0.0007038053035900438,0.0017816655978372374,0.0006577060790230386,4.609922456696857e-05
30618705,trash,"Emotions, Cognition & Inner Life","Beliefs, Values & Moral Reflection",0.023108528302662665,0.12227095694581028,0.18865769279120362,high,0.9982183344021627,0.0007038053035900438,0.0017816655978372374,0.0006577060790230386,4.609922456696857e-05
30618705,trash,"Emotions, Cognition & Inner Life",Negative Emotions & Distress,0.1185220477396936,0.6271193044621339,0.18865769279120362,high,0.9982183344021627,0.0007038053035900438,0.0017816655978372374,0.0006577060790230386,4.609922456696857e-05
30618705,trash,"Emotions, Cognition & Inner Life",Positive Emotions & Security,0.04236915183282271,0.2241820280257589,0.18865769279120362,high,0.9982183344021627,0.0007038053035900438,0.0017816655978372374,0.0006577060790230386,4.609922456696857e-05
30618705,trash,Relationship Trajectory (Main Couple),"Bonding, Everyday Intimacy & Growth",0.15095672188981116,0.42168114551808605,0.3573500240484306,high,0.9982183344021627,0.0007038053035900438,0.0017816655978372374,0.0006577060790230386,4.609922456696857e-05
30618705,trash,Relationship Trajectory (Main Couple),"Conflict, Distance & Breakup Threats",0.13882798004998959,0.38780082744624594,0.3573500240484306,medium,0.9982183344021627,0.0007038053035900438,0.0017816655978372374,0.0006577060790230386,4.609922456696857e-05
30618705,trash,Relationship Trajectory (Main Couple),"Meeting, First Impressions & Setup",0.00018308683001975792,0.0005114330998016825,0.3573500240484306,high,0.9982183344021627,0.0007038053035900438,0.0017816655978372374,0.0006577060790230386,4.609922456696857e-05
30618705,trash,Relationship Trajectory (Main Couple),"Reconciliation, Commitments & HEA",0.01947740515927504,0.05440800791420294,0.3573500240484306,high,0.9982183344021627,0.0007038053035900438,0.0017816655978372374,0.0006577060790230386,4.609922456696857e-05
30618705,trash,Relationship Trajectory (Main Couple),"Secrets, Misunderstandings & Hidden Information",0.04854264473592863,0.1355985860216634,0.3573500240484306,medium,0.9982183344021627,0.0007038053035900438,0.0017816655978372374,0.0006577060790230386,4.609922456696857e-05
30618705,trash,"Sexuality, Attraction & Intimacy",Attraction & Sexual Tension,0.03177081592161237,0.16573985598276764,0.1913493333502535,high,0.9982183344021627,0.0007038053035900438,0.0017816655978372374,0.0006577060790230386,4.609922456696857e-05
30618705,trash,"Sexuality, Attraction & Intimacy",Explicit Sexual Acts,0.11355615504571762,0.5923921132422373,0.1913493333502535,high,0.9982183344021627,0.0007038053035900438,0.0017816655978372374,0.0006577060790230386,4.609922456696857e-05
30618705,trash,"Sexuality, Attraction & Intimacy",Kissing & Non-Explicit Affection,0.046363891397819254,0.24186803077499502,0.1913493333502535,high,0.9982183344021627,0.0007038053035900438,0.0017816655978372374,0.0006577060790230386,4.609922456696857e-05
30618705,trash,Social World Outside Couple,"Community, Norms & Social Events",0.003948660421650562,0.06349102202788444,0.062081615688729254,high,0.9982183344021627,0.0007038053035900438,0.0017816655978372374,0.0006577060790230386,4.609922456696857e-05
30618705,trash,Social World Outside Couple,Family & Kinship,0.036099057382961,0.5804414162637431,0.062081615688729254,high,0.9982183344021627,0.0007038053035900438,0.0017816655978372374,0.0006577060790230386,4.609922456696857e-05
30618705,trash,Social World Outside Couple,Friends & Social Circles,0.022144703982461905,0.3560675617083724,0.062081615688729254,high,0.9982183344021627,0.0007038053035900438,0.0017816655978372374,0.0006577060790230386,4.609922456696857e-05
30618705,trash,"Spaces, Time, Activities & Objects",Domestic Spaces & Routines,0.03935284224130395,0.43848361496724864,0.08958767738456913,high,0.9982183344021627,0.0007038053035900438,0.0017816655978372374,0.0006577060790230386,4.609922456696857e-05
30618705,trash,"Spaces, Time, Activities & Objects",Public & Leisure Spaces,0.04841046286427169,0.5394069030339049,0.08958767738456913,high,0.9982183344021627,0.0007038053035900438,0.0017816655978372374,0.0006577060790230386,4.609922456696857e-05
30618705,trash,"Spaces, Time, Activities & Objects","Time, Seasons & Temporal Framing",0.0019842724504142424,0.022109481998846544,0.08958767738456913,high,0.9982183344021627,0.0007038053035900438,0.0017816655978372374,0.0006577060790230386,4.609922456696857e-05
30618705,trash,"Work, Wealth, Status & Institutions",Hero's Elite Work & Business World,0.044731955284917996,0.7646647939872933,0.058394551769837155,high,0.9982183344021627,0.0007038053035900438,0.0017816655978372374,0.0006577060790230386,4.609922456696857e-05
30618705,trash,"Work, Wealth, Status & Institutions",Heroine's Work & Professional Identity,0.00540348723297088,0.09236923415252006,0.058394551769837155,high,0.9982183344021627,0.0007038053035900438,0.0017816655978372374,0.0006577060790230386,4.609922456696857e-05
30618705,trash,"Work, Wealth, Status & Institutions","Law, Medicine, Education & Formal Institutions",0.0038661847913781596,0.06609001055701128,0.058394551769837155,high,0.9982183344021627,0.0007038053035900438,0.0017816655978372374,0.0006577060790230386,4.609922456696857e-05
30618705,trash,"Work, Wealth, Status & Institutions","Money, Housing & Economic Security",0.0021843700670968877,0.037340439887093874,0.058394551769837155,high,0.9982183344021627,0.0007038053035900438,0.0017816655978372374,0.0006577060790230386,4.609922456696857e-05
30618705,trash,"Work, Wealth, Status & Institutions",Shared Workplaces & Professional Interaction,0.0023127796520202586,0.039535521416081486,0.058394551769837155,high,0.9982183344021627,0.0007038053035900438,0.0017816655978372374,0.0006577060790230386,4.609922456696857e-05
30627346,middle,"Conflict, Risk & Harm",Interpersonal Non-Romantic Conflict,0.0022118824891468277,0.1331839410819338,0.016584435759026458,high,0.998597586375066,0.0016595463666397858,0.0014024136249340602,0.00046191622325824684,0.0011976301433815504
30627346,middle,"Conflict, Risk & Harm","Violence, Threats & Coercion",0.01439584417202844,0.8668160589180661,0.016584435759026458,high,0.998597586375066,0.0016595463666397858,0.0014024136249340602,0.00046191622325824684,0.0011976301433815504
30627346,middle,Embodied & Sensory Experience,Body Parts & Physical Reactions,0.003016140175254158,0.23414474828894205,0.012863454428031322,high,0.998597586375066,0.0016595463666397858,0.0014024136249340602,0.00046191622325824684,0.0011976301433815504
30627346,middle,Embodied & Sensory Experience,Exercise & Physical Activity,0.00986537947143954,0.7658552517110578,0.012863454428031322,high,0.998597586375066,0.0016595463666397858,0.0014024136249340602,0.00046191622325824684,0.0011976301433815504
30627346,middle,"Emotions, Cognition & Inner Life",Ambivalence & Internal Conflict,0.005788805947190544,0.02562914740861198,0.22555130510957466,high,0.998597586375066,0.0016595463666397858,0.0014024136249340602,0.00046191622325824684,0.0011976301433815504
30627346,middle,"Emotions, Cognition & Inner Life","Beliefs, Values & Moral Reflection",0.02252418058381939,0.09972273206378071,0.22555130510957466,high,0.998597586375066,0.0016595463666397858,0.0014024136249340602,0.00046191622325824684,0.0011976301433815504
30627346,middle,"Emotions, Cognition & Inner Life",Negative Emotions & Distress,0.1566377220497761,0.6934921130170616,0.22555130510957466,high,0.998597586375066,0.0016595463666397858,0.0014024136249340602,0.00046191622325824684,0.0011976301433815504
30627346,middle,"Emotions, Cognition & Inner Life",Positive Emotions & Security,0.04091735698137048,0.1811560075105458,0.22555130510957466,high,0.998597586375066,0.0016595463666397858,0.0014024136249340602,0.00046191622325824684,0.0011976301433815504
30627346,middle,Relationship Trajectory (Main Couple),"Bonding, Everyday Intimacy & Growth",0.1491855440993474,0.4581807188622491,0.3251475195848402,high,0.998597586375066,0.0016595463666397858,0.0014024136249340602,0.00046191622325824684,0.0011976301433815504
30627346,middle,Relationship Trajectory (Main Couple),"Conflict, Distance & Breakup Threats",0.11436940937579813,0.35125292145436005,0.3251475195848402,medium,0.998597586375066,0.0016595463666397858,0.0014024136249340602,0.00046191622325824684,0.0011976301433815504
30627346,middle,Relationship Trajectory (Main Couple),"Meeting, First Impressions & Setup",0.0002472449593983813,0.0007593421595645974,0.3251475195848402,high,0.998597586375066,0.0016595463666397858,0.0014024136249340602,0.00046191622325824684,0.0011976301433815504
30627346,middle,Relationship Trajectory (Main Couple),"Reconciliation, Commitments & HEA",0.009286462548380756,0.02852071299395463,0.3251475195848402,high,0.998597586375066,0.0016595463666397858,0.0014024136249340602,0.00046191622325824684,0.0011976301433815504
30627346,middle,Relationship Trajectory (Main Couple),"Secrets, Misunderstandings & Hidden Information",0.05251549030000974,0.16128630452987158,0.3251475195848402,medium,0.998597586375066,0.0016595463666397858,0.0014024136249340602,0.00046191622325824684,0.0011976301433815504
30627346,middle,"Sexuality, Attraction & Intimacy",Attraction & Sexual Tension,0.02739837325257596,0.16666190158100933,0.16416438994803303,high,0.998597586375066,0.0016595463666397858,0.0014024136249340602,0.00046191622325824684,0.0011976301433815504
30627346,middle,"Sexuality, Attraction & Intimacy",Explicit Sexual Acts,0.09442997575249748,0.5744092607279222,0.16416438994803303,high,0.998597586375066,0.0016595463666397858,0.0014024136249340602,0.00046191622325824684,0.0011976301433815504
30627346,middle,"Sexuality, Attraction & Intimacy",Kissing & Non-Explicit Affection,0.04256659064619673,0.25892883769106845,0.16416438994803303,high,0.998597586375066,0.0016595463666397858,0.0014024136249340602,0.00046191622325824684,0.0011976301433815504
30627346,middle,Social World Outside Couple,"Community, Norms & Social Events",0.008305959167977056,0.10343149361155485,0.08019134683311911,high,0.998597586375066,0.0016595463666397858,0.0014024136249340602,0.00046191622325824684,0.0011976301433815504
30627346,middle,Social World Outside Couple,Family & Kinship,0.046387572073556926,0.5776498255709819,0.08019134683311911,high,0.998597586375066,0.0016595463666397858,0.0014024136249340602,0.00046191622325824684,0.0011976301433815504
30627346,middle,Social World Outside Couple,Friends & Social Circles,0.02561043496793353,0.31891868081746333,0.08019134683311911,high,0.998597586375066,0.0016595463666397858,0.0014024136249340602,0.00046191622325824684,0.0011976301433815504
30627346,middle,"Spaces, Time, Activities & Objects",Domestic Spaces & Routines,0.04305743260600426,0.3712868119590554,0.11580548215271523,high,0.998597586375066,0.0016595463666397858,0.0014024136249340602,0.00046191622325824684,0.0011976301433815504
30627346,middle,"Spaces, Time, Activities & Objects",Public & Leisure Spaces,0.07077996629761513,0.6103398750613446,0.11580548215271523,high,0.998597586375066,0.0016595463666397858,0.0014024136249340602,0.00046191622325824684,0.0011976301433815504
30627346,middle,"Spaces, Time, Activities & Objects","Time, Seasons & Temporal Framing",0.0021307185170245002,0.01837331297960006,0.11580548215271523,high,0.998597586375066,0.0016595463666397858,0.0014024136249340602,0.00046191622325824684,0.0011976301433815504
30627346,middle,"Work, Wealth, Status & Institutions",Hero's Elite Work & Business World,0.04028217632620604,0.7045762674150471,0.05709202241634446,high,0.998597586375066,0.0016595463666397858,0.0014024136249340602,0.00046191622325824684,0.0011976301433815504
30627346,middle,"Work, Wealth, Status & Institutions",Heroine's Work & Professional Identity,0.0058184779243299865,0.10177110156022666,0.05709202241634446,high,0.998597586375066,0.0016595463666397858,0.0014024136249340602,0.00046191622325824684,0.0011976301433815504
30627346,middle,"Work, Wealth, Status & Institutions","Law, Medicine, Education & Formal Institutions",0.005691706945774314,0.09955374810434595,0.05709202241634446,high,0.998597586375066,0.0016595463666397858,0.0014024136249340602,0.00046191622325824684,0.0011976301433815504
30627346,middle,"Work, Wealth, Status & Institutions","Money, Housing & Economic Security",0.0026361024656126855,0.04610811542812986,0.05709202241634446,high,0.998597586375066,0.0016595463666397858,0.0014024136249340602,0.00046191622325824684,0.0011976301433815504
30627346,middle,"Work, Wealth, Status & Institutions",Shared Workplaces & Professional Interaction,0.0027437378287594404,0.047990767492250515,0.05709202241634446,high,0.998597586375066,0.0016595463666397858,0.0014024136249340602,0.00046191622325824684,0.0011976301433815504
306364,middle,"Conflict, Risk & Harm",Interpersonal Non-Romantic Conflict,0.002659932151075134,0.11228420900020138,0.023658437054449526,high,0.9986979892574271,0.000669930718619316,0.0013020107425728497,0.0006120341753021055,5.789654331727758e-05
306364,middle,"Conflict, Risk & Harm","Violence, Threats & Coercion",0.021029348601397938,0.8877157909997987,0.023658437054449526,high,0.9986979892574271,0.000669930718619316,0.0013020107425728497,0.0006120341753021055,5.789654331727758e-05
306364,middle,Embodied & Sensory Experience,Body Parts & Physical Reactions,0.010220001228565565,0.591149793515359,0.01726583480048476,high,0.9986979892574271,0.000669930718619316,0.0013020107425728497,0.0006120341753021055,5.789654331727758e-05
306364,middle,Embodied & Sensory Experience,Exercise & Physical Activity,0.007068343182063131,0.408850206484641,0.01726583480048476,high,0.9986979892574271,0.000669930718619316,0.0013020107425728497,0.0006120341753021055,5.789654331727758e-05
306364,middle,"Emotions, Cognition & Inner Life",Ambivalence & Internal Conflict,0.010013554244788487,0.05485938688409672,0.1822936248033334,high,0.9986979892574271,0.000669930718619316,0.0013020107425728497,0.0006120341753021055,5.789654331727758e-05
306364,middle,"Emotions, Cognition & Inner Life","Beliefs, Values & Moral Reflection",0.02736408836192612,0.1499145132168026,0.1822936248033334,high,0.9986979892574271,0.000669930718619316,0.0013020107425728497,0.0006120341753021055,5.789654331727758e-05
306364,middle,"Emotions, Cognition & Inner Life",Negative Emotions & Distress,0.09638999860226823,0.528073858273793,0.1822936248033334,high,0.9986979892574271,0.000669930718619316,0.0013020107425728497,0.0006120341753021055,5.789654331727758e-05
306364,middle,"Emotions, Cognition & Inner Life",Positive Emotions & Security,0.048763641285013336,0.26715224162530754,0.1822936248033334,high,0.9986979892574271,0.000669930718619316,0.0013020107425728497,0.0006120341753021055,5.789654331727758e-05
306364,middle,Relationship Trajectory (Main Couple),"Bonding, Everyday Intimacy & Growth",0.18136807853829415,0.4806840140127159,0.3768212174139119,high,0.9986979892574271,0.000669930718619316,0.0013020107425728497,0.0006120341753021055,5.789654331727758e-05
306364,middle,Relationship Trajectory (Main Couple),"Conflict, Distance & Breakup Threats",0.11487261357885441,0.3044495450369824,0.3768212174139119,medium,0.9986979892574271,0.000669930718619316,0.0013020107425728497,0.0006120341753021055,5.789654331727758e-05
306364,middle,Relationship Trajectory (Main Couple),"Meeting, First Impressions & Setup",0.0002458945064763316,0.0006516998986222515,0.3768212174139119,high,0.9986979892574271,0.000669930718619316,0.0013020107425728497,0.0006120341753021055,5.789654331727758e-05
306364,middle,Relationship Trajectory (Main Couple),"Reconciliation, Commitments & HEA",0.010229129748641519,0.027110499196228266,0.3768212174139119,high,0.9986979892574271,0.000669930718619316,0.0013020107425728497,0.0006120341753021055,5.789654331727758e-05
306364,middle,Relationship Trajectory (Main Couple),"Secrets, Misunderstandings & Hidden Information",0.07059676594693191,0.18710424185545113,0.3768212174139119,medium,0.9986979892574271,0.000669930718619316,0.0013020107425728497,0.0006120341753021055,5.789654331727758e-05
306364,middle,"Sexuality, Attraction & Intimacy",Attraction & Sexual Tension,0.052393102711116704,0.31167173009263816,0.16788460831207752,high,0.9986979892574271,0.000669930718619316,0.0013020107425728497,0.0006120341753021055,5.789654331727758e-05
306364,middle,"Sexuality, Attraction & Intimacy",Explicit Sexual Acts,0.054617621903032286,0.3249047647726305,0.16788460831207752,high,0.9986979892574271,0.000669930718619316,0.0013020107425728497,0.0006120341753021055,5.789654331727758e-05
306364,middle,"Sexuality, Attraction & Intimacy",Kissing & Non-Explicit Affection,0.06109275623585912,0.36342350513473126,0.16788460831207752,high,0.9986979892574271,0.000669930718619316,0.0013020107425728497,0.0006120341753021055,5.789654331727758e-05
306364,middle,Social World Outside Couple,"Community, Norms & Social Events",0.018444050504510794,0.17474356219870651,0.1054118155819174,high,0.9986979892574271,0.000669930718619316,0.0013020107425728497,0.0006120341753021055,5.789654331727758e-05
306364,middle,Social World Outside Couple,Family & Kinship,0.06646530787350756,0.6297090033238609,0.1054118155819174,high,0.9986979892574271,0.000669930718619316,0.0013020107425728497,0.0006120341753021055,5.789654331727758e-05
306364,middle,Social World Outside Couple,Friends & Social Circles,0.020639883450630375,0.1955474344774326,0.1054118155819174,high,0.9986979892574271,0.000669930718619316,0.0013020107425728497,0.0006120341753021055,5.789654331727758e-05
306364,middle,"Spaces, Time, Activities & Objects",Domestic Spaces & Routines,0.04166446252516216,0.6538202507399503,0.0636416735337873,high,0.9986979892574271,0.000669930718619316,0.0013020107425728497,0.0006120341753021055,5.789654331727758e-05
306364,middle,"Spaces, Time, Activities & Objects",Public & Leisure Spaces,0.019651903553137152,0.3083878137362207,0.0636416735337873,high,0.9986979892574271,0.000669930718619316,0.0013020107425728497,0.0006120341753021055,5.789654331727758e-05
306364,middle,"Spaces, Time, Activities & Objects","Time, Seasons & Temporal Framing",0.002408277626157816,0.03779193552382895,0.0636416735337873,high,0.9986979892574271,0.000669930718619316,0.0013020107425728497,0.0006120341753021055,5.789654331727758e-05
306364,middle,"Work, Wealth, Status & Institutions",Hero's Elite Work & Business World,0.047266146243408566,0.7655270769671546,0.061662881214148056,high,0.9986979892574271,0.000669930718619316,0.0013020107425728497,0.0006120341753021055,5.789654331727758e-05
306364,middle,"Work, Wealth, Status & Institutions",Heroine's Work & Professional Identity,0.004122036398943523,0.06676090027279305,0.061662881214148056,high,0.9986979892574271,0.000669930718619316,0.0013020107425728497,0.0006120341753021055,5.789654331727758e-05
306364,middle,"Work, Wealth, Status & Institutions","Law, Medicine, Education & Formal Institutions",0.004244595366165845,0.0687458771619741,0.061662881214148056,high,0.9986979892574271,0.000669930718619316,0.0013020107425728497,0.0006120341753021055,5.789654331727758e-05
306364,middle,"Work, Wealth, Status & Institutions","Money, Housing & Economic Security",0.0018797952721610737,0.030445346074619357,0.061662881214148056,high,0.9986979892574271,0.000669930718619316,0.0013020107425728497,0.0006120341753021055,5.789654331727758e-05
306364,middle,"Work, Wealth, Status & Institutions",Shared Workplaces & Professional Interaction,0.004230698336396068,0.06852079952345884,0.061662881214148056,high,0.9986979892574271,0.000669930718619316,0.0013020107425728497,0.0006120341753021055,5.789654331727758e-05
31276376,top,"Conflict, Risk & Harm",Interpersonal Non-Romantic Conflict,0.002563956612653394,0.10874298775001498,0.023529800287292905,high,0.9979501102998135,0.0012554586953344993,0.0020498897001865754,0.0011945706376863846,6.088805764816268e-05
31276376,top,"Conflict, Risk & Harm","Violence, Threats & Coercion",0.021014176246336783,0.891257012249985,0.023529800287292905,high,0.9979501102998135,0.0012554586953344993,0.0020498897001865754,0.0011945706376863846,6.088805764816268e-05
31276376,top,Embodied & Sensory Experience,Body Parts & Physical Reactions,0.007000775706247665,0.36331348851612594,0.019229742657693852,high,0.9979501102998135,0.0012554586953344993,0.0020498897001865754,0.0011945706376863846,6.088805764816268e-05
31276376,top,Embodied & Sensory Experience,Exercise & Physical Activity,0.012268466773135067,0.6366865114838739,0.019229742657693852,high,0.9979501102998135,0.0012554586953344993,0.0020498897001865754,0.0011945706376863846,6.088805764816268e-05
31276376,top,"Emotions, Cognition & Inner Life",Ambivalence & Internal Conflict,0.009269953032781332,0.04688307314118438,0.1973196301291891,high,0.9979501102998135,0.0012554586953344993,0.0020498897001865754,0.0011945706376863846,6.088805764816268e-05
31276376,top,"Emotions, Cognition & Inner Life","Beliefs, Values & Moral Reflection",0.025745932871066354,0.13021084892380164,0.1973196301291891,high,0.9979501102998135,0.0012554586953344993,0.0020498897001865754,0.0011945706376863846,6.088805764816268e-05
31276376,top,"Emotions, Cognition & Inner Life",Negative Emotions & Distress,0.11004284098298989,0.5565450595299618,0.1973196301291891,high,0.9979501102998135,0.0012554586953344993,0.0020498897001865754,0.0011945706376863846,6.088805764816268e-05
31276376,top,"Emotions, Cognition & Inner Life",Positive Emotions & Security,0.05266621756946245,0.26636101840505216,0.1973196301291891,high,0.9979501102998135,0.0012554586953344993,0.0020498897001865754,0.0011945706376863846,6.088805764816268e-05
31276376,top,Relationship Trajectory (Main Couple),"Bonding, Everyday Intimacy & Growth",0.16557596972731198,0.45962559316556006,0.35950251619876683,high,0.9979501102998135,0.0012554586953344993,0.0020498897001865754,0.0011945706376863846,6.088805764816268e-05
31276376,top,Relationship Trajectory (Main Couple),"Conflict, Distance & Breakup Threats",0.13105383212092048,0.3637949119331768,0.35950251619876683,medium,0.9979501102998135,0.0012554586953344993,0.0020498897001865754,0.0011945706376863846,6.088805764816268e-05
31276376,top,Relationship Trajectory (Main Couple),"Meeting, First Impressions & Setup",0.0002550851174305894,0.0007080957979580638,0.35950251619876683,high,0.9979501102998135,0.0012554586953344993,0.0020498897001865754,0.0011945706376863846,6.088805764816268e-05
31276376,top,Relationship Trajectory (Main Couple),"Reconciliation, Commitments & HEA",0.009360049388667439,0.025982745318722234,0.35950251619876683,high,0.9979501102998135,0.0012554586953344993,0.0020498897001865754,0.0011945706376863846,6.088805764816268e-05
31276376,top,Relationship Trajectory (Main Couple),"Secrets, Misunderstandings & Hidden Information",0.05399603409935455,0.1498886537845829,0.35950251619876683,medium,0.9979501102998135,0.0012554586953344993,0.0020498897001865754,0.0011945706376863846,6.088805764816268e-05
31276376,top,"Sexuality, Attraction & Intimacy",Attraction & Sexual Tension,0.03339394519079083,0.20347084545616356,0.16378509270840666,high,0.9979501102998135,0.0012554586953344993,0.0020498897001865754,0.0011945706376863846,6.088805764816268e-05
31276376,top,"Sexuality, Attraction & Intimacy",Explicit Sexual Acts,0.07697376250962218,0.4690046787312185,0.16378509270840666,high,0.9979501102998135,0.0012554586953344993,0.0020498897001865754,0.0011945706376863846,6.088805764816268e-05
31276376,top,"Sexuality, Attraction & Intimacy",Kissing & Non-Explicit Affection,0.053753816029065635,0.327524475812618,0.16378509270840666,high,0.9979501102998135,0.0012554586953344993,0.0020498897001865754,0.0011945706376863846,6.088805764816268e-05
31276376,top,Social World Outside Couple,"Community, Norms & Social Events",0.009749752806585639,0.09734743610607699,0.0999488767030883,high,0.9979501102998135,0.0012554586953344993,0.0020498897001865754,0.0011945706376863846,6.088805764816268e-05
31276376,top,Social World Outside Couple,Family & Kinship,0.07206459485461761,0.7195365546479912,0.0999488767030883,high,0.9979501102998135,0.0012554586953344993,0.0020498897001865754,0.0011945706376863846,6.088805764816268e-05
31276376,top,Social World Outside Couple,Friends & Social Circles,0.0183398340674412,0.18311600924593188,0.0999488767030883,high,0.9979501102998135,0.0012554586953344993,0.0020498897001865754,0.0011945706376863846,6.088805764816268e-05
31276376,top,"Spaces, Time, Activities & Objects",Domestic Spaces & Routines,0.03805132257464801,0.5376098536721807,0.07063360409234393,high,0.9979501102998135,0.0012554586953344993,0.0020498897001865754,0.0011945706376863846,6.088805764816268e-05
31276376,top,"Spaces, Time, Activities & Objects",Public & Leisure Spaces,0.029395794936219497,0.41531983502638037,0.07063360409234393,high,0.9979501102998135,0.0012554586953344993,0.0020498897001865754,0.0011945706376863846,6.088805764816268e-05
31276376,top,"Spaces, Time, Activities & Objects","Time, Seasons & Temporal Framing",0.0033315750944407103,0.04707031130143891,0.07063360409234393,high,0.9979501102998135,0.0012554586953344993,0.0020498897001865754,0.0011945706376863846,6.088805764816268e-05
31276376,top,"Work, Wealth, Status & Institutions",Hero's Elite Work & Business World,0.048592051106686705,0.7584059040241549,0.06393995946538374,high,0.9979501102998135,0.0012554586953344993,0.0020498897001865754,0.0011945706376863846,6.088805764816268e-05
31276376,top,"Work, Wealth, Status & Institutions",Heroine's Work & Professional Identity,0.004154982660580867,0.06484935929096626,0.06393995946538374,high,0.9979501102998135,0.0012554586953344993,0.0020498897001865754,0.0011945706376863846,6.088805764816268e-05
31276376,top,"Work, Wealth, Status & Institutions","Law, Medicine, Education & Formal Institutions",0.005571604048288244,0.0869594369628331,0.06393995946538374,high,0.9979501102998135,0.0012554586953344993,0.0020498897001865754,0.0011945706376863846,6.088805764816268e-05
31276376,top,"Work, Wealth, Status & Institutions","Money, Housing & Economic Security",0.0026658995895204323,0.04160832774456899,0.06393995946538374,high,0.9979501102998135,0.0012554586953344993,0.0020498897001865754,0.0011945706376863846,6.088805764816268e-05
31276376,top,"Work, Wealth, Status & Institutions",Shared Workplaces & Professional Interaction,0.003086761155303988,0.04817697197747679,0.06393995946538374,high,0.9979501102998135,0.0012554586953344993,0.0020498897001865754,0.0011945706376863846,6.088805764816268e-05
31424202,trash,"Conflict, Risk & Harm",Interpersonal Non-Romantic Conflict,0.002726090867152499,0.15414235367063212,0.017639025735752243,high,0.9973698881892795,0.0022053023032646557,0.0026301118107206365,0.001967682312771715,0.00023761999049281017
31424202,trash,"Conflict, Risk & Harm","Violence, Threats & Coercion",0.014959449818034832,0.8458576463293679,0.017639025735752243,high,0.9973698881892795,0.0022053023032646557,0.0026301118107206365,0.001967682312771715,0.00023761999049281017
31424202,trash,Embodied & Sensory Experience,Body Parts & Physical Reactions,0.012367315020538842,0.5527015306963068,0.022317266940977635,high,0.9973698881892795,0.0022053023032646557,0.0026301118107206365,0.001967682312771715,0.00023761999049281017
31424202,trash,Embodied & Sensory Experience,Exercise & Physical Activity,0.010008803614338466,0.4472984693036932,0.022317266940977635,high,0.9973698881892795,0.0022053023032646557,0.0026301118107206365,0.001967682312771715,0.00023761999049281017
31424202,trash,"Emotions, Cognition & Inner Life",Ambivalence & Internal Conflict,0.010387916450114457,0.05694320903635374,0.18194610461373562,high,0.9973698881892795,0.0022053023032646557,0.0026301118107206365,0.001967682312771715,0.00023761999049281017
31424202,trash,"Emotions, Cognition & Inner Life","Beliefs, Values & Moral Reflection",0.023238870803026734,0.1273879978011364,0.18194610461373562,high,0.9973698881892795,0.0022053023032646557,0.0026301118107206365,0.001967682312771715,0.00023761999049281017
31424202,trash,"Emotions, Cognition & Inner Life",Negative Emotions & Distress,0.1044680691303701,0.5726602756849641,0.18194610461373562,high,0.9973698881892795,0.0022053023032646557,0.0026301118107206365,0.001967682312771715,0.00023761999049281017
31424202,trash,"Emotions, Cognition & Inner Life",Positive Emotions & Security,0.044331048757918184,0.24300851747754584,0.18194610461373562,high,0.9973698881892795,0.0022053023032646557,0.0026301118107206365,0.001967682312771715,0.00023761999049281017
31424202,trash,Relationship Trajectory (Main Couple),"Bonding, Everyday Intimacy & Growth",0.16226394356925758,0.4795648032565127,0.3374667410032122,high,0.9973698881892795,0.0022053023032646557,0.0026301118107206365,0.001967682312771715,0.00023761999049281017
31424202,trash,Relationship Trajectory (Main Couple),"Conflict, Distance & Breakup Threats",0.11620887540264481,0.3434508322876017,0.3374667410032122,medium,0.9973698881892795,0.0022053023032646557,0.0026301118107206365,0.001967682312771715,0.00023761999049281017
31424202,trash,Relationship Trajectory (Main Couple),"Meeting, First Impressions & Setup",0.00018050180219537362,0.0005334660883569845,0.3374667410032122,high,0.9973698881892795,0.0022053023032646557,0.0026301118107206365,0.001967682312771715,0.00023761999049281017
31424202,trash,Relationship Trajectory (Main Couple),"Reconciliation, Commitments & HEA",0.00824444251648507,0.024366130678256635,0.3374667410032122,high,0.9973698881892795,0.0022053023032646557,0.0026301118107206365,0.001967682312771715,0.00023761999049281017
31424202,trash,Relationship Trajectory (Main Couple),"Secrets, Misunderstandings & Hidden Information",0.05145889355202702,0.15208476768927193,0.3374667410032122,medium,0.9973698881892795,0.0022053023032646557,0.0026301118107206365,0.001967682312771715,0.00023761999049281017
31424202,trash,"Sexuality, Attraction & Intimacy",Attraction & Sexual Tension,0.042577407205679506,0.19013407582265351,0.22334462499887384,high,0.9973698881892795,0.0022053023032646557,0.0026301118107206365,0.001967682312771715,0.00023761999049281017
31424202,trash,"Sexuality, Attraction & Intimacy",Explicit Sexual Acts,0.10955982733414481,0.48925141018658386,0.22334462499887384,high,0.9973698881892795,0.0022053023032646557,0.0026301118107206365,0.001967682312771715,0.00023761999049281017
31424202,trash,"Sexuality, Attraction & Intimacy",Kissing & Non-Explicit Affection,0.07179636085310957,0.3206145139907626,0.22334462499887384,high,0.9973698881892795,0.0022053023032646557,0.0026301118107206365,0.001967682312771715,0.00023761999049281017
31424202,trash,Social World Outside Couple,"Community, Norms & Social Events",0.003673871986486171,0.05663003250359901,0.06470434732931801,high,0.9973698881892795,0.0022053023032646557,0.0026301118107206365,0.001967682312771715,0.00023761999049281017
31424202,trash,Social World Outside Couple,Family & Kinship,0.035440338804242195,0.5462867366650831,0.06470434732931801,high,0.9973698881892795,0.0022053023032646557,0.0026301118107206365,0.001967682312771715,0.00023761999049281017
31424202,trash,Social World Outside Couple,Friends & Social Circles,0.025760764978580705,0.3970832308313178,0.06470434732931801,high,0.9973698881892795,0.0022053023032646557,0.0026301118107206365,0.001967682312771715,0.00023761999049281017
31424202,trash,"Spaces, Time, Activities & Objects",Domestic Spaces & Routines,0.05400855172332712,0.6588136900557117,0.08176287774014615,high,0.9973698881892795,0.0022053023032646557,0.0026301118107206365,0.001967682312771715,0.00023761999049281017
31424202,trash,"Spaces, Time, Activities & Objects",Public & Leisure Spaces,0.025162915913127682,0.3069453439561329,0.08176287774014615,high,0.9973698881892795,0.0022053023032646557,0.0026301118107206365,0.001967682312771715,0.00023761999049281017
31424202,trash,"Spaces, Time, Activities & Objects","Time, Seasons & Temporal Framing",0.00280702269934857,0.0342409659881554,0.08176287774014615,high,0.9973698881892795,0.0022053023032646557,0.0026301118107206365,0.001967682312771715,0.00023761999049281017
31424202,trash,"Work, Wealth, Status & Institutions",Hero's Elite Work & Business World,0.04961962662477379,0.7283030073550433,0.06795127983677099,high,0.9973698881892795,0.0022053023032646557,0.0026301118107206365,0.001967682312771715,0.00023761999049281017
31424202,trash,"Work, Wealth, Status & Institutions",Heroine's Work & Professional Identity,0.008441243067203067,0.12389820580772924,0.06795127983677099,high,0.9973698881892795,0.0022053023032646557,0.0026301118107206365,0.001967682312771715,0.00023761999049281017
31424202,trash,"Work, Wealth, Status & Institutions","Law, Medicine, Education & Formal Institutions",0.0034011742936876383,0.049921485410666676,0.06795127983677099,high,0.9973698881892795,0.0022053023032646557,0.0026301118107206365,0.001967682312771715,0.00023761999049281017
31424202,trash,"Work, Wealth, Status & Institutions","Money, Housing & Economic Security",0.0028002411066934845,0.041101156095879374,0.06795127983677099,high,0.9973698881892795,0.0022053023032646557,0.0026301118107206365,0.001967682312771715,0.00023761999049281017
31424202,trash,"Work, Wealth, Status & Institutions",Shared Workplaces & Professional Interaction,0.0038681854997873583,0.05677614533068139,0.06795127983677099,high,0.9973698881892795,0.0022053023032646557,0.0026301118107206365,0.001967682312771715,0.00023761999049281017
31625455,trash,"Conflict, Risk & Harm",Interpersonal Non-Romantic Conflict,0.0026049200930963012,0.159481861334627,0.016313247959533057,high,0.9987512307554903,0.0012225368616549659,0.0012487692445097582,0.0006727159968339154,0.0005498208648211232
31625455,trash,"Conflict, Risk & Harm","Violence, Threats & Coercion",0.013728724819854791,0.8405181386653731,0.016313247959533057,high,0.9987512307554903,0.0012225368616549659,0.0012487692445097582,0.0006727159968339154,0.0005498208648211232
31625455,trash,Embodied & Sensory Experience,Body Parts & Physical Reactions,0.0058340255368684365,0.4231613698446661,0.013769546561741182,high,0.9987512307554903,0.0012225368616549659,0.0012487692445097582,0.0006727159968339154,0.0005498208648211232
31625455,trash,Embodied & Sensory Experience,Exercise & Physical Activity,0.007952737510547701,0.5768386301553339,0.013769546561741182,high,0.9987512307554903,0.0012225368616549659,0.0012487692445097582,0.0006727159968339154,0.0005498208648211232
31625455,trash,"Emotions, Cognition & Inner Life",Ambivalence & Internal Conflict,0.010291965330591919,0.056749704740957904,0.1811306875999089,high,0.9987512307554903,0.0012225368616549659,0.0012487692445097582,0.0006727159968339154,0.0005498208648211232
31625455,trash,"Emotions, Cognition & Inner Life","Beliefs, Values & Moral Reflection",0.023270356090246847,0.1283123091576242,0.1811306875999089,high,0.9987512307554903,0.0012225368616549659,0.0012487692445097582,0.0006727159968339154,0.0005498208648211232
31625455,trash,"Emotions, Cognition & Inner Life",Negative Emotions & Distress,0.10303332201757472,0.5681238145641051,0.1811306875999089,high,0.9987512307554903,0.0012225368616549659,0.0012487692445097582,0.0006727159968339154,0.0005498208648211232
31625455,trash,"Emotions, Cognition & Inner Life",Positive Emotions & Security,0.044761517406229814,0.24681417153731278,0.1811306875999089,high,0.9987512307554903,0.0012225368616549659,0.0012487692445097582,0.0006727159968339154,0.0005498208648211232
31625455,trash,Relationship Trajectory (Main Couple),"Bonding, Everyday Intimacy & Growth",0.15483217220621,0.4408139645114564,0.3508029123416741,high,0.9987512307554903,0.0012225368616549659,0.0012487692445097582,0.0006727159968339154,0.0005498208648211232
31625455,trash,Relationship Trajectory (Main Couple),"Conflict, Distance & Breakup Threats",0.12677674683857948,0.36093894172943747,0.3508029123416741,medium,0.9987512307554903,0.0012225368616549659,0.0012487692445097582,0.0006727159968339154,0.0005498208648211232
31625455,trash,Relationship Trajectory (Main Couple),"Meeting, First Impressions & Setup",0.00023851301378573052,0.0006790569795432125,0.3508029123416741,high,0.9987512307554903,0.0012225368616549659,0.0012487692445097582,0.0006727159968339154,0.0005498208648211232
31625455,trash,Relationship Trajectory (Main Couple),"Reconciliation, Commitments & HEA",0.010811035010526123,0.030779489401693186,0.3508029123416741,high,0.9987512307554903,0.0012225368616549659,0.0012487692445097582,0.0006727159968339154,0.0005498208648211232
31625455,trash,Relationship Trajectory (Main Couple),"Secrets, Misunderstandings & Hidden Information",0.05858306489508405,0.16678854737786963,0.3508029123416741,medium,0.9987512307554903,0.0012225368616549659,0.0012487692445097582,0.0006727159968339154,0.0005498208648211232
31625455,trash,"Sexuality, Attraction & Intimacy",Attraction & Sexual Tension,0.0332860789816088,0.1972754895662789,0.168518209854636,high,0.9987512307554903,0.0012225368616549659,0.0012487692445097582,0.0006727159968339154,0.0005498208648211232
31625455,trash,"Sexuality, Attraction & Intimacy",Explicit Sexual Acts,0.07880105321576965,0.46702756308631466,0.168518209854636,high,0.9987512307554903,0.0012225368616549659,0.0012487692445097582,0.0006727159968339154,0.0005498208648211232
31625455,trash,"Sexuality, Attraction & Intimacy",Kissing & Non-Explicit Affection,0.05664178113488642,0.3356969473474064,0.168518209854636,high,0.9987512307554903,0.0012225368616549659,0.0012487692445097582,0.0006727159968339154,0.0005498208648211232
31625455,trash,Social World Outside Couple,"Community, Norms & Social Events",0.004028768588079763,0.05352184461375119,0.0751793518106795,high,0.9987512307554903,0.0012225368616549659,0.0012487692445097582,0.0006727159968339154,0.0005498208648211232
31625455,trash,Social World Outside Couple,Family & Kinship,0.04879430144596054,0.6482281031862359,0.0751793518106795,high,0.9987512307554903,0.0012225368616549659,0.0012487692445097582,0.0006727159968339154,0.0005498208648211232
31625455,trash,Social World Outside Couple,Friends & Social Circles,0.022450280822119566,0.29825005220001294,0.0751793518106795,high,0.9987512307554903,0.0012225368616549659,0.0012487692445097582,0.0006727159968339154,0.0005498208648211232
31625455,trash,"Spaces, Time, Activities & Objects",Domestic Spaces & Routines,0.05217853201778981,0.5893960827881779,0.08841825487752906,high,0.9987512307554903,0.0012225368616549659,0.0012487692445097582,0.0006727159968339154,0.0005498208648211232
31625455,trash,"Spaces, Time, Activities & Objects",Public & Leisure Spaces,0.03330985209297788,0.37626003612292425,0.08841825487752906,high,0.9987512307554903,0.0012225368616549659,0.0012487692445097582,0.0006727159968339154,0.0005498208648211232
31625455,trash,"Spaces, Time, Activities & Objects","Time, Seasons & Temporal Framing",0.003040422818107271,0.034343881088897764,0.08841825487752906,high,0.9987512307554903,0.0012225368616549659,0.0012487692445097582,0.0006727159968339154,0.0005498208648211232
31625455,trash,"Work, Wealth, Status & Institutions",Hero's Elite Work & Business World,0.04541354191355417,0.4358333816835021,0.10406919888496736,high,0.9987512307554903,0.0012225368616549659,0.0012487692445097582,0.0006727159968339154,0.0005498208648211232
31625455,trash,"Work, Wealth, Status & Institutions",Heroine's Work & Professional Identity,0.005760045142043294,0.05527910502301285,0.10406919888496736,high,0.9987512307554903,0.0012225368616549659,0.0012487692445097582,0.0006727159968339154,0.0005498208648211232
31625455,trash,"Work, Wealth, Status & Institutions","Law, Medicine, Education & Formal Institutions",0.01616680346985278,0.1551526776019984,0.10406919888496736,high,0.9987512307554903,0.0012225368616549659,0.0012487692445097582,0.0006727159968339154,0.0005498208648211232
31625455,trash,"Work, Wealth, Status & Institutions","Money, Housing & Economic Security",0.03220063453238559,0.30902922012377837,0.10406919888496736,high,0.9987512307554903,0.0012225368616549659,0.0012487692445097582,0.0006727159968339154,0.0005498208648211232
31625455,trash,"Work, Wealth, Status & Institutions",Shared Workplaces & Professional Interaction,0.004658294732985142,0.0447056155677083,0.10406919888496736,high,0.9987512307554903,0.0012225368616549659,0.0012487692445097582,0.0006727159968339154,0.0005498208648211232
32195234,middle,"Conflict, Risk & Harm",Interpersonal Non-Romantic Conflict,0.00265391208989492,0.13874498265084617,0.019102477717396163,high,0.9986664402260763,0.0006299552461579427,0.0013335597739235685,0.0005846350854370267,4.5320160720835586e-05
32195234,middle,"Conflict, Risk & Harm","Violence, Threats & Coercion",0.01647407394022719,0.8612550173491539,0.019102477717396163,high,0.9986664402260763,0.0006299552461579427,0.0013335597739235685,0.0005846350854370267,4.5320160720835586e-05
32195234,middle,Embodied & Sensory Experience,Body Parts & Physical Reactions,0.009436343865078543,0.5129101492114669,0.018373120420750056,high,0.9986664402260763,0.0006299552461579427,0.0013335597739235685,0.0005846350854370267,4.5320160720835586e-05
32195234,middle,Embodied & Sensory Experience,Exercise & Physical Activity,0.008961310928038146,0.4870898507885329,0.018373120420750056,high,0.9986664402260763,0.0006299552461579427,0.0013335597739235685,0.0005846350854370267,4.5320160720835586e-05
32195234,middle,"Emotions, Cognition & Inner Life",Ambivalence & Internal Conflict,0.00874981279099279,0.04831127477375698,0.18087174129737474,high,0.9986664402260763,0.0006299552461579427,0.0013335597739235685,0.0005846350854370267,4.5320160720835586e-05
32195234,middle,"Emotions, Cognition & Inner Life","Beliefs, Values & Moral Reflection",0.022974036436674623,0.12684899819765835,0.18087174129737474,high,0.9986664402260763,0.0006299552461579427,0.0013335597739235685,0.0005846350854370267,4.5320160720835586e-05
32195234,middle,"Emotions, Cognition & Inner Life",Negative Emotions & Distress,0.10943764941991603,0.6042497683107294,0.18087174129737474,high,0.9986664402260763,0.0006299552461579427,0.0013335597739235685,0.0005846350854370267,4.5320160720835586e-05
32195234,middle,"Emotions, Cognition & Inner Life",Positive Emotions & Security,0.03995176801673874,0.22058995871785522,0.18087174129737474,high,0.9986664402260763,0.0006299552461579427,0.0013335597739235685,0.0005846350854370267,4.5320160720835586e-05
32195234,middle,Relationship Trajectory (Main Couple),"Bonding, Everyday Intimacy & Growth",0.1800369466769778,0.511853112562912,0.3512665103212994,high,0.9986664402260763,0.0006299552461579427,0.0013335597739235685,0.0005846350854370267,4.5320160720835586e-05
32195234,middle,Relationship Trajectory (Main Couple),"Conflict, Distance & Breakup Threats",0.11593881214335386,0.3296192418153855,0.3512665103212994,medium,0.9986664402260763,0.0006299552461579427,0.0013335597739235685,0.0005846350854370267,4.5320160720835586e-05
32195234,middle,Relationship Trajectory (Main Couple),"Meeting, First Impressions & Setup",0.0001526478241060419,0.000433984608919302,0.3512665103212994,high,0.9986664402260763,0.0006299552461579427,0.0013335597739235685,0.0005846350854370267,4.5320160720835586e-05
32195234,middle,Relationship Trajectory (Main Couple),"Reconciliation, Commitments & HEA",0.008090833704162895,0.023002603027561026,0.3512665103212994,high,0.9986664402260763,0.0006299552461579427,0.0013335597739235685,0.0005846350854370267,4.5320160720835586e-05
32195234,middle,Relationship Trajectory (Main Couple),"Secrets, Misunderstandings & Hidden Information",0.047516330380881724,0.1350910579852222,0.3512665103212994,medium,0.9986664402260763,0.0006299552461579427,0.0013335597739235685,0.0005846350854370267,4.5320160720835586e-05
32195234,middle,"Sexuality, Attraction & Intimacy",Attraction & Sexual Tension,0.03592884364808728,0.15262356146107514,0.2350943068290646,high,0.9986664402260763,0.0006299552461579427,0.0013335597739235685,0.0005846350854370267,4.5320160720835586e-05
32195234,middle,"Sexuality, Attraction & Intimacy",Explicit Sexual Acts,0.124057164532421,0.5269873548159306,0.2350943068290646,high,0.9986664402260763,0.0006299552461579427,0.0013335597739235685,0.0005846350854370267,4.5320160720835586e-05
32195234,middle,"Sexuality, Attraction & Intimacy",Kissing & Non-Explicit Affection,0.07542222960491722,0.3203890837229942,0.2350943068290646,high,0.9986664402260763,0.0006299552461579427,0.0013335597739235685,0.0005846350854370267,4.5320160720835586e-05
32195234,middle,Social World Outside Couple,"Community, Norms & Social Events",0.002281908400972584,0.03980436186595342,0.0572516486357866,high,0.9986664402260763,0.0006299552461579427,0.0013335597739235685,0.0005846350854370267,4.5320160720835586e-05
32195234,middle,Social World Outside Couple,Family & Kinship,0.0358602776730734,0.6255270669515947,0.0572516486357866,high,0.9986664402260763,0.0006299552461579427,0.0013335597739235685,0.0005846350854370267,4.5320160720835586e-05
32195234,middle,Social World Outside Couple,Friends & Social Circles,0.01918591300859274,0.334668571182452,0.0572516486357866,high,0.9986664402260763,0.0006299552461579427,0.0013335597739235685,0.0005846350854370267,4.5320160720835586e-05
32195234,middle,"Spaces, Time, Activities & Objects",Domestic Spaces & Routines,0.0482669153652487,0.6193725233994297,0.07782480934728304,high,0.9986664402260763,0.0006299552461579427,0.0013335597739235685,0.0005846350854370267,4.5320160720835586e-05
32195234,middle,"Spaces, Time, Activities & Objects",Public & Leisure Spaces,0.027388704781318995,0.3514583657289442,0.07782480934728304,high,0.9986664402260763,0.0006299552461579427,0.0013335597739235685,0.0005846350854370267,4.5320160720835586e-05
32195234,middle,"Spaces, Time, Activities & Objects","Time, Seasons & Temporal Framing",0.002273111822902715,0.02916911087162609,0.07782480934728304,high,0.9986664402260763,0.0006299552461579427,0.0013335597739235685,0.0005846350854370267,4.5320160720835586e-05
32195234,middle,"Work, Wealth, Status & Institutions",Hero's Elite Work & Business World,0.04634787259643768,0.7866895653884056,0.05883650549640086,high,0.9986664402260763,0.0006299552461579427,0.0013335597739235685,0.0005846350854370267,4.5320160720835586e-05
32195234,middle,"Work, Wealth, Status & Institutions",Heroine's Work & Professional Identity,0.005540214444448141,0.0940373020227139,0.05883650549640086,high,0.9986664402260763,0.0006299552461579427,0.0013335597739235685,0.0005846350854370267,4.5320160720835586e-05
32195234,middle,"Work, Wealth, Status & Institutions","Law, Medicine, Education & Formal Institutions",0.0023772396192789373,0.04035027927168305,0.05883650549640086,high,0.9986664402260763,0.0006299552461579427,0.0013335597739235685,0.0005846350854370267,4.5320160720835586e-05
32195234,middle,"Work, Wealth, Status & Institutions","Money, Housing & Economic Security",0.0015189139999960087,0.025781416224292166,0.05883650549640086,high,0.9986664402260763,0.0006299552461579427,0.0013335597739235685,0.0005846350854370267,4.5320160720835586e-05
32195234,middle,"Work, Wealth, Status & Institutions",Shared Workplaces & Professional Interaction,0.003130831606692976,0.053141437092905267,0.05883650549640086,high,0.9986664402260763,0.0006299552461579427,0.0013335597739235685,0.0005846350854370267,4.5320160720835586e-05
33743772,trash,"Conflict, Risk & Harm",Interpersonal Non-Romantic Conflict,0.003077716494852747,0.1743445799979612,0.017609205927637008,high,0.9975154036071702,0.0017232730150444908,0.002484596392829843,0.0016623983748560065,6.0874640188435616e-05
33743772,trash,"Conflict, Risk & Harm","Violence, Threats & Coercion",0.014575350178563415,0.8256554200020388,0.017609205927637008,high,0.9975154036071702,0.0017232730150444908,0.002484596392829843,0.0016623983748560065,6.0874640188435616e-05
33743772,trash,Embodied & Sensory Experience,Body Parts & Physical Reactions,0.005860113171573531,0.3838918253362108,0.01522708421937965,high,0.9975154036071702,0.0017232730150444908,0.002484596392829843,0.0016623983748560065,6.0874640188435616e-05
33743772,trash,Embodied & Sensory Experience,Exercise & Physical Activity,0.009404898440594217,0.6161081746637892,0.01522708421937965,high,0.9975154036071702,0.0017232730150444908,0.002484596392829843,0.0016623983748560065,6.0874640188435616e-05
33743772,trash,"Emotions, Cognition & Inner Life",Ambivalence & Internal Conflict,0.010896470292157172,0.058147465516690464,0.18692812945139944,high,0.9975154036071702,0.0017232730150444908,0.002484596392829843,0.0016623983748560065,6.0874640188435616e-05
33743772,trash,"Emotions, Cognition & Inner Life","Beliefs, Values & Moral Reflection",0.024302050882905334,0.12968444164122467,0.18692812945139944,high,0.9975154036071702,0.0017232730150444908,0.002484596392829843,0.0016623983748560065,6.0874640188435616e-05
33743772,trash,"Emotions, Cognition & Inner Life",Negative Emotions & Distress,0.1051621300137437,0.5611827651232291,0.18692812945139944,high,0.9975154036071702,0.0017232730150444908,0.002484596392829843,0.0016623983748560065,6.0874640188435616e-05
33743772,trash,"Emotions, Cognition & Inner Life",Positive Emotions & Security,0.047033076041308144,0.25098532771885596,0.18692812945139944,high,0.9975154036071702,0.0017232730150444908,0.002484596392829843,0.0016623983748560065,6.0874640188435616e-05
33743772,trash,Relationship Trajectory (Main Couple),"Bonding, Everyday Intimacy & Growth",0.1551338537744876,0.4259286144387377,0.36332005766955,high,0.9975154036071702,0.0017232730150444908,0.002484596392829843,0.0016623983748560065,6.0874640188435616e-05
33743772,trash,Relationship Trajectory (Main Couple),"Conflict, Distance & Breakup Threats",0.12651953081984044,0.34736640101695176,0.36332005766955,medium,0.9975154036071702,0.0017232730150444908,0.002484596392829843,0.0016623983748560065,6.0874640188435616e-05
33743772,trash,Relationship Trajectory (Main Couple),"Meeting, First Impressions & Setup",0.0002274089766832291,0.000624363979833962,0.36332005766955,high,0.9975154036071702,0.0017232730150444908,0.002484596392829843,0.0016623983748560065,6.0874640188435616e-05
33743772,trash,Relationship Trajectory (Main Couple),"Reconciliation, Commitments & HEA",0.009154088321550203,0.02513305806813466,0.36332005766955,high,0.9975154036071702,0.0017232730150444908,0.002484596392829843,0.0016623983748560065,6.0874640188435616e-05
33743772,trash,Relationship Trajectory (Main Couple),"Secrets, Misunderstandings & Hidden Information",0.07319012792255356,0.20094756249634185,0.36332005766955,medium,0.9975154036071702,0.0017232730150444908,0.002484596392829843,0.0016623983748560065,6.0874640188435616e-05
33743772,trash,"Sexuality, Attraction & Intimacy",Attraction & Sexual Tension,0.038095749021679746,0.2041475888223702,0.18614521327578976,high,0.9975154036071702,0.0017232730150444908,0.002484596392829843,0.0016623983748560065,6.0874640188435616e-05
33743772,trash,"Sexuality, Attraction & Intimacy",Explicit Sexual Acts,0.08686693520160396,0.4655027352186864,0.18614521327578976,high,0.9975154036071702,0.0017232730150444908,0.002484596392829843,0.0016623983748560065,6.0874640188435616e-05
33743772,trash,"Sexuality, Attraction & Intimacy",Kissing & Non-Explicit Affection,0.06164617675536368,0.3303496759589434,0.18614521327578976,high,0.9975154036071702,0.0017232730150444908,0.002484596392829843,0.0016623983748560065,6.0874640188435616e-05
33743772,trash,Social World Outside Couple,"Community, Norms & Social Events",0.00285171772143023,0.046844349833336,0.060725196613612954,high,0.9975154036071702,0.0017232730150444908,0.002484596392829843,0.0016623983748560065,6.0874640188435616e-05
33743772,trash,Social World Outside Couple,Family & Kinship,0.03547359492330873,0.5827145786365244,0.060725196613612954,high,0.9975154036071702,0.0017232730150444908,0.002484596392829843,0.0016623983748560065,6.0874640188435616e-05
33743772,trash,Social World Outside Couple,Friends & Social Circles,0.02255113737700631,0.37044107153013967,0.060725196613612954,high,0.9975154036071702,0.0017232730150444908,0.002484596392829843,0.0016623983748560065,6.0874640188435616e-05
33743772,trash,"Spaces, Time, Activities & Objects",Domestic Spaces & Routines,0.042034309423206725,0.5666996453297133,0.07398958420953905,high,0.9975154036071702,0.0017232730150444908,0.002484596392829843,0.0016623983748560065,6.0874640188435616e-05
33743772,trash,"Spaces, Time, Activities & Objects",Public & Leisure Spaces,0.029822061092920137,0.4020561221597821,0.07398958420953905,high,0.9975154036071702,0.0017232730150444908,0.002484596392829843,0.0016623983748560065,6.0874640188435616e-05
33743772,trash,"Spaces, Time, Activities & Objects","Time, Seasons & Temporal Framing",0.002317505839046463,0.03124423251050471,0.07398958420953905,high,0.9975154036071702,0.0017232730150444908,0.002484596392829843,0.0016623983748560065,6.0874640188435616e-05
33743772,trash,"Work, Wealth, Status & Institutions",Hero's Elite Work & Business World,0.045519517188067474,0.48557792311554293,0.09351005760007385,high,0.9975154036071702,0.0017232730150444908,0.002484596392829843,0.0016623983748560065,6.0874640188435616e-05
33743772,trash,"Work, Wealth, Status & Institutions",Heroine's Work & Professional Identity,0.0057226621791094355,0.06104630688728534,0.09351005760007385,high,0.9975154036071702,0.0017232730150444908,0.002484596392829843,0.0016623983748560065,6.0874640188435616e-05
33743772,trash,"Work, Wealth, Status & Institutions","Law, Medicine, Education & Formal Institutions",0.02313056000987367,0.24674447322649048,0.09351005760007385,high,0.9975154036071702,0.0017232730150444908,0.002484596392829843,0.0016623983748560065,6.0874640188435616e-05
33743772,trash,"Work, Wealth, Status & Institutions","Money, Housing & Economic Security",0.015805529309155932,0.16860495387006572,0.09351005760007385,high,0.9975154036071702,0.0017232730150444908,0.002484596392829843,0.0016623983748560065,6.0874640188435616e-05
33743772,trash,"Work, Wealth, Status & Institutions",Shared Workplaces & Professional Interaction,0.003564702361585817,0.03802634290061544,0.09351005760007385,high,0.9975154036071702,0.0017232730150444908,0.002484596392829843,0.0016623983748560065,6.0874640188435616e-05
34272677,trash,"Conflict, Risk & Harm",Interpersonal Non-Romantic Conflict,0.0024399971013081803,0.12534205180126282,0.019439872037514426,high,0.9986214518983145,0.0004458478032093316,0.0013785481016855938,0.0003829570913579332,6.289071185151459e-05
34272677,trash,"Conflict, Risk & Harm","Violence, Threats & Coercion",0.017026710729332237,0.874657948198737,0.019439872037514426,high,0.9986214518983145,0.0004458478032093316,0.0013785481016855938,0.0003829570913579332,6.289071185151459e-05
34272677,trash,Embodied & Sensory Experience,Body Parts & Physical Reactions,0.027592044395341582,0.7573200557726261,0.036383570228848444,high,0.9986214518983145,0.0004458478032093316,0.0013785481016855938,0.0003829570913579332,6.289071185151459e-05
34272677,trash,Embodied & Sensory Experience,Exercise & Physical Activity,0.00884175157377729,0.242679944227374,0.036383570228848444,high,0.9986214518983145,0.0004458478032093316,0.0013785481016855938,0.0003829570913579332,6.289071185151459e-05
34272677,trash,"Emotions, Cognition & Inner Life",Ambivalence & Internal Conflict,0.016477423925072097,0.0906396930673364,0.18153976968319263,high,0.9986214518983145,0.0004458478032093316,0.0013785481016855938,0.0003829570913579332,6.289071185151459e-05
34272677,trash,"Emotions, Cognition & Inner Life","Beliefs, Values & Moral Reflection",0.017053571713646486,0.09380899058345761,0.18153976968319263,high,0.9986214518983145,0.0004458478032093316,0.0013785481016855938,0.0003829570913579332,6.289071185151459e-05
34272677,trash,"Emotions, Cognition & Inner Life",Negative Emotions & Distress,0.10187252283869129,0.5603845749240074,0.18153976968319263,high,0.9986214518983145,0.0004458478032093316,0.0013785481016855938,0.0003829570913579332,6.289071185151459e-05
34272677,trash,"Emotions, Cognition & Inner Life",Positive Emotions & Security,0.04638685798415853,0.2551667414251985,0.18153976968319263,high,0.9986214518983145,0.0004458478032093316,0.0013785481016855938,0.0003829570913579332,6.289071185151459e-05
34272677,trash,Relationship Trajectory (Main Couple),"Bonding, Everyday Intimacy & Growth",0.13710014665314418,0.4680380545981936,0.2925214011150689,high,0.9986214518983145,0.0004458478032093316,0.0013785481016855938,0.0003829570913579332,6.289071185151459e-05
34272677,trash,Relationship Trajectory (Main Couple),"Conflict, Distance & Breakup Threats",0.09404404734203382,0.3210513922779708,0.2925214011150689,medium,0.9986214518983145,0.0004458478032093316,0.0013785481016855938,0.0003829570913579332,6.289071185151459e-05
34272677,trash,Relationship Trajectory (Main Couple),"Meeting, First Impressions & Setup",0.00021441743741071803,0.0007319869652038836,0.2925214011150689,high,0.9986214518983145,0.0004458478032093316,0.0013785481016855938,0.0003829570913579332,6.289071185151459e-05
34272677,trash,Relationship Trajectory (Main Couple),"Reconciliation, Commitments & HEA",0.005780381186844523,0.01973330030325436,0.2925214011150689,high,0.9986214518983145,0.0004458478032093316,0.0013785481016855938,0.0003829570913579332,6.289071185151459e-05
34272677,trash,Relationship Trajectory (Main Couple),"Secrets, Misunderstandings & Hidden Information",0.05578621999141612,0.19044526585537724,0.2925214011150689,medium,0.9986214518983145,0.0004458478032093316,0.0013785481016855938,0.0003829570913579332,6.289071185151459e-05
34272677,trash,"Sexuality, Attraction & Intimacy",Attraction & Sexual Tension,0.05199970334958849,0.18257022108391055,0.284427651721916,high,0.9986214518983145,0.0004458478032093316,0.0013785481016855938,0.0003829570913579332,6.289071185151459e-05
34272677,trash,"Sexuality, Attraction & Intimacy",Explicit Sexual Acts,0.1263283663608598,0.4435371029064523,0.284427651721916,high,0.9986214518983145,0.0004458478032093316,0.0013785481016855938,0.0003829570913579332,6.289071185151459e-05
34272677,trash,"Sexuality, Attraction & Intimacy",Kissing & Non-Explicit Affection,0.10649222048183371,0.373892676009637,0.284427651721916,high,0.9986214518983145,0.0004458478032093316,0.0013785481016855938,0.0003829570913579332,6.289071185151459e-05
34272677,trash,Social World Outside Couple,"Community, Norms & Social Events",0.0034298980223581256,0.05731518117337828,0.05976025326674445,high,0.9986214518983145,0.0004458478032093316,0.0013785481016855938,0.0003829570913579332,6.289071185151459e-05
34272677,trash,Social World Outside Couple,Family & Kinship,0.03753716601574703,0.6272633929356749,0.05976025326674445,high,0.9986214518983145,0.0004458478032093316,0.0013785481016855938,0.0003829570913579332,6.289071185151459e-05
34272677,trash,Social World Outside Couple,Friends & Social Circles,0.01887568533719024,0.3154214258909468,0.05976025326674445,high,0.9986214518983145,0.0004458478032093316,0.0013785481016855938,0.0003829570913579332,6.289071185151459e-05
34272677,trash,"Spaces, Time, Activities & Objects",Domestic Spaces & Routines,0.04617308356833237,0.7487134791599814,0.06158488264878405,high,0.9986214518983145,0.0004458478032093316,0.0013785481016855938,0.0003829570913579332,6.289071185151459e-05
34272677,trash,"Spaces, Time, Activities & Objects",Public & Leisure Spaces,0.01364961549067857,0.2213335197355335,0.06158488264878405,high,0.9986214518983145,0.0004458478032093316,0.0013785481016855938,0.0003829570913579332,6.289071185151459e-05
34272677,trash,"Spaces, Time, Activities & Objects","Time, Seasons & Temporal Framing",0.001847198509998009,0.02995300110448512,0.06158488264878405,high,0.9986214518983145,0.0004458478032093316,0.0013785481016855938,0.0003829570913579332,6.289071185151459e-05
34272677,trash,"Work, Wealth, Status & Institutions",Hero's Elite Work & Business World,0.04457776015314004,0.7077183826767093,0.06290116048439412,high,0.9986214518983145,0.0004458478032093316,0.0013785481016855938,0.0003829570913579332,6.289071185151459e-05
34272677,trash,"Work, Wealth, Status & Institutions",Heroine's Work & Professional Identity,0.005463071567534165,0.08673195245656712,0.06290116048439412,high,0.9986214518983145,0.0004458478032093316,0.0013785481016855938,0.0003829570913579332,6.289071185151459e-05
34272677,trash,"Work, Wealth, Status & Institutions","Law, Medicine, Education & Formal Institutions",0.005213303427361637,0.08276662302772592,0.06290116048439412,high,0.9986214518983145,0.0004458478032093316,0.0013785481016855938,0.0003829570913579332,6.289071185151459e-05
34272677,trash,"Work, Wealth, Status & Institutions","Money, Housing & Economic Security",0.0009308819178322757,0.014778720220308012,0.06290116048439412,high,0.9986214518983145,0.0004458478032093316,0.0013785481016855938,0.0003829570913579332,6.289071185151459e-05
34272677,trash,"Work, Wealth, Status & Institutions",Shared Workplaces & Professional Interaction,0.006802975395963233,0.10800432161868966,0.06290116048439412,high,0.9986214518983145,0.0004458478032093316,0.0013785481016855938,0.0003829570913579332,6.289071185151459e-05
34322023,middle,"Conflict, Risk & Harm",Interpersonal Non-Romantic Conflict,0.0037079354792937756,0.166328086098109,0.02225028762929832,high,0.998088498891166,0.0011009164966344631,0.0019115011088338286,0.0010406337640878438,6.028273254660968e-05
34322023,middle,"Conflict, Risk & Harm","Violence, Threats & Coercion",0.01858496505409324,0.8336719139018911,0.02225028762929832,high,0.998088498891166,0.0011009164966344631,0.0019115011088338286,0.0010406337640878438,6.028273254660968e-05
34322023,middle,Embodied & Sensory Experience,Body Parts & Physical Reactions,0.0072462074278499084,0.36754561924468393,0.019677438433845076,high,0.998088498891166,0.0011009164966344631,0.0019115011088338286,0.0010406337640878438,6.028273254660968e-05
34322023,middle,Embodied & Sensory Experience,Exercise & Physical Activity,0.012468916487219626,0.6324543807553162,0.019677438433845076,high,0.998088498891166,0.0011009164966344631,0.0019115011088338286,0.0010406337640878438,6.028273254660968e-05
34322023,middle,"Emotions, Cognition & Inner Life",Ambivalence & Internal Conflict,0.011702412008638538,0.061136123835113236,0.1910497771597292,high,0.998088498891166,0.0011009164966344631,0.0019115011088338286,0.0010406337640878438,6.028273254660968e-05
34322023,middle,"Emotions, Cognition & Inner Life","Beliefs, Values & Moral Reflection",0.024196130924296344,0.12640621911332717,0.1910497771597292,high,0.998088498891166,0.0011009164966344631,0.0019115011088338286,0.0010406337640878438,6.028273254660968e-05
34322023,middle,"Emotions, Cognition & Inner Life",Negative Emotions & Distress,0.10929889017708103,0.571002839412408,0.1910497771597292,high,0.998088498891166,0.0011009164966344631,0.0019115011088338286,0.0010406337640878438,6.028273254660968e-05
34322023,middle,"Emotions, Cognition & Inner Life",Positive Emotions & Security,0.04621823531215047,0.24145481763915147,0.1910497771597292,high,0.998088498891166,0.0011009164966344631,0.0019115011088338286,0.0010406337640878438,6.028273254660968e-05
34322023,middle,Relationship Trajectory (Main Couple),"Bonding, Everyday Intimacy & Growth",0.1969367210788389,0.4496278460225809,0.4371621510031099,high,0.998088498891166,0.0011009164966344631,0.0019115011088338286,0.0010406337640878438,6.028273254660968e-05
34322023,middle,Relationship Trajectory (Main Couple),"Conflict, Distance & Breakup Threats",0.16312374749626674,0.3724291682124426,0.4371621510031099,medium,0.998088498891166,0.0011009164966344631,0.0019115011088338286,0.0010406337640878438,6.028273254660968e-05
34322023,middle,Relationship Trajectory (Main Couple),"Meeting, First Impressions & Setup",0.00023860772098063053,0.0005447672482874794,0.4371621510031099,high,0.998088498891166,0.0011009164966344631,0.0019115011088338286,0.0010406337640878438,6.028273254660968e-05
34322023,middle,Relationship Trajectory (Main Couple),"Reconciliation, Commitments & HEA",0.013168630712430622,0.03006540897939832,0.4371621510031099,high,0.998088498891166,0.0011009164966344631,0.0019115011088338286,0.0010406337640878438,6.028273254660968e-05
34322023,middle,Relationship Trajectory (Main Couple),"Secrets, Misunderstandings & Hidden Information",0.06453168030911934,0.14733280953729075,0.4371621510031099,medium,0.998088498891166,0.0011009164966344631,0.0019115011088338286,0.0010406337640878438,6.028273254660968e-05
34322023,middle,"Sexuality, Attraction & Intimacy",Attraction & Sexual Tension,0.02780718416718164,0.19987392666964526,0.13885768477288593,high,0.998088498891166,0.0011009164966344631,0.0019115011088338286,0.0010406337640878438,6.028273254660968e-05
34322023,middle,"Sexuality, Attraction & Intimacy",Explicit Sexual Acts,0.06346054523658488,0.4561450123383153,0.13885768477288593,high,0.998088498891166,0.0011009164966344631,0.0019115011088338286,0.0010406337640878438,6.028273254660968e-05
34322023,middle,"Sexuality, Attraction & Intimacy",Kissing & Non-Explicit Affection,0.04785589032249114,0.34398106099203946,0.13885768477288593,high,0.998088498891166,0.0011009164966344631,0.0019115011088338286,0.0010406337640878438,6.028273254660968e-05
34322023,middle,Social World Outside Couple,"Community, Norms & Social Events",0.0034049659421861687,0.04919611537397928,0.06907979055211429,high,0.998088498891166,0.0011009164966344631,0.0019115011088338286,0.0010406337640878438,6.028273254660968e-05
34322023,middle,Social World Outside Couple,Family & Kinship,0.03699877007834343,0.5345709156494097,0.06907979055211429,high,0.998088498891166,0.0011009164966344631,0.0019115011088338286,0.0010406337640878438,6.028273254660968e-05
34322023,middle,Social World Outside Couple,Friends & Social Circles,0.028808353517481324,0.41623296897661105,0.06907979055211429,high,0.998088498891166,0.0011009164966344631,0.0019115011088338286,0.0010406337640878438,6.028273254660968e-05
34322023,middle,"Spaces, Time, Activities & Objects",Domestic Spaces & Routines,0.03703027311900513,0.599668453586501,0.061633206632481945,high,0.998088498891166,0.0011009164966344631,0.0019115011088338286,0.0010406337640878438,6.028273254660968e-05
34322023,middle,"Spaces, Time, Activities & Objects",Public & Leisure Spaces,0.02265384787931852,0.36685654145506735,0.061633206632481945,high,0.998088498891166,0.0011009164966344631,0.0019115011088338286,0.0010406337640878438,6.028273254660968e-05
34322023,middle,"Spaces, Time, Activities & Objects","Time, Seasons & Temporal Framing",0.0020671232059266053,0.033475004958431726,0.061633206632481945,high,0.998088498891166,0.0011009164966344631,0.0019115011088338286,0.0010406337640878438,6.028273254660968e-05
34322023,middle,"Work, Wealth, Status & Institutions",Hero's Elite Work & Business World,0.044758055627083175,0.7660172244456522,0.058317879975154786,high,0.998088498891166,0.0011009164966344631,0.0019115011088338286,0.0010406337640878438,6.028273254660968e-05
34322023,middle,"Work, Wealth, Status & Institutions",Heroine's Work & Professional Identity,0.0057194421216340925,0.09788609263760407,0.058317879975154786,high,0.998088498891166,0.0011009164966344631,0.0019115011088338286,0.0010406337640878438,6.028273254660968e-05
34322023,middle,"Work, Wealth, Status & Institutions","Law, Medicine, Education & Formal Institutions",0.003683918937414005,0.06304888181543544,0.058317879975154786,high,0.998088498891166,0.0011009164966344631,0.0019115011088338286,0.0010406337640878438,6.028273254660968e-05
34322023,middle,"Work, Wealth, Status & Institutions","Money, Housing & Economic Security",0.001490610348035158,0.02551123335306224,0.058317879975154786,high,0.998088498891166,0.0011009164966344631,0.0019115011088338286,0.0010406337640878438,6.028273254660968e-05
34322023,middle,"Work, Wealth, Status & Institutions",Shared Workplaces & Professional Interaction,0.0027775411253138935,0.047536567748246,0.058317879975154786,high,0.998088498891166,0.0011009164966344631,0.0019115011088338286,0.0010406337640878438,6.028273254660968e-05
34438741,top,"Conflict, Risk & Harm",Interpersonal Non-Romantic Conflict,0.002751143729572551,0.12478735427872442,0.022015560324352194,high,0.998589603410656,0.0005893115748220046,0.001410396589344042,0.0005222643485769702,6.704722624511163e-05
34438741,top,"Conflict, Risk & Harm","Violence, Threats & Coercion",0.019295511121588168,0.8752126457212756,0.022015560324352194,high,0.998589603410656,0.0005893115748220046,0.001410396589344042,0.0005222643485769702,6.704722624511163e-05
34438741,top,Embodied & Sensory Experience,Body Parts & Physical Reactions,0.015497167484301258,0.5264588881994413,0.029395097469176568,high,0.998589603410656,0.0005893115748220046,0.001410396589344042,0.0005222643485769702,6.704722624511163e-05
34438741,top,Embodied & Sensory Experience,Exercise & Physical Activity,0.013939447285949107,0.4735411118005588,0.029395097469176568,high,0.998589603410656,0.0005893115748220046,0.001410396589344042,0.0005222643485769702,6.704722624511163e-05
34438741,top,"Emotions, Cognition & Inner Life",Ambivalence & Internal Conflict,0.008878641393228557,0.04772040702164317,0.18579302946155485,high,0.998589603410656,0.0005893115748220046,0.001410396589344042,0.0005222643485769702,6.704722624511163e-05
34438741,top,"Emotions, Cognition & Inner Life","Beliefs, Values & Moral Reflection",0.020073584391225315,0.10789033762115322,0.18579302946155485,high,0.998589603410656,0.0005893115748220046,0.001410396589344042,0.0005222643485769702,6.704722624511163e-05
34438741,top,"Emotions, Cognition & Inner Life",Negative Emotions & Distress,0.11245215011070171,0.6044012970086021,0.18579302946155485,high,0.998589603410656,0.0005893115748220046,0.001410396589344042,0.0005222643485769702,6.704722624511163e-05
34438741,top,"Emotions, Cognition & Inner Life",Positive Emotions & Security,0.04465106552640914,0.2399879583486015,0.18579302946155485,high,0.998589603410656,0.0005893115748220046,0.001410396589344042,0.0005222643485769702,6.704722624511163e-05
34438741,top,Relationship Trajectory (Main Couple),"Bonding, Everyday Intimacy & Growth",0.16340715380785914,0.43537144551682705,0.37479877606981776,high,0.998589603410656,0.0005893115748220046,0.001410396589344042,0.0005222643485769702,6.704722624511163e-05
34438741,top,Relationship Trajectory (Main Couple),"Conflict, Distance & Breakup Threats",0.13634430100338704,0.36326693190938514,0.37479877606981776,medium,0.998589603410656,0.0005893115748220046,0.001410396589344042,0.0005222643485769702,6.704722624511163e-05
34438741,top,Relationship Trajectory (Main Couple),"Meeting, First Impressions & Setup",0.00030320542891589094,0.0008078409225025743,0.37479877606981776,high,0.998589603410656,0.0005893115748220046,0.001410396589344042,0.0005222643485769702,6.704722624511163e-05
34438741,top,Relationship Trajectory (Main Couple),"Reconciliation, Commitments & HEA",0.012654170062974432,0.03371495178608249,0.37479877606981776,high,0.998589603410656,0.0005893115748220046,0.001410396589344042,0.0005222643485769702,6.704722624511163e-05
34438741,top,Relationship Trajectory (Main Couple),"Secrets, Misunderstandings & Hidden Information",0.06261930729182999,0.16683882986520265,0.37479877606981776,medium,0.998589603410656,0.0005893115748220046,0.001410396589344042,0.0005222643485769702,6.704722624511163e-05
34438741,top,"Sexuality, Attraction & Intimacy",Attraction & Sexual Tension,0.04191950393027036,0.19203178259987785,0.21798673239482147,high,0.998589603410656,0.0005893115748220046,0.001410396589344042,0.0005222643485769702,6.704722624511163e-05
34438741,top,"Sexuality, Attraction & Intimacy",Explicit Sexual Acts,0.09769323528951503,0.44752929690677934,0.21798673239482147,high,0.998589603410656,0.0005893115748220046,0.001410396589344042,0.0005222643485769702,6.704722624511163e-05
34438741,top,"Sexuality, Attraction & Intimacy",Kissing & Non-Explicit Affection,0.07868187515462192,0.3604389204933428,0.21798673239482147,high,0.998589603410656,0.0005893115748220046,0.001410396589344042,0.0005222643485769702,6.704722624511163e-05
34438741,top,Social World Outside Couple,"Community, Norms & Social Events",0.0033909740940112495,0.06466258606067035,0.05236709018314504,high,0.998589603410656,0.0005893115748220046,0.001410396589344042,0.0005222643485769702,6.704722624511163e-05
34438741,top,Social World Outside Couple,Family & Kinship,0.03307910955916539,0.630786526047928,0.05236709018314504,high,0.998589603410656,0.0005893115748220046,0.001410396589344042,0.0005222643485769702,6.704722624511163e-05
34438741,top,Social World Outside Couple,Friends & Social Circles,0.01597096921207115,0.30455088789140167,0.05236709018314504,high,0.998589603410656,0.0005893115748220046,0.001410396589344042,0.0005222643485769702,6.704722624511163e-05
34438741,top,"Spaces, Time, Activities & Objects",Domestic Spaces & Routines,0.03624305917228588,0.5748701061116963,0.06295673005165772,high,0.998589603410656,0.0005893115748220046,0.001410396589344042,0.0005222643485769702,6.704722624511163e-05
34438741,top,"Spaces, Time, Activities & Objects",Public & Leisure Spaces,0.02475018623642336,0.3925756410456883,0.06295673005165772,high,0.998589603410656,0.0005893115748220046,0.001410396589344042,0.0005222643485769702,6.704722624511163e-05
34438741,top,"Spaces, Time, Activities & Objects","Time, Seasons & Temporal Framing",0.0020524040118642373,0.032554252842615386,0.06295673005165772,high,0.998589603410656,0.0005893115748220046,0.001410396589344042,0.0005222643485769702,6.704722624511163e-05
34438741,top,"Work, Wealth, Status & Institutions",Hero's Elite Work & Business World,0.0384332950049556,0.7212820981153231,0.0532095402298853,high,0.998589603410656,0.0005893115748220046,0.001410396589344042,0.0005222643485769702,6.704722624511163e-05
34438741,top,"Work, Wealth, Status & Institutions",Heroine's Work & Professional Identity,0.004714689919739587,0.08848113170714236,0.0532095402298853,high,0.998589603410656,0.0005893115748220046,0.001410396589344042,0.0005222643485769702,6.704722624511163e-05
34438741,top,"Work, Wealth, Status & Institutions","Law, Medicine, Education & Formal Institutions",0.005132447870788486,0.09632124355282345,0.0532095402298853,high,0.998589603410656,0.0005893115748220046,0.001410396589344042,0.0005222643485769702,6.704722624511163e-05
34438741,top,"Work, Wealth, Status & Institutions","Money, Housing & Economic Security",0.001470879621785685,0.027604168196868277,0.0532095402298853,high,0.998589603410656,0.0005893115748220046,0.001410396589344042,0.0005222643485769702,6.704722624511163e-05
34438741,top,"Work, Wealth, Status & Institutions",Shared Workplaces & Professional Interaction,0.003533380361575473,0.06631135842784293,0.0532095402298853,high,0.998589603410656,0.0005893115748220046,0.001410396589344042,0.0005222643485769702,6.704722624511163e-05
34812836,top,"Conflict, Risk & Harm",Interpersonal Non-Romantic Conflict,0.003158394792375641,0.1869950576995558,0.016860266004276665,high,0.9982242947937966,0.0016681599470548258,0.001775705206203443,0.0011503511220385884,0.0005178088250162509
34812836,top,"Conflict, Risk & Harm","Violence, Threats & Coercion",0.013731863331185151,0.8130049423004443,0.016860266004276665,high,0.9982242947937966,0.0016681599470548258,0.001775705206203443,0.0011503511220385884,0.0005178088250162509
34812836,top,Embodied & Sensory Experience,Body Parts & Physical Reactions,0.005320600354120554,0.383210776139409,0.01385961164734955,high,0.9982242947937966,0.0016681599470548258,0.001775705206203443,0.0011503511220385884,0.0005178088250162509
34812836,top,Embodied & Sensory Experience,Exercise & Physical Activity,0.008563665656668667,0.6167892238605909,0.01385961164734955,high,0.9982242947937966,0.0016681599470548258,0.001775705206203443,0.0011503511220385884,0.0005178088250162509
34812836,top,"Emotions, Cognition & Inner Life",Ambivalence & Internal Conflict,0.008073509933518524,0.04193437587493413,0.19218537516649994,high,0.9982242947937966,0.0016681599470548258,0.001775705206203443,0.0011503511220385884,0.0005178088250162509
34812836,top,"Emotions, Cognition & Inner Life","Beliefs, Values & Moral Reflection",0.02961349733140821,0.15381457857765096,0.19218537516649994,high,0.9982242947937966,0.0016681599470548258,0.001775705206203443,0.0011503511220385884,0.0005178088250162509
34812836,top,"Emotions, Cognition & Inner Life",Negative Emotions & Distress,0.10716611371205795,0.5566282980342925,0.19218537516649994,high,0.9982242947937966,0.0016681599470548258,0.001775705206203443,0.0011503511220385884,0.0005178088250162509
34812836,top,"Emotions, Cognition & Inner Life",Positive Emotions & Security,0.04767412582399578,0.24762274751312235,0.19218537516649994,high,0.9982242947937966,0.0016681599470548258,0.001775705206203443,0.0011503511220385884,0.0005178088250162509
34812836,top,Relationship Trajectory (Main Couple),"Bonding, Everyday Intimacy & Growth",0.1662628261012978,0.4302602843209207,0.38573765319134223,high,0.9982242947937966,0.0016681599470548258,0.001775705206203443,0.0011503511220385884,0.0005178088250162509
34812836,top,Relationship Trajectory (Main Couple),"Conflict, Distance & Breakup Threats",0.12385384982502126,0.3205129726802972,0.38573765319134223,medium,0.9982242947937966,0.0016681599470548258,0.001775705206203443,0.0011503511220385884,0.0005178088250162509
34812836,top,Relationship Trajectory (Main Couple),"Meeting, First Impressions & Setup",0.00022443597894992366,0.0005808026386848754,0.38573765319134223,high,0.9982242947937966,0.0016681599470548258,0.001775705206203443,0.0011503511220385884,0.0005178088250162509
34812836,top,Relationship Trajectory (Main Couple),"Reconciliation, Commitments & HEA",0.03050884059852744,0.07895175811715377,0.38573765319134223,high,0.9982242947937966,0.0016681599470548258,0.001775705206203443,0.0011503511220385884,0.0005178088250162509
34812836,top,Relationship Trajectory (Main Couple),"Secrets, Misunderstandings & Hidden Information",0.06557387549071675,0.16969418224294344,0.38573765319134223,medium,0.9982242947937966,0.0016681599470548258,0.001775705206203443,0.0011503511220385884,0.0005178088250162509
34812836,top,"Sexuality, Attraction & Intimacy",Attraction & Sexual Tension,0.03528053708430719,0.20028812143413893,0.17583613545703802,high,0.9982242947937966,0.0016681599470548258,0.001775705206203443,0.0011503511220385884,0.0005178088250162509
34812836,top,"Sexuality, Attraction & Intimacy",Explicit Sexual Acts,0.0854988504078154,0.4853782155310996,0.17583613545703802,high,0.9982242947937966,0.0016681599470548258,0.001775705206203443,0.0011503511220385884,0.0005178088250162509
34812836,top,"Sexuality, Attraction & Intimacy",Kissing & Non-Explicit Affection,0.055369536526362194,0.31433366303476146,0.17583613545703802,high,0.9982242947937966,0.0016681599470548258,0.001775705206203443,0.0011503511220385884,0.0005178088250162509
34812836,top,Social World Outside Couple,"Community, Norms & Social Events",0.004460472057332309,0.06577895242874651,0.06768960905391584,high,0.9982242947937966,0.0016681599470548258,0.001775705206203443,0.0011503511220385884,0.0005178088250162509
34812836,top,Social World Outside Couple,Family & Kinship,0.04086937243111533,0.6027040345471614,0.06768960905391584,high,0.9982242947937966,0.0016681599470548258,0.001775705206203443,0.0011503511220385884,0.0005178088250162509
34812836,top,Social World Outside Couple,Friends & Social Circles,0.02248017517040919,0.3315170130240922,0.06768960905391584,high,0.9982242947937966,0.0016681599470548258,0.001775705206203443,0.0011503511220385884,0.0005178088250162509
34812836,top,"Spaces, Time, Activities & Objects",Domestic Spaces & Routines,0.044138767913309736,0.6197764568458715,0.07109077795171524,high,0.9982242947937966,0.0016681599470548258,0.001775705206203443,0.0011503511220385884,0.0005178088250162509
34812836,top,"Spaces, Time, Activities & Objects",Public & Leisure Spaces,0.02434122397080173,0.3417883702042842,0.07109077795171524,high,0.9982242947937966,0.0016681599470548258,0.001775705206203443,0.0011503511220385884,0.0005178088250162509
34812836,top,"Spaces, Time, Activities & Objects","Time, Seasons & Temporal Framing",0.0027372468892650887,0.038435172949844346,0.07109077795171524,high,0.9982242947937966,0.0016681599470548258,0.001775705206203443,0.0011503511220385884,0.0005178088250162509
34812836,top,"Work, Wealth, Status & Institutions",Hero's Elite Work & Business World,0.05219343465999834,0.699836316683066,0.07444705749664281,high,0.9982242947937966,0.0016681599470548258,0.001775705206203443,0.0011503511220385884,0.0005178088250162509
34812836,top,"Work, Wealth, Status & Institutions",Heroine's Work & Professional Identity,0.004981465019799399,0.0667940355688801,0.07444705749664281,high,0.9982242947937966,0.0016681599470548258,0.001775705206203443,0.0011503511220385884,0.0005178088250162509
34812836,top,"Work, Wealth, Status & Institutions","Law, Medicine, Education & Formal Institutions",0.005579203066174424,0.07480881358533882,0.07444705749664281,high,0.9982242947937966,0.0016681599470548258,0.001775705206203443,0.0011503511220385884,0.0005178088250162509
34812836,top,"Work, Wealth, Status & Institutions","Money, Housing & Economic Security",0.007432714602344839,0.09966164603166236,0.07444705749664281,high,0.9982242947937966,0.0016681599470548258,0.001775705206203443,0.0011503511220385884,0.0005178088250162509
34812836,top,"Work, Wealth, Status & Institutions",Shared Workplaces & Professional Interaction,0.004392671334656157,0.05889918813105278,0.07444705749664281,high,0.9982242947937966,0.0016681599470548258,0.001775705206203443,0.0011503511220385884,0.0005178088250162509
35008850,middle,"Conflict, Risk & Harm",Interpersonal Non-Romantic Conflict,0.0034171028652364493,0.1687791186124118,0.020201749478735508,high,0.997814115032149,0.0020935014140083252,0.002185884967851109,0.0018223738389446889,0.0002711275750636594
35008850,middle,"Conflict, Risk & Harm","Violence, Threats & Coercion",0.016828902051305165,0.8312208813875882,0.020201749478735508,high,0.997814115032149,0.0020935014140083252,0.002185884967851109,0.0018223738389446889,0.0002711275750636594
35008850,middle,Embodied & Sensory Experience,Body Parts & Physical Reactions,0.0088550784985053,0.4287368188179673,0.02060873227516702,high,0.997814115032149,0.0020935014140083252,0.002185884967851109,0.0018223738389446889,0.0002711275750636594
35008850,middle,Embodied & Sensory Experience,Exercise & Physical Activity,0.011798800780906393,0.5712631811820327,0.02060873227516702,high,0.997814115032149,0.0020935014140083252,0.002185884967851109,0.0018223738389446889,0.0002711275750636594
35008850,middle,"Emotions, Cognition & Inner Life",Ambivalence & Internal Conflict,0.011051364749871144,0.060055778546063775,0.1836160983132058,high,0.997814115032149,0.0020935014140083252,0.002185884967851109,0.0018223738389446889,0.0002711275750636594
35008850,middle,"Emotions, Cognition & Inner Life","Beliefs, Values & Moral Reflection",0.02471895561255233,0.1343287600904433,0.1836160983132058,high,0.997814115032149,0.0020935014140083252,0.002185884967851109,0.0018223738389446889,0.0002711275750636594
35008850,middle,"Emotions, Cognition & Inner Life",Negative Emotions & Distress,0.1034366697977631,0.5620997836479168,0.1836160983132058,high,0.997814115032149,0.0020935014140083252,0.002185884967851109,0.0018223738389446889,0.0002711275750636594
35008850,middle,"Emotions, Cognition & Inner Life",Positive Emotions & Security,0.04481135107894272,0.24351567771557614,0.1836160983132058,high,0.997814115032149,0.0020935014140083252,0.002185884967851109,0.0018223738389446889,0.0002711275750636594
35008850,middle,Relationship Trajectory (Main Couple),"Bonding, Everyday Intimacy & Growth",0.16122752679181257,0.4011840871166864,0.40100070548860833,high,0.997814115032149,0.0020935014140083252,0.002185884967851109,0.0018223738389446889,0.0002711275750636594
35008850,middle,Relationship Trajectory (Main Couple),"Conflict, Distance & Breakup Threats",0.17410475993018995,0.43322663669867884,0.40100070548860833,medium,0.997814115032149,0.0020935014140083252,0.002185884967851109,0.0018223738389446889,0.0002711275750636594
35008850,middle,Relationship Trajectory (Main Couple),"Meeting, First Impressions & Setup",0.00035784354573608696,0.0008904257175147623,0.40100070548860833,high,0.997814115032149,0.0020935014140083252,0.002185884967851109,0.0018223738389446889,0.0002711275750636594
35008850,middle,Relationship Trajectory (Main Couple),"Reconciliation, Commitments & HEA",0.016466023679422275,0.040972573416701616,0.40100070548860833,high,0.997814115032149,0.0020935014140083252,0.002185884967851109,0.0018223738389446889,0.0002711275750636594
35008850,middle,Relationship Trajectory (Main Couple),"Secrets, Misunderstandings & Hidden Information",0.04972301317174513,0.12372627705041832,0.40100070548860833,medium,0.997814115032149,0.0020935014140083252,0.002185884967851109,0.0018223738389446889,0.0002711275750636594
35008850,middle,"Sexuality, Attraction & Intimacy",Attraction & Sexual Tension,0.035958788927225295,0.21404184481718388,0.16763164782892295,high,0.997814115032149,0.0020935014140083252,0.002185884967851109,0.0018223738389446889,0.0002711275750636594
35008850,middle,"Sexuality, Attraction & Intimacy",Explicit Sexual Acts,0.06757629678195204,0.4022425576788925,0.16763164782892295,high,0.997814115032149,0.0020935014140083252,0.002185884967851109,0.0018223738389446889,0.0002711275750636594
35008850,middle,"Sexuality, Attraction & Intimacy",Kissing & Non-Explicit Affection,0.0644637883331306,0.38371559750392364,0.16763164782892295,high,0.997814115032149,0.0020935014140083252,0.002185884967851109,0.0018223738389446889,0.0002711275750636594
35008850,middle,Social World Outside Couple,"Community, Norms & Social Events",0.0038223477239801677,0.05454082983099727,0.06992912508604349,high,0.997814115032149,0.0020935014140083252,0.002185884967851109,0.0018223738389446889,0.0002711275750636594
35008850,middle,Social World Outside Couple,Family & Kinship,0.04018542403340292,0.5734031888679284,0.06992912508604349,high,0.997814115032149,0.0020935014140083252,0.002185884967851109,0.0018223738389446889,0.0002711275750636594
35008850,middle,Social World Outside Couple,Friends & Social Circles,0.026074545211835585,0.3720559813010743,0.06992912508604349,high,0.997814115032149,0.0020935014140083252,0.002185884967851109,0.0018223738389446889,0.0002711275750636594
35008850,middle,"Spaces, Time, Activities & Objects",Domestic Spaces & Routines,0.042772217250145794,0.605277337996879,0.07051101936949952,high,0.997814115032149,0.0020935014140083252,0.002185884967851109,0.0018223738389446889,0.0002711275750636594
35008850,middle,"Spaces, Time, Activities & Objects",Public & Leisure Spaces,0.025420295303714955,0.359727170152132,0.07051101936949952,high,0.997814115032149,0.0020935014140083252,0.002185884967851109,0.0018223738389446889,0.0002711275750636594
35008850,middle,"Spaces, Time, Activities & Objects","Time, Seasons & Temporal Framing",0.0024729734392169313,0.034995491850989054,0.07051101936949952,high,0.997814115032149,0.0020935014140083252,0.002185884967851109,0.0018223738389446889,0.0002711275750636594
35008850,middle,"Work, Wealth, Status & Institutions",Hero's Elite Work & Business World,0.04946102117313147,0.7706104353352781,0.06404390961690266,high,0.997814115032149,0.0020935014140083252,0.002185884967851109,0.0018223738389446889,0.0002711275750636594
35008850,middle,"Work, Wealth, Status & Institutions",Heroine's Work & Professional Identity,0.005007941036958686,0.07802450356040244,0.06404390961690266,high,0.997814115032149,0.0020935014140083252,0.002185884967851109,0.0018223738389446889,0.0002711275750636594
35008850,middle,"Work, Wealth, Status & Institutions","Law, Medicine, Education & Formal Institutions",0.00400789247822254,0.06244359081485817,0.06404390961690266,high,0.997814115032149,0.0020935014140083252,0.002185884967851109,0.0018223738389446889,0.0002711275750636594
35008850,middle,"Work, Wealth, Status & Institutions","Money, Housing & Economic Security",0.0017634832923870947,0.027475345138873328,0.06404390961690266,high,0.997814115032149,0.0020935014140083252,0.002185884967851109,0.0018223738389446889,0.0002711275750636594
35008850,middle,"Work, Wealth, Status & Institutions",Shared Workplaces & Professional Interaction,0.0039438709336421345,0.06144612515058791,0.06404390961690266,high,0.997814115032149,0.0020935014140083252,0.002185884967851109,0.0018223738389446889,0.0002711275750636594
35053870,middle,"Conflict, Risk & Harm",Interpersonal Non-Romantic Conflict,0.002498087010236246,0.14882545585286336,0.01676267056836452,high,0.9986489975832743,0.0007063293314559793,0.0013510024167257021,0.0006362916930668682,7.003763838904171e-05
35053870,middle,"Conflict, Risk & Harm","Violence, Threats & Coercion",0.01428726060331977,0.8511745441471368,0.01676267056836452,high,0.9986489975832743,0.0007063293314559793,0.0013510024167257021,0.0006362916930668682,7.003763838904171e-05
35053870,middle,Embodied & Sensory Experience,Body Parts & Physical Reactions,0.006520536493679488,0.4057443008779825,0.016048844602444382,high,0.9986489975832743,0.0007063293314559793,0.0013510024167257021,0.0006362916930668682,7.003763838904171e-05
35053870,middle,Embodied & Sensory Experience,Exercise & Physical Activity,0.009550019468708206,0.5942556991220175,0.016048844602444382,high,0.9986489975832743,0.0007063293314559793,0.0013510024167257021,0.0006362916930668682,7.003763838904171e-05
35053870,middle,"Emotions, Cognition & Inner Life",Ambivalence & Internal Conflict,0.008586028658429987,0.047254798062633316,0.18145096930892593,high,0.9986489975832743,0.0007063293314559793,0.0013510024167257021,0.0006362916930668682,7.003763838904171e-05
35053870,middle,"Emotions, Cognition & Inner Life","Beliefs, Values & Moral Reflection",0.020580065682645334,0.11326620101533236,0.18145096930892593,high,0.9986489975832743,0.0007063293314559793,0.0013510024167257021,0.0006362916930668682,7.003763838904171e-05
35053870,middle,"Emotions, Cognition & Inner Life",Negative Emotions & Distress,0.1049717880825245,0.5777316668100059,0.18145096930892593,high,0.9986489975832743,0.0007063293314559793,0.0013510024167257021,0.0006362916930668682,7.003763838904171e-05
35053870,middle,"Emotions, Cognition & Inner Life",Positive Emotions & Security,0.04755855921709314,0.2617473341120285,0.18145096930892593,high,0.9986489975832743,0.0007063293314559793,0.0013510024167257021,0.0006362916930668682,7.003763838904171e-05
35053870,middle,Relationship Trajectory (Main Couple),"Bonding, Everyday Intimacy & Growth",0.15929265989859134,0.4483576483238267,0.3548003602142365,high,0.9986489975832743,0.0007063293314559793,0.0013510024167257021,0.0006362916930668682,7.003763838904171e-05
35053870,middle,Relationship Trajectory (Main Couple),"Conflict, Distance & Breakup Threats",0.12313630696142047,0.3465891337846356,0.3548003602142365,medium,0.9986489975832743,0.0007063293314559793,0.0013510024167257021,0.0006362916930668682,7.003763838904171e-05
35053870,middle,Relationship Trajectory (Main Couple),"Meeting, First Impressions & Setup",0.0002507783975584078,0.0007058606005530059,0.3548003602142365,high,0.9986489975832743,0.0007063293314559793,0.0013510024167257021,0.0006362916930668682,7.003763838904171e-05
35053870,middle,Relationship Trajectory (Main Couple),"Reconciliation, Commitments & HEA",0.011235731112826199,0.03162497243848306,0.3548003602142365,high,0.9986489975832743,0.0007063293314559793,0.0013510024167257021,0.0006362916930668682,7.003763838904171e-05
35053870,middle,Relationship Trajectory (Main Couple),"Secrets, Misunderstandings & Hidden Information",0.06136486844830526,0.17272238485250158,0.3548003602142365,medium,0.9986489975832743,0.0007063293314559793,0.0013510024167257021,0.0006362916930668682,7.003763838904171e-05
35053870,middle,"Sexuality, Attraction & Intimacy",Attraction & Sexual Tension,0.029248801411514123,0.18739996111347024,0.15586602065746794,high,0.9986489975832743,0.0007063293314559793,0.0013510024167257021,0.0006362916930668682,7.003763838904171e-05
35053870,middle,"Sexuality, Attraction & Intimacy",Explicit Sexual Acts,0.06261602774028732,0.40118707766912115,0.15586602065746794,high,0.9986489975832743,0.0007063293314559793,0.0013510024167257021,0.0006362916930668682,7.003763838904171e-05
35053870,middle,"Sexuality, Attraction & Intimacy",Kissing & Non-Explicit Affection,0.06421205174895843,0.4114129612174086,0.15586602065746794,high,0.9986489975832743,0.0007063293314559793,0.0013510024167257021,0.0006362916930668682,7.003763838904171e-05
35053870,middle,Social World Outside Couple,"Community, Norms & Social Events",0.009479790635568579,0.13346225620264823,0.07093378821001846,high,0.9986489975832743,0.0007063293314559793,0.0013510024167257021,0.0006362916930668682,7.003763838904171e-05
35053870,middle,Social World Outside Couple,Family & Kinship,0.03716438600179934,0.5232228217758275,0.07093378821001846,high,0.9986489975832743,0.0007063293314559793,0.0013510024167257021,0.0006362916930668682,7.003763838904171e-05
35053870,middle,Social World Outside Couple,Friends & Social Circles,0.024385572935983552,0.3433149220215242,0.07093378821001846,high,0.9986489975832743,0.0007063293314559793,0.0013510024167257021,0.0006362916930668682,7.003763838904171e-05
35053870,middle,"Spaces, Time, Activities & Objects",Domestic Spaces & Routines,0.04631461532578277,0.3422420569457897,0.1351442443436288,high,0.9986489975832743,0.0007063293314559793,0.0013510024167257021,0.0006362916930668682,7.003763838904171e-05
35053870,middle,"Spaces, Time, Activities & Objects",Public & Leisure Spaces,0.08638606345698438,0.6383502020043641,0.1351442443436288,high,0.9986489975832743,0.0007063293314559793,0.0013510024167257021,0.0006362916930668682,7.003763838904171e-05
35053870,middle,"Spaces, Time, Activities & Objects","Time, Seasons & Temporal Framing",0.0026263927615664514,0.019407741049846307,0.1351442443436288,high,0.9986489975832743,0.0007063293314559793,0.0013510024167257021,0.0006362916930668682,7.003763838904171e-05
35053870,middle,"Work, Wealth, Status & Institutions",Hero's Elite Work & Business World,0.046195423158999986,0.682723179344431,0.0675720620397987,high,0.9986489975832743,0.0007063293314559793,0.0013510024167257021,0.0006362916930668682,7.003763838904171e-05
35053870,middle,"Work, Wealth, Status & Institutions",Heroine's Work & Professional Identity,0.006375297245067052,0.0942206588180151,0.0675720620397987,high,0.9986489975832743,0.0007063293314559793,0.0013510024167257021,0.0006362916930668682,7.003763838904171e-05
35053870,middle,"Work, Wealth, Status & Institutions","Law, Medicine, Education & Formal Institutions",0.007717751240338574,0.11406081606954242,0.0675720620397987,high,0.9986489975832743,0.0007063293314559793,0.0013510024167257021,0.0006362916930668682,7.003763838904171e-05
35053870,middle,"Work, Wealth, Status & Institutions","Money, Housing & Economic Security",0.0025648969309790045,0.03790666840265972,0.0675720620397987,high,0.9986489975832743,0.0007063293314559793,0.0013510024167257021,0.0006362916930668682,7.003763838904171e-05
35053870,middle,"Work, Wealth, Status & Institutions",Shared Workplaces & Professional Interaction,0.004810106983418091,0.07108867736535178,0.0675720620397987,high,0.9986489975832743,0.0007063293314559793,0.0013510024167257021,0.0006362916930668682,7.003763838904171e-05
35109856,middle,"Conflict, Risk & Harm",Interpersonal Non-Romantic Conflict,0.0035425330268069595,0.14882891394524464,0.023769845267865183,high,0.9986188495895317,0.0008914812950400197,0.0013811504104682044,0.0008379720357955493,5.350925924454394e-05
35109856,middle,"Conflict, Risk & Harm","Violence, Threats & Coercion",0.020260187378115746,0.8511710860547554,0.023769845267865183,high,0.9986188495895317,0.0008914812950400197,0.0013811504104682044,0.0008379720357955493,5.350925924454394e-05
35109856,middle,Embodied & Sensory Experience,Body Parts & Physical Reactions,0.006434260444164198,0.3781173785927655,0.016993066509198573,high,0.9986188495895317,0.0008914812950400197,0.0013811504104682044,0.0008379720357955493,5.350925924454394e-05
35109856,middle,Embodied & Sensory Experience,Exercise & Physical Activity,0.010582308506224965,0.6218826214072344,0.016993066509198573,high,0.9986188495895317,0.0008914812950400197,0.0013811504104682044,0.0008379720357955493,5.350925924454394e-05
35109856,middle,"Emotions, Cognition & Inner Life",Ambivalence & Internal Conflict,0.009516256204877362,0.04844688118933708,0.196155306397834,high,0.9986188495895317,0.0008914812950400197,0.0013811504104682044,0.0008379720357955493,5.350925924454394e-05
35109856,middle,"Emotions, Cognition & Inner Life","Beliefs, Values & Moral Reflection",0.02544975285299694,0.12956367779749414,0.196155306397834,high,0.9986188495895317,0.0008914812950400197,0.0013811504104682044,0.0008379720357955493,5.350925924454394e-05
35109856,middle,"Emotions, Cognition & Inner Life",Negative Emotions & Distress,0.11170373175931446,0.5686792478512119,0.196155306397834,high,0.9986188495895317,0.0008914812950400197,0.0013811504104682044,0.0008379720357955493,5.350925924454394e-05
35109856,middle,"Emotions, Cognition & Inner Life",Positive Emotions & Security,0.049756860261351746,0.2533101931619569,0.196155306397834,high,0.9986188495895317,0.0008914812950400197,0.0013811504104682044,0.0008379720357955493,5.350925924454394e-05
35109856,middle,Relationship Trajectory (Main Couple),"Bonding, Everyday Intimacy & Growth",0.19185998960730552,0.4564870350880978,0.4197161964675095,high,0.9986188495895317,0.0008914812950400197,0.0013811504104682044,0.0008379720357955493,5.350925924454394e-05
35109856,middle,Relationship Trajectory (Main Couple),"Conflict, Distance & Breakup Threats",0.15807493599667535,0.37610321465437796,0.4197161964675095,medium,0.9986188495895317,0.0008914812950400197,0.0013811504104682044,0.0008379720357955493,5.350925924454394e-05
35109856,middle,Relationship Trajectory (Main Couple),"Meeting, First Impressions & Setup",0.00021569898295102673,0.0005132064762453375,0.4197161964675095,high,0.9986188495895317,0.0008914812950400197,0.0013811504104682044,0.0008379720357955493,5.350925924454394e-05
35109856,middle,Relationship Trajectory (Main Couple),"Reconciliation, Commitments & HEA",0.0065590827643218046,0.015605839706918739,0.4197161964675095,high,0.9986188495895317,0.0008914812950400197,0.0013811504104682044,0.0008379720357955493,5.350925924454394e-05
35109856,middle,Relationship Trajectory (Main Couple),"Secrets, Misunderstandings & Hidden Information",0.06358698206135649,0.15129070407436018,0.4197161964675095,medium,0.9986188495895317,0.0008914812950400197,0.0013811504104682044,0.0008379720357955493,5.350925924454394e-05
35109856,middle,"Sexuality, Attraction & Intimacy",Attraction & Sexual Tension,0.029445159156402542,0.20162831536322542,0.1458351269253842,high,0.9986188495895317,0.0008914812950400197,0.0013811504104682044,0.0008379720357955493,5.350925924454394e-05
35109856,middle,"Sexuality, Attraction & Intimacy",Explicit Sexual Acts,0.06443302446603319,0.4412107982788366,0.1458351269253842,high,0.9986188495895317,0.0008914812950400197,0.0013811504104682044,0.0008379720357955493,5.350925924454394e-05
35109856,middle,"Sexuality, Attraction & Intimacy",Kissing & Non-Explicit Affection,0.052158642124772704,0.35716088635793797,0.1458351269253842,high,0.9986188495895317,0.0008914812950400197,0.0013811504104682044,0.0008379720357955493,5.350925924454394e-05
35109856,middle,Social World Outside Couple,"Community, Norms & Social Events",0.0034374914188603735,0.04244511324962957,0.0808748867269471,high,0.9986188495895317,0.0008914812950400197,0.0013811504104682044,0.0008379720357955493,5.350925924454394e-05
35109856,middle,Social World Outside Couple,Family & Kinship,0.03558608636290189,0.4394063233138858,0.0808748867269471,high,0.9986188495895317,0.0008914812950400197,0.0013811504104682044,0.0008379720357955493,5.350925924454394e-05
35109856,middle,Social World Outside Couple,Friends & Social Circles,0.041963163816585894,0.5181485634364847,0.0808748867269471,high,0.9986188495895317,0.0008914812950400197,0.0013811504104682044,0.0008379720357955493,5.350925924454394e-05
35109856,middle,"Spaces, Time, Activities & Objects",Domestic Spaces & Routines,0.039798183076528826,0.6374346856730202,0.06234868715635526,high,0.9986188495895317,0.0008914812950400197,0.0013811504104682044,0.0008379720357955493,5.350925924454394e-05
35109856,middle,"Spaces, Time, Activities & Objects",Public & Leisure Spaces,0.020386465492261252,0.3265234545520575,0.06234868715635526,high,0.9986188495895317,0.0008914812950400197,0.0013811504104682044,0.0008379720357955493,5.350925924454394e-05
35109856,middle,"Spaces, Time, Activities & Objects","Time, Seasons & Temporal Framing",0.0022502706018052055,0.03604185977492234,0.06234868715635526,high,0.9986188495895317,0.0008914812950400197,0.0013811504104682044,0.0008379720357955493,5.350925924454394e-05
35109856,middle,"Work, Wealth, Status & Institutions",Hero's Elite Work & Business World,0.04063228522722429,0.7674382158593875,0.052872224879193325,high,0.9986188495895317,0.0008914812950400197,0.0013811504104682044,0.0008379720357955493,5.350925924454394e-05
35109856,middle,"Work, Wealth, Status & Institutions",Heroine's Work & Professional Identity,0.004579377350191749,0.08649253084646462,0.052872224879193325,high,0.9986188495895317,0.0008914812950400197,0.0013811504104682044,0.0008379720357955493,5.350925924454394e-05
35109856,middle,"Work, Wealth, Status & Institutions","Law, Medicine, Education & Formal Institutions",0.003406368902211781,0.06433745132111762,0.052872224879193325,high,0.9986188495895317,0.0008914812950400197,0.0013811504104682044,0.0008379720357955493,5.350925924454394e-05
35109856,middle,"Work, Wealth, Status & Institutions","Money, Housing & Economic Security",0.0015613138579284047,0.029489159047404272,0.052872224879193325,high,0.9986188495895317,0.0008914812950400197,0.0013811504104682044,0.0008379720357955493,5.350925924454394e-05
35109856,middle,"Work, Wealth, Status & Institutions",Shared Workplaces & Professional Interaction,0.002766005034035205,0.05224264292562588,0.052872224879193325,high,0.9986188495895317,0.0008914812950400197,0.0013811504104682044,0.0008379720357955493,5.350925924454394e-05
36429604,trash,"Conflict, Risk & Harm",Interpersonal Non-Romantic Conflict,0.0030336390849988316,0.1863882269288828,0.016255120889470225,high,0.9987223516749245,0.0004887544797689269,0.00127764832507537,0.0004118193709482875,7.69351088206605e-05
36429604,trash,"Conflict, Risk & Harm","Violence, Threats & Coercion",0.01324227670101446,0.8136117730711171,0.016255120889470225,high,0.9987223516749245,0.0004887544797689269,0.00127764832507537,0.0004118193709482875,7.69351088206605e-05
36429604,trash,Embodied & Sensory Experience,Body Parts & Physical Reactions,0.003565525276517889,0.3832227189718432,0.009292167746928306,high,0.9987223516749245,0.0004887544797689269,0.00127764832507537,0.0004118193709482875,7.69351088206605e-05
36429604,trash,Embodied & Sensory Experience,Exercise & Physical Activity,0.005738529780770772,0.6167772810281568,0.009292167746928306,high,0.9987223516749245,0.0004887544797689269,0.00127764832507537,0.0004118193709482875,7.69351088206605e-05
36429604,trash,"Emotions, Cognition & Inner Life",Ambivalence & Internal Conflict,0.004610456621207907,0.03044024539335206,0.15126573454081263,high,0.9987223516749245,0.0004887544797689269,0.00127764832507537,0.0004118193709482875,7.69351088206605e-05
36429604,trash,"Emotions, Cognition & Inner Life","Beliefs, Values & Moral Reflection",0.018569223473318266,0.122602112053645,0.15126573454081263,high,0.9987223516749245,0.0004887544797689269,0.00127764832507537,0.0004118193709482875,7.69351088206605e-05
36429604,trash,"Emotions, Cognition & Inner Life",Negative Emotions & Distress,0.09697080921667901,0.6402435747837663,0.15126573454081263,high,0.9987223516749245,0.0004887544797689269,0.00127764832507537,0.0004118193709482875,7.69351088206605e-05
36429604,trash,"Emotions, Cognition & Inner Life",Positive Emotions & Security,0.03130875688182318,0.2067140677692368,0.15126573454081263,high,0.9987223516749245,0.0004887544797689269,0.00127764832507537,0.0004118193709482875,7.69351088206605e-05
36429604,trash,Relationship Trajectory (Main Couple),"Bonding, Everyday Intimacy & Growth",0.21722966316728196,0.5064558519900614,0.42837321199763134,high,0.9987223516749245,0.0004887544797689269,0.00127764832507537,0.0004118193709482875,7.69351088206605e-05
36429604,trash,Relationship Trajectory (Main Couple),"Conflict, Distance & Breakup Threats",0.09488065251342918,0.22120764266461018,0.42837321199763134,medium,0.9987223516749245,0.0004887544797689269,0.00127764832507537,0.0004118193709482875,7.69351088206605e-05
36429604,trash,Relationship Trajectory (Main Couple),"Meeting, First Impressions & Setup",0.0002375579775231831,0.0005538499031363431,0.42837321199763134,high,0.9987223516749245,0.0004887544797689269,0.00127764832507537,0.0004118193709482875,7.69351088206605e-05
36429604,trash,Relationship Trajectory (Main Couple),"Reconciliation, Commitments & HEA",0.009759490795431067,0.02275357404565389,0.42837321199763134,high,0.9987223516749245,0.0004887544797689269,0.00127764832507537,0.0004118193709482875,7.69351088206605e-05
36429604,trash,Relationship Trajectory (Main Couple),"Secrets, Misunderstandings & Hidden Information",0.10681385802545575,0.24902908139653826,0.42837321199763134,medium,0.9987223516749245,0.0004887544797689269,0.00127764832507537,0.0004118193709482875,7.69351088206605e-05
36429604,trash,"Sexuality, Attraction & Intimacy",Attraction & Sexual Tension,0.05975954126217452,0.33371038147815757,0.17884726666281456,high,0.9987223516749245,0.0004887544797689269,0.00127764832507537,0.0004118193709482875,7.69351088206605e-05
36429604,trash,"Sexuality, Attraction & Intimacy",Explicit Sexual Acts,0.08176729618509648,0.45660651045923284,0.17884726666281456,high,0.9987223516749245,0.0004887544797689269,0.00127764832507537,0.0004118193709482875,7.69351088206605e-05
36429604,trash,"Sexuality, Attraction & Intimacy",Kissing & Non-Explicit Affection,0.03754922544736199,0.20968310806260954,0.17884726666281456,high,0.9987223516749245,0.0004887544797689269,0.00127764832507537,0.0004118193709482875,7.69351088206605e-05
36429604,trash,Social World Outside Couple,"Community, Norms & Social Events",0.0037536712674038878,0.061432850259311673,0.061023953467436096,high,0.9987223516749245,0.0004887544797689269,0.00127764832507537,0.0004118193709482875,7.69351088206605e-05
36429604,trash,Social World Outside Couple,Family & Kinship,0.032408001247339606,0.5303916475372007,0.061023953467436096,high,0.9987223516749245,0.0004887544797689269,0.00127764832507537,0.0004118193709482875,7.69351088206605e-05
36429604,trash,Social World Outside Couple,Friends & Social Circles,0.024940347846666086,0.4081755022034877,0.061023953467436096,high,0.9987223516749245,0.0004887544797689269,0.00127764832507537,0.0004118193709482875,7.69351088206605e-05
36429604,trash,"Spaces, Time, Activities & Objects",Domestic Spaces & Routines,0.028235214675860973,0.5280906648896132,0.05339829289922532,high,0.9987223516749245,0.0004887544797689269,0.00127764832507537,0.0004118193709482875,7.69351088206605e-05
36429604,trash,"Spaces, Time, Activities & Objects",Public & Leisure Spaces,0.023485302219532527,0.4392517998047861,0.05339829289922532,high,0.9987223516749245,0.0004887544797689269,0.00127764832507537,0.0004118193709482875,7.69351088206605e-05
36429604,trash,"Spaces, Time, Activities & Objects","Time, Seasons & Temporal Framing",0.0017460875214124231,0.03265753530560065,0.05339829289922532,high,0.9987223516749245,0.0004887544797689269,0.00127764832507537,0.0004118193709482875,7.69351088206605e-05
36429604,trash,"Work, Wealth, Status & Institutions",Hero's Elite Work & Business World,0.0847609184475779,0.8449236851090319,0.10018966836178538,high,0.9987223516749245,0.0004887544797689269,0.00127764832507537,0.0004118193709482875,7.69351088206605e-05
36429604,trash,"Work, Wealth, Status & Institutions",Heroine's Work & Professional Identity,0.006561550471689479,0.06540761362794324,0.10018966836178538,high,0.9987223516749245,0.0004887544797689269,0.00127764832507537,0.0004118193709482875,7.69351088206605e-05
36429604,trash,"Work, Wealth, Status & Institutions","Law, Medicine, Education & Formal Institutions",0.002443955464698528,0.024362122252752024,0.10018966836178538,high,0.9987223516749245,0.0004887544797689269,0.00127764832507537,0.0004118193709482875,7.69351088206605e-05
36429604,trash,"Work, Wealth, Status & Institutions","Money, Housing & Economic Security",0.005094597143378372,0.050784558159211485,0.10018966836178538,high,0.9987223516749245,0.0004887544797689269,0.00127764832507537,0.0004118193709482875,7.69351088206605e-05
36429604,trash,"Work, Wealth, Status & Institutions",Shared Workplaces & Professional Interaction,0.0014568177537738157,0.014522020851061326,0.10018966836178538,high,0.9987223516749245,0.0004887544797689269,0.00127764832507537,0.0004118193709482875,7.69351088206605e-05
36437212,trash,"Conflict, Risk & Harm",Interpersonal Non-Romantic Conflict,0.0015326044640824146,0.08653415238457188,0.017645295089301613,high,0.9962914045422321,0.000438115127732841,0.0037085954577679037,0.00038777912044010563,5.033600729281295e-05
36437212,trash,"Conflict, Risk & Harm","Violence, Threats & Coercion",0.016178373477566226,0.9134658476154282,0.017645295089301613,high,0.9962914045422321,0.000438115127732841,0.0037085954577679037,0.00038777912044010563,5.033600729281295e-05
36437212,trash,Embodied & Sensory Experience,Body Parts & Physical Reactions,0.015878237791307044,0.6420643778798649,0.02463826428588562,high,0.9962914045422321,0.000438115127732841,0.0037085954577679037,0.00038777912044010563,5.033600729281295e-05
36437212,trash,Embodied & Sensory Experience,Exercise & Physical Activity,0.0088517399778038,0.3579356221201351,0.02463826428588562,high,0.9962914045422321,0.000438115127732841,0.0037085954577679037,0.00038777912044010563,5.033600729281295e-05
36437212,trash,"Emotions, Cognition & Inner Life",Ambivalence & Internal Conflict,0.016418437329837544,0.08284681665660328,0.19744328928815505,high,0.9962914045422321,0.000438115127732841,0.0037085954577679037,0.00038777912044010563,5.033600729281295e-05
36437212,trash,"Emotions, Cognition & Inner Life","Beliefs, Values & Moral Reflection",0.022161072353047675,0.1118239367890456,0.19744328928815505,high,0.9962914045422321,0.000438115127732841,0.0037085954577679037,0.00038777912044010563,5.033600729281295e-05
36437212,trash,"Emotions, Cognition & Inner Life",Negative Emotions & Distress,0.11003440270456372,0.5552294535495871,0.19744328928815505,high,0.9962914045422321,0.000438115127732841,0.0037085954577679037,0.00038777912044010563,5.033600729281295e-05
36437212,trash,"Emotions, Cognition & Inner Life",Positive Emotions & Security,0.04956433986684478,0.2500997930047641,0.19744328928815505,high,0.9962914045422321,0.000438115127732841,0.0037085954577679037,0.00038777912044010563,5.033600729281295e-05
36437212,trash,Relationship Trajectory (Main Couple),"Bonding, Everyday Intimacy & Growth",0.17091049358495622,0.459398767176159,0.3706510941494726,high,0.9962914045422321,0.000438115127732841,0.0037085954577679037,0.00038777912044010563,5.033600729281295e-05
36437212,trash,Relationship Trajectory (Main Couple),"Conflict, Distance & Breakup Threats",0.13014076901040056,0.3498118084423916,0.3706510941494726,medium,0.9962914045422321,0.000438115127732841,0.0037085954577679037,0.00038777912044010563,5.033600729281295e-05
36437212,trash,Relationship Trajectory (Main Couple),"Meeting, First Impressions & Setup",0.00019518412931816966,0.0005246450729869742,0.3706510941494726,high,0.9962914045422321,0.000438115127732841,0.0037085954577679037,0.00038777912044010563,5.033600729281295e-05
36437212,trash,Relationship Trajectory (Main Couple),"Reconciliation, Commitments & HEA",0.003252471424956162,0.008742478776809677,0.3706510941494726,high,0.9962914045422321,0.000438115127732841,0.0037085954577679037,0.00038777912044010563,5.033600729281295e-05
36437212,trash,Relationship Trajectory (Main Couple),"Secrets, Misunderstandings & Hidden Information",0.06753188775677571,0.1815223005316526,0.3706510941494726,medium,0.9962914045422321,0.000438115127732841,0.0037085954577679037,0.00038777912044010563,5.033600729281295e-05
36437212,trash,"Sexuality, Attraction & Intimacy",Attraction & Sexual Tension,0.03887814423560297,0.19913789631286463,0.19450823596945915,high,0.9962914045422321,0.000438115127732841,0.0037085954577679037,0.00038777912044010563,5.033600729281295e-05
36437212,trash,"Sexuality, Attraction & Intimacy",Explicit Sexual Acts,0.08583779563581935,0.4396701124277711,0.19450823596945915,high,0.9962914045422321,0.000438115127732841,0.0037085954577679037,0.00038777912044010563,5.033600729281295e-05
36437212,trash,"Sexuality, Attraction & Intimacy",Kissing & Non-Explicit Affection,0.07051633362071952,0.36119199125936435,0.19450823596945915,high,0.9962914045422321,0.000438115127732841,0.0037085954577679037,0.00038777912044010563,5.033600729281295e-05
36437212,trash,Social World Outside Couple,"Community, Norms & Social Events",0.002203601710509036,0.03830632360906393,0.05731245487351432,high,0.9962914045422321,0.000438115127732841,0.0037085954577679037,0.00038777912044010563,5.033600729281295e-05
36437212,trash,Social World Outside Couple,Family & Kinship,0.02773418805951789,0.4821174252025398,0.05731245487351432,high,0.9962914045422321,0.000438115127732841,0.0037085954577679037,0.00038777912044010563,5.033600729281295e-05
36437212,trash,Social World Outside Couple,Friends & Social Circles,0.02758800500469341,0.4795762511883962,0.05731245487351432,high,0.9962914045422321,0.000438115127732841,0.0037085954577679037,0.00038777912044010563,5.033600729281295e-05
36437212,trash,"Spaces, Time, Activities & Objects",Domestic Spaces & Routines,0.04853407074918609,0.6938808429057427,0.06968642816591944,high,0.9962914045422321,0.000438115127732841,0.0037085954577679037,0.00038777912044010563,5.033600729281295e-05
36437212,trash,"Spaces, Time, Activities & Objects",Public & Leisure Spaces,0.019387007526414844,0.27717174587244575,0.06968642816591944,high,0.9962914045422321,0.000438115127732841,0.0037085954577679037,0.00038777912044010563,5.033600729281295e-05
36437212,trash,"Spaces, Time, Activities & Objects","Time, Seasons & Temporal Framing",0.002024750673850257,0.028947411221811582,0.06968642816591944,high,0.9962914045422321,0.000438115127732841,0.0037085954577679037,0.00038777912044010563,5.033600729281295e-05
36437212,trash,"Work, Wealth, Status & Institutions",Hero's Elite Work & Business World,0.04784908481896478,0.740748756099337,0.0643560067132315,high,0.9962914045422321,0.000438115127732841,0.0037085954577679037,0.00038777912044010563,5.033600729281295e-05
36437212,trash,"Work, Wealth, Status & Institutions",Heroine's Work & Professional Identity,0.0055192250608240056,0.08544278566467517,0.0643560067132315,high,0.9962914045422321,0.000438115127732841,0.0037085954577679037,0.00038777912044010563,5.033600729281295e-05
36437212,trash,"Work, Wealth, Status & Institutions","Law, Medicine, Education & Formal Institutions",0.00407484500707512,0.0630824263767767,0.0643560067132315,high,0.9962914045422321,0.000438115127732841,0.0037085954577679037,0.00038777912044010563,5.033600729281295e-05
36437212,trash,"Work, Wealth, Status & Institutions","Money, Housing & Economic Security",0.001820052329301831,0.02817611881328352,0.0643560067132315,high,0.9962914045422321,0.000438115127732841,0.0037085954577679037,0.00038777912044010563,5.033600729281295e-05
36437212,trash,"Work, Wealth, Status & Institutions",Shared Workplaces & Professional Interaction,0.0053323583179977095,0.08254991304592758,0.0643560067132315,high,0.9962914045422321,0.000438115127732841,0.0037085954577679037,0.00038777912044010563,5.033600729281295e-05
36512901,middle,"Conflict, Risk & Harm",Interpersonal Non-Romantic Conflict,0.0031138927192742626,0.20850120202645925,0.014925435696046761,high,0.9993829473096497,0.000931377192918359,0.0006170526903502636,0.0003271971366064258,0.0006041800563119954
36512901,middle,"Conflict, Risk & Harm","Violence, Threats & Coercion",0.011820758443451903,0.7914987979735407,0.014925435696046761,high,0.9993829473096497,0.000931377192918359,0.0006170526903502636,0.0003271971366064258,0.0006041800563119954
36512901,middle,Embodied & Sensory Experience,Body Parts & Physical Reactions,0.0029801311230161715,0.24490485192911737,0.012161017642684853,high,0.9993829473096497,0.000931377192918359,0.0006170526903502636,0.0003271971366064258,0.0006041800563119954
36512901,middle,Embodied & Sensory Experience,Exercise & Physical Activity,0.00918839514153782,0.7550951480708825,0.012161017642684853,high,0.9993829473096497,0.000931377192918359,0.0006170526903502636,0.0003271971366064258,0.0006041800563119954
36512901,middle,"Emotions, Cognition & Inner Life",Ambivalence & Internal Conflict,0.0026187304564332724,0.017003510735711252,0.15391612958277437,high,0.9993829473096497,0.000931377192918359,0.0006170526903502636,0.0003271971366064258,0.0006041800563119954
36512901,middle,"Emotions, Cognition & Inner Life","Beliefs, Values & Moral Reflection",0.015878706913356445,0.10310101324372345,0.15391612958277437,high,0.9993829473096497,0.000931377192918359,0.0006170526903502636,0.0003271971366064258,0.0006041800563119954
36512901,middle,"Emotions, Cognition & Inner Life",Negative Emotions & Distress,0.10314539029191928,0.6697267169514305,0.15391612958277437,high,0.9993829473096497,0.000931377192918359,0.0006170526903502636,0.0003271971366064258,0.0006041800563119954
36512901,middle,"Emotions, Cognition & Inner Life",Positive Emotions & Security,0.03236833492328242,0.21016875906913488,0.15391612958277437,high,0.9993829473096497,0.000931377192918359,0.0006170526903502636,0.0003271971366064258,0.0006041800563119954
36512901,middle,Relationship Trajectory (Main Couple),"Bonding, Everyday Intimacy & Growth",0.2658404788423495,0.6233995171745743,0.42617363976122047,high,0.9993829473096497,0.000931377192918359,0.0006170526903502636,0.0003271971366064258,0.0006041800563119954
36512901,middle,Relationship Trajectory (Main Couple),"Conflict, Distance & Breakup Threats",0.09760017831203459,0.22887373774238795,0.42617363976122047,medium,0.9993829473096497,0.000931377192918359,0.0006170526903502636,0.0003271971366064258,0.0006041800563119954
36512901,middle,Relationship Trajectory (Main Couple),"Meeting, First Impressions & Setup",0.00018505260556811437,0.0004339508620561582,0.42617363976122047,high,0.9993829473096497,0.000931377192918359,0.0006170526903502636,0.0003271971366064258,0.0006041800563119954
36512901,middle,Relationship Trajectory (Main Couple),"Reconciliation, Commitments & HEA",0.018628410856639865,0.0436838753237639,0.42617363976122047,high,0.9993829473096497,0.000931377192918359,0.0006170526903502636,0.0003271971366064258,0.0006041800563119954
36512901,middle,Relationship Trajectory (Main Couple),"Secrets, Misunderstandings & Hidden Information",0.044182653103116434,0.10360891889721764,0.42617363976122047,medium,0.9993829473096497,0.000931377192918359,0.0006170526903502636,0.0003271971366064258,0.0006041800563119954
36512901,middle,"Sexuality, Attraction & Intimacy",Attraction & Sexual Tension,0.02256326900902592,0.14561678618510682,0.15485403073321688,high,0.9993829473096497,0.000931377192918359,0.0006170526903502636,0.0003271971366064258,0.0006041800563119954
36512901,middle,"Sexuality, Attraction & Intimacy",Explicit Sexual Acts,0.0965174948887497,0.6228958849320547,0.15485403073321688,high,0.9993829473096497,0.000931377192918359,0.0006170526903502636,0.0003271971366064258,0.0006041800563119954
36512901,middle,"Sexuality, Attraction & Intimacy",Kissing & Non-Explicit Affection,0.03586887892941659,0.23148732888283843,0.15485403073321688,high,0.9993829473096497,0.000931377192918359,0.0006170526903502636,0.0003271971366064258,0.0006041800563119954
36512901,middle,Social World Outside Couple,"Community, Norms & Social Events",0.003199219292941708,0.053470671184344995,0.059794372040836825,high,0.9993829473096497,0.000931377192918359,0.0006170526903502636,0.0003271971366064258,0.0006041800563119954
36512901,middle,Social World Outside Couple,Family & Kinship,0.03585171961953714,0.5992135379400296,0.059794372040836825,high,0.9993829473096497,0.000931377192918359,0.0006170526903502636,0.0003271971366064258,0.0006041800563119954
36512901,middle,Social World Outside Couple,Friends & Social Circles,0.020780352187498352,0.3473157908756255,0.059794372040836825,high,0.9993829473096497,0.000931377192918359,0.0006170526903502636,0.0003271971366064258,0.0006041800563119954
36512901,middle,"Spaces, Time, Activities & Objects",Domestic Spaces & Routines,0.026687060849933827,0.4496929952304768,0.05930844778573794,high,0.9993829473096497,0.000931377192918359,0.0006170526903502636,0.0003271971366064258,0.0006041800563119954
36512901,middle,"Spaces, Time, Activities & Objects",Public & Leisure Spaces,0.030040993173867034,0.5062087682124078,0.05930844778573794,high,0.9993829473096497,0.000931377192918359,0.0006170526903502636,0.0003271971366064258,0.0006041800563119954
36512901,middle,"Spaces, Time, Activities & Objects","Time, Seasons & Temporal Framing",0.002617012795076688,0.0440982365571155,0.05930844778573794,high,0.9993829473096497,0.000931377192918359,0.0006170526903502636,0.0003271971366064258,0.0006041800563119954
36512901,middle,"Work, Wealth, Status & Institutions",Hero's Elite Work & Business World,0.10623673648132965,0.9024655233663332,0.1176456940108196,high,0.9993829473096497,0.000931377192918359,0.0006170526903502636,0.0003271971366064258,0.0006041800563119954
36512901,middle,"Work, Wealth, Status & Institutions",Heroine's Work & Professional Identity,0.004445383138444987,0.03776287895765393,0.1176456940108196,high,0.9993829473096497,0.000931377192918359,0.0006170526903502636,0.0003271971366064258,0.0006041800563119954
36512901,middle,"Work, Wealth, Status & Institutions","Law, Medicine, Education & Formal Institutions",0.0037263887901036723,0.03165512722916108,0.1176456940108196,high,0.9993829473096497,0.000931377192918359,0.0006170526903502636,0.0003271971366064258,0.0006041800563119954
36512901,middle,"Work, Wealth, Status & Institutions","Money, Housing & Economic Security",0.0016235738915590214,0.01379202251781547,0.1176456940108196,high,0.9993829473096497,0.000931377192918359,0.0006170526903502636,0.0003271971366064258,0.0006041800563119954
36512901,middle,"Work, Wealth, Status & Institutions",Shared Workplaces & Professional Interaction,0.0016862501231083976,0.01432444792903636,0.1176456940108196,high,0.9993829473096497,0.000931377192918359,0.0006170526903502636,0.0003271971366064258,0.0006041800563119954
36564103,top,"Conflict, Risk & Harm",Interpersonal Non-Romantic Conflict,0.0025324376908831166,0.11783508422249836,0.021443836137524767,high,0.997788117913188,0.0023176334309262803,0.0022118820868121166,0.0013702599196246438,0.0009473735113015512
36564103,top,"Conflict, Risk & Harm","Violence, Threats & Coercion",0.01895893482853836,0.8821649157775016,0.021443836137524767,high,0.997788117913188,0.0023176334309262803,0.0022118820868121166,0.0013702599196246438,0.0009473735113015512
36564103,top,Embodied & Sensory Experience,Body Parts & Physical Reactions,0.009473393540670902,0.46991459819540793,0.020115228485126348,high,0.997788117913188,0.0023176334309262803,0.0022118820868121166,0.0013702599196246438,0.0009473735113015512
36564103,top,Embodied & Sensory Experience,Exercise & Physical Activity,0.010686426088366273,0.5300854018045921,0.020115228485126348,high,0.997788117913188,0.0023176334309262803,0.0022118820868121166,0.0013702599196246438,0.0009473735113015512
36564103,top,"Emotions, Cognition & Inner Life",Ambivalence & Internal Conflict,0.01413813121673565,0.06959423164065806,0.20270156024418126,high,0.997788117913188,0.0023176334309262803,0.0022118820868121166,0.0013702599196246438,0.0009473735113015512
36564103,top,"Emotions, Cognition & Inner Life","Beliefs, Values & Moral Reflection",0.030267960303832064,0.1489924947210594,0.20270156024418126,high,0.997788117913188,0.0023176334309262803,0.0022118820868121166,0.0013702599196246438,0.0009473735113015512
36564103,top,"Emotions, Cognition & Inner Life",Negative Emotions & Distress,0.10878376867608376,0.535482566962279,0.20270156024418126,high,0.997788117913188,0.0023176334309262803,0.0022118820868121166,0.0013702599196246438,0.0009473735113015512
36564103,top,"Emotions, Cognition & Inner Life",Positive Emotions & Security,0.04996104589763938,0.24593070667600353,0.20270156024418126,high,0.997788117913188,0.0023176334309262803,0.0022118820868121166,0.0013702599196246438,0.0009473735113015512
36564103,top,Relationship Trajectory (Main Couple),"Bonding, Everyday Intimacy & Growth",0.165538883046213,0.46458804977479295,0.3555251381007303,high,0.997788117913188,0.0023176334309262803,0.0022118820868121166,0.0013702599196246438,0.0009473735113015512
36564103,top,Relationship Trajectory (Main Couple),"Conflict, Distance & Breakup Threats",0.12225098350157217,0.34309972957948576,0.3555251381007303,medium,0.997788117913188,0.0023176334309262803,0.0022118820868121166,0.0013702599196246438,0.0009473735113015512
36564103,top,Relationship Trajectory (Main Couple),"Meeting, First Impressions & Setup",0.0003085807320119102,0.0008660377419815572,0.3555251381007303,high,0.997788117913188,0.0023176334309262803,0.0022118820868121166,0.0013702599196246438,0.0009473735113015512
36564103,top,Relationship Trajectory (Main Couple),"Reconciliation, Commitments & HEA",0.01415131727340691,0.03971594330475858,0.3555251381007303,high,0.997788117913188,0.0023176334309262803,0.0022118820868121166,0.0013702599196246438,0.0009473735113015512
36564103,top,Relationship Trajectory (Main Couple),"Secrets, Misunderstandings & Hidden Information",0.05406349646687013,0.15173023959898108,0.3555251381007303,medium,0.997788117913188,0.0023176334309262803,0.0022118820868121166,0.0013702599196246438,0.0009473735113015512
36564103,top,"Sexuality, Attraction & Intimacy",Attraction & Sexual Tension,0.042823547761350576,0.252939726231976,0.16892888973864095,high,0.997788117913188,0.0023176334309262803,0.0022118820868121166,0.0013702599196246438,0.0009473735113015512
36564103,top,"Sexuality, Attraction & Intimacy",Explicit Sexual Acts,0.05700452377376225,0.3367004695097418,0.16892888973864095,high,0.997788117913188,0.0023176334309262803,0.0022118820868121166,0.0013702599196246438,0.0009473735113015512
36564103,top,"Sexuality, Attraction & Intimacy",Kissing & Non-Explicit Affection,0.06947529729227436,0.4103598042582823,0.16892888973864095,high,0.997788117913188,0.0023176334309262803,0.0022118820868121166,0.0013702599196246438,0.0009473735113015512
36564103,top,Social World Outside Couple,"Community, Norms & Social Events",0.007798439760970487,0.09959763070926365,0.07812626140146102,high,0.997788117913188,0.0023176334309262803,0.0022118820868121166,0.0013702599196246438,0.0009473735113015512
36564103,top,Social World Outside Couple,Family & Kinship,0.04296900251972865,0.5487778294222243,0.07812626140146102,high,0.997788117913188,0.0023176334309262803,0.0022118820868121166,0.0013702599196246438,0.0009473735113015512
36564103,top,Social World Outside Couple,Friends & Social Circles,0.027532008272848494,0.351624539868512,0.07812626140146102,high,0.997788117913188,0.0023176334309262803,0.0022118820868121166,0.0013702599196246438,0.0009473735113015512
36564103,top,"Spaces, Time, Activities & Objects",Domestic Spaces & Routines,0.05571690094382443,0.7134194049001075,0.07792563721543051,high,0.997788117913188,0.0023176334309262803,0.0022118820868121166,0.0013702599196246438,0.0009473735113015512
36564103,top,"Spaces, Time, Activities & Objects",Public & Leisure Spaces,0.018677783762394352,0.2391571166180807,0.07792563721543051,high,0.997788117913188,0.0023176334309262803,0.0022118820868121166,0.0013702599196246438,0.0009473735113015512
36564103,top,"Spaces, Time, Activities & Objects","Time, Seasons & Temporal Framing",0.0037036969205409653,0.047423478481811776,0.07792563721543051,high,0.997788117913188,0.0023176334309262803,0.0022118820868121166,0.0013702599196246438,0.0009473735113015512
36564103,top,"Work, Wealth, Status & Institutions",Hero's Elite Work & Business World,0.05214163275948934,0.7218436918070861,0.07207419307879137,high,0.997788117913188,0.0023176334309262803,0.0022118820868121166,0.0013702599196246438,0.0009473735113015512
36564103,top,"Work, Wealth, Status & Institutions",Heroine's Work & Professional Identity,0.0053492886608645,0.07405503186505952,0.07207419307879137,high,0.997788117913188,0.0023176334309262803,0.0022118820868121166,0.0013702599196246438,0.0009473735113015512
36564103,top,"Work, Wealth, Status & Institutions","Law, Medicine, Education & Formal Institutions",0.005148693859728685,0.07127801695114061,0.07207419307879137,high,0.997788117913188,0.0023176334309262803,0.0022118820868121166,0.0013702599196246438,0.0009473735113015512
36564103,top,"Work, Wealth, Status & Institutions","Money, Housing & Economic Security",0.002334802514087489,0.032322778885412976,0.07207419307879137,high,0.997788117913188,0.0023176334309262803,0.0022118820868121166,0.0013702599196246438,0.0009473735113015512
36564103,top,"Work, Wealth, Status & Institutions",Shared Workplaces & Professional Interaction,0.007259548300285065,0.1005004804913008,0.07207419307879137,high,0.997788117913188,0.0023176334309262803,0.0022118820868121166,0.0013702599196246438,0.0009473735113015512
36600859,middle,"Conflict, Risk & Harm",Interpersonal Non-Romantic Conflict,0.0020739857122720347,0.11187847514892144,0.018492126357831457,high,0.9975338243333076,0.0022106420887307854,0.0024661756666923638,0.0021530375730714336,5.760451565931392e-05
36600859,middle,"Conflict, Risk & Harm","Violence, Threats & Coercion",0.016463858225190937,0.8881215248510786,0.018492126357831457,high,0.9975338243333076,0.0022106420887307854,0.0024661756666923638,0.0021530375730714336,5.760451565931392e-05
36600859,middle,Embodied & Sensory Experience,Body Parts & Physical Reactions,0.003394838839496038,0.29687199238226525,0.011407160855366812,high,0.9975338243333076,0.0022106420887307854,0.0024661756666923638,0.0021530375730714336,5.760451565931392e-05
36600859,middle,Embodied & Sensory Experience,Exercise & Physical Activity,0.008040523628529226,0.7031280076177349,0.011407160855366812,high,0.9975338243333076,0.0022106420887307854,0.0024661756666923638,0.0021530375730714336,5.760451565931392e-05
36600859,middle,"Emotions, Cognition & Inner Life",Ambivalence & Internal Conflict,0.0046383612628431905,0.026333123558673753,0.17570730790268885,high,0.9975338243333076,0.0022106420887307854,0.0024661756666923638,0.0021530375730714336,5.760451565931392e-05
36600859,middle,"Emotions, Cognition & Inner Life","Beliefs, Values & Moral Reflection",0.019828573424879613,0.1125717132411387,0.17570730790268885,high,0.9975338243333076,0.0022106420887307854,0.0024661756666923638,0.0021530375730714336,5.760451565931392e-05
36600859,middle,"Emotions, Cognition & Inner Life",Negative Emotions & Distress,0.10931918554680752,0.620632041621762,0.17570730790268885,high,0.9975338243333076,0.0022106420887307854,0.0024661756666923638,0.0021530375730714336,5.760451565931392e-05
36600859,middle,"Emotions, Cognition & Inner Life",Positive Emotions & Security,0.04235558405316258,0.24046312157842561,0.17570730790268885,high,0.9975338243333076,0.0022106420887307854,0.0024661756666923638,0.0021530375730714336,5.760451565931392e-05
36600859,middle,Relationship Trajectory (Main Couple),"Bonding, Everyday Intimacy & Growth",0.15185622876932672,0.3457570028502703,0.4381161433733828,high,0.9975338243333076,0.0022106420887307854,0.0024661756666923638,0.0021530375730714336,5.760451565931392e-05
36600859,middle,Relationship Trajectory (Main Couple),"Conflict, Distance & Breakup Threats",0.1202023437705829,0.2736851985230482,0.4381161433733828,medium,0.9975338243333076,0.0022106420887307854,0.0024661756666923638,0.0021530375730714336,5.760451565931392e-05
36600859,middle,Relationship Trajectory (Main Couple),"Meeting, First Impressions & Setup",0.00020076630072243584,0.00045711891421043116,0.4381161433733828,high,0.9975338243333076,0.0022106420887307854,0.0024661756666923638,0.0021530375730714336,5.760451565931392e-05
36600859,middle,Relationship Trajectory (Main Couple),"Reconciliation, Commitments & HEA",0.009013424081509144,0.02052240149184148,0.4381161433733828,high,0.9975338243333076,0.0022106420887307854,0.0024661756666923638,0.0021530375730714336,5.760451565931392e-05
36600859,middle,Relationship Trajectory (Main Couple),"Secrets, Misunderstandings & Hidden Information",0.15792652304311774,0.35957827822062954,0.4381161433733828,medium,0.9975338243333076,0.0022106420887307854,0.0024661756666923638,0.0021530375730714336,5.760451565931392e-05
36600859,middle,"Sexuality, Attraction & Intimacy",Attraction & Sexual Tension,0.030494310664407536,0.188320553211095,0.16152833994373728,high,0.9975338243333076,0.0022106420887307854,0.0024661756666923638,0.0021530375730714336,5.760451565931392e-05
36600859,middle,"Sexuality, Attraction & Intimacy",Explicit Sexual Acts,0.08973402549076848,0.5541611190445429,0.16152833994373728,high,0.9975338243333076,0.0022106420887307854,0.0024661756666923638,0.0021530375730714336,5.760451565931392e-05
36600859,middle,"Sexuality, Attraction & Intimacy",Kissing & Non-Explicit Affection,0.041699345897804226,0.2575183277443621,0.16152833994373728,high,0.9975338243333076,0.0022106420887307854,0.0024661756666923638,0.0021530375730714336,5.760451565931392e-05
36600859,middle,Social World Outside Couple,"Community, Norms & Social Events",0.0037764054156720597,0.06639512319187132,0.05673748244493903,high,0.9975338243333076,0.0022106420887307854,0.0024661756666923638,0.0021530375730714336,5.760451565931392e-05
36600859,middle,Social World Outside Couple,Family & Kinship,0.03785327600923385,0.6655198918577231,0.05673748244493903,high,0.9975338243333076,0.0022106420887307854,0.0024661756666923638,0.0021530375730714336,5.760451565931392e-05
36600859,middle,Social World Outside Couple,Friends & Social Circles,0.01524807155039695,0.26808498495040556,0.05673748244493903,high,0.9975338243333076,0.0022106420887307854,0.0024661756666923638,0.0021530375730714336,5.760451565931392e-05
36600859,middle,"Spaces, Time, Activities & Objects",Domestic Spaces & Routines,0.036084189610191296,0.4819867795110318,0.07468088584574645,high,0.9975338243333076,0.0022106420887307854,0.0024661756666923638,0.0021530375730714336,5.760451565931392e-05
36600859,middle,"Spaces, Time, Activities & Objects",Public & Leisure Spaces,0.033957201704426634,0.4535759973420765,0.07468088584574645,high,0.9975338243333076,0.0022106420887307854,0.0024661756666923638,0.0021530375730714336,5.760451565931392e-05
36600859,middle,"Spaces, Time, Activities & Objects","Time, Seasons & Temporal Framing",0.004824126048323343,0.06443722314689172,0.07468088584574645,high,0.9975338243333076,0.0022106420887307854,0.0024661756666923638,0.0021530375730714336,5.760451565931392e-05
36600859,middle,"Work, Wealth, Status & Institutions",Hero's Elite Work & Business World,0.04804484321899144,0.7881746351131188,0.06080677309395566,high,0.9975338243333076,0.0022106420887307854,0.0024661756666923638,0.0021530375730714336,5.760451565931392e-05
36600859,middle,"Work, Wealth, Status & Institutions",Heroine's Work & Professional Identity,0.006218906805015817,0.10202103438040373,0.06080677309395566,high,0.9975338243333076,0.0022106420887307854,0.0024661756666923638,0.0021530375730714336,5.760451565931392e-05
36600859,middle,"Work, Wealth, Status & Institutions","Law, Medicine, Education & Formal Institutions",0.00394517554770426,0.06472052127625359,0.06080677309395566,high,0.9975338243333076,0.0022106420887307854,0.0024661756666923638,0.0021530375730714336,5.760451565931392e-05
36600859,middle,"Work, Wealth, Status & Institutions","Money, Housing & Economic Security",0.001475293580700891,0.024202159935325117,0.06080677309395566,high,0.9975338243333076,0.0022106420887307854,0.0024661756666923638,0.0021530375730714336,5.760451565931392e-05
36600859,middle,"Work, Wealth, Status & Institutions",Shared Workplaces & Professional Interaction,0.0012728848681909045,0.020881649294898812,0.06080677309395566,high,0.9975338243333076,0.0022106420887307854,0.0024661756666923638,0.0021530375730714336,5.760451565931392e-05
36662463,trash,"Conflict, Risk & Harm",Interpersonal Non-Romantic Conflict,0.002204755020584815,0.1072761379932916,0.020479786535360693,high,0.9964791488978003,0.0020422325078992554,0.0035208511021996075,0.0019996568010547814,4.257570684439709e-05
36662463,trash,"Conflict, Risk & Harm","Violence, Threats & Coercion",0.018347392566259592,0.8927238620067085,0.020479786535360693,high,0.9964791488978003,0.0020422325078992554,0.0035208511021996075,0.0019996568010547814,4.257570684439709e-05
36662463,trash,Embodied & Sensory Experience,Body Parts & Physical Reactions,0.004520160059433356,0.2503816500052938,0.017989518196763817,high,0.9964791488978003,0.0020422325078992554,0.0035208511021996075,0.0019996568010547814,4.257570684439709e-05
36662463,trash,Embodied & Sensory Experience,Exercise & Physical Activity,0.01353292034537182,0.7496183499947063,0.017989518196763817,high,0.9964791488978003,0.0020422325078992554,0.0035208511021996075,0.0019996568010547814,4.257570684439709e-05
36662463,trash,"Emotions, Cognition & Inner Life",Ambivalence & Internal Conflict,0.006556017274595233,0.03312045039585029,0.19724775586887716,high,0.9964791488978003,0.0020422325078992554,0.0035208511021996075,0.0019996568010547814,4.257570684439709e-05
36662463,trash,"Emotions, Cognition & Inner Life","Beliefs, Values & Moral Reflection",0.022028128766141637,0.11128426231266164,0.19724775586887716,high,0.9964791488978003,0.0020422325078992554,0.0035208511021996075,0.0019996568010547814,4.257570684439709e-05
36662463,trash,"Emotions, Cognition & Inner Life",Negative Emotions & Distress,0.1222071500481307,0.6173802907554482,0.19724775586887716,high,0.9964791488978003,0.0020422325078992554,0.0035208511021996075,0.0019996568010547814,4.257570684439709e-05
36662463,trash,"Emotions, Cognition & Inner Life",Positive Emotions & Security,0.047153393558729904,0.23821499653603978,0.19724775586887716,high,0.9964791488978003,0.0020422325078992554,0.0035208511021996075,0.0019996568010547814,4.257570684439709e-05
36662463,trash,Relationship Trajectory (Main Couple),"Bonding, Everyday Intimacy & Growth",0.1639748617238277,0.4777086205533237,0.3420443417201328,high,0.9964791488978003,0.0020422325078992554,0.0035208511021996075,0.0019996568010547814,4.257570684439709e-05
36662463,trash,Relationship Trajectory (Main Couple),"Conflict, Distance & Breakup Threats",0.12034978905496939,0.35061552184848443,0.3420443417201328,medium,0.9964791488978003,0.0020422325078992554,0.0035208511021996075,0.0019996568010547814,4.257570684439709e-05
36662463,trash,Relationship Trajectory (Main Couple),"Meeting, First Impressions & Setup",0.00016388396998396793,0.00047744382528402675,0.3420443417201328,high,0.9964791488978003,0.0020422325078992554,0.0035208511021996075,0.0019996568010547814,4.257570684439709e-05
36662463,trash,Relationship Trajectory (Main Couple),"Reconciliation, Commitments & HEA",0.015804260573777443,0.04604261554603533,0.3420443417201328,high,0.9964791488978003,0.0020422325078992554,0.0035208511021996075,0.0019996568010547814,4.257570684439709e-05
36662463,trash,Relationship Trajectory (Main Couple),"Secrets, Misunderstandings & Hidden Information",0.04296008869259227,0.12515579822687245,0.3420443417201328,medium,0.9964791488978003,0.0020422325078992554,0.0035208511021996075,0.0019996568010547814,4.257570684439709e-05
36662463,trash,"Sexuality, Attraction & Intimacy",Attraction & Sexual Tension,0.03759491439861207,0.17421219172079186,0.2150397623310742,high,0.9964791488978003,0.0020422325078992554,0.0035208511021996075,0.0019996568010547814,4.257570684439709e-05
36662463,trash,"Sexuality, Attraction & Intimacy",Explicit Sexual Acts,0.12508169924790558,0.5796198054634492,0.2150397623310742,high,0.9964791488978003,0.0020422325078992554,0.0035208511021996075,0.0019996568010547814,4.257570684439709e-05
36662463,trash,"Sexuality, Attraction & Intimacy",Kissing & Non-Explicit Affection,0.05312294680482586,0.2461680028157589,0.2150397623310742,high,0.9964791488978003,0.0020422325078992554,0.0035208511021996075,0.0019996568010547814,4.257570684439709e-05
36662463,trash,Social World Outside Couple,"Community, Norms & Social Events",0.003080048718194906,0.057742381596622275,0.05315340726178427,high,0.9964791488978003,0.0020422325078992554,0.0035208511021996075,0.0019996568010547814,4.257570684439709e-05
36662463,trash,Social World Outside Couple,Family & Kinship,0.03295955460018927,0.6179003493471377,0.05315340726178427,high,0.9964791488978003,0.0020422325078992554,0.0035208511021996075,0.0019996568010547814,4.257570684439709e-05
36662463,trash,Social World Outside Couple,Friends & Social Circles,0.017301610414564413,0.32435726905624,0.05315340726178427,high,0.9964791488978003,0.0020422325078992554,0.0035208511021996075,0.0019996568010547814,4.257570684439709e-05
36662463,trash,"Spaces, Time, Activities & Objects",Domestic Spaces & Routines,0.038465330446877326,0.4179785279124763,0.09170303540999875,high,0.9964791488978003,0.0020422325078992554,0.0035208511021996075,0.0019996568010547814,4.257570684439709e-05
36662463,trash,"Spaces, Time, Activities & Objects",Public & Leisure Spaces,0.049988173582335316,0.5431900093990758,0.09170303540999875,high,0.9964791488978003,0.0020422325078992554,0.0035208511021996075,0.0019996568010547814,4.257570684439709e-05
36662463,trash,"Spaces, Time, Activities & Objects","Time, Seasons & Temporal Framing",0.003573544917502333,0.03883146268844792,0.09170303540999875,high,0.9964791488978003,0.0020422325078992554,0.0035208511021996075,0.0019996568010547814,4.257570684439709e-05
36662463,trash,"Work, Wealth, Status & Institutions",Hero's Elite Work & Business World,0.047359865632692635,0.8028912707377832,0.05877896586696429,high,0.9964791488978003,0.0020422325078992554,0.0035208511021996075,0.0019996568010547814,4.257570684439709e-05
36662463,trash,"Work, Wealth, Status & Institutions",Heroine's Work & Professional Identity,0.004680683686078571,0.0793515780172109,0.05877896586696429,high,0.9964791488978003,0.0020422325078992554,0.0035208511021996075,0.0019996568010547814,4.257570684439709e-05
36662463,trash,"Work, Wealth, Status & Institutions","Law, Medicine, Education & Formal Institutions",0.0031729114869941915,0.05379033284192276,0.05877896586696429,high,0.9964791488978003,0.0020422325078992554,0.0035208511021996075,0.0019996568010547814,4.257570684439709e-05
36662463,trash,"Work, Wealth, Status & Institutions","Money, Housing & Economic Security",0.002100864111183558,0.03561592570717075,0.05877896586696429,high,0.9964791488978003,0.0020422325078992554,0.0035208511021996075,0.0019996568010547814,4.257570684439709e-05
36662463,trash,"Work, Wealth, Status & Institutions",Shared Workplaces & Professional Interaction,0.0016723241584274333,0.028350892695912344,0.05877896586696429,high,0.9964791488978003,0.0020422325078992554,0.0035208511021996075,0.0019996568010547814,4.257570684439709e-05
40131614,middle,"Conflict, Risk & Harm",Interpersonal Non-Romantic Conflict,0.0027636904003499572,0.1412563044562976,0.019541886465331816,high,0.9988147239096572,0.0005136181809382023,0.001185276090342727,0.00045083395492988754,6.278422600832058e-05
40131614,middle,"Conflict, Risk & Harm","Violence, Threats & Coercion",0.016801386082342523,0.8587436955437024,0.019541886465331816,high,0.9988147239096572,0.0005136181809382023,0.001185276090342727,0.00045083395492988754,6.278422600832058e-05
40131614,middle,Embodied & Sensory Experience,Body Parts & Physical Reactions,0.015324683998472467,0.5728722488583788,0.0267189064358413,high,0.9988147239096572,0.0005136181809382023,0.001185276090342727,0.00045083395492988754,6.278422600832058e-05
40131614,middle,Embodied & Sensory Experience,Exercise & Physical Activity,0.011425929299713183,0.4271277511416212,0.0267189064358413,high,0.9988147239096572,0.0005136181809382023,0.001185276090342727,0.00045083395492988754,6.278422600832058e-05
40131614,middle,"Emotions, Cognition & Inner Life",Ambivalence & Internal Conflict,0.014141529901654355,0.06818174162441051,0.20716350078279738,high,0.9988147239096572,0.0005136181809382023,0.001185276090342727,0.00045083395492988754,6.278422600832058e-05
40131614,middle,"Emotions, Cognition & Inner Life","Beliefs, Values & Moral Reflection",0.02690209478212396,0.12970532101873924,0.20716350078279738,high,0.9988147239096572,0.0005136181809382023,0.001185276090342727,0.00045083395492988754,6.278422600832058e-05
40131614,middle,"Emotions, Cognition & Inner Life",Negative Emotions & Distress,0.11381566089554902,0.5487489711480242,0.20716350078279738,high,0.9988147239096572,0.0005136181809382023,0.001185276090342727,0.00045083395492988754,6.278422600832058e-05
40131614,middle,"Emotions, Cognition & Inner Life",Positive Emotions & Security,0.05255005253284824,0.2533639662088261,0.20716350078279738,high,0.9988147239096572,0.0005136181809382023,0.001185276090342727,0.00045083395492988754,6.278422600832058e-05
40131614,middle,Relationship Trajectory (Main Couple),"Bonding, Everyday Intimacy & Growth",0.15445168967048314,0.4374904773852112,0.35262166778494214,high,0.9988147239096572,0.0005136181809382023,0.001185276090342727,0.00045083395492988754,6.278422600832058e-05
40131614,middle,Relationship Trajectory (Main Couple),"Conflict, Distance & Breakup Threats",0.13067861931611252,0.37015232187241054,0.35262166778494214,medium,0.9988147239096572,0.0005136181809382023,0.001185276090342727,0.00045083395492988754,6.278422600832058e-05
40131614,middle,Relationship Trajectory (Main Couple),"Meeting, First Impressions & Setup",0.0002833742922964501,0.0008026688130117789,0.35262166778494214,high,0.9988147239096572,0.0005136181809382023,0.001185276090342727,0.00045083395492988754,6.278422600832058e-05
40131614,middle,Relationship Trajectory (Main Couple),"Reconciliation, Commitments & HEA",0.012193212303203544,0.03453775276119361,0.35262166778494214,high,0.9988147239096572,0.0005136181809382023,0.001185276090342727,0.00045083395492988754,6.278422600832058e-05
40131614,middle,Relationship Trajectory (Main Couple),"Secrets, Misunderstandings & Hidden Information",0.05543322221340126,0.1570167791681728,0.35262166778494214,medium,0.9988147239096572,0.0005136181809382023,0.001185276090342727,0.00045083395492988754,6.278422600832058e-05
40131614,middle,"Sexuality, Attraction & Intimacy",Attraction & Sexual Tension,0.03833227420727128,0.20296536150020342,0.18863731030837283,high,0.9988147239096572,0.0005136181809382023,0.001185276090342727,0.00045083395492988754,6.278422600832058e-05
40131614,middle,"Sexuality, Attraction & Intimacy",Explicit Sexual Acts,0.07456674000591326,0.39482304804970314,0.18863731030837283,high,0.9988147239096572,0.0005136181809382023,0.001185276090342727,0.00045083395492988754,6.278422600832058e-05
40131614,middle,"Sexuality, Attraction & Intimacy",Kissing & Non-Explicit Affection,0.07596214871600257,0.40221159045009336,0.18863731030837283,high,0.9988147239096572,0.0005136181809382023,0.001185276090342727,0.00045083395492988754,6.278422600832058e-05
40131614,middle,Social World Outside Couple,"Community, Norms & Social Events",0.003475855375723261,0.05535227269417851,0.06272074042260699,high,0.9988147239096572,0.0005136181809382023,0.001185276090342727,0.00045083395492988754,6.278422600832058e-05
40131614,middle,Social World Outside Couple,Family & Kinship,0.03837641996397887,0.6111364925332843,0.06272074042260699,high,0.9988147239096572,0.0005136181809382023,0.001185276090342727,0.00045083395492988754,6.278422600832058e-05
40131614,middle,Social World Outside Couple,Friends & Social Circles,0.020942894696537814,0.3335112347725372,0.06272074042260699,high,0.9988147239096572,0.0005136181809382023,0.001185276090342727,0.00045083395492988754,6.278422600832058e-05
40131614,middle,"Spaces, Time, Activities & Objects",Domestic Spaces & Routines,0.047597807539341945,0.6556303840100123,0.07251248898096646,high,0.9988147239096572,0.0005136181809382023,0.001185276090342727,0.00045083395492988754,6.278422600832058e-05
40131614,middle,"Spaces, Time, Activities & Objects",Public & Leisure Spaces,0.022488074063262635,0.3097593228754485,0.07251248898096646,high,0.9988147239096572,0.0005136181809382023,0.001185276090342727,0.00045083395492988754,6.278422600832058e-05
40131614,middle,"Spaces, Time, Activities & Objects","Time, Seasons & Temporal Framing",0.0025126566899939338,0.03461029311453921,0.07251248898096646,high,0.9988147239096572,0.0005136181809382023,0.001185276090342727,0.00045083395492988754,6.278422600832058e-05
40131614,middle,"Work, Wealth, Status & Institutions",Hero's Elite Work & Business World,0.05432855549481782,0.788317214755123,0.06883543850278999,high,0.9988147239096572,0.0005136181809382023,0.001185276090342727,0.00045083395492988754,6.278422600832058e-05
40131614,middle,"Work, Wealth, Status & Institutions",Heroine's Work & Professional Identity,0.004833457509731933,0.07013434697472416,0.06883543850278999,high,0.9988147239096572,0.0005136181809382023,0.001185276090342727,0.00045083395492988754,6.278422600832058e-05
40131614,middle,"Work, Wealth, Status & Institutions","Law, Medicine, Education & Formal Institutions",0.004560522011281825,0.0661740032846271,0.06883543850278999,high,0.9988147239096572,0.0005136181809382023,0.001185276090342727,0.00045083395492988754,6.278422600832058e-05
40131614,middle,"Work, Wealth, Status & Institutions","Money, Housing & Economic Security",0.0016184735551362562,0.023484345451841353,0.06883543850278999,high,0.9988147239096572,0.0005136181809382023,0.001185276090342727,0.00045083395492988754,6.278422600832058e-05
40131614,middle,"Work, Wealth, Status & Institutions",Shared Workplaces & Professional Interaction,0.0035761157514967515,0.05189008953368448,0.06883543850278999,high,0.9988147239096572,0.0005136181809382023,0.001185276090342727,0.00045083395492988754,6.278422600832058e-05
4066312,top,"Conflict, Risk & Harm",Interpersonal Non-Romantic Conflict,0.0030511170764812223,0.17079846756290842,0.01784697080067476,high,0.9990554891819085,0.009946261441056148,0.000944510818091529,0.0005091159436919591,0.009437145497364168
4066312,top,"Conflict, Risk & Harm","Violence, Threats & Coercion",0.014812726317531876,0.8292015324370916,0.01784697080067476,high,0.9990554891819085,0.009946261441056148,0.000944510818091529,0.0005091159436919591,0.009437145497364168
4066312,top,Embodied & Sensory Experience,Body Parts & Physical Reactions,0.010707478315897148,0.5293011009593723,0.02021035846591674,high,0.9990554891819085,0.009946261441056148,0.000944510818091529,0.0005091159436919591,0.009437145497364168
4066312,top,Embodied & Sensory Experience,Exercise & Physical Activity,0.009521987098948125,0.4706988990406277,0.02021035846591674,high,0.9990554891819085,0.009946261441056148,0.000944510818091529,0.0005091159436919591,0.009437145497364168
4066312,top,"Emotions, Cognition & Inner Life",Ambivalence & Internal Conflict,0.00971427048616973,0.048181976642538996,0.20142584279195433,high,0.9990554891819085,0.009946261441056148,0.000944510818091529,0.0005091159436919591,0.009437145497364168
4066312,top,"Emotions, Cognition & Inner Life","Beliefs, Values & Moral Reflection",0.048265722206924995,0.23939398262795125,0.20142584279195433,high,0.9990554891819085,0.009946261441056148,0.000944510818091529,0.0005091159436919591,0.009437145497364168
4066312,top,"Emotions, Cognition & Inner Life",Negative Emotions & Distress,0.0934589978927853,0.4635488851083866,0.20142584279195433,high,0.9990554891819085,0.009946261441056148,0.000944510818091529,0.0005091159436919591,0.009437145497364168
4066312,top,"Emotions, Cognition & Inner Life",Positive Emotions & Security,0.05017728095564855,0.24887515562112317,0.20142584279195433,high,0.9990554891819085,0.009946261441056148,0.000944510818091529,0.0005091159436919591,0.009437145497364168
4066312,top,Relationship Trajectory (Main Couple),"Bonding, Everyday Intimacy & Growth",0.15443616741973773,0.38719054825416077,0.39848674376117643,high,0.9990554891819085,0.009946261441056148,0.000944510818091529,0.0005091159436919591,0.009437145497364168
4066312,top,Relationship Trajectory (Main Couple),"Conflict, Distance & Breakup Threats",0.1618837887182522,0.40586265480756806,0.39848674376117643,medium,0.9990554891819085,0.009946261441056148,0.000944510818091529,0.0005091159436919591,0.009437145497364168
4066312,top,Relationship Trajectory (Main Couple),"Meeting, First Impressions & Setup",0.0002629644820145985,0.0006592844387667122,0.39848674376117643,high,0.9990554891819085,0.009946261441056148,0.000944510818091529,0.0005091159436919591,0.009437145497364168
4066312,top,Relationship Trajectory (Main Couple),"Reconciliation, Commitments & HEA",0.01356376972981024,0.0340060461601899,0.39848674376117643,high,0.9990554891819085,0.009946261441056148,0.000944510818091529,0.0005091159436919591,0.009437145497364168
4066312,top,Relationship Trajectory (Main Couple),"Secrets, Misunderstandings & Hidden Information",0.06871678427808932,0.1722814663393146,0.39848674376117643,medium,0.9990554891819085,0.009946261441056148,0.000944510818091529,0.0005091159436919591,0.009437145497364168
4066312,top,"Sexuality, Attraction & Intimacy",Attraction & Sexual Tension,0.035386926728034486,0.23794888726113933,0.14857604000527136,high,0.9990554891819085,0.009946261441056148,0.000944510818091529,0.0005091159436919591,0.009437145497364168
4066312,top,"Sexuality, Attraction & Intimacy",Explicit Sexual Acts,0.05599997593384049,0.3765552194605076,0.14857604000527136,high,0.9990554891819085,0.009946261441056148,0.000944510818091529,0.0005091159436919591,0.009437145497364168
4066312,top,"Sexuality, Attraction & Intimacy",Kissing & Non-Explicit Affection,0.057329601690586034,0.38549589327835304,0.14857604000527136,high,0.9990554891819085,0.009946261441056148,0.000944510818091529,0.0005091159436919591,0.009437145497364168
4066312,top,Social World Outside Couple,"Community, Norms & Social Events",0.006403230206967181,0.08417364611586797,0.07599982395867733,high,0.9990554891819085,0.009946261441056148,0.000944510818091529,0.0005091159436919591,0.009437145497364168
4066312,top,Social World Outside Couple,Family & Kinship,0.04848131296127199,0.6373109740759424,0.07599982395867733,high,0.9990554891819085,0.009946261441056148,0.000944510818091529,0.0005091159436919591,0.009437145497364168
4066312,top,Social World Outside Couple,Friends & Social Circles,0.021187131309933115,0.2785153798081895,0.07599982395867733,high,0.9990554891819085,0.009946261441056148,0.000944510818091529,0.0005091159436919591,0.009437145497364168
4066312,top,"Spaces, Time, Activities & Objects",Domestic Spaces & Routines,0.04090305851938322,0.6814727586777289,0.05996486964117016,high,0.9990554891819085,0.009946261441056148,0.000944510818091529,0.0005091159436919591,0.009437145497364168
4066312,top,"Spaces, Time, Activities & Objects",Public & Leisure Spaces,0.016589824649060895,0.2763977555423596,0.05996486964117016,high,0.9990554891819085,0.009946261441056148,0.000944510818091529,0.0005091159436919591,0.009437145497364168
4066312,top,"Spaces, Time, Activities & Objects","Time, Seasons & Temporal Framing",0.0025286774860829846,0.042129485779911324,0.05996486964117016,high,0.9990554891819085,0.009946261441056148,0.000944510818091529,0.0005091159436919591,0.009437145497364168
4066312,top,"Work, Wealth, Status & Institutions",Hero's Elite Work & Business World,0.05134417744878907,0.7643785542568508,0.06710769425970319,high,0.9990554891819085,0.009946261441056148,0.000944510818091529,0.0005091159436919591,0.009437145497364168
4066312,top,"Work, Wealth, Status & Institutions",Heroine's Work & Professional Identity,0.0038333919182264036,0.05706903329547643,0.06710769425970319,high,0.9990554891819085,0.009946261441056148,0.000944510818091529,0.0005091159436919591,0.009437145497364168
4066312,top,"Work, Wealth, Status & Institutions","Law, Medicine, Education & Formal Institutions",0.005781624851888909,0.08607305180709543,0.06710769425970319,high,0.9990554891819085,0.009946261441056148,0.000944510818091529,0.0005091159436919591,0.009437145497364168
4066312,top,"Work, Wealth, Status & Institutions","Money, Housing & Economic Security",0.0014995770260538784,0.022324722609786105,0.06710769425970319,high,0.9990554891819085,0.009946261441056148,0.000944510818091529,0.0005091159436919591,0.009437145497364168
4066312,top,"Work, Wealth, Status & Institutions",Shared Workplaces & Professional Interaction,0.004712366881368753,0.07015463803079124,0.06710769425970319,high,0.9990554891819085,0.009946261441056148,0.000944510818091529,0.0005091159436919591,0.009437145497364168
40727118,top,"Conflict, Risk & Harm",Interpersonal Non-Romantic Conflict,0.003915783881788187,0.1453181888605944,0.026904480687228446,high,0.9984489756665182,0.0009556739900230538,0.0015510243334817355,0.0008931609476053017,6.251304241768888e-05
40727118,top,"Conflict, Risk & Harm","Violence, Threats & Coercion",0.02303049113368595,0.8546818111394056,0.026904480687228446,high,0.9984489756665182,0.0009556739900230538,0.0015510243334817355,0.0008931609476053017,6.251304241768888e-05
40727118,top,Embodied & Sensory Experience,Body Parts & Physical Reactions,0.008391501913019093,0.3808702941045795,0.02199826717663881,high,0.9984489756665182,0.0009556739900230538,0.0015510243334817355,0.0008931609476053017,6.251304241768888e-05
40727118,top,Embodied & Sensory Experience,Exercise & Physical Activity,0.01364093811422795,0.6191297058954203,0.02199826717663881,high,0.9984489756665182,0.0009556739900230538,0.0015510243334817355,0.0008931609476053017,6.251304241768888e-05
40727118,top,"Emotions, Cognition & Inner Life",Ambivalence & Internal Conflict,0.010013745826428997,0.04915785918288545,0.20338994474486458,high,0.9984489756665182,0.0009556739900230538,0.0015510243334817355,0.0008931609476053017,6.251304241768888e-05
40727118,top,"Emotions, Cognition & Inner Life","Beliefs, Values & Moral Reflection",0.03002937229260379,0.1474153308958791,0.20338994474486458,high,0.9984489756665182,0.0009556739900230538,0.0015510243334817355,0.0008931609476053017,6.251304241768888e-05
40727118,top,"Emotions, Cognition & Inner Life",Negative Emotions & Distress,0.11151559333591524,0.5474342897175102,0.20338994474486458,high,0.9984489756665182,0.0009556739900230538,0.0015510243334817355,0.0008931609476053017,6.251304241768888e-05
40727118,top,"Emotions, Cognition & Inner Life",Positive Emotions & Security,0.052147186093888534,0.25599252020372526,0.20338994474486458,high,0.9984489756665182,0.0009556739900230538,0.0015510243334817355,0.0008931609476053017,6.251304241768888e-05
40727118,top,Relationship Trajectory (Main Couple),"Bonding, Everyday Intimacy & Growth",0.14853341710156318,0.40525527014507395,0.3659496842674339,high,0.9984489756665182,0.0009556739900230538,0.0015510243334817355,0.0008931609476053017,6.251304241768888e-05
40727118,top,Relationship Trajectory (Main Couple),"Conflict, Distance & Breakup Threats",0.12979322628824513,0.35412495052529114,0.3659496842674339,medium,0.9984489756665182,0.0009556739900230538,0.0015510243334817355,0.0008931609476053017,6.251304241768888e-05
40727118,top,Relationship Trajectory (Main Couple),"Meeting, First Impressions & Setup",0.00020097621399671792,0.0005483390302687447,0.3659496842674339,high,0.9984489756665182,0.0009556739900230538,0.0015510243334817355,0.0008931609476053017,6.251304241768888e-05
40727118,top,Relationship Trajectory (Main Couple),"Reconciliation, Commitments & HEA",0.009657604410271949,0.026349592977874252,0.3659496842674339,high,0.9984489756665182,0.0009556739900230538,0.0015510243334817355,0.0008931609476053017,6.251304241768888e-05
40727118,top,Relationship Trajectory (Main Couple),"Secrets, Misunderstandings & Hidden Information",0.0783329388426107,0.21372184732149185,0.3659496842674339,medium,0.9984489756665182,0.0009556739900230538,0.0015510243334817355,0.0008931609476053017,6.251304241768888e-05
40727118,top,"Sexuality, Attraction & Intimacy",Attraction & Sexual Tension,0.028333419264815255,0.18491722850067302,0.15298452000096802,high,0.9984489756665182,0.0009556739900230538,0.0015510243334817355,0.0008931609476053017,6.251304241768888e-05
40727118,top,"Sexuality, Attraction & Intimacy",Explicit Sexual Acts,0.06940862804364584,0.4529933719578821,0.15298452000096802,high,0.9984489756665182,0.0009556739900230538,0.0015510243334817355,0.0008931609476053017,6.251304241768888e-05
40727118,top,"Sexuality, Attraction & Intimacy",Kissing & Non-Explicit Affection,0.05548012400864866,0.3620893995414448,0.15298452000096802,high,0.9984489756665182,0.0009556739900230538,0.0015510243334817355,0.0008931609476053017,6.251304241768888e-05
40727118,top,Social World Outside Couple,"Community, Norms & Social Events",0.005539203898295917,0.06032650181818706,0.09167799046146896,high,0.9984489756665182,0.0009556739900230538,0.0015510243334817355,0.0008931609476053017,6.251304241768888e-05
40727118,top,Social World Outside Couple,Family & Kinship,0.06545053119266135,0.7128102993663189,0.09167799046146896,high,0.9984489756665182,0.0009556739900230538,0.0015510243334817355,0.0008931609476053017,6.251304241768888e-05
40727118,top,Social World Outside Couple,Friends & Social Circles,0.02083067105475388,0.22686319881549408,0.09167799046146896,high,0.9984489756665182,0.0009556739900230538,0.0015510243334817355,0.0008931609476053017,6.251304241768888e-05
40727118,top,"Spaces, Time, Activities & Objects",Domestic Spaces & Routines,0.04283626605363223,0.6221675878896721,0.06874325631088941,high,0.9984489756665182,0.0009556739900230538,0.0015510243334817355,0.0008931609476053017,6.251304241768888e-05
40727118,top,"Spaces, Time, Activities & Objects",Public & Leisure Spaces,0.023981723085304912,0.348318193437802,0.06874325631088941,high,0.9984489756665182,0.0009556739900230538,0.0015510243334817355,0.0008931609476053017,6.251304241768888e-05
40727118,top,"Spaces, Time, Activities & Objects","Time, Seasons & Temporal Framing",0.0020320552661859245,0.02951421867252596,0.06874325631088941,high,0.9984489756665182,0.0009556739900230538,0.0015510243334817355,0.0008931609476053017,6.251304241768888e-05
40727118,top,"Work, Wealth, Status & Institutions",Hero's Elite Work & Business World,0.04965278343794573,0.7428381703990803,0.06673831897460845,high,0.9984489756665182,0.0009556739900230538,0.0015510243334817355,0.0008931609476053017,6.251304241768888e-05
40727118,top,"Work, Wealth, Status & Institutions",Heroine's Work & Professional Identity,0.004528641079537133,0.06775143750242614,0.06673831897460845,high,0.9984489756665182,0.0009556739900230538,0.0015510243334817355,0.0008931609476053017,6.251304241768888e-05
40727118,top,"Work, Wealth, Status & Institutions","Law, Medicine, Education & Formal Institutions",0.006888638143915598,0.1030585397445604,0.06673831897460845,high,0.9984489756665182,0.0009556739900230538,0.0015510243334817355,0.0008931609476053017,6.251304241768888e-05
40727118,top,"Work, Wealth, Status & Institutions","Money, Housing & Economic Security",0.0020502424528266454,0.030672970316672318,0.06673831897460845,high,0.9984489756665182,0.0009556739900230538,0.0015510243334817355,0.0008931609476053017,6.251304241768888e-05
40727118,top,"Work, Wealth, Status & Institutions",Shared Workplaces & Professional Interaction,0.0037216874172981513,0.05567888203726081,0.06673831897460845,high,0.9984489756665182,0.0009556739900230538,0.0015510243334817355,0.0008931609476053017,6.251304241768888e-05
42427664,trash,"Conflict, Risk & Harm",Interpersonal Non-Romantic Conflict,0.0030945056284752094,0.12737266221479207,0.02425045381296477,high,0.9981707041186347,0.0013922658924465647,0.0018292958813653204,0.0009667144714094396,0.0004255514210371946
42427664,trash,"Conflict, Risk & Harm","Violence, Threats & Coercion",0.021200390738351595,0.872627337785208,0.02425045381296477,high,0.9981707041186347,0.0013922658924465647,0.0018292958813653204,0.0009667144714094396,0.0004255514210371946
42427664,trash,Embodied & Sensory Experience,Body Parts & Physical Reactions,0.010868694694593508,0.5300700109853954,0.020466754223626094,high,0.9981707041186347,0.0013922658924465647,0.0018292958813653204,0.0009667144714094396,0.0004255514210371946
42427664,trash,Embodied & Sensory Experience,Exercise & Physical Activity,0.009635567892132916,0.46992998901460453,0.020466754223626094,high,0.9981707041186347,0.0013922658924465647,0.0018292958813653204,0.0009667144714094396,0.0004255514210371946
42427664,trash,"Emotions, Cognition & Inner Life",Ambivalence & Internal Conflict,0.011844127529887468,0.05470102784906721,0.2161286831538081,high,0.9981707041186347,0.0013922658924465647,0.0018292958813653204,0.0009667144714094396,0.0004255514210371946
42427664,trash,"Emotions, Cognition & Inner Life","Beliefs, Values & Moral Reflection",0.02962975696646656,0.1368423429158382,0.2161286831538081,high,0.9981707041186347,0.0013922658924465647,0.0018292958813653204,0.0009667144714094396,0.0004255514210371946
42427664,trash,"Emotions, Cognition & Inner Life",Negative Emotions & Distress,0.1269779650054925,0.5864362049848107,0.2161286831538081,high,0.9981707041186347,0.0013922658924465647,0.0018292958813653204,0.0009667144714094396,0.0004255514210371946
42427664,trash,"Emotions, Cognition & Inner Life",Positive Emotions & Security,0.048072921523812345,0.2220204242502838,0.2161286831538081,high,0.9981707041186347,0.0013922658924465647,0.0018292958813653204,0.0009667144714094396,0.0004255514210371946
42427664,trash,Relationship Trajectory (Main Couple),"Bonding, Everyday Intimacy & Growth",0.15685881798536536,0.4313081537902978,0.36301626904042766,high,0.9981707041186347,0.0013922658924465647,0.0018292958813653204,0.0009667144714094396,0.0004255514210371946
42427664,trash,Relationship Trajectory (Main Couple),"Conflict, Distance & Breakup Threats",0.1289111719391646,0.35446167634141007,0.36301626904042766,medium,0.9981707041186347,0.0013922658924465647,0.0018292958813653204,0.0009667144714094396,0.0004255514210371946
42427664,trash,Relationship Trajectory (Main Couple),"Meeting, First Impressions & Setup",0.0002638394947770216,0.0007254684617084076,0.36301626904042766,high,0.9981707041186347,0.0013922658924465647,0.0018292958813653204,0.0009667144714094396,0.0004255514210371946
42427664,trash,Relationship Trajectory (Main Couple),"Reconciliation, Commitments & HEA",0.010392311679038247,0.028575306262460333,0.36301626904042766,high,0.9981707041186347,0.0013922658924465647,0.0018292958813653204,0.0009667144714094396,0.0004255514210371946
42427664,trash,Relationship Trajectory (Main Couple),"Secrets, Misunderstandings & Hidden Information",0.06725540910399613,0.1849293951441234,0.36301626904042766,medium,0.9981707041186347,0.0013922658924465647,0.0018292958813653204,0.0009667144714094396,0.0004255514210371946
42427664,trash,"Sexuality, Attraction & Intimacy",Attraction & Sexual Tension,0.03452957071780712,0.20992837042155002,0.1641817437400048,high,0.9981707041186347,0.0013922658924465647,0.0018292958813653204,0.0009667144714094396,0.0004255514210371946
42427664,trash,"Sexuality, Attraction & Intimacy",Explicit Sexual Acts,0.06496962660971532,0.3949938431768689,0.1641817437400048,high,0.9981707041186347,0.0013922658924465647,0.0018292958813653204,0.0009667144714094396,0.0004255514210371946
42427664,trash,"Sexuality, Attraction & Intimacy",Kissing & Non-Explicit Affection,0.06498343381218233,0.39507778640158103,0.1641817437400048,high,0.9981707041186347,0.0013922658924465647,0.0018292958813653204,0.0009667144714094396,0.0004255514210371946
42427664,trash,Social World Outside Couple,"Community, Norms & Social Events",0.003931617547720226,0.04922641767574385,0.07972193877245765,high,0.9981707041186347,0.0013922658924465647,0.0018292958813653204,0.0009667144714094396,0.0004255514210371946
42427664,trash,Social World Outside Couple,Family & Kinship,0.03931655313791187,0.49226890531600376,0.07972193877245765,high,0.9981707041186347,0.0013922658924465647,0.0018292958813653204,0.0009667144714094396,0.0004255514210371946
42427664,trash,Social World Outside Couple,Friends & Social Circles,0.03661987036537287,0.45850467700825237,0.07972193877245765,high,0.9981707041186347,0.0013922658924465647,0.0018292958813653204,0.0009667144714094396,0.0004255514210371946
42427664,trash,"Spaces, Time, Activities & Objects",Domestic Spaces & Routines,0.04105179311772212,0.6488211005501257,0.06315561748362636,high,0.9981707041186347,0.0013922658924465647,0.0018292958813653204,0.0009667144714094396,0.0004255514210371946
42427664,trash,"Spaces, Time, Activities & Objects",Public & Leisure Spaces,0.018770798603710236,0.29667133353564507,0.06315561748362636,high,0.9981707041186347,0.0013922658924465647,0.0018292958813653204,0.0009667144714094396,0.0004255514210371946
42427664,trash,"Spaces, Time, Activities & Objects","Time, Seasons & Temporal Framing",0.003448767799574167,0.054507565914229374,0.06315561748362636,high,0.9981707041186347,0.0013922658924465647,0.0018292958813653204,0.0009667144714094396,0.0004255514210371946
42427664,trash,"Work, Wealth, Status & Institutions",Hero's Elite Work & Business World,0.05227741498347113,0.7808874696118812,0.06682369247068208,high,0.9981707041186347,0.0013922658924465647,0.0018292958813653204,0.0009667144714094396,0.0004255514210371946
42427664,trash,"Work, Wealth, Status & Institutions",Heroine's Work & Professional Identity,0.004027302089830486,0.060157330642395035,0.06682369247068208,high,0.9981707041186347,0.0013922658924465647,0.0018292958813653204,0.0009667144714094396,0.0004255514210371946
42427664,trash,"Work, Wealth, Status & Institutions","Law, Medicine, Education & Formal Institutions",0.005776604753414747,0.08628732446446018,0.06682369247068208,high,0.9981707041186347,0.0013922658924465647,0.0018292958813653204,0.0009667144714094396,0.0004255514210371946
42427664,trash,"Work, Wealth, Status & Institutions","Money, Housing & Economic Security",0.001509389562568073,0.022546321323367497,0.06682369247068208,high,0.9981707041186347,0.0013922658924465647,0.0018292958813653204,0.0009667144714094396,0.0004255514210371946
42427664,trash,"Work, Wealth, Status & Institutions",Shared Workplaces & Professional Interaction,0.0033554454103043676,0.05012155395789617,0.06682369247068208,high,0.9981707041186347,0.0013922658924465647,0.0018292958813653204,0.0009667144714094396,0.0004255514210371946
43728457,trash,"Conflict, Risk & Harm",Interpersonal Non-Romantic Conflict,0.002253708226900419,0.13552882314626263,0.016593829776439157,high,0.9978852604994194,0.001604278373208201,0.0021147395005806004,0.0015335314771367584,7.074689607151361e-05
43728457,trash,"Conflict, Risk & Harm","Violence, Threats & Coercion",0.01437528754374992,0.8644711768537374,0.016593829776439157,high,0.9978852604994194,0.001604278373208201,0.0021147395005806004,0.0015335314771367584,7.074689607151361e-05
43728457,trash,Embodied & Sensory Experience,Body Parts & Physical Reactions,0.0039307080108578465,0.290456951373475,0.01350422349616466,high,0.9978852604994194,0.001604278373208201,0.0021147395005806004,0.0015335314771367584,7.074689607151361e-05
43728457,trash,Embodied & Sensory Experience,Exercise & Physical Activity,0.00960213392069458,0.709543048626525,0.01350422349616466,high,0.9978852604994194,0.001604278373208201,0.0021147395005806004,0.0015335314771367584,7.074689607151361e-05
43728457,trash,"Emotions, Cognition & Inner Life",Ambivalence & Internal Conflict,0.00467586197564717,0.02503635626895305,0.18636792413016431,high,0.9978852604994194,0.001604278373208201,0.0021147395005806004,0.0015335314771367584,7.074689607151361e-05
43728457,trash,"Emotions, Cognition & Inner Life","Beliefs, Values & Moral Reflection",0.019488545823522916,0.10434914010352181,0.18636792413016431,high,0.9978852604994194,0.001604278373208201,0.0021147395005806004,0.0015335314771367584,7.074689607151361e-05
43728457,trash,"Emotions, Cognition & Inner Life",Negative Emotions & Distress,0.12433493501746468,0.6657368728989326,0.18636792413016431,high,0.9978852604994194,0.001604278373208201,0.0021147395005806004,0.0015335314771367584,7.074689607151361e-05
43728457,trash,"Emotions, Cognition & Inner Life",Positive Emotions & Security,0.03826353615092442,0.20487763072859258,0.18636792413016431,high,0.9978852604994194,0.001604278373208201,0.0021147395005806004,0.0015335314771367584,7.074689607151361e-05
43728457,trash,Relationship Trajectory (Main Couple),"Bonding, Everyday Intimacy & Growth",0.16383160141387146,0.5058321715963086,0.3232003605840069,high,0.9978852604994194,0.001604278373208201,0.0021147395005806004,0.0015335314771367584,7.074689607151361e-05
43728457,trash,Relationship Trajectory (Main Couple),"Conflict, Distance & Breakup Threats",0.1069468329666964,0.33019971908979556,0.3232003605840069,medium,0.9978852604994194,0.001604278373208201,0.0021147395005806004,0.0015335314771367584,7.074689607151361e-05
43728457,trash,Relationship Trajectory (Main Couple),"Meeting, First Impressions & Setup",0.00023960791260171178,0.0007397925047244295,0.3232003605840069,high,0.9978852604994194,0.001604278373208201,0.0021147395005806004,0.0015335314771367584,7.074689607151361e-05
43728457,trash,Relationship Trajectory (Main Couple),"Reconciliation, Commitments & HEA",0.0062526384299839985,0.019305101384289765,0.3232003605840069,high,0.9978852604994194,0.001604278373208201,0.0021147395005806004,0.0015335314771367584,7.074689607151361e-05
43728457,trash,Relationship Trajectory (Main Couple),"Secrets, Misunderstandings & Hidden Information",0.046614612884903484,0.1439232154248818,0.3232003605840069,medium,0.9978852604994194,0.001604278373208201,0.0021147395005806004,0.0015335314771367584,7.074689607151361e-05
43728457,trash,"Sexuality, Attraction & Intimacy",Attraction & Sexual Tension,0.032203293952826256,0.16430237409980789,0.19558568493681297,high,0.9978852604994194,0.001604278373208201,0.0021147395005806004,0.0015335314771367584,7.074689607151361e-05
43728457,trash,"Sexuality, Attraction & Intimacy",Explicit Sexual Acts,0.12218040006009162,0.6233688338759384,0.19558568493681297,high,0.9978852604994194,0.001604278373208201,0.0021147395005806004,0.0015335314771367584,7.074689607151361e-05
43728457,trash,"Sexuality, Attraction & Intimacy",Kissing & Non-Explicit Affection,0.04161648023449678,0.21232879202425364,0.19558568493681297,high,0.9978852604994194,0.001604278373208201,0.0021147395005806004,0.0015335314771367584,7.074689607151361e-05
43728457,trash,Social World Outside Couple,"Community, Norms & Social Events",0.003705714511444662,0.02879799904305445,0.12840745931899375,high,0.9978852604994194,0.001604278373208201,0.0021147395005806004,0.0015335314771367584,7.074689607151361e-05
43728457,trash,Social World Outside Couple,Family & Kinship,0.10725142969151617,0.8334766642394188,0.12840745931899375,high,0.9978852604994194,0.001604278373208201,0.0021147395005806004,0.0015335314771367584,7.074689607151361e-05
43728457,trash,Social World Outside Couple,Friends & Social Circles,0.017722438913367264,0.1377253367175268,0.12840745931899375,high,0.9978852604994194,0.001604278373208201,0.0021147395005806004,0.0015335314771367584,7.074689607151361e-05
43728457,trash,"Spaces, Time, Activities & Objects",Domestic Spaces & Routines,0.039335813014329195,0.48505780147982075,0.08092360930389719,high,0.9978852604994194,0.001604278373208201,0.0021147395005806004,0.0015335314771367584,7.074689607151361e-05
43728457,trash,"Spaces, Time, Activities & Objects",Public & Leisure Spaces,0.040157802962227124,0.4951939244276454,0.08092360930389719,high,0.9978852604994194,0.001604278373208201,0.0021147395005806004,0.0015335314771367584,7.074689607151361e-05
43728457,trash,"Spaces, Time, Activities & Objects","Time, Seasons & Temporal Framing",0.0016014883477592076,0.019748274092533817,0.08092360930389719,high,0.9978852604994194,0.001604278373208201,0.0021147395005806004,0.0015335314771367584,7.074689607151361e-05
43728457,trash,"Work, Wealth, Status & Institutions",Hero's Elite Work & Business World,0.040114998882084946,0.7520025684569853,0.05323142205686893,high,0.9978852604994194,0.001604278373208201,0.0021147395005806004,0.0015335314771367584,7.074689607151361e-05
43728457,trash,"Work, Wealth, Status & Institutions",Heroine's Work & Professional Identity,0.0071104231358375455,0.1332931973071489,0.05323142205686893,high,0.9978852604994194,0.001604278373208201,0.0021147395005806004,0.0015335314771367584,7.074689607151361e-05
43728457,trash,"Work, Wealth, Status & Institutions","Law, Medicine, Education & Formal Institutions",0.0017151623401505754,0.03215272394510633,0.05323142205686893,high,0.9978852604994194,0.001604278373208201,0.0021147395005806004,0.0015335314771367584,7.074689607151361e-05
43728457,trash,"Work, Wealth, Status & Institutions","Money, Housing & Economic Security",0.0018497198501028933,0.034675161833905795,0.05323142205686893,high,0.9978852604994194,0.001604278373208201,0.0021147395005806004,0.0015335314771367584,7.074689607151361e-05
43728457,trash,"Work, Wealth, Status & Institutions",Shared Workplaces & Professional Interaction,0.002553927001560309,0.0478763484568538,0.05323142205686893,high,0.9978852604994194,0.001604278373208201,0.0021147395005806004,0.0015335314771367584,7.074689607151361e-05
44099084,middle,"Conflict, Risk & Harm",Interpersonal Non-Romantic Conflict,0.001971381599838081,0.10978565901521355,0.0179229764501013,high,0.9981252646621737,0.0012688606478880038,0.001874735337826282,0.0012113915090156606,5.7469138872357415e-05
44099084,middle,"Conflict, Risk & Harm","Violence, Threats & Coercion",0.01598525879856675,0.8902143409847865,0.0179229764501013,high,0.9981252646621737,0.0012688606478880038,0.001874735337826282,0.0012113915090156606,5.7469138872357415e-05
44099084,middle,Embodied & Sensory Experience,Body Parts & Physical Reactions,0.007324434889573959,0.3998690551380317,0.01828274386007006,high,0.9981252646621737,0.0012688606478880038,0.001874735337826282,0.0012113915090156606,5.7469138872357415e-05
44099084,middle,Embodied & Sensory Experience,Exercise & Physical Activity,0.010992648654301721,0.6001309448619682,0.01828274386007006,high,0.9981252646621737,0.0012688606478880038,0.001874735337826282,0.0012113915090156606,5.7469138872357415e-05
44099084,middle,"Emotions, Cognition & Inner Life",Ambivalence & Internal Conflict,0.010730061838732303,0.05486327695561278,0.19521155874978208,high,0.9981252646621737,0.0012688606478880038,0.001874735337826282,0.0012113915090156606,5.7469138872357415e-05
44099084,middle,"Emotions, Cognition & Inner Life","Beliefs, Values & Moral Reflection",0.025848458885254014,0.13216430436387916,0.19521155874978208,high,0.9981252646621737,0.0012688606478880038,0.001874735337826282,0.0012113915090156606,5.7469138872357415e-05
44099084,middle,"Emotions, Cognition & Inner Life",Negative Emotions & Distress,0.11256190847805106,0.5755339766255492,0.19521155874978208,high,0.9981252646621737,0.0012688606478880038,0.001874735337826282,0.0012113915090156606,5.7469138872357415e-05
44099084,middle,"Emotions, Cognition & Inner Life",Positive Emotions & Security,0.04643778694085681,0.2374384420549589,0.19521155874978208,high,0.9981252646621737,0.0012688606478880038,0.001874735337826282,0.0012113915090156606,5.7469138872357415e-05
44099084,middle,Relationship Trajectory (Main Couple),"Bonding, Everyday Intimacy & Growth",0.15990278763157137,0.4463709593268183,0.35755689049682415,high,0.9981252646621737,0.0012688606478880038,0.001874735337826282,0.0012113915090156606,5.7469138872357415e-05
44099084,middle,Relationship Trajectory (Main Couple),"Conflict, Distance & Breakup Threats",0.12259084684584308,0.34221413348557445,0.35755689049682415,medium,0.9981252646621737,0.0012688606478880038,0.001874735337826282,0.0012113915090156606,5.7469138872357415e-05
44099084,middle,Relationship Trajectory (Main Couple),"Meeting, First Impressions & Setup",0.00025908483846143616,0.0007232390979794986,0.35755689049682415,high,0.9981252646621737,0.0012688606478880038,0.001874735337826282,0.0012113915090156606,5.7469138872357415e-05
44099084,middle,Relationship Trajectory (Main Couple),"Reconciliation, Commitments & HEA",0.01801517057472797,0.05028961090037858,0.35755689049682415,high,0.9981252646621737,0.0012688606478880038,0.001874735337826282,0.0012113915090156606,5.7469138872357415e-05
44099084,middle,Relationship Trajectory (Main Couple),"Secrets, Misunderstandings & Hidden Information",0.05746058418558655,0.16040205718924916,0.35755689049682415,medium,0.9981252646621737,0.0012688606478880038,0.001874735337826282,0.0012113915090156606,5.7469138872357415e-05
44099084,middle,"Sexuality, Attraction & Intimacy",Attraction & Sexual Tension,0.033166798416099375,0.19249745924128714,0.17197431892111864,high,0.9981252646621737,0.0012688606478880038,0.001874735337826282,0.0012113915090156606,5.7469138872357415e-05
44099084,middle,"Sexuality, Attraction & Intimacy",Explicit Sexual Acts,0.07428126797779899,0.43112256949126226,0.17197431892111864,high,0.9981252646621737,0.0012688606478880038,0.001874735337826282,0.0012113915090156606,5.7469138872357415e-05
44099084,middle,"Sexuality, Attraction & Intimacy",Kissing & Non-Explicit Affection,0.06484926442191383,0.3763799712674506,0.17197431892111864,high,0.9981252646621737,0.0012688606478880038,0.001874735337826282,0.0012113915090156606,5.7469138872357415e-05
44099084,middle,Social World Outside Couple,"Community, Norms & Social Events",0.0034474433394143726,0.04023984709830653,0.08551176367928173,high,0.9981252646621737,0.0012688606478880038,0.001874735337826282,0.0012113915090156606,5.7469138872357415e-05
44099084,middle,Social World Outside Couple,Family & Kinship,0.0587139763061047,0.6853314750903474,0.08551176367928173,high,0.9981252646621737,0.0012688606478880038,0.001874735337826282,0.0012113915090156606,5.7469138872357415e-05
44099084,middle,Social World Outside Couple,Friends & Social Circles,0.02351095706585905,0.274428677811346,0.08551176367928173,high,0.9981252646621737,0.0012688606478880038,0.001874735337826282,0.0012113915090156606,5.7469138872357415e-05
44099084,middle,"Spaces, Time, Activities & Objects",Domestic Spaces & Routines,0.049815612880346534,0.5477988038133215,0.09076730625254993,high,0.9981252646621737,0.0012688606478880038,0.001874735337826282,0.0012113915090156606,5.7469138872357415e-05
44099084,middle,"Spaces, Time, Activities & Objects",Public & Leisure Spaces,0.038509744280247754,0.42347349820921987,0.09076730625254993,high,0.9981252646621737,0.0012688606478880038,0.001874735337826282,0.0012113915090156606,5.7469138872357415e-05
44099084,middle,"Spaces, Time, Activities & Objects","Time, Seasons & Temporal Framing",0.0026124333814286243,0.028727697977458586,0.09076730625254993,high,0.9981252646621737,0.0012688606478880038,0.001874735337826282,0.0012113915090156606,5.7469138872357415e-05
44099084,middle,"Work, Wealth, Status & Institutions",Hero's Elite Work & Business World,0.04527805249093955,0.7428170939166887,0.06084023711357336,high,0.9981252646621737,0.0012688606478880038,0.001874735337826282,0.0012113915090156606,5.7469138872357415e-05
44099084,middle,"Work, Wealth, Status & Institutions",Heroine's Work & Professional Identity,0.00733925442119694,0.12040543576293719,0.06084023711357336,high,0.9981252646621737,0.0012688606478880038,0.001874735337826282,0.0012113915090156606,5.7469138872357415e-05
44099084,middle,"Work, Wealth, Status & Institutions","Law, Medicine, Education & Formal Institutions",0.0028214614513958755,0.04628798458907297,0.06084023711357336,high,0.9981252646621737,0.0012688606478880038,0.001874735337826282,0.0012113915090156606,5.7469138872357415e-05
44099084,middle,"Work, Wealth, Status & Institutions","Money, Housing & Economic Security",0.0015804278990906207,0.02592798926990669,0.06084023711357336,high,0.9981252646621737,0.0012688606478880038,0.001874735337826282,0.0012113915090156606,5.7469138872357415e-05
44099084,middle,"Work, Wealth, Status & Institutions",Shared Workplaces & Professional Interaction,0.003935314426138507,0.06456149646139447,0.06084023711357336,high,0.9981252646621737,0.0012688606478880038,0.001874735337826282,0.0012113915090156606,5.7469138872357415e-05
44168447,trash,"Conflict, Risk & Harm",Interpersonal Non-Romantic Conflict,0.0018691588929595055,0.11637866602953696,0.016030787441243435,high,0.998118279212223,0.0008496331243285082,0.0018817207877771859,0.0007917349616197726,5.789816270859838e-05
44168447,trash,"Conflict, Risk & Harm","Violence, Threats & Coercion",0.014191850884254403,0.883621333970463,0.016030787441243435,high,0.998118279212223,0.0008496331243285082,0.0018817207877771859,0.0007917349616197726,5.789816270859838e-05
44168447,trash,Embodied & Sensory Experience,Body Parts & Physical Reactions,0.004246149214807533,0.2962041584838152,0.014308236485456375,high,0.998118279212223,0.0008496331243285082,0.0018817207877771859,0.0007917349616197726,5.789816270859838e-05
44168447,trash,Embodied & Sensory Experience,Exercise & Physical Activity,0.010089062135844542,0.7037958415161848,0.014308236485456375,high,0.998118279212223,0.0008496331243285082,0.0018817207877771859,0.0007917349616197726,5.789816270859838e-05
44168447,trash,"Emotions, Cognition & Inner Life",Ambivalence & Internal Conflict,0.003408202362518701,0.015916892888528184,0.21372193059965727,high,0.998118279212223,0.0008496331243285082,0.0018817207877771859,0.0007917349616197726,5.789816270859838e-05
44168447,trash,"Emotions, Cognition & Inner Life","Beliefs, Values & Moral Reflection",0.019939695073686307,0.0931218152443366,0.21372193059965727,high,0.998118279212223,0.0008496331243285082,0.0018817207877771859,0.0007917349616197726,5.789816270859838e-05
44168447,trash,"Emotions, Cognition & Inner Life",Negative Emotions & Distress,0.15021488026969693,0.701529400310875,0.21372193059965727,high,0.998118279212223,0.0008496331243285082,0.0018817207877771859,0.0007917349616197726,5.789816270859838e-05
44168447,trash,"Emotions, Cognition & Inner Life",Positive Emotions & Security,0.04056207608230833,0.18943189155626025,0.21372193059965727,high,0.998118279212223,0.0008496331243285082,0.0018817207877771859,0.0007917349616197726,5.789816270859838e-05
44168447,trash,Relationship Trajectory (Main Couple),"Bonding, Everyday Intimacy & Growth",0.14906149822692896,0.4257478853900355,0.34945800369802693,high,0.998118279212223,0.0008496331243285082,0.0018817207877771859,0.0007917349616197726,5.789816270859838e-05
44168447,trash,Relationship Trajectory (Main Couple),"Conflict, Distance & Breakup Threats",0.12222471525341816,0.3490969477733397,0.34945800369802693,medium,0.998118279212223,0.0008496331243285082,0.0018817207877771859,0.0007917349616197726,5.789816270859838e-05
44168447,trash,Relationship Trajectory (Main Couple),"Meeting, First Impressions & Setup",0.0002338540046306826,0.0006679313514609367,0.34945800369802693,high,0.998118279212223,0.0008496331243285082,0.0018817207877771859,0.0007917349616197726,5.789816270859838e-05
44168447,trash,Relationship Trajectory (Main Couple),"Reconciliation, Commitments & HEA",0.0064598415189128025,0.018450531487647606,0.34945800369802693,high,0.998118279212223,0.0008496331243285082,0.0018817207877771859,0.0007917349616197726,5.789816270859838e-05
44168447,trash,Relationship Trajectory (Main Couple),"Secrets, Misunderstandings & Hidden Information",0.0721369168034084,0.2060367039975162,0.34945800369802693,medium,0.998118279212223,0.0008496331243285082,0.0018817207877771859,0.0007917349616197726,5.789816270859838e-05
44168447,trash,"Sexuality, Attraction & Intimacy",Attraction & Sexual Tension,0.04591033135622758,0.21258945725772466,0.21555133317729838,high,0.998118279212223,0.0008496331243285082,0.0018817207877771859,0.0007917349616197726,5.789816270859838e-05
44168447,trash,"Sexuality, Attraction & Intimacy",Explicit Sexual Acts,0.12213956176392524,0.5655716780525275,0.21555133317729838,high,0.998118279212223,0.0008496331243285082,0.0018817207877771859,0.0007917349616197726,5.789816270859838e-05
44168447,trash,"Sexuality, Attraction & Intimacy",Kissing & Non-Explicit Affection,0.04790781216045271,0.22183886468974792,0.21555133317729838,high,0.998118279212223,0.0008496331243285082,0.0018817207877771859,0.0007917349616197726,5.789816270859838e-05
44168447,trash,Social World Outside Couple,"Community, Norms & Social Events",0.001988883179451355,0.039171916750932886,0.050677649226364314,high,0.998118279212223,0.0008496331243285082,0.0018817207877771859,0.0007917349616197726,5.789816270859838e-05
44168447,trash,Social World Outside Couple,Family & Kinship,0.031655730888179204,0.623473348185164,0.050677649226364314,high,0.998118279212223,0.0008496331243285082,0.0018817207877771859,0.0007917349616197726,5.789816270859838e-05
44168447,trash,Social World Outside Couple,Friends & Social Circles,0.01712857612618321,0.3373547350639031,0.050677649226364314,high,0.998118279212223,0.0008496331243285082,0.0018817207877771859,0.0007917349616197726,5.789816270859838e-05
44168447,trash,"Spaces, Time, Activities & Objects",Domestic Spaces & Routines,0.03731340508763659,0.4808025830692743,0.07746046504133365,high,0.998118279212223,0.0008496331243285082,0.0018817207877771859,0.0007917349616197726,5.789816270859838e-05
44168447,trash,"Spaces, Time, Activities & Objects",Public & Leisure Spaces,0.03886223194183696,0.5007600206303222,0.07746046504133365,high,0.998118279212223,0.0008496331243285082,0.0018817207877771859,0.0007917349616197726,5.789816270859838e-05
44168447,trash,"Spaces, Time, Activities & Objects","Time, Seasons & Temporal Framing",0.0014308617739250545,0.018437396300403558,0.07746046504133365,high,0.998118279212223,0.0008496331243285082,0.0018817207877771859,0.0007917349616197726,5.789816270859838e-05
44168447,trash,"Work, Wealth, Status & Institutions",Hero's Elite Work & Business World,0.04266937258969429,0.6998800035371521,0.060851975380133976,high,0.998118279212223,0.0008496331243285082,0.0018817207877771859,0.0007917349616197726,5.789816270859838e-05
44168447,trash,"Work, Wealth, Status & Institutions",Heroine's Work & Professional Identity,0.0051267791240830985,0.0840914682763369,0.060851975380133976,high,0.998118279212223,0.0008496331243285082,0.0018817207877771859,0.0007917349616197726,5.789816270859838e-05
44168447,trash,"Work, Wealth, Status & Institutions","Law, Medicine, Education & Formal Institutions",0.002716086202536991,0.044550325108317204,0.060851975380133976,high,0.998118279212223,0.0008496331243285082,0.0018817207877771859,0.0007917349616197726,5.789816270859838e-05
44168447,trash,"Work, Wealth, Status & Institutions","Money, Housing & Economic Security",0.007249577341867474,0.11891044812068602,0.060851975380133976,high,0.998118279212223,0.0008496331243285082,0.0018817207877771859,0.0007917349616197726,5.789816270859838e-05
44168447,trash,"Work, Wealth, Status & Institutions",Shared Workplaces & Professional Interaction,0.0032048824243434467,0.05256775495750776,0.060851975380133976,high,0.998118279212223,0.0008496331243285082,0.0018817207877771859,0.0007917349616197726,5.789816270859838e-05
45156972,middle,"Conflict, Risk & Harm",Interpersonal Non-Romantic Conflict,0.00410037106945424,0.1849858794885908,0.022118789091120767,high,0.9978764321415974,0.0011183840926555222,0.0021235678584027454,0.0009352372654397766,0.00018314682721581088
45156972,middle,"Conflict, Risk & Harm","Violence, Threats & Coercion",0.01806548872908857,0.8150141205114091,0.022118789091120767,high,0.9978764321415974,0.0011183840926555222,0.0021235678584027454,0.0009352372654397766,0.00018314682721581088
45156972,middle,Embodied & Sensory Experience,Body Parts & Physical Reactions,0.009380608287188615,0.5069057211785142,0.01846632921635772,high,0.9978764321415974,0.0011183840926555222,0.0021235678584027454,0.0009352372654397766,0.00018314682721581088
45156972,middle,Embodied & Sensory Experience,Exercise & Physical Activity,0.00912501888422991,0.49309427882148577,0.01846632921635772,high,0.9978764321415974,0.0011183840926555222,0.0021235678584027454,0.0009352372654397766,0.00018314682721581088
45156972,middle,"Emotions, Cognition & Inner Life",Ambivalence & Internal Conflict,0.012206063364083052,0.06626015765224967,0.18382303018610338,high,0.9978764321415974,0.0011183840926555222,0.0021235678584027454,0.0009352372654397766,0.00018314682721581088
45156972,middle,"Emotions, Cognition & Inner Life","Beliefs, Values & Moral Reflection",0.022734311910426526,0.12341236042841415,0.18382303018610338,high,0.9978764321415974,0.0011183840926555222,0.0021235678584027454,0.0009352372654397766,0.00018314682721581088
45156972,middle,"Emotions, Cognition & Inner Life",Negative Emotions & Distress,0.10201872793277139,0.5538048422883317,0.18382303018610338,high,0.9978764321415974,0.0011183840926555222,0.0021235678584027454,0.0009352372654397766,0.00018314682721581088
45156972,middle,"Emotions, Cognition & Inner Life",Positive Emotions & Security,0.047255118378843365,0.2565226396310044,0.18382303018610338,high,0.9978764321415974,0.0011183840926555222,0.0021235678584027454,0.0009352372654397766,0.00018314682721581088
45156972,middle,Relationship Trajectory (Main Couple),"Bonding, Everyday Intimacy & Growth",0.18769674407751255,0.4806378214940575,0.38968668075776564,high,0.9978764321415974,0.0011183840926555222,0.0021235678584027454,0.0009352372654397766,0.00018314682721581088
45156972,middle,Relationship Trajectory (Main Couple),"Conflict, Distance & Breakup Threats",0.1342622148910991,0.3438072343310095,0.38968668075776564,medium,0.9978764321415974,0.0011183840926555222,0.0021235678584027454,0.0009352372654397766,0.00018314682721581088
45156972,middle,Relationship Trajectory (Main Couple),"Meeting, First Impressions & Setup",0.0004110613015077109,0.0010526107388180775,0.38968668075776564,high,0.9978764321415974,0.0011183840926555222,0.0021235678584027454,0.0009352372654397766,0.00018314682721581088
45156972,middle,Relationship Trajectory (Main Couple),"Reconciliation, Commitments & HEA",0.006878282683814751,0.017613319938057995,0.38968668075776564,high,0.9978764321415974,0.0011183840926555222,0.0021235678584027454,0.0009352372654397766,0.00018314682721581088
45156972,middle,Relationship Trajectory (Main Couple),"Secrets, Misunderstandings & Hidden Information",0.06126766496148973,0.156889013498057,0.38968668075776564,medium,0.9978764321415974,0.0011183840926555222,0.0021235678584027454,0.0009352372654397766,0.00018314682721581088
45156972,middle,"Sexuality, Attraction & Intimacy",Attraction & Sexual Tension,0.039303945519838304,0.22532086737368887,0.1740650183960894,high,0.9978764321415974,0.0011183840926555222,0.0021235678584027454,0.0009352372654397766,0.00018314682721581088
45156972,middle,"Sexuality, Attraction & Intimacy",Explicit Sexual Acts,0.059609556062509304,0.3417284625785423,0.1740650183960894,high,0.9978764321415974,0.0011183840926555222,0.0021235678584027454,0.0009352372654397766,0.00018314682721581088
45156972,middle,"Sexuality, Attraction & Intimacy",Kissing & Non-Explicit Affection,0.07552194231577003,0.4329506700477689,0.1740650183960894,high,0.9978764321415974,0.0011183840926555222,0.0021235678584027454,0.0009352372654397766,0.00018314682721581088
45156972,middle,Social World Outside Couple,"Community, Norms & Social Events",0.004680741261296927,0.06859604382741857,0.06809141065558023,high,0.9978764321415974,0.0011183840926555222,0.0021235678584027454,0.0009352372654397766,0.00018314682721581088
45156972,middle,Social World Outside Couple,Family & Kinship,0.034229125346509334,0.5016262278493868,0.06809141065558023,high,0.9978764321415974,0.0011183840926555222,0.0021235678584027454,0.0009352372654397766,0.00018314682721581088
45156972,middle,Social World Outside Couple,Friends & Social Circles,0.02932644849329852,0.4297777283231948,0.06809141065558023,high,0.9978764321415974,0.0011183840926555222,0.0021235678584027454,0.0009352372654397766,0.00018314682721581088
45156972,middle,"Spaces, Time, Activities & Objects",Domestic Spaces & Routines,0.05115945349866587,0.7064014929621554,0.07226883498432476,high,0.9978764321415974,0.0011183840926555222,0.0021235678584027454,0.0009352372654397766,0.00018314682721581088
45156972,middle,"Spaces, Time, Activities & Objects",Public & Leisure Spaces,0.017925737792388107,0.24751569989545155,0.07226883498432476,high,0.9978764321415974,0.0011183840926555222,0.0021235678584027454,0.0009352372654397766,0.00018314682721581088
45156972,middle,"Spaces, Time, Activities & Objects","Time, Seasons & Temporal Framing",0.003337438061184212,0.04608280714239313,0.07226883498432476,high,0.9978764321415974,0.0011183840926555222,0.0021235678584027454,0.0009352372654397766,0.00018314682721581088
45156972,middle,"Work, Wealth, Status & Institutions",Hero's Elite Work & Business World,0.046684509026553814,0.6734599046042236,0.06917319202703959,high,0.9978764321415974,0.0011183840926555222,0.0021235678584027454,0.0009352372654397766,0.00018314682721581088
45156972,middle,"Work, Wealth, Status & Institutions",Heroine's Work & Professional Identity,0.007283250780217878,0.10506648731947149,0.06917319202703959,high,0.9978764321415974,0.0011183840926555222,0.0021235678584027454,0.0009352372654397766,0.00018314682721581088
45156972,middle,"Work, Wealth, Status & Institutions","Law, Medicine, Education & Formal Institutions",0.003648605686153703,0.05263393979227389,0.06917319202703959,high,0.9978764321415974,0.0011183840926555222,0.0021235678584027454,0.0009352372654397766,0.00018314682721581088
45156972,middle,"Work, Wealth, Status & Institutions","Money, Housing & Economic Security",0.004252776652647092,0.061349570093276865,0.06917319202703959,high,0.9978764321415974,0.0011183840926555222,0.0021235678584027454,0.0009352372654397766,0.00018314682721581088
45156972,middle,"Work, Wealth, Status & Institutions",Shared Workplaces & Professional Interaction,0.007451256451860274,0.10749009819075431,0.06917319202703959,high,0.9978764321415974,0.0011183840926555222,0.0021235678584027454,0.0009352372654397766,0.00018314682721581088
45857023,top,"Conflict, Risk & Harm",Interpersonal Non-Romantic Conflict,0.003476745824616888,0.17345229015728805,0.01999957156997063,high,0.9977639050902578,0.0018119394047885207,0.002236094909742305,0.0015485645389763346,0.0002633748658120965
45857023,top,"Conflict, Risk & Harm","Violence, Threats & Coercion",0.016567646909916307,0.826547709842712,0.01999957156997063,high,0.9977639050902578,0.0018119394047885207,0.002236094909742305,0.0015485645389763346,0.0002633748658120965
45857023,top,Embodied & Sensory Experience,Body Parts & Physical Reactions,0.00321128104730149,0.20531738673153216,0.015605596628245948,high,0.9977639050902578,0.0018119394047885207,0.002236094909742305,0.0015485645389763346,0.0002633748658120965
45857023,top,Embodied & Sensory Experience,Exercise & Physical Activity,0.012429289380864343,0.7946826132684679,0.015605596628245948,high,0.9977639050902578,0.0018119394047885207,0.002236094909742305,0.0015485645389763346,0.0002633748658120965
45857023,top,"Emotions, Cognition & Inner Life",Ambivalence & Internal Conflict,0.006645552560563958,0.03418469155230961,0.1939667194060983,high,0.9977639050902578,0.0018119394047885207,0.002236094909742305,0.0015485645389763346,0.0002633748658120965
45857023,top,"Emotions, Cognition & Inner Life","Beliefs, Values & Moral Reflection",0.02260389848022308,0.11627434895505093,0.1939667194060983,high,0.9977639050902578,0.0018119394047885207,0.002236094909742305,0.0015485645389763346,0.0002633748658120965
45857023,top,"Emotions, Cognition & Inner Life",Negative Emotions & Distress,0.12711339055879592,0.6538706915368896,0.1939667194060983,high,0.9977639050902578,0.0018119394047885207,0.002236094909742305,0.0015485645389763346,0.0002633748658120965
45857023,top,"Emotions, Cognition & Inner Life",Positive Emotions & Security,0.03803857783095061,0.19567026795574982,0.1939667194060983,high,0.9977639050902578,0.0018119394047885207,0.002236094909742305,0.0015485645389763346,0.0002633748658120965
45857023,top,Relationship Trajectory (Main Couple),"Bonding, Everyday Intimacy & Growth",0.197647965807136,0.5401538542893044,0.36509228737494287,high,0.9977639050902578,0.0018119394047885207,0.002236094909742305,0.0015485645389763346,0.0002633748658120965
45857023,top,Relationship Trajectory (Main Couple),"Conflict, Distance & Breakup Threats",0.10586955904679504,0.28933184380373106,0.36509228737494287,medium,0.9977639050902578,0.0018119394047885207,0.002236094909742305,0.0015485645389763346,0.0002633748658120965
45857023,top,Relationship Trajectory (Main Couple),"Meeting, First Impressions & Setup",0.00018164338270312851,0.0004964147891559005,0.36509228737494287,high,0.9977639050902578,0.0018119394047885207,0.002236094909742305,0.0015485645389763346,0.0002633748658120965
45857023,top,Relationship Trajectory (Main Couple),"Reconciliation, Commitments & HEA",0.007108933563198058,0.01942806670621141,0.36509228737494287,high,0.9977639050902578,0.0018119394047885207,0.002236094909742305,0.0015485645389763346,0.0002633748658120965
45857023,top,Relationship Trajectory (Main Couple),"Secrets, Misunderstandings & Hidden Information",0.05510239617705801,0.15058982041159724,0.36509228737494287,medium,0.9977639050902578,0.0018119394047885207,0.002236094909742305,0.0015485645389763346,0.0002633748658120965
45857023,top,"Sexuality, Attraction & Intimacy",Attraction & Sexual Tension,0.03644007056547045,0.17911083789312365,0.20299490269183884,high,0.9977639050902578,0.0018119394047885207,0.002236094909742305,0.0015485645389763346,0.0002633748658120965
45857023,top,"Sexuality, Attraction & Intimacy",Explicit Sexual Acts,0.12167968424045336,0.5980819976657733,0.20299490269183884,high,0.9977639050902578,0.0018119394047885207,0.002236094909742305,0.0015485645389763346,0.0002633748658120965
45857023,top,"Sexuality, Attraction & Intimacy",Kissing & Non-Explicit Affection,0.04533008102821162,0.222807164441103,0.20299490269183884,high,0.9977639050902578,0.0018119394047885207,0.002236094909742305,0.0015485645389763346,0.0002633748658120965
45857023,top,Social World Outside Couple,"Community, Norms & Social Events",0.003704485434091549,0.0618114295893399,0.059798032137839706,high,0.9977639050902578,0.0018119394047885207,0.002236094909742305,0.0015485645389763346,0.0002633748658120965
45857023,top,Social World Outside Couple,Family & Kinship,0.031163652751047995,0.5199831291118089,0.059798032137839706,high,0.9977639050902578,0.0018119394047885207,0.002236094909742305,0.0015485645389763346,0.0002633748658120965
45857023,top,Social World Outside Couple,Friends & Social Circles,0.025063907695424124,0.4182054412988512,0.059798032137839706,high,0.9977639050902578,0.0018119394047885207,0.002236094909742305,0.0015485645389763346,0.0002633748658120965
45857023,top,"Spaces, Time, Activities & Objects",Domestic Spaces & Routines,0.046023208700953014,0.525306899548306,0.08741613041392024,high,0.9977639050902578,0.0018119394047885207,0.002236094909742305,0.0015485645389763346,0.0002633748658120965
45857023,top,"Spaces, Time, Activities & Objects",Public & Leisure Spaces,0.03904220343475391,0.4456260095011609,0.08741613041392024,high,0.9977639050902578,0.0018119394047885207,0.002236094909742305,0.0015485645389763346,0.0002633748658120965
45857023,top,"Spaces, Time, Activities & Objects","Time, Seasons & Temporal Framing",0.0025466271132099554,0.029067090950533246,0.08741613041392024,high,0.9977639050902578,0.0018119394047885207,0.002236094909742305,0.0015485645389763346,0.0002633748658120965
45857023,top,"Work, Wealth, Status & Institutions",Hero's Elite Work & Business World,0.03650654176133808,0.692129685340692,0.05262729000158917,high,0.9977639050902578,0.0018119394047885207,0.002236094909742305,0.0015485645389763346,0.0002633748658120965
45857023,top,"Work, Wealth, Status & Institutions",Heroine's Work & Professional Identity,0.0066150156970059045,0.12541447400918154,0.05262729000158917,high,0.9977639050902578,0.0018119394047885207,0.002236094909742305,0.0015485645389763346,0.0002633748658120965
45857023,top,"Work, Wealth, Status & Institutions","Law, Medicine, Education & Formal Institutions",0.004834389656228037,0.09165547954265513,0.05262729000158917,high,0.9977639050902578,0.0018119394047885207,0.002236094909742305,0.0015485645389763346,0.0002633748658120965
45857023,top,"Work, Wealth, Status & Institutions","Money, Housing & Economic Security",0.00108982918417564,0.02066213598784168,0.05262729000158917,high,0.9977639050902578,0.0018119394047885207,0.002236094909742305,0.0015485645389763346,0.0002633748658120965
45857023,top,"Work, Wealth, Status & Institutions",Shared Workplaces & Professional Interaction,0.003699457050647259,0.07013822511962967,0.05262729000158917,high,0.9977639050902578,0.0018119394047885207,0.002236094909742305,0.0015485645389763346,0.0002633748658120965
46142566,trash,"Conflict, Risk & Harm",Interpersonal Non-Romantic Conflict,0.0025997256494443618,0.15083796183490075,0.01721557473826265,high,0.998860093522156,0.0006295534038176509,0.0011399064778439996,0.0005772812995800265,5.227210423765614e-05
46142566,trash,"Conflict, Risk & Harm","Violence, Threats & Coercion",0.014635495629200888,0.8491620381650992,0.01721557473826265,high,0.998860093522156,0.0006295534038176509,0.0011399064778439996,0.0005772812995800265,5.227210423765614e-05
46142566,trash,Embodied & Sensory Experience,Body Parts & Physical Reactions,0.0036946585915372996,0.3084060804819908,0.011966194118182718,high,0.998860093522156,0.0006295534038176509,0.0011399064778439996,0.0005772812995800265,5.227210423765614e-05
46142566,trash,Embodied & Sensory Experience,Exercise & Physical Activity,0.008285191435294605,0.6915939195180092,0.011966194118182718,high,0.998860093522156,0.0006295534038176509,0.0011399064778439996,0.0005772812995800265,5.227210423765614e-05
46142566,trash,"Emotions, Cognition & Inner Life",Ambivalence & Internal Conflict,0.004721013962898293,0.022824270459220367,0.20660605371485202,high,0.998860093522156,0.0006295534038176509,0.0011399064778439996,0.0005772812995800265,5.227210423765614e-05
46142566,trash,"Emotions, Cognition & Inner Life","Beliefs, Values & Moral Reflection",0.020031020402663316,0.09684221034666707,0.20660605371485202,high,0.998860093522156,0.0006295534038176509,0.0011399064778439996,0.0005772812995800265,5.227210423765614e-05
46142566,trash,"Emotions, Cognition & Inner Life",Negative Emotions & Distress,0.14853964166483763,0.7181315246931778,0.20660605371485202,high,0.998860093522156,0.0006295534038176509,0.0011399064778439996,0.0005772812995800265,5.227210423765614e-05
46142566,trash,"Emotions, Cognition & Inner Life",Positive Emotions & Security,0.033550158030988486,0.16220199450093484,0.20660605371485202,high,0.998860093522156,0.0006295534038176509,0.0011399064778439996,0.0005772812995800265,5.227210423765614e-05
46142566,trash,Relationship Trajectory (Main Couple),"Bonding, Everyday Intimacy & Growth",0.16282509388737582,0.4569007635949435,0.3559623915452304,high,0.998860093522156,0.0006295534038176509,0.0011399064778439996,0.0005772812995800265,5.227210423765614e-05
46142566,trash,Relationship Trajectory (Main Couple),"Conflict, Distance & Breakup Threats",0.12941967551913106,0.3631623796870135,0.3559623915452304,medium,0.998860093522156,0.0006295534038176509,0.0011399064778439996,0.0005772812995800265,5.227210423765614e-05
46142566,trash,Relationship Trajectory (Main Couple),"Meeting, First Impressions & Setup",0.00020841077266428186,0.0005848179718390779,0.3559623915452304,high,0.998860093522156,0.0006295534038176509,0.0011399064778439996,0.0005772812995800265,5.227210423765614e-05
46142566,trash,Relationship Trajectory (Main Couple),"Reconciliation, Commitments & HEA",0.010536157294689617,0.029565334177727495,0.3559623915452304,high,0.998860093522156,0.0006295534038176509,0.0011399064778439996,0.0005772812995800265,5.227210423765614e-05
46142566,trash,Relationship Trajectory (Main Couple),"Secrets, Misunderstandings & Hidden Information",0.0533792809680319,0.1497867045684765,0.3559623915452304,medium,0.998860093522156,0.0006295534038176509,0.0011399064778439996,0.0005772812995800265,5.227210423765614e-05
46142566,trash,"Sexuality, Attraction & Intimacy",Attraction & Sexual Tension,0.0331422985725099,0.14507267126600717,0.2281926648401998,high,0.998860093522156,0.0006295534038176509,0.0011399064778439996,0.0005772812995800265,5.227210423765614e-05
46142566,trash,"Sexuality, Attraction & Intimacy",Explicit Sexual Acts,0.14241454044869487,0.6233863883885816,0.2281926648401998,high,0.998860093522156,0.0006295534038176509,0.0011399064778439996,0.0005772812995800265,5.227210423765614e-05
46142566,trash,"Sexuality, Attraction & Intimacy",Kissing & Non-Explicit Affection,0.05289624096475441,0.23154094034541112,0.2281926648401998,high,0.998860093522156,0.0006295534038176509,0.0011399064778439996,0.0005772812995800265,5.227210423765614e-05
46142566,trash,Social World Outside Couple,"Community, Norms & Social Events",0.0044847035663884965,0.07870390744909334,0.05691701427453796,high,0.998860093522156,0.0006295534038176509,0.0011399064778439996,0.0005772812995800265,5.227210423765614e-05
46142566,trash,Social World Outside Couple,Family & Kinship,0.03281570582253061,0.5758963186084055,0.05691701427453796,high,0.998860093522156,0.0006295534038176509,0.0011399064778439996,0.0005772812995800265,5.227210423765614e-05
46142566,trash,Social World Outside Couple,Friends & Social Circles,0.019681559000506263,0.34539977394250104,0.05691701427453796,high,0.998860093522156,0.0006295534038176509,0.0011399064778439996,0.0005772812995800265,5.227210423765614e-05
46142566,trash,"Spaces, Time, Activities & Objects",Domestic Spaces & Routines,0.0368614040165001,0.49264846190189404,0.07473764420401555,high,0.998860093522156,0.0006295534038176509,0.0011399064778439996,0.0005772812995800265,5.227210423765614e-05
46142566,trash,"Spaces, Time, Activities & Objects",Public & Leisure Spaces,0.03659454555832731,0.48908192903446746,0.07473764420401555,high,0.998860093522156,0.0006295534038176509,0.0011399064778439996,0.0005772812995800265,5.227210423765614e-05
46142566,trash,"Spaces, Time, Activities & Objects","Time, Seasons & Temporal Framing",0.0013669857778880047,0.01826960906363847,0.07473764420401555,high,0.998860093522156,0.0006295534038176509,0.0011399064778439996,0.0005772812995800265,5.227210423765614e-05
46142566,trash,"Work, Wealth, Status & Institutions",Hero's Elite Work & Business World,0.03706962342379624,0.7843072397857628,0.04721028398263723,high,0.998860093522156,0.0006295534038176509,0.0011399064778439996,0.0005772812995800265,5.227210423765614e-05
46142566,trash,"Work, Wealth, Status & Institutions",Heroine's Work & Professional Identity,0.0049895423731753635,0.10556714217892954,0.04721028398263723,high,0.998860093522156,0.0006295534038176509,0.0011399064778439996,0.0005772812995800265,5.227210423765614e-05
46142566,trash,"Work, Wealth, Status & Institutions","Law, Medicine, Education & Formal Institutions",0.002034100644075182,0.04303685104545554,0.04721028398263723,high,0.998860093522156,0.0006295534038176509,0.0011399064778439996,0.0005772812995800265,5.227210423765614e-05
46142566,trash,"Work, Wealth, Status & Institutions","Money, Housing & Economic Security",0.001973721369806932,0.04175936566611394,0.04721028398263723,high,0.998860093522156,0.0006295534038176509,0.0011399064778439996,0.0005772812995800265,5.227210423765614e-05
46142566,trash,"Work, Wealth, Status & Institutions",Shared Workplaces & Professional Interaction,0.0011971728947416805,0.02532940132373815,0.04721028398263723,high,0.998860093522156,0.0006295534038176509,0.0011399064778439996,0.0005772812995800265,5.227210423765614e-05
48572514,top,"Conflict, Risk & Harm",Interpersonal Non-Romantic Conflict,0.003654943771135034,0.17742898566764578,0.020560079577187685,high,0.9980876021777011,0.0009889369022273442,0.0019123978222990315,0.0009128481700070696,7.608873222017366e-05
48572514,top,"Conflict, Risk & Harm","Violence, Threats & Coercion",0.016944530195206385,0.8225710143323542,0.020560079577187685,high,0.9980876021777011,0.0009889369022273442,0.0019123978222990315,0.0009128481700070696,7.608873222017366e-05
48572514,top,Embodied & Sensory Experience,Body Parts & Physical Reactions,0.006042418272403497,0.2782432907901758,0.02167478233789949,high,0.9980876021777011,0.0009889369022273442,0.0019123978222990315,0.0009128481700070696,7.608873222017366e-05
48572514,top,Embodied & Sensory Experience,Exercise & Physical Activity,0.015673894294357026,0.7217567092098242,0.02167478233789949,high,0.9980876021777011,0.0009889369022273442,0.0019123978222990315,0.0009128481700070696,7.608873222017366e-05
48572514,top,"Emotions, Cognition & Inner Life",Ambivalence & Internal Conflict,0.008230271828177945,0.04495687705601607,0.1827202602178425,high,0.9980876021777011,0.0009889369022273442,0.0019123978222990315,0.0009128481700070696,7.608873222017366e-05
48572514,top,"Emotions, Cognition & Inner Life","Beliefs, Values & Moral Reflection",0.024548006072568972,0.1340905518085591,0.1827202602178425,high,0.9980876021777011,0.0009889369022273442,0.0019123978222990315,0.0009128481700070696,7.608873222017366e-05
48572514,top,"Emotions, Cognition & Inner Life",Negative Emotions & Distress,0.09882921790167945,0.5398428012470214,0.1827202602178425,high,0.9980876021777011,0.0009889369022273442,0.0019123978222990315,0.0009128481700070696,7.608873222017366e-05
48572514,top,"Emotions, Cognition & Inner Life",Positive Emotions & Security,0.05146286778005872,0.28110976988840336,0.1827202602178425,high,0.9980876021777011,0.0009889369022273442,0.0019123978222990315,0.0009128481700070696,7.608873222017366e-05
48572514,top,Relationship Trajectory (Main Couple),"Bonding, Everyday Intimacy & Growth",0.16196094581416393,0.44691333175574666,0.3617059518431178,high,0.9980876021777011,0.0009889369022273442,0.0019123978222990315,0.0009128481700070696,7.608873222017366e-05
48572514,top,Relationship Trajectory (Main Couple),"Conflict, Distance & Breakup Threats",0.13167471767944536,0.36334183213303944,0.3617059518431178,medium,0.9980876021777011,0.0009889369022273442,0.0019123978222990315,0.0009128481700070696,7.608873222017366e-05
48572514,top,Relationship Trajectory (Main Couple),"Meeting, First Impressions & Setup",0.00030364560476204444,0.000837876490625719,0.3617059518431178,high,0.9980876021777011,0.0009889369022273442,0.0019123978222990315,0.0009128481700070696,7.608873222017366e-05
48572514,top,Relationship Trajectory (Main Couple),"Reconciliation, Commitments & HEA",0.009502903716193157,0.026222212643972724,0.3617059518431178,high,0.9980876021777011,0.0009889369022273442,0.0019123978222990315,0.0009128481700070696,7.608873222017366e-05
48572514,top,Relationship Trajectory (Main Couple),"Secrets, Misunderstandings & Hidden Information",0.058956790092516156,0.1626847469766155,0.3617059518431178,medium,0.9980876021777011,0.0009889369022273442,0.0019123978222990315,0.0009128481700070696,7.608873222017366e-05
48572514,top,"Sexuality, Attraction & Intimacy",Attraction & Sexual Tension,0.028728044792312193,0.19852115726049302,0.14443349886575843,high,0.9980876021777011,0.0009889369022273442,0.0019123978222990315,0.0009128481700070696,7.608873222017366e-05
48572514,top,"Sexuality, Attraction & Intimacy",Explicit Sexual Acts,0.06185414124093356,0.4274344386914264,0.14443349886575843,high,0.9980876021777011,0.0009889369022273442,0.0019123978222990315,0.0009128481700070696,7.608873222017366e-05
48572514,top,"Sexuality, Attraction & Intimacy",Kissing & Non-Explicit Affection,0.054128056384977634,0.37404440404808054,0.14443349886575843,high,0.9980876021777011,0.0009889369022273442,0.0019123978222990315,0.0009128481700070696,7.608873222017366e-05
48572514,top,Social World Outside Couple,"Community, Norms & Social Events",0.005436037438704426,0.04072642471410012,0.13322165180549894,high,0.9980876021777011,0.0009889369022273442,0.0019123978222990315,0.0009128481700070696,7.608873222017366e-05
48572514,top,Social World Outside Couple,Family & Kinship,0.10138242948321788,0.7595503026308977,0.13322165180549894,high,0.9980876021777011,0.0009889369022273442,0.0019123978222990315,0.0009128481700070696,7.608873222017366e-05
48572514,top,Social World Outside Couple,Friends & Social Circles,0.02665844584087138,0.19972327265500212,0.13322165180549894,high,0.9980876021777011,0.0009889369022273442,0.0019123978222990315,0.0009128481700070696,7.608873222017366e-05
48572514,top,"Spaces, Time, Activities & Objects",Domestic Spaces & Routines,0.03809375775074701,0.5321770530184076,0.07144409387013947,high,0.9980876021777011,0.0009889369022273442,0.0019123978222990315,0.0009128481700070696,7.608873222017366e-05
48572514,top,"Spaces, Time, Activities & Objects",Public & Leisure Spaces,0.031372298565423944,0.4382769876944873,0.07144409387013947,high,0.9980876021777011,0.0009889369022273442,0.0019123978222990315,0.0009128481700070696,7.608873222017366e-05
48572514,top,"Spaces, Time, Activities & Objects","Time, Seasons & Temporal Framing",0.002114928874164521,0.02954595928710504,0.07144409387013947,high,0.9980876021777011,0.0009889369022273442,0.0019123978222990315,0.0009128481700070696,7.608873222017366e-05
48572514,top,"Work, Wealth, Status & Institutions",Hero's Elite Work & Business World,0.047740313260839655,0.7654313277810454,0.06225119492803663,high,0.9980876021777011,0.0009889369022273442,0.0019123978222990315,0.0009128481700070696,7.608873222017366e-05
48572514,top,"Work, Wealth, Status & Institutions",Heroine's Work & Professional Identity,0.004770646697557506,0.07648886625721057,0.06225119492803663,high,0.9980876021777011,0.0009889369022273442,0.0019123978222990315,0.0009128481700070696,7.608873222017366e-05
48572514,top,"Work, Wealth, Status & Institutions","Law, Medicine, Education & Formal Institutions",0.005343451116227628,0.08567277010689826,0.06225119492803663,high,0.9980876021777011,0.0009889369022273442,0.0019123978222990315,0.0009128481700070696,7.608873222017366e-05
48572514,top,"Work, Wealth, Status & Institutions","Money, Housing & Economic Security",0.0014972605576975644,0.024005919911981713,0.06225119492803663,high,0.9980876021777011,0.0009889369022273442,0.0019123978222990315,0.0009128481700070696,7.608873222017366e-05
48572514,top,"Work, Wealth, Status & Institutions",Shared Workplaces & Professional Interaction,0.0030188004507016074,0.04840111594286404,0.06225119492803663,high,0.9980876021777011,0.0009889369022273442,0.0019123978222990315,0.0009128481700070696,7.608873222017366e-05
49571946,top,"Conflict, Risk & Harm",Interpersonal Non-Romantic Conflict,0.003198525789341388,0.18219166983395954,0.01754197207988776,high,0.9992106976487876,0.0011100919796678266,0.0007893023512124352,0.000425584789018233,0.0006845071906495603
49571946,top,"Conflict, Risk & Harm","Violence, Threats & Coercion",0.014357303147603785,0.8178083301660405,0.01754197207988776,high,0.9992106976487876,0.0011100919796678266,0.0007893023512124352,0.000425584789018233,0.0006845071906495603
49571946,top,Embodied & Sensory Experience,Body Parts & Physical Reactions,0.014191629416354106,0.5126450205250769,0.027661300436243257,high,0.9992106976487876,0.0011100919796678266,0.0007893023512124352,0.000425584789018233,0.0006845071906495603
49571946,top,Embodied & Sensory Experience,Exercise & Physical Activity,0.013491521395914242,0.48735497947492307,0.027661300436243257,high,0.9992106976487876,0.0011100919796678266,0.0007893023512124352,0.000425584789018233,0.0006845071906495603
49571946,top,"Emotions, Cognition & Inner Life",Ambivalence & Internal Conflict,0.012468062081628581,0.06651591911063462,0.18729683326168844,high,0.9992106976487876,0.0011100919796678266,0.0007893023512124352,0.000425584789018233,0.0006845071906495603
49571946,top,"Emotions, Cognition & Inner Life","Beliefs, Values & Moral Reflection",0.0215461832906493,0.11494682778452575,0.18729683326168844,high,0.9992106976487876,0.0011100919796678266,0.0007893023512124352,0.000425584789018233,0.0006845071906495603
49571946,top,"Emotions, Cognition & Inner Life",Negative Emotions & Distress,0.1037603995252274,0.5535518107402344,0.18729683326168844,high,0.9992106976487876,0.0011100919796678266,0.0007893023512124352,0.000425584789018233,0.0006845071906495603
49571946,top,"Emotions, Cognition & Inner Life",Positive Emotions & Security,0.04967013897281452,0.26498544236460525,0.18729683326168844,high,0.9992106976487876,0.0011100919796678266,0.0007893023512124352,0.000425584789018233,0.0006845071906495603
49571946,top,Relationship Trajectory (Main Couple),"Bonding, Everyday Intimacy & Growth",0.15270701687592134,0.4454794904636622,0.3425219075958807,high,0.9992106976487876,0.0011100919796678266,0.0007893023512124352,0.000425584789018233,0.0006845071906495603
49571946,top,Relationship Trajectory (Main Couple),"Conflict, Distance & Breakup Threats",0.11495682234139601,0.3353539849683339,0.3425219075958807,medium,0.9992106976487876,0.0011100919796678266,0.0007893023512124352,0.000425584789018233,0.0006845071906495603
49571946,top,Relationship Trajectory (Main Couple),"Meeting, First Impressions & Setup",0.0002560064810787902,0.0007468264332544711,0.3425219075958807,high,0.9992106976487876,0.0011100919796678266,0.0007893023512124352,0.000425584789018233,0.0006845071906495603
49571946,top,Relationship Trajectory (Main Couple),"Reconciliation, Commitments & HEA",0.017645791264734808,0.0514766005011371,0.3425219075958807,high,0.9992106976487876,0.0011100919796678266,0.0007893023512124352,0.000425584789018233,0.0006845071906495603
49571946,top,Relationship Trajectory (Main Couple),"Secrets, Misunderstandings & Hidden Information",0.057226837538852084,0.16694309763361223,0.3425219075958807,medium,0.9992106976487876,0.0011100919796678266,0.0007893023512124352,0.000425584789018233,0.0006845071906495603
49571946,top,"Sexuality, Attraction & Intimacy",Attraction & Sexual Tension,0.04143063144240052,0.18958846960078005,0.2183567926613006,high,0.9992106976487876,0.0011100919796678266,0.0007893023512124352,0.000425584789018233,0.0006845071906495603
49571946,top,"Sexuality, Attraction & Intimacy",Explicit Sexual Acts,0.09428841056082886,0.43146809104683587,0.2183567926613006,high,0.9992106976487876,0.0011100919796678266,0.0007893023512124352,0.000425584789018233,0.0006845071906495603
49571946,top,"Sexuality, Attraction & Intimacy",Kissing & Non-Explicit Affection,0.0828102363312694,0.37894343935238406,0.2183567926613006,high,0.9992106976487876,0.0011100919796678266,0.0007893023512124352,0.000425584789018233,0.0006845071906495603
49571946,top,Social World Outside Couple,"Community, Norms & Social Events",0.0022750278354442635,0.03684034430803163,0.06170496485096861,high,0.9992106976487876,0.0011100919796678266,0.0007893023512124352,0.000425584789018233,0.0006845071906495603
49571946,top,Social World Outside Couple,Family & Kinship,0.03751704979690303,0.6075270862211556,0.06170496485096861,high,0.9992106976487876,0.0011100919796678266,0.0007893023512124352,0.000425584789018233,0.0006845071906495603
49571946,top,Social World Outside Couple,Friends & Social Circles,0.021961629564908196,0.35563256947081284,0.06170496485096861,high,0.9992106976487876,0.0011100919796678266,0.0007893023512124352,0.000425584789018233,0.0006845071906495603
49571946,top,"Spaces, Time, Activities & Objects",Domestic Spaces & Routines,0.048804129702494405,0.6842878110306624,0.07126476272421313,high,0.9992106976487876,0.0011100919796678266,0.0007893023512124352,0.000425584789018233,0.0006845071906495603
49571946,top,"Spaces, Time, Activities & Objects",Public & Leisure Spaces,0.020493969545737973,0.28734809216494095,0.07126476272421313,high,0.9992106976487876,0.0011100919796678266,0.0007893023512124352,0.000425584789018233,0.0006845071906495603
49571946,top,"Spaces, Time, Activities & Objects","Time, Seasons & Temporal Framing",0.0020229573536475758,0.028364096804396652,0.07126476272421313,high,0.9992106976487876,0.0011100919796678266,0.0007893023512124352,0.000425584789018233,0.0006845071906495603
49571946,top,"Work, Wealth, Status & Institutions",Hero's Elite Work & Business World,0.05290260237814263,0.7323713256728925,0.0721776568479555,high,0.9992106976487876,0.0011100919796678266,0.0007893023512124352,0.000425584789018233,0.0006845071906495603
49571946,top,"Work, Wealth, Status & Institutions",Heroine's Work & Professional Identity,0.0072940637892376465,0.10097732298087694,0.0721776568479555,high,0.9992106976487876,0.0011100919796678266,0.0007893023512124352,0.000425584789018233,0.0006845071906495603
49571946,top,"Work, Wealth, Status & Institutions","Law, Medicine, Education & Formal Institutions",0.002793423116186078,0.0386715000548207,0.0721776568479555,high,0.9992106976487876,0.0011100919796678266,0.0007893023512124352,0.000425584789018233,0.0006845071906495603
49571946,top,"Work, Wealth, Status & Institutions","Money, Housing & Economic Security",0.004991112428182907,0.06909579985276902,0.0721776568479555,high,0.9992106976487876,0.0011100919796678266,0.0007893023512124352,0.000425584789018233,0.0006845071906495603
49571946,top,"Work, Wealth, Status & Institutions",Shared Workplaces & Professional Interaction,0.0042534701325319885,0.0588840514386407,0.0721776568479555,high,0.9992106976487876,0.0011100919796678266,0.0007893023512124352,0.000425584789018233,0.0006845071906495603
51208558,trash,"Conflict, Risk & Harm",Interpersonal Non-Romantic Conflict,0.00303740688306598,0.1505253457594173,0.02014297909067578,high,0.9982294137649855,0.0005863772457295191,0.0017705862350144408,0.0005410090342561108,4.536821147342363e-05
51208558,trash,"Conflict, Risk & Harm","Violence, Threats & Coercion",0.017141300348875066,0.8494746542405828,0.02014297909067578,high,0.9982294137649855,0.0005863772457295191,0.0017705862350144408,0.0005410090342561108,4.536821147342363e-05
51208558,trash,Embodied & Sensory Experience,Body Parts & Physical Reactions,0.003889973248351834,0.24451216847362192,0.01588095079072777,high,0.9982294137649855,0.0005863772457295191,0.0017705862350144408,0.0005410090342561108,4.536821147342363e-05
51208558,trash,Embodied & Sensory Experience,Exercise & Physical Activity,0.01201914600994588,0.755487831526378,0.01588095079072777,high,0.9982294137649855,0.0005863772457295191,0.0017705862350144408,0.0005410090342561108,4.536821147342363e-05
51208558,trash,"Emotions, Cognition & Inner Life",Ambivalence & Internal Conflict,0.004131436492872728,0.021284849185050334,0.1937585459230896,high,0.9982294137649855,0.0005863772457295191,0.0017705862350144408,0.0005410090342561108,4.536821147342363e-05
51208558,trash,"Emotions, Cognition & Inner Life","Beliefs, Values & Moral Reflection",0.020924840995933867,0.10780320249093832,0.1937585459230896,high,0.9982294137649855,0.0005863772457295191,0.0017705862350144408,0.0005410090342561108,4.536821147342363e-05
51208558,trash,"Emotions, Cognition & Inner Life",Negative Emotions & Distress,0.13031823260245318,0.6713897047166771,0.1937585459230896,high,0.9982294137649855,0.0005863772457295191,0.0017705862350144408,0.0005410090342561108,4.536821147342363e-05
51208558,trash,"Emotions, Cognition & Inner Life",Positive Emotions & Security,0.03872771055188635,0.19952224360733428,0.1937585459230896,high,0.9982294137649855,0.0005863772457295191,0.0017705862350144408,0.0005410090342561108,4.536821147342363e-05
51208558,trash,Relationship Trajectory (Main Couple),"Bonding, Everyday Intimacy & Growth",0.17610765984622292,0.4735314766794653,0.37124426718271836,high,0.9982294137649855,0.0005863772457295191,0.0017705862350144408,0.0005410090342561108,4.536821147342363e-05
51208558,trash,Relationship Trajectory (Main Couple),"Conflict, Distance & Breakup Threats",0.1315521431480137,0.35372726353653483,0.37124426718271836,medium,0.9982294137649855,0.0005863772457295191,0.0017705862350144408,0.0005410090342561108,4.536821147342363e-05
51208558,trash,Relationship Trajectory (Main Couple),"Meeting, First Impressions & Setup",0.00017305914075770937,0.0004653343900397934,0.37124426718271836,high,0.9982294137649855,0.0005863772457295191,0.0017705862350144408,0.0005410090342561108,4.536821147342363e-05
51208558,trash,Relationship Trajectory (Main Couple),"Reconciliation, Commitments & HEA",0.013775421085960495,0.037040384810134205,0.37124426718271836,high,0.9982294137649855,0.0005863772457295191,0.0017705862350144408,0.0005410090342561108,4.536821147342363e-05
51208558,trash,Relationship Trajectory (Main Couple),"Secrets, Misunderstandings & Hidden Information",0.05029446985712763,0.13523554058382597,0.37124426718271836,medium,0.9982294137649855,0.0005863772457295191,0.0017705862350144408,0.0005410090342561108,4.536821147342363e-05
51208558,trash,"Sexuality, Attraction & Intimacy",Attraction & Sexual Tension,0.03240660701438533,0.15871509292258892,0.20381948387139226,high,0.9982294137649855,0.0005863772457295191,0.0017705862350144408,0.0005410090342561108,4.536821147342363e-05
51208558,trash,"Sexuality, Attraction & Intimacy",Explicit Sexual Acts,0.12371892200816957,0.6059276799355359,0.20381948387139226,high,0.9982294137649855,0.0005863772457295191,0.0017705862350144408,0.0005410090342561108,4.536821147342363e-05
51208558,trash,"Sexuality, Attraction & Intimacy",Kissing & Non-Explicit Affection,0.04805547492387635,0.2353572271418753,0.20381948387139226,high,0.9982294137649855,0.0005863772457295191,0.0017705862350144408,0.0005410090342561108,4.536821147342363e-05
51208558,trash,Social World Outside Couple,"Community, Norms & Social Events",0.0036341425322148242,0.06181626441460852,0.05868533150336885,high,0.9982294137649855,0.0005863772457295191,0.0017705862350144408,0.0005410090342561108,4.536821147342363e-05
51208558,trash,Social World Outside Couple,Family & Kinship,0.04013690151667278,0.6827231719570543,0.05868533150336885,high,0.9982294137649855,0.0005863772457295191,0.0017705862350144408,0.0005410090342561108,4.536821147342363e-05
51208558,trash,Social World Outside Couple,Friends & Social Circles,0.015018379198046704,0.25546056362833713,0.05868533150336885,high,0.9982294137649855,0.0005863772457295191,0.0017705862350144408,0.0005410090342561108,4.536821147342363e-05
51208558,trash,"Spaces, Time, Activities & Objects",Domestic Spaces & Routines,0.037165602805412354,0.43486206913855,0.08531394327898677,high,0.9982294137649855,0.0005863772457295191,0.0017705862350144408,0.0005410090342561108,4.536821147342363e-05
51208558,trash,"Spaces, Time, Activities & Objects",Public & Leisure Spaces,0.046689205105801324,0.5462944983038505,0.08531394327898677,high,0.9982294137649855,0.0005863772457295191,0.0017705862350144408,0.0005410090342561108,4.536821147342363e-05
51208558,trash,"Spaces, Time, Activities & Objects","Time, Seasons & Temporal Framing",0.0016104589929254033,0.01884343255759971,0.08531394327898677,high,0.9982294137649855,0.0005863772457295191,0.0017705862350144408,0.0005410090342561108,4.536821147342363e-05
51208558,trash,"Work, Wealth, Status & Institutions",Hero's Elite Work & Business World,0.0365029711994175,0.7385369865324308,0.0493385439125527,high,0.9982294137649855,0.0005863772457295191,0.0017705862350144408,0.0005410090342561108,4.536821147342363e-05
51208558,trash,"Work, Wealth, Status & Institutions",Heroine's Work & Professional Identity,0.006512215938818922,0.13175673587854514,0.0493385439125527,high,0.9982294137649855,0.0005863772457295191,0.0017705862350144408,0.0005410090342561108,4.536821147342363e-05
51208558,trash,"Work, Wealth, Status & Institutions","Law, Medicine, Education & Formal Institutions",0.0028102666395405413,0.056857997777233334,0.0493385439125527,high,0.9982294137649855,0.0005863772457295191,0.0017705862350144408,0.0005410090342561108,4.536821147342363e-05
51208558,trash,"Work, Wealth, Status & Institutions","Money, Housing & Economic Security",0.001404591146261146,0.028418029502387275,0.0493385439125527,high,0.9982294137649855,0.0005863772457295191,0.0017705862350144408,0.0005410090342561108,4.536821147342363e-05
51208558,trash,"Work, Wealth, Status & Institutions",Shared Workplaces & Professional Interaction,0.0021960120847053194,0.044430250309403535,0.0493385439125527,high,0.9982294137649855,0.0005863772457295191,0.0017705862350144408,0.0005410090342561108,4.536821147342363e-05
51778361,middle,"Conflict, Risk & Harm",Interpersonal Non-Romantic Conflict,0.003134956229550393,0.1335428478417016,0.02343464374036406,high,0.9982688223027443,0.0012602492633202456,0.0017311776972557273,0.001214685542822486,4.5563720497766054e-05
51778361,middle,"Conflict, Risk & Harm","Violence, Threats & Coercion",0.020340327398266897,0.8664571521582983,0.02343464374036406,high,0.9982688223027443,0.0012602492633202456,0.0017311776972557273,0.001214685542822486,4.5563720497766054e-05
51778361,middle,Embodied & Sensory Experience,Body Parts & Physical Reactions,0.010734004076783706,0.4952840865899466,0.021634899845258283,high,0.9982688223027443,0.0012602492633202456,0.0017311776972557273,0.001214685542822486,4.5563720497766054e-05
51778361,middle,Embodied & Sensory Experience,Exercise & Physical Activity,0.01093841457629237,0.5047159134100533,0.021634899845258283,high,0.9982688223027443,0.0012602492633202456,0.0017311776972557273,0.001214685542822486,4.5563720497766054e-05
51778361,middle,"Emotions, Cognition & Inner Life",Ambivalence & Internal Conflict,0.011004323877813759,0.05780998047541033,0.1900238219664463,high,0.9982688223027443,0.0012602492633202456,0.0017311776972557273,0.001214685542822486,4.5563720497766054e-05
51778361,middle,"Emotions, Cognition & Inner Life","Beliefs, Values & Moral Reflection",0.02375935024698027,0.12481708000757656,0.1900238219664463,high,0.9982688223027443,0.0012602492633202456,0.0017311776972557273,0.001214685542822486,4.5563720497766054e-05
51778361,middle,"Emotions, Cognition & Inner Life",Negative Emotions & Distress,0.10949404527115143,0.5752146783012095,0.1900238219664463,high,0.9982688223027443,0.0012602492633202456,0.0017311776972557273,0.001214685542822486,4.5563720497766054e-05
51778361,middle,"Emotions, Cognition & Inner Life",Positive Emotions & Security,0.04609563805752201,0.24215826121580356,0.1900238219664463,high,0.9982688223027443,0.0012602492633202456,0.0017311776972557273,0.001214685542822486,4.5563720497766054e-05
51778361,middle,Relationship Trajectory (Main Couple),"Bonding, Everyday Intimacy & Growth",0.16705506711990886,0.4776104218062175,0.3491671402035691,high,0.9982688223027443,0.0012602492633202456,0.0017311776972557273,0.001214685542822486,4.5563720497766054e-05
51778361,middle,Relationship Trajectory (Main Couple),"Conflict, Distance & Breakup Threats",0.12199800966989281,0.3487922986264955,0.3491671402035691,medium,0.9982688223027443,0.0012602492633202456,0.0017311776972557273,0.001214685542822486,4.5563720497766054e-05
51778361,middle,Relationship Trajectory (Main Couple),"Meeting, First Impressions & Setup",0.0001831056672915407,0.0005234990862471086,0.3491671402035691,high,0.9982688223027443,0.0012602492633202456,0.0017311776972557273,0.001214685542822486,4.5563720497766054e-05
51778361,middle,Relationship Trajectory (Main Couple),"Reconciliation, Commitments & HEA",0.00964592356399869,0.027577694598183825,0.3491671402035691,high,0.9982688223027443,0.0012602492633202456,0.0017311776972557273,0.001214685542822486,4.5563720497766054e-05
51778361,middle,Relationship Trajectory (Main Couple),"Secrets, Misunderstandings & Hidden Information",0.05089055280855293,0.14549608588285612,0.3491671402035691,medium,0.9982688223027443,0.0012602492633202456,0.0017311776972557273,0.001214685542822486,4.5563720497766054e-05
51778361,middle,"Sexuality, Attraction & Intimacy",Attraction & Sexual Tension,0.03971684628058406,0.19969209249484668,0.19854611600667638,high,0.9982688223027443,0.0012602492633202456,0.0017311776972557273,0.001214685542822486,4.5563720497766054e-05
51778361,middle,"Sexuality, Attraction & Intimacy",Explicit Sexual Acts,0.08819424103322741,0.44343129395270453,0.19854611600667638,high,0.9982688223027443,0.0012602492633202456,0.0017311776972557273,0.001214685542822486,4.5563720497766054e-05
51778361,middle,"Sexuality, Attraction & Intimacy",Kissing & Non-Explicit Affection,0.07097934337066347,0.3568766135524488,0.19854611600667638,high,0.9982688223027443,0.0012602492633202456,0.0017311776972557273,0.001214685542822486,4.5563720497766054e-05
51778361,middle,Social World Outside Couple,"Community, Norms & Social Events",0.003679951016052879,0.0581103112034405,0.06321735834568024,high,0.9982688223027443,0.0012602492633202456,0.0017311776972557273,0.001214685542822486,4.5563720497766054e-05
51778361,middle,Social World Outside Couple,Family & Kinship,0.03845864556568693,0.6073026115119274,0.06321735834568024,high,0.9982688223027443,0.0012602492633202456,0.0017311776972557273,0.001214685542822486,4.5563720497766054e-05
51778361,middle,Social World Outside Couple,Friends & Social Circles,0.02118839203426683,0.3345870772846321,0.06321735834568024,high,0.9982688223027443,0.0012602492633202456,0.0017311776972557273,0.001214685542822486,4.5563720497766054e-05
51778361,middle,"Spaces, Time, Activities & Objects",Domestic Spaces & Routines,0.051209731080139945,0.59604492536887,0.08576715572936823,high,0.9982688223027443,0.0012602492633202456,0.0017311776972557273,0.001214685542822486,4.5563720497766054e-05
51778361,middle,"Spaces, Time, Activities & Objects",Public & Leisure Spaces,0.03175109214418073,0.36956017827630827,0.08576715572936823,high,0.9982688223027443,0.0012602492633202456,0.0017311776972557273,0.001214685542822486,4.5563720497766054e-05
51778361,middle,"Spaces, Time, Activities & Objects","Time, Seasons & Temporal Framing",0.0029550681800867193,0.034394896354821826,0.08576715572936823,high,0.9982688223027443,0.0012602492633202456,0.0017311776972557273,0.001214685542822486,4.5563720497766054e-05
51778361,middle,"Work, Wealth, Status & Institutions",Hero's Elite Work & Business World,0.04757697887109686,0.7149344730223912,0.06643212274488394,high,0.9982688223027443,0.0012602492633202456,0.0017311776972557273,0.001214685542822486,4.5563720497766054e-05
51778361,middle,"Work, Wealth, Status & Institutions",Heroine's Work & Professional Identity,0.008632918383382893,0.1297259956709578,0.06643212274488394,high,0.9982688223027443,0.0012602492633202456,0.0017311776972557273,0.001214685542822486,4.5563720497766054e-05
51778361,middle,"Work, Wealth, Status & Institutions","Law, Medicine, Education & Formal Institutions",0.003446894399467295,0.05179613522169339,0.06643212274488394,high,0.9982688223027443,0.0012602492633202456,0.0017311776972557273,0.001214685542822486,4.5563720497766054e-05
51778361,middle,"Work, Wealth, Status & Institutions","Money, Housing & Economic Security",0.00202334851984449,0.030404654564025833,0.06643212274488394,high,0.9982688223027443,0.0012602492633202456,0.0017311776972557273,0.001214685542822486,4.5563720497766054e-05
51778361,middle,"Work, Wealth, Status & Institutions",Shared Workplaces & Professional Interaction,0.004867187821129175,0.0731387415209318,0.06643212274488394,high,0.9982688223027443,0.0012602492633202456,0.0017311776972557273,0.001214685542822486,4.5563720497766054e-05
53490997,middle,"Conflict, Risk & Harm",Interpersonal Non-Romantic Conflict,0.003198319618076055,0.20870841032299242,0.015313018281785724,high,0.9992608883664174,0.00046625545111622646,0.0007391116335825408,0.0003940077002861867,7.224775082993538e-05
53490997,middle,"Conflict, Risk & Harm","Violence, Threats & Coercion",0.012126025065142066,0.7912915896770075,0.015313018281785724,high,0.9992608883664174,0.00046625545111622646,0.0007391116335825408,0.0003940077002861867,7.224775082993538e-05
53490997,middle,Embodied & Sensory Experience,Body Parts & Physical Reactions,0.0036641520678728176,0.2606998746008235,0.014044670547151352,high,0.9992608883664174,0.00046625545111622646,0.0007391116335825408,0.0003940077002861867,7.224775082993538e-05
53490997,middle,Embodied & Sensory Experience,Exercise & Physical Activity,0.01039090673675172,0.7393001253991766,0.014044670547151352,high,0.9992608883664174,0.00046625545111622646,0.0007391116335825408,0.0003940077002861867,7.224775082993538e-05
53490997,middle,"Emotions, Cognition & Inner Life",Ambivalence & Internal Conflict,0.005182004494409477,0.026806996235153913,0.19316503681273603,high,0.9992608883664174,0.00046625545111622646,0.0007391116335825408,0.0003940077002861867,7.224775082993538e-05
53490997,middle,"Emotions, Cognition & Inner Life","Beliefs, Values & Moral Reflection",0.01698423506343653,0.08786104409861113,0.19316503681273603,high,0.9992608883664174,0.00046625545111622646,0.0007391116335825408,0.0003940077002861867,7.224775082993538e-05
53490997,middle,"Emotions, Cognition & Inner Life",Negative Emotions & Distress,0.13417649674447782,0.6941076270689812,0.19316503681273603,high,0.9992608883664174,0.00046625545111622646,0.0007391116335825408,0.0003940077002861867,7.224775082993538e-05
53490997,middle,"Emotions, Cognition & Inner Life",Positive Emotions & Security,0.03696517663772978,0.19122433259725374,0.19316503681273603,high,0.9992608883664174,0.00046625545111622646,0.0007391116335825408,0.0003940077002861867,7.224775082993538e-05
53490997,middle,Relationship Trajectory (Main Couple),"Bonding, Everyday Intimacy & Growth",0.13830464535810366,0.38051557983668766,0.36319780347773317,high,0.9992608883664174,0.00046625545111622646,0.0007391116335825408,0.0003940077002861867,7.224775082993538e-05
53490997,middle,Relationship Trajectory (Main Couple),"Conflict, Distance & Breakup Threats",0.1564902039881274,0.4305492455088733,0.36319780347773317,medium,0.9992608883664174,0.00046625545111622646,0.0007391116335825408,0.0003940077002861867,7.224775082993538e-05
53490997,middle,Relationship Trajectory (Main Couple),"Meeting, First Impressions & Setup",0.0002290940737972183,0.0006303032273600322,0.36319780347773317,high,0.9992608883664174,0.00046625545111622646,0.0007391116335825408,0.0003940077002861867,7.224775082993538e-05
53490997,middle,Relationship Trajectory (Main Couple),"Reconciliation, Commitments & HEA",0.008749728929853665,0.02407300324972077,0.36319780347773317,high,0.9992608883664174,0.00046625545111622646,0.0007391116335825408,0.0003940077002861867,7.224775082993538e-05
53490997,middle,Relationship Trajectory (Main Couple),"Secrets, Misunderstandings & Hidden Information",0.059692773406326595,0.16423186817735833,0.36319780347773317,medium,0.9992608883664174,0.00046625545111622646,0.0007391116335825408,0.0003940077002861867,7.224775082993538e-05
53490997,middle,"Sexuality, Attraction & Intimacy",Attraction & Sexual Tension,0.03967403686574544,0.1817086028368282,0.21817741540364596,high,0.9992608883664174,0.00046625545111622646,0.0007391116335825408,0.0003940077002861867,7.224775082993538e-05
53490997,middle,"Sexuality, Attraction & Intimacy",Explicit Sexual Acts,0.13834948567262614,0.633645923903245,0.21817741540364596,high,0.9992608883664174,0.00046625545111622646,0.0007391116335825408,0.0003940077002861867,7.224775082993538e-05
53490997,middle,"Sexuality, Attraction & Intimacy",Kissing & Non-Explicit Affection,0.04031526960661112,0.18464547325992683,0.21817741540364596,high,0.9992608883664174,0.00046625545111622646,0.0007391116335825408,0.0003940077002861867,7.224775082993538e-05
53490997,middle,Social World Outside Couple,"Community, Norms & Social Events",0.0033599683890260788,0.05473708693741698,0.06133839385972479,high,0.9992608883664174,0.00046625545111622646,0.0007391116335825408,0.0003940077002861867,7.224775082993538e-05
53490997,middle,Social World Outside Couple,Family & Kinship,0.029669496125043507,0.48334436540833114,0.06133839385972479,high,0.9992608883664174,0.00046625545111622646,0.0007391116335825408,0.0003940077002861867,7.224775082993538e-05
53490997,middle,Social World Outside Couple,Friends & Social Circles,0.028354298799233145,0.46191854765425183,0.06133839385972479,high,0.9992608883664174,0.00046625545111622646,0.0007391116335825408,0.0003940077002861867,7.224775082993538e-05
53490997,middle,"Spaces, Time, Activities & Objects",Domestic Spaces & Routines,0.04140552586271499,0.5266605254283228,0.07856089560387278,high,0.9992608883664174,0.00046625545111622646,0.0007391116335825408,0.0003940077002861867,7.224775082993538e-05
53490997,middle,"Spaces, Time, Activities & Objects",Public & Leisure Spaces,0.035072496645999776,0.4461071107491582,0.07856089560387278,high,0.9992608883664174,0.00046625545111622646,0.0007391116335825408,0.0003940077002861867,7.224775082993538e-05
53490997,middle,"Spaces, Time, Activities & Objects","Time, Seasons & Temporal Framing",0.0021409813155051777,0.0272323638225191,0.07856089560387278,high,0.9992608883664174,0.00046625545111622646,0.0007391116335825408,0.0003940077002861867,7.224775082993538e-05
53490997,middle,"Work, Wealth, Status & Institutions",Hero's Elite Work & Business World,0.04225211206964784,0.7622280352060373,0.055391406628937524,high,0.9992608883664174,0.00046625545111622646,0.0007391116335825408,0.0003940077002861867,7.224775082993538e-05
53490997,middle,"Work, Wealth, Status & Institutions",Heroine's Work & Professional Identity,0.0056699797264922365,0.10228642533793848,0.055391406628937524,high,0.9992608883664174,0.00046625545111622646,0.0007391116335825408,0.0003940077002861867,7.224775082993538e-05
53490997,middle,"Work, Wealth, Status & Institutions","Law, Medicine, Education & Formal Institutions",0.004118441537884062,0.07429667885850763,0.055391406628937524,high,0.9992608883664174,0.00046625545111622646,0.0007391116335825408,0.0003940077002861867,7.224775082993538e-05
53490997,middle,"Work, Wealth, Status & Institutions","Money, Housing & Economic Security",0.0014175742065259528,0.025573036453607995,0.055391406628937524,high,0.9992608883664174,0.00046625545111622646,0.0007391116335825408,0.0003940077002861867,7.224775082993538e-05
53490997,middle,"Work, Wealth, Status & Institutions",Shared Workplaces & Professional Interaction,0.001974269803359463,0.03561582414390855,0.055391406628937524,high,0.9992608883664174,0.00046625545111622646,0.0007391116335825408,0.0003940077002861867,7.224775082993538e-05
53491020,top,"Conflict, Risk & Harm",Interpersonal Non-Romantic Conflict,0.0036561332605350495,0.22314592156962684,0.016365621410264975,high,0.9988480756630738,0.0005201253193769517,0.0011519243369263088,0.00042487548656953885,9.524983280748082e-05
53491020,top,"Conflict, Risk & Harm","Violence, Threats & Coercion",0.012728361848394149,0.776854078430373,0.016365621410264975,high,0.9988480756630738,0.0005201253193769517,0.0011519243369263088,0.00042487548656953885,9.524983280748082e-05
53491020,top,Embodied & Sensory Experience,Body Parts & Physical Reactions,0.00325712160225011,0.2861794874409499,0.011368283847665524,high,0.9988480756630738,0.0005201253193769517,0.0011519243369263088,0.00042487548656953885,9.524983280748082e-05
53491020,top,Embodied & Sensory Experience,Exercise & Physical Activity,0.00812427275055857,0.7138205125590502,0.011368283847665524,high,0.9988480756630738,0.0005201253193769517,0.0011519243369263088,0.00042487548656953885,9.524983280748082e-05
53491020,top,"Emotions, Cognition & Inner Life",Ambivalence & Internal Conflict,0.006028084799697416,0.03468769591646282,0.1735814600258286,high,0.9988480756630738,0.0005201253193769517,0.0011519243369263088,0.00042487548656953885,9.524983280748082e-05
53491020,top,"Emotions, Cognition & Inner Life","Beliefs, Values & Moral Reflection",0.017336728126167364,0.09976156165836753,0.1735814600258286,high,0.9988480756630738,0.0005201253193769517,0.0011519243369263088,0.00042487548656953885,9.524983280748082e-05
53491020,top,"Emotions, Cognition & Inner Life",Negative Emotions & Distress,0.11447430783655192,0.6587249702726793,0.1735814600258286,high,0.9988480756630738,0.0005201253193769517,0.0011519243369263088,0.00042487548656953885,9.524983280748082e-05
53491020,top,"Emotions, Cognition & Inner Life",Positive Emotions & Security,0.03594252256767486,0.20682577215249034,0.1735814600258286,high,0.9988480756630738,0.0005201253193769517,0.0011519243369263088,0.00042487548656953885,9.524983280748082e-05
53491020,top,Relationship Trajectory (Main Couple),"Bonding, Everyday Intimacy & Growth",0.13366044545193217,0.37602766439867163,0.35504429958745165,high,0.9988480756630738,0.0005201253193769517,0.0011519243369263088,0.00042487548656953885,9.524983280748082e-05
53491020,top,Relationship Trajectory (Main Couple),"Conflict, Distance & Breakup Threats",0.12281403408648273,0.34551339580509643,0.35504429958745165,medium,0.9988480756630738,0.0005201253193769517,0.0011519243369263088,0.00042487548656953885,9.524983280748082e-05
53491020,top,Relationship Trajectory (Main Couple),"Meeting, First Impressions & Setup",0.0002693994681045299,0.0007579030014382344,0.35504429958745165,high,0.9988480756630738,0.0005201253193769517,0.0011519243369263088,0.00042487548656953885,9.524983280748082e-05
53491020,top,Relationship Trajectory (Main Couple),"Reconciliation, Commitments & HEA",0.016230960230629015,0.04566264945350685,0.35504429958745165,high,0.9988480756630738,0.0005201253193769517,0.0011519243369263088,0.00042487548656953885,9.524983280748082e-05
53491020,top,Relationship Trajectory (Main Couple),"Secrets, Misunderstandings & Hidden Information",0.08247891618182217,0.23203838734128693,0.35504429958745165,medium,0.9988480756630738,0.0005201253193769517,0.0011519243369263088,0.00042487548656953885,9.524983280748082e-05
53491020,top,"Sexuality, Attraction & Intimacy",Attraction & Sexual Tension,0.05521160292143816,0.25059823119861496,0.22006541334541171,high,0.9988480756630738,0.0005201253193769517,0.0011519243369263088,0.00042487548656953885,9.524983280748082e-05
53491020,top,"Sexuality, Attraction & Intimacy",Explicit Sexual Acts,0.12350283518574444,0.5605631861404295,0.22006541334541171,high,0.9988480756630738,0.0005201253193769517,0.0011519243369263088,0.00042487548656953885,9.524983280748082e-05
53491020,top,"Sexuality, Attraction & Intimacy",Kissing & Non-Explicit Affection,0.041604766291668385,0.18883858266095557,0.22006541334541171,high,0.9988480756630738,0.0005201253193769517,0.0011519243369263088,0.00042487548656953885,9.524983280748082e-05
53491020,top,Social World Outside Couple,"Community, Norms & Social Events",0.0029004060240890475,0.02784766577306296,0.10403259646290577,high,0.9988480756630738,0.0005201253193769517,0.0011519243369263088,0.00042487548656953885,9.524983280748082e-05
53491020,top,Social World Outside Couple,Family & Kinship,0.03177332267994314,0.30506517471761135,0.10403259646290577,high,0.9988480756630738,0.0005201253193769517,0.0011519243369263088,0.00042487548656953885,9.524983280748082e-05
53491020,top,Social World Outside Couple,Friends & Social Circles,0.06947884364171211,0.6670871595093256,0.10403259646290577,high,0.9988480756630738,0.0005201253193769517,0.0011519243369263088,0.00042487548656953885,9.524983280748082e-05
53491020,top,"Spaces, Time, Activities & Objects",Domestic Spaces & Routines,0.04032539641731343,0.541870111383975,0.07433320968545179,high,0.9988480756630738,0.0005201253193769517,0.0011519243369263088,0.00042487548656953885,9.524983280748082e-05
53491020,top,"Spaces, Time, Activities & Objects",Public & Leisure Spaces,0.031671261524166064,0.425580689453622,0.07433320968545179,high,0.9988480756630738,0.0005201253193769517,0.0011519243369263088,0.00042487548656953885,9.524983280748082e-05
53491020,top,"Spaces, Time, Activities & Objects","Time, Seasons & Temporal Framing",0.002422276725943813,0.03254919916240292,0.07433320968545179,high,0.9988480756630738,0.0005201253193769517,0.0011519243369263088,0.00042487548656953885,9.524983280748082e-05
53491020,top,"Work, Wealth, Status & Institutions",Hero's Elite Work & Business World,0.031499141649569094,0.7156839751164036,0.04396194146528619,high,0.9988480756630738,0.0005201253193769517,0.0011519243369263088,0.00042487548656953885,9.524983280748082e-05
53491020,top,"Work, Wealth, Status & Institutions",Heroine's Work & Professional Identity,0.004737376138401721,0.10763671671032099,0.04396194146528619,high,0.9988480756630738,0.0005201253193769517,0.0011519243369263088,0.00042487548656953885,9.524983280748082e-05
53491020,top,"Work, Wealth, Status & Institutions","Law, Medicine, Education & Formal Institutions",0.0046641101335029534,0.1059720584726396,0.04396194146528619,high,0.9988480756630738,0.0005201253193769517,0.0011519243369263088,0.00042487548656953885,9.524983280748082e-05
53491020,top,"Work, Wealth, Status & Institutions","Money, Housing & Economic Security",0.0010581429137878392,0.024041795652907715,0.04396194146528619,high,0.9988480756630738,0.0005201253193769517,0.0011519243369263088,0.00042487548656953885,9.524983280748082e-05
53491020,top,"Work, Wealth, Status & Institutions",Shared Workplaces & Professional Interaction,0.002053869861976116,0.04666545404772813,0.04396194146528619,high,0.9988480756630738,0.0005201253193769517,0.0011519243369263088,0.00042487548656953885,9.524983280748082e-05
53491063,top,"Conflict, Risk & Harm",Interpersonal Non-Romantic Conflict,0.0015784999871264038,0.0978617950356389,0.016118550109299877,high,0.9992969654308046,0.00044869714362572033,0.0007030345691954212,0.0003933781277840226,5.531901584179302e-05
53491063,top,"Conflict, Risk & Harm","Violence, Threats & Coercion",0.014551389992426417,0.902138204964361,0.016118550109299877,high,0.9992969654308046,0.00044869714362572033,0.0007030345691954212,0.0003933781277840226,5.531901584179302e-05
53491063,top,Embodied & Sensory Experience,Body Parts & Physical Reactions,0.011442939863476451,0.4209858176562773,0.027162185996763108,high,0.9992969654308046,0.00044869714362572033,0.0007030345691954212,0.0003933781277840226,5.531901584179302e-05
53491063,top,Embodied & Sensory Experience,Exercise & Physical Activity,0.015738355523579266,0.5790141823437226,0.027162185996763108,high,0.9992969654308046,0.00044869714362572033,0.0007030345691954212,0.0003933781277840226,5.531901584179302e-05
53491063,top,"Emotions, Cognition & Inner Life",Ambivalence & Internal Conflict,0.00853483699673072,0.04663829976981371,0.1828719475918759,high,0.9992969654308046,0.00044869714362572033,0.0007030345691954212,0.0003933781277840226,5.531901584179302e-05
53491063,top,"Emotions, Cognition & Inner Life","Beliefs, Values & Moral Reflection",0.023617274852971087,0.12905572124703354,0.1828719475918759,high,0.9992969654308046,0.00044869714362572033,0.0007030345691954212,0.0003933781277840226,5.531901584179302e-05
53491063,top,"Emotions, Cognition & Inner Life",Negative Emotions & Distress,0.1177515713042038,0.6434490878918562,0.1828719475918759,high,0.9992969654308046,0.00044869714362572033,0.0007030345691954212,0.0003933781277840226,5.531901584179302e-05
53491063,top,"Emotions, Cognition & Inner Life",Positive Emotions & Security,0.03309692018830347,0.18085689109129657,0.1828719475918759,high,0.9992969654308046,0.00044869714362572033,0.0007030345691954212,0.0003933781277840226,5.531901584179302e-05
53491063,top,Relationship Trajectory (Main Couple),"Bonding, Everyday Intimacy & Growth",0.1313018360007217,0.45444250816007886,0.2887263491310443,high,0.9992969654308046,0.00044869714362572033,0.0007030345691954212,0.0003933781277840226,5.531901584179302e-05
53491063,top,Relationship Trajectory (Main Couple),"Conflict, Distance & Breakup Threats",0.10362082487137689,0.358637083733589,0.2887263491310443,medium,0.9992969654308046,0.00044869714362572033,0.0007030345691954212,0.0003933781277840226,5.531901584179302e-05
53491063,top,Relationship Trajectory (Main Couple),"Meeting, First Impressions & Setup",0.00018670688384550698,0.0006462022708124077,0.2887263491310443,high,0.9992969654308046,0.00044869714362572033,0.0007030345691954212,0.0003933781277840226,5.531901584179302e-05
53491063,top,Relationship Trajectory (Main Couple),"Reconciliation, Commitments & HEA",0.005783309130913097,0.020016334782270585,0.2887263491310443,high,0.9992969654308046,0.00044869714362572033,0.0007030345691954212,0.0003933781277840226,5.531901584179302e-05
53491063,top,Relationship Trajectory (Main Couple),"Secrets, Misunderstandings & Hidden Information",0.048036799654255,0.16625787105324913,0.2887263491310443,medium,0.9992969654308046,0.00044869714362572033,0.0007030345691954212,0.0003933781277840226,5.531901584179302e-05
53491063,top,"Sexuality, Attraction & Intimacy",Attraction & Sexual Tension,0.04818623683961613,0.15813793833202522,0.3044959404254918,high,0.9992969654308046,0.00044869714362572033,0.0007030345691954212,0.0003933781277840226,5.531901584179302e-05
53491063,top,"Sexuality, Attraction & Intimacy",Explicit Sexual Acts,0.1465933639764866,0.4810911553346036,0.3044959404254918,high,0.9992969654308046,0.00044869714362572033,0.0007030345691954212,0.0003933781277840226,5.531901584179302e-05
53491063,top,"Sexuality, Attraction & Intimacy",Kissing & Non-Explicit Affection,0.109930561387003,0.3607709063333712,0.3044959404254918,high,0.9992969654308046,0.00044869714362572033,0.0007030345691954212,0.0003933781277840226,5.531901584179302e-05
53491063,top,Social World Outside Couple,"Community, Norms & Social Events",0.0034800779594234056,0.0748310469239415,0.04647310825210171,high,0.9992969654308046,0.00044869714362572033,0.0007030345691954212,0.0003933781277840226,5.531901584179302e-05
53491063,top,Social World Outside Couple,Family & Kinship,0.027503055588145302,0.5913897525471713,0.04647310825210171,high,0.9992969654308046,0.00044869714362572033,0.0007030345691954212,0.0003933781277840226,5.531901584179302e-05
53491063,top,Social World Outside Couple,Friends & Social Circles,0.015522669892019236,0.33377920052888715,0.04647310825210171,high,0.9992969654308046,0.00044869714362572033,0.0007030345691954212,0.0003933781277840226,5.531901584179302e-05
53491063,top,"Spaces, Time, Activities & Objects",Domestic Spaces & Routines,0.04594682795864649,0.57467647314822,0.07989630321686139,high,0.9992969654308046,0.00044869714362572033,0.0007030345691954212,0.0003933781277840226,5.531901584179302e-05
53491063,top,"Spaces, Time, Activities & Objects",Public & Leisure Spaces,0.030201400895810963,0.3777417358726283,0.07989630321686139,high,0.9992969654308046,0.00044869714362572033,0.0007030345691954212,0.0003933781277840226,5.531901584179302e-05
53491063,top,"Spaces, Time, Activities & Objects","Time, Seasons & Temporal Framing",0.0038042837426537405,0.04758179097915173,0.07989630321686139,high,0.9992969654308046,0.00044869714362572033,0.0007030345691954212,0.0003933781277840226,5.531901584179302e-05
53491063,top,"Work, Wealth, Status & Institutions",Hero's Elite Work & Business World,0.03791751440298614,0.7082765712022538,0.05349726169152481,high,0.9992969654308046,0.00044869714362572033,0.0007030345691954212,0.0003933781277840226,5.531901584179302e-05
53491063,top,"Work, Wealth, Status & Institutions",Heroine's Work & Professional Identity,0.007026781819568472,0.1312560966116055,0.05349726169152481,high,0.9992969654308046,0.00044869714362572033,0.0007030345691954212,0.0003933781277840226,5.531901584179302e-05
53491063,top,"Work, Wealth, Status & Institutions","Law, Medicine, Education & Formal Institutions",0.0024913743944818376,0.04653738889503052,0.05349726169152481,high,0.9992969654308046,0.00044869714362572033,0.0007030345691954212,0.0003933781277840226,5.531901584179302e-05
53491063,top,"Work, Wealth, Status & Institutions","Money, Housing & Economic Security",0.0019507993498229597,0.036439769229371685,0.05349726169152481,high,0.9992969654308046,0.00044869714362572033,0.0007030345691954212,0.0003933781277840226,5.531901584179302e-05
53491063,top,"Work, Wealth, Status & Institutions",Shared Workplaces & Professional Interaction,0.004148428609022615,0.07749017406173851,0.05349726169152481,high,0.9992969654308046,0.00044869714362572033,0.0007030345691954212,0.0003933781277840226,5.531901584179302e-05
54474410,trash,"Conflict, Risk & Harm",Interpersonal Non-Romantic Conflict,0.0025417804086851027,0.1279234995816298,0.019837317080647215,high,0.9983785438725592,0.0015316372243123766,0.0016214561274407952,0.0009351807947836261,0.0005964564295287787
54474410,trash,"Conflict, Risk & Harm","Violence, Threats & Coercion",0.017327754250684946,0.8720765004183703,0.019837317080647215,high,0.9983785438725592,0.0015316372243123766,0.0016214561274407952,0.0009351807947836261,0.0005964564295287787
54474410,trash,Embodied & Sensory Experience,Body Parts & Physical Reactions,0.014701157014965697,0.5279737079196196,0.027799338326289974,high,0.9983785438725592,0.0015316372243123766,0.0016214561274407952,0.0009351807947836261,0.0005964564295287787
54474410,trash,Embodied & Sensory Experience,Exercise & Physical Activity,0.013143329925289002,0.47202629208038044,0.027799338326289974,high,0.9983785438725592,0.0015316372243123766,0.0016214561274407952,0.0009351807947836261,0.0005964564295287787
54474410,trash,"Emotions, Cognition & Inner Life",Ambivalence & Internal Conflict,0.009936817100081928,0.05226163705774723,0.1898276737130473,high,0.9983785438725592,0.0015316372243123766,0.0016214561274407952,0.0009351807947836261,0.0005964564295287787
54474410,trash,"Emotions, Cognition & Inner Life","Beliefs, Values & Moral Reflection",0.021547108794186264,0.11332473649296329,0.1898276737130473,high,0.9983785438725592,0.0015316372243123766,0.0016214561274407952,0.0009351807947836261,0.0005964564295287787
54474410,trash,"Emotions, Cognition & Inner Life",Negative Emotions & Distress,0.11028471136708677,0.5800307583841489,0.1898276737130473,high,0.9983785438725592,0.0015316372243123766,0.0016214561274407952,0.0009351807947836261,0.0005964564295287787
54474410,trash,"Emotions, Cognition & Inner Life",Positive Emotions & Security,0.04836733358667075,0.2543828680651406,0.1898276737130473,high,0.9983785438725592,0.0015316372243123766,0.0016214561274407952,0.0009351807947836261,0.0005964564295287787
54474410,trash,Relationship Trajectory (Main Couple),"Bonding, Everyday Intimacy & Growth",0.14717726989112567,0.41207381624394207,0.35658326885311015,high,0.9983785438725592,0.0015316372243123766,0.0016214561274407952,0.0009351807947836261,0.0005964564295287787
54474410,trash,Relationship Trajectory (Main Couple),"Conflict, Distance & Breakup Threats",0.13390519810629045,0.37491404779677395,0.35658326885311015,medium,0.9983785438725592,0.0015316372243123766,0.0016214561274407952,0.0009351807947836261,0.0005964564295287787
54474410,trash,Relationship Trajectory (Main Couple),"Meeting, First Impressions & Setup",0.00033784468438019673,0.00094591337706742,0.35658326885311015,high,0.9983785438725592,0.0015316372243123766,0.0016214561274407952,0.0009351807947836261,0.0005964564295287787
54474410,trash,Relationship Trajectory (Main Couple),"Reconciliation, Commitments & HEA",0.010787890089933484,0.030204440141249952,0.35658326885311015,high,0.9983785438725592,0.0015316372243123766,0.0016214561274407952,0.0009351807947836261,0.0005964564295287787
54474410,trash,Relationship Trajectory (Main Couple),"Secrets, Misunderstandings & Hidden Information",0.06495418923038357,0.18186178244096657,0.35658326885311015,medium,0.9983785438725592,0.0015316372243123766,0.0016214561274407952,0.0009351807947836261,0.0005964564295287787
54474410,trash,"Sexuality, Attraction & Intimacy",Attraction & Sexual Tension,0.0399301998339271,0.19051321923397682,0.20925295854549655,high,0.9983785438725592,0.0015316372243123766,0.0016214561274407952,0.0009351807947836261,0.0005964564295287787
54474410,trash,"Sexuality, Attraction & Intimacy",Explicit Sexual Acts,0.09652315515922356,0.46052704710934034,0.20925295854549655,high,0.9983785438725592,0.0015316372243123766,0.0016214561274407952,0.0009351807947836261,0.0005964564295287787
54474410,trash,"Sexuality, Attraction & Intimacy",Kissing & Non-Explicit Affection,0.07313944908879205,0.34895973365668287,0.20925295854549655,high,0.9983785438725592,0.0015316372243123766,0.0016214561274407952,0.0009351807947836261,0.0005964564295287787
54474410,trash,Social World Outside Couple,"Community, Norms & Social Events",0.003345006078177724,0.060031859266239336,0.05563016602176184,high,0.9983785438725592,0.0015316372243123766,0.0016214561274407952,0.0009351807947836261,0.0005964564295287787
54474410,trash,Social World Outside Couple,Family & Kinship,0.03264917895295931,0.5859453974834243,0.05563016602176184,high,0.9983785438725592,0.0015316372243123766,0.0016214561274407952,0.0009351807947836261,0.0005964564295287787
54474410,trash,Social World Outside Couple,Friends & Social Circles,0.019726329360108645,0.35402274325033645,0.05563016602176184,high,0.9983785438725592,0.0015316372243123766,0.0016214561274407952,0.0009351807947836261,0.0005964564295287787
54474410,trash,"Spaces, Time, Activities & Objects",Domestic Spaces & Routines,0.0498582188947299,0.6542954650298193,0.07607782514269935,high,0.9983785438725592,0.0015316372243123766,0.0016214561274407952,0.0009351807947836261,0.0005964564295287787
54474410,trash,"Spaces, Time, Activities & Objects",Public & Leisure Spaces,0.024348425731071717,0.3195273495447614,0.07607782514269935,high,0.9983785438725592,0.0015316372243123766,0.0016214561274407952,0.0009351807947836261,0.0005964564295287787
54474410,trash,"Spaces, Time, Activities & Objects","Time, Seasons & Temporal Framing",0.001994737715214045,0.026177185425419386,0.07607782514269935,high,0.9983785438725592,0.0015316372243123766,0.0016214561274407952,0.0009351807947836261,0.0005964564295287787
54474410,trash,"Work, Wealth, Status & Institutions",Hero's Elite Work & Business World,0.047978456462092166,0.7630709003033819,0.062773539759978,high,0.9983785438725592,0.0015316372243123766,0.0016214561274407952,0.0009351807947836261,0.0005964564295287787
54474410,trash,"Work, Wealth, Status & Institutions",Heroine's Work & Professional Identity,0.0057411978442813375,0.0913105866862762,0.062773539759978,high,0.9983785438725592,0.0015316372243123766,0.0016214561274407952,0.0009351807947836261,0.0005964564295287787
54474410,trash,"Work, Wealth, Status & Institutions","Law, Medicine, Education & Formal Institutions",0.003567865325152826,0.05674493109165908,0.062773539759978,high,0.9983785438725592,0.0015316372243123766,0.0016214561274407952,0.0009351807947836261,0.0005964564295287787
54474410,trash,"Work, Wealth, Status & Institutions","Money, Housing & Economic Security",0.0015518380485787739,0.024681128660103028,0.062773539759978,high,0.9983785438725592,0.0015316372243123766,0.0016214561274407952,0.0009351807947836261,0.0005964564295287787
54474410,trash,"Work, Wealth, Status & Institutions",Shared Workplaces & Professional Interaction,0.004036131927763413,0.0641924532585797,0.062773539759978,high,0.9983785438725592,0.0015316372243123766,0.0016214561274407952,0.0009351807947836261,0.0005964564295287787
55538972,middle,"Conflict, Risk & Harm",Interpersonal Non-Romantic Conflict,0.0030320843405978264,0.1516996368752788,0.01994483730616017,high,0.997869530332543,0.0018138661728761551,0.002130469667456992,0.0017635341939618878,5.033197891423045e-05
55538972,middle,"Conflict, Risk & Harm","Violence, Threats & Coercion",0.016955335557385726,0.8483003631247213,0.01994483730616017,high,0.997869530332543,0.0018138661728761551,0.002130469667456992,0.0017635341939618878,5.033197891423045e-05
55538972,middle,Embodied & Sensory Experience,Body Parts & Physical Reactions,0.006749447252657032,0.3467754079668833,0.019421987849427714,high,0.997869530332543,0.0018138661728761551,0.002130469667456992,0.0017635341939618878,5.033197891423045e-05
55538972,middle,Embodied & Sensory Experience,Exercise & Physical Activity,0.012714006895457179,0.6532245920331168,0.019421987849427714,high,0.997869530332543,0.0018138661728761551,0.002130469667456992,0.0017635341939618878,5.033197891423045e-05
55538972,middle,"Emotions, Cognition & Inner Life",Ambivalence & Internal Conflict,0.009151133156654088,0.04658665594604719,0.1960140035725355,high,0.997869530332543,0.0018138661728761551,0.002130469667456992,0.0017635341939618878,5.033197891423045e-05
55538972,middle,"Emotions, Cognition & Inner Life","Beliefs, Values & Moral Reflection",0.025976738434167635,0.1322425709818324,0.1960140035725355,high,0.997869530332543,0.0018138661728761551,0.002130469667456992,0.0017635341939618878,5.033197891423045e-05
55538972,middle,"Emotions, Cognition & Inner Life",Negative Emotions & Distress,0.10961413448797241,0.5580244416508979,0.1960140035725355,high,0.997869530332543,0.0018138661728761551,0.002130469667456992,0.0017635341939618878,5.033197891423045e-05
55538972,middle,"Emotions, Cognition & Inner Life",Positive Emotions & Security,0.05169049097040755,0.26314633142122257,0.1960140035725355,high,0.997869530332543,0.0018138661728761551,0.002130469667456992,0.0017635341939618878,5.033197891423045e-05
55538972,middle,Relationship Trajectory (Main Couple),"Bonding, Everyday Intimacy & Growth",0.16623847176405843,0.44118810235390177,0.3759945131279528,high,0.997869530332543,0.0018138661728761551,0.002130469667456992,0.0017635341939618878,5.033197891423045e-05
55538972,middle,Relationship Trajectory (Main Couple),"Conflict, Distance & Breakup Threats",0.1364171956682231,0.362044014521052,0.3759945131279528,medium,0.997869530332543,0.0018138661728761551,0.002130469667456992,0.0017635341939618878,5.033197891423045e-05
55538972,middle,Relationship Trajectory (Main Couple),"Meeting, First Impressions & Setup",0.000220585308692407,0.0005854217300991434,0.3759945131279528,high,0.997869530332543,0.0018138661728761551,0.002130469667456992,0.0017635341939618878,5.033197891423045e-05
55538972,middle,Relationship Trajectory (Main Couple),"Reconciliation, Commitments & HEA",0.00860102405570383,0.022826662451649524,0.3759945131279528,high,0.997869530332543,0.0018138661728761551,0.002130469667456992,0.0017635341939618878,5.033197891423045e-05
55538972,middle,Relationship Trajectory (Main Couple),"Secrets, Misunderstandings & Hidden Information",0.06531999148212368,0.1733557989432976,0.3759945131279528,medium,0.997869530332543,0.0018138661728761551,0.002130469667456992,0.0017635341939618878,5.033197891423045e-05
55538972,middle,"Sexuality, Attraction & Intimacy",Attraction & Sexual Tension,0.037219078941818355,0.21665706142502508,0.17142199095105182,high,0.997869530332543,0.0018138661728761551,0.002130469667456992,0.0017635341939618878,5.033197891423045e-05
55538972,middle,"Sexuality, Attraction & Intimacy",Explicit Sexual Acts,0.07031900222644566,0.4093359862165679,0.17142199095105182,high,0.997869530332543,0.0018138661728761551,0.002130469667456992,0.0017635341939618878,5.033197891423045e-05
55538972,middle,"Sexuality, Attraction & Intimacy",Kissing & Non-Explicit Affection,0.06424989886347912,0.374006952358407,0.17142199095105182,high,0.997869530332543,0.0018138661728761551,0.002130469667456992,0.0017635341939618878,5.033197891423045e-05
55538972,middle,Social World Outside Couple,"Community, Norms & Social Events",0.004630037645846441,0.08255601983774849,0.05596410171133541,high,0.997869530332543,0.0018138661728761551,0.002130469667456992,0.0017635341939618878,5.033197891423045e-05
55538972,middle,Social World Outside Couple,Family & Kinship,0.03424053368395998,0.610526823816207,0.05596410171133541,high,0.997869530332543,0.0018138661728761551,0.002130469667456992,0.0017635341939618878,5.033197891423045e-05
55538972,middle,Social World Outside Couple,Friends & Social Circles,0.01721301476053668,0.30691715634604455,0.05596410171133541,high,0.997869530332543,0.0018138661728761551,0.002130469667456992,0.0017635341939618878,5.033197891423045e-05
55538972,middle,"Spaces, Time, Activities & Objects",Domestic Spaces & Routines,0.045529192739629944,0.5427334308966781,0.08370996070843373,high,0.997869530332543,0.0018138661728761551,0.002130469667456992,0.0017635341939618878,5.033197891423045e-05
55538972,middle,"Spaces, Time, Activities & Objects",Public & Leisure Spaces,0.03540252514623538,0.42201789179314186,0.08370996070843373,high,0.997869530332543,0.0018138661728761551,0.002130469667456992,0.0017635341939618878,5.033197891423045e-05
55538972,middle,"Spaces, Time, Activities & Objects","Time, Seasons & Temporal Framing",0.0029569651171492514,0.03524867731018011,0.08370996070843373,high,0.997869530332543,0.0018138661728761551,0.002130469667456992,0.0017635341939618878,5.033197891423045e-05
55538972,middle,"Work, Wealth, Status & Institutions",Hero's Elite Work & Business World,0.060555608048926506,0.8019689182065346,0.07534780312673156,high,0.997869530332543,0.0018138661728761551,0.002130469667456992,0.0017635341939618878,5.033197891423045e-05
55538972,middle,"Work, Wealth, Status & Institutions",Heroine's Work & Professional Identity,0.005446083775108287,0.07212527549978384,0.07534780312673156,high,0.997869530332543,0.0018138661728761551,0.002130469667456992,0.0017635341939618878,5.033197891423045e-05
55538972,middle,"Work, Wealth, Status & Institutions","Law, Medicine, Education & Formal Institutions",0.003961347995269469,0.05246215947231658,0.07534780312673156,high,0.997869530332543,0.0018138661728761551,0.002130469667456992,0.0017635341939618878,5.033197891423045e-05
55538972,middle,"Work, Wealth, Status & Institutions","Money, Housing & Economic Security",0.0019672312411463627,0.02605305043010322,0.07534780312673156,high,0.997869530332543,0.0018138661728761551,0.002130469667456992,0.0017635341939618878,5.033197891423045e-05
55538972,middle,"Work, Wealth, Status & Institutions",Shared Workplaces & Professional Interaction,0.00357840100173939,0.047390596391261766,0.07534780312673156,high,0.997869530332543,0.0018138661728761551,0.002130469667456992,0.0017635341939618878,5.033197891423045e-05
55583305,trash,"Conflict, Risk & Harm",Interpersonal Non-Romantic Conflict,0.0034756235167847024,0.14793913604638936,0.023378738334066805,high,0.9951107576219947,0.004087267166886455,0.004889242378005162,0.00402728724388153,5.997992300501061e-05
55583305,trash,"Conflict, Risk & Harm","Violence, Threats & Coercion",0.02001798074284035,0.8520608639536108,0.023378738334066805,high,0.9951107576219947,0.004087267166886455,0.004889242378005162,0.00402728724388153,5.997992300501061e-05
55583305,trash,Embodied & Sensory Experience,Body Parts & Physical Reactions,0.010280769091982313,0.574603034967549,0.017804472474874898,high,0.9951107576219947,0.004087267166886455,0.004889242378005162,0.00402728724388153,5.997992300501061e-05
55583305,trash,Embodied & Sensory Experience,Exercise & Physical Activity,0.0076111814657847925,0.4253969650324508,0.017804472474874898,high,0.9951107576219947,0.004087267166886455,0.004889242378005162,0.00402728724388153,5.997992300501061e-05
55583305,trash,"Emotions, Cognition & Inner Life",Ambivalence & Internal Conflict,0.009747226836472264,0.0521803330412842,0.18588555719414857,high,0.9951107576219947,0.004087267166886455,0.004889242378005162,0.00402728724388153,5.997992300501061e-05
55583305,trash,"Emotions, Cognition & Inner Life","Beliefs, Values & Moral Reflection",0.022746125412972475,0.12176800841512858,0.18588555719414857,high,0.9951107576219947,0.004087267166886455,0.004889242378005162,0.00402728724388153,5.997992300501061e-05
55583305,trash,"Emotions, Cognition & Inner Life",Negative Emotions & Distress,0.10188228950258846,0.5454117244261925,0.18588555719414857,high,0.9951107576219947,0.004087267166886455,0.004889242378005162,0.00402728724388153,5.997992300501061e-05
55583305,trash,"Emotions, Cognition & Inner Life",Positive Emotions & Security,0.052423220354891706,0.28063993411739474,0.18588555719414857,high,0.9951107576219947,0.004087267166886455,0.004889242378005162,0.00402728724388153,5.997992300501061e-05
55583305,trash,Relationship Trajectory (Main Couple),"Bonding, Everyday Intimacy & Growth",0.16151359548842992,0.44647588200754923,0.35998342318079857,high,0.9951107576219947,0.004087267166886455,0.004889242378005162,0.00402728724388153,5.997992300501061e-05
55583305,trash,Relationship Trajectory (Main Couple),"Conflict, Distance & Breakup Threats",0.13192311631700354,0.36467821508585035,0.35998342318079857,medium,0.9951107576219947,0.004087267166886455,0.004889242378005162,0.00402728724388153,5.997992300501061e-05
55583305,trash,Relationship Trajectory (Main Couple),"Meeting, First Impressions & Setup",0.00021678189393140013,0.0005992553568236446,0.35998342318079857,high,0.9951107576219947,0.004087267166886455,0.004889242378005162,0.00402728724388153,5.997992300501061e-05
55583305,trash,Relationship Trajectory (Main Couple),"Reconciliation, Commitments & HEA",0.006804639070538867,0.01881022598484291,0.35998342318079857,high,0.9951107576219947,0.004087267166886455,0.004889242378005162,0.00402728724388153,5.997992300501061e-05
55583305,trash,Relationship Trajectory (Main Couple),"Secrets, Misunderstandings & Hidden Information",0.06129398419147554,0.16943642156493394,0.35998342318079857,medium,0.9951107576219947,0.004087267166886455,0.004889242378005162,0.00402728724388153,5.997992300501061e-05
55583305,trash,"Sexuality, Attraction & Intimacy",Attraction & Sexual Tension,0.037534985809848515,0.2143359044224068,0.17426603474216815,high,0.9951107576219947,0.004087267166886455,0.004889242378005162,0.00402728724388153,5.997992300501061e-05
55583305,trash,"Sexuality, Attraction & Intimacy",Explicit Sexual Acts,0.07230548840105303,0.4128857895312494,0.17426603474216815,high,0.9951107576219947,0.004087267166886455,0.004889242378005162,0.00402728724388153,5.997992300501061e-05
55583305,trash,"Sexuality, Attraction & Intimacy",Kissing & Non-Explicit Affection,0.06528177565665068,0.3727783060463439,0.17426603474216815,high,0.9951107576219947,0.004087267166886455,0.004889242378005162,0.00402728724388153,5.997992300501061e-05
55583305,trash,Social World Outside Couple,"Community, Norms & Social Events",0.0057677400456456005,0.07985064672709229,0.07187844309145414,high,0.9951107576219947,0.004087267166886455,0.004889242378005162,0.00402728724388153,5.997992300501061e-05
55583305,trash,Social World Outside Couple,Family & Kinship,0.04585820690796618,0.6348773437024819,0.07187844309145414,high,0.9951107576219947,0.004087267166886455,0.004889242378005162,0.00402728724388153,5.997992300501061e-05
55583305,trash,Social World Outside Couple,Friends & Social Circles,0.020605653941972203,0.28527200957042564,0.07187844309145414,high,0.9951107576219947,0.004087267166886455,0.004889242378005162,0.00402728724388153,5.997992300501061e-05
55583305,trash,"Spaces, Time, Activities & Objects",Domestic Spaces & Routines,0.062214581315182045,0.6517086702491015,0.09499704695354458,high,0.9951107576219947,0.004087267166886455,0.004889242378005162,0.00402728724388153,5.997992300501061e-05
55583305,trash,"Spaces, Time, Activities & Objects",Public & Leisure Spaces,0.030401398612198875,0.3184599919253035,0.09499704695354458,high,0.9951107576219947,0.004087267166886455,0.004889242378005162,0.00402728724388153,5.997992300501061e-05
55583305,trash,"Spaces, Time, Activities & Objects","Time, Seasons & Temporal Framing",0.002847812646380392,0.029831337825594904,0.09499704695354458,high,0.9951107576219947,0.004087267166886455,0.004889242378005162,0.00402728724388153,5.997992300501061e-05
55583305,trash,"Work, Wealth, Status & Institutions",Hero's Elite Work & Business World,0.05075164449065881,0.7553952580982239,0.06685706172793404,high,0.9951107576219947,0.004087267166886455,0.004889242378005162,0.00402728724388153,5.997992300501061e-05
55583305,trash,"Work, Wealth, Status & Institutions",Heroine's Work & Professional Identity,0.004888364277332337,0.0727591634125916,0.06685706172793404,high,0.9951107576219947,0.004087267166886455,0.004889242378005162,0.00402728724388153,5.997992300501061e-05
55583305,trash,"Work, Wealth, Status & Institutions","Law, Medicine, Education & Formal Institutions",0.006057862744654967,0.0901661579136517,0.06685706172793404,high,0.9951107576219947,0.004087267166886455,0.004889242378005162,0.00402728724388153,5.997992300501061e-05
55583305,trash,"Work, Wealth, Status & Institutions","Money, Housing & Economic Security",0.0013641192891842915,0.0203037606538995,0.06685706172793404,high,0.9951107576219947,0.004087267166886455,0.004889242378005162,0.00402728724388153,5.997992300501061e-05
55583305,trash,"Work, Wealth, Status & Institutions",Shared Workplaces & Professional Interaction,0.0041235573553432,0.06137565992163324,0.06685706172793404,high,0.9951107576219947,0.004087267166886455,0.004889242378005162,0.00402728724388153,5.997992300501061e-05
55590890,trash,"Conflict, Risk & Harm",Interpersonal Non-Romantic Conflict,0.007234161889511616,0.27804750295644637,0.025977897277182093,high,0.99846942607849,0.000678638275129706,0.0015305739215100548,0.0006295058229852251,4.913245214452187e-05
55590890,trash,"Conflict, Risk & Harm","Violence, Threats & Coercion",0.01878355743035864,0.7219524970435537,0.025977897277182093,high,0.99846942607849,0.000678638275129706,0.0015305739215100548,0.0006295058229852251,4.913245214452187e-05
55590890,trash,Embodied & Sensory Experience,Body Parts & Physical Reactions,0.008706559188940732,0.42298799498956796,0.02055196189838545,high,0.99846942607849,0.000678638275129706,0.0015305739215100548,0.0006295058229852251,4.913245214452187e-05
55590890,trash,Embodied & Sensory Experience,Exercise & Physical Activity,0.011876907226354247,0.5770120050104321,0.02055196189838545,high,0.99846942607849,0.000678638275129706,0.0015305739215100548,0.0006295058229852251,4.913245214452187e-05
55590890,trash,"Emotions, Cognition & Inner Life",Ambivalence & Internal Conflict,0.007519325561778673,0.037464137729502085,0.20040009281340676,high,0.99846942607849,0.000678638275129706,0.0015305739215100548,0.0006295058229852251,4.913245214452187e-05
55590890,trash,"Emotions, Cognition & Inner Life","Beliefs, Values & Moral Reflection",0.03027059904325079,0.1508196290203749,0.20040009281340676,high,0.99846942607849,0.000678638275129706,0.0015305739215100548,0.0006295058229852251,4.913245214452187e-05
55590890,trash,"Emotions, Cognition & Inner Life",Negative Emotions & Distress,0.10883116644544576,0.5422382333994966,0.20040009281340676,high,0.99846942607849,0.000678638275129706,0.0015305739215100548,0.0006295058229852251,4.913245214452187e-05
55590890,trash,"Emotions, Cognition & Inner Life",Positive Emotions & Security,0.05408619910710367,0.26947799985062637,0.20040009281340676,high,0.99846942607849,0.000678638275129706,0.0015305739215100548,0.0006295058229852251,4.913245214452187e-05
55590890,trash,Relationship Trajectory (Main Couple),"Bonding, Everyday Intimacy & Growth",0.14955323037868132,0.4370432283285593,0.34166946980385987,high,0.99846942607849,0.000678638275129706,0.0015305739215100548,0.0006295058229852251,4.913245214452187e-05
55590890,trash,Relationship Trajectory (Main Couple),"Conflict, Distance & Breakup Threats",0.12804937004362985,0.3742019475447171,0.34166946980385987,medium,0.99846942607849,0.000678638275129706,0.0015305739215100548,0.0006295058229852251,4.913245214452187e-05
55590890,trash,Relationship Trajectory (Main Couple),"Meeting, First Impressions & Setup",0.00020745265428417602,0.0006062441949539403,0.34166946980385987,high,0.99846942607849,0.000678638275129706,0.0015305739215100548,0.0006295058229852251,4.913245214452187e-05
55590890,trash,Relationship Trajectory (Main Couple),"Reconciliation, Commitments & HEA",0.006072754525039218,0.017746565792993666,0.34166946980385987,high,0.99846942607849,0.000678638275129706,0.0015305739215100548,0.0006295058229852251,4.913245214452187e-05
55590890,trash,Relationship Trajectory (Main Couple),"Secrets, Misunderstandings & Hidden Information",0.058310414223668616,0.17040201413877598,0.34166946980385987,medium,0.99846942607849,0.000678638275129706,0.0015305739215100548,0.0006295058229852251,4.913245214452187e-05
55590890,trash,"Sexuality, Attraction & Intimacy",Attraction & Sexual Tension,0.0656376067102479,0.31246518516567784,0.20974222605439138,high,0.99846942607849,0.000678638275129706,0.0015305739215100548,0.0006295058229852251,4.913245214452187e-05
55590890,trash,"Sexuality, Attraction & Intimacy",Explicit Sexual Acts,0.07991965865613086,0.38045431867440166,0.20974222605439138,high,0.99846942607849,0.000678638275129706,0.0015305739215100548,0.0006295058229852251,4.913245214452187e-05
55590890,trash,"Sexuality, Attraction & Intimacy",Kissing & Non-Explicit Affection,0.06450647877665269,0.3070804961599205,0.20974222605439138,high,0.99846942607849,0.000678638275129706,0.0015305739215100548,0.0006295058229852251,4.913245214452187e-05
55590890,trash,Social World Outside Couple,"Community, Norms & Social Events",0.003866964417662497,0.06371960495099725,0.060594313880927286,high,0.99846942607849,0.000678638275129706,0.0015305739215100548,0.0006295058229852251,4.913245214452187e-05
55590890,trash,Social World Outside Couple,Family & Kinship,0.0381899538169697,0.6292917408805924,0.060594313880927286,high,0.99846942607849,0.000678638275129706,0.0015305739215100548,0.0006295058229852251,4.913245214452187e-05
55590890,trash,Social World Outside Couple,Friends & Social Circles,0.01863028189217864,0.3069886541684103,0.060594313880927286,high,0.99846942607849,0.000678638275129706,0.0015305739215100548,0.0006295058229852251,4.913245214452187e-05
55590890,trash,"Spaces, Time, Activities & Objects",Domestic Spaces & Routines,0.04076348864124736,0.5909547440029238,0.06887345862203947,high,0.99846942607849,0.000678638275129706,0.0015305739215100548,0.0006295058229852251,4.913245214452187e-05
55590890,trash,"Spaces, Time, Activities & Objects",Public & Leisure Spaces,0.02637119955759473,0.38230745216049133,0.06887345862203947,high,0.99846942607849,0.000678638275129706,0.0015305739215100548,0.0006295058229852251,4.913245214452187e-05
55590890,trash,"Spaces, Time, Activities & Objects","Time, Seasons & Temporal Framing",0.0018443479370378567,0.02673780383658486,0.06887345862203947,high,0.99846942607849,0.000678638275129706,0.0015305739215100548,0.0006295058229852251,4.913245214452187e-05
55590890,trash,"Work, Wealth, Status & Institutions",Hero's Elite Work & Business World,0.055225552593489,0.7809140893532998,0.0706108732761532,high,0.99846942607849,0.000678638275129706,0.0015305739215100548,0.0006295058229852251,4.913245214452187e-05
55590890,trash,"Work, Wealth, Status & Institutions",Heroine's Work & Professional Identity,0.004892570365296098,0.06918313990510608,0.0706108732761532,high,0.99846942607849,0.000678638275129706,0.0015305739215100548,0.0006295058229852251,4.913245214452187e-05
55590890,trash,"Work, Wealth, Status & Institutions","Law, Medicine, Education & Formal Institutions",0.004909642439521618,0.06942454669365065,0.0706108732761532,high,0.99846942607849,0.000678638275129706,0.0015305739215100548,0.0006295058229852251,4.913245214452187e-05
55590890,trash,"Work, Wealth, Status & Institutions","Money, Housing & Economic Security",0.002618205972062568,0.03702260704320532,0.0706108732761532,high,0.99846942607849,0.000678638275129706,0.0015305739215100548,0.0006295058229852251,4.913245214452187e-05
55590890,trash,"Work, Wealth, Status & Institutions",Shared Workplaces & Professional Interaction,0.0030731427375898556,0.043455617004738274,0.0706108732761532,high,0.99846942607849,0.000678638275129706,0.0015305739215100548,0.0006295058229852251,4.913245214452187e-05
55738401,middle,"Conflict, Risk & Harm",Interpersonal Non-Romantic Conflict,0.0037299963189554113,0.17698625218804456,0.02104065650938,high,0.9983674568917627,0.0011468374093234202,0.0016325431082373242,0.0011061547022851125,4.06827070383344e-05
55738401,middle,"Conflict, Risk & Harm","Violence, Threats & Coercion",0.01734506613839501,0.8230137478119555,0.02104065650938,high,0.9983674568917627,0.0011468374093234202,0.0016325431082373242,0.0011061547022851125,4.06827070383344e-05
55738401,middle,Embodied & Sensory Experience,Body Parts & Physical Reactions,0.007958678131896102,0.4761565311467723,0.016687128553345386,high,0.9983674568917627,0.0011468374093234202,0.0016325431082373242,0.0011061547022851125,4.06827070383344e-05
55738401,middle,Embodied & Sensory Experience,Exercise & Physical Activity,0.008755737425375523,0.5238434688532277,0.016687128553345386,high,0.9983674568917627,0.0011468374093234202,0.0016325431082373242,0.0011061547022851125,4.06827070383344e-05
55738401,middle,"Emotions, Cognition & Inner Life",Ambivalence & Internal Conflict,0.007945703474842095,0.044802650802323436,0.17705942905911176,high,0.9983674568917627,0.0011468374093234202,0.0016325431082373242,0.0011061547022851125,4.06827070383344e-05
55738401,middle,"Emotions, Cognition & Inner Life","Beliefs, Values & Moral Reflection",0.024919550688503524,0.14051140105879795,0.17705942905911176,high,0.9983674568917627,0.0011468374093234202,0.0016325431082373242,0.0011061547022851125,4.06827070383344e-05
55738401,middle,"Emotions, Cognition & Inner Life",Negative Emotions & Distress,0.09805934119735729,0.5529174899971203,0.17705942905911176,high,0.9983674568917627,0.0011468374093234202,0.0016325431082373242,0.0011061547022851125,4.06827070383344e-05
55738401,middle,"Emotions, Cognition & Inner Life",Positive Emotions & Security,0.046424363518980945,0.2617684581417583,0.17705942905911176,high,0.9983674568917627,0.0011468374093234202,0.0016325431082373242,0.0011061547022851125,4.06827070383344e-05
55738401,middle,Relationship Trajectory (Main Couple),"Bonding, Everyday Intimacy & Growth",0.14642090436828378,0.4666046567395395,0.3132884848415792,high,0.9983674568917627,0.0011468374093234202,0.0016325431082373242,0.0011061547022851125,4.06827070383344e-05
55738401,middle,Relationship Trajectory (Main Couple),"Conflict, Distance & Breakup Threats",0.10728859817428656,0.34190035732372615,0.3132884848415792,medium,0.9983674568917627,0.0011468374093234202,0.0016325431082373242,0.0011061547022851125,4.06827070383344e-05
55738401,middle,Relationship Trajectory (Main Couple),"Meeting, First Impressions & Setup",0.00016327738943584317,0.0005203218118323707,0.3132884848415792,high,0.9983674568917627,0.0011468374093234202,0.0016325431082373242,0.0011061547022851125,4.06827070383344e-05
55738401,middle,Relationship Trajectory (Main Couple),"Reconciliation, Commitments & HEA",0.009969939871253,0.03177155879080561,0.3132884848415792,high,0.9983674568917627,0.0011468374093234202,0.0016325431082373242,0.0011061547022851125,4.06827070383344e-05
55738401,middle,Relationship Trajectory (Main Couple),"Secrets, Misunderstandings & Hidden Information",0.0499580583360308,0.1592031053340964,0.3132884848415792,medium,0.9983674568917627,0.0011468374093234202,0.0016325431082373242,0.0011061547022851125,4.06827070383344e-05
55738401,middle,"Sexuality, Attraction & Intimacy",Attraction & Sexual Tension,0.04055353272177004,0.20091876153522634,0.20151093418078803,high,0.9983674568917627,0.0011468374093234202,0.0016325431082373242,0.0011061547022851125,4.06827070383344e-05
55738401,middle,"Sexuality, Attraction & Intimacy",Explicit Sexual Acts,0.08816949769680632,0.4368276964663934,0.20151093418078803,high,0.9983674568917627,0.0011468374093234202,0.0016325431082373242,0.0011061547022851125,4.06827070383344e-05
55738401,middle,"Sexuality, Attraction & Intimacy",Kissing & Non-Explicit Affection,0.07311741699359794,0.3622535419983802,0.20151093418078803,high,0.9983674568917627,0.0011468374093234202,0.0016325431082373242,0.0011061547022851125,4.06827070383344e-05
55738401,middle,Social World Outside Couple,"Community, Norms & Social Events",0.0029606597685632426,0.025398183499115073,0.1163794396542267,high,0.9983674568917627,0.0011468374093234202,0.0016325431082373242,0.0011061547022851125,4.06827070383344e-05
55738401,middle,Social World Outside Couple,Family & Kinship,0.09298462213702473,0.7976737214820517,0.1163794396542267,high,0.9983674568917627,0.0011468374093234202,0.0016325431082373242,0.0011061547022851125,4.06827070383344e-05
55738401,middle,Social World Outside Couple,Friends & Social Circles,0.020624462882120886,0.17692809501883316,0.1163794396542267,high,0.9983674568917627,0.0011468374093234202,0.0016325431082373242,0.0011061547022851125,4.06827070383344e-05
55738401,middle,"Spaces, Time, Activities & Objects",Domestic Spaces & Routines,0.04716194933479603,0.5238087909622331,0.08988958610821278,high,0.9983674568917627,0.0011468374093234202,0.0016325431082373242,0.0011061547022851125,4.06827070383344e-05
55738401,middle,"Spaces, Time, Activities & Objects",Public & Leisure Spaces,0.03941527062977456,0.4377695482319426,0.08988958610821278,high,0.9983674568917627,0.0011468374093234202,0.0016325431082373242,0.0011061547022851125,4.06827070383344e-05
55738401,middle,"Spaces, Time, Activities & Objects","Time, Seasons & Temporal Framing",0.0034593547331542448,0.03842166080582428,0.08988958610821278,high,0.9983674568917627,0.0011468374093234202,0.0016325431082373242,0.0011061547022851125,4.06827070383344e-05
55738401,middle,"Work, Wealth, Status & Institutions",Hero's Elite Work & Business World,0.04783025905090402,0.7643880516389665,0.06247111527808054,high,0.9983674568917627,0.0011468374093234202,0.0016325431082373242,0.0011061547022851125,4.06827070383344e-05
55738401,middle,"Work, Wealth, Status & Institutions",Heroine's Work & Professional Identity,0.005654598235739768,0.09036763366926748,0.06247111527808054,high,0.9983674568917627,0.0011468374093234202,0.0016325431082373242,0.0011061547022851125,4.06827070383344e-05
55738401,middle,"Work, Wealth, Status & Institutions","Law, Medicine, Education & Formal Institutions",0.002720695940376521,0.04348016319027542,0.06247111527808054,high,0.9983674568917627,0.0011468374093234202,0.0016325431082373242,0.0011061547022851125,4.06827070383344e-05
55738401,middle,"Work, Wealth, Status & Institutions","Money, Housing & Economic Security",0.0029650408724661045,0.0473851043357757,0.06247111527808054,high,0.9983674568917627,0.0011468374093234202,0.0016325431082373242,0.0011061547022851125,4.06827070383344e-05
55738401,middle,"Work, Wealth, Status & Institutions",Shared Workplaces & Professional Interaction,0.0034026747373936592,0.05437904716571489,0.06247111527808054,high,0.9983674568917627,0.0011468374093234202,0.0016325431082373242,0.0011061547022851125,4.06827070383344e-05
55817097,trash,"Conflict, Risk & Harm",Interpersonal Non-Romantic Conflict,0.0037225718060949387,0.1201578501044231,0.0309058279712027,high,0.9975839387803475,0.0042708857842138626,0.0024160612196524444,0.0017875421775676661,0.0024833436066461967
55817097,trash,"Conflict, Risk & Harm","Violence, Threats & Coercion",0.027258107382654197,0.879842149895577,0.0309058279712027,high,0.9975839387803475,0.0042708857842138626,0.0024160612196524444,0.0017875421775676661,0.0024833436066461967
55817097,trash,Embodied & Sensory Experience,Body Parts & Physical Reactions,0.007379151918603557,0.39103252501768127,0.018825348186794023,high,0.9975839387803475,0.0042708857842138626,0.0024160612196524444,0.0017875421775676661,0.0024833436066461967
55817097,trash,Embodied & Sensory Experience,Exercise & Physical Activity,0.011491789618215904,0.6089674749823187,0.018825348186794023,high,0.9975839387803475,0.0042708857842138626,0.0024160612196524444,0.0017875421775676661,0.0024833436066461967
55817097,trash,"Emotions, Cognition & Inner Life",Ambivalence & Internal Conflict,0.012028464502949315,0.052655526029865445,0.2278849705067211,high,0.9975839387803475,0.0042708857842138626,0.0024160612196524444,0.0017875421775676661,0.0024833436066461967
55817097,trash,"Emotions, Cognition & Inner Life","Beliefs, Values & Moral Reflection",0.03231248419446546,0.14145037815708814,0.2278849705067211,high,0.9975839387803475,0.0042708857842138626,0.0024160612196524444,0.0017875421775676661,0.0024833436066461967
55817097,trash,"Emotions, Cognition & Inner Life",Negative Emotions & Distress,0.12949136164488345,0.5668583685027325,0.2278849705067211,high,0.9975839387803475,0.0042708857842138626,0.0024160612196524444,0.0017875421775676661,0.0024833436066461967
55817097,trash,"Emotions, Cognition & Inner Life",Positive Emotions & Security,0.05460457767068916,0.23903572731031386,0.2278849705067211,high,0.9975839387803475,0.0042708857842138626,0.0024160612196524444,0.0017875421775676661,0.0024833436066461967
55817097,trash,Relationship Trajectory (Main Couple),"Bonding, Everyday Intimacy & Growth",0.14257417496936803,0.3968746551262232,0.3583743763860794,high,0.9975839387803475,0.0042708857842138626,0.0024160612196524444,0.0017875421775676661,0.0024833436066461967
55817097,trash,Relationship Trajectory (Main Couple),"Conflict, Distance & Breakup Threats",0.1369123068575532,0.38111407327660396,0.3583743763860794,medium,0.9975839387803475,0.0042708857842138626,0.0024160612196524444,0.0017875421775676661,0.0024833436066461967
55817097,trash,Relationship Trajectory (Main Couple),"Meeting, First Impressions & Setup",0.00020163499465861758,0.0005612784993054302,0.3583743763860794,high,0.9975839387803475,0.0042708857842138626,0.0024160612196524444,0.0017875421775676661,0.0024833436066461967
55817097,trash,Relationship Trajectory (Main Couple),"Reconciliation, Commitments & HEA",0.006296778325473857,0.017527940995384544,0.3583743763860794,high,0.9975839387803475,0.0042708857842138626,0.0024160612196524444,0.0017875421775676661,0.0024833436066461967
55817097,trash,Relationship Trajectory (Main Couple),"Secrets, Misunderstandings & Hidden Information",0.07325743269578444,0.20392205210248276,0.3583743763860794,medium,0.9975839387803475,0.0042708857842138626,0.0024160612196524444,0.0017875421775676661,0.0024833436066461967
55817097,trash,"Sexuality, Attraction & Intimacy",Attraction & Sexual Tension,0.030183932271869707,0.19931262916725476,0.15107425038472166,high,0.9975839387803475,0.0042708857842138626,0.0024160612196524444,0.0017875421775676661,0.0024833436066461967
55817097,trash,"Sexuality, Attraction & Intimacy",Explicit Sexual Acts,0.06459760450645903,0.42655536979480907,0.15107425038472166,high,0.9975839387803475,0.0042708857842138626,0.0024160612196524444,0.0017875421775676661,0.0024833436066461967
55817097,trash,"Sexuality, Attraction & Intimacy",Kissing & Non-Explicit Affection,0.05665860225340628,0.3741320010379361,0.15107425038472166,high,0.9975839387803475,0.0042708857842138626,0.0024160612196524444,0.0017875421775676661,0.0024833436066461967
55817097,trash,Social World Outside Couple,"Community, Norms & Social Events",0.005368367444013181,0.07411116824656476,0.07226167480995135,high,0.9975839387803475,0.0042708857842138626,0.0024160612196524444,0.0017875421775676661,0.0024833436066461967
55817097,trash,Social World Outside Couple,Family & Kinship,0.04493695598970871,0.6203618400889777,0.07226167480995135,high,0.9975839387803475,0.0042708857842138626,0.0024160612196524444,0.0017875421775676661,0.0024833436066461967
55817097,trash,Social World Outside Couple,Friends & Social Circles,0.0221313628448272,0.30552699166445757,0.07226167480995135,high,0.9975839387803475,0.0042708857842138626,0.0024160612196524444,0.0017875421775676661,0.0024833436066461967
55817097,trash,"Spaces, Time, Activities & Objects",Domestic Spaces & Routines,0.039565739101333826,0.5834626417250797,0.067648111517073,high,0.9975839387803475,0.0042708857842138626,0.0024160612196524444,0.0017875421775676661,0.0024833436066461967
55817097,trash,"Spaces, Time, Activities & Objects",Public & Leisure Spaces,0.02557327171326222,0.37712043324044,0.067648111517073,high,0.9975839387803475,0.0042708857842138626,0.0024160612196524444,0.0017875421775676661,0.0024833436066461967
55817097,trash,"Spaces, Time, Activities & Objects","Time, Seasons & Temporal Framing",0.002672938523501791,0.03941692503448049,0.067648111517073,high,0.9975839387803475,0.0042708857842138626,0.0024160612196524444,0.0017875421775676661,0.0024833436066461967
55817097,trash,"Work, Wealth, Status & Institutions",Hero's Elite Work & Business World,0.053455016318749334,0.7827531046682885,0.06812603541115803,high,0.9975839387803475,0.0042708857842138626,0.0024160612196524444,0.0017875421775676661,0.0024833436066461967
55817097,trash,"Work, Wealth, Status & Institutions",Heroine's Work & Professional Identity,0.004403009305546831,0.0644741960838444,0.06812603541115803,high,0.9975839387803475,0.0042708857842138626,0.0024160612196524444,0.0017875421775676661,0.0024833436066461967
55817097,trash,"Work, Wealth, Status & Institutions","Law, Medicine, Education & Formal Institutions",0.005128621936165179,0.07509949523287522,0.06812603541115803,high,0.9975839387803475,0.0042708857842138626,0.0024160612196524444,0.0017875421775676661,0.0024833436066461967
55817097,trash,"Work, Wealth, Status & Institutions","Money, Housing & Economic Security",0.0021326227166566943,0.031228445289308328,0.06812603541115803,high,0.9975839387803475,0.0042708857842138626,0.0024160612196524444,0.0017875421775676661,0.0024833436066461967
55817097,trash,"Work, Wealth, Status & Institutions",Shared Workplaces & Professional Interaction,0.0031717604450178425,0.04644475872568353,0.06812603541115803,high,0.9975839387803475,0.0042708857842138626,0.0024160612196524444,0.0017875421775676661,0.0024833436066461967
55849103,middle,"Conflict, Risk & Harm",Interpersonal Non-Romantic Conflict,0.002750214219047591,0.12550684158574535,0.0218840669411592,high,0.9986858855624244,0.0005148967913906066,0.0013141144375756557,0.0004490554722835792,6.584131910711979e-05
55849103,middle,"Conflict, Risk & Harm","Violence, Threats & Coercion",0.019162648731683777,0.8744931584142546,0.0218840669411592,high,0.9986858855624244,0.0005148967913906066,0.0013141144375756557,0.0004490554722835792,6.584131910711979e-05
55849103,middle,Embodied & Sensory Experience,Body Parts & Physical Reactions,0.008155904158154934,0.45718997293622243,0.01781575898184772,high,0.9986858855624244,0.0005148967913906066,0.0013141144375756557,0.0004490554722835792,6.584131910711979e-05
55849103,middle,Embodied & Sensory Experience,Exercise & Physical Activity,0.009683297576246783,0.5428100270637775,0.01781575898184772,high,0.9986858855624244,0.0005148967913906066,0.0013141144375756557,0.0004490554722835792,6.584131910711979e-05
55849103,middle,"Emotions, Cognition & Inner Life",Ambivalence & Internal Conflict,0.028677384528780093,0.1337426750230311,0.21414031952633686,high,0.9986858855624244,0.0005148967913906066,0.0013141144375756557,0.0004490554722835792,6.584131910711979e-05
55849103,middle,"Emotions, Cognition & Inner Life","Beliefs, Values & Moral Reflection",0.025869052029606453,0.12064545897752119,0.21414031952633686,high,0.9986858855624244,0.0005148967913906066,0.0013141144375756557,0.0004490554722835792,6.584131910711979e-05
55849103,middle,"Emotions, Cognition & Inner Life",Negative Emotions & Distress,0.10243168339528788,0.47771048753241246,0.21414031952633686,high,0.9986858855624244,0.0005148967913906066,0.0013141144375756557,0.0004490554722835792,6.584131910711979e-05
55849103,middle,"Emotions, Cognition & Inner Life",Positive Emotions & Security,0.05744397474303858,0.2679013784670352,0.21414031952633686,high,0.9986858855624244,0.0005148967913906066,0.0013141144375756557,0.0004490554722835792,6.584131910711979e-05
55849103,middle,Relationship Trajectory (Main Couple),"Bonding, Everyday Intimacy & Growth",0.15175843886072857,0.43212687203680994,0.3507280401027397,high,0.9986858855624244,0.0005148967913906066,0.0013141144375756557,0.0004490554722835792,6.584131910711979e-05
55849103,middle,Relationship Trajectory (Main Couple),"Conflict, Distance & Breakup Threats",0.13128446954677397,0.37382795710176503,0.3507280401027397,medium,0.9986858855624244,0.0005148967913906066,0.0013141144375756557,0.0004490554722835792,6.584131910711979e-05
55849103,middle,Relationship Trajectory (Main Couple),"Meeting, First Impressions & Setup",0.0002496776083528877,0.0007109482986588961,0.3507280401027397,high,0.9986858855624244,0.0005148967913906066,0.0013141144375756557,0.0004490554722835792,6.584131910711979e-05
55849103,middle,Relationship Trajectory (Main Couple),"Reconciliation, Commitments & HEA",0.007195275965546069,0.020488297848704776,0.3507280401027397,high,0.9986858855624244,0.0005148967913906066,0.0013141144375756557,0.0004490554722835792,6.584131910711979e-05
55849103,middle,Relationship Trajectory (Main Couple),"Secrets, Misunderstandings & Hidden Information",0.060701681370582614,0.1728459247140613,0.3507280401027397,medium,0.9986858855624244,0.0005148967913906066,0.0013141144375756557,0.0004490554722835792,6.584131910711979e-05
55849103,middle,"Sexuality, Attraction & Intimacy",Attraction & Sexual Tension,0.03453283702170463,0.18737565920652907,0.18405515992870353,high,0.9986858855624244,0.0005148967913906066,0.0013141144375756557,0.0004490554722835792,6.584131910711979e-05
55849103,middle,"Sexuality, Attraction & Intimacy",Explicit Sexual Acts,0.0785788988287675,0.42637020985299473,0.18405515992870353,high,0.9986858855624244,0.0005148967913906066,0.0013141144375756557,0.0004490554722835792,6.584131910711979e-05
55849103,middle,"Sexuality, Attraction & Intimacy",Kissing & Non-Explicit Affection,0.07118561188369575,0.3862541309404761,0.18405515992870353,high,0.9986858855624244,0.0005148967913906066,0.0013141144375756557,0.0004490554722835792,6.584131910711979e-05
55849103,middle,Social World Outside Couple,"Community, Norms & Social Events",0.005517362481312152,0.08229670247885745,0.06695422622836808,high,0.9986858855624244,0.0005148967913906066,0.0013141144375756557,0.0004490554722835792,6.584131910711979e-05
55849103,middle,Social World Outside Couple,Family & Kinship,0.04235033369337199,0.6316954565970235,0.06695422622836808,high,0.9986858855624244,0.0005148967913906066,0.0013141144375756557,0.0004490554722835792,6.584131910711979e-05
55849103,middle,Social World Outside Couple,Friends & Social Circles,0.019174631344205176,0.2860078409241189,0.06695422622836808,high,0.9986858855624244,0.0005148967913906066,0.0013141144375756557,0.0004490554722835792,6.584131910711979e-05
55849103,middle,"Spaces, Time, Activities & Objects",Domestic Spaces & Routines,0.04159345847943126,0.6055730057396843,0.06859420667933618,high,0.9986858855624244,0.0005148967913906066,0.0013141144375756557,0.0004490554722835792,6.584131910711979e-05
55849103,middle,"Spaces, Time, Activities & Objects",Public & Leisure Spaces,0.022927756647912002,0.3338128401851991,0.06859420667933618,high,0.9986858855624244,0.0005148967913906066,0.0013141144375756557,0.0004490554722835792,6.584131910711979e-05
55849103,middle,"Spaces, Time, Activities & Objects","Time, Seasons & Temporal Framing",0.004163250800305599,0.06061415407511652,0.06859420667933618,high,0.9986858855624244,0.0005148967913906066,0.0013141144375756557,0.0004490554722835792,6.584131910711979e-05
55849103,middle,"Work, Wealth, Status & Institutions",Hero's Elite Work & Business World,0.05938787074129406,0.7966582915254212,0.07444826585482603,high,0.9986858855624244,0.0005148967913906066,0.0013141144375756557,0.0004490554722835792,6.584131910711979e-05
55849103,middle,"Work, Wealth, Status & Institutions",Heroine's Work & Professional Identity,0.0050504850367555755,0.0677497059674635,0.07444826585482603,high,0.9986858855624244,0.0005148967913906066,0.0013141144375756557,0.0004490554722835792,6.584131910711979e-05
55849103,middle,"Work, Wealth, Status & Institutions","Law, Medicine, Education & Formal Institutions",0.005040883324831948,0.06762090385145367,0.07444826585482603,high,0.9986858855624244,0.0005148967913906066,0.0013141144375756557,0.0004490554722835792,6.584131910711979e-05
55849103,middle,"Work, Wealth, Status & Institutions","Money, Housing & Economic Security",0.00199973753946603,0.02682546910344985,0.07444826585482603,high,0.9986858855624244,0.0005148967913906066,0.0013141144375756557,0.0004490554722835792,6.584131910711979e-05
55849103,middle,"Work, Wealth, Status & Institutions",Shared Workplaces & Professional Interaction,0.0030672514871301583,0.04114562955221173,0.07444826585482603,high,0.9986858855624244,0.0005148967913906066,0.0013141144375756557,0.0004490554722835792,6.584131910711979e-05
56916467,top,"Conflict, Risk & Harm",Interpersonal Non-Romantic Conflict,0.0027985883900841224,0.12883325256790706,0.021692593587994656,high,0.9986203753568315,0.000799587507559929,0.0013796246431685964,0.0007356822388721501,6.39052686878542e-05
56916467,top,"Conflict, Risk & Harm","Violence, Threats & Coercion",0.018923974180545745,0.8711667474320929,0.021692593587994656,high,0.9986203753568315,0.000799587507559929,0.0013796246431685964,0.0007356822388721501,6.39052686878542e-05
56916467,top,Embodied & Sensory Experience,Body Parts & Physical Reactions,0.006253051695275852,0.37704079208712954,0.016561669087569262,high,0.9986203753568315,0.000799587507559929,0.0013796246431685964,0.0007356822388721501,6.39052686878542e-05
56916467,top,Embodied & Sensory Experience,Exercise & Physical Activity,0.010331497845535765,0.6229592079128706,0.016561669087569262,high,0.9986203753568315,0.000799587507559929,0.0013796246431685964,0.0007356822388721501,6.39052686878542e-05
56916467,top,"Emotions, Cognition & Inner Life",Ambivalence & Internal Conflict,0.009474915405369561,0.051019155656956854,0.18545668693939235,high,0.9986203753568315,0.000799587507559929,0.0013796246431685964,0.0007356822388721501,6.39052686878542e-05
56916467,top,"Emotions, Cognition & Inner Life","Beliefs, Values & Moral Reflection",0.02329758727059789,0.12544948218920896,0.18545668693939235,high,0.9986203753568315,0.000799587507559929,0.0013796246431685964,0.0007356822388721501,6.39052686878542e-05
56916467,top,"Emotions, Cognition & Inner Life",Negative Emotions & Distress,0.10599499765211766,0.5707465505188055,0.18545668693939235,high,0.9986203753568315,0.000799587507559929,0.0013796246431685964,0.0007356822388721501,6.39052686878542e-05
56916467,top,"Emotions, Cognition & Inner Life",Positive Emotions & Security,0.046945400706128355,0.2527848116350286,0.18545668693939235,high,0.9986203753568315,0.000799587507559929,0.0013796246431685964,0.0007356822388721501,6.39052686878542e-05
56916467,top,Relationship Trajectory (Main Couple),"Bonding, Everyday Intimacy & Growth",0.16664371379142215,0.4230292791369464,0.3933860284015319,high,0.9986203753568315,0.000799587507559929,0.0013796246431685964,0.0007356822388721501,6.39052686878542e-05
56916467,top,Relationship Trajectory (Main Couple),"Conflict, Distance & Breakup Threats",0.14274977826448557,0.36237391991736,0.3933860284015319,medium,0.9986203753568315,0.000799587507559929,0.0013796246431685964,0.0007356822388721501,6.39052686878542e-05
56916467,top,Relationship Trajectory (Main Couple),"Meeting, First Impressions & Setup",0.0002703514923534874,0.000686294096079971,0.3933860284015319,high,0.9986203753568315,0.000799587507559929,0.0013796246431685964,0.0007356822388721501,6.39052686878542e-05
56916467,top,Relationship Trajectory (Main Couple),"Reconciliation, Commitments & HEA",0.029024932039539222,0.07368052354530014,0.3933860284015319,high,0.9986203753568315,0.000799587507559929,0.0013796246431685964,0.0007356822388721501,6.39052686878542e-05
56916467,top,Relationship Trajectory (Main Couple),"Secrets, Misunderstandings & Hidden Information",0.05524072766408895,0.14022998330431347,0.3933860284015319,medium,0.9986203753568315,0.000799587507559929,0.0013796246431685964,0.0007356822388721501,6.39052686878542e-05
56916467,top,"Sexuality, Attraction & Intimacy",Attraction & Sexual Tension,0.03143132315089301,0.20053064661143372,0.1565245026298987,high,0.9986203753568315,0.000799587507559929,0.0013796246431685964,0.0007356822388721501,6.39052686878542e-05
56916467,top,"Sexuality, Attraction & Intimacy",Explicit Sexual Acts,0.06532604282276754,0.4167776693627228,0.1565245026298987,high,0.9986203753568315,0.000799587507559929,0.0013796246431685964,0.0007356822388721501,6.39052686878542e-05
56916467,top,"Sexuality, Attraction & Intimacy",Kissing & Non-Explicit Affection,0.05998338005204385,0.3826916840258435,0.1565245026298987,high,0.9986203753568315,0.000799587507559929,0.0013796246431685964,0.0007356822388721501,6.39052686878542e-05
56916467,top,Social World Outside Couple,"Community, Norms & Social Events",0.0036206464427157472,0.04069244822994607,0.08885312796191934,high,0.9986203753568315,0.000799587507559929,0.0013796246431685964,0.0007356822388721501,6.39052686878542e-05
56916467,top,Social World Outside Couple,Family & Kinship,0.04493071226221482,0.5049763106097129,0.08885312796191934,high,0.9986203753568315,0.000799587507559929,0.0013796246431685964,0.0007356822388721501,6.39052686878542e-05
56916467,top,Social World Outside Couple,Friends & Social Circles,0.04042452257545082,0.45433124116034096,0.08885312796191934,high,0.9986203753568315,0.000799587507559929,0.0013796246431685964,0.0007356822388721501,6.39052686878542e-05
56916467,top,"Spaces, Time, Activities & Objects",Domestic Spaces & Routines,0.04084168586257371,0.544034418978549,0.07496830759874643,high,0.9986203753568315,0.000799587507559929,0.0013796246431685964,0.0007356822388721501,6.39052686878542e-05
56916467,top,"Spaces, Time, Activities & Objects",Public & Leisure Spaces,0.03162534091430181,0.4212674772340188,0.07496830759874643,high,0.9986203753568315,0.000799587507559929,0.0013796246431685964,0.0007356822388721501,6.39052686878542e-05
56916467,top,"Spaces, Time, Activities & Objects","Time, Seasons & Temporal Framing",0.0026048518356136595,0.03469810378743218,0.07496830759874643,high,0.9986203753568315,0.000799587507559929,0.0013796246431685964,0.0007356822388721501,6.39052686878542e-05
56916467,top,"Work, Wealth, Status & Institutions",Hero's Elite Work & Business World,0.04758855775412849,0.7776164269481636,0.061113553881090986,high,0.9986203753568315,0.000799587507559929,0.0013796246431685964,0.0007356822388721501,6.39052686878542e-05
56916467,top,"Work, Wealth, Status & Institutions",Heroine's Work & Professional Identity,0.00510239823571662,0.08337526649629043,0.061113553881090986,high,0.9986203753568315,0.000799587507559929,0.0013796246431685964,0.0007356822388721501,6.39052686878542e-05
56916467,top,"Work, Wealth, Status & Institutions","Law, Medicine, Education & Formal Institutions",0.0032136910796641883,0.05251302188217403,0.061113553881090986,high,0.9986203753568315,0.000799587507559929,0.0013796246431685964,0.0007356822388721501,6.39052686878542e-05
56916467,top,"Work, Wealth, Status & Institutions","Money, Housing & Economic Security",0.0017833654897878187,0.029140918858612756,0.061113553881090986,high,0.9986203753568315,0.000799587507559929,0.0013796246431685964,0.0007356822388721501,6.39052686878542e-05
56916467,top,"Work, Wealth, Status & Institutions",Shared Workplaces & Professional Interaction,0.003509971568809243,0.05735436581475926,0.061113553881090986,high,0.9986203753568315,0.000799587507559929,0.0013796246431685964,0.0007356822388721501,6.39052686878542e-05
57200226,top,"Conflict, Risk & Harm",Interpersonal Non-Romantic Conflict,0.0035087854946387366,0.16912335993387653,0.020720645776966227,high,0.9987345305532916,0.0008918390697091327,0.0012654694467083632,0.0005984039223709761,0.00029343514733817984
57200226,top,"Conflict, Risk & Harm","Violence, Threats & Coercion",0.017238114850828583,0.8308766400661235,0.020720645776966227,high,0.9987345305532916,0.0008918390697091327,0.0012654694467083632,0.0005984039223709761,0.00029343514733817984
57200226,top,Embodied & Sensory Experience,Body Parts & Physical Reactions,0.00830788225471975,0.40274979594359606,0.020601795375512925,high,0.9987345305532916,0.0008918390697091327,0.0012654694467083632,0.0005984039223709761,0.00029343514733817984
57200226,top,Embodied & Sensory Experience,Exercise & Physical Activity,0.01232001709717277,0.5972502040564039,0.020601795375512925,high,0.9987345305532916,0.0008918390697091327,0.0012654694467083632,0.0005984039223709761,0.00029343514733817984
57200226,top,"Emotions, Cognition & Inner Life",Ambivalence & Internal Conflict,0.010146719781208164,0.05681711748223482,0.17835961883334409,high,0.9987345305532916,0.0008918390697091327,0.0012654694467083632,0.0005984039223709761,0.00029343514733817984
57200226,top,"Emotions, Cognition & Inner Life","Beliefs, Values & Moral Reflection",0.02167940565381226,0.12139502859425688,0.17835961883334409,high,0.9987345305532916,0.0008918390697091327,0.0012654694467083632,0.0005984039223709761,0.00029343514733817984
57200226,top,"Emotions, Cognition & Inner Life",Negative Emotions & Distress,0.10367411471964745,0.5805289278612094,0.17835961883334409,high,0.9987345305532916,0.0008918390697091327,0.0012654694467083632,0.0005984039223709761,0.00029343514733817984
57200226,top,"Emotions, Cognition & Inner Life",Positive Emotions & Security,0.04308537331614519,0.24125892606229896,0.17835961883334409,high,0.9987345305532916,0.0008918390697091327,0.0012654694467083632,0.0005984039223709761,0.00029343514733817984
57200226,top,Relationship Trajectory (Main Couple),"Bonding, Everyday Intimacy & Growth",0.19589814879559622,0.508493936977712,0.3847641661894669,high,0.9987345305532916,0.0008918390697091327,0.0012654694467083632,0.0005984039223709761,0.00029343514733817984
57200226,top,Relationship Trajectory (Main Couple),"Conflict, Distance & Breakup Threats",0.12514219363834714,0.32483230248177214,0.3847641661894669,medium,0.9987345305532916,0.0008918390697091327,0.0012654694467083632,0.0005984039223709761,0.00029343514733817984
57200226,top,Relationship Trajectory (Main Couple),"Meeting, First Impressions & Setup",0.0004423767883985293,0.0011482799410985612,0.3847641661894669,high,0.9987345305532916,0.0008918390697091327,0.0012654694467083632,0.0005984039223709761,0.00029343514733817984
57200226,top,Relationship Trajectory (Main Couple),"Reconciliation, Commitments & HEA",0.006709411643521396,0.0174156578936237,0.3847641661894669,high,0.9987345305532916,0.0008918390697091327,0.0012654694467083632,0.0005984039223709761,0.00029343514733817984
57200226,top,Relationship Trajectory (Main Couple),"Secrets, Misunderstandings & Hidden Information",0.057059559567139324,0.14810982270579368,0.3847641661894669,medium,0.9987345305532916,0.0008918390697091327,0.0012654694467083632,0.0005984039223709761,0.00029343514733817984
57200226,top,"Sexuality, Attraction & Intimacy",Attraction & Sexual Tension,0.03482440133480455,0.18686556460685882,0.18612488711919076,high,0.9987345305532916,0.0008918390697091327,0.0012654694467083632,0.0005984039223709761,0.00029343514733817984
57200226,top,"Sexuality, Attraction & Intimacy",Explicit Sexual Acts,0.06854684572177788,0.36781809699101775,0.18612488711919076,high,0.9987345305532916,0.0008918390697091327,0.0012654694467083632,0.0005984039223709761,0.00029343514733817984
57200226,top,"Sexuality, Attraction & Intimacy",Kissing & Non-Explicit Affection,0.08298947386099607,0.4453163384021235,0.18612488711919076,high,0.9987345305532916,0.0008918390697091327,0.0012654694467083632,0.0005984039223709761,0.00029343514733817984
57200226,top,Social World Outside Couple,"Community, Norms & Social Events",0.006142166732534345,0.09654604012355995,0.06353853560795364,high,0.9987345305532916,0.0008918390697091327,0.0012654694467083632,0.0005984039223709761,0.00029343514733817984
57200226,top,Social World Outside Couple,Family & Kinship,0.034960232662637515,0.5495246502341865,0.06353853560795364,high,0.9987345305532916,0.0008918390697091327,0.0012654694467083632,0.0005984039223709761,0.00029343514733817984
57200226,top,Social World Outside Couple,Friends & Social Circles,0.022516644168640586,0.35392930964225344,0.06353853560795364,high,0.9987345305532916,0.0008918390697091327,0.0012654694467083632,0.0005984039223709761,0.00029343514733817984
57200226,top,"Spaces, Time, Activities & Objects",Domestic Spaces & Routines,0.05347534806323538,0.6606167195479423,0.08084517854869908,high,0.9987345305532916,0.0008918390697091327,0.0012654694467083632,0.0005984039223709761,0.00029343514733817984
57200226,top,"Spaces, Time, Activities & Objects",Public & Leisure Spaces,0.02475624501773162,0.30583044270417187,0.08084517854869908,high,0.9987345305532916,0.0008918390697091327,0.0012654694467083632,0.0005984039223709761,0.00029343514733817984
57200226,top,"Spaces, Time, Activities & Objects","Time, Seasons & Temporal Framing",0.0027160222016561343,0.03355283774788579,0.08084517854869908,high,0.9987345305532916,0.0008918390697091327,0.0012654694467083632,0.0005984039223709761,0.00029343514733817984
57200226,top,"Work, Wealth, Status & Institutions",Hero's Elite Work & Business World,0.04358099486159499,0.6855946308753854,0.06348626795481979,high,0.9987345305532916,0.0008918390697091327,0.0012654694467083632,0.0005984039223709761,0.00029343514733817984
57200226,top,"Work, Wealth, Status & Institutions",Heroine's Work & Professional Identity,0.006445897556558517,0.10140366850238415,0.06348626795481979,high,0.9987345305532916,0.0008918390697091327,0.0012654694467083632,0.0005984039223709761,0.00029343514733817984
57200226,top,"Work, Wealth, Status & Institutions","Law, Medicine, Education & Formal Institutions",0.0037170350033795528,0.05847455408455137,0.06348626795481979,high,0.9987345305532916,0.0008918390697091327,0.0012654694467083632,0.0005984039223709761,0.00029343514733817984
57200226,top,"Work, Wealth, Status & Institutions","Money, Housing & Economic Security",0.0023311771301205747,0.036672924266778956,0.06348626795481979,high,0.9987345305532916,0.0008918390697091327,0.0012654694467083632,0.0005984039223709761,0.00029343514733817984
57200226,top,"Work, Wealth, Status & Institutions",Shared Workplaces & Professional Interaction,0.007491605132098737,0.11785422227090023,0.06348626795481979,high,0.9987345305532916,0.0008918390697091327,0.0012654694467083632,0.0005984039223709761,0.00029343514733817984
57216633,top,"Conflict, Risk & Harm",Interpersonal Non-Romantic Conflict,0.005108381427854385,0.24409122454282248,0.020883876083949253,high,0.9978837638740714,0.0013588086848180803,0.0021162361259286213,0.00130492925051409,5.3879434304003605e-05
57216633,top,"Conflict, Risk & Harm","Violence, Threats & Coercion",0.015819783594965556,0.7559087754571776,0.020883876083949253,high,0.9978837638740714,0.0013588086848180803,0.0021162361259286213,0.00130492925051409,5.3879434304003605e-05
57216633,top,Embodied & Sensory Experience,Body Parts & Physical Reactions,0.010683033608686688,0.5024300146807223,0.021217732769814365,high,0.9978837638740714,0.0013588086848180803,0.0021162361259286213,0.00130492925051409,5.3879434304003605e-05
57216633,top,Embodied & Sensory Experience,Exercise & Physical Activity,0.010579696117910958,0.4975699853192776,0.021217732769814365,high,0.9978837638740714,0.0013588086848180803,0.0021162361259286213,0.00130492925051409,5.3879434304003605e-05
57216633,top,"Emotions, Cognition & Inner Life",Ambivalence & Internal Conflict,0.007274237630159136,0.039793808469358455,0.18241138269756138,high,0.9978837638740714,0.0013588086848180803,0.0021162361259286213,0.00130492925051409,5.3879434304003605e-05
57216633,top,"Emotions, Cognition & Inner Life","Beliefs, Values & Moral Reflection",0.026363044695254773,0.14421936766577068,0.18241138269756138,high,0.9978837638740714,0.0013588086848180803,0.0021162361259286213,0.00130492925051409,5.3879434304003605e-05
57216633,top,"Emotions, Cognition & Inner Life",Negative Emotions & Distress,0.1018594988717831,0.5572236700218846,0.18241138269756138,high,0.9978837638740714,0.0013588086848180803,0.0021162361259286213,0.00130492925051409,5.3879434304003605e-05
57216633,top,"Emotions, Cognition & Inner Life",Positive Emotions & Security,0.0473014457119051,0.25876315384298626,0.18241138269756138,high,0.9978837638740714,0.0013588086848180803,0.0021162361259286213,0.00130492925051409,5.3879434304003605e-05
57216633,top,Relationship Trajectory (Main Couple),"Bonding, Everyday Intimacy & Growth",0.15441781970438923,0.42528058442045436,0.3623279330887612,high,0.9978837638740714,0.0013588086848180803,0.0021162361259286213,0.00130492925051409,5.3879434304003605e-05
57216633,top,Relationship Trajectory (Main Couple),"Conflict, Distance & Breakup Threats",0.15140686476387036,0.41698814330699446,0.3623279330887612,medium,0.9978837638740714,0.0013588086848180803,0.0021162361259286213,0.00130492925051409,5.3879434304003605e-05
57216633,top,Relationship Trajectory (Main Couple),"Meeting, First Impressions & Setup",0.00023944819138877293,0.0006594618870230276,0.3623279330887612,high,0.9978837638740714,0.0013588086848180803,0.0021162361259286213,0.00130492925051409,5.3879434304003605e-05
57216633,top,Relationship Trajectory (Main Couple),"Reconciliation, Commitments & HEA",0.007056642101841268,0.01943462796497272,0.3623279330887612,high,0.9978837638740714,0.0013588086848180803,0.0021162361259286213,0.00130492925051409,5.3879434304003605e-05
57216633,top,Relationship Trajectory (Main Couple),"Secrets, Misunderstandings & Hidden Information",0.049975555899408323,0.13763718242055545,0.3623279330887612,medium,0.9978837638740714,0.0013588086848180803,0.0021162361259286213,0.00130492925051409,5.3879434304003605e-05
57216633,top,"Sexuality, Attraction & Intimacy",Attraction & Sexual Tension,0.03311425563501772,0.17607745563706395,0.18766842087422764,high,0.9978837638740714,0.0013588086848180803,0.0021162361259286213,0.00130492925051409,5.3879434304003605e-05
57216633,top,"Sexuality, Attraction & Intimacy",Explicit Sexual Acts,0.09581676492727671,0.5094836605032605,0.18766842087422764,high,0.9978837638740714,0.0013588086848180803,0.0021162361259286213,0.00130492925051409,5.3879434304003605e-05
57216633,top,"Sexuality, Attraction & Intimacy",Kissing & Non-Explicit Affection,0.05913539325091857,0.3144388838596756,0.18766842087422764,high,0.9978837638740714,0.0013588086848180803,0.0021162361259286213,0.00130492925051409,5.3879434304003605e-05
57216633,top,Social World Outside Couple,"Community, Norms & Social Events",0.005481514937022126,0.07264622318213372,0.07529523927725439,high,0.9978837638740714,0.0013588086848180803,0.0021162361259286213,0.00130492925051409,5.3879434304003605e-05
57216633,top,Social World Outside Couple,Family & Kinship,0.049533224060141615,0.6564611592499905,0.07529523927725439,high,0.9978837638740714,0.0013588086848180803,0.0021162361259286213,0.00130492925051409,5.3879434304003605e-05
57216633,top,Social World Outside Couple,Friends & Social Circles,0.020440180707047735,0.2708926175678758,0.07529523927725439,high,0.9978837638740714,0.0013588086848180803,0.0021162361259286213,0.00130492925051409,5.3879434304003605e-05
57216633,top,"Spaces, Time, Activities & Objects",Domestic Spaces & Routines,0.04573328246186182,0.5688117645656326,0.08023128718550429,high,0.9978837638740714,0.0013588086848180803,0.0021162361259286213,0.00130492925051409,5.3879434304003605e-05
57216633,top,"Spaces, Time, Activities & Objects",Public & Leisure Spaces,0.03199462321774088,0.39793596937355863,0.08023128718550429,high,0.9978837638740714,0.0013588086848180803,0.0021162361259286213,0.00130492925051409,5.3879434304003605e-05
57216633,top,"Spaces, Time, Activities & Objects","Time, Seasons & Temporal Framing",0.0026735299285120086,0.0332522660608087,0.08023128718550429,high,0.9978837638740714,0.0013588086848180803,0.0021162361259286213,0.00130492925051409,5.3879434304003605e-05
57216633,top,"Work, Wealth, Status & Institutions",Hero's Elite Work & Business World,0.05300843659820656,0.7802497050724914,0.06779401246269483,high,0.9978837638740714,0.0013588086848180803,0.0021162361259286213,0.00130492925051409,5.3879434304003605e-05
57216633,top,"Work, Wealth, Status & Institutions",Heroine's Work & Professional Identity,0.005012082519465355,0.07377459435851655,0.06779401246269483,high,0.9978837638740714,0.0013588086848180803,0.0021162361259286213,0.00130492925051409,5.3879434304003605e-05
57216633,top,"Work, Wealth, Status & Institutions","Law, Medicine, Education & Formal Institutions",0.003878307130215895,0.057086158142492224,0.06779401246269483,high,0.9978837638740714,0.0013588086848180803,0.0021162361259286213,0.00130492925051409,5.3879434304003605e-05
57216633,top,"Work, Wealth, Status & Institutions","Money, Housing & Economic Security",0.002157462171888206,0.03175643975468204,0.06779401246269483,high,0.9978837638740714,0.0013588086848180803,0.0021162361259286213,0.00130492925051409,5.3879434304003605e-05
57216633,top,"Work, Wealth, Status & Institutions",Shared Workplaces & Professional Interaction,0.003881496437549447,0.05713310267181784,0.06779401246269483,high,0.9978837638740714,0.0013588086848180803,0.0021162361259286213,0.00130492925051409,5.3879434304003605e-05
58013278,trash,"Conflict, Risk & Harm",Interpersonal Non-Romantic Conflict,0.0022786628007759203,0.15729131078097508,0.014477235964895462,high,0.9993332144749449,0.00041809603510911675,0.0006667855250549849,0.0003631925508580413,5.490348425106038e-05
58013278,trash,"Conflict, Risk & Harm","Violence, Threats & Coercion",0.012208232816420072,0.842708689219025,0.014477235964895462,high,0.9993332144749449,0.00041809603510911675,0.0006667855250549849,0.0003631925508580413,5.490348425106038e-05
58013278,trash,Embodied & Sensory Experience,Body Parts & Physical Reactions,0.015297976636038886,0.4401732721988661,0.034731268644018154,high,0.9993332144749449,0.00041809603510911675,0.0006667855250549849,0.0003631925508580413,5.490348425106038e-05
58013278,trash,Embodied & Sensory Experience,Exercise & Physical Activity,0.019456465767105042,0.5598267278011338,0.034731268644018154,high,0.9993332144749449,0.00041809603510911675,0.0006667855250549849,0.0003631925508580413,5.490348425106038e-05
58013278,trash,"Emotions, Cognition & Inner Life",Ambivalence & Internal Conflict,0.013540913052629798,0.0849063551737293,0.1593742204587902,high,0.9993332144749449,0.00041809603510911675,0.0006667855250549849,0.0003631925508580413,5.490348425106038e-05
58013278,trash,"Emotions, Cognition & Inner Life","Beliefs, Values & Moral Reflection",0.01950176158804911,0.12228300185316596,0.1593742204587902,high,0.9993332144749449,0.00041809603510911675,0.0006667855250549849,0.0003631925508580413,5.490348425106038e-05
58013278,trash,"Emotions, Cognition & Inner Life",Negative Emotions & Distress,0.09249525865605293,0.5799782668135192,0.1593742204587902,high,0.9993332144749449,0.00041809603510911675,0.0006667855250549849,0.0003631925508580413,5.490348425106038e-05
58013278,trash,"Emotions, Cognition & Inner Life",Positive Emotions & Security,0.0339426264908524,0.2128323761595855,0.1593742204587902,high,0.9993332144749449,0.00041809603510911675,0.0006667855250549849,0.0003631925508580413,5.490348425106038e-05
58013278,trash,Relationship Trajectory (Main Couple),"Bonding, Everyday Intimacy & Growth",0.14578498552676106,0.4877055243379435,0.2987207873160992,high,0.9993332144749449,0.00041809603510911675,0.0006667855250549849,0.0003631925508580413,5.490348425106038e-05
58013278,trash,Relationship Trajectory (Main Couple),"Conflict, Distance & Breakup Threats",0.10175690256289158,0.3404150526209724,0.2987207873160992,medium,0.9993332144749449,0.00041809603510911675,0.0006667855250549849,0.0003631925508580413,5.490348425106038e-05
58013278,trash,Relationship Trajectory (Main Couple),"Meeting, First Impressions & Setup",0.0001961689722499126,0.0006562588810108769,0.2987207873160992,high,0.9993332144749449,0.00041809603510911675,0.0006667855250549849,0.0003631925508580413,5.490348425106038e-05
58013278,trash,Relationship Trajectory (Main Couple),"Reconciliation, Commitments & HEA",0.005382136931755403,0.018005269231779284,0.2987207873160992,high,0.9993332144749449,0.00041809603510911675,0.0006667855250549849,0.0003631925508580413,5.490348425106038e-05
58013278,trash,Relationship Trajectory (Main Couple),"Secrets, Misunderstandings & Hidden Information",0.04579990892021218,0.153217894928294,0.2987207873160992,medium,0.9993332144749449,0.00041809603510911675,0.0006667855250549849,0.0003631925508580413,5.490348425106038e-05
58013278,trash,"Sexuality, Attraction & Intimacy",Attraction & Sexual Tension,0.04905543448686864,0.20464540211178478,0.2395496039849921,high,0.9993332144749449,0.00041809603510911675,0.0006667855250549849,0.0003631925508580413,5.490348425106038e-05
58013278,trash,"Sexuality, Attraction & Intimacy",Explicit Sexual Acts,0.0962992540479652,0.4017332589926619,0.2395496039849921,high,0.9993332144749449,0.00041809603510911675,0.0006667855250549849,0.0003631925508580413,5.490348425106038e-05
58013278,trash,"Sexuality, Attraction & Intimacy",Kissing & Non-Explicit Affection,0.09435475023414848,0.39362133889555334,0.2395496039849921,high,0.9993332144749449,0.00041809603510911675,0.0006667855250549849,0.0003631925508580413,5.490348425106038e-05
58013278,trash,Social World Outside Couple,"Community, Norms & Social Events",0.003948734187053,0.06061535935043546,0.06510068191530789,high,0.9993332144749449,0.00041809603510911675,0.0006667855250549849,0.0003631925508580413,5.490348425106038e-05
58013278,trash,Social World Outside Couple,Family & Kinship,0.03503264366043134,0.5377713930290183,0.06510068191530789,high,0.9993332144749449,0.00041809603510911675,0.0006667855250549849,0.0003631925508580413,5.490348425106038e-05
58013278,trash,Social World Outside Couple,Friends & Social Circles,0.02616274122346252,0.40161324762054607,0.06510068191530789,high,0.9993332144749449,0.00041809603510911675,0.0006667855250549849,0.0003631925508580413,5.490348425106038e-05
58013278,trash,"Spaces, Time, Activities & Objects",Domestic Spaces & Routines,0.07378317954937422,0.6633562778027392,0.11115291203316881,high,0.9993332144749449,0.00041809603510911675,0.0006667855250549849,0.0003631925508580413,5.490348425106038e-05
58013278,trash,"Spaces, Time, Activities & Objects",Public & Leisure Spaces,0.03479949463663847,0.31286891365435426,0.11115291203316881,high,0.9993332144749449,0.00041809603510911675,0.0006667855250549849,0.0003631925508580413,5.490348425106038e-05
58013278,trash,"Spaces, Time, Activities & Objects","Time, Seasons & Temporal Framing",0.00264440245185243,0.023774808542906485,0.11115291203316881,high,0.9993332144749449,0.00041809603510911675,0.0006667855250549849,0.0003631925508580413,5.490348425106038e-05
58013278,trash,"Work, Wealth, Status & Institutions",Hero's Elite Work & Business World,0.05109104598251541,0.6702889103183725,0.07617160067342216,high,0.9993332144749449,0.00041809603510911675,0.0006667855250549849,0.0003631925508580413,5.490348425106038e-05
58013278,trash,"Work, Wealth, Status & Institutions",Heroine's Work & Professional Identity,0.013987048051185771,0.1835030584421486,0.07617160067342216,high,0.9993332144749449,0.00041809603510911675,0.0006667855250549849,0.0003631925508580413,5.490348425106038e-05
58013278,trash,"Work, Wealth, Status & Institutions","Law, Medicine, Education & Formal Institutions",0.0021141798325692985,0.02773697952230072,0.07617160067342216,high,0.9993332144749449,0.00041809603510911675,0.0006667855250549849,0.0003631925508580413,5.490348425106038e-05
58013278,trash,"Work, Wealth, Status & Institutions","Money, Housing & Economic Security",0.001266420045884619,0.016614796120084277,0.07617160067342216,high,0.9993332144749449,0.00041809603510911675,0.0006667855250549849,0.0003631925508580413,5.490348425106038e-05
58013278,trash,"Work, Wealth, Status & Institutions",Shared Workplaces & Professional Interaction,0.007763730770730203,0.10185625559709388,0.07617160067342216,high,0.9993332144749449,0.00041809603510911675,0.0006667855250549849,0.0003631925508580413,5.490348425106038e-05
58995736,middle,"Conflict, Risk & Harm",Interpersonal Non-Romantic Conflict,0.0032871879780326293,0.14623361611572408,0.0224441616681866,high,0.9984494173616346,0.000746551507752713,0.001550582638365511,0.000658629471259824,8.792203649281565e-05
58995736,middle,"Conflict, Risk & Harm","Violence, Threats & Coercion",0.01919182926401701,0.853766383884276,0.0224441616681866,high,0.9984494173616346,0.000746551507752713,0.001550582638365511,0.000658629471259824,8.792203649281565e-05
58995736,middle,Embodied & Sensory Experience,Body Parts & Physical Reactions,0.006845186031313542,0.38075295820206717,0.017950148140595326,high,0.9984494173616346,0.000746551507752713,0.001550582638365511,0.000658629471259824,8.792203649281565e-05
58995736,middle,Embodied & Sensory Experience,Exercise & Physical Activity,0.0111328385220263,0.6192470417979329,0.017950148140595326,high,0.9984494173616346,0.000746551507752713,0.001550582638365511,0.000658629471259824,8.792203649281565e-05
58995736,middle,"Emotions, Cognition & Inner Life",Ambivalence & Internal Conflict,0.009516953274207287,0.05242579901613761,0.18125038874019297,high,0.9984494173616346,0.000746551507752713,0.001550582638365511,0.000658629471259824,8.792203649281565e-05
58995736,middle,"Emotions, Cognition & Inner Life","Beliefs, Values & Moral Reflection",0.02332178636597831,0.12847213278158273,0.18125038874019297,high,0.9984494173616346,0.000746551507752713,0.001550582638365511,0.000658629471259824,8.792203649281565e-05
58995736,middle,"Emotions, Cognition & Inner Life",Negative Emotions & Distress,0.10114492020649722,0.557174455465715,0.18125038874019297,high,0.9984494173616346,0.000746551507752713,0.001550582638365511,0.000658629471259824,8.792203649281565e-05
58995736,middle,"Emotions, Cognition & Inner Life",Positive Emotions & Security,0.047548209057743374,0.2619276127365647,0.18125038874019297,high,0.9984494173616346,0.000746551507752713,0.001550582638365511,0.000658629471259824,8.792203649281565e-05
58995736,middle,Relationship Trajectory (Main Couple),"Bonding, Everyday Intimacy & Growth",0.1546990139675075,0.3929252450219606,0.39310057655787556,high,0.9984494173616346,0.000746551507752713,0.001550582638365511,0.000658629471259824,8.792203649281565e-05
58995736,middle,Relationship Trajectory (Main Couple),"Conflict, Distance & Breakup Threats",0.1420107136888239,0.36069780304898774,0.39310057655787556,medium,0.9984494173616346,0.000746551507752713,0.001550582638365511,0.000658629471259824,8.792203649281565e-05
58995736,middle,Relationship Trajectory (Main Couple),"Meeting, First Impressions & Setup",0.031094291537219744,0.07897744017691359,0.39310057655787556,high,0.9984494173616346,0.000746551507752713,0.001550582638365511,0.000658629471259824,8.792203649281565e-05
58995736,middle,Relationship Trajectory (Main Couple),"Reconciliation, Commitments & HEA",0.009874364716056936,0.02508023209706943,0.39310057655787556,high,0.9984494173616346,0.000746551507752713,0.001550582638365511,0.000658629471259824,8.792203649281565e-05
58995736,middle,Relationship Trajectory (Main Couple),"Secrets, Misunderstandings & Hidden Information",0.0560326741794729,0.1423192796550687,0.39310057655787556,medium,0.9984494173616346,0.000746551507752713,0.001550582638365511,0.000658629471259824,8.792203649281565e-05
58995736,middle,"Sexuality, Attraction & Intimacy",Attraction & Sexual Tension,0.03180013483300094,0.19135888384527147,0.1659229269005573,high,0.9984494173616346,0.000746551507752713,0.001550582638365511,0.000658629471259824,8.792203649281565e-05
58995736,middle,"Sexuality, Attraction & Intimacy",Explicit Sexual Acts,0.08146530498998657,0.49022150116233726,0.1659229269005573,high,0.9984494173616346,0.000746551507752713,0.001550582638365511,0.000658629471259824,8.792203649281565e-05
58995736,middle,"Sexuality, Attraction & Intimacy",Kissing & Non-Explicit Affection,0.052915163836437164,0.3184196149923912,0.1659229269005573,high,0.9984494173616346,0.000746551507752713,0.001550582638365511,0.000658629471259824,8.792203649281565e-05
58995736,middle,Social World Outside Couple,"Community, Norms & Social Events",0.0032355893919046837,0.039179618163535664,0.08245543204847769,high,0.9984494173616346,0.000746551507752713,0.001550582638365511,0.000658629471259824,8.792203649281565e-05
58995736,middle,Social World Outside Couple,Family & Kinship,0.05174439432870483,0.6265707314328461,0.08245543204847769,high,0.9984494173616346,0.000746551507752713,0.001550582638365511,0.000658629471259824,8.792203649281565e-05
58995736,middle,Social World Outside Couple,Friends & Social Circles,0.027603500845251712,0.33424965040361815,0.08245543204847769,high,0.9984494173616346,0.000746551507752713,0.001550582638365511,0.000658629471259824,8.792203649281565e-05
58995736,middle,"Spaces, Time, Activities & Objects",Domestic Spaces & Routines,0.04063283286104751,0.582857668951726,0.06960503474000904,high,0.9984494173616346,0.000746551507752713,0.001550582638365511,0.000658629471259824,8.792203649281565e-05
58995736,middle,"Spaces, Time, Activities & Objects",Public & Leisure Spaces,0.026773189972408278,0.3840480222258694,0.06960503474000904,high,0.9984494173616346,0.000746551507752713,0.001550582638365511,0.000658629471259824,8.792203649281565e-05
58995736,middle,"Spaces, Time, Activities & Objects","Time, Seasons & Temporal Framing",0.002307107876698507,0.03309430882240463,0.06960503474000904,high,0.9984494173616346,0.000746551507752713,0.001550582638365511,0.000658629471259824,8.792203649281565e-05
58995736,middle,"Work, Wealth, Status & Institutions",Hero's Elite Work & Business World,0.051976068169377235,0.7906938909196239,0.06563282652924735,high,0.9984494173616346,0.000746551507752713,0.001550582638365511,0.000658629471259824,8.792203649281565e-05
58995736,middle,"Work, Wealth, Status & Institutions",Heroine's Work & Professional Identity,0.004776772491449128,0.07266738251522868,0.06563282652924735,high,0.9984494173616346,0.000746551507752713,0.001550582638365511,0.000658629471259824,8.792203649281565e-05
58995736,middle,"Work, Wealth, Status & Institutions","Law, Medicine, Education & Formal Institutions",0.003751613584911125,0.05707199576954532,0.06563282652924735,high,0.9984494173616346,0.000746551507752713,0.001550582638365511,0.000658629471259824,8.792203649281565e-05
58995736,middle,"Work, Wealth, Status & Institutions","Money, Housing & Economic Security",0.001413715000942333,0.021506355792512935,0.06563282652924735,high,0.9984494173616346,0.000746551507752713,0.001550582638365511,0.000658629471259824,8.792203649281565e-05
58995736,middle,"Work, Wealth, Status & Institutions",Shared Workplaces & Professional Interaction,0.003816584450387411,0.058060375003088936,0.06563282652924735,high,0.9984494173616346,0.000746551507752713,0.001550582638365511,0.000658629471259824,8.792203649281565e-05
60217302,top,"Conflict, Risk & Harm",Interpersonal Non-Romantic Conflict,0.0028894563660770054,0.11462416672008674,0.025170200531184406,high,0.9984969130998145,0.0010581977811755516,0.0015030869001856559,0.0008638801670845413,0.00019431761409088245
60217302,top,"Conflict, Risk & Harm","Violence, Threats & Coercion",0.022318634115689236,0.8853758332799133,0.025170200531184406,high,0.9984969130998145,0.0010581977811755516,0.0015030869001856559,0.0008638801670845413,0.00019431761409088245
60217302,top,Embodied & Sensory Experience,Body Parts & Physical Reactions,0.00771988403045172,0.4015728070737569,0.019195224970695826,high,0.9984969130998145,0.0010581977811755516,0.0015030869001856559,0.0008638801670845413,0.00019431761409088245
60217302,top,Embodied & Sensory Experience,Exercise & Physical Activity,0.011504236463926794,0.598427192926243,0.019195224970695826,high,0.9984969130998145,0.0010581977811755516,0.0015030869001856559,0.0008638801670845413,0.00019431761409088245
60217302,top,"Emotions, Cognition & Inner Life",Ambivalence & Internal Conflict,0.009246883836744603,0.04380269021536896,0.2107857969769742,high,0.9984969130998145,0.0010581977811755516,0.0015030869001856559,0.0008638801670845413,0.00019431761409088245
60217302,top,"Emotions, Cognition & Inner Life","Beliefs, Values & Moral Reflection",0.03161002688662145,0.14973738611402496,0.2107857969769742,high,0.9984969130998145,0.0010581977811755516,0.0015030869001856559,0.0008638801670845413,0.00019431761409088245
60217302,top,"Emotions, Cognition & Inner Life",Negative Emotions & Distress,0.11198457889444194,0.5304733902592947,0.2107857969769742,high,0.9984969130998145,0.0010581977811755516,0.0015030869001856559,0.0008638801670845413,0.00019431761409088245
60217302,top,"Emotions, Cognition & Inner Life",Positive Emotions & Security,0.05826161366830407,0.2759865334113113,0.2107857969769742,high,0.9984969130998145,0.0010581977811755516,0.0015030869001856559,0.0008638801670845413,0.00019431761409088245
60217302,top,Relationship Trajectory (Main Couple),"Bonding, Everyday Intimacy & Growth",0.1462244444094048,0.3904062915236463,0.37398131006729135,high,0.9984969130998145,0.0010581977811755516,0.0015030869001856559,0.0008638801670845413,0.00019431761409088245
60217302,top,Relationship Trajectory (Main Couple),"Conflict, Distance & Breakup Threats",0.12375240466895775,0.3304079394459573,0.37398131006729135,medium,0.9984969130998145,0.0010581977811755516,0.0015030869001856559,0.0008638801670845413,0.00019431761409088245
60217302,top,Relationship Trajectory (Main Couple),"Meeting, First Impressions & Setup",0.00020883407544750157,0.0005575684508053746,0.37398131006729135,high,0.9984969130998145,0.0010581977811755516,0.0015030869001856559,0.0008638801670845413,0.00019431761409088245
60217302,top,Relationship Trajectory (Main Couple),"Reconciliation, Commitments & HEA",0.008529248483099926,0.022772336617314298,0.37398131006729135,high,0.9984969130998145,0.0010581977811755516,0.0015030869001856559,0.0008638801670845413,0.00019431761409088245
60217302,top,Relationship Trajectory (Main Couple),"Secrets, Misunderstandings & Hidden Information",0.0958293510352052,0.25585586396227666,0.37398131006729135,medium,0.9984969130998145,0.0010581977811755516,0.0015030869001856559,0.0008638801670845413,0.00019431761409088245
60217302,top,"Sexuality, Attraction & Intimacy",Attraction & Sexual Tension,0.028968513240477906,0.18975386815161818,0.1524341576246367,high,0.9984969130998145,0.0010581977811755516,0.0015030869001856559,0.0008638801670845413,0.00019431761409088245
60217302,top,"Sexuality, Attraction & Intimacy",Explicit Sexual Acts,0.06815713464129071,0.4464530103065173,0.1524341576246367,high,0.9984969130998145,0.0010581977811755516,0.0015030869001856559,0.0008638801670845413,0.00019431761409088245
60217302,top,"Sexuality, Attraction & Intimacy",Kissing & Non-Explicit Affection,0.05553797643671601,0.3637931215418644,0.1524341576246367,high,0.9984969130998145,0.0010581977811755516,0.0015030869001856559,0.0008638801670845413,0.00019431761409088245
60217302,top,Social World Outside Couple,"Community, Norms & Social Events",0.004612104460072986,0.06341544614034153,0.07261909119247208,high,0.9984969130998145,0.0010581977811755516,0.0015030869001856559,0.0008638801670845413,0.00019431761409088245
60217302,top,Social World Outside Couple,Family & Kinship,0.043611774089538216,0.5996525305968649,0.07261909119247208,high,0.9984969130998145,0.0010581977811755516,0.0015030869001856559,0.0008638801670845413,0.00019431761409088245
60217302,top,Social World Outside Couple,Friends & Social Circles,0.024504529760663394,0.33693202326279365,0.07261909119247208,high,0.9984969130998145,0.0010581977811755516,0.0015030869001856559,0.0008638801670845413,0.00019431761409088245
60217302,top,"Spaces, Time, Activities & Objects",Domestic Spaces & Routines,0.044791681682137825,0.6038374549644645,0.07406687929750254,high,0.9984969130998145,0.0010581977811755516,0.0015030869001856559,0.0008638801670845413,0.00019431761409088245
60217302,top,"Spaces, Time, Activities & Objects",Public & Leisure Spaces,0.026975300020041896,0.3636544978729975,0.07406687929750254,high,0.9984969130998145,0.0010581977811755516,0.0015030869001856559,0.0008638801670845413,0.00019431761409088245
60217302,top,"Spaces, Time, Activities & Objects","Time, Seasons & Temporal Framing",0.002411394140328724,0.03250804716253787,0.07406687929750254,high,0.9984969130998145,0.0010581977811755516,0.0015030869001856559,0.0008638801670845413,0.00019431761409088245
60217302,top,"Work, Wealth, Status & Institutions",Hero's Elite Work & Business World,0.05175356238846083,0.7376990773213254,0.07004993482496653,high,0.9984969130998145,0.0010581977811755516,0.0015030869001856559,0.0008638801670845413,0.00019431761409088245
60217302,top,"Work, Wealth, Status & Institutions",Heroine's Work & Professional Identity,0.003965678423039525,0.05652707134768412,0.07004993482496653,high,0.9984969130998145,0.0010581977811755516,0.0015030869001856559,0.0008638801670845413,0.00019431761409088245
60217302,top,"Work, Wealth, Status & Institutions","Law, Medicine, Education & Formal Institutions",0.004185040910517458,0.05965388034677755,0.07004993482496653,high,0.9984969130998145,0.0010581977811755516,0.0015030869001856559,0.0008638801670845413,0.00019431761409088245
60217302,top,"Work, Wealth, Status & Institutions","Money, Housing & Economic Security",0.007084471816277167,0.10098258131389727,0.07004993482496653,high,0.9984969130998145,0.0010581977811755516,0.0015030869001856559,0.0008638801670845413,0.00019431761409088245
60217302,top,"Work, Wealth, Status & Institutions",Shared Workplaces & Professional Interaction,0.0031666309260373806,0.045137389670315685,0.07004993482496653,high,0.9984969130998145,0.0010581977811755516,0.0015030869001856559,0.0008638801670845413,0.00019431761409088245
60416566,top,"Conflict, Risk & Harm",Interpersonal Non-Romantic Conflict,0.0025688220885821166,0.15088119052122112,0.01668296424841236,high,0.9798831606173186,0.0008047122035615972,0.020116839382681488,0.0007539317160241179,5.078048753762392e-05
60416566,top,"Conflict, Risk & Harm","Violence, Threats & Coercion",0.014456640659346142,0.8491188094787788,0.01668296424841236,high,0.9798831606173186,0.0008047122035615972,0.020116839382681488,0.0007539317160241179,5.078048753762392e-05
60416566,top,Embodied & Sensory Experience,Body Parts & Physical Reactions,0.012953248406500873,0.5336031479597536,0.023786722468475113,high,0.9798831606173186,0.0008047122035615972,0.020116839382681488,0.0007539317160241179,5.078048753762392e-05
60416566,top,Embodied & Sensory Experience,Exercise & Physical Activity,0.011321811544003498,0.46639685204024645,0.023786722468475113,high,0.9798831606173186,0.0008047122035615972,0.020116839382681488,0.0007539317160241179,5.078048753762392e-05
60416566,top,"Emotions, Cognition & Inner Life",Ambivalence & Internal Conflict,0.01417224751456293,0.07695866157590431,0.18044943094448143,high,0.9798831606173186,0.0008047122035615972,0.020116839382681488,0.0007539317160241179,5.078048753762392e-05
60416566,top,"Emotions, Cognition & Inner Life","Beliefs, Values & Moral Reflection",0.022060204125390694,0.11979213472222992,0.18044943094448143,high,0.9798831606173186,0.0008047122035615972,0.020116839382681488,0.0007539317160241179,5.078048753762392e-05
60416566,top,"Emotions, Cognition & Inner Life",Negative Emotions & Distress,0.10621888318106863,0.576793700173707,0.18044943094448143,high,0.9798831606173186,0.0008047122035615972,0.020116839382681488,0.0007539317160241179,5.078048753762392e-05
60416566,top,"Emotions, Cognition & Inner Life",Positive Emotions & Security,0.041702693125329746,0.22645550352815866,0.18044943094448143,high,0.9798831606173186,0.0008047122035615972,0.020116839382681488,0.0007539317160241179,5.078048753762392e-05
60416566,top,Relationship Trajectory (Main Couple),"Bonding, Everyday Intimacy & Growth",0.14619557778161832,0.4346862400014799,0.3295585910988107,high,0.9798831606173186,0.0008047122035615972,0.020116839382681488,0.0007539317160241179,5.078048753762392e-05
60416566,top,Relationship Trajectory (Main Couple),"Conflict, Distance & Breakup Threats",0.12487036451637439,0.37127955621419445,0.3295585910988107,medium,0.9798831606173186,0.0008047122035615972,0.020116839382681488,0.0007539317160241179,5.078048753762392e-05
60416566,top,Relationship Trajectory (Main Couple),"Meeting, First Impressions & Setup",0.00018808607156438722,0.0005592400843143186,0.3295585910988107,high,0.9798831606173186,0.0008047122035615972,0.020116839382681488,0.0007539317160241179,5.078048753762392e-05
60416566,top,Relationship Trajectory (Main Couple),"Reconciliation, Commitments & HEA",0.007788269607884945,0.02315701803939908,0.3295585910988107,high,0.9798831606173186,0.0008047122035615972,0.020116839382681488,0.0007539317160241179,5.078048753762392e-05
60416566,top,Relationship Trajectory (Main Couple),"Secrets, Misunderstandings & Hidden Information",0.05728207654409931,0.17031794566061234,0.3295585910988107,medium,0.9798831606173186,0.0008047122035615972,0.020116839382681488,0.0007539317160241179,5.078048753762392e-05
60416566,top,"Sexuality, Attraction & Intimacy",Attraction & Sexual Tension,0.08089371510086645,0.3338983497659981,0.237396768455625,high,0.9798831606173186,0.0008047122035615972,0.020116839382681488,0.0007539317160241179,5.078048753762392e-05
60416566,top,"Sexuality, Attraction & Intimacy",Explicit Sexual Acts,0.0902814123211917,0.3726471772374647,0.237396768455625,high,0.9798831606173186,0.0008047122035615972,0.020116839382681488,0.0007539317160241179,5.078048753762392e-05
60416566,top,"Sexuality, Attraction & Intimacy",Kissing & Non-Explicit Affection,0.07109535746520831,0.2934544729965372,0.237396768455625,high,0.9798831606173186,0.0008047122035615972,0.020116839382681488,0.0007539317160241179,5.078048753762392e-05
60416566,top,Social World Outside Couple,"Community, Norms & Social Events",0.006179341061745329,0.10191581361103755,0.05941209745157376,high,0.9798831606173186,0.0008047122035615972,0.020116839382681488,0.0007539317160241179,5.078048753762392e-05
60416566,top,Social World Outside Couple,Family & Kinship,0.03761005627410384,0.6203023019495818,0.05941209745157376,high,0.9798831606173186,0.0008047122035615972,0.020116839382681488,0.0007539317160241179,5.078048753762392e-05
60416566,top,Social World Outside Couple,Friends & Social Circles,0.016842420659823516,0.27778188443938073,0.05941209745157376,high,0.9798831606173186,0.0008047122035615972,0.020116839382681488,0.0007539317160241179,5.078048753762392e-05
60416566,top,"Spaces, Time, Activities & Objects",Domestic Spaces & Routines,0.04914947430160003,0.6801796341254434,0.0708059162683624,high,0.9798831606173186,0.0008047122035615972,0.020116839382681488,0.0007539317160241179,5.078048753762392e-05
60416566,top,"Spaces, Time, Activities & Objects",Public & Leisure Spaces,0.020820589645154257,0.28813616520525004,0.0708059162683624,high,0.9798831606173186,0.0008047122035615972,0.020116839382681488,0.0007539317160241179,5.078048753762392e-05
60416566,top,"Spaces, Time, Activities & Objects","Time, Seasons & Temporal Framing",0.002289486083430173,0.031684200669306724,0.0708059162683624,high,0.9798831606173186,0.0008047122035615972,0.020116839382681488,0.0007539317160241179,5.078048753762392e-05
60416566,top,"Work, Wealth, Status & Institutions",Hero's Elite Work & Business World,0.04608356545039354,0.7313992680506085,0.06173988919404022,high,0.9798831606173186,0.0008047122035615972,0.020116839382681488,0.0007539317160241179,5.078048753762392e-05
60416566,top,"Work, Wealth, Status & Institutions",Heroine's Work & Professional Identity,0.007566567072799639,0.12009013548786146,0.06173988919404022,high,0.9798831606173186,0.0008047122035615972,0.020116839382681488,0.0007539317160241179,5.078048753762392e-05
60416566,top,"Work, Wealth, Status & Institutions","Law, Medicine, Education & Formal Institutions",0.003166880525153217,0.0502620419115381,0.06173988919404022,high,0.9798831606173186,0.0008047122035615972,0.020116839382681488,0.0007539317160241179,5.078048753762392e-05
60416566,top,"Work, Wealth, Status & Institutions","Money, Housing & Economic Security",0.0014380402683249068,0.022823355558552066,0.06173988919404022,high,0.9798831606173186,0.0008047122035615972,0.020116839382681488,0.0007539317160241179,5.078048753762392e-05
60416566,top,"Work, Wealth, Status & Institutions",Shared Workplaces & Professional Interaction,0.004752345601322733,0.07542519899143985,0.06173988919404022,high,0.9798831606173186,0.0008047122035615972,0.020116839382681488,0.0007539317160241179,5.078048753762392e-05
60576722,top,"Conflict, Risk & Harm",Interpersonal Non-Romantic Conflict,0.003322786072979964,0.1412677822581223,0.02349538180825383,high,0.9989028509389278,0.0007837077029883011,0.0010971490610722108,0.00047026434389212194,0.00031344335909619923
60576722,top,"Conflict, Risk & Harm","Violence, Threats & Coercion",0.020198401984666617,0.8587322177418777,0.02349538180825383,high,0.9989028509389278,0.0007837077029883011,0.0010971490610722108,0.00047026434389212194,0.00031344335909619923
60576722,top,Embodied & Sensory Experience,Body Parts & Physical Reactions,0.008768798618806778,0.4715334068597766,0.018575943532756323,high,0.9989028509389278,0.0007837077029883011,0.0010971490610722108,0.00047026434389212194,0.00031344335909619923
60576722,top,Embodied & Sensory Experience,Exercise & Physical Activity,0.009827547878047944,0.5284665931402235,0.018575943532756323,high,0.9989028509389278,0.0007837077029883011,0.0010971490610722108,0.00047026434389212194,0.00031344335909619923
60576722,top,"Emotions, Cognition & Inner Life",Ambivalence & Internal Conflict,0.007822375983692474,0.03810179996562804,0.20507675958289376,high,0.9989028509389278,0.0007837077029883011,0.0010971490610722108,0.00047026434389212194,0.00031344335909619923
60576722,top,"Emotions, Cognition & Inner Life","Beliefs, Values & Moral Reflection",0.031005146961231723,0.1510221331580774,0.20507675958289376,high,0.9989028509389278,0.0007837077029883011,0.0010971490610722108,0.00047026434389212194,0.00031344335909619923
60576722,top,"Emotions, Cognition & Inner Life",Negative Emotions & Distress,0.11162408169755306,0.543706725559293,0.20507675958289376,high,0.9989028509389278,0.0007837077029883011,0.0010971490610722108,0.00047026434389212194,0.00031344335909619923
60576722,top,"Emotions, Cognition & Inner Life",Positive Emotions & Security,0.05485040184406946,0.26716934131700154,0.20507675958289376,high,0.9989028509389278,0.0007837077029883011,0.0010971490610722108,0.00047026434389212194,0.00031344335909619923
60576722,top,Relationship Trajectory (Main Couple),"Bonding, Everyday Intimacy & Growth",0.15688301327568147,0.4426509320338873,0.354028146975574,high,0.9989028509389278,0.0007837077029883011,0.0010971490610722108,0.00047026434389212194,0.00031344335909619923
60576722,top,Relationship Trajectory (Main Couple),"Conflict, Distance & Breakup Threats",0.11879799635758104,0.33519271916988985,0.354028146975574,medium,0.9989028509389278,0.0007837077029883011,0.0010971490610722108,0.00047026434389212194,0.00031344335909619923
60576722,top,Relationship Trajectory (Main Couple),"Meeting, First Impressions & Setup",0.00025546804468734715,0.0007208120606850818,0.354028146975574,high,0.9989028509389278,0.0007837077029883011,0.0010971490610722108,0.00047026434389212194,0.00031344335909619923
60576722,top,Relationship Trajectory (Main Couple),"Reconciliation, Commitments & HEA",0.018424762545035788,0.051986114639011566,0.354028146975574,high,0.9989028509389278,0.0007837077029883011,0.0010971490610722108,0.00047026434389212194,0.00031344335909619923
60576722,top,Relationship Trajectory (Main Couple),"Secrets, Misunderstandings & Hidden Information",0.060055755026153936,0.16944942209652608,0.354028146975574,medium,0.9989028509389278,0.0007837077029883011,0.0010971490610722108,0.00047026434389212194,0.00031344335909619923
60576722,top,"Sexuality, Attraction & Intimacy",Attraction & Sexual Tension,0.033151476360283504,0.1982424637633898,0.16704344579093733,high,0.9989028509389278,0.0007837077029883011,0.0010971490610722108,0.00047026434389212194,0.00031344335909619923
60576722,top,"Sexuality, Attraction & Intimacy",Explicit Sexual Acts,0.06667846261873445,0.39873043860360863,0.16704344579093733,high,0.9989028509389278,0.0007837077029883011,0.0010971490610722108,0.00047026434389212194,0.00031344335909619923
60576722,top,"Sexuality, Attraction & Intimacy",Kissing & Non-Explicit Affection,0.06739697966869972,0.4030270976330016,0.16704344579093733,high,0.9989028509389278,0.0007837077029883011,0.0010971490610722108,0.00047026434389212194,0.00031344335909619923
60576722,top,Social World Outside Couple,"Community, Norms & Social Events",0.004282082137725754,0.04831610127061814,0.08852916404350006,high,0.9989028509389278,0.0007837077029883011,0.0010971490610722108,0.00047026434389212194,0.00031344335909619923
60576722,top,Social World Outside Couple,Family & Kinship,0.05409676315170162,0.6103910674255395,0.08852916404350006,high,0.9989028509389278,0.0007837077029883011,0.0010971490610722108,0.00047026434389212194,0.00031344335909619923
60576722,top,Social World Outside Couple,Friends & Social Circles,0.030247555126074764,0.34129283130384247,0.08852916404350006,high,0.9989028509389278,0.0007837077029883011,0.0010971490610722108,0.00047026434389212194,0.00031344335909619923
60576722,top,"Spaces, Time, Activities & Objects",Domestic Spaces & Routines,0.0422893064291311,0.5578912823955695,0.07571889020186715,high,0.9989028509389278,0.0007837077029883011,0.0010971490610722108,0.00047026434389212194,0.00031344335909619923
60576722,top,"Spaces, Time, Activities & Objects",Public & Leisure Spaces,0.030865819239576615,0.4071897349892538,0.07571889020186715,high,0.9989028509389278,0.0007837077029883011,0.0010971490610722108,0.00047026434389212194,0.00031344335909619923
60576722,top,"Spaces, Time, Activities & Objects","Time, Seasons & Temporal Framing",0.002646930688118662,0.03491898261517666,0.07571889020186715,high,0.9989028509389278,0.0007837077029883011,0.0010971490610722108,0.00047026434389212194,0.00031344335909619923
60576722,top,"Work, Wealth, Status & Institutions",Hero's Elite Work & Business World,0.05081837727147857,0.767715298230475,0.06612167564404918,high,0.9989028509389278,0.0007837077029883011,0.0010971490610722108,0.00047026434389212194,0.00031344335909619923
60576722,top,"Work, Wealth, Status & Institutions",Heroine's Work & Professional Identity,0.005667934065499176,0.08562571111233684,0.06612167564404918,high,0.9989028509389278,0.0007837077029883011,0.0010971490610722108,0.00047026434389212194,0.00031344335909619923
60576722,top,"Work, Wealth, Status & Institutions","Law, Medicine, Education & Formal Institutions",0.004294305131773188,0.06487424278268364,0.06612167564404918,high,0.9989028509389278,0.0007837077029883011,0.0010971490610722108,0.00047026434389212194,0.00031344335909619923
60576722,top,"Work, Wealth, Status & Institutions","Money, Housing & Economic Security",0.002852804033098379,0.04309742688876499,0.06612167564404918,high,0.9989028509389278,0.0007837077029883011,0.0010971490610722108,0.00047026434389212194,0.00031344335909619923
60576722,top,"Work, Wealth, Status & Institutions",Shared Workplaces & Professional Interaction,0.0025608801570160744,0.03868732098573952,0.06612167564404918,high,0.9989028509389278,0.0007837077029883011,0.0010971490610722108,0.00047026434389212194,0.00031344335909619923
60686882,top,"Conflict, Risk & Harm",Interpersonal Non-Romantic Conflict,0.003944813739100572,0.19924089342413845,0.01972965804601273,high,0.9964867687102981,0.0007949766763561961,0.0035132312897018405,0.0007365267727906399,5.844990356560248e-05
60686882,top,"Conflict, Risk & Harm","Violence, Threats & Coercion",0.015854403536556604,0.8007591065758617,0.01972965804601273,high,0.9964867687102981,0.0007949766763561961,0.0035132312897018405,0.0007365267727906399,5.844990356560248e-05
60686882,top,Embodied & Sensory Experience,Body Parts & Physical Reactions,0.005425202130441415,0.354388753330941,0.01525483551537918,high,0.9964867687102981,0.0007949766763561961,0.0035132312897018405,0.0007365267727906399,5.844990356560248e-05
60686882,top,Embodied & Sensory Experience,Exercise & Physical Activity,0.009883416101512367,0.645611246669059,0.01525483551537918,high,0.9964867687102981,0.0007949766763561961,0.0035132312897018405,0.0007365267727906399,5.844990356560248e-05
60686882,top,"Emotions, Cognition & Inner Life",Ambivalence & Internal Conflict,0.0068562823957999414,0.03727300779254991,0.18330140481234777,high,0.9964867687102981,0.0007949766763561961,0.0035132312897018405,0.0007365267727906399,5.844990356560248e-05
60686882,top,"Emotions, Cognition & Inner Life","Beliefs, Values & Moral Reflection",0.0290379309103152,0.1578597500246963,0.18330140481234777,high,0.9964867687102981,0.0007949766763561961,0.0035132312897018405,0.0007365267727906399,5.844990356560248e-05
60686882,top,"Emotions, Cognition & Inner Life",Negative Emotions & Distress,0.0991963012328631,0.5392637431488491,0.18330140481234777,high,0.9964867687102981,0.0007949766763561961,0.0035132312897018405,0.0007365267727906399,5.844990356560248e-05
60686882,top,"Emotions, Cognition & Inner Life",Positive Emotions & Security,0.04885714093223831,0.26560349903390473,0.18330140481234777,high,0.9964867687102981,0.0007949766763561961,0.0035132312897018405,0.0007365267727906399,5.844990356560248e-05
60686882,top,Relationship Trajectory (Main Couple),"Bonding, Everyday Intimacy & Growth",0.21347578725186175,0.5215382264470206,0.40788150637718223,high,0.9964867687102981,0.0007949766763561961,0.0035132312897018405,0.0007365267727906399,5.844990356560248e-05
60686882,top,Relationship Trajectory (Main Couple),"Conflict, Distance & Breakup Threats",0.12206343192650647,0.29821061498594675,0.40788150637718223,medium,0.9964867687102981,0.0007949766763561961,0.0035132312897018405,0.0007365267727906399,5.844990356560248e-05
60686882,top,Relationship Trajectory (Main Couple),"Meeting, First Impressions & Setup",0.0002413537962875416,0.0005896464066603984,0.40788150637718223,high,0.9964867687102981,0.0007949766763561961,0.0035132312897018405,0.0007365267727906399,5.844990356560248e-05
60686882,top,Relationship Trajectory (Main Couple),"Reconciliation, Commitments & HEA",0.013620587324355506,0.033276171727757334,0.40788150637718223,high,0.9964867687102981,0.0007949766763561961,0.0035132312897018405,0.0007365267727906399,5.844990356560248e-05
60686882,top,Relationship Trajectory (Main Couple),"Secrets, Misunderstandings & Hidden Information",0.0599183802956746,0.14638534043261484,0.40788150637718223,medium,0.9964867687102981,0.0007949766763561961,0.0035132312897018405,0.0007365267727906399,5.844990356560248e-05
60686882,top,"Sexuality, Attraction & Intimacy",Attraction & Sexual Tension,0.029611673498779436,0.19406214933585283,0.15205253029448731,high,0.9964867687102981,0.0007949766763561961,0.0035132312897018405,0.0007365267727906399,5.844990356560248e-05
60686882,top,"Sexuality, Attraction & Intimacy",Explicit Sexual Acts,0.0643191813597696,0.42152020144062124,0.15205253029448731,high,0.9964867687102981,0.0007949766763561961,0.0035132312897018405,0.0007365267727906399,5.844990356560248e-05
60686882,top,"Sexuality, Attraction & Intimacy",Kissing & Non-Explicit Affection,0.0586577545128339,0.38441764922352584,0.15205253029448731,high,0.9964867687102981,0.0007949766763561961,0.0035132312897018405,0.0007365267727906399,5.844990356560248e-05
60686882,top,Social World Outside Couple,"Community, Norms & Social Events",0.0032401977996663472,0.04215337479849642,0.07659681462768446,high,0.9964867687102981,0.0007949766763561961,0.0035132312897018405,0.0007365267727906399,5.844990356560248e-05
60686882,top,Social World Outside Couple,Family & Kinship,0.04854232041356071,0.6315116398734157,0.07659681462768446,high,0.9964867687102981,0.0007949766763561961,0.0035132312897018405,0.0007365267727906399,5.844990356560248e-05
60686882,top,Social World Outside Couple,Friends & Social Circles,0.025084347492195003,0.32633498532808775,0.07659681462768446,high,0.9964867687102981,0.0007949766763561961,0.0035132312897018405,0.0007365267727906399,5.844990356560248e-05
60686882,top,"Spaces, Time, Activities & Objects",Domestic Spaces & Routines,0.037359241894837886,0.5077375846223082,0.07332132062854134,high,0.9964867687102981,0.0007949766763561961,0.0035132312897018405,0.0007365267727906399,5.844990356560248e-05
60686882,top,"Spaces, Time, Activities & Objects",Public & Leisure Spaces,0.032779114181934965,0.44549052434316605,0.07332132062854134,high,0.9964867687102981,0.0007949766763561961,0.0035132312897018405,0.0007365267727906399,5.844990356560248e-05
60686882,top,"Spaces, Time, Activities & Objects","Time, Seasons & Temporal Framing",0.0034414674902147643,0.0467718910345256,0.07332132062854134,high,0.9964867687102981,0.0007949766763561961,0.0035132312897018405,0.0007365267727906399,5.844990356560248e-05
60686882,top,"Work, Wealth, Status & Institutions",Hero's Elite Work & Business World,0.054558001671573646,0.7961067353406882,0.06829024850509748,high,0.9964867687102981,0.0007949766763561961,0.0035132312897018405,0.0007365267727906399,5.844990356560248e-05
60686882,top,"Work, Wealth, Status & Institutions",Heroine's Work & Professional Identity,0.0050411563112150665,0.07356021793874797,0.06829024850509748,high,0.9964867687102981,0.0007949766763561961,0.0035132312897018405,0.0007365267727906399,5.844990356560248e-05
60686882,top,"Work, Wealth, Status & Institutions","Law, Medicine, Education & Formal Institutions",0.0041055847051558675,0.05990841922623566,0.06829024850509748,high,0.9964867687102981,0.0007949766763561961,0.0035132312897018405,0.0007365267727906399,5.844990356560248e-05
60686882,top,"Work, Wealth, Status & Institutions","Money, Housing & Economic Security",0.002769234150294489,0.040408480722151446,0.06829024850509748,high,0.9964867687102981,0.0007949766763561961,0.0035132312897018405,0.0007365267727906399,5.844990356560248e-05
60686882,top,"Work, Wealth, Status & Institutions",Shared Workplaces & Professional Interaction,0.0020570369688805647,0.030016146772176604,0.06829024850509748,high,0.9964867687102981,0.0007949766763561961,0.0035132312897018405,0.0007365267727906399,5.844990356560248e-05
60797616,middle,"Conflict, Risk & Harm",Interpersonal Non-Romantic Conflict,0.0022714461568247666,0.12558082698362608,0.018028612274927202,high,0.9967429921462027,0.001602646323189294,0.003257007853797431,0.0015407795300678966,6.18667931214181e-05
60797616,middle,"Conflict, Risk & Harm","Violence, Threats & Coercion",0.015816077324135668,0.874419173016374,0.018028612274927202,high,0.9967429921462027,0.001602646323189294,0.003257007853797431,0.0015407795300678966,6.18667931214181e-05
60797616,middle,Embodied & Sensory Experience,Body Parts & Physical Reactions,0.008524437090027858,0.39570158487840207,0.021472425828386404,high,0.9967429921462027,0.001602646323189294,0.003257007853797431,0.0015407795300678966,6.18667931214181e-05
60797616,middle,Embodied & Sensory Experience,Exercise & Physical Activity,0.013018153123876369,0.6042984151215979,0.021472425828386404,high,0.9967429921462027,0.001602646323189294,0.003257007853797431,0.0015407795300678966,6.18667931214181e-05
60797616,middle,"Emotions, Cognition & Inner Life",Ambivalence & Internal Conflict,0.008338086690975055,0.044965123062745097,0.18483057336548805,high,0.9967429921462027,0.001602646323189294,0.003257007853797431,0.0015407795300678966,6.18667931214181e-05
60797616,middle,"Emotions, Cognition & Inner Life","Beliefs, Values & Moral Reflection",0.027184267511126847,0.14659765235248007,0.18483057336548805,high,0.9967429921462027,0.001602646323189294,0.003257007853797431,0.0015407795300678966,6.18667931214181e-05
60797616,middle,"Emotions, Cognition & Inner Life",Negative Emotions & Distress,0.10420927210205082,0.5619733780676067,0.18483057336548805,high,0.9967429921462027,0.001602646323189294,0.003257007853797431,0.0015407795300678966,6.18667931214181e-05
60797616,middle,"Emotions, Cognition & Inner Life",Positive Emotions & Security,0.045702908798530034,0.24646384651716816,0.18483057336548805,high,0.9967429921462027,0.001602646323189294,0.003257007853797431,0.0015407795300678966,6.18667931214181e-05
60797616,middle,Relationship Trajectory (Main Couple),"Bonding, Everyday Intimacy & Growth",0.1819742771859528,0.49112081287874293,0.36932172447098455,high,0.9967429921462027,0.001602646323189294,0.003257007853797431,0.0015407795300678966,6.18667931214181e-05
60797616,middle,Relationship Trajectory (Main Couple),"Conflict, Distance & Breakup Threats",0.1195136909694676,0.3225492194101965,0.36932172447098455,medium,0.9967429921462027,0.001602646323189294,0.003257007853797431,0.0015407795300678966,6.18667931214181e-05
60797616,middle,Relationship Trajectory (Main Couple),"Meeting, First Impressions & Setup",0.0002248102220718575,0.0006067284932504967,0.36932172447098455,high,0.9967429921462027,0.001602646323189294,0.003257007853797431,0.0015407795300678966,6.18667931214181e-05
60797616,middle,Relationship Trajectory (Main Couple),"Reconciliation, Commitments & HEA",0.009591627993502154,0.025886340695205214,0.36932172447098455,high,0.9967429921462027,0.001602646323189294,0.003257007853797431,0.0015407795300678966,6.18667931214181e-05
60797616,middle,Relationship Trajectory (Main Couple),"Secrets, Misunderstandings & Hidden Information",0.05922413246102206,0.15983689852260483,0.36932172447098455,medium,0.9967429921462027,0.001602646323189294,0.003257007853797431,0.0015407795300678966,6.18667931214181e-05
60797616,middle,"Sexuality, Attraction & Intimacy",Attraction & Sexual Tension,0.04526237308396571,0.21910849411576905,0.20590234696931745,high,0.9967429921462027,0.001602646323189294,0.003257007853797431,0.0015407795300678966,6.18667931214181e-05
60797616,middle,"Sexuality, Attraction & Intimacy",Explicit Sexual Acts,0.10088757236909465,0.48838190644093415,0.20590234696931745,high,0.9967429921462027,0.001602646323189294,0.003257007853797431,0.0015407795300678966,6.18667931214181e-05
60797616,middle,"Sexuality, Attraction & Intimacy",Kissing & Non-Explicit Affection,0.060425218447480625,0.2925095994432968,0.20590234696931745,high,0.9967429921462027,0.001602646323189294,0.003257007853797431,0.0015407795300678966,6.18667931214181e-05
60797616,middle,Social World Outside Couple,"Community, Norms & Social Events",0.006566190034272457,0.10492539663629176,0.06237578423885203,high,0.9967429921462027,0.001602646323189294,0.003257007853797431,0.0015407795300678966,6.18667931214181e-05
60797616,middle,Social World Outside Couple,Family & Kinship,0.0370028866494858,0.5912930539810722,0.06237578423885203,high,0.9967429921462027,0.001602646323189294,0.003257007853797431,0.0015407795300678966,6.18667931214181e-05
60797616,middle,Social World Outside Couple,Friends & Social Circles,0.019010529824980284,0.30378154938263596,0.06237578423885203,high,0.9967429921462027,0.001602646323189294,0.003257007853797431,0.0015407795300678966,6.18667931214181e-05
60797616,middle,"Spaces, Time, Activities & Objects",Domestic Spaces & Routines,0.04944197525669055,0.6389363576606726,0.07712965738153292,high,0.9967429921462027,0.001602646323189294,0.003257007853797431,0.0015407795300678966,6.18667931214181e-05
60797616,middle,"Spaces, Time, Activities & Objects",Public & Leisure Spaces,0.02597483392735828,0.3356715765141551,0.07712965738153292,high,0.9967429921462027,0.001602646323189294,0.003257007853797431,0.0015407795300678966,6.18667931214181e-05
60797616,middle,"Spaces, Time, Activities & Objects","Time, Seasons & Temporal Framing",0.001964880970056125,0.02539206582517236,0.07712965738153292,high,0.9967429921462027,0.001602646323189294,0.003257007853797431,0.0015407795300678966,6.18667931214181e-05
60797616,middle,"Work, Wealth, Status & Institutions",Hero's Elite Work & Business World,0.04538094255205845,0.7850249187645427,0.0576200008235926,high,0.9967429921462027,0.001602646323189294,0.003257007853797431,0.0015407795300678966,6.18667931214181e-05
60797616,middle,"Work, Wealth, Status & Institutions",Heroine's Work & Professional Identity,0.004869951257969748,0.08424313986624268,0.0576200008235926,high,0.9967429921462027,0.001602646323189294,0.003257007853797431,0.0015407795300678966,6.18667931214181e-05
60797616,middle,"Work, Wealth, Status & Institutions","Law, Medicine, Education & Formal Institutions",0.002627973134062458,0.04546014868942392,0.0576200008235926,high,0.9967429921462027,0.001602646323189294,0.003257007853797431,0.0015407795300678966,6.18667931214181e-05
60797616,middle,"Work, Wealth, Status & Institutions","Money, Housing & Economic Security",0.0015453994634505171,0.026733184020193545,0.0576200008235926,high,0.9967429921462027,0.001602646323189294,0.003257007853797431,0.0015407795300678966,6.18667931214181e-05
60797616,middle,"Work, Wealth, Status & Institutions",Shared Workplaces & Professional Interaction,0.003384016447324272,0.05853860865959723,0.0576200008235926,high,0.9967429921462027,0.001602646323189294,0.003257007853797431,0.0015407795300678966,6.18667931214181e-05
60809640,middle,"Conflict, Risk & Harm",Interpersonal Non-Romantic Conflict,0.0022461211065244644,0.10848300434043716,0.020672597190449227,high,0.9984436922057774,0.0009415494480167208,0.001556307794222544,0.0007168550084496555,0.00022469443956708797
60809640,middle,"Conflict, Risk & Harm","Violence, Threats & Coercion",0.018458699157078984,0.8915169956595628,0.020672597190449227,high,0.9984436922057774,0.0009415494480167208,0.001556307794222544,0.0007168550084496555,0.00022469443956708797
60809640,middle,Embodied & Sensory Experience,Body Parts & Physical Reactions,0.010096242517608935,0.45954840835651284,0.021935729671521458,high,0.9984436922057774,0.0009415494480167208,0.001556307794222544,0.0007168550084496555,0.00022469443956708797
60809640,middle,Embodied & Sensory Experience,Exercise & Physical Activity,0.011873679114186544,0.5404515916434871,0.021935729671521458,high,0.9984436922057774,0.0009415494480167208,0.001556307794222544,0.0007168550084496555,0.00022469443956708797
60809640,middle,"Emotions, Cognition & Inner Life",Ambivalence & Internal Conflict,0.008905716695344715,0.04764385291072995,0.18663177127381447,high,0.9984436922057774,0.0009415494480167208,0.001556307794222544,0.0007168550084496555,0.00022469443956708797
60809640,middle,"Emotions, Cognition & Inner Life","Beliefs, Values & Moral Reflection",0.02417343308313202,0.1293231673046765,0.18663177127381447,high,0.9984436922057774,0.0009415494480167208,0.001556307794222544,0.0007168550084496555,0.00022469443956708797
60809640,middle,"Emotions, Cognition & Inner Life",Negative Emotions & Distress,0.10509434787834869,0.5622343291789745,0.18663177127381447,high,0.9984436922057774,0.0009415494480167208,0.001556307794222544,0.0007168550084496555,0.00022469443956708797
60809640,middle,"Emotions, Cognition & Inner Life",Positive Emotions & Security,0.04874918284156566,0.260798650605619,0.18663177127381447,high,0.9984436922057774,0.0009415494480167208,0.001556307794222544,0.0007168550084496555,0.00022469443956708797
60809640,middle,Relationship Trajectory (Main Couple),"Bonding, Everyday Intimacy & Growth",0.15633603053757264,0.41677908144785875,0.37452149232748194,high,0.9984436922057774,0.0009415494480167208,0.001556307794222544,0.0007168550084496555,0.00022469443956708797
60809640,middle,Relationship Trajectory (Main Couple),"Conflict, Distance & Breakup Threats",0.13374270733919622,0.35654712815407946,0.37452149232748194,medium,0.9984436922057774,0.0009415494480167208,0.001556307794222544,0.0007168550084496555,0.00022469443956708797
60809640,middle,Relationship Trajectory (Main Couple),"Meeting, First Impressions & Setup",0.014166451350126735,0.03776660160027926,0.37452149232748194,high,0.9984436922057774,0.0009415494480167208,0.001556307794222544,0.0007168550084496555,0.00022469443956708797
60809640,middle,Relationship Trajectory (Main Couple),"Reconciliation, Commitments & HEA",0.011508744867685933,0.030681373309009028,0.37452149232748194,high,0.9984436922057774,0.0009415494480167208,0.001556307794222544,0.0007168550084496555,0.00022469443956708797
60809640,middle,Relationship Trajectory (Main Couple),"Secrets, Misunderstandings & Hidden Information",0.059351337490722564,0.1582258154887734,0.37452149232748194,medium,0.9984436922057774,0.0009415494480167208,0.001556307794222544,0.0007168550084496555,0.00022469443956708797
60809640,middle,"Sexuality, Attraction & Intimacy",Attraction & Sexual Tension,0.0333804988023887,0.19815101377140373,0.16819771868730823,high,0.9984436922057774,0.0009415494480167208,0.001556307794222544,0.0007168550084496555,0.00022469443956708797
60809640,middle,"Sexuality, Attraction & Intimacy",Explicit Sexual Acts,0.07627010058969252,0.4527493085637483,0.16819771868730823,high,0.9984436922057774,0.0009415494480167208,0.001556307794222544,0.0007168550084496555,0.00022469443956708797
60809640,middle,"Sexuality, Attraction & Intimacy",Kissing & Non-Explicit Affection,0.058809294741481,0.3490996776648481,0.16819771868730823,high,0.9984436922057774,0.0009415494480167208,0.001556307794222544,0.0007168550084496555,0.00022469443956708797
60809640,middle,Social World Outside Couple,"Community, Norms & Social Events",0.0035554469017577404,0.037465934991624684,0.0947504321679455,high,0.9984436922057774,0.0009415494480167208,0.001556307794222544,0.0007168550084496555,0.00022469443956708797
60809640,middle,Social World Outside Couple,Family & Kinship,0.06343306530623487,0.668433298752949,0.0947504321679455,high,0.9984436922057774,0.0009415494480167208,0.001556307794222544,0.0007168550084496555,0.00022469443956708797
60809640,middle,Social World Outside Couple,Friends & Social Circles,0.027909610648211094,0.2941007662554263,0.0947504321679455,high,0.9984436922057774,0.0009415494480167208,0.001556307794222544,0.0007168550084496555,0.00022469443956708797
60809640,middle,"Spaces, Time, Activities & Objects",Domestic Spaces & Routines,0.04463111839506839,0.6469812554439689,0.06887627464116616,high,0.9984436922057774,0.0009415494480167208,0.001556307794222544,0.0007168550084496555,0.00022469443956708797
60809640,middle,"Spaces, Time, Activities & Objects",Public & Leisure Spaces,0.022226250083675368,0.3221959856721146,0.06887627464116616,high,0.9984436922057774,0.0009415494480167208,0.001556307794222544,0.0007168550084496555,0.00022469443956708797
60809640,middle,"Spaces, Time, Activities & Objects","Time, Seasons & Temporal Framing",0.0021262659303270433,0.030822758883916623,0.06887627464116616,high,0.9984436922057774,0.0009415494480167208,0.001556307794222544,0.0007168550084496555,0.00022469443956708797
60809640,middle,"Work, Wealth, Status & Institutions",Hero's Elite Work & Business World,0.048779326835523586,0.7776000724254188,0.0626329818065234,high,0.9984436922057774,0.0009415494480167208,0.001556307794222544,0.0007168550084496555,0.00022469443956708797
60809640,middle,"Work, Wealth, Status & Institutions",Heroine's Work & Professional Identity,0.0046270218501778876,0.07376019226226989,0.0626329818065234,high,0.9984436922057774,0.0009415494480167208,0.001556307794222544,0.0007168550084496555,0.00022469443956708797
60809640,middle,"Work, Wealth, Status & Institutions","Law, Medicine, Education & Formal Institutions",0.004350407269684371,0.06935062919980792,0.0626329818065234,high,0.9984436922057774,0.0009415494480167208,0.001556307794222544,0.0007168550084496555,0.00022469443956708797
60809640,middle,"Work, Wealth, Status & Institutions","Money, Housing & Economic Security",0.0015329276997757952,0.02443667774235274,0.0626329818065234,high,0.9984436922057774,0.0009415494480167208,0.001556307794222544,0.0007168550084496555,0.00022469443956708797
60809640,middle,"Work, Wealth, Status & Institutions",Shared Workplaces & Professional Interaction,0.003440926288553485,0.0548524283701505,0.0626329818065234,high,0.9984436922057774,0.0009415494480167208,0.001556307794222544,0.0007168550084496555,0.00022469443956708797
61229235,middle,"Conflict, Risk & Harm",Interpersonal Non-Romantic Conflict,0.003886057471481859,0.15955907847089704,0.02431386467915348,high,0.9983120092128912,0.0008716466883629259,0.0016879907871087568,0.0006125809372308361,0.00025906575113211695
61229235,middle,"Conflict, Risk & Harm","Violence, Threats & Coercion",0.02046891818219529,0.840440921529103,0.02431386467915348,high,0.9983120092128912,0.0008716466883629259,0.0016879907871087568,0.0006125809372308361,0.00025906575113211695
61229235,middle,Embodied & Sensory Experience,Body Parts & Physical Reactions,0.007214572983823039,0.4330533925603843,0.016631655529841236,high,0.9983120092128912,0.0008716466883629259,0.0016879907871087568,0.0006125809372308361,0.00025906575113211695
61229235,middle,Embodied & Sensory Experience,Exercise & Physical Activity,0.009445204096244633,0.5669466074396156,0.016631655529841236,high,0.9983120092128912,0.0008716466883629259,0.0016879907871087568,0.0006125809372308361,0.00025906575113211695
61229235,middle,"Emotions, Cognition & Inner Life",Ambivalence & Internal Conflict,0.008605731290092122,0.04601843349153353,0.18669051167373446,high,0.9983120092128912,0.0008716466883629259,0.0016879907871087568,0.0006125809372308361,0.00025906575113211695
61229235,middle,"Emotions, Cognition & Inner Life","Beliefs, Values & Moral Reflection",0.02649176830815416,0.14166253126744532,0.18669051167373446,high,0.9983120092128912,0.0008716466883629259,0.0016879907871087568,0.0006125809372308361,0.00025906575113211695
61229235,middle,"Emotions, Cognition & Inner Life",Negative Emotions & Distress,0.10449887456781429,0.5587990546225373,0.18669051167373446,high,0.9983120092128912,0.0008716466883629259,0.0016879907871087568,0.0006125809372308361,0.00025906575113211695
61229235,middle,"Emotions, Cognition & Inner Life",Positive Emotions & Security,0.047409802210530025,0.25351998061848385,0.18669051167373446,high,0.9983120092128912,0.0008716466883629259,0.0016879907871087568,0.0006125809372308361,0.00025906575113211695
61229235,middle,Relationship Trajectory (Main Couple),"Bonding, Everyday Intimacy & Growth",0.13689963143976194,0.4184347967305852,0.32661850111650464,high,0.9983120092128912,0.0008716466883629259,0.0016879907871087568,0.0006125809372308361,0.00025906575113211695
61229235,middle,Relationship Trajectory (Main Couple),"Conflict, Distance & Breakup Threats",0.11743693400754977,0.358946909449749,0.32661850111650464,medium,0.9983120092128912,0.0008716466883629259,0.0016879907871087568,0.0006125809372308361,0.00025906575113211695
61229235,middle,Relationship Trajectory (Main Couple),"Meeting, First Impressions & Setup",0.0002392279721876197,0.0007312021724371327,0.32661850111650464,high,0.9983120092128912,0.0008716466883629259,0.0016879907871087568,0.0006125809372308361,0.00025906575113211695
61229235,middle,Relationship Trajectory (Main Couple),"Reconciliation, Commitments & HEA",0.016281720814284546,0.0497652073106351,0.32661850111650464,high,0.9983120092128912,0.0008716466883629259,0.0016879907871087568,0.0006125809372308361,0.00025906575113211695
61229235,middle,Relationship Trajectory (Main Couple),"Secrets, Misunderstandings & Hidden Information",0.056313248115377544,0.17212188433659373,0.32661850111650464,medium,0.9983120092128912,0.0008716466883629259,0.0016879907871087568,0.0006125809372308361,0.00025906575113211695
61229235,middle,"Sexuality, Attraction & Intimacy",Attraction & Sexual Tension,0.026904194387961745,0.1795060236999495,0.14962606714856352,high,0.9983120092128912,0.0008716466883629259,0.0016879907871087568,0.0006125809372308361,0.00025906575113211695
61229235,middle,"Sexuality, Attraction & Intimacy",Explicit Sexual Acts,0.06264033132880677,0.41793917475978154,0.14962606714856352,high,0.9983120092128912,0.0008716466883629259,0.0016879907871087568,0.0006125809372308361,0.00025906575113211695
61229235,middle,"Sexuality, Attraction & Intimacy",Kissing & Non-Explicit Affection,0.060334535906996424,0.40255480154026885,0.14962606714856352,high,0.9983120092128912,0.0008716466883629259,0.0016879907871087568,0.0006125809372308361,0.00025906575113211695
61229235,middle,Social World Outside Couple,"Community, Norms & Social Events",0.005764146961329138,0.03508964069113405,0.16399190818208684,high,0.9983120092128912,0.0008716466883629259,0.0016879907871087568,0.0006125809372308361,0.00025906575113211695
61229235,middle,Social World Outside Couple,Family & Kinship,0.13908613138681614,0.846696381654687,0.16399190818208684,high,0.9983120092128912,0.0008716466883629259,0.0016879907871087568,0.0006125809372308361,0.00025906575113211695
61229235,middle,Social World Outside Couple,Friends & Social Circles,0.01941891471844379,0.1182139776541791,0.16399190818208684,high,0.9983120092128912,0.0008716466883629259,0.0016879907871087568,0.0006125809372308361,0.00025906575113211695
61229235,middle,"Spaces, Time, Activities & Objects",Domestic Spaces & Routines,0.034603641234291264,0.5495655916719822,0.06285915845202021,high,0.9983120092128912,0.0008716466883629259,0.0016879907871087568,0.0006125809372308361,0.00025906575113211695
61229235,middle,"Spaces, Time, Activities & Objects",Public & Leisure Spaces,0.024362263544664826,0.3869148246203838,0.06285915845202021,high,0.9983120092128912,0.0008716466883629259,0.0016879907871087568,0.0006125809372308361,0.00025906575113211695
61229235,middle,"Spaces, Time, Activities & Objects","Time, Seasons & Temporal Framing",0.003999538761666916,0.06351958370763416,0.06285915845202021,high,0.9983120092128912,0.0008716466883629259,0.0016879907871087568,0.0006125809372308361,0.00025906575113211695
61229235,middle,"Work, Wealth, Status & Institutions",Hero's Elite Work & Business World,0.053542104301170304,0.7939796801028653,0.06732127667985469,high,0.9983120092128912,0.0008716466883629259,0.0016879907871087568,0.0006125809372308361,0.00025906575113211695
61229235,middle,"Work, Wealth, Status & Institutions",Heroine's Work & Professional Identity,0.004675033211119336,0.06932640063146843,0.06732127667985469,high,0.9983120092128912,0.0008716466883629259,0.0016879907871087568,0.0006125809372308361,0.00025906575113211695
61229235,middle,"Work, Wealth, Status & Institutions","Law, Medicine, Education & Formal Institutions",0.0025923543567124884,0.03844220748736732,0.06732127667985469,high,0.9983120092128912,0.0008716466883629259,0.0016879907871087568,0.0006125809372308361,0.00025906575113211695
61229235,middle,"Work, Wealth, Status & Institutions","Money, Housing & Economic Security",0.003230391116207889,0.04790370006054872,0.06732127667985469,high,0.9983120092128912,0.0008716466883629259,0.0016879907871087568,0.0006125809372308361,0.00025906575113211695
61229235,middle,"Work, Wealth, Status & Institutions",Shared Workplaces & Professional Interaction,0.003395223533175408,0.050348011717750295,0.06732127667985469,high,0.9983120092128912,0.0008716466883629259,0.0016879907871087568,0.0006125809372308361,0.00025906575113211695
61273778,middle,"Conflict, Risk & Harm",Interpersonal Non-Romantic Conflict,0.0022591717997789214,0.11251191779562178,0.02005144674157961,high,0.9986078649231831,0.000808122949761958,0.0013921350768169877,0.0007284757917542493,7.964715800756281e-05
61273778,middle,"Conflict, Risk & Harm","Violence, Threats & Coercion",0.017820228178832352,0.8874880822043782,0.02005144674157961,high,0.9986078649231831,0.000808122949761958,0.0013921350768169877,0.0007284757917542493,7.964715800756281e-05
61273778,middle,Embodied & Sensory Experience,Body Parts & Physical Reactions,0.008062545434047403,0.3968449795385285,0.020288328432686034,high,0.9986078649231831,0.000808122949761958,0.0013921350768169877,0.0007284757917542493,7.964715800756281e-05
61273778,middle,Embodied & Sensory Experience,Exercise & Physical Activity,0.012254066466707748,0.6031550204614715,0.020288328432686034,high,0.9986078649231831,0.000808122949761958,0.0013921350768169877,0.0007284757917542493,7.964715800756281e-05
61273778,middle,"Emotions, Cognition & Inner Life",Ambivalence & Internal Conflict,0.018367747226352437,0.09679609297725122,0.1894929462232247,high,0.9986078649231831,0.000808122949761958,0.0013921350768169877,0.0007284757917542493,7.964715800756281e-05
61273778,middle,"Emotions, Cognition & Inner Life","Beliefs, Values & Moral Reflection",0.02276544063508316,0.11997147397695358,0.1894929462232247,high,0.9986078649231831,0.000808122949761958,0.0013921350768169877,0.0007284757917542493,7.964715800756281e-05
61273778,middle,"Emotions, Cognition & Inner Life",Negative Emotions & Distress,0.09833125805995052,0.5181953715088883,0.1894929462232247,high,0.9986078649231831,0.000808122949761958,0.0013921350768169877,0.0007284757917542493,7.964715800756281e-05
61273778,middle,"Emotions, Cognition & Inner Life",Positive Emotions & Security,0.05029266783597575,0.26503706153690687,0.1894929462232247,high,0.9986078649231831,0.000808122949761958,0.0013921350768169877,0.0007284757917542493,7.964715800756281e-05
61273778,middle,Relationship Trajectory (Main Couple),"Bonding, Everyday Intimacy & Growth",0.14560336033283655,0.4335984581461191,0.33533481970689105,high,0.9986078649231831,0.000808122949761958,0.0013921350768169877,0.0007284757917542493,7.964715800756281e-05
61273778,middle,Relationship Trajectory (Main Couple),"Conflict, Distance & Breakup Threats",0.12000557059117214,0.3573697080776968,0.33533481970689105,medium,0.9986078649231831,0.000808122949761958,0.0013921350768169877,0.0007284757917542493,7.964715800756281e-05
61273778,middle,Relationship Trajectory (Main Couple),"Meeting, First Impressions & Setup",0.00029596346684931496,0.0008813622336743701,0.33533481970689105,high,0.9986078649231831,0.000808122949761958,0.0013921350768169877,0.0007284757917542493,7.964715800756281e-05
61273778,middle,Relationship Trajectory (Main Couple),"Reconciliation, Commitments & HEA",0.008892769526981986,0.02648215773821395,0.33533481970689105,high,0.9986078649231831,0.000808122949761958,0.0013921350768169877,0.0007284757917542493,7.964715800756281e-05
61273778,middle,Relationship Trajectory (Main Couple),"Secrets, Misunderstandings & Hidden Information",0.06100463795236044,0.18166831380429582,0.33533481970689105,medium,0.9986078649231831,0.000808122949761958,0.0013921350768169877,0.0007284757917542493,7.964715800756281e-05
61273778,middle,"Sexuality, Attraction & Intimacy",Attraction & Sexual Tension,0.035697677394379235,0.15029923863846048,0.2371800531289955,high,0.9986078649231831,0.000808122949761958,0.0013921350768169877,0.0007284757917542493,7.964715800756281e-05
61273778,middle,"Sexuality, Attraction & Intimacy",Explicit Sexual Acts,0.07255079293471005,0.3054632608232505,0.2371800531289955,high,0.9986078649231831,0.000808122949761958,0.0013921350768169877,0.0007284757917542493,7.964715800756281e-05
61273778,middle,"Sexuality, Attraction & Intimacy",Kissing & Non-Explicit Affection,0.12926222977664276,0.5442375005382891,0.2371800531289955,high,0.9986078649231831,0.000808122949761958,0.0013921350768169877,0.0007284757917542493,7.964715800756281e-05
61273778,middle,Social World Outside Couple,"Community, Norms & Social Events",0.004242583225243545,0.06087614122758009,0.06959503166406236,high,0.9986078649231831,0.000808122949761958,0.0013921350768169877,0.0007284757917542493,7.964715800756281e-05
61273778,middle,Social World Outside Couple,Family & Kinship,0.03966156106139143,0.5690973315770265,0.06959503166406236,high,0.9986078649231831,0.000808122949761958,0.0013921350768169877,0.0007284757917542493,7.964715800756281e-05
61273778,middle,Social World Outside Couple,Friends & Social Circles,0.025787908128169404,0.3700265271953936,0.06959503166406236,high,0.9986078649231831,0.000808122949761958,0.0013921350768169877,0.0007284757917542493,7.964715800756281e-05
61273778,middle,"Spaces, Time, Activities & Objects",Domestic Spaces & Routines,0.04337126533462721,0.6187500338989418,0.06999738877089541,high,0.9986078649231831,0.000808122949761958,0.0013921350768169877,0.0007284757917542493,7.964715800756281e-05
61273778,middle,"Spaces, Time, Activities & Objects",Public & Leisure Spaces,0.02490680042150408,0.3553293519618798,0.06999738877089541,high,0.9986078649231831,0.000808122949761958,0.0013921350768169877,0.0007284757917542493,7.964715800756281e-05
61273778,middle,"Spaces, Time, Activities & Objects","Time, Seasons & Temporal Framing",0.0018169046818192367,0.025920614139178462,0.06999738877089541,high,0.9986078649231831,0.000808122949761958,0.0013921350768169877,0.0007284757917542493,7.964715800756281e-05
61273778,middle,"Work, Wealth, Status & Institutions",Hero's Elite Work & Business World,0.0429947043177147,0.7587243901037309,0.05658820309684086,high,0.9986078649231831,0.000808122949761958,0.0013921350768169877,0.0007284757917542493,7.964715800756281e-05
61273778,middle,"Work, Wealth, Status & Institutions",Heroine's Work & Professional Identity,0.005163872067568374,0.09112647120648365,0.05658820309684086,high,0.9986078649231831,0.000808122949761958,0.0013921350768169877,0.0007284757917542493,7.964715800756281e-05
61273778,middle,"Work, Wealth, Status & Institutions","Law, Medicine, Education & Formal Institutions",0.0035459876428203326,0.06257578356006305,0.05658820309684086,high,0.9986078649231831,0.000808122949761958,0.0013921350768169877,0.0007284757917542493,7.964715800756281e-05
61273778,middle,"Work, Wealth, Status & Institutions","Money, Housing & Economic Security",0.002046505837173293,0.036114538238916874,0.05658820309684086,high,0.9986078649231831,0.000808122949761958,0.0013921350768169877,0.0007284757917542493,7.964715800756281e-05
61273778,middle,"Work, Wealth, Status & Institutions",Shared Workplaces & Professional Interaction,0.002916021477123099,0.05145881689080546,0.05658820309684086,high,0.9986078649231831,0.000808122949761958,0.0013921350768169877,0.0007284757917542493,7.964715800756281e-05
62316382,trash,"Conflict, Risk & Harm",Interpersonal Non-Romantic Conflict,0.0022445864904355422,0.13755110598439613,0.016297101986625248,high,0.998707072395247,0.0004896951102490998,0.0012929276047529458,0.00042748561667299914,6.22094935761138e-05
62316382,trash,"Conflict, Risk & Harm","Violence, Threats & Coercion",0.014073613747737525,0.8624488940156038,0.016297101986625248,high,0.998707072395247,0.0004896951102490998,0.0012929276047529458,0.00042748561667299914,6.22094935761138e-05
62316382,trash,Embodied & Sensory Experience,Body Parts & Physical Reactions,0.004535874312703025,0.3600732385608231,0.012580800988427909,high,0.998707072395247,0.0004896951102490998,0.0012929276047529458,0.00042748561667299914,6.22094935761138e-05
62316382,trash,Embodied & Sensory Experience,Exercise & Physical Activity,0.008061213798683601,0.6399267614391769,0.012580800988427909,high,0.998707072395247,0.0004896951102490998,0.0012929276047529458,0.00042748561667299914,6.22094935761138e-05
62316382,trash,"Emotions, Cognition & Inner Life",Ambivalence & Internal Conflict,0.00734548967049058,0.04380521058106891,0.16746849031917532,high,0.998707072395247,0.0004896951102490998,0.0012929276047529458,0.00042748561667299914,6.22094935761138e-05
62316382,trash,"Emotions, Cognition & Inner Life","Beliefs, Values & Moral Reflection",0.02014373284569973,0.12012820094752631,0.16746849031917532,high,0.998707072395247,0.0004896951102490998,0.0012929276047529458,0.00042748561667299914,6.22094935761138e-05
62316382,trash,"Emotions, Cognition & Inner Life",Negative Emotions & Distress,0.10069317000060288,0.6004889685805238,0.16746849031917532,high,0.998707072395247,0.0004896951102490998,0.0012929276047529458,0.00042748561667299914,6.22094935761138e-05
62316382,trash,"Emotions, Cognition & Inner Life",Positive Emotions & Security,0.039502902749543135,0.23557761989088105,0.16746849031917532,high,0.998707072395247,0.0004896951102490998,0.0012929276047529458,0.00042748561667299914,6.22094935761138e-05
62316382,trash,Relationship Trajectory (Main Couple),"Bonding, Everyday Intimacy & Growth",0.13708227577732673,0.3358314783307827,0.4076599340815962,high,0.998707072395247,0.0004896951102490998,0.0012929276047529458,0.00042748561667299914,6.22094935761138e-05
62316382,trash,Relationship Trajectory (Main Couple),"Conflict, Distance & Breakup Threats",0.1476158522438041,0.36163719636973385,0.4076599340815962,medium,0.998707072395247,0.0004896951102490998,0.0012929276047529458,0.00042748561667299914,6.22094935761138e-05
62316382,trash,Relationship Trajectory (Main Couple),"Meeting, First Impressions & Setup",0.0002221982552113621,0.0005443531492821521,0.4076599340815962,high,0.998707072395247,0.0004896951102490998,0.0012929276047529458,0.00042748561667299914,6.22094935761138e-05
62316382,trash,Relationship Trajectory (Main Couple),"Reconciliation, Commitments & HEA",0.037279913818913796,0.09133032333214847,0.4076599340815962,high,0.998707072395247,0.0004896951102490998,0.0012929276047529458,0.00042748561667299914,6.22094935761138e-05
62316382,trash,Relationship Trajectory (Main Couple),"Secrets, Misunderstandings & Hidden Information",0.08598745112023311,0.21065664881805293,0.4076599340815962,medium,0.998707072395247,0.0004896951102490998,0.0012929276047529458,0.00042748561667299914,6.22094935761138e-05
62316382,trash,"Sexuality, Attraction & Intimacy",Attraction & Sexual Tension,0.03181678513769499,0.1444756785928251,0.21993769918498932,high,0.998707072395247,0.0004896951102490998,0.0012929276047529458,0.00042748561667299914,6.22094935761138e-05
62316382,trash,"Sexuality, Attraction & Intimacy",Explicit Sexual Acts,0.0878509824758791,0.3989193205196511,0.21993769918498932,high,0.998707072395247,0.0004896951102490998,0.0012929276047529458,0.00042748561667299914,6.22094935761138e-05
62316382,trash,"Sexuality, Attraction & Intimacy",Kissing & Non-Explicit Affection,0.10055466323144055,0.45660500088752376,0.21993769918498932,high,0.998707072395247,0.0004896951102490998,0.0012929276047529458,0.00042748561667299914,6.22094935761138e-05
62316382,trash,Social World Outside Couple,"Community, Norms & Social Events",0.002476292342670775,0.04095557359511603,0.06038471589709135,high,0.998707072395247,0.0004896951102490998,0.0012929276047529458,0.00042748561667299914,6.22094935761138e-05
62316382,trash,Social World Outside Couple,Family & Kinship,0.04176545116129483,0.6907617405644301,0.06038471589709135,high,0.998707072395247,0.0004896951102490998,0.0012929276047529458,0.00042748561667299914,6.22094935761138e-05
62316382,trash,Social World Outside Couple,Friends & Social Circles,0.016221146532717317,0.26828268584045395,0.06038471589709135,high,0.998707072395247,0.0004896951102490998,0.0012929276047529458,0.00042748561667299914,6.22094935761138e-05
62316382,trash,"Spaces, Time, Activities & Objects",Domestic Spaces & Routines,0.0315309627027063,0.4940265316547474,0.06374191148225737,high,0.998707072395247,0.0004896951102490998,0.0012929276047529458,0.00042748561667299914,6.22094935761138e-05
62316382,trash,"Spaces, Time, Activities & Objects",Public & Leisure Spaces,0.03059508057846267,0.4793631481026153,0.06374191148225737,high,0.998707072395247,0.0004896951102490998,0.0012929276047529458,0.00042748561667299914,6.22094935761138e-05
62316382,trash,"Spaces, Time, Activities & Objects","Time, Seasons & Temporal Framing",0.001698388570887593,0.0266103202426371,0.06374191148225737,high,0.998707072395247,0.0004896951102490998,0.0012929276047529458,0.00042748561667299914,6.22094935761138e-05
62316382,trash,"Work, Wealth, Status & Institutions",Hero's Elite Work & Business World,0.038175049149679084,0.7538564093773161,0.05057420896150821,high,0.998707072395247,0.0004896951102490998,0.0012929276047529458,0.00042748561667299914,6.22094935761138e-05
62316382,trash,"Work, Wealth, Status & Institutions",Heroine's Work & Professional Identity,0.00566234657622319,0.11181639195446687,0.05057420896150821,high,0.998707072395247,0.0004896951102490998,0.0012929276047529458,0.00042748561667299914,6.22094935761138e-05
62316382,trash,"Work, Wealth, Status & Institutions","Law, Medicine, Education & Formal Institutions",0.0034974681940641377,0.06906576084161299,0.05057420896150821,high,0.998707072395247,0.0004896951102490998,0.0012929276047529458,0.00042748561667299914,6.22094935761138e-05
62316382,trash,"Work, Wealth, Status & Institutions","Money, Housing & Economic Security",0.001333864820507425,0.0263403077816574,0.05057420896150821,high,0.998707072395247,0.0004896951102490998,0.0012929276047529458,0.00042748561667299914,6.22094935761138e-05
62316382,trash,"Work, Wealth, Status & Institutions",Shared Workplaces & Professional Interaction,0.001970953664311442,0.03892113004494659,0.05057420896150821,high,0.998707072395247,0.0004896951102490998,0.0012929276047529458,0.00042748561667299914,6.22094935761138e-05
62322599,middle,"Conflict, Risk & Harm",Interpersonal Non-Romantic Conflict,0.0026663340568547655,0.1334879811568208,0.019926933633598574,high,0.9976267356884739,0.001606552204975853,0.0023732643115260714,0.0015455839893822652,6.096821559350254e-05
62322599,middle,"Conflict, Risk & Harm","Violence, Threats & Coercion",0.017308003960306295,0.8665120188431793,0.019926933633598574,high,0.9976267356884739,0.001606552204975853,0.0023732643115260714,0.0015455839893822652,6.096821559350254e-05
62322599,middle,Embodied & Sensory Experience,Body Parts & Physical Reactions,0.009188993178277247,0.4556394542640683,0.020119384269553384,high,0.9976267356884739,0.001606552204975853,0.0023732643115260714,0.0015455839893822652,6.096821559350254e-05
62322599,middle,Embodied & Sensory Experience,Exercise & Physical Activity,0.010978253297599083,0.5443605457359316,0.020119384269553384,high,0.9976267356884739,0.001606552204975853,0.0023732643115260714,0.0015455839893822652,6.096821559350254e-05
62322599,middle,"Emotions, Cognition & Inner Life",Ambivalence & Internal Conflict,0.009366871325798996,0.04903303745941456,0.19057847012038634,high,0.9976267356884739,0.001606552204975853,0.0023732643115260714,0.0015455839893822652,6.096821559350254e-05
62322599,middle,"Emotions, Cognition & Inner Life","Beliefs, Values & Moral Reflection",0.021073764876747083,0.11031545824339513,0.19057847012038634,high,0.9976267356884739,0.001606552204975853,0.0023732643115260714,0.0015455839893822652,6.096821559350254e-05
62322599,middle,"Emotions, Cognition & Inner Life",Negative Emotions & Distress,0.11691039470076853,0.6119942895947429,0.19057847012038634,high,0.9976267356884739,0.001606552204975853,0.0023732643115260714,0.0015455839893822652,6.096821559350254e-05
62322599,middle,"Emotions, Cognition & Inner Life",Positive Emotions & Security,0.043680808263331115,0.2286572147024474,0.19057847012038634,high,0.9976267356884739,0.001606552204975853,0.0023732643115260714,0.0015455839893822652,6.096821559350254e-05
62322599,middle,Relationship Trajectory (Main Couple),"Bonding, Everyday Intimacy & Growth",0.14364047633830593,0.4396043979073973,0.32597394431051097,high,0.9976267356884739,0.001606552204975853,0.0023732643115260714,0.0015455839893822652,6.096821559350254e-05
62322599,middle,Relationship Trajectory (Main Couple),"Conflict, Distance & Breakup Threats",0.11579649345145367,0.354389299459173,0.32597394431051097,medium,0.9976267356884739,0.001606552204975853,0.0023732643115260714,0.0015455839893822652,6.096821559350254e-05
62322599,middle,Relationship Trajectory (Main Couple),"Meeting, First Impressions & Setup",0.0002477211530967577,0.0007581380341537143,0.32597394431051097,high,0.9976267356884739,0.001606552204975853,0.0023732643115260714,0.0015455839893822652,6.096821559350254e-05
62322599,middle,Relationship Trajectory (Main Couple),"Reconciliation, Commitments & HEA",0.009094443783437623,0.027833084278449976,0.32597394431051097,high,0.9976267356884739,0.001606552204975853,0.0023732643115260714,0.0015455839893822652,6.096821559350254e-05
62322599,middle,Relationship Trajectory (Main Couple),"Secrets, Misunderstandings & Hidden Information",0.05797027229070272,0.17741508032082595,0.32597394431051097,medium,0.9976267356884739,0.001606552204975853,0.0023732643115260714,0.0015455839893822652,6.096821559350254e-05
62322599,middle,"Sexuality, Attraction & Intimacy",Attraction & Sexual Tension,0.040087256938862496,0.18745350906339653,0.21334420189006562,high,0.9976267356884739,0.001606552204975853,0.0023732643115260714,0.0015455839893822652,6.096821559350254e-05
62322599,middle,"Sexuality, Attraction & Intimacy",Explicit Sexual Acts,0.10252722705061841,0.4794313692874833,0.21334420189006562,high,0.9976267356884739,0.001606552204975853,0.0023732643115260714,0.0015455839893822652,6.096821559350254e-05
62322599,middle,"Sexuality, Attraction & Intimacy",Kissing & Non-Explicit Affection,0.07123724457594721,0.33311512164912016,0.21334420189006562,high,0.9976267356884739,0.001606552204975853,0.0023732643115260714,0.0015455839893822652,6.096821559350254e-05
62322599,middle,Social World Outside Couple,"Community, Norms & Social Events",0.005623320063293262,0.06035918254712447,0.09294318116543182,high,0.9976267356884739,0.001606552204975853,0.0023732643115260714,0.0015455839893822652,6.096821559350254e-05
62322599,middle,Social World Outside Couple,Family & Kinship,0.06360056462781705,0.6826710995038723,0.09294318116543182,high,0.9976267356884739,0.001606552204975853,0.0023732643115260714,0.0015455839893822652,6.096821559350254e-05
62322599,middle,Social World Outside Couple,Friends & Social Circles,0.02394039994616,0.25696971794900314,0.09294318116543182,high,0.9976267356884739,0.001606552204975853,0.0023732643115260714,0.0015455839893822652,6.096821559350254e-05
62322599,middle,"Spaces, Time, Activities & Objects",Domestic Spaces & Routines,0.047189292575148374,0.6033307129828402,0.07802901277550671,high,0.9976267356884739,0.001606552204975853,0.0023732643115260714,0.0015455839893822652,6.096821559350254e-05
62322599,middle,"Spaces, Time, Activities & Objects",Public & Leisure Spaces,0.028617285188885146,0.36588145603471284,0.07802901277550671,high,0.9976267356884739,0.001606552204975853,0.0023732643115260714,0.0015455839893822652,6.096821559350254e-05
62322599,middle,"Spaces, Time, Activities & Objects","Time, Seasons & Temporal Framing",0.002408059017585975,0.03078783098244689,0.07802901277550671,high,0.9976267356884739,0.001606552204975853,0.0023732643115260714,0.0015455839893822652,6.096821559350254e-05
62322599,middle,"Work, Wealth, Status & Institutions",Hero's Elite Work & Business World,0.04318032308658908,0.7604123323793766,0.05665063930782699,high,0.9976267356884739,0.001606552204975853,0.0023732643115260714,0.0015455839893822652,6.096821559350254e-05
62322599,middle,"Work, Wealth, Status & Institutions",Heroine's Work & Professional Identity,0.0052924388217893675,0.09320068634923946,0.05665063930782699,high,0.9976267356884739,0.001606552204975853,0.0023732643115260714,0.0015455839893822652,6.096821559350254e-05
62322599,middle,"Work, Wealth, Status & Institutions","Law, Medicine, Education & Formal Institutions",0.00311667210764679,0.05488508971748529,0.05665063930782699,high,0.9976267356884739,0.001606552204975853,0.0023732643115260714,0.0015455839893822652,6.096821559350254e-05
62322599,middle,"Work, Wealth, Status & Institutions","Money, Housing & Economic Security",0.001144152898369012,0.020148713855214696,0.05665063930782699,high,0.9976267356884739,0.001606552204975853,0.0023732643115260714,0.0015455839893822652,6.096821559350254e-05
62322599,middle,"Work, Wealth, Status & Institutions",Shared Workplaces & Professional Interaction,0.004051819171110988,0.07135317769868403,0.05665063930782699,high,0.9976267356884739,0.001606552204975853,0.0023732643115260714,0.0015455839893822652,6.096821559350254e-05
62626163,top,"Conflict, Risk & Harm",Interpersonal Non-Romantic Conflict,0.002609888108434507,0.14393348067838538,0.018113684854719342,high,0.9989568903836908,0.0006857689138296541,0.0010431096163092506,0.00048218313423116813,0.0002035857795985302
62626163,top,"Conflict, Risk & Harm","Violence, Threats & Coercion",0.015522711034819841,0.8560665193216146,0.018113684854719342,high,0.9989568903836908,0.0006857689138296541,0.0010431096163092506,0.00048218313423116813,0.0002035857795985302
62626163,top,Embodied & Sensory Experience,Body Parts & Physical Reactions,0.009007133431641312,0.4356332727271888,0.02065438653896883,high,0.9989568903836908,0.0006857689138296541,0.0010431096163092506,0.00048218313423116813,0.0002035857795985302
62626163,top,Embodied & Sensory Experience,Exercise & Physical Activity,0.011668820393588984,0.5643667272728112,0.02065438653896883,high,0.9989568903836908,0.0006857689138296541,0.0010431096163092506,0.00048218313423116813,0.0002035857795985302
62626163,top,"Emotions, Cognition & Inner Life",Ambivalence & Internal Conflict,0.007769465029748354,0.03900111748764094,0.19900354466821987,high,0.9989568903836908,0.0006857689138296541,0.0010431096163092506,0.00048218313423116813,0.0002035857795985302
62626163,top,"Emotions, Cognition & Inner Life","Beliefs, Values & Moral Reflection",0.022993989342057104,0.11542510023604277,0.19900354466821987,high,0.9989568903836908,0.0006857689138296541,0.0010431096163092506,0.00048218313423116813,0.0002035857795985302
62626163,top,"Emotions, Cognition & Inner Life",Negative Emotions & Distress,0.12266008883580302,0.6157284339929097,0.19900354466821987,high,0.9989568903836908,0.0006857689138296541,0.0010431096163092506,0.00048218313423116813,0.0002035857795985302
62626163,top,"Emotions, Cognition & Inner Life",Positive Emotions & Security,0.0457878007291497,0.2298453482834067,0.19900354466821987,high,0.9989568903836908,0.0006857689138296541,0.0010431096163092506,0.00048218313423116813,0.0002035857795985302
62626163,top,Relationship Trajectory (Main Couple),"Bonding, Everyday Intimacy & Growth",0.15533426842431858,0.39698006806847763,0.3908816845898071,high,0.9989568903836908,0.0006857689138296541,0.0010431096163092506,0.00048218313423116813,0.0002035857795985302
62626163,top,Relationship Trajectory (Main Couple),"Conflict, Distance & Breakup Threats",0.11708893653778263,0.2992383745604814,0.3908816845898071,medium,0.9989568903836908,0.0006857689138296541,0.0010431096163092506,0.00048218313423116813,0.0002035857795985302
62626163,top,Relationship Trajectory (Main Couple),"Meeting, First Impressions & Setup",0.011970603975521155,0.030592677515576507,0.3908816845898071,high,0.9989568903836908,0.0006857689138296541,0.0010431096163092506,0.00048218313423116813,0.0002035857795985302
62626163,top,Relationship Trajectory (Main Couple),"Reconciliation, Commitments & HEA",0.02391262273642157,0.061112301219132,0.3908816845898071,high,0.9989568903836908,0.0006857689138296541,0.0010431096163092506,0.00048218313423116813,0.0002035857795985302
62626163,top,Relationship Trajectory (Main Couple),"Secrets, Misunderstandings & Hidden Information",0.08298341111353898,0.21207657863633242,0.3908816845898071,medium,0.9989568903836908,0.0006857689138296541,0.0010431096163092506,0.00048218313423116813,0.0002035857795985302
62626163,top,"Sexuality, Attraction & Intimacy",Attraction & Sexual Tension,0.03291381377461255,0.1834137004576988,0.1792640406736569,high,0.9989568903836908,0.0006857689138296541,0.0010431096163092506,0.00048218313423116813,0.0002035857795985302
62626163,top,"Sexuality, Attraction & Intimacy",Explicit Sexual Acts,0.08671907323906787,0.4832459171081542,0.1792640406736569,high,0.9989568903836908,0.0006857689138296541,0.0010431096163092506,0.00048218313423116813,0.0002035857795985302
62626163,top,"Sexuality, Attraction & Intimacy",Kissing & Non-Explicit Affection,0.059818340961535904,0.33334038243414693,0.1792640406736569,high,0.9989568903836908,0.0006857689138296541,0.0010431096163092506,0.00048218313423116813,0.0002035857795985302
62626163,top,Social World Outside Couple,"Community, Norms & Social Events",0.0036031858491505308,0.05359766782758248,0.06715641700905486,high,0.9989568903836908,0.0006857689138296541,0.0010431096163092506,0.00048218313423116813,0.0002035857795985302
62626163,top,Social World Outside Couple,Family & Kinship,0.04199516835501994,0.624681373120515,0.06715641700905486,high,0.9989568903836908,0.0006857689138296541,0.0010431096163092506,0.00048218313423116813,0.0002035857795985302
62626163,top,Social World Outside Couple,Friends & Social Circles,0.02162818745696233,0.32172095905190257,0.06715641700905486,high,0.9989568903836908,0.0006857689138296541,0.0010431096163092506,0.00048218313423116813,0.0002035857795985302
62626163,top,"Spaces, Time, Activities & Objects",Domestic Spaces & Routines,0.041457646706834966,0.6052039440142734,0.0684304890053869,high,0.9989568903836908,0.0006857689138296541,0.0010431096163092506,0.00048218313423116813,0.0002035857795985302
62626163,top,"Spaces, Time, Activities & Objects",Public & Leisure Spaces,0.025194444278261098,0.3677916682602637,0.0684304890053869,high,0.9989568903836908,0.0006857689138296541,0.0010431096163092506,0.00048218313423116813,0.0002035857795985302
62626163,top,"Spaces, Time, Activities & Objects","Time, Seasons & Temporal Framing",0.001849853056856867,0.027004387725463,0.0684304890053869,high,0.9989568903836908,0.0006857689138296541,0.0010431096163092506,0.00048218313423116813,0.0002035857795985302
62626163,top,"Work, Wealth, Status & Institutions",Hero's Elite Work & Business World,0.04287344375723222,0.7751937168972448,0.055249057264278485,high,0.9989568903836908,0.0006857689138296541,0.0010431096163092506,0.00048218313423116813,0.0002035857795985302
62626163,top,"Work, Wealth, Status & Institutions",Heroine's Work & Professional Identity,0.004569073813789258,0.08261331495890593,0.055249057264278485,high,0.9989568903836908,0.0006857689138296541,0.0010431096163092506,0.00048218313423116813,0.0002035857795985302
62626163,top,"Work, Wealth, Status & Institutions","Law, Medicine, Education & Formal Institutions",0.004091561677427715,0.07397942937822624,0.055249057264278485,high,0.9989568903836908,0.0006857689138296541,0.0010431096163092506,0.00048218313423116813,0.0002035857795985302
62626163,top,"Work, Wealth, Status & Institutions","Money, Housing & Economic Security",0.0016807153729688534,0.030388974685484293,0.055249057264278485,high,0.9989568903836908,0.0006857689138296541,0.0010431096163092506,0.00048218313423116813,0.0002035857795985302
62626163,top,"Work, Wealth, Status & Institutions",Shared Workplaces & Professional Interaction,0.0020919536438226993,0.03782456408013871,0.055249057264278485,high,0.9989568903836908,0.0006857689138296541,0.0010431096163092506,0.00048218313423116813,0.0002035857795985302
63046139,top,"Conflict, Risk & Harm",Interpersonal Non-Romantic Conflict,0.007855024908543421,0.2654814514106107,0.029381390356489262,high,0.9930222051643252,0.004352351028156232,0.006977794835674853,0.004275852609764015,7.649841839228388e-05
63046139,top,"Conflict, Risk & Harm","Violence, Threats & Coercion",0.021732823382952977,0.7345185485893894,0.029381390356489262,high,0.9930222051643252,0.004352351028156232,0.006977794835674853,0.004275852609764015,7.649841839228388e-05
63046139,top,Embodied & Sensory Experience,Body Parts & Physical Reactions,0.015134174018219608,0.5788900618229981,0.025961010298891987,high,0.9930222051643252,0.004352351028156232,0.006977794835674853,0.004275852609764015,7.649841839228388e-05
63046139,top,Embodied & Sensory Experience,Exercise & Physical Activity,0.011009259798143002,0.42110993817700204,0.025961010298891987,high,0.9930222051643252,0.004352351028156232,0.006977794835674853,0.004275852609764015,7.649841839228388e-05
63046139,top,"Emotions, Cognition & Inner Life",Ambivalence & Internal Conflict,0.017503880090226808,0.09373890132669578,0.18542719575462774,high,0.9930222051643252,0.004352351028156232,0.006977794835674853,0.004275852609764015,7.649841839228388e-05
63046139,top,"Emotions, Cognition & Inner Life","Beliefs, Values & Moral Reflection",0.02261008827744336,0.12108428663256919,0.18542719575462774,high,0.9930222051643252,0.004352351028156232,0.006977794835674853,0.004275852609764015,7.649841839228388e-05
63046139,top,"Emotions, Cognition & Inner Life",Negative Emotions & Distress,0.10136027216756668,0.5428168213096715,0.18542719575462774,high,0.9930222051643252,0.004352351028156232,0.006977794835674853,0.004275852609764015,7.649841839228388e-05
63046139,top,"Emotions, Cognition & Inner Life",Positive Emotions & Security,0.045255919969022236,0.2423599907310635,0.18542719575462774,high,0.9930222051643252,0.004352351028156232,0.006977794835674853,0.004275852609764015,7.649841839228388e-05
63046139,top,Relationship Trajectory (Main Couple),"Bonding, Everyday Intimacy & Growth",0.15885994094292497,0.4381590489388983,0.36003238835178414,high,0.9930222051643252,0.004352351028156232,0.006977794835674853,0.004275852609764015,7.649841839228388e-05
63046139,top,Relationship Trajectory (Main Couple),"Conflict, Distance & Breakup Threats",0.13057623350059364,0.3601484297743702,0.36003238835178414,medium,0.9930222051643252,0.004352351028156232,0.006977794835674853,0.004275852609764015,7.649841839228388e-05
63046139,top,Relationship Trajectory (Main Couple),"Meeting, First Impressions & Setup",0.00026288889190804077,0.0007250861744712111,0.36003238835178414,high,0.9930222051643252,0.004352351028156232,0.006977794835674853,0.004275852609764015,7.649841839228388e-05
63046139,top,Relationship Trajectory (Main Couple),"Reconciliation, Commitments & HEA",0.005367283314067515,0.014803755675084665,0.36003238835178414,high,0.9930222051643252,0.004352351028156232,0.006977794835674853,0.004275852609764015,7.649841839228388e-05
63046139,top,Relationship Trajectory (Main Couple),"Secrets, Misunderstandings & Hidden Information",0.06749592686200905,0.18616367943717552,0.36003238835178414,medium,0.9930222051643252,0.004352351028156232,0.006977794835674853,0.004275852609764015,7.649841839228388e-05
63046139,top,"Sexuality, Attraction & Intimacy",Attraction & Sexual Tension,0.035154354374223984,0.19023862231017777,0.1835014051189983,high,0.9930222051643252,0.004352351028156232,0.006977794835674853,0.004275852609764015,7.649841839228388e-05
63046139,top,"Sexuality, Attraction & Intimacy",Explicit Sexual Acts,0.08987918382758395,0.4863833345851405,0.1835014051189983,high,0.9930222051643252,0.004352351028156232,0.006977794835674853,0.004275852609764015,7.649841839228388e-05
63046139,top,"Sexuality, Attraction & Intimacy",Kissing & Non-Explicit Affection,0.059757299469976585,0.3233780431046818,0.1835014051189983,high,0.9930222051643252,0.004352351028156232,0.006977794835674853,0.004275852609764015,7.649841839228388e-05
63046139,top,Social World Outside Couple,"Community, Norms & Social Events",0.004606335693973639,0.08471381315918498,0.053995841504165525,high,0.9930222051643252,0.004352351028156232,0.006977794835674853,0.004275852609764015,7.649841839228388e-05
63046139,top,Social World Outside Couple,Family & Kinship,0.03169953114659902,0.5829770857343257,0.053995841504165525,high,0.9930222051643252,0.004352351028156232,0.006977794835674853,0.004275852609764015,7.649841839228388e-05
63046139,top,Social World Outside Couple,Friends & Social Circles,0.018069394078421896,0.33230910110648926,0.053995841504165525,high,0.9930222051643252,0.004352351028156232,0.006977794835674853,0.004275852609764015,7.649841839228388e-05
63046139,top,"Spaces, Time, Activities & Objects",Domestic Spaces & Routines,0.051070268105191254,0.7770013884113379,0.06526875113549065,high,0.9930222051643252,0.004352351028156232,0.006977794835674853,0.004275852609764015,7.649841839228388e-05
63046139,top,"Spaces, Time, Activities & Objects",Public & Leisure Spaces,0.013345078633799879,0.2030368159721286,0.06526875113549065,high,0.9930222051643252,0.004352351028156232,0.006977794835674853,0.004275852609764015,7.649841839228388e-05
63046139,top,"Spaces, Time, Activities & Objects","Time, Seasons & Temporal Framing",0.0013120365924722123,0.01996179561653335,0.06526875113549065,high,0.9930222051643252,0.004352351028156232,0.006977794835674853,0.004275852609764015,7.649841839228388e-05
63046139,top,"Work, Wealth, Status & Institutions",Hero's Elite Work & Business World,0.07489945738237942,0.8321628792854615,0.08937772422548532,high,0.9930222051643252,0.004352351028156232,0.006977794835674853,0.004275852609764015,7.649841839228388e-05
63046139,top,"Work, Wealth, Status & Institutions",Heroine's Work & Professional Identity,0.005872787394276942,0.0652490129868763,0.08937772422548532,high,0.9930222051643252,0.004352351028156232,0.006977794835674853,0.004275852609764015,7.649841839228388e-05
63046139,top,"Work, Wealth, Status & Institutions","Law, Medicine, Education & Formal Institutions",0.0022076733624135183,0.024528132592587373,0.08937772422548532,high,0.9930222051643252,0.004352351028156232,0.006977794835674853,0.004275852609764015,7.649841839228388e-05
63046139,top,"Work, Wealth, Status & Institutions","Money, Housing & Economic Security",0.0016048909677894509,0.017830979493972842,0.08937772422548532,high,0.9930222051643252,0.004352351028156232,0.006977794835674853,0.004275852609764015,7.649841839228388e-05
63046139,top,"Work, Wealth, Status & Institutions",Shared Workplaces & Professional Interaction,0.005420956887764233,0.06022899564110205,0.08937772422548532,high,0.9930222051643252,0.004352351028156232,0.006977794835674853,0.004275852609764015,7.649841839228388e-05
63095160,middle,"Conflict, Risk & Harm",Interpersonal Non-Romantic Conflict,0.0024110522687517573,0.13893794828102723,0.017333544435366048,high,0.9988531279475689,0.0006967401777941973,0.0011468720524312102,0.000629318218062976,6.742195973121632e-05
63095160,middle,"Conflict, Risk & Harm","Violence, Threats & Coercion",0.014942394349554182,0.8610620517189728,0.017333544435366048,high,0.9988531279475689,0.0006967401777941973,0.0011468720524312102,0.000629318218062976,6.742195973121632e-05
63095160,middle,Embodied & Sensory Experience,Body Parts & Physical Reactions,0.00786197843061968,0.38024868615450313,0.02065217325718769,high,0.9988531279475689,0.0006967401777941973,0.0011468720524312102,0.000629318218062976,6.742195973121632e-05
63095160,middle,Embodied & Sensory Experience,Exercise & Physical Activity,0.01281390742221188,0.6197513138454968,0.02065217325718769,high,0.9988531279475689,0.0006967401777941973,0.0011468720524312102,0.000629318218062976,6.742195973121632e-05
63095160,middle,"Emotions, Cognition & Inner Life",Ambivalence & Internal Conflict,0.00718626678008871,0.042612124789185774,0.16845029641373271,high,0.9988531279475689,0.0006967401777941973,0.0011468720524312102,0.000629318218062976,6.742195973121632e-05
63095160,middle,"Emotions, Cognition & Inner Life","Beliefs, Values & Moral Reflection",0.02180071795756933,0.1292708637919952,0.16845029641373271,high,0.9988531279475689,0.0006967401777941973,0.0011468720524312102,0.000629318218062976,6.742195973121632e-05
63095160,middle,"Emotions, Cognition & Inner Life",Negative Emotions & Distress,0.09891954655085679,0.5865593625599783,0.16845029641373271,high,0.9988531279475689,0.0006967401777941973,0.0011468720524312102,0.000629318218062976,6.742195973121632e-05
63095160,middle,"Emotions, Cognition & Inner Life",Positive Emotions & Security,0.04073717788208398,0.24155764885884082,0.16845029641373271,high,0.9988531279475689,0.0006967401777941973,0.0011468720524312102,0.000629318218062976,6.742195973121632e-05
63095160,middle,Relationship Trajectory (Main Couple),"Bonding, Everyday Intimacy & Growth",0.1728770405189913,0.4621523200316998,0.37364038908399017,high,0.9988531279475689,0.0006967401777941973,0.0011468720524312102,0.000629318218062976,6.742195973121632e-05
63095160,middle,Relationship Trajectory (Main Couple),"Conflict, Distance & Breakup Threats",0.11514663727185327,0.30782159041639573,0.37364038908399017,medium,0.9988531279475689,0.0006967401777941973,0.0011468720524312102,0.000629318218062976,6.742195973121632e-05
63095160,middle,Relationship Trajectory (Main Couple),"Meeting, First Impressions & Setup",0.00021016730996837487,0.0005618404248772165,0.37364038908399017,high,0.9988531279475689,0.0006967401777941973,0.0011468720524312102,0.000629318218062976,6.742195973121632e-05
63095160,middle,Relationship Trajectory (Main Couple),"Reconciliation, Commitments & HEA",0.02918516346604948,0.07802071903734063,0.37364038908399017,high,0.9988531279475689,0.0006967401777941973,0.0011468720524312102,0.000629318218062976,6.742195973121632e-05
63095160,middle,Relationship Trajectory (Main Couple),"Secrets, Misunderstandings & Hidden Information",0.05665039025630776,0.15144353008968664,0.37364038908399017,medium,0.9988531279475689,0.0006967401777941973,0.0011468720524312102,0.000629318218062976,6.742195973121632e-05
63095160,middle,"Sexuality, Attraction & Intimacy",Attraction & Sexual Tension,0.038924996034144475,0.15922494411769433,0.244185069490825,high,0.9988531279475689,0.0006967401777941973,0.0011468720524312102,0.000629318218062976,6.742195973121632e-05
63095160,middle,"Sexuality, Attraction & Intimacy",Explicit Sexual Acts,0.09119385169726939,0.37303371662871804,0.244185069490825,high,0.9988531279475689,0.0006967401777941973,0.0011468720524312102,0.000629318218062976,6.742195973121632e-05
63095160,middle,"Sexuality, Attraction & Intimacy",Kissing & Non-Explicit Affection,0.11434659234041478,0.4677413392535875,0.244185069490825,high,0.9988531279475689,0.0006967401777941973,0.0011468720524312102,0.000629318218062976,6.742195973121632e-05
63095160,middle,Social World Outside Couple,"Community, Norms & Social Events",0.0036971409378006395,0.0671830993193269,0.054967705086550266,high,0.9988531279475689,0.0006967401777941973,0.0011468720524312102,0.000629318218062976,6.742195973121632e-05
63095160,middle,Social World Outside Couple,Family & Kinship,0.036291628860545926,0.6594782690780077,0.054967705086550266,high,0.9988531279475689,0.0006967401777941973,0.0011468720524312102,0.000629318218062976,6.742195973121632e-05
63095160,middle,Social World Outside Couple,Friends & Social Circles,0.015042048595842404,0.2733386316026654,0.054967705086550266,high,0.9988531279475689,0.0006967401777941973,0.0011468720524312102,0.000629318218062976,6.742195973121632e-05
63095160,middle,"Spaces, Time, Activities & Objects",Domestic Spaces & Routines,0.032601398619355175,0.5555679803113731,0.05861390530130565,high,0.9988531279475689,0.0006967401777941973,0.0011468720524312102,0.000629318218062976,6.742195973121632e-05
63095160,middle,"Spaces, Time, Activities & Objects",Public & Leisure Spaces,0.02439136595642113,0.4156589132773992,0.05861390530130565,high,0.9988531279475689,0.0006967401777941973,0.0011468720524312102,0.000629318218062976,6.742195973121632e-05
63095160,middle,"Spaces, Time, Activities & Objects","Time, Seasons & Temporal Framing",0.001688440559702204,0.028773106411227694,0.05861390530130565,high,0.9988531279475689,0.0006967401777941973,0.0011468720524312102,0.000629318218062976,6.742195973121632e-05
63095160,middle,"Work, Wealth, Status & Institutions",Hero's Elite Work & Business World,0.04758693127369999,0.7799525664563359,0.06094262291888007,high,0.9988531279475689,0.0006967401777941973,0.0011468720524312102,0.000629318218062976,6.742195973121632e-05
63095160,middle,"Work, Wealth, Status & Institutions",Heroine's Work & Professional Identity,0.006128479687486963,0.10044613789527367,0.06094262291888007,high,0.9988531279475689,0.0006967401777941973,0.0011468720524312102,0.000629318218062976,6.742195973121632e-05
63095160,middle,"Work, Wealth, Status & Institutions","Law, Medicine, Education & Formal Institutions",0.0027964986242447563,0.04583477481509225,0.06094262291888007,high,0.9988531279475689,0.0006967401777941973,0.0011468720524312102,0.000629318218062976,6.742195973121632e-05
63095160,middle,"Work, Wealth, Status & Institutions","Money, Housing & Economic Security",0.001295946609098901,0.02124064016533259,0.06094262291888007,high,0.9988531279475689,0.0006967401777941973,0.0011468720524312102,0.000629318218062976,6.742195973121632e-05
63095160,middle,"Work, Wealth, Status & Institutions",Shared Workplaces & Professional Interaction,0.0032047403661912026,0.052525880667965597,0.06094262291888007,high,0.9988531279475689,0.0006967401777941973,0.0011468720524312102,0.000629318218062976,6.742195973121632e-05
63130875,trash,"Conflict, Risk & Harm",Interpersonal Non-Romantic Conflict,0.0033138988279277767,0.1572335424990908,0.021047719011658052,high,0.9986446761254546,0.00048081604197891537,0.001355323874545417,0.000428779186539014,5.203685543996947e-05
63130875,trash,"Conflict, Risk & Harm","Violence, Threats & Coercion",0.017762385374897067,0.8427664575009092,0.021047719011658052,high,0.9986446761254546,0.00048081604197891537,0.001355323874545417,0.000428779186539014,5.203685543996947e-05
63130875,trash,Embodied & Sensory Experience,Body Parts & Physical Reactions,0.008246703604701386,0.4733072168369648,0.017399960020589418,high,0.9986446761254546,0.00048081604197891537,0.001355323874545417,0.000428779186539014,5.203685543996947e-05
63130875,trash,Embodied & Sensory Experience,Exercise & Physical Activity,0.009176871002533143,0.5266927831630354,0.017399960020589418,high,0.9986446761254546,0.00048081604197891537,0.001355323874545417,0.000428779186539014,5.203685543996947e-05
63130875,trash,"Emotions, Cognition & Inner Life",Ambivalence & Internal Conflict,0.009116722290376692,0.0461347384068313,0.19734296743407645,high,0.9986446761254546,0.00048081604197891537,0.001355323874545417,0.000428779186539014,5.203685543996947e-05
63130875,trash,"Emotions, Cognition & Inner Life","Beliefs, Values & Moral Reflection",0.02590038760080392,0.1310676763577553,0.19734296743407645,high,0.9986446761254546,0.00048081604197891537,0.001355323874545417,0.000428779186539014,5.203685543996947e-05
63130875,trash,"Emotions, Cognition & Inner Life",Negative Emotions & Distress,0.11313210064076647,0.5724996004305639,0.19734296743407645,high,0.9986446761254546,0.00048081604197891537,0.001355323874545417,0.000428779186539014,5.203685543996947e-05
63130875,trash,"Emotions, Cognition & Inner Life",Positive Emotions & Security,0.049461583529188315,0.25029798480484955,0.19734296743407645,high,0.9986446761254546,0.00048081604197891537,0.001355323874545417,0.000428779186539014,5.203685543996947e-05
63130875,trash,Relationship Trajectory (Main Couple),"Bonding, Everyday Intimacy & Growth",0.15117109419066774,0.41696437605849535,0.36206020721633814,high,0.9986446761254546,0.00048081604197891537,0.001355323874545417,0.000428779186539014,5.203685543996947e-05
63130875,trash,Relationship Trajectory (Main Couple),"Conflict, Distance & Breakup Threats",0.13123165522462435,0.3619668530734035,0.36206020721633814,medium,0.9986446761254546,0.00048081604197891537,0.001355323874545417,0.000428779186539014,5.203685543996947e-05
63130875,trash,Relationship Trajectory (Main Couple),"Meeting, First Impressions & Setup",0.00021903697717282704,0.000604153968783305,0.36206020721633814,high,0.9986446761254546,0.00048081604197891537,0.001355323874545417,0.000428779186539014,5.203685543996947e-05
63130875,trash,Relationship Trajectory (Main Couple),"Reconciliation, Commitments & HEA",0.02141780423077767,0.05907519175832306,0.36206020721633814,high,0.9986446761254546,0.00048081604197891537,0.001355323874545417,0.000428779186539014,5.203685543996947e-05
63130875,trash,Relationship Trajectory (Main Couple),"Secrets, Misunderstandings & Hidden Information",0.0585119914079767,0.16138942514099483,0.36206020721633814,medium,0.9986446761254546,0.00048081604197891537,0.001355323874545417,0.000428779186539014,5.203685543996947e-05
63130875,trash,"Sexuality, Attraction & Intimacy",Attraction & Sexual Tension,0.03938068500185757,0.21836361134760598,0.18010011455926475,high,0.9986446761254546,0.00048081604197891537,0.001355323874545417,0.000428779186539014,5.203685543996947e-05
63130875,trash,"Sexuality, Attraction & Intimacy",Explicit Sexual Acts,0.08935702604329876,0.49547952010424423,0.18010011455926475,high,0.9986446761254546,0.00048081604197891537,0.001355323874545417,0.000428779186539014,5.203685543996947e-05
63130875,trash,"Sexuality, Attraction & Intimacy",Kissing & Non-Explicit Affection,0.05160682877456998,0.2861568685481497,0.18010011455926475,high,0.9986446761254546,0.00048081604197891537,0.001355323874545417,0.000428779186539014,5.203685543996947e-05
63130875,trash,Social World Outside Couple,"Community, Norms & Social Events",0.004294185012789921,0.054262232631698756,0.07903038252088446,high,0.9986446761254546,0.00048081604197891537,0.001355323874545417,0.000428779186539014,5.203685543996947e-05
63130875,trash,Social World Outside Couple,Family & Kinship,0.05280271866428698,0.6672263526638721,0.07903038252088446,high,0.9986446761254546,0.00048081604197891537,0.001355323874545417,0.000428779186539014,5.203685543996947e-05
63130875,trash,Social World Outside Couple,Friends & Social Circles,0.022040735976204824,0.2785114147044292,0.07903038252088446,high,0.9986446761254546,0.00048081604197891537,0.001355323874545417,0.000428779186539014,5.203685543996947e-05
63130875,trash,"Spaces, Time, Activities & Objects",Domestic Spaces & Routines,0.041605303761247894,0.5508151498580983,0.07543168540381731,high,0.9986446761254546,0.00048081604197891537,0.001355323874545417,0.000428779186539014,5.203685543996947e-05
63130875,trash,"Spaces, Time, Activities & Objects",Public & Leisure Spaces,0.03144712499364738,0.4163304026184256,0.07543168540381731,high,0.9986446761254546,0.00048081604197891537,0.001355323874545417,0.000428779186539014,5.203685543996947e-05
63130875,trash,"Spaces, Time, Activities & Objects","Time, Seasons & Temporal Framing",0.0024816297617709913,0.03285444752347619,0.07543168540381731,high,0.9986446761254546,0.00048081604197891537,0.001355323874545417,0.000428779186539014,5.203685543996947e-05
63130875,trash,"Work, Wealth, Status & Institutions",Hero's Elite Work & Business World,0.0509542324104114,0.7688951056902442,0.06617960310338605,high,0.9986446761254546,0.00048081604197891537,0.001355323874545417,0.000428779186539014,5.203685543996947e-05
63130875,trash,"Work, Wealth, Status & Institutions",Heroine's Work & Professional Identity,0.005147518981206864,0.07767563093127625,0.06617960310338605,high,0.9986446761254546,0.00048081604197891537,0.001355323874545417,0.000428779186539014,5.203685543996947e-05
63130875,trash,"Work, Wealth, Status & Institutions","Law, Medicine, Education & Formal Institutions",0.004955164684164606,0.07477302067580197,0.06617960310338605,high,0.9986446761254546,0.00048081604197891537,0.001355323874545417,0.000428779186539014,5.203685543996947e-05
63130875,trash,"Work, Wealth, Status & Institutions","Money, Housing & Economic Security",0.0020457580704231967,0.03087031819271034,0.06617960310338605,high,0.9986446761254546,0.00048081604197891537,0.001355323874545417,0.000428779186539014,5.203685543996947e-05
63130875,trash,"Work, Wealth, Status & Institutions",Shared Workplaces & Professional Interaction,0.0031667454837567364,0.047785924509967125,0.06617960310338605,high,0.9986446761254546,0.00048081604197891537,0.001355323874545417,0.000428779186539014,5.203685543996947e-05
63830782,top,"Conflict, Risk & Harm",Interpersonal Non-Romantic Conflict,0.00387199095477644,0.16755205291197386,0.023079998450659306,high,0.9987371269147038,0.0006553174182972743,0.0012628730852961745,0.0005992244363046131,5.609298199270191e-05
63830782,top,"Conflict, Risk & Harm","Violence, Threats & Coercion",0.019237191460378167,0.8324479470880262,0.023079998450659306,high,0.9987371269147038,0.0006553174182972743,0.0012628730852961745,0.0005992244363046131,5.609298199270191e-05
63830782,top,Embodied & Sensory Experience,Body Parts & Physical Reactions,0.008611233998905503,0.47505803672007213,0.01810380719508774,high,0.9987371269147038,0.0006553174182972743,0.0012628730852961745,0.0005992244363046131,5.609298199270191e-05
63830782,top,Embodied & Sensory Experience,Exercise & Physical Activity,0.009515464916367603,0.5249419632799279,0.01810380719508774,high,0.9987371269147038,0.0006553174182972743,0.0012628730852961745,0.0005992244363046131,5.609298199270191e-05
63830782,top,"Emotions, Cognition & Inner Life",Ambivalence & Internal Conflict,0.010335340373692707,0.05455936564896094,0.18919369805216896,high,0.9987371269147038,0.0006553174182972743,0.0012628730852961745,0.0005992244363046131,5.609298199270191e-05
63830782,top,"Emotions, Cognition & Inner Life","Beliefs, Values & Moral Reflection",0.027389555171071455,0.14458708678279927,0.18919369805216896,high,0.9987371269147038,0.0006553174182972743,0.0012628730852961745,0.0005992244363046131,5.609298199270191e-05
63830782,top,"Emotions, Cognition & Inner Life",Negative Emotions & Distress,0.10334902141163596,0.5455705225743919,0.18919369805216896,high,0.9987371269147038,0.0006553174182972743,0.0012628730852961745,0.0005992244363046131,5.609298199270191e-05
63830782,top,"Emotions, Cognition & Inner Life",Positive Emotions & Security,0.04835901084175397,0.255283024993848,0.18919369805216896,high,0.9987371269147038,0.0006553174182972743,0.0012628730852961745,0.0005992244363046131,5.609298199270191e-05
63830782,top,Relationship Trajectory (Main Couple),"Bonding, Everyday Intimacy & Growth",0.15621061396955346,0.42637825246007605,0.36590360528329724,high,0.9987371269147038,0.0006553174182972743,0.0012628730852961745,0.0005992244363046131,5.609298199270191e-05
63830782,top,Relationship Trajectory (Main Couple),"Conflict, Distance & Breakup Threats",0.12574229154115898,0.3432146969097405,0.36590360528329724,medium,0.9987371269147038,0.0006553174182972743,0.0012628730852961745,0.0005992244363046131,5.609298199270191e-05
63830782,top,Relationship Trajectory (Main Couple),"Meeting, First Impressions & Setup",0.00028047949377151037,0.0007655712589958347,0.36590360528329724,high,0.9987371269147038,0.0006553174182972743,0.0012628730852961745,0.0005992244363046131,5.609298199270191e-05
63830782,top,Relationship Trajectory (Main Couple),"Reconciliation, Commitments & HEA",0.014902800767741827,0.04067732650579636,0.36590360528329724,high,0.9987371269147038,0.0006553174182972743,0.0012628730852961745,0.0005992244363046131,5.609298199270191e-05
63830782,top,Relationship Trajectory (Main Couple),"Secrets, Misunderstandings & Hidden Information",0.06923009362468195,0.18896415286539137,0.36590360528329724,medium,0.9987371269147038,0.0006553174182972743,0.0012628730852961745,0.0005992244363046131,5.609298199270191e-05
63830782,top,"Sexuality, Attraction & Intimacy",Attraction & Sexual Tension,0.03363392458191512,0.2044297998519349,0.16431777181280552,high,0.9987371269147038,0.0006553174182972743,0.0012628730852961745,0.0005992244363046131,5.609298199270191e-05
63830782,top,"Sexuality, Attraction & Intimacy",Explicit Sexual Acts,0.07374803793612926,0.44824672773579016,0.16431777181280552,high,0.9987371269147038,0.0006553174182972743,0.0012628730852961745,0.0005992244363046131,5.609298199270191e-05
63830782,top,"Sexuality, Attraction & Intimacy",Kissing & Non-Explicit Affection,0.057143584179529125,0.3473234724122749,0.16431777181280552,high,0.9987371269147038,0.0006553174182972743,0.0012628730852961745,0.0005992244363046131,5.609298199270191e-05
63830782,top,Social World Outside Couple,"Community, Norms & Social Events",0.003673449620088687,0.05615287347618282,0.06533611358267191,high,0.9987371269147038,0.0006553174182972743,0.0012628730852961745,0.0005992244363046131,5.609298199270191e-05
63830782,top,Social World Outside Couple,Family & Kinship,0.041390596246880455,0.6327025424398588,0.06533611358267191,high,0.9987371269147038,0.0006553174182972743,0.0012628730852961745,0.0005992244363046131,5.609298199270191e-05
63830782,top,Social World Outside Couple,Friends & Social Circles,0.0203546832680016,0.31114458408395834,0.06533611358267191,high,0.9987371269147038,0.0006553174182972743,0.0012628730852961745,0.0005992244363046131,5.609298199270191e-05
63830782,top,"Spaces, Time, Activities & Objects",Domestic Spaces & Routines,0.04631122878914577,0.6670687279967663,0.06933729860738605,high,0.9987371269147038,0.0006553174182972743,0.0012628730852961745,0.0005992244363046131,5.609298199270191e-05
63830782,top,"Spaces, Time, Activities & Objects",Public & Leisure Spaces,0.02026753150324908,0.2919343064953499,0.06933729860738605,high,0.9987371269147038,0.0006553174182972743,0.0012628730852961745,0.0005992244363046131,5.609298199270191e-05
63830782,top,"Spaces, Time, Activities & Objects","Time, Seasons & Temporal Framing",0.0028462132455196252,0.040996965507883794,0.06933729860738605,high,0.9987371269147038,0.0006553174182972743,0.0012628730852961745,0.0005992244363046131,5.609298199270191e-05
63830782,top,"Work, Wealth, Status & Institutions",Hero's Elite Work & Business World,0.08832488287235928,0.8530549636885677,0.10340874094863442,high,0.9987371269147038,0.0006553174182972743,0.0012628730852961745,0.0005992244363046131,5.609298199270191e-05
63830782,top,"Work, Wealth, Status & Institutions",Heroine's Work & Professional Identity,0.004873349429858086,0.04706753958493244,0.10340874094863442,high,0.9987371269147038,0.0006553174182972743,0.0012628730852961745,0.0005992244363046131,5.609298199270191e-05
63830782,top,"Work, Wealth, Status & Institutions","Law, Medicine, Education & Formal Institutions",0.003351895922440115,0.03237311345815355,0.10340874094863442,high,0.9987371269147038,0.0006553174182972743,0.0012628730852961745,0.0005992244363046131,5.609298199270191e-05
63830782,top,"Work, Wealth, Status & Institutions","Money, Housing & Economic Security",0.002152703647519853,0.02079113464006616,0.10340874094863442,high,0.9987371269147038,0.0006553174182972743,0.0012628730852961745,0.0005992244363046131,5.609298199270191e-05
63830782,top,"Work, Wealth, Status & Institutions",Shared Workplaces & Professional Interaction,0.004836666321991567,0.04671324862828006,0.10340874094863442,high,0.9987371269147038,0.0006553174182972743,0.0012628730852961745,0.0005992244363046131,5.609298199270191e-05
75599070,trash,"Conflict, Risk & Harm",Interpersonal Non-Romantic Conflict,0.0004154032027539064,0.0228809285252202,0.018117679690072712,high,0.9979444820914757,0.0017815482961590634,0.002055517908524316,0.0017335723015554881,4.797599460361879e-05
75599070,trash,"Conflict, Risk & Harm","Violence, Threats & Coercion",0.017739594410041123,0.9771190714747798,0.018117679690072712,high,0.9979444820914757,0.0017815482961590634,0.002055517908524316,0.0017335723015554881,4.797599460361879e-05
75599070,trash,Embodied & Sensory Experience,Body Parts & Physical Reactions,0.009481388639196989,0.4500089454842921,0.021026025304605227,high,0.9979444820914757,0.0017815482961590634,0.002055517908524316,0.0017335723015554881,4.797599460361879e-05
75599070,trash,Embodied & Sensory Experience,Exercise & Physical Activity,0.011587945058143801,0.5499910545157081,0.021026025304605227,high,0.9979444820914757,0.0017815482961590634,0.002055517908524316,0.0017335723015554881,4.797599460361879e-05
75599070,trash,"Emotions, Cognition & Inner Life",Ambivalence & Internal Conflict,0.010973875420633,0.05795433642104806,0.18896460730076853,high,0.9979444820914757,0.0017815482961590634,0.002055517908524316,0.0017335723015554881,4.797599460361879e-05
75599070,trash,"Emotions, Cognition & Inner Life","Beliefs, Values & Moral Reflection",0.017869106319218838,0.09436886783135624,0.18896460730076853,high,0.9979444820914757,0.0017815482961590634,0.002055517908524316,0.0017335723015554881,4.797599460361879e-05
75599070,trash,"Emotions, Cognition & Inner Life",Negative Emotions & Distress,0.12034643648444794,0.6355637912546739,0.18896460730076853,high,0.9979444820914757,0.0017815482961590634,0.002055517908524316,0.0017335723015554881,4.797599460361879e-05
75599070,trash,"Emotions, Cognition & Inner Life",Positive Emotions & Security,0.04016440925991016,0.2121130044929218,0.18896460730076853,high,0.9979444820914757,0.0017815482961590634,0.002055517908524316,0.0017335723015554881,4.797599460361879e-05
75599070,trash,Relationship Trajectory (Main Couple),"Bonding, Everyday Intimacy & Growth",0.13439282382660428,0.41316804325114914,0.3246053976370268,high,0.9979444820914757,0.0017815482961590634,0.002055517908524316,0.0017335723015554881,4.797599460361879e-05
75599070,trash,Relationship Trajectory (Main Couple),"Conflict, Distance & Breakup Threats",0.11686067018999857,0.35926839737897914,0.3246053976370268,medium,0.9979444820914757,0.0017815482961590634,0.002055517908524316,0.0017335723015554881,4.797599460361879e-05
75599070,trash,Relationship Trajectory (Main Couple),"Meeting, First Impressions & Setup",0.0001875458814439202,0.0005765781434578136,0.3246053976370268,high,0.9979444820914757,0.0017815482961590634,0.002055517908524316,0.0017335723015554881,4.797599460361879e-05
75599070,trash,Relationship Trajectory (Main Couple),"Reconciliation, Commitments & HEA",0.0058587750894667865,0.01801181469843018,0.3246053976370268,high,0.9979444820914757,0.0017815482961590634,0.002055517908524316,0.0017335723015554881,4.797599460361879e-05
75599070,trash,Relationship Trajectory (Main Couple),"Secrets, Misunderstandings & Hidden Information",0.06797418919027806,0.20897516652798367,0.3246053976370268,medium,0.9979444820914757,0.0017815482961590634,0.002055517908524316,0.0017335723015554881,4.797599460361879e-05
75599070,trash,"Sexuality, Attraction & Intimacy",Attraction & Sexual Tension,0.05425630324567192,0.2360586141674425,0.22937005977800845,high,0.9979444820914757,0.0017815482961590634,0.002055517908524316,0.0017335723015554881,4.797599460361879e-05
75599070,trash,"Sexuality, Attraction & Intimacy",Explicit Sexual Acts,0.1126809279982227,0.49025278382717075,0.22937005977800845,high,0.9979444820914757,0.0017815482961590634,0.002055517908524316,0.0017335723015554881,4.797599460361879e-05
75599070,trash,"Sexuality, Attraction & Intimacy",Kissing & Non-Explicit Affection,0.06290527391961755,0.2736886020053868,0.22937005977800845,high,0.9979444820914757,0.0017815482961590634,0.002055517908524316,0.0017335723015554881,4.797599460361879e-05
75599070,trash,Social World Outside Couple,"Community, Norms & Social Events",0.0018035587083873926,0.03188859009814571,0.05644186386490279,high,0.9979444820914757,0.0017815482961590634,0.002055517908524316,0.0017335723015554881,4.797599460361879e-05
75599070,trash,Social World Outside Couple,Family & Kinship,0.03616715138073384,0.639468768071885,0.05644186386490279,high,0.9979444820914757,0.0017815482961590634,0.002055517908524316,0.0017335723015554881,4.797599460361879e-05
75599070,trash,Social World Outside Couple,Friends & Social Circles,0.01858741000450648,0.3286426418299693,0.05644186386490279,high,0.9979444820914757,0.0017815482961590634,0.002055517908524316,0.0017335723015554881,4.797599460361879e-05
75599070,trash,"Spaces, Time, Activities & Objects",Domestic Spaces & Routines,0.05125698197885329,0.5742470924655522,0.08907597967076747,high,0.9979444820914757,0.0017815482961590634,0.002055517908524316,0.0017335723015554881,4.797599460361879e-05
75599070,trash,"Spaces, Time, Activities & Objects",Public & Leisure Spaces,0.03687975086370578,0.4131747302850228,0.08907597967076747,high,0.9979444820914757,0.0017815482961590634,0.002055517908524316,0.0017335723015554881,4.797599460361879e-05
75599070,trash,"Spaces, Time, Activities & Objects","Time, Seasons & Temporal Framing",0.0011227212345690373,0.0125781772494251,0.08907597967076747,high,0.9979444820914757,0.0017815482961590634,0.002055517908524316,0.0017335723015554881,4.797599460361879e-05
75599070,trash,"Work, Wealth, Status & Institutions",Hero's Elite Work & Business World,0.05441259369328684,0.7724707362142991,0.07029489285072012,high,0.9979444820914757,0.0017815482961590634,0.002055517908524316,0.0017335723015554881,4.797599460361879e-05
75599070,trash,"Work, Wealth, Status & Institutions",Heroine's Work & Professional Identity,0.007828598608587948,0.11113903823056064,0.07029489285072012,high,0.9979444820914757,0.0017815482961590634,0.002055517908524316,0.0017335723015554881,4.797599460361879e-05
75599070,trash,"Work, Wealth, Status & Institutions","Law, Medicine, Education & Formal Institutions",0.0014784145595500343,0.020988376141063313,0.07029489285072012,high,0.9979444820914757,0.0017815482961590634,0.002055517908524316,0.0017335723015554881,4.797599460361879e-05
75599070,trash,"Work, Wealth, Status & Institutions","Money, Housing & Economic Security",0.002197749724793837,0.031200448879460822,0.07029489285072012,high,0.9979444820914757,0.0017815482961590634,0.002055517908524316,0.0017335723015554881,4.797599460361879e-05
75599070,trash,"Work, Wealth, Status & Institutions",Shared Workplaces & Professional Interaction,0.004522326294132801,0.06420140053461633,0.07029489285072012,high,0.9979444820914757,0.0017815482961590634,0.002055517908524316,0.0017335723015554881,4.797599460361879e-05
8686068,top,"Conflict, Risk & Harm",Interpersonal Non-Romantic Conflict,0.0023205186073800223,0.1239516140500708,0.018709153983373403,high,0.9993584306435456,0.00041171848107413034,0.0006415693564545367,0.0003556707952877368,5.604768578648503e-05
8686068,top,"Conflict, Risk & Harm","Violence, Threats & Coercion",0.016400646301716185,0.8760483859499291,0.018709153983373403,high,0.9993584306435456,0.00041171848107413034,0.0006415693564545367,0.0003556707952877368,5.604768578648503e-05
8686068,top,Embodied & Sensory Experience,Body Parts & Physical Reactions,0.008257124660178182,0.4157640951543368,0.01984737796793301,high,0.9993584306435456,0.00041171848107413034,0.0006415693564545367,0.0003556707952877368,5.604768578648503e-05
8686068,top,Embodied & Sensory Experience,Exercise & Physical Activity,0.011602994951913465,0.5842359048456632,0.01984737796793301,high,0.9993584306435456,0.00041171848107413034,0.0006415693564545367,0.0003556707952877368,5.604768578648503e-05
8686068,top,"Emotions, Cognition & Inner Life",Ambivalence & Internal Conflict,0.009344810490092626,0.05329495930681477,0.17522886343298444,high,0.9993584306435456,0.00041171848107413034,0.0006415693564545367,0.0003556707952877368,5.604768578648503e-05
8686068,top,"Emotions, Cognition & Inner Life","Beliefs, Values & Moral Reflection",0.019521203807898176,0.11133256941539738,0.17522886343298444,high,0.9993584306435456,0.00041171848107413034,0.0006415693564545367,0.0003556707952877368,5.604768578648503e-05
8686068,top,"Emotions, Cognition & Inner Life",Negative Emotions & Distress,0.10849824557500544,0.6187829693187705,0.17522886343298444,high,0.9993584306435456,0.00041171848107413034,0.0006415693564545367,0.0003556707952877368,5.604768578648503e-05
8686068,top,"Emotions, Cognition & Inner Life",Positive Emotions & Security,0.03797709720160639,0.21658950195901727,0.17522886343298444,high,0.9993584306435456,0.00041171848107413034,0.0006415693564545367,0.0003556707952877368,5.604768578648503e-05
8686068,top,Relationship Trajectory (Main Couple),"Bonding, Everyday Intimacy & Growth",0.15342231996568265,0.4565513867498686,0.3358305184397529,high,0.9993584306435456,0.00041171848107413034,0.0006415693564545367,0.0003556707952877368,5.604768578648503e-05
8686068,top,Relationship Trajectory (Main Couple),"Conflict, Distance & Breakup Threats",0.12218273101224612,0.3635891785041744,0.3358305184397529,medium,0.9993584306435456,0.00041171848107413034,0.0006415693564545367,0.0003556707952877368,5.604768578648503e-05
8686068,top,Relationship Trajectory (Main Couple),"Meeting, First Impressions & Setup",0.00020529534184393213,0.0006109141944477211,0.3358305184397529,high,0.9993584306435456,0.00041171848107413034,0.0006415693564545367,0.0003556707952877368,5.604768578648503e-05
8686068,top,Relationship Trajectory (Main Couple),"Reconciliation, Commitments & HEA",0.008256247948696456,0.02456879449594597,0.3358305184397529,high,0.9993584306435456,0.00041171848107413034,0.0006415693564545367,0.0003556707952877368,5.604768578648503e-05
8686068,top,Relationship Trajectory (Main Couple),"Secrets, Misunderstandings & Hidden Information",0.051979521061234865,0.15467972605556335,0.3358305184397529,medium,0.9993584306435456,0.00041171848107413034,0.0006415693564545367,0.0003556707952877368,5.604768578648503e-05
8686068,top,"Sexuality, Attraction & Intimacy",Attraction & Sexual Tension,0.04150292256161146,0.17062808674628246,0.24308011857371595,high,0.9993584306435456,0.00041171848107413034,0.0006415693564545367,0.0003556707952877368,5.604768578648503e-05
8686068,top,"Sexuality, Attraction & Intimacy",Explicit Sexual Acts,0.12360639162530374,0.5081743841371151,0.24308011857371595,high,0.9993584306435456,0.00041171848107413034,0.0006415693564545367,0.0003556707952877368,5.604768578648503e-05
8686068,top,"Sexuality, Attraction & Intimacy",Kissing & Non-Explicit Affection,0.0781268572607829,0.32119752911660243,0.24308011857371595,high,0.9993584306435456,0.00041171848107413034,0.0006415693564545367,0.0003556707952877368,5.604768578648503e-05
8686068,top,Social World Outside Couple,"Community, Norms & Social Events",0.0064534431886260615,0.09714900209880065,0.06638568300139276,high,0.9993584306435456,0.00041171848107413034,0.0006415693564545367,0.0003556707952877368,5.604768578648503e-05
8686068,top,Social World Outside Couple,Family & Kinship,0.041247575807299076,0.6209337731114143,0.06638568300139276,high,0.9993584306435456,0.00041171848107413034,0.0006415693564545367,0.0003556707952877368,5.604768578648503e-05
8686068,top,Social World Outside Couple,Friends & Social Circles,0.018727282368024054,0.2819172247897851,0.06638568300139276,high,0.9993584306435456,0.00041171848107413034,0.0006415693564545367,0.0003556707952877368,5.604768578648503e-05
8686068,top,"Spaces, Time, Activities & Objects",Domestic Spaces & Routines,0.051713515185722154,0.6052829705218273,0.08538211034503372,high,0.9993584306435456,0.00041171848107413034,0.0006415693564545367,0.0003556707952877368,5.604768578648503e-05
8686068,top,"Spaces, Time, Activities & Objects",Public & Leisure Spaces,0.03154189806379378,0.369183446288349,0.08538211034503372,high,0.9993584306435456,0.00041171848107413034,0.0006415693564545367,0.0003556707952877368,5.604768578648503e-05
8686068,top,"Spaces, Time, Activities & Objects","Time, Seasons & Temporal Framing",0.0021815108079027493,0.025533583189823697,0.08538211034503372,high,0.9993584306435456,0.00041171848107413034,0.0006415693564545367,0.0003556707952877368,5.604768578648503e-05
8686068,top,"Work, Wealth, Status & Institutions",Hero's Elite Work & Business World,0.03790393527953073,0.6907478825280058,0.05483855721357286,high,0.9993584306435456,0.00041171848107413034,0.0006415693564545367,0.0003556707952877368,5.604768578648503e-05
8686068,top,"Work, Wealth, Status & Institutions",Heroine's Work & Professional Identity,0.007075724534375647,0.12894549611873304,0.05483855721357286,high,0.9993584306435456,0.00041171848107413034,0.0006415693564545367,0.0003556707952877368,5.604768578648503e-05
8686068,top,"Work, Wealth, Status & Institutions","Law, Medicine, Education & Formal Institutions",0.003081539885029257,0.05615689069781217,0.05483855721357286,high,0.9993584306435456,0.00041171848107413034,0.0006415693564545367,0.0003556707952877368,5.604768578648503e-05
8686068,top,"Work, Wealth, Status & Institutions","Money, Housing & Economic Security",0.0008935273193263896,0.016283325181249364,0.05483855721357286,high,0.9993584306435456,0.00041171848107413034,0.0006415693564545367,0.0003556707952877368,5.604768578648503e-05
8686068,top,"Work, Wealth, Status & Institutions",Shared Workplaces & Professional Interaction,0.00591903551982863,0.1078664054741996,0.05483855721357286,high,0.9993584306435456,0.00041171848107413034,0.0006415693564545367,0.0003556707952877368,5.604768578648503e-05
