topic_id,label,keywords,scene_summary,label_is_noise,taxonomy_main_group,taxonomy_main_name,taxonomy_confidence,taxonomy_is_noise,taxonomy_secondary_group,taxonomy_secondary_name,radway_phase_name,radway_phase,radway_main_name,radway_confidence,radway_is_none,gate3_pass,mapping_notes,is_other,is_paratext,is_unmapped,is_low_coverage,is_author_dominant_high,is_author_dominant_med
0,Negotiating Deal,"ita, ia, need, say, want, going, dona, means, think, idea",The couple discusses terms and expectations for their relationship.,False,Relationship Trajectory (Main Couple),"Secrets, Misunderstandings & Hidden Information",medium,False,,,Initial Conflict & Isolation,I,Heroine reacts antagonistically to the hero,medium,False,False,,False,False,False,False,False,False
1,Intimate Breast And Nipple Kissing,"kissed, hips, tongue, breasts, mouth, body, arms, slid, neck, thighs",He gently kisses her breasts and nipples while she responds with soft moans.,False,"Sexuality, Attraction & Intimacy",Explicit Sexual Acts,high,False,,,Commitment & Restoration,III,Heroine responds sexually and emotionally,high,False,False,,False,False,False,False,False,False
2,Clitoral Stimulation During Foreplay,"clit, pussy, tongue, hips, legs, mouth, neck, pull, lip, lower","She spreads her legs, allowing him to run his tongue along her clit as she moans into his neck.",False,"Sexuality, Attraction & Intimacy",Explicit Sexual Acts,high,False,,,Commitment & Restoration,III,Heroine responds sexually and emotionally,high,False,False,,False,False,False,False,False,False
3,Dinner Invitation,"dinner, eat, food, lunch, breakfast, bakery, chicken, sandwich, meal, dessert","He invites her to dinner, suggesting a restaurant or specific meal.",False,Relationship Trajectory (Main Couple),"Bonding, Everyday Intimacy & Growth",high,False,,,Turning Point & Recognition,II,Hero treats heroine tenderly,medium,False,False,,False,False,False,False,False,False
4,Unclear Relationship Feelings,"seen, felt, ia, wanted, hea, experienced, loved, dated, thought, told",The couple expresses confusion about their relationship status and past behavior.,False,Relationship Trajectory (Main Couple),"Secrets, Misunderstandings & Hidden Information",medium,False,,,Initial Conflict & Isolation,I,Hero and heroine are physically or emotionally separated,medium,False,False,,False,False,False,False,False,False
5,Long-term Relationship Struggles,"gone, gotten, given, week, trying, years, learned, seen, maybe, hea","She reflects on their years together, wondering if she's lost her way.",False,"Emotions, Cognition & Inner Life",Negative Emotions & Distress,high,False,,,Initial Conflict & Isolation,I,Hero and heroine are physically or emotionally separated,medium,False,False,,False,False,False,False,False,False
6,Wine-drinking At Table,"wine, sip, bottle, drunk, whiskey, waiter, scotch, alcohol, drinking, poured","The couple sits at a table, sipping wine from their glasses.",False,Social World Outside Couple,Friends & Social Circles,high,False,,,Not a narrative function,NA,None of the above,high,True,False,,False,False,False,False,False,False
7,Relationship Ambiguity Conversation,"didn, won, therea, doesn, aren, thata, isn, mattered, shouldn, problem","The couple sits together, struggling to express their feelings and clarify their relationship status.",False,Relationship Trajectory (Main Couple),"Secrets, Misunderstandings & Hidden Information",medium,False,,,Initial Conflict & Isolation,I,Hero and heroine are physically or emotionally separated,medium,False,False,,False,False,False,False,False,False
8,Unclear Relationship Feelings,"didna, didn, hadna, couldna, wasna, wanted, wasn, wouldna, knew, blame","She struggles with her feelings, unsure about her relationship.",False,"Emotions, Cognition & Inner Life",Negative Emotions & Distress,high,False,,,Initial Conflict & Isolation,I,Heroine reacts antagonistically to the hero,medium,False,False,,False,False,False,False,False,False
9,Marriage Ceremony Planning,"married, wedding, marriage, marry, divorce, marrying, divorced, engaged, getting, ceremony","The couple plans their wedding ceremony, discussing details and arrangements.",False,Relationship Trajectory (Main Couple),"Reconciliation, Commitments & HEA",high,False,"Spaces, Time, Activities & Objects",Public & Leisure Spaces,Commitment & Restoration,III,Heroine's identity is restored,high,False,False,,False,False,False,False,False,False
10,Knocking On Door,"door, doors, opens, opened, knock, hallway, stairs, elevators, floor, doorbell",Someone hesitates before knocking on a door in a hallway.,False,"Spaces, Time, Activities & Objects",Domestic Spaces & Routines,high,False,,,Not a narrative function,NA,None of the above,high,True,False,,False,False,False,False,False,False
11,Wine Tasting At Dinner,"wine, kitchen, plate, sip, waitress, bottle, cup, mug, dinner, food","The couple sits at a dinner table, sipping wine and waiting for their food.",False,"Spaces, Time, Activities & Objects",Public & Leisure Spaces,high,False,,,Not a narrative function,NA,None of the above,high,True,False,,False,False,False,False,False,False
12,Tender Forehead Kisses,"kisses, kissed, tongue, mouth, cheek, neck, leans, lip, licks, soft","He tenderly kisses her forehead, leaning in with soft lips.",False,"Sexuality, Attraction & Intimacy",Kissing & Non-Explicit Affection,high,False,,,Turning Point & Recognition,II,Hero treats heroine tenderly,medium,False,False,,False,False,False,False,False,False
13,Playful Laughter And Smiles,"smiled, smile, smiles, laugh, laughs, laughed, grinned, grin, eyebrows, giggles",The couple shares playful laughter and smiles while looking at each other.,False,"Sexuality, Attraction & Intimacy",Kissing & Non-Explicit Affection,high,False,,,Turning Point & Recognition,II,Hero treats heroine tenderly,high,False,False,,False,False,False,False,False,False
14,Playful Smiling Interactions,"smile, smiles, grin, smiled, laugh, grinned, grins, laughed, laughs, smirked",The couple exchanges playful smiles and laughter while interacting.,False,Relationship Trajectory (Main Couple),"Bonding, Everyday Intimacy & Growth",high,False,,,Turning Point & Recognition,II,Heroine responds warmly to hero's tenderness,high,False,False,,False,False,False,False,False,False
15,Clitoral Stimulation During Foreplay,"clit, hips, pussy, legs, thighs, erection, waist, thigh, panties, pulls",He rubs her clit with his hand while they make out in the elevator.,False,"Sexuality, Attraction & Intimacy",Explicit Sexual Acts,high,False,,,Commitment & Restoration,III,Heroine responds sexually and emotionally,high,False,False,,False,False,False,False,False,False
16,Intergenerational Family Bonding,"fathera, parents, died, dada, older, fathers, children, kids, grandson, hea","The youngest grandson sits with his older uncles, reminiscing about their fathers' shared history.",False,Social World Outside Couple,Family & Kinship,high,False,,,Not a narrative function,NA,None of the above,high,True,False,,False,False,False,False,False,False
17,17____,", , , , , , , , , ",,,,,,False,,,,NA,,,False,False,,False,False,True,False,False,False
18,18____,", , , , , , , , , ",,,,,,False,,,,NA,,,False,False,,False,False,True,False,False,False
19,Adrenaline-fueled game,"stomach, chest, blood, veins, temples, spine, belly, adrenaline, heartbeat, beating",She feels her heart race and stomach flutter as he traces her veins with his fingers during intense foreplay.,False,"Sexuality, Attraction & Intimacy",Explicit Sexual Acts,high,False,,,Commitment & Restoration,III,Heroine responds sexually and emotionally,high,False,False,,False,False,False,False,False,False
20,Eye Contact And Staring,"gaze, stare, staring, looks, stares, look, stared, glares, glances, looked","The couple's gazes meet and hold, their expressions intense.",False,"Sexuality, Attraction & Intimacy",Attraction & Sexual Tension,high,False,,,Initial Conflict & Isolation,I,Heroine interprets hero's behaviour as purely sexual interest,medium,False,False,,False,False,False,False,False,False
21,Parked Car Makeout,"car, driver, limo, parked, parking, cars, driveway, suv, curb, cab","The couple, parked in his car, engages in passionate kissing.",False,"Sexuality, Attraction & Intimacy",Kissing & Non-Explicit Affection,high,False,"Spaces, Time, Activities & Objects",Domestic Spaces & Routines,Turning Point & Recognition,II,Hero treats heroine tenderly,low,False,False,,False,False,False,False,False,False
22,Resisting Temptation,"didna, couldna, wasna, hadna, wouldna, control, fucked, want, expecting, anymore","She struggles with her desire, trying to make the right choice.",False,"Emotions, Cognition & Inner Life",Ambivalence & Internal Conflict,high,False,,,Initial Conflict & Isolation,I,Heroine responds with anger or coldness,medium,False,False,,False,False,False,False,False,False
23,Board Game Around Table,"reesea, merinaa, gwynetha, taga, board, hadna, gave, told, cadea, wasna","The couple sits around a table, playing a board game, their hands occasionally touching.",False,Relationship Trajectory (Main Couple),"Bonding, Everyday Intimacy & Growth",high,False,"Spaces, Time, Activities & Objects",Domestic Spaces & Routines,Turning Point & Recognition,II,Hero treats heroine tenderly,medium,False,False,,False,False,False,False,False,False
24,Phone Notifications During Night,"rings, buzzes, pocket, rang, screen, cellphone, nightstand, ringing, message, purse","She's about to fall asleep when her phone buzzes on the nightstand, lighting up the screen with an incoming message.",False,"Spaces, Time, Activities & Objects",Domestic Spaces & Routines,high,False,,,Not a narrative function,NA,None of the above,high,True,False,,False,False,False,False,False,False
25,Playful Laughter And Smiles,"smile, laugh, laughter, grin, smiled, grinned, burst, laughed, chuckled, force",The couple shares playful laughter and smiles while interacting.,False,"Sexuality, Attraction & Intimacy",Kissing & Non-Explicit Affection,high,False,,,Turning Point & Recognition,II,Heroine responds warmly to hero's tenderness,low,False,False,,False,False,False,False,False,False
26,Nighttime Fun Planning,"tonight, night, evening, nights, stand, saturday, happened, tonighta, nighttime, nighta",The couple discusses and plans their evening activities during the night.,False,Relationship Trajectory (Main Couple),"Bonding, Everyday Intimacy & Growth",high,False,"Spaces, Time, Activities & Objects","Time, Seasons & Temporal Framing",Turning Point & Recognition,II,Hero treats heroine tenderly,low,False,False,,False,False,False,False,False,False
27,Exiting Through Doorways,"door, doors, opened, car, stairs, shut, stepped, purse, headed, walked","She opened the door and stepped out into the hallway, leaving him behind in the car.",False,"Spaces, Time, Activities & Objects",Domestic Spaces & Routines,high,False,,,Not a narrative function,NA,None of the above,high,True,False,,False,False,False,False,False,False
28,Unclear Feelings Conversation,"dona, want, say, need, think, talk, really, anymore, anybody, flatter","The couple sits at a table, struggling to express their feelings.",False,Relationship Trajectory (Main Couple),"Conflict, Distance & Breakup Threats",medium,False,,,Initial Conflict & Isolation,I,Hero and heroine are physically or emotionally separated,medium,False,False,,False,False,False,False,False,False
29,Time Perception Distortion,"minutes, weeks, months, days, week, hours, years, month, seconds, hour","She felt like hours had passed, but it was only minutes.",False,"Emotions, Cognition & Inner Life",Positive Emotions & Security,high,False,,,Not a narrative function,NA,None of the above,high,True,False,,False,False,False,False,False,False
30,Hockey Game Action,"game, hockey, puck, players, games, play, player, teams, goalie, goal","The couple watches a hockey game, focusing on the players and the puck.",False,"Spaces, Time, Activities & Objects",Public & Leisure Spaces,high,False,,,Not a narrative function,NA,None of the above,high,True,False,,False,False,False,False,False,False
31,Clothing Shopping Together,"wea, wear, clothes, outfit, wearing, going, wardrobe, worn, clothing, doing","The couple browses clothing racks, trying on outfits and discussing their choices.",False,Relationship Trajectory (Main Couple),"Bonding, Everyday Intimacy & Growth",medium,False,"Spaces, Time, Activities & Objects",Public & Leisure Spaces,Turning Point & Recognition,II,Hero treats heroine tenderly,medium,False,False,,False,False,False,False,False,False
32,Argument About Saying No,"firmly, offense, answered, youa, say, flatly, problem, replied, saying, wona",She argues with him about not having a say in the matter.,False,Relationship Trajectory (Main Couple),"Conflict, Distance & Breakup Threats",high,False,,,Initial Conflict & Isolation,I,Heroine reacts antagonistically to the hero,high,False,False,,False,False,False,False,False,False
33,Business Discussion,"business, company, dollars, pay, job, million, thousand, paid, investment, cost",The couple discusses business matters at the dinner table.,False,"Work, Wealth, Status & Institutions",Hero's Elite Work & Business World,high,False,,,Not a narrative function,NA,None of the above,high,True,False,,False,False,False,False,False,False
34,Archery Hunting,"huntera, cards, california, glanced, archery, turned, chips, shoulder, gritted, threw","The couple, wary of each other, engages in a game of archery at a hunting event.",False,Relationship Trajectory (Main Couple),"Bonding, Everyday Intimacy & Growth",high,False,"Spaces, Time, Activities & Objects",Public & Leisure Spaces,Turning Point & Recognition,II,Heroine responds warmly to hero's tenderness,low,False,False,,False,False,False,False,False,False
35,Silent Ride Together,"silent, fell, remained, beat, stays, descends, awkward, stretched, stretches, moment","The couple sits silently together in a car, each lost in their own thoughts.",False,Relationship Trajectory (Main Couple),"Bonding, Everyday Intimacy & Growth",high,False,,,Initial Conflict & Isolation,I,Heroine responds with anger or coldness,low,False,False,,False,False,False,False,False,False
36,Kneeling For Intimacy,"knees, feet, fists, arms, foot, fold, shuffle, fist, shoe, sides","She kneels in front of him, her hands on his knees, looking up at him.",False,"Sexuality, Attraction & Intimacy",Kissing & Non-Explicit Affection,high,False,,,Turning Point & Recognition,II,Hero treats heroine tenderly,medium,False,False,,False,False,False,False,False,False
37,Insane Arguments,"ridiculous, insane, bullshit, fool, dumbass, outrageous, assholes, insanity, idiots, stupidest","The couple, exasperated, argues ridiculously in the kitchen.",False,Relationship Trajectory (Main Couple),"Conflict, Distance & Breakup Threats",high,False,"Spaces, Time, Activities & Objects",Domestic Spaces & Routines,Initial Conflict & Isolation,I,Hero and heroine are physically or emotionally separated,medium,False,False,,False,False,False,False,False,False
38,Eye Contact And Staring,"looks, gaze, stares, glare, stare, look, glances, looked, glanced, staring","She stares up at him, holding his gaze, as he looks down at her.",False,"Sexuality, Attraction & Intimacy",Attraction & Sexual Tension,high,False,,,Initial Conflict & Isolation,I,Heroine interprets hero's behaviour as purely sexual interest,medium,False,False,,False,False,False,False,False,False
39,Lip Biting During Intimacy,"lip, bite, teeth, nose, tongue, mouth, bridge, grit, lick, chew",She bites her lower lip as he leans in for a kiss.,False,"Sexuality, Attraction & Intimacy",Kissing & Non-Explicit Affection,high,False,,,Turning Point & Recognition,II,Hero treats heroine tenderly,medium,False,False,,False,False,False,False,False,False
40,Upset About Job,"loves, doesna, needs, says, miaa, wants, left, likes, lot, job","She struggles with her feelings about her job, confiding in a friend.",False,"Emotions, Cognition & Inner Life",Negative Emotions & Distress,medium,False,,,Initial Conflict & Isolation,I,Heroine reacts antagonistically to the hero,low,False,False,,False,False,False,False,False,False
41,Confused About Feelings,"ia, used, going, complaining, anymore, ready, heartless, ashamed, wrong, doing","She sits alone, confused about her feelings for him.",False,"Emotions, Cognition & Inner Life",Negative Emotions & Distress,high,False,,,Initial Conflict & Isolation,I,Heroine reacts antagonistically to the hero,medium,False,False,,False,False,False,False,False,False
42,Exploring Virginity,"sexual, intimate, virginity, intimacy, having, sexually, blowing, sexa, sexuality, just",She tentatively explores her virginity with him.,False,"Sexuality, Attraction & Intimacy",Explicit Sexual Acts,high,False,,,Commitment & Restoration,III,Heroine responds sexually and emotionally,high,False,False,,False,False,False,False,False,False
43,Ready For Action,"ia, going, working, ready, doing, supposed, aware, prepared, oversee, trying",The user is prepared and eager for a specific task or event.,False,Relationship Trajectory (Main Couple),"Bonding, Everyday Intimacy & Growth",medium,False,,,Turning Point & Recognition,II,Hero treats heroine tenderly,low,False,False,,False,False,False,False,False,False
44,Mother-player Relationship Struggles,"mothera, moma, stepmother, died, mamaa, moms, motherhood, telling, tell, traumatizing",the player struggles with his mother's expectations and emotional state in their home.,False,Social World Outside Couple,Family & Kinship,high,False,Relationship Trajectory (Main Couple),"Conflict, Distance & Breakup Threats",Initial Conflict & Isolation,I,Hero and heroine are physically or emotionally separated,medium,False,False,,False,False,False,False,False,False
45,Wanting Something,"want, need, wanted, needed, thata, exactly, isna, wanting, tell, just","She wants something, expressing her desire.",False,"Emotions, Cognition & Inner Life",Negative Emotions & Distress,medium,False,,,Initial Conflict & Isolation,I,Heroine interprets hero's behaviour as purely sexual interest,low,False,False,,False,False,False,False,False,False
46,Attraction At First Glance,"didn, hardya, wasn, murmured, looked, pickup, wondered, couldn, heard, gave","She notices him across the room, their eyes meeting briefly before she looks away, feeling a spark of attraction.",False,"Sexuality, Attraction & Intimacy",Attraction & Sexual Tension,high,False,,,Initial Conflict & Isolation,I,Heroine interprets hero's behaviour as purely sexual interest,medium,False,False,,False,False,False,False,False,False
47,Hair And Neck game,"hair, makeup, mascara, lipstick, drag, nape, hairs, rises, bun, strand",He gently runs his fingers through her hair and kisses her neck.,False,"Sexuality, Attraction & Intimacy",Kissing & Non-Explicit Affection,high,False,,,Turning Point & Recognition,II,Hero treats heroine tenderly,low,False,False,,False,False,False,False,False,False
48,Deep Breaths During Emotional Moment,"breath, lungs, deep, exhale, inhale, breathing, exhaled, breaths, heavily, air",She takes deep breaths to calm herself during an emotional moment.,False,"Emotions, Cognition & Inner Life",Positive Emotions & Security,high,False,,,Turning Point & Recognition,II,Hero treats heroine tenderly,low,False,False,,False,False,False,False,False,False
49,Hiring A Babysitter,"babysitter, babya, born, babysit, healthy, having, want, infant, raise, youa",She realizes she needs a babysitter for her infant.,False,Social World Outside Couple,Friends & Social Circles,high,False,,,Not a narrative function,NA,None of the above,high,True,False,,False,False,False,False,False,False
50,Unclear Relationship Feelings,"didna, didn, wasna, wouldna, couldna, hadna, wasn, couldn, idea, hadn","The couple sits in the car, struggling to express their uncertain emotions.",False,Relationship Trajectory (Main Couple),"Conflict, Distance & Breakup Threats",medium,False,,,Initial Conflict & Isolation,I,Hero and heroine are physically or emotionally separated,medium,False,False,,False,False,False,False,False,False
51,Emotional Support At Clinic,"maddiea, sama, karaa, clinic, answered, didn, tremulous, couldn, friend, sighed","She sat trembling in the clinic, her sister beside her, as they awaited the physician's results.",False,Social World Outside Couple,Friends & Social Circles,high,False,"Emotions, Cognition & Inner Life",Negative Emotions & Distress,Not a narrative function,NA,None of the above,high,True,False,,False,False,False,False,False,False
52,Unclear Relationship Feelings,"sama, www, didn, event, mocking, muttered, answered, masculine, shattering, unethical","He wanted to understand everything about her, but her past caught up with them at home.",False,Relationship Trajectory (Main Couple),"Secrets, Misunderstandings & Hidden Information",medium,False,"Emotions, Cognition & Inner Life",Ambivalence & Internal Conflict,Initial Conflict & Isolation,I,Hero responds ambiguously to heroine,medium,False,False,,False,False,False,False,False,False
53,Dress Shopping Together,"dress, dresses, panties, skirt, lace, heels, gown, wearing, wear, stilettos",She tries on various dresses while he waits patiently in the fitting room.,False,Relationship Trajectory (Main Couple),"Bonding, Everyday Intimacy & Growth",high,False,,,Turning Point & Recognition,II,Heroine responds warmly to hero's tenderness,low,False,False,,False,False,False,False,False,False
54,Phone Ringing And Answering,"rang, dialed, message, texted, screen, picked, pocket, texting, checked, rings","The phone rings, and someone picks it up.",False,"Spaces, Time, Activities & Objects",Public & Leisure Spaces,high,False,,,Not a narrative function,NA,None of the above,high,True,False,,False,False,False,False,False,False
55,Dominatrix Session,"wants, want, knows, needs, need, hera, needed, teach, ita, likes","A dominatrix guides her client through a BDSM session, focusing on her desires and means of gratification.",False,"Sexuality, Attraction & Intimacy",Explicit Sexual Acts,high,False,"Spaces, Time, Activities & Objects",Domestic Spaces & Routines,Commitment & Restoration,III,Heroine responds sexually and emotionally,high,False,False,,False,False,False,False,False,False
56,Sleep Deprivation,"sleep, asleep, slept, nap, hours, wake, night, woke, nighta, fall","She tosses and turns, unable to find rest in the quiet bedroom.",False,"Emotions, Cognition & Inner Life",Negative Emotions & Distress,high,False,,,Not a narrative function,NA,None of the above,high,True,False,,False,False,False,False,False,False
57,Shower Hygiene,"shower, bathroom, bath, tub, toilet, bathtub, showers, restroom, showering, showered","The couple heads into the bathroom, with one of them taking a shower.",False,"Spaces, Time, Activities & Objects",Domestic Spaces & Routines,high,False,,,Not a narrative function,NA,None of the above,high,True,False,,False,False,False,False,False,False
58,Compliments And Flirting,"look, youa, stunning, seen, attractive, sweeter, breathtakingly, absolutely, utterly, looks",She receives compliments about her appearance from him.,False,"Sexuality, Attraction & Intimacy",Attraction & Sexual Tension,high,False,,,Initial Conflict & Isolation,I,Heroine interprets hero's behaviour as purely sexual interest,high,False,False,,False,False,False,False,False,False
59,Silent Staring Conversation,"tristana, smiles, replies, broadly, laughs, puts, glares, mutters, harrya, asks","The couple sits silently, staring at each other, trying to read each other's expressions.",False,Relationship Trajectory (Main Couple),"Conflict, Distance & Breakup Threats",medium,False,,,Initial Conflict & Isolation,I,Hero and heroine are physically or emotionally separated,medium,False,False,,False,False,False,False,False,False
60,Boss's Boss Interaction,"bossa, ceos, employee, bosses, board, company, manager, job, hea, youa",The employee interacts with their boss's boss in a professional setting.,False,"Work, Wealth, Status & Institutions",Hero's Elite Work & Business World,high,False,,,Not a narrative function,NA,None of the above,high,True,False,,False,False,False,False,False,False
61,Apology And Forgiveness,"apologize, forgive, sorry, apology, apologized, apologizing, forgiveness, forgiven, apologies, profusely","She apologizes for her mistake, and he forgives her, leading to a moment of emotional connection.",False,Relationship Trajectory (Main Couple),"Reconciliation, Commitments & HEA",high,False,"Emotions, Cognition & Inner Life",Positive Emotions & Security,Turning Point & Recognition,II,Heroine reinterprets hero's behaviour as result of previous hurt,medium,False,False,,False,False,False,False,False,False
62,Months Of Careful Lies,"josha, declana, woulda, didna, months, med, frienda, chess, situation, careful","He carefully lies about his past, trying to hide his true self from her.",False,Relationship Trajectory (Main Couple),"Secrets, Misunderstandings & Hidden Information",high,False,,,Initial Conflict & Isolation,I,Hero and heroine are physically or emotionally separated,medium,False,False,,False,False,False,False,False,False
63,Deceptive Relationship,"lie, lied, lying, lies, deception, truths, outright, omission, liara, believe","She lies to him about her whereabouts, trying to hide her true feelings.",False,Relationship Trajectory (Main Couple),"Secrets, Misunderstandings & Hidden Information",high,False,,,Initial Conflict & Isolation,I,Hero and heroine are physically or emotionally separated,medium,False,False,,False,False,False,False,False,False
64,Doorway Questions And Answers,"huxleya, says, asks, lottiea, secure, questions, jpa, davea, glance, stands","The couple pauses at the door, asking and answering questions before moving on.",False,Relationship Trajectory (Main Couple),"Meeting, First Impressions & Setup",high,False,,,Initial Conflict & Isolation,I,Heroine's social identity is destroyed,low,False,False,,False,False,False,False,False,False
65,Apologetic Excuse Me,"excuse, aye, alright, look, ew, excellent, bye, called, lottiea, buta","She hesitates, then says 'excuse me' in a soft, uncertain voice.",False,Relationship Trajectory (Main Couple),"Conflict, Distance & Breakup Threats",medium,False,,,Initial Conflict & Isolation,I,Hero and heroine are physically or emotionally separated,medium,False,False,,False,False,False,False,False,False
66,Bluffing About Feelings,"didn, couldn, swallowed, glanced, nodded, hadn, giggled, wasn, despite, friend",Abbey struggles to understand and express her feelings while interacting with someone.,False,"Emotions, Cognition & Inner Life",Negative Emotions & Distress,medium,False,,,Initial Conflict & Isolation,I,Heroine responds with anger or coldness,medium,False,False,,False,False,False,False,False,False
67,Married Couple's Affectionate Stares,"ravena, aresa, nods, tenses, looks, hurting, walks, wona, marry, stares",The married couple exchanges affectionate stares and smiles across the wedding aisle.,False,"Sexuality, Attraction & Intimacy",Kissing & Non-Explicit Affection,high,False,,,Turning Point & Recognition,II,Hero treats heroine tenderly,medium,False,False,,False,False,False,False,False,False
68,Percentage-based Assurance,"percent, thousand, ninety, scale, eighty, fourth, century, quarter, grand, seventh","She confidently states, 'one hundred percent.'",False,Relationship Trajectory (Main Couple),"Conflict, Distance & Breakup Threats",medium,False,,,Initial Conflict & Isolation,I,Hero and heroine are physically or emotionally separated,medium,False,False,,False,False,False,False,False,False
69,Painful Emotional Burden,"hurts, guilt, painful, hurting, experiencing, painkillers, guilty, injury, agony, inflict",She struggles with the emotional pain and guilt that weigh heavily on her heart.,False,"Emotions, Cognition & Inner Life",Negative Emotions & Distress,high,False,,,Initial Conflict & Isolation,I,Heroine's social identity is destroyed,high,False,False,,False,False,False,False,False,False
70,Kitten Rescue And Bonding,"kittens, delivery, cata, purr, claws, rescued, hairless, arrogantly, cheshire, lap","She rescued two hairless kittens, cradling them in her lap, their tiny paws kneading her pasty skin as they purr contentedly.",False,Relationship Trajectory (Main Couple),"Bonding, Everyday Intimacy & Growth",high,False,,,Turning Point & Recognition,II,Heroine responds warmly to hero's tenderness,medium,False,False,,False,False,False,False,False,False
71,Phone Interruption,"pocket, dialed, cellphone, rang, screen, message, hangs, pulls, ringing, buzzed","He pulls his phone from his pocket to check a message, interrupting their conversation.",False,Relationship Trajectory (Main Couple),"Bonding, Everyday Intimacy & Growth",medium,False,,,Turning Point & Recognition,II,Heroine responds warmly to hero's tenderness,low,False,False,,False,False,False,False,False,False
72,Hockey Game Action,"natea, hockey, game, bankers, router, weirdly, corporate, general, famously, teama","The couple watches a hockey game together, cheering for their team.",False,"Spaces, Time, Activities & Objects",Public & Leisure Spaces,high,False,,,Not a narrative function,NA,None of the above,high,True,False,,False,False,False,False,False,False
73,Desolate Emotional Conversation,"simona, karaa, answered, completely, rarity, loved, desolate, special, happiness, emotionally","In a desolate setting, two acquaintances engage in an emotional conversation about their feelings.",False,Relationship Trajectory (Main Couple),"Conflict, Distance & Breakup Threats",medium,False,"Emotions, Cognition & Inner Life",Negative Emotions & Distress,Initial Conflict & Isolation,I,Hero and heroine are physically or emotionally separated,medium,False,False,,False,False,False,False,False,False
74,Confused About Relationship Feelings,"emmetta, britta, fact, grin, smirked, second, snorted, fuckina, laughed, amazed","The couple sits in a stadium, stunned and amazed, trying to understand their complex feelings for each other.",False,"Emotions, Cognition & Inner Life",Ambivalence & Internal Conflict,medium,False,,,Initial Conflict & Isolation,I,Hero responds ambiguously to heroine,low,False,False,,False,False,False,False,False,False
75,Bedroom Encounter,"bed, bedroom, couch, sheets, sofa, covers, pillows, mattress, flop, edge","The couple finds themselves in the bedroom, surrounded by pillows and sheets, as they share an intimate moment.",False,"Sexuality, Attraction & Intimacy",Kissing & Non-Explicit Affection,high,False,"Spaces, Time, Activities & Objects",Domestic Spaces & Routines,Turning Point & Recognition,II,Hero treats heroine tenderly,low,False,False,,False,False,False,False,False,False
76,Whispered Secrets,"whisper, whispered, murmur, whispers, whata, breathy, shh, contorting, conceited, meek",She whispers secrets to him in the dimly lit bedroom.,False,Relationship Trajectory (Main Couple),"Secrets, Misunderstandings & Hidden Information",high,False,,,Initial Conflict & Isolation,I,Hero and heroine are physically or emotionally separated,medium,False,False,,False,False,False,False,False,False
77,Puzzled Decision Making,"asks, asked, replies, whata, doing, says, answered, demanded, howa, tone","He puzzles over a decision, today's paperwork causing concern.",False,"Emotions, Cognition & Inner Life",Ambivalence & Internal Conflict,medium,False,,,Initial Conflict & Isolation,I,Hero responds ambiguously to heroine,low,False,False,,False,False,False,False,False,False
78,Tender Forehead Kisses,"lucaa, wraps, enzoa, cups, eliciting, gaze, looks, brushing, arm, smiles","The couple, sitting close, shares tender forehead kisses.",False,"Sexuality, Attraction & Intimacy",Kissing & Non-Explicit Affection,high,False,,,Turning Point & Recognition,II,Hero treats heroine tenderly,medium,False,False,,False,False,False,False,False,False
79,Grandmother's Tears,"daisya, rule, replies, grandmother, whispers, says, remya, needs, cries, freezes","The grandmother cries wide-eyed, muttering to herself in the kitchen chairs.",False,Social World Outside Couple,Family & Kinship,high,False,,,Not a narrative function,NA,None of the above,high,True,False,,False,False,False,False,False,False
80,Hockey Player's Lovesick Reminders,"laurena, hockey, mikea, players, natea, agreed, suddenly, reminding, began, goalie","The hockey player, lovesick, recalls reminders of his past with Laurena.",False,"Emotions, Cognition & Inner Life",Negative Emotions & Distress,medium,False,,,Initial Conflict & Isolation,I,Heroine's social identity is destroyed,medium,False,False,,False,False,False,False,False,False
81,Family Discussion Around Table,"parents, children, kids, families, familya, aunts, uncles, parentsa, theya, grow","The family sits around the table, discussing their wants and needs.",False,Social World Outside Couple,Family & Kinship,high,False,,,Not a narrative function,NA,None of the above,high,True,False,,False,False,False,False,False,False
82,Frightened Admissions,"scared, afraid, sad, terrifying, scary, scare, scares, frightening, frightened, fears","She admits her fears and insecurities to him in a quiet, intimate setting.",False,"Emotions, Cognition & Inner Life",Negative Emotions & Distress,high,False,,,Initial Conflict & Isolation,I,Heroine's social identity is destroyed,medium,False,False,,False,False,False,False,False,False
83,Animal Farm Visit,"goats, dogs, animal, puppies, animals, sheep, pet, lion, pets, hound","The couple visits a farm filled with goats, dogs, and other animals.",False,"Spaces, Time, Activities & Objects",Public & Leisure Spaces,high,False,,,Not a narrative function,NA,None of the above,high,True,False,,False,False,False,False,False,False
84,Emotional Burden About Marriage,"didn, wasn, nicka, couldn, wouldn, flinched, doesn, frowned, struggled, shook","She sat alone, afraid and unsure about her marriage.",False,"Conflict, Risk & Harm","Violence, Threats & Coercion",high,False,"Emotions, Cognition & Inner Life",Negative Emotions & Distress,Initial Conflict & Isolation,I,Heroine reacts antagonistically to the hero,medium,False,False,,False,False,False,False,False,False
85,Pride In Accomplishments,"did, tried, thought, try, trya, course, dida, really, wona, hoped",She proudly reflects on her achievements.,False,"Emotions, Cognition & Inner Life",Positive Emotions & Security,high,False,,,Commitment & Restoration,III,Heroine's identity is restored,high,False,False,,False,False,False,False,False,False
86,City Apartment Lease Negotiation,"york, rent, lease, city, rental, pay, live, monthly, renting, montha","The couple sits around a table in their New York City rental, discussing the terms of their lease with their landlord.",False,"Work, Wealth, Status & Institutions","Money, Housing & Economic Security",high,False,"Spaces, Time, Activities & Objects",Domestic Spaces & Routines,Not a narrative function,NA,None of the above,high,True,False,,False,False,False,False,False,False
87,Unclear Relationship Feelings,"leave, leaving, walk, left, need, leta, run, needed, fleeing, unscathed",The couple argues about their relationship status in the kitchen.,False,Relationship Trajectory (Main Couple),"Conflict, Distance & Breakup Threats",high,False,,,Initial Conflict & Isolation,I,Hero and heroine are physically or emotionally separated,high,False,False,,False,False,False,False,False,False
88,Missed Opportunity Regret,"missed, misses, missing, forgot, performance, sorry, did, ia, train, memo","She laments, 'I missed it.'",False,"Emotions, Cognition & Inner Life",Negative Emotions & Distress,high,False,,,Initial Conflict & Isolation,I,Heroine responds with anger or coldness,medium,False,False,,False,False,False,False,False,False
89,Emotional Argument,"hate, hated, loathe, hating, hates, loathed, dislike, shopping, method, survival",The couple argues heatedly in their living room.,False,Relationship Trajectory (Main Couple),"Conflict, Distance & Breakup Threats",high,False,,,Initial Conflict & Isolation,I,Hero and heroine are physically or emotionally separated,medium,False,False,,False,False,False,False,False,False
90,Medical Appointment At Hospital,"hospital, surgeon, surgery, doctors, trauma, doctora, medical, appointment, er, clinic","The couple finds themselves in the hospital, discussing their medical appointment.",False,"Work, Wealth, Status & Institutions","Law, Medicine, Education & Formal Institutions",high,False,,,Not a narrative function,NA,None of the above,high,True,False,,False,False,False,False,False,False
91,Vivid Childhood Memories,"memories, remember, memory, remembered, remembering, childhood, amnesia, vivid, recall, ones","She recalled vivid memories of her childhood, reliving past events that had been repressed for years.",False,"Emotions, Cognition & Inner Life",Negative Emotions & Distress,high,False,,,Initial Conflict & Isolation,I,Heroine's social identity is destroyed,medium,False,False,,False,False,False,False,False,False
92,Luxury Hotel Suite,"furniture, fireplace, ceiling, windows, chairs, floors, wood, walls, floor, ceilings","The couple explores a lavish hotel suite, admiring the beige furniture, brown wood tables, and floor-to-ceiling windows.",False,"Spaces, Time, Activities & Objects",Domestic Spaces & Routines,high,False,,,Not a narrative function,NA,None of the above,high,True,False,,False,False,False,False,False,False
93,Family Apologies And Reconciliation,"parents, apologies, died, sister, ex, dada, brogue, pleasure, woozy, daughter","The family gathers around the table, with parents and siblings present, as apologies are exchanged and past faults are addressed.",False,Social World Outside Couple,Family & Kinship,high,False,Relationship Trajectory (Main Couple),"Reconciliation, Commitments & HEA",Commitment & Restoration,III,Heroine's identity is restored,medium,False,False,,False,False,False,False,False,False
94,Anger Management In Relationship,"anger, rage, simmering, blood, frustration, enraged, temper, veins, boiled, surges",The couple struggles with managing their anger towards each other during an argument.,False,"Conflict, Risk & Harm","Violence, Threats & Coercion",high,False,Relationship Trajectory (Main Couple),"Conflict, Distance & Breakup Threats",Initial Conflict & Isolation,I,Heroine reacts antagonistically to the hero,medium,False,False,,False,False,False,False,False,False
95,Work-related Evening Call,"harpera, spoke, worlds, asked, spending, personal, client, consult, consolidate, fib",She makes a work-related call in the evening.,False,"Work, Wealth, Status & Institutions","Money, Housing & Economic Security",medium,False,,,Not a narrative function,NA,None of the above,high,True,False,,False,False,False,False,False,False
96,Whispered Love Confessions,"whispers, whispered, whisper, softly, breaking, ear, plea, murmured, soft, someday",She whispers her love in his ear.,False,Relationship Trajectory (Main Couple),"Bonding, Everyday Intimacy & Growth",high,False,,,Turning Point & Recognition,II,Heroine responds warmly to hero's tenderness,medium,False,False,,False,False,False,False,False,False
97,Eyes Closed In Intimacy,"closed, eyelids, shut, sockets, squeeze, vision, fluttered, narrow, bulge, nearly",She closed her eyes as he leaned in for a kiss.,False,"Sexuality, Attraction & Intimacy",Kissing & Non-Explicit Affection,high,False,,,Turning Point & Recognition,II,Hero treats heroine tenderly,low,False,False,,False,False,False,False,False,False
98,Parental Warning About Engagement,"dantea, engagement, pudding, glinted, granite, excused, growled, parents, assault, warning","Dante's parents warn him about his engagement, expressing their concerns.",False,Social World Outside Couple,Family & Kinship,high,False,Relationship Trajectory (Main Couple),"Secrets, Misunderstandings & Hidden Information",Not a narrative function,NA,None of the above,high,True,False,,False,False,False,False,False,False
99,Desire And Regret Conversation,"loved, loves, adored, utterly, madly, vacuum, told, despite, desperately, falling","The couple, sitting at the table, discusses their feelings of desire and regret from the past.",False,"Emotions, Cognition & Inner Life",Negative Emotions & Distress,medium,False,,,Not a narrative function,NA,None of the above,high,True,False,,False,False,False,False,False,False
100,Gifting White Roses,"roses, flowers, bouquet, florist, petals, yellow, lilies, vase, daisies, dozen","He presents her with a bouquet of white roses, her favorite.",False,Relationship Trajectory (Main Couple),"Bonding, Everyday Intimacy & Growth",high,False,,,Turning Point & Recognition,II,Hero treats heroine tenderly,medium,False,False,,False,False,False,False,False,False
101,Sister's Tragic Letters,"gretchena, bronta, library, letter, letters, kleenex, headed, writer, gave, racked",The writer reads his sister's tragic letters in the library.,False,Social World Outside Couple,Family & Kinship,high,False,,,Not a narrative function,NA,None of the above,high,True,False,,False,False,False,False,False,False
102,Hair Tugging During game,"hair, strands, brushes, grip, strand, handful, hand, runs, threads, gently","He grips her hair, tugging gently as they kiss passionately.",False,"Sexuality, Attraction & Intimacy",Explicit Sexual Acts,high,False,,,Commitment & Restoration,III,Heroine responds sexually and emotionally,high,False,False,,False,False,False,False,False,False
103,Nude Bed Scene,"nude, nudes, seen, completely, nakedness, standing, stark, gloriously, wet, half","She stands naked in the bedroom, her body glistening with sweat.",False,"Sexuality, Attraction & Intimacy",Explicit Sexual Acts,high,False,"Spaces, Time, Activities & Objects",Domestic Spaces & Routines,Commitment & Restoration,III,Heroine responds sexually and emotionally,high,False,False,,False,False,False,False,False,False
104,Sister's Confusing Admissions,"kelseya, asks, says, pigeon, uh, helpful, sustainable, excited, cork, answers","Kelsea struggles to understand her sister's cryptic, emotional admissions.",False,Social World Outside Couple,Family & Kinship,medium,False,"Emotions, Cognition & Inner Life",Negative Emotions & Distress,Not a narrative function,NA,None of the above,high,True,False,,False,False,False,False,False,False
105,Hurried Conversations,"hurry, going, live, trippy, goes, pro, prepared, bring, trade, location",The couple hurriedly discusses their plans in a car.,False,Relationship Trajectory (Main Couple),"Bonding, Everyday Intimacy & Growth",medium,False,,,Turning Point & Recognition,II,Heroine responds warmly to hero's tenderness,low,False,False,,False,False,False,False,False,False
106,Nighttime Conversations,"wasa, thata, likea, sa, wella, uha, meana, alsoa, thisa, oha","The couple sits together in the dimly lit bedroom, discussing their feelings late into the night.",False,Relationship Trajectory (Main Couple),"Bonding, Everyday Intimacy & Growth",high,False,,,Turning Point & Recognition,II,Heroine responds warmly to hero's tenderness,low,False,False,,False,False,False,False,False,False
107,Unclear Relationship Feelings,"wasna, didna, matter, sense, true, couldna, happen, happening, hadna, mattered","The couple sits at the table, struggling to express their true feelings.",False,Relationship Trajectory (Main Couple),"Conflict, Distance & Breakup Threats",medium,False,,,Initial Conflict & Isolation,I,Hero and heroine are physically or emotionally separated,medium,False,False,,False,False,False,False,False,False
108,Epic Love Confessions,"loved, fall, falling, believe, consuming, isna, true, fickle, kind, loves","The couple, in a quiet moment, confesses their deep, long-standing love for each other.",False,Relationship Trajectory (Main Couple),"Bonding, Everyday Intimacy & Growth",high,False,,,Turning Point & Recognition,II,Heroine reinterprets hero's behaviour as result of previous hurt,medium,False,False,,False,False,False,False,False,False
109,Wealthy Businessman's Lifestyle,"wealthy, richest, millionaire, eligible, billionairea, wealthiest, wealth, worlda, billion, world",The wealthy businessman discusses business deals over dinner at an upscale restaurant.,False,"Work, Wealth, Status & Institutions",Hero's Elite Work & Business World,high,False,,,Not a narrative function,NA,None of the above,high,True,False,,False,False,False,False,False,False
110,Intense Listening Conversation,"listen, asked, listening, demanded, replied, heard, whata, downplay, reply, everythinga","The couple sits unblinking, feverishly listening to each other's confessions in a quiet room.",False,Relationship Trajectory (Main Couple),"Bonding, Everyday Intimacy & Growth",high,False,,,Turning Point & Recognition,II,Hero treats heroine tenderly,low,False,False,,False,False,False,False,False,False
111,Nightmare Confessions,"dreams, nightmare, dreamed, dreaming, nightmares, true, wake, worst, vivid, fantasies",The couple shares their deepest fears and insecurities while lying in bed at night.,False,"Emotions, Cognition & Inner Life",Negative Emotions & Distress,high,False,,,Initial Conflict & Isolation,I,Heroine reacts antagonistically to the hero,medium,False,False,,False,False,False,False,False,False
112,Snowy Winter Walk,"rain, winter, wet, raining, chilly, icy, snowing, rained, flakes, freezing","The couple walks through the snowy streets, flakes falling around them.",False,"Spaces, Time, Activities & Objects",Public & Leisure Spaces,high,False,,,Not a narrative function,NA,None of the above,high,True,False,,False,False,False,False,False,False
113,Sister's Drug Struggle,"daphnea, audreya, drugs, curious, sister, shrugged, volunteer, continued, suspected, labela","The sister, determined to help, visits Daphne in her apartment.",False,Social World Outside Couple,Family & Kinship,medium,False,,,Not a narrative function,NA,None of the above,high,True,False,,False,False,False,False,False,False
114,Reluctant Relationship Choices,"taga, asked, drewa, wasna, replied, enthralled, hadna, kadea, choices, deter","Isa hesitates to share her top choices for Eli's new PA, causing tension with Melanie.",False,Relationship Trajectory (Main Couple),"Secrets, Misunderstandings & Hidden Information",medium,False,Social World Outside Couple,Friends & Social Circles,Initial Conflict & Isolation,I,Hero and heroine are physically or emotionally separated,medium,False,False,,False,False,False,False,False,False
115,Golfing Couple's Weekend,"landona, asked, glanced, golf, sighed, years, hadna, justa, talk, winced","The couple, thoughtful about their relationship, spends a weekend playing golf and discussing their problems.",False,Relationship Trajectory (Main Couple),"Bonding, Everyday Intimacy & Growth",medium,False,"Spaces, Time, Activities & Objects",Public & Leisure Spaces,Turning Point & Recognition,II,Heroine responds warmly to hero's tenderness,low,False,False,,False,False,False,False,False,False
116,Important Conversation,"important, condition, just, plenty, second, ways, grated, dependent, thing, morea","The couple discusses a crucial matter, emphasizing its importance.",False,Relationship Trajectory (Main Couple),"Bonding, Everyday Intimacy & Growth",high,False,,,Turning Point & Recognition,II,Heroine responds warmly to hero's tenderness,low,False,False,,False,False,False,False,False,False
117,Constant Hate And Dislike,"hated, hate, hates, hating, despised, loathe, loathed, dislike, disliked, hatred",He constantly expresses his hatred and dislike for something or someone.,False,Relationship Trajectory (Main Couple),"Conflict, Distance & Breakup Threats",high,False,,,Initial Conflict & Isolation,I,Hero and heroine are physically or emotionally separated,medium,False,False,,False,False,False,False,False,False
118,Boardroom Negotiation,"holta, donovana, doesna, zullya, addressing, lets, publicity, finds, knows, forthcoming","The couple sits across from each other at a boardroom table, discussing a business deal.",False,"Work, Wealth, Status & Institutions",Hero's Elite Work & Business World,high,False,,,Not a narrative function,NA,None of the above,high,True,False,,False,False,False,False,False,False
119,Whispered Secrets Between Lovers,"elliota, snaps, glares, replies, daniela, epitome, goes, gives, billya, takes","In a quiet moment, a couple exchanges hushed confessions and secrets, their eyes locked and smiles subtle.",False,Relationship Trajectory (Main Couple),"Bonding, Everyday Intimacy & Growth",high,False,,,Turning Point & Recognition,II,Hero treats heroine tenderly,low,False,False,,False,False,False,False,False,False
120,Repeated Affirmations,"aye, string, parts, fianca, yesterday, unable, sounds, word, having, theya",She repeatedly affirms her love and commitment to him.,False,Relationship Trajectory (Main Couple),"Bonding, Everyday Intimacy & Growth",high,False,,,Turning Point & Recognition,II,Heroine responds warmly to hero's tenderness,low,False,False,,False,False,False,False,False,False
121,Convenient Travel Options,"better, easier, vossameera, possibly, probably, smoother, suppose, sakes, option, ideal",The couple discusses better and more convenient travel options for their future trips together.,False,Relationship Trajectory (Main Couple),"Bonding, Everyday Intimacy & Growth",high,False,,,Turning Point & Recognition,II,Heroine responds warmly to hero's tenderness,medium,False,False,,False,False,False,False,False,False
122,Serious Conversation About Relationship,"lewisa, mission, asked, information, hunting, informant, descriptions, saved, friend, helping","She looked into his eyes, ready to discuss their uncertain relationship.",False,"Conflict, Risk & Harm","Violence, Threats & Coercion",high,False,Relationship Trajectory (Main Couple),"Conflict, Distance & Breakup Threats",Initial Conflict & Isolation,I,Hero and heroine are physically or emotionally separated,medium,False,False,,False,False,False,False,False,False
123,Police Involvement,"police, cops, guard, cop, ambulance, guards, paramedics, station, officers, uniform",The couple considers or involves the police in their situation.,False,"Conflict, Risk & Harm",Interpersonal Non-Romantic Conflict,high,False,,,Initial Conflict & Isolation,I,Heroine reacts antagonistically to the hero,medium,False,False,,False,False,False,False,False,False
124,Engagement Surprise,"viviana, shallowed, ante, returned, engagement, stunt, instances, cheeks, ex, flushed","The couple's parents, surprised, learn about their engagement.",False,Social World Outside Couple,Family & Kinship,high,False,,,Not a narrative function,NA,None of the above,high,True,False,,False,False,False,False,False,False
125,Mid-flight Makeout,"flight, plane, jet, airport, helicopter, pilot, runway, flying, fly, jfk",The couple passionately kisses throughout their flight.,False,"Sexuality, Attraction & Intimacy",Kissing & Non-Explicit Affection,high,False,"Spaces, Time, Activities & Objects",Public & Leisure Spaces,Turning Point & Recognition,II,Heroine responds warmly to hero's tenderness,medium,False,False,,False,False,False,False,False,False
126,Sardonic Glances During Argument,"murmured, replied, wouldn, jackass, glanced, hog, easily, informed, sardonic, ruefully","The couple, seated at a table, exchanges sardonic glances during an intense argument.",False,Relationship Trajectory (Main Couple),"Conflict, Distance & Breakup Threats",high,False,,,Initial Conflict & Isolation,I,Hero and heroine are physically or emotionally separated,medium,False,False,,False,False,False,False,False,False
127,Emotional Panic Attacks,"panic, emotions, emotional, attack, emotionally, attacks, hysteria, unease, excited, panicking","She struggles with sudden, intense feelings of panic and dread.",False,"Conflict, Risk & Harm","Violence, Threats & Coercion",high,False,"Emotions, Cognition & Inner Life",Negative Emotions & Distress,Initial Conflict & Isolation,I,Heroine reacts antagonistically to the hero,medium,False,False,,False,False,False,False,False,False
128,Easy Conversations,"easy, simple, straightforward, peasy, natural, surprisingly, ita, easiest, comparison, target","The couple engages in casual, relaxed conversations while spending time together.",False,Relationship Trajectory (Main Couple),"Bonding, Everyday Intimacy & Growth",high,False,,,Turning Point & Recognition,II,Heroine responds warmly to hero's tenderness,low,False,False,,False,False,False,False,False,False
129,Condom Check Before Sex,"condom, condoms, wrapper, packet, wallet, nightstand, expired, drawer, pocket, rolled","He reaches into his wallet, pulling out a condom packet to check its expiration before they proceed.",False,"Sexuality, Attraction & Intimacy",Attraction & Sexual Tension,high,False,,,Initial Conflict & Isolation,I,Heroine interprets hero's behaviour as purely sexual interest,medium,False,False,,False,False,False,False,False,False
130,Sister's Confusing Admissions,"says, told, argues, replied, offered, asked, promised, prospect, unconvinced, panted","The sister confesses her struggles and secrets to her sibling in a quiet, intense conversation.",False,Social World Outside Couple,Family & Kinship,medium,False,,,Not a narrative function,NA,None of the above,high,True,False,,False,False,False,False,False,False
131,Honest Emotional Conversation,"aresa, grunts, walks, wraps, says, lose, ravena, tenses, entwining, inhales","The couple, their eyes locked, honestly discusses their feelings and values in a tense moment.",False,Relationship Trajectory (Main Couple),"Conflict, Distance & Breakup Threats",high,False,,,Initial Conflict & Isolation,I,Hero and heroine are physically or emotionally separated,medium,False,False,,False,False,False,False,False,False
132,132____,", , , , , , , , , ",,,,,,False,,,,NA,,,False,False,,False,False,True,False,False,False
133,Breast And Nipple Play,"nipple, nipples, breasts, breast, cups, pinches, sucking, thumbs, tongue, thumb",He teases her nipples with his thumbs and tongue.,False,"Sexuality, Attraction & Intimacy",Explicit Sexual Acts,high,False,,,Commitment & Restoration,III,Heroine responds sexually and emotionally,high,False,False,,False,False,False,False,False,False
134,Sister's Confusing Admissions,"cadea, audreya, archera, necks, daphnea, glanced, told, curious, breakthroughs, campus",The sister confesses her feelings and secrets to her player sibling in a private conversation.,False,Social World Outside Couple,Family & Kinship,medium,False,Relationship Trajectory (Main Couple),"Secrets, Misunderstandings & Hidden Information",Initial Conflict & Isolation,I,Hero and heroine are physically or emotionally separated,medium,False,False,,False,False,False,False,False,False
135,Sunset Beach Walk,"sun, sky, beach, clouds, horizon, sand, ocean, sunset, orange, cloud","The couple walks along the beach, watching the sun set over the ocean.",False,"Spaces, Time, Activities & Objects",Public & Leisure Spaces,high,False,,,Not a narrative function,NA,None of the above,high,True,False,,False,False,False,False,False,False
136,Excited Diversion,"fun, excited, excitement, entertaining, having, sounds, uncomplicated, goad, diversion, funa","The couple, excited and thrill-seeking, plans a fun activity together.",False,Relationship Trajectory (Main Couple),"Bonding, Everyday Intimacy & Growth",high,False,,,Turning Point & Recognition,II,Hero treats heroine tenderly,low,False,False,,False,False,False,False,False,False
137,Generous Offspring Circumstances,"knows, understood, surely, means, did, goes, understanding, understanda, offspring, reynarda",The couple discusses their generous offspring and the apparent circumstances around them.,False,Social World Outside Couple,Family & Kinship,medium,False,,,Not a narrative function,NA,None of the above,high,True,False,,False,False,False,False,False,False
138,Archery Practice,"sailora, sailors, archery, promised, sparrowa, cards, tapes, arrows, broccoli, pact",The couple practices archery together at a range.,False,Embodied & Sensory Experience,Exercise & Physical Activity,high,False,,,Not a narrative function,NA,None of the above,high,True,False,,False,False,False,False,False,False
139,Awkward Questions At Door,"asked, asks, doing, replied, whata, demanded, prompted, says, suspiciously, uh","She hesitates at the door, asking him 'What is it?' with a stammer.",False,Relationship Trajectory (Main Couple),"Conflict, Distance & Breakup Threats",medium,False,,,Initial Conflict & Isolation,I,Hero and heroine are physically or emotionally separated,medium,False,False,,False,False,False,False,False,False
140,Silent Staring Conversation,"jamesona, milesa, proves, stammers, stares, rolls, sits, imagine, transferring, laughs","Across the room, their eyes meet and hold, conveying unspoken emotions.",False,Relationship Trajectory (Main Couple),"Bonding, Everyday Intimacy & Growth",high,False,,,Turning Point & Recognition,II,Hero treats heroine tenderly,medium,False,False,,False,False,False,False,False,False
141,Hurried Conversations,"rush, , , , , , , , , ","The couple, in a hurry, has a brief, intense conversation in the doorway.",False,Relationship Trajectory (Main Couple),"Bonding, Everyday Intimacy & Growth",medium,False,,,Initial Conflict & Isolation,I,Heroine responds with anger or coldness,medium,False,False,,False,False,False,False,False,False
142,Kitchen Conversation,"kitchen, fridge, cabinets, appliances, counter, stocked, stainless, countertops, dishes, kitchens","The couple stands in the kitchen, discussing their day while she leans against the counter.",False,Relationship Trajectory (Main Couple),"Bonding, Everyday Intimacy & Growth",high,False,,,Turning Point & Recognition,II,Hero treats heroine tenderly,low,False,False,,False,False,False,False,False,False
143,Casual Conversations,"conversation, talk, conversations, discuss, need, chat, talked, later, having, discussion","The couple engages in light, informal discussions while spending time together.",False,Relationship Trajectory (Main Couple),"Bonding, Everyday Intimacy & Growth",high,False,,,Turning Point & Recognition,II,Hero treats heroine tenderly,medium,False,False,,False,False,False,False,False,False
144,Dates And Calendar Confusion,"dates, datea, dated, isna, official, started, service, bring, apps, canceling","She struggles to manage her calendar, trying to fit in dates with him.",False,Relationship Trajectory (Main Couple),"Bonding, Everyday Intimacy & Growth",medium,False,"Work, Wealth, Status & Institutions","Money, Housing & Economic Security",Turning Point & Recognition,II,Hero treats heroine tenderly,medium,False,False,,False,False,False,False,False,False
145,Knowing Glance Conversation,"knows, course, doing, options, wants, did, hea, somethinga, needed, supplication","He knows something, and she knows he knows.",False,Relationship Trajectory (Main Couple),"Secrets, Misunderstandings & Hidden Information",medium,False,,,Initial Conflict & Isolation,I,Hero and heroine are physically or emotionally separated,medium,False,False,,False,False,False,False,False,False
146,Bedtime Routine,"bed, mattress, bedroom, sheets, covers, climb, lay, edge, blankets, pillow","She gets into her own bed, turning right around after a long day.",False,"Spaces, Time, Activities & Objects",Domestic Spaces & Routines,high,False,,,Not a narrative function,NA,None of the above,high,True,False,,False,False,False,False,False,False
147,Good Luck Wishes,"luck, luckiest, perfection, perfectly, fortunate, fit, solution, unlucky, today, miracle",Friends or family members wish someone good luck before an important event.,False,Social World Outside Couple,Friends & Social Circles,high,False,,,Not a narrative function,NA,None of the above,high,True,False,,False,False,False,False,False,False
148,Holiday Celebration,"merry, holiday, parties, holidays, yeara, partya, december, partying, presents, christmases",The couple enjoys a festive holiday party together.,False,Social World Outside Couple,"Community, Norms & Social Events",high,False,,,Not a narrative function,NA,None of the above,high,True,False,,False,False,False,False,False,False
149,Manager's Disappointed Moment,"logana, bronta, grunted, suspected, manager, pursued, recall, populara, manya, buddies","The manager, dejected, frowns at a gathering of friends who seem distracted.",False,Relationship Trajectory (Main Couple),"Conflict, Distance & Breakup Threats",medium,False,,,Initial Conflict & Isolation,I,Hero and heroine are physically or emotionally separated,medium,False,False,,False,False,False,False,False,False
150,Deflecting Blame,"industries, fault, dona, anythinga, avaa, aa, shoulda, dramatic, stop, consented","He tries to deflect blame for a past mistake, but she insists it's not his fault.",False,Relationship Trajectory (Main Couple),"Conflict, Distance & Breakup Threats",medium,False,,,Initial Conflict & Isolation,I,Hero and heroine are physically or emotionally separated,medium,False,False,,False,False,False,False,False,False
151,Negotiating Business Deal,"leta, shall, suggested, leave, says, talk, walk, outside, trickle, technique","The couple sits around a table, discussing strategies and terms for a business deal.",False,"Work, Wealth, Status & Institutions",Hero's Elite Work & Business World,high,False,,,Not a narrative function,NA,None of the above,high,True,False,,False,False,False,False,False,False
152,Hesitant Glances At Market,"valentinaa, valentinoa, looks, smiles, gaze, hesitates, nod, grandmother, stares, market","She hesitates, her gaze lingering on him as he walks away from the market.",False,Relationship Trajectory (Main Couple),"Bonding, Everyday Intimacy & Growth",medium,False,,,Initial Conflict & Isolation,I,Heroine reacts antagonistically to the hero,medium,False,False,,False,False,False,False,False,False
153,Confusing Conversations,"odd, confusing, complicated, weirdest, creepy, surprising, feels, strangest, weirdo, peculiar","The couple struggles to understand each other in a series of odd, confusing conversations.",False,Relationship Trajectory (Main Couple),"Conflict, Distance & Breakup Threats",medium,False,,,Initial Conflict & Isolation,I,Hero and heroine are physically or emotionally separated,medium,False,False,,False,False,False,False,False,False
154,Unexpected Pregnancy,"pregnancy, test, unplanned, weeks, months, fianca, birth, conception, injection, childbirth","She realizes she's pregnant, grappling with the unplanned news.",False,Social World Outside Couple,Family & Kinship,high,False,"Emotions, Cognition & Inner Life",Negative Emotions & Distress,Not a narrative function,NA,None of the above,high,True,False,,False,False,False,False,False,False
155,Whispered Secrets Between Lovers,"whispers, whispered, whisper, ear, hoarsely, darkly, softly, angrily, hear, husky","In a dimly lit room, a couple leans in close, their breaths mingling as they whisper secrets to each other.",False,Relationship Trajectory (Main Couple),"Bonding, Everyday Intimacy & Growth",high,False,,,Turning Point & Recognition,II,Hero treats heroine tenderly,medium,False,False,,False,False,False,False,False,False
156,Trust Assurance Conversation,"trust, trusted, trustworthy, issues, forgave, able, instincts, circle, gut, cana","The couple, sitting at a table, reassures each other about their trust and commitment.",False,Relationship Trajectory (Main Couple),"Bonding, Everyday Intimacy & Growth",high,False,,,Turning Point & Recognition,II,Hero treats heroine tenderly,low,False,False,,False,False,False,False,False,False
157,Unexpected Barroom Moment,"trinitya, didn, couldn, inquired, muttered, segue, exclaimed, wordless, debated, sudden","In the midst of a lively barroom, a sudden, wordless moment of warmth passes between Trinity and Sam.",False,Relationship Trajectory (Main Couple),"Bonding, Everyday Intimacy & Growth",high,False,"Spaces, Time, Activities & Objects",Public & Leisure Spaces,Turning Point & Recognition,II,Hero treats heroine tenderly,medium,False,False,,False,False,False,False,False,False
158,Road Trip Flirtation,"murmured, smirked, saraa, liaa, laughed, humorously, watched, soa, grinned, thoroughly","She and Lukas shared breathless, unblinking moments in the car, his murmurs and intense looks hinting at something more.",False,"Sexuality, Attraction & Intimacy",Kissing & Non-Explicit Affection,medium,False,Relationship Trajectory (Main Couple),"Meeting, First Impressions & Setup",Turning Point & Recognition,II,Hero treats heroine tenderly,medium,False,False,,False,False,False,False,False,False
159,Casual Conversations,"yeah, reply, agreed, answered, agree, answer, yesa, plea, eagerly, admitted",The couple exchanges light-hearted remarks while walking through a colorful market.,False,Relationship Trajectory (Main Couple),"Bonding, Everyday Intimacy & Growth",medium,False,,,Turning Point & Recognition,II,Hero treats heroine tenderly,low,False,False,,False,False,False,False,False,False
160,Emotional Panic Attack,"gasped, tears, panic, cheeks, stomach, tear, hips, winced, wiped, belly","She gasps repeatedly, tears streaming down her cheeks, as panic surges through her body.",False,"Emotions, Cognition & Inner Life",Negative Emotions & Distress,high,False,,,Not a narrative function,NA,None of the above,high,True,False,,False,False,False,False,False,False
161,Admiring Qualities,"liked, likes, hea, really, aggressively, actor, nicest, qualities, enjoy, intelligent",He admires her excellent qualities in the kitchen.,False,Relationship Trajectory (Main Couple),"Bonding, Everyday Intimacy & Growth",high,False,,,Turning Point & Recognition,II,Heroine responds warmly to hero's tenderness,medium,False,False,,False,False,False,False,False,False
162,Breast And Nipple Foreplay,"skirt, dress, breasts, nipples, curves, fabric, wore, panties, lace, blouse","She teasingly caresses her breasts and nipples, her partner watching intently.",False,"Sexuality, Attraction & Intimacy",Explicit Sexual Acts,high,False,,,Commitment & Restoration,III,Heroine responds sexually and emotionally,high,False,False,,False,False,False,False,False,False
163,Redemption Pursuit,"yoursa, youa, whata, redemption, contemporary, blur, favorite, covet, steal, tylera","He returns, determined to win her back, no matter what it takes.",False,Relationship Trajectory (Main Couple),"Reconciliation, Commitments & HEA",high,False,,,Commitment & Restoration,III,Hero declares love and demonstrates commitment,high,False,False,,False,False,False,False,False,False
164,Eye Contact And Connection,"locked, stare, gazes, stared, lock, othera, moment, staring, meet, air","The couple's gazes lock, creating a moment of intense connection.",False,"Sexuality, Attraction & Intimacy",Kissing & Non-Explicit Affection,high,False,,,Turning Point & Recognition,II,Hero treats heroine tenderly,medium,False,False,,False,False,False,False,False,False
165,Emotional Voice Cracks,"cracks, trails, muffled, murmur, shaky, sounds, soft, intended, breaking, strangled","She struggles to hold back tears, her voice cracking with emotion.",False,"Emotions, Cognition & Inner Life",Negative Emotions & Distress,high,False,,,Initial Conflict & Isolation,I,Heroine responds with anger or coldness,medium,False,False,,False,False,False,False,False,False
166,Angry Shouting Match,"shouted, yelled, yell, yells, yelling, bellowed, shouting, exasperation, jump, shouts","She shouts in exasperation, her voice echoing in the bathroom as he stands there, unmoved.",False,Relationship Trajectory (Main Couple),"Conflict, Distance & Breakup Threats",high,False,,,Initial Conflict & Isolation,I,Hero and heroine are physically or emotionally separated,medium,False,False,,False,False,False,False,False,False
167,Intense Orgasmic Waves,"orgasms, climax, rips, orgasmic, orgasmed, body, intense, wave, explodes, orgasma",She experiences intense orgasmic waves throughout their passionate encounter.,False,"Sexuality, Attraction & Intimacy",Explicit Sexual Acts,high,False,,,Commitment & Restoration,III,Heroine responds sexually and emotionally,high,False,False,,False,False,False,False,False,False
168,Changes In Relationship Dynamics,"changed, change, changes, everythinga, mind, topic, things, subject, revise, transformation",The couple discusses the changes in their relationship over time.,False,Relationship Trajectory (Main Couple),"Secrets, Misunderstandings & Hidden Information",medium,False,,,Initial Conflict & Isolation,I,Hero and heroine are physically or emotionally separated,medium,False,False,,False,False,False,False,False,False
169,Risky Business Decision,"risky, stake, low, far, risk, responsibility, temptation, expensive, busy, toodles",The couple argues in the kitchen about a risky business move.,False,Relationship Trajectory (Main Couple),"Conflict, Distance & Breakup Threats",high,False,,,Initial Conflict & Isolation,I,Hero and heroine are physically or emotionally separated,medium,False,False,,False,False,False,False,False,False
170,Noon Conversations,"rebeccaa, cassiea, katea, startling, shrieked, winces, thanks, noon, analogies, required",The couple engages in curious and thoughtful discussions during the day.,False,Relationship Trajectory (Main Couple),"Bonding, Everyday Intimacy & Growth",high,False,,,Turning Point & Recognition,II,Heroine responds warmly to hero's tenderness,medium,False,False,,False,False,False,False,False,False
171,Bedroom Intimacy,"bed, mattress, bedroom, edge, sits, carries, covers, pushes, pillow, crawls","The couple sits on the bed, legs touching, as they share intimate moments.",False,"Sexuality, Attraction & Intimacy",Kissing & Non-Explicit Affection,high,False,"Spaces, Time, Activities & Objects",Domestic Spaces & Routines,Turning Point & Recognition,II,Hero treats heroine tenderly,medium,False,False,,False,False,False,False,False,False
172,Unclear Relationship Feelings,"stellaa, avaa, resurfaced, julesa, unrecognizable, musta, bridgeta, widened, parted, woulda",Stella and the unnamed narrator exchange uncertain glances and have a conversation about their relationship.,False,Relationship Trajectory (Main Couple),"Secrets, Misunderstandings & Hidden Information",medium,False,,,Initial Conflict & Isolation,I,Heroine reacts antagonistically to the hero,medium,False,False,,False,False,False,False,False,False
173,Friendship Bonding,"friendship, friend, buddies, benefits, friendships, acquaintances, wea, friendsa, slowlya, school","The couple, inseparable since freshman year, shares laughter and stories in their dorm room.",False,Social World Outside Couple,Friends & Social Circles,high,False,,,Not a narrative function,NA,None of the above,high,True,False,,False,False,False,False,False,False
174,Despairing About Worst Scenarios,"worse, worst, happen, things, terrible, far, horrible, despicable, scenario, times","She sat alone, contemplating the worst-case scenarios that could possibly happen.",False,"Emotions, Cognition & Inner Life",Negative Emotions & Distress,high,False,,,Initial Conflict & Isolation,I,Heroine's social identity is destroyed,medium,False,False,,False,False,False,False,False,False
175,Underwater Glance,"rachela, maggiea, michaela, leveled, blinked, believe, taga, cooed, confirmed, underwater",A person struggles to maintain composure while trying to catch another's attention underwater.,False,Relationship Trajectory (Main Couple),"Bonding, Everyday Intimacy & Growth",medium,False,,,Turning Point & Recognition,II,Hero treats heroine tenderly,medium,False,False,,False,False,False,False,False,False
176,Emotional Throat Tightness,"throat, lump, clear, dries, swallowed, bile, tight, knot, clogged, cough","She struggles to hold back tears, feeling a lump in her throat as she tries to express her emotions.",False,"Emotions, Cognition & Inner Life",Negative Emotions & Distress,high,False,,,Initial Conflict & Isolation,I,Heroine responds with anger or coldness,low,False,False,,False,False,False,False,False,False
177,Stubborn Resistance,"staying, command, strong, youa, cana, stays, willing, stayed, longer, cosmos","He refuses to back down, standing his ground in the face of her persistent requests.",False,Relationship Trajectory (Main Couple),"Conflict, Distance & Breakup Threats",high,False,,,Initial Conflict & Isolation,I,Hero and heroine are physically or emotionally separated,high,False,False,,False,False,False,False,False,False
178,Pursuit Of Happiness,"happiness, happier, make, makes, satisfaction, happily, deserve, cheerful, tools, percent","The couple reflects on their journey together, finding happiness in each other's company.",False,"Emotions, Cognition & Inner Life",Positive Emotions & Security,high,False,,,Commitment & Restoration,III,Heroine's identity is restored,high,False,False,,False,False,False,False,False,False
179,Harem Conversation,"heidia, asked, cried, soa, applies, bathing, engage, pouted, insisted, labor","Heidia's boyfriends show up unexpectedly during a conversation, causing tension and stress.",False,Relationship Trajectory (Main Couple),"Conflict, Distance & Breakup Threats",medium,False,Social World Outside Couple,Friends & Social Circles,Initial Conflict & Isolation,I,Hero and heroine are physically or emotionally separated,medium,False,False,,False,False,False,False,False,False
180,Ode Recital,"ode, deserve, believed, ended, outdo, flashing, geometry, stratosphere, adhered, cleanup",She recites the same ode every time they meet.,False,Relationship Trajectory (Main Couple),"Bonding, Everyday Intimacy & Growth",high,False,,,Turning Point & Recognition,II,Hero treats heroine tenderly,low,False,False,,False,False,False,False,False,False
181,Exasperated Conversations,"lovelloa, released, grunt, expressionless, strides, remained, chuckled, halted, song, shifted","He glowered, exasperated, as she tried to explain herself.",False,Relationship Trajectory (Main Couple),"Conflict, Distance & Breakup Threats",high,False,,,Initial Conflict & Isolation,I,Hero and heroine are physically or emotionally separated,medium,False,False,,False,False,False,False,False,False
182,Cheek Heating Conversation,"tough, umma, jerky, battle, dig, cheeks, theya, talk, getting, ita","She blushes, her cheeks heating up as she discusses something personal with him.",False,"Emotions, Cognition & Inner Life",Positive Emotions & Security,high,False,,,Not a narrative function,NA,None of the above,high,True,False,,False,False,False,False,False,False
183,Division Discussion,"division, stick, excuse, probably, , , , , , ",The couple discusses their division of labor in the kitchen.,False,Relationship Trajectory (Main Couple),"Bonding, Everyday Intimacy & Growth",medium,False,"Spaces, Time, Activities & Objects",Domestic Spaces & Routines,Turning Point & Recognition,II,Heroine responds warmly to hero's tenderness,low,False,False,,False,False,False,False,False,False
184,Low Voice Conversations,"low, lowers, trails, gruff, husky, hoarse, drops, rough, speaks, soft","He speaks to her, his voice low, in a quiet, intimate setting.",False,"Sexuality, Attraction & Intimacy",Kissing & Non-Explicit Affection,high,False,,,Turning Point & Recognition,II,Hero treats heroine tenderly,medium,False,False,,False,False,False,False,False,False
185,Thrilling Experiences,"awesome, wonderful, extraordinary, glorious, exciting, stunning, spectacular, thrilling, satisfying, ita",The couple shares exciting and extraordinary moments together.,False,Relationship Trajectory (Main Couple),"Bonding, Everyday Intimacy & Growth",high,False,,,Turning Point & Recognition,II,Heroine responds warmly to hero's tenderness,low,False,False,,False,False,False,False,False,False
186,186____,", , , , , , , , , ",,,,,,False,,,,NA,,,False,False,,False,False,True,False,False,False
187,Political Planning Session,"plan, plans, work, united, conditions, figure, suited, states, planning, bantered","Politicians gather around a table, discussing feasible action plans and conditions.",False,"Work, Wealth, Status & Institutions",Hero's Elite Work & Business World,high,False,,,Not a narrative function,NA,None of the above,high,True,False,,False,False,False,False,False,False
188,Struggling With Authentic Feelings,"feels, deal, authentic, stuff, isna, happening, whats, believe, struggle, realness","She grapples with the authenticity of her emotions, repeatedly telling herself it's not real, yet feeling its intensity.",False,"Emotions, Cognition & Inner Life",Negative Emotions & Distress,high,False,,,Initial Conflict & Isolation,I,Heroine responds with anger or coldness,medium,False,False,,False,False,False,False,False,False
189,Weekend Planning,"tomorrow, weekend, monday, weekends, saturday, weekenda, thursday, holiday, noon, nudist",The couple discusses and plans their upcoming weekend activities.,False,Relationship Trajectory (Main Couple),"Bonding, Everyday Intimacy & Growth",high,False,,,Turning Point & Recognition,II,Hero treats heroine tenderly,low,False,False,,False,False,False,False,False,False
190,Religious Piety Display,"et, religion, priest, deity, salvation, religious, puke, showering, greek, fondler","He kneels to pray, showing off his piety in front of others.",False,"Emotions, Cognition & Inner Life",Positive Emotions & Security,high,False,,,Turning Point & Recognition,II,Heroine reinterprets hero's behaviour as result of previous hurt,medium,False,False,,False,False,False,False,False,False
191,Business Meeting With Client,"eddiea, wasn, onboarding, didn, couldn, blinked, mitchella, meeting, complied, karaoke","Eddie meets with a client in an office, discussing business and his role in the company.",False,"Work, Wealth, Status & Institutions",Hero's Elite Work & Business World,high,False,,,Not a narrative function,NA,None of the above,high,True,False,,False,False,False,False,False,False
192,Optimistic Reassurance,"everythinga, ita, perfectly, suited, going, sashimi, fixable, totally, shhhh, sod",She reassures him that everything will be fine.,False,"Emotions, Cognition & Inner Life",Positive Emotions & Security,high,False,,,Turning Point & Recognition,II,Hero treats heroine tenderly,medium,False,False,,False,False,False,False,False,False
193,Birthday Surprise For Friend,"patricka, yells, dopey, friend, nervously, announces, nudging, presents, birthday, wasted",She excitedly plans and executes a surprise birthday party for her friend.,False,Social World Outside Couple,Friends & Social Circles,high,False,,,Not a narrative function,NA,None of the above,high,True,False,,False,False,False,False,False,False
194,Author Acknowledgment Section,"authors, acknowledgments, authora, reviews, reading, purchase, series, thank, authorized, fiction",The author thanks readers and acknowledges supporters in the acknowledgments section of their novel.,True,Special,Noise / Technical / Paratext,high,True,,,Not a narrative function,NA,None of the above,high,True,False,,False,True,False,False,False,False
195,Business Deal Negotiation,"spoke, asked, cartera, walked, reservation, blakea, noraa, smiled, pro, standards","The couple, seated around a table, engages in intense negotiations over a business deal.",False,"Work, Wealth, Status & Institutions",Hero's Elite Work & Business World,high,False,,,Not a narrative function,NA,None of the above,high,True,False,,False,False,False,False,False,False
196,Admiring Handsome Man,"attractive, hea, incredibly, refined, devastatingly, handsomeness, irresistible, looks, endowed, looked",She admires his stunning features and irresistible looks in a luxurious hotel suite.,False,"Sexuality, Attraction & Intimacy",Attraction & Sexual Tension,high,False,,,Initial Conflict & Isolation,I,Heroine interprets hero's behaviour as purely sexual interest,medium,False,False,,False,False,False,False,False,False
197,Breakup Reflection,"breakera, asks, closure, margaritas, refer, rule, joins, numbers, says, uh","She sits alone, margarita in hand, reflecting on their breakup and the decade they spent together.",False,"Emotions, Cognition & Inner Life",Negative Emotions & Distress,high,False,,,Initial Conflict & Isolation,I,Heroine reacts antagonistically to the hero,medium,False,False,,False,False,False,False,False,False
198,Holiday Horseplay,"sainta, growls, stiffens, patron, smirks, snickers, holidays, swings, prayera, grownups","The couple, on holiday, playfully interact with a horse at a stable.",False,Relationship Trajectory (Main Couple),"Bonding, Everyday Intimacy & Growth",high,False,,,Turning Point & Recognition,II,Hero treats heroine tenderly,low,False,False,,False,False,False,False,False,False
199,Apprehensive Password Exchange,"liaa, case, password, owners, kick, danish, perking, disappear, ehhh, happening","She hesitates before sharing her password, feeling apprehensive about the figurative implications.",False,Relationship Trajectory (Main Couple),"Secrets, Misunderstandings & Hidden Information",medium,False,,,Initial Conflict & Isolation,I,Hero and heroine are physically or emotionally separated,medium,False,False,,False,False,False,False,False,False
200,Siblings' Confusing Disclosure,"sister, sistera, partnera, niece, daughter, older, disclosure, mask, members, sibling",A sister and her older sibling have a tense conversation about a hidden truth.,False,Social World Outside Couple,Family & Kinship,high,False,,,Not a narrative function,NA,None of the above,high,True,False,,False,False,False,False,False,False
201,Jealousy Conversation,"jealous, jealousy, tribute, irrationally, envious, mediocre, elderly, envy, girlfriend, pang",The couple discusses their feelings of jealousy and irrational thoughts.,False,Relationship Trajectory (Main Couple),"Conflict, Distance & Breakup Threats",high,False,,,Initial Conflict & Isolation,I,Heroine reacts antagonistically to the hero,medium,False,False,,False,False,False,False,False,False
202,Hatred-fueled Argument,"hated, hate, hates, despised, disliked, hating, represented, despise, history, hatred","She and he argue heatedly in the kitchen, fueled by long-standing hatred.",False,Relationship Trajectory (Main Couple),"Conflict, Distance & Breakup Threats",high,False,,,Initial Conflict & Isolation,I,Hero and heroine are physically or emotionally separated,medium,False,False,,False,False,False,False,False,False
203,Incessant Complaints About Broccoli,"bronta, sharona, revulsion, guests, creature, evacuated, register, doubted, funa, minibar","The couple, at a restaurant in the Bahamas, argues incessantly about the broccoli on their plates.",False,Relationship Trajectory (Main Couple),"Conflict, Distance & Breakup Threats",high,False,,,Initial Conflict & Isolation,I,Hero and heroine are physically or emotionally separated,medium,False,False,,False,False,False,False,False,False
204,Forgetting And Reminding,"forget, forgot, forgotten, forgetting, completely, everybody, silliness, friendliest, requisite, defcon","She reminds him of something he'd forgotten, sparking a conversation about their shared past.",False,Relationship Trajectory (Main Couple),"Bonding, Everyday Intimacy & Growth",medium,False,,,Turning Point & Recognition,II,Heroine reinterprets hero's behaviour as result of previous hurt,medium,False,False,,False,False,False,False,False,False
205,Rule-breaking Encounter,"fuckup, rule, horny, rules, hint, rest, half, job, world, maybe","She defies the rules, leading to a passionate encounter in the car.",False,"Sexuality, Attraction & Intimacy",Explicit Sexual Acts,high,False,Relationship Trajectory (Main Couple),"Bonding, Everyday Intimacy & Growth",Commitment & Restoration,III,Heroine responds sexually and emotionally,high,False,False,,False,False,False,False,False,False
206,Audience-focused Decision,"hadn, didn, audience, couldn, lavishing, blinked, glanced, wouldn, formidable, compact","Poppy, on stage, considers her audience's reaction before turning back to her rival.",False,Relationship Trajectory (Main Couple),"Secrets, Misunderstandings & Hidden Information",medium,False,,,Initial Conflict & Isolation,I,Hero and heroine are physically or emotionally separated,medium,False,False,,False,False,False,False,False,False
207,Scent-induced Arousal,"scent, cologne, smell, smells, smelled, soap, musk, sandalwood, cedar, masculine","She closes her eyes, inhaling deeply, as his masculine scent fills her nostrils, igniting a wave of desire in the bedroom.",False,"Sexuality, Attraction & Intimacy",Attraction & Sexual Tension,high,False,,,Initial Conflict & Isolation,I,Heroine interprets hero's behaviour as purely sexual interest,high,False,False,,False,False,False,False,False,False
208,Desperate Harem Offer,"wants, wanted, want, badly, astonishingly, desperate, bluest, harem, alwaysa, empowering","She, desperate for his affection, offers herself to him in a harem-like setting.",False,"Sexuality, Attraction & Intimacy",Explicit Sexual Acts,high,False,,,Commitment & Restoration,III,Heroine responds sexually and emotionally,high,False,False,,False,False,False,False,False,False
209,Clan Heir's Obsession,"fitzpatricka, brennana, eldest, clan, ireland, unwarranted, obsession, wing, adoptive, squash","The eldest son of a powerful clan is consumed by an unwarranted obsession with his adoptive sister, leading to intense, often inappropriate interactions.",False,Social World Outside Couple,Family & Kinship,medium,False,Relationship Trajectory (Main Couple),"Secrets, Misunderstandings & Hidden Information",Not a narrative function,NA,None of the above,high,True,False,,False,False,False,False,False,False
210,Reunion Conversation In Car,"emerya, ensemble, muttered, groaned, asked, jensena, gesturing, laughed, reunion, feelings","The couple, reunited after years, converse in a parked car, reminiscing about their past and exploring their feelings.",False,Relationship Trajectory (Main Couple),"Bonding, Everyday Intimacy & Growth",high,False,"Spaces, Time, Activities & Objects",Domestic Spaces & Routines,Turning Point & Recognition,II,Hero treats heroine tenderly,medium,False,False,,False,False,False,False,False,False
211,Hair Play During Intimacy,"hair, blonde, waves, shoulders, bun, strands, fell, swept, breeze, braid","She runs her fingers through his hair, playing with the strands as they sit close together.",False,"Sexuality, Attraction & Intimacy",Kissing & Non-Explicit Affection,high,False,,,Turning Point & Recognition,II,Hero treats heroine tenderly,low,False,False,,False,False,False,False,False,False
212,Office Work At Desk,"desk, screen, laptop, monitor, office, stare, papers, drawer, chair, paperweight","She sits at her desk in the office, staring at her computer screen.",False,"Work, Wealth, Status & Institutions",Shared Workplaces & Professional Interaction,high,False,,,Not a narrative function,NA,None of the above,high,True,False,,False,False,False,False,False,False
213,Deep Breaths During Emotional Moment,"breath, hitches, breathes, deep, breathing, groans, sucked, throat, lungs, blew","She takes deep, ragged breaths to calm herself during an emotional conversation.",False,"Emotions, Cognition & Inner Life",Negative Emotions & Distress,high,False,,,Not a narrative function,NA,None of the above,high,True,False,,False,False,False,False,False,False
214,Evasive Answers,"lottiea, asks, says, question, questiona, omg, connect, answer, say, whata","She asks him questions, but he evades giving direct answers.",False,Relationship Trajectory (Main Couple),"Conflict, Distance & Breakup Threats",medium,False,,,Initial Conflict & Isolation,I,Hero and heroine are physically or emotionally separated,medium,False,False,,False,False,False,False,False,False
215,Overprotective Ogre's Sudden Outburst,"shocked, dona, stunned, worrying, upset, worries, ia, aback, rattled, shockeda","An enraged ogre, overprotective of his loved one, suddenly lashes out in a shocking display of anger.",False,Relationship Trajectory (Main Couple),"Conflict, Distance & Breakup Threats",high,False,"Conflict, Risk & Harm","Violence, Threats & Coercion",Initial Conflict & Isolation,I,Hero and heroine are physically or emotionally separated,medium,False,False,,False,False,False,False,False,False
216,Death And Suicide Conversations,"die, dead, died, deaths, killed, dying, mortification, murdered, murder, kills",The couple discusses their fears and past experiences with death and suicide.,False,"Emotions, Cognition & Inner Life",Negative Emotions & Distress,high,False,,,Initial Conflict & Isolation,I,Heroine's social identity is destroyed,medium,False,False,,False,False,False,False,False,False
217,Snarky Banter In Morning,"snarky, innit, arouses, raincheck, hangina, bye, tough, frisky, naw, sidekick",She teases him with snarky remarks as they wake up together in the morning.,False,Relationship Trajectory (Main Couple),"Conflict, Distance & Breakup Threats",medium,False,,,Initial Conflict & Isolation,I,Hero and heroine are physically or emotionally separated,medium,False,False,,False,False,False,False,False,False
218,Birdwatching In Park,"pigeon, birds, duck, duckling, chirping, wings, speculate, pecking, crows, antics","The couple sits on a bench in the park, watching birds and ducks.",False,"Spaces, Time, Activities & Objects",Domestic Spaces & Routines,high,False,,,Not a narrative function,NA,None of the above,high,True,False,,False,False,False,False,False,False
219,Human Nature Reflection,"assignment, humans, course, actuality, picturea, enviable, did, par, fixture, represented",She contemplates the complexities of human nature.,False,"Emotions, Cognition & Inner Life","Beliefs, Values & Moral Reflection",high,False,,,Not a narrative function,NA,None of the above,high,True,False,,False,False,False,False,False,False
220,Evening Boat Ride,"margota, eddiea, couldn, didn, wasn, blinked, moment, raised, boat, inspiration","The couple relaxes on a boat, enjoying the evening and each other's company.",False,Relationship Trajectory (Main Couple),"Bonding, Everyday Intimacy & Growth",high,False,,,Initial Conflict & Isolation,I,Hero and heroine are physically or emotionally separated,medium,False,False,,False,False,False,False,False,False
221,Quick Shower Hygiene,"shower, bathroom, bath, towel, restroom, toilet, showered, tub, towels, quick",She leads her into the bathroom and turns on the hot water for a quick shower.,False,"Spaces, Time, Activities & Objects",Domestic Spaces & Routines,high,False,,,Not a narrative function,NA,None of the above,high,True,False,,False,False,False,False,False,False
222,Trash Can Trial,"yeah, benjamina, aftera, trial, hauled, sale, rode, goda, wella, sistera",The couple argues near the trash can during a heated discussion.,False,Relationship Trajectory (Main Couple),"Conflict, Distance & Breakup Threats",high,False,"Spaces, Time, Activities & Objects",Domestic Spaces & Routines,Initial Conflict & Isolation,I,Hero and heroine are physically or emotionally separated,medium,False,False,,False,False,False,False,False,False
223,Work-related Presentation,"wea, work, need, talked, presentation, whatevera, talk, discuss, adults, handle",The couple discusses work and expectations in the office before the presentation.,False,"Work, Wealth, Status & Institutions",Hero's Elite Work & Business World,high,False,,,Not a narrative function,NA,None of the above,high,True,False,,False,False,False,False,False,False
224,224____,", , , , , , , , , ",,,,,,False,,,,NA,,,False,False,,False,False,True,False,False,False
225,Early Morning Hesitation,"early, latea, ita, minutes, bylaws, wasn, stipulate, realized, mosquitoes, technically","She hesitates, unsure if it's too early to share her feelings.",False,"Emotions, Cognition & Inner Life",Negative Emotions & Distress,medium,False,,,Not a narrative function,NA,None of the above,high,True,False,,False,False,False,False,False,False
226,Disco Night Adventure,"hayesa, doesna, wants, copying, imperial, disco, infinity, pottery, scandalous, doga",She and her girlfriend dance the night away at a lively disco in Maine.,False,Relationship Trajectory (Main Couple),"Bonding, Everyday Intimacy & Growth",high,False,Social World Outside Couple,Friends & Social Circles,Turning Point & Recognition,II,Hero treats heroine tenderly,medium,False,False,,False,False,False,False,False,False
227,Voyeuristic Secretary,"emersona, feels, scuffle, replies, destructive, cra, voyeur, involves, announces, filing","A secretary, feeling watched by her boss, struggles with her emotions while working late.",False,"Sexuality, Attraction & Intimacy",Attraction & Sexual Tension,medium,False,"Spaces, Time, Activities & Objects",Domestic Spaces & Routines,Initial Conflict & Isolation,I,Heroine interprets hero's behaviour as purely sexual interest,medium,False,False,,False,False,False,False,False,False
228,Homecoming Conversations,"home, edit, literally, heading, homesick, likea, sense, want, descriptions, schooled",The couple shares emotional conversations upon returning home.,False,Relationship Trajectory (Main Couple),"Bonding, Everyday Intimacy & Growth",high,False,"Spaces, Time, Activities & Objects",Domestic Spaces & Routines,Commitment & Restoration,III,Heroine's identity is restored,medium,False,False,,False,False,False,False,False,False
229,Fascinated Gaze,"widens, narrowed, gaze, widened, widen, tilts, narrows, brows, tilted, furrowed","She looks at him, her gaze widening with fascination.",False,"Sexuality, Attraction & Intimacy",Attraction & Sexual Tension,high,False,,,Initial Conflict & Isolation,I,Heroine interprets hero's behaviour as purely sexual interest,medium,False,False,,False,False,False,False,False,False
230,Wheelchair Bonding,"didn, testily, talked, hadn, wasn, cast, wheelchair, figured, repeated, told","The couple, Churchill and his partner, bond over his fondness for golf and her interest in information about him, as she sits on his lap in the wheelchair.",False,Relationship Trajectory (Main Couple),"Bonding, Everyday Intimacy & Growth",high,False,Embodied & Sensory Experience,Exercise & Physical Activity,Turning Point & Recognition,II,Hero treats heroine tenderly,medium,False,False,,False,False,False,False,False,False
231,Sweaty Forehead During Intimacy,"sweat, beads, sweating, trickles, sweaty, palms, bead, forehead, skin, spine",She notices beads of sweat trickling down his forehead as they grow closer.,False,Embodied & Sensory Experience,Body Parts & Physical Reactions,high,False,,,Not a narrative function,NA,None of the above,high,True,False,,False,False,False,False,False,False
232,Winning Bid Excitement,"won, winning, firsthand, blah, wins, prize, earn, arena, importantlya, definitely",She excitedly shares the news of winning a house at an auction with her partner in the car.,False,Relationship Trajectory (Main Couple),"Bonding, Everyday Intimacy & Growth",high,False,,,Turning Point & Recognition,II,Heroine responds warmly to hero's tenderness,low,False,False,,False,False,False,False,False,False
233,Admiring Intelligence,"loved, liked, adored, attractive, proud, intelligent, looked, excellent, pieces, stunning",He admired her intelligence as they discussed their shared interests over dinner.,False,Relationship Trajectory (Main Couple),"Bonding, Everyday Intimacy & Growth",high,False,,,Turning Point & Recognition,II,Hero treats heroine tenderly,medium,False,False,,False,False,False,False,False,False
234,Witch's Daughter Murder Plot,"winniea, witch, laughed, asked, murdering, flared, chided, sitter, daughter, chimed",The witch's daughter plans to murder someone while her mother is away.,False,Social World Outside Couple,Family & Kinship,medium,False,Relationship Trajectory (Main Couple),"Secrets, Misunderstandings & Hidden Information",Not a narrative function,NA,None of the above,high,True,False,,False,False,False,False,False,False
235,Imperious Gaze,"henrya, dennya, turns, smuckersa, gaze, spins, narrows, everybody, defray, gets","He stares imperiously at her, his gaze intense and commanding.",False,"Sexuality, Attraction & Intimacy",Attraction & Sexual Tension,high,False,,,Initial Conflict & Isolation,I,Heroine interprets hero's behaviour as purely sexual interest,medium,False,False,,False,False,False,False,False,False
236,Sarcastic Jokes,"joke, funny, jokea, whata, amusing, isna, sick, sarcasm, somethinga, freakin","She laughs at his sarcastic jokes, but feels uncomfortable with their lack of genuine humor.",False,Relationship Trajectory (Main Couple),"Conflict, Distance & Breakup Threats",medium,False,,,Initial Conflict & Isolation,I,Hero and heroine are physically or emotionally separated,medium,False,False,,False,False,False,False,False,False
237,Triggered Argument,"knew, exactly, happen, bastiana, rioting, volley, did, forte, meticulously, starred","The couple argues in the living room, triggered by a sudden remark.",False,Relationship Trajectory (Main Couple),"Conflict, Distance & Breakup Threats",high,False,,,Initial Conflict & Isolation,I,Hero and heroine are physically or emotionally separated,low,False,False,,False,False,False,False,False,False
238,Clarifying Conversation,"rumbles, load, huh, point, isna, things, asked, , , ","The couple sits at a table, trying to understand each other's perspective.",False,Relationship Trajectory (Main Couple),"Conflict, Distance & Breakup Threats",high,False,,,Initial Conflict & Isolation,I,Hero and heroine are physically or emotionally separated,medium,False,False,,False,False,False,False,False,False
239,Tearful Emotional Moment,"tears, prick, wipe, blink, cheeks, tear, leak, sting, stung, welled","She struggles to hold back tears, her eyes welling up as she grapples with her emotions.",False,"Emotions, Cognition & Inner Life",Negative Emotions & Distress,high,False,,,Initial Conflict & Isolation,I,Heroine's social identity is destroyed,medium,False,False,,False,False,False,False,False,False
240,Career-focused Relationship Struggles,"ia, worked, applied, developed, years, tasked, built, research, achieved, deal",She thought about their relationship while booking a flight for her career opportunity.,False,Relationship Trajectory (Main Couple),"Secrets, Misunderstandings & Hidden Information",medium,False,"Work, Wealth, Status & Institutions",Heroine's Work & Professional Identity,Initial Conflict & Isolation,I,Hero and heroine are physically or emotionally separated,medium,False,False,,False,False,False,False,False,False
241,Starting Conversation,"okaya, wella, arranged, start, yeah, let, ita, ia, , ","She hesitates, then starts the conversation with him in the car.",False,Relationship Trajectory (Main Couple),"Meeting, First Impressions & Setup",high,False,,,Initial Conflict & Isolation,I,Heroine's social identity is destroyed,low,False,False,,False,False,False,False,False,False
242,Awkward Handshake Introduction,"davea, elliea, says, asks, clasps, sadiea, class, gives, handshake, lottiea","Ellie hesitates before extending her hand to Lottie, who looks uncertain about the gesture.",False,Social World Outside Couple,Friends & Social Circles,medium,False,,,Not a narrative function,NA,None of the above,high,True,False,,False,False,False,False,False,False
243,Fearless Ladies Conversation,"charlottea, answer, answered, reply, epitome, ladies, stammer, acknowledges, deteriorated, helloa",The fearless ladies engage in an outspoken conversation around the table.,False,Social World Outside Couple,Friends & Social Circles,high,False,,,Not a narrative function,NA,None of the above,high,True,False,,False,True,False,False,False,False
244,Age Gap Roleplay,"cordless, drill, didn, accomplished, reassuring, results, oldest, strides, homebody, maybach","Gage, the older man, assumes a paternal role with Haven, intervening on her behalf and remembering details about people they meet.",False,Social World Outside Couple,Family & Kinship,high,False,,,Not a narrative function,NA,None of the above,high,True,False,,False,False,False,False,False,False
245,Midnight Clock Glance,"clock, nightstand, ticking, glanced, digital, glance, ticked, midnight, countdown, hour","She glances at the digital clock on the nightstand, watching the hour hand tick towards midnight.",False,"Spaces, Time, Activities & Objects","Time, Seasons & Temporal Framing",high,False,,,Not a narrative function,NA,None of the above,high,True,False,,False,False,False,False,False,False
246,Captain's Real Name Revelation,"captaina, following, wraps, moves, weeksa, badge, placing, stands, try, looks","She turns in his arms, smiling up at him, as he reveals his real name over the intercom.",False,Relationship Trajectory (Main Couple),"Bonding, Everyday Intimacy & Growth",high,False,,,Turning Point & Recognition,II,Heroine responds warmly to hero's tenderness,medium,False,False,,False,False,False,False,False,False
247,Statue Of Liberty Visit,"statue, earnestly, ora, gently, sister, piranhas, outpouring, slept, cornbread, lavishing",She excitedly points out the Statue of Liberty during their boat ride.,False,Social World Outside Couple,"Community, Norms & Social Events",high,False,,,Not a narrative function,NA,None of the above,high,True,False,,False,False,False,False,False,False
248,Doomsday Incident Discussion,"happened, happen, happening, did, just, going, interpretation, darlin, doom, gone",The couple discusses the impending doom and failure of an incident in the gallery.,False,Relationship Trajectory (Main Couple),"Conflict, Distance & Breakup Threats",high,False,,,Initial Conflict & Isolation,I,Hero and heroine are physically or emotionally separated,high,False,False,,False,False,False,False,False,False
249,Belief Discussion,"believe, admit, cana, expect, macka, validity, scotcha, ehh, prophecy, laminate",The couple discusses their beliefs in the garage.,False,"Emotions, Cognition & Inner Life","Beliefs, Values & Moral Reflection",high,False,,,Not a narrative function,NA,None of the above,high,True,False,,False,False,False,False,False,False
250,Protective Conversations By Firelight,"loved, loves, adored, clearly, humbled, protector, cared, soul, madly, conversations","She loved him, their conversations bolder and headstrong, as he protectively pampered her by the firelight.",False,Relationship Trajectory (Main Couple),"Bonding, Everyday Intimacy & Growth",high,False,Embodied & Sensory Experience,Body Parts & Physical Reactions,Turning Point & Recognition,II,Heroine responds warmly to hero's tenderness,low,False,False,,False,False,False,False,False,False
251,Press Conference Speech,"georgiaa, thosea, press, conference, yelped, scolded, giggled, cursing, laughed, called",She confidently delivers her speech at a press conference.,False,Social World Outside Couple,"Community, Norms & Social Events",high,False,,,Not a narrative function,NA,None of the above,high,True,False,,False,False,False,False,False,False
252,Argument With Glare,"westona, growls, straightens, cautions, scowls, movea, retorts, turns, smoldering, oops","He glares at her, voice hard, as she retorts with a smirk.",False,Relationship Trajectory (Main Couple),"Conflict, Distance & Breakup Threats",high,False,,,Initial Conflict & Isolation,I,Hero and heroine are physically or emotionally separated,medium,False,False,,False,False,False,False,False,False
253,Confused Conversations,"doing, demanded, asked, going, shrug, stammer, supremacy, question, sacrilege, chides","She looks at him, confused, as he stutters and struggles to explain his actions.",False,Relationship Trajectory (Main Couple),"Conflict, Distance & Breakup Threats",medium,False,,,Initial Conflict & Isolation,I,Hero and heroine are physically or emotionally separated,medium,False,False,,False,False,False,False,False,False
254,Regretful Mistake Admission,"mistake, wrong, mistakes, faulty, huge, foolish, make, undo, horny, trafficked","She admits her mistake, wishing she could take it back.",False,"Emotions, Cognition & Inner Life",Negative Emotions & Distress,medium,False,,,Initial Conflict & Isolation,I,Heroine responds with anger or coldness,medium,False,False,,False,False,False,False,False,False
255,Hot And Heavy Flirting,"hotter, smoking, hots, hottest, really, extremely, totally, scorpion, empathetic, ceaseless","She blushes, playfully teasing him about being the 'hottest' person she's ever met.",False,"Sexuality, Attraction & Intimacy",Attraction & Sexual Tension,high,False,,,Initial Conflict & Isolation,I,Heroine interprets hero's behaviour as purely sexual interest,high,False,False,,False,False,False,False,False,False
256,Hushed Conversations,"shh, whew, uh, ah, huh, whata, wrong, whack, wh, ew","She whispered, he leaned in, their voices low in the dimly lit room.",False,Relationship Trajectory (Main Couple),"Bonding, Everyday Intimacy & Growth",medium,False,,,Turning Point & Recognition,II,Hero treats heroine tenderly,low,False,False,,False,False,False,False,False,False
257,Scent-induced Arousal,"smell, scent, perfume, smells, smelled, air, scents, smelling, distillery, lavender","She notices his captivating scent, feeling a sudden surge of arousal.",False,"Sexuality, Attraction & Intimacy",Attraction & Sexual Tension,high,False,,,Initial Conflict & Isolation,I,Heroine interprets hero's behaviour as purely sexual interest,medium,False,False,,False,False,False,False,False,False
258,Sunset Parade Motivation,"austina, youra, parade, happened, flippantly, sidling, abruptly, didna, issues, wherea","She watched the parade, motivated by the sunset, her hand shot out as she finished her magazine.",False,Relationship Trajectory (Main Couple),"Bonding, Everyday Intimacy & Growth",medium,False,,,Turning Point & Recognition,II,Heroine reinterprets hero's behaviour as result of previous hurt,medium,False,False,,False,False,False,False,False,False
259,Work At Desk,"desk, laptop, papers, office, cubicle, stack, screen, paper, chair, seat","She sits behind her desk, worried, as she waits for news on her computer.",False,"Work, Wealth, Status & Institutions",Heroine's Work & Professional Identity,high,False,,,Not a narrative function,NA,None of the above,high,True,False,,False,False,False,False,False,False
260,Nodding Agreement At Table,"nodded, shrugged, scowl, shrug, agreement, gearshift, assertion, tracea, waiter, sullenly",He nodded in agreement at the table with the waiter.,False,Relationship Trajectory (Main Couple),"Bonding, Everyday Intimacy & Growth",high,False,,,Turning Point & Recognition,II,Heroine responds warmly to hero's tenderness,low,False,False,,False,False,False,False,False,False
261,Car Ride Negotiation,"doesn, introduce, cajoled, disarming, sangria, teaches, uncompromising, tendencies, horizontal, protocol","She sits in the passenger seat, trying to reason with him as he drives.",False,Relationship Trajectory (Main Couple),"Conflict, Distance & Breakup Threats",high,False,,,Initial Conflict & Isolation,I,Heroine reacts antagonistically to the hero,medium,False,False,,False,False,False,False,False,False
262,Clever Insults During Argument,"imply, clever, honestly, gives, , , , , , ","She glares at him, retorting with a clever insult as they argue in the kitchen.",False,Relationship Trajectory (Main Couple),"Conflict, Distance & Breakup Threats",high,False,,,Initial Conflict & Isolation,I,Hero and heroine are physically or emotionally separated,medium,False,False,,False,False,False,False,False,False
263,Riddles And Challenges,"supposed, whata, question, challenge, true, isna, means, conventional, presumptuous, riddle",The couple engages in a playful game of riddles and challenges to test each other's wit and intelligence.,False,Relationship Trajectory (Main Couple),"Bonding, Everyday Intimacy & Growth",high,False,,,Turning Point & Recognition,II,Heroine responds warmly to hero's tenderness,low,False,False,,False,False,False,False,False,False
264,Schoolyard Argument,"lilliea, rubya, daughtera, holds, daughter, squeeze, starts, dumpling, eleanora, school",The daughter and her friends argue loudly in the schoolyard.,False,Social World Outside Couple,Family & Kinship,high,False,Relationship Trajectory (Main Couple),"Conflict, Distance & Breakup Threats",Initial Conflict & Isolation,I,Hero and heroine are physically or emotionally separated,medium,False,False,,False,False,False,False,False,False
265,Careful Tune-up Before Night Out,"just, checking, saya, practicing, record, careful, tune, curveball, easy, peasy",She carefully checks and tunes her car before their night out.,False,"Spaces, Time, Activities & Objects",Domestic Spaces & Routines,high,False,,,Not a narrative function,NA,None of the above,high,True,False,,False,False,False,False,False,False
266,Compromising Photoshoot,"shots, client, grinned, wouldn, compromising, photos, assured, meridian, explicit, le",Abbey positions a man for incriminating photos while her accomplice captures the shots.,False,"Conflict, Risk & Harm","Violence, Threats & Coercion",high,False,,,Initial Conflict & Isolation,I,Hero retaliates or punishes heroine,medium,False,False,,False,False,False,False,False,False
267,Cocky Smirk During Argument,"nods, smirks, smirk, knowingly, solemnly, fuss, politely, broaden, fixed, amused",He smirks cockily at her during an intense argument.,False,Relationship Trajectory (Main Couple),"Conflict, Distance & Breakup Threats",high,False,,,Initial Conflict & Isolation,I,Hero and heroine are physically or emotionally separated,low,False,False,,False,False,False,False,False,False
268,Emotional Conversation Around Table,"ameliea, diary, frowns, tosses, widens, pouts, gaze, glances, breaks, props","The couple sits at a table, engaged in a deep, emotional conversation.",False,Relationship Trajectory (Main Couple),"Conflict, Distance & Breakup Threats",medium,False,,,Initial Conflict & Isolation,I,Hero and heroine are physically or emotionally separated,medium,False,False,,False,False,False,False,False,False
269,Urban Threat Assessment,"jacksona, looked, boudreauxa, eloquently, selflessness, chuckled, growled, sideways, stony, turned","The couple, in their car on a city boulevard, assesses potential threats from panhandlers and considers regulatory responses.",False,Relationship Trajectory (Main Couple),"Conflict, Distance & Breakup Threats",high,False,"Conflict, Risk & Harm","Violence, Threats & Coercion",Initial Conflict & Isolation,I,Hero and heroine are physically or emotionally separated,medium,False,False,,False,False,False,False,False,False
270,Tearful Sobbing,"cried, tears, sobbing, sobbed, bawling, weep, stop, whatsoever, feminine, start","She sat alone, tears streaming down her face, sobbing uncontrollably.",False,"Emotions, Cognition & Inner Life",Negative Emotions & Distress,high,False,,,Initial Conflict & Isolation,I,Heroine's social identity is destroyed,high,False,False,,False,False,False,False,False,False
271,Physical Labor And Attraction,"sama, couldn, didn, sculpted, conquest, labor, charmed, insisting, advantage, defenses",She remembered his sculpted body from years of construction work as they stood close in the kitchen.,False,"Sexuality, Attraction & Intimacy",Attraction & Sexual Tension,medium,False,,,Initial Conflict & Isolation,I,Heroine interprets hero's behaviour as purely sexual interest,medium,False,False,,False,False,False,False,False,False
272,Reluctant Relationship Talk,"answered, says, told, tell, quickly, asks, assured, reada, girlfriend, introduce","She hesitates, then says 'no' to his advances, sparking a conversation about their relationship.",False,Relationship Trajectory (Main Couple),"Conflict, Distance & Breakup Threats",high,False,,,Initial Conflict & Isolation,I,Hero and heroine are physically or emotionally separated,high,False,False,,False,False,False,False,False,False
273,Tearful Apology,"sorry, apologize, apology, ia, apologized, whispered, ruined, apologizing, truly, hastily","She, tears streaming down her face, apologizes to him in a soft, contrite voice.",False,Relationship Trajectory (Main Couple),"Conflict, Distance & Breakup Threats",high,False,,,Turning Point & Recognition,II,Heroine reinterprets hero's behaviour as result of previous hurt,high,False,False,,False,False,False,False,False,False
274,Exclusive Club Nights,"clubs, members, exclusive, cluba, stag, wilder, restaurants, member, strip, whores","The couple frequents exclusive clubs, engaging in wild nights out.",False,Social World Outside Couple,"Community, Norms & Social Events",high,False,"Sexuality, Attraction & Intimacy",Attraction & Sexual Tension,Not a narrative function,NA,None of the above,high,True,False,,False,False,False,False,False,False
275,Back-to-back Support,"othera, lives, compatible, live, better, work, connected, synapses, physically, pasts","The couple stands back-to-back, each having the other's back in a moment of solidarity.",False,Relationship Trajectory (Main Couple),"Bonding, Everyday Intimacy & Growth",high,False,,,Turning Point & Recognition,II,Heroine responds warmly to hero's tenderness,medium,False,False,,False,False,False,False,False,False
276,Angry Argument,"anger, rage, furious, burning, dense, disrespectful, temper, thrums, bitterness, rising","She glared at him, her anger rising as she accused him of being disrespectful.",False,Relationship Trajectory (Main Couple),"Conflict, Distance & Breakup Threats",high,False,,,Initial Conflict & Isolation,I,Heroine reacts antagonistically to the hero,high,False,False,,False,False,False,False,False,False
277,Business Deal Negotiation,"company, buy, profits, business, companies, funds, paid, businesses, successes, millions","He sits across the table, negotiating business terms with a potential investor.",False,"Work, Wealth, Status & Institutions",Hero's Elite Work & Business World,high,False,,,Not a narrative function,NA,None of the above,high,True,False,,False,False,False,False,False,False
278,Medical Emergency Response,"gracea, asked, paged, liked, avoid, east, ways, preface, enlisted, restart","A paramedic rushes to the aid of a patient in distress, using paddles to revive them.",False,"Work, Wealth, Status & Institutions","Law, Medicine, Education & Formal Institutions",high,False,,,Not a narrative function,NA,None of the above,high,True,False,,False,False,False,False,False,False
279,Pilot's Mileage Concerns,"mile, dishing, pilot, london, precautions, losing, wolves, trek, booking, competitors","The pilot worries about the miles they've flown, fearing the loss of their co-pilot.",False,"Emotions, Cognition & Inner Life",Negative Emotions & Distress,medium,False,,,Initial Conflict & Isolation,I,Heroine responds with anger or coldness,medium,False,False,,False,False,False,False,False,False
280,Growling During Intimacy,"growls, groans, growl, rumbles, growling, rips, low, snarls, grunts, rumble",He growls deeply as they make out in the bedroom.,False,"Sexuality, Attraction & Intimacy",Attraction & Sexual Tension,high,False,,,Initial Conflict & Isolation,I,Heroine interprets hero's behaviour as purely sexual interest,medium,False,False,,False,False,False,False,False,False
281,Sleeping Together,"sleep, asleep, slept, night, woke, fell, sleeps, woken, wake, bed","She watches him sleep, exhausted from the night's activities.",False,"Spaces, Time, Activities & Objects",Domestic Spaces & Routines,high,False,,,Not a narrative function,NA,None of the above,high,True,False,,False,False,False,False,False,False
282,Emotional Love Confession,"loved, respect, grandparentsa, outlast, interfered, woolton, mortgage, exceptions, grandkids, utmost","She told him she loved him, hoping for a reciprocated declaration.",False,Relationship Trajectory (Main Couple),"Bonding, Everyday Intimacy & Growth",high,False,,,Commitment & Restoration,III,Hero declares love and demonstrates commitment,high,False,False,,False,False,False,False,False,False
283,283_ina___,"ina, , , , , , , , , ",,,,,,False,,,,NA,,,False,False,,False,False,True,False,False,False
284,Dog Whining,"whines, maxa, answered, bounds, wriggles, perplexed, barks, outmaneuvered, rigidly, extremes",The dog whines repeatedly from the back of the room.,False,"Spaces, Time, Activities & Objects",Domestic Spaces & Routines,high,False,,,Not a narrative function,NA,None of the above,high,True,False,,False,False,False,False,False,False
285,Size Comparison Conversation,"bigger, huge, size, solid, heavy, geometry, massive, inch, large, larger","The couple compares the size of objects, leading to flirtatious banter.",False,"Sexuality, Attraction & Intimacy",Kissing & Non-Explicit Affection,high,False,,,Initial Conflict & Isolation,I,Heroine interprets hero's behaviour as purely sexual interest,low,False,False,,False,False,False,False,False,False
286,Angry Glare During Argument,"zanea, shrugged, trevilloa, krissana, supreme, shouldered, glare, priest, flashed, folded","The couple, standing in the kitchen, glares at each other during an intense argument.",False,"Conflict, Risk & Harm","Violence, Threats & Coercion",high,False,Relationship Trajectory (Main Couple),"Conflict, Distance & Breakup Threats",Initial Conflict & Isolation,I,Hero and heroine are physically or emotionally separated,high,False,False,,False,False,False,False,False,False
287,Legendary Certainty,"knew, exactly, understood, doing, knows, heard, course, needed, gloating, befuddled","He knew her, and she knew him, with a certainty that transcended words.",False,Relationship Trajectory (Main Couple),"Bonding, Everyday Intimacy & Growth",high,False,,,Turning Point & Recognition,II,Heroine reinterprets hero's behaviour as result of previous hurt,medium,False,False,,False,False,False,False,False,False
288,Morning Routine Struggles,"mornings, early, morninga, omg, righta, routine, noon, overnight, oj, tomorrow","She dreads the early mornings, finding it hard to start her workweek.",False,"Emotions, Cognition & Inner Life",Negative Emotions & Distress,medium,False,,,Initial Conflict & Isolation,I,Heroine responds with anger or coldness,medium,False,False,,False,False,False,False,False,False
289,Classical Music Appreciation,"music, band, song, musicians, classical, jazz, playing, play, speakers, songs",The couple enjoys listening to classical music together.,False,Relationship Trajectory (Main Couple),"Bonding, Everyday Intimacy & Growth",high,False,,,Turning Point & Recognition,II,Heroine responds warmly to hero's tenderness,low,False,False,,False,False,False,False,False,False
290,Breast And Nipple Play,"nipples, nipple, hardened, harden, breasts, pebble, fabric, tighten, puckered, firm","She gently caresses and stimulates her partner's nipples with her fingers, feeling them harden under her touch.",False,"Sexuality, Attraction & Intimacy",Explicit Sexual Acts,high,False,,,Commitment & Restoration,III,Heroine responds sexually and emotionally,high,False,False,,False,False,False,False,False,False
291,Deep Breaths During Emotional Moment,"breath, exhales, blew, breathing, deep, ragged, exhaled, intake, blows, inhales","She takes deep, ragged breaths, trying to calm herself as she processes her emotions.",False,"Emotions, Cognition & Inner Life",Negative Emotions & Distress,high,False,,,Not a narrative function,NA,None of the above,high,True,False,,False,False,False,False,False,False
292,Shower Hygiene,"shower, bathroom, towel, bath, tub, restroom, toilet, walks, towels, shirt","He steps into the shower, turning on the water and washing himself.",False,"Spaces, Time, Activities & Objects",Domestic Spaces & Routines,high,False,,,Not a narrative function,NA,None of the above,high,True,False,,False,False,False,False,False,False
293,Talking About Relationship,"jensena, fixer, total, complaining, pained, adviser, outmaneuvered, rewritten, flittered, spat","The couple sits at a table, discussing their relationship dynamics and feelings.",False,Relationship Trajectory (Main Couple),"Conflict, Distance & Breakup Threats",high,False,,,Initial Conflict & Isolation,I,Hero and heroine are physically or emotionally separated,medium,False,False,,False,False,False,False,False,False
294,Embarrassing Admissions,"embarrassing, embarrassed, humiliating, shame, humiliated, embarrassment, ashamed, pity, embarrassinga, spare","She cringes, admitting her embarrassing moments to him in the kitchen.",False,Relationship Trajectory (Main Couple),"Conflict, Distance & Breakup Threats",high,False,,,Initial Conflict & Isolation,I,Hero and heroine are physically or emotionally separated,medium,False,False,,False,False,False,False,False,False
295,Argument About Betrayal,"alexaa, spell, bookcrazy, execute, spells, explosion, grateful, shared, friend, dazed","He bit back the words about Alex's betrayal, his heart sinking as he followed her mother into the house.",False,Relationship Trajectory (Main Couple),"Conflict, Distance & Breakup Threats",high,False,,,Initial Conflict & Isolation,I,Hero and heroine are physically or emotionally separated,medium,False,False,,False,False,False,False,False,False
296,Business Meeting Negotiation,"meeting, office, meetings, board, offices, conference, tomorrow, engineering, noon, business",The couple discusses business terms in an office setting.,False,"Work, Wealth, Status & Institutions",Hero's Elite Work & Business World,high,False,Relationship Trajectory (Main Couple),"Meeting, First Impressions & Setup",Not a narrative function,NA,None of the above,high,True,False,,False,False,False,False,False,False
297,Arrogant Man's Behavior,"arrogance, cocky, smack, hea, insufferable, jerks, pompous, decides, jerky, sleazebag",A woman notices and reacts to the arrogance of a man.,False,Relationship Trajectory (Main Couple),"Conflict, Distance & Breakup Threats",medium,False,,,Initial Conflict & Isolation,I,Heroine reacts antagonistically to the hero,medium,False,False,,False,False,False,False,False,False
298,Business Expansion Negotiation,"aren, jail, nightlife, means, fatherless, haired, undisclosed, lizards, derision, inspires","The stocky, brown-haired man, Travis, negotiates a business deal in his office, aiming to launch himself into the top ranks of Texas developers.",False,"Work, Wealth, Status & Institutions",Hero's Elite Work & Business World,high,False,,,Not a narrative function,NA,None of the above,high,True,False,,False,False,False,False,False,False
299,Grateful Expressions,"glad, grateful, proud, thrilled, ia, thankful, excited, shows, gratitude, item","She expresses her gratitude to him, making him feel proud and happy.",False,"Emotions, Cognition & Inner Life",Positive Emotions & Security,high,False,,,Turning Point & Recognition,II,Heroine responds warmly to hero's tenderness,low,False,False,,False,False,False,False,False,False
300,Argument About Saying No,"buts, steadied, tycoon, claraa, heidia, arguments, contracts, central, maa, argument",She argues with him about setting boundaries in their relationship.,False,Relationship Trajectory (Main Couple),"Conflict, Distance & Breakup Threats",high,False,,,Initial Conflict & Isolation,I,Hero and heroine are physically or emotionally separated,medium,False,False,,False,False,False,False,False,False
301,Erotic Lingerie Show,"erotic, sexytimes, dangerously, alluring, unnatural, attractive, desired, seductive, sensual, lingerie","She seductively models lingerie, twirling and posing for him in the bedroom.",False,"Sexuality, Attraction & Intimacy",Explicit Sexual Acts,high,False,"Spaces, Time, Activities & Objects",Domestic Spaces & Routines,Commitment & Restoration,III,Heroine responds sexually and emotionally,high,False,False,,False,False,False,False,False,False
302,Gun Threat During Argument,"gun, weapon, bullets, pistol, guns, barrel, rifle, gunshot, aimed, shotgun",He raises his gun towards her during an intense argument.,False,"Conflict, Risk & Harm","Violence, Threats & Coercion",high,False,,,Initial Conflict & Isolation,I,Hero retaliates or punishes heroine,high,False,False,,False,False,False,False,False,False
303,Living Life To Fullest,"live, fullest, lived, motto, occasion, cartoonish, lives, lifetime, adult, goal",She contemplates the meaning of living life to the fullest.,False,"Emotions, Cognition & Inner Life",Positive Emotions & Security,high,False,,,Turning Point & Recognition,II,Hero treats heroine tenderly,low,False,False,,False,False,False,False,False,False
304,Local Honey Accident,"jar, barista, trance, suggests, georgiaa, taffy, saltwater, supplement, local, mileage","She drops a jar of local honey, startling her mother who was behind her.",False,Relationship Trajectory (Main Couple),"Secrets, Misunderstandings & Hidden Information",medium,False,,,Initial Conflict & Isolation,I,Hero and heroine are physically or emotionally separated,medium,False,False,,False,False,False,False,False,False
305,Quiet Conversation About Best Option,"best, thata, thing, really, recommend, ita, probably, highly, quietest, younga","The couple sits quietly, discussing the best course of action.",False,Relationship Trajectory (Main Couple),"Bonding, Everyday Intimacy & Growth",medium,False,,,Turning Point & Recognition,II,Heroine responds warmly to hero's tenderness,low,False,False,,False,False,False,False,False,False
306,Playful Laughter In Fun Setting,"laughs, laugh, laughter, grins, holidays, resuscitation, issuesa, giggles, amphitheater, humorous",The couple laughs and grins at each other while enjoying a humorous moment together in a fun setting.,False,Relationship Trajectory (Main Couple),"Bonding, Everyday Intimacy & Growth",high,False,,,Turning Point & Recognition,II,Heroine responds warmly to hero's tenderness,low,False,False,,False,False,False,False,False,False
307,Color Scheme Discussion,"colors, favorite, yellow, scheme, bright, ones, shade, primary, packets, burgundy",The couple discusses their favorite colors and shades around the table.,False,Relationship Trajectory (Main Couple),"Bonding, Everyday Intimacy & Growth",medium,False,,,Turning Point & Recognition,II,Heroine responds warmly to hero's tenderness,low,False,False,,False,False,False,False,False,False
308,Clitoral Stimulation During game,"hea, confidence, preferred, redesigned, jugular, react, truest, amped, advertised, correct","He gently caresses her clitoris as they lie on the bed, building anticipation before going further.",False,"Sexuality, Attraction & Intimacy",Explicit Sexual Acts,high,False,,,Commitment & Restoration,III,Heroine responds sexually and emotionally,high,False,False,,False,False,False,False,False,False
309,Contract Negotiation,"contract, signed, contracts, sign, clause, dalliances, promissory, signing, read, contracta",The couple discusses and negotiates the terms of a contract around a table.,False,"Work, Wealth, Status & Institutions",Hero's Elite Work & Business World,high,False,,,Not a narrative function,NA,None of the above,high,True,False,,False,False,False,False,False,False
310,Feminist Identity Affirmation,"foremost, tend, feminine, ama, ladies, feminist, conscious, especially, godawful, experience",She asserts her identity and purpose as a woman.,False,"Emotions, Cognition & Inner Life","Beliefs, Values & Moral Reflection",high,False,,,Initial Conflict & Isolation,I,Heroine's social identity is destroyed,medium,False,False,,False,False,False,False,False,False
311,Yearlong Relationship Reflection,"wea, shared, downs, cycle, yearlong, created, worked, years, squared, accidentally","The couple, sitting at a table, reflects on their thousands of times together over the yearlong cycle of their relationship.",False,"Emotions, Cognition & Inner Life","Beliefs, Values & Moral Reflection",high,False,,,Not a narrative function,NA,None of the above,high,True,False,,False,False,False,False,False,False
312,Stubble And Tousled Hair,"hair, stubble, shaved, forehead, tousled, shaven, shave, mussed, scruff, shadow","He runs a hand through his tousled hair, dark stubble dappling his chin.",False,Embodied & Sensory Experience,Body Parts & Physical Reactions,high,False,,,Not a narrative function,NA,None of the above,high,True,False,,False,False,False,False,False,False
313,Adrenaline-fueled Racing,"race, frowns, begins, starts, racing, brace, races, deluge, prebuyers, thoroughbred",The couple's hearts race as they watch thoroughbreds compete in a thrilling race.,False,Embodied & Sensory Experience,Exercise & Physical Activity,high,False,,,Not a narrative function,NA,None of the above,high,True,False,,False,False,False,False,False,False
314,Moral Dilemma Discussion,"thing, proves, exactly, thinga, telegraphing, humane, accurately, percent, accept, winner","The couple sits around the table, discussing a moral dilemma.",False,"Emotions, Cognition & Inner Life","Beliefs, Values & Moral Reflection",medium,False,,,Turning Point & Recognition,II,Heroine reinterprets hero's behaviour as result of previous hurt,medium,False,False,,False,False,False,False,False,False
315,Intense Argument With Glare,"jaxa, questioned, dereka, replied, answered, heck, rolled, eliminating, egged, slapped","He glared menacingly, his eyes reflecting anger and tension as they argued heatedly in the dimly lit room.",False,Relationship Trajectory (Main Couple),"Conflict, Distance & Breakup Threats",high,False,,,Initial Conflict & Isolation,I,Hero and heroine are physically or emotionally separated,high,False,False,,False,False,False,False,False,False
316,Office Work At Desk,"desk, papers, sitting, sits, office, sat, chair, seated, monitor, walks","He sits behind his desk, focused on work-related tasks.",False,"Work, Wealth, Status & Institutions",Heroine's Work & Professional Identity,high,False,,,Not a narrative function,NA,None of the above,high,True,False,,False,False,False,False,False,False
317,Scent-induced Intimacy,"scent, smelled, smell, perfume, nostrils, shampoo, smells, coconut, lavender, flowers","She notices his scent, triggering intimate thoughts and actions.",False,"Sexuality, Attraction & Intimacy",Kissing & Non-Explicit Affection,high,False,,,Turning Point & Recognition,II,Hero treats heroine tenderly,medium,False,False,,False,False,False,False,False,False
318,Mutual Clitoral Stimulation,"feels, felt, gooda, inconveniently, sign, overwhelmingly, marvelous, bloodthirsty, jury, otherworldly","She and he mutually stimulate each other's clitoris, expressing mutual pleasure.",False,"Sexuality, Attraction & Intimacy",Explicit Sexual Acts,high,False,,,Commitment & Restoration,III,Heroine responds sexually and emotionally,high,False,False,,False,False,False,False,False,False
319,Nighttime Carousel Conversation,"enjoy, penguins, buildup, unsurprisingly, americaa, cabs, nightie, carousel, bass, thrive",She confesses her feelings in the car under the night sky.,False,Relationship Trajectory (Main Couple),"Bonding, Everyday Intimacy & Growth",high,False,,,Turning Point & Recognition,II,Heroine responds warmly to hero's tenderness,medium,False,False,,False,False,False,False,False,False
320,Emotional Delusion Conversation,"feelsa, feela, better, feels, felta, feeling, soa, makes, felt, queasy",She struggles to express her confusing feelings about their relationship while he listens intently.,False,"Emotions, Cognition & Inner Life",Negative Emotions & Distress,high,False,,,Initial Conflict & Isolation,I,Heroine responds with anger or coldness,low,False,False,,False,False,False,False,False,False
321,Emotional Relationship Delusion,"cilliana, antidote, maine, evon, unlike, entertainment, spent, footed, entailed, tolerant","She struggles to understand her confusing feelings about their relationship, sitting alone in her room.",False,"Emotions, Cognition & Inner Life",Negative Emotions & Distress,high,False,,,Initial Conflict & Isolation,I,Heroine's social identity is destroyed,medium,False,False,,False,False,False,False,False,False
322,Scornful Head Shaking,"shook, head, shaking, dislodge, scornful, lockdown, graying, slightly, behavior, chortled",He scornfully shakes his head at her.,False,Relationship Trajectory (Main Couple),"Conflict, Distance & Breakup Threats",high,False,,,Initial Conflict & Isolation,I,Hero and heroine are physically or emotionally separated,low,False,False,,False,False,False,False,False,False
323,Photography Session,"cameras, photos, pictures, photographers, camera, sign, photo, photoshoot, note, images","A couple poses for a photoshoot in a studio, with cameras capturing their intimate moments.",False,"Spaces, Time, Activities & Objects",Public & Leisure Spaces,high,False,,,Not a narrative function,NA,None of the above,high,True,False,,False,False,False,False,False,False
324,Overreacting Conversation,"sensory, overreacting, ita, discussion, bravely, overreaction, va, overeager, cultural, overanalyzing",She accuses him of overreacting during their heated argument in the kitchen.,False,Relationship Trajectory (Main Couple),"Conflict, Distance & Breakup Threats",high,False,,,Initial Conflict & Isolation,I,Hero and heroine are physically or emotionally separated,medium,False,False,,False,False,False,False,False,False
325,Owl Observation,"owl, leta, herea, repeats, elf, alternatives, feed, presentable, watercolor, hopelessness",She watches an elf owl perched on a branch.,False,"Emotions, Cognition & Inner Life",Negative Emotions & Distress,medium,False,,,Not a narrative function,NA,None of the above,high,True,False,,False,False,False,False,False,False
326,Business Call Negotiation,"calling, called, anytime, earliest, calls, later, convenience, alright, pressa, newsa",The couple discusses business terms over the phone in their home office.,False,"Work, Wealth, Status & Institutions",Hero's Elite Work & Business World,high,False,,,Not a narrative function,NA,None of the above,high,True,False,,False,False,False,False,False,False
327,Nodding Agreement,"nod, thank, solemnly, dribble, zit, prompt, undeniable, briskly, eagerly, guards",She nods in agreement during a conversation around the table.,False,Relationship Trajectory (Main Couple),"Bonding, Everyday Intimacy & Growth",high,False,,,Turning Point & Recognition,II,Heroine responds warmly to hero's tenderness,low,False,False,,False,False,False,False,False,False
328,Intense Moaning During Foreplay,"moan, groaned, scream, screamed, whimper, moans, whimpered, moaned, inwardly, quivering","She moans loudly, her body tensing as he stimulates her clitoris with his fingers.",False,"Sexuality, Attraction & Intimacy",Explicit Sexual Acts,high,False,,,Commitment & Restoration,III,Heroine responds sexually and emotionally,high,False,False,,False,False,False,False,False,False
329,Parenting And Care Routine,"remya, dependable, coos, wails, parenting, competent, guardian, having, raise, formula","The couple ensures their child is safe and cared for, preparing formula and putting them to sleep.",False,Social World Outside Couple,Family & Kinship,high,False,,,Not a narrative function,NA,None of the above,high,True,False,,False,False,False,False,False,False
330,Smiling And Laughing Together,"marleya, confidante, splutters, goofily, pleads, kicking, suma, ra, stylist, glance","The couple, smiling and laughing, shares playful moments together.",False,Relationship Trajectory (Main Couple),"Bonding, Everyday Intimacy & Growth",high,False,,,Turning Point & Recognition,II,Hero treats heroine tenderly,medium,False,False,,False,False,False,False,False,False
331,Cocky Shark's Vows,"biancaa, jambalaya, tremulous, egotistical, presumptuous, enzoa, scooping, muttered, shark, vows","In a tense moment, Bianca's eyes widen as the cocky shark vows to run, leaving her uncertain about their relationship.",False,Relationship Trajectory (Main Couple),"Conflict, Distance & Breakup Threats",high,False,,,Initial Conflict & Isolation,I,Hero and heroine are physically or emotionally separated,medium,False,False,,False,False,False,False,False,False
332,Keeping Secrets,"secrets, confidential, secrecy, keeping, secretive, discreet, kept, identity, sneaking, spilling","The couple exchanges furtive glances and hushed words, guarding their secret from prying eyes.",False,Relationship Trajectory (Main Couple),"Secrets, Misunderstandings & Hidden Information",high,False,,,Initial Conflict & Isolation,I,Hero and heroine are physically or emotionally separated,medium,False,False,,False,False,False,False,False,False
333,Threatening Affair Disclosure,"marca, weapons, compare, threats, sworn, cubicle, hadn, york, affair, conscious","In the cubicle, Vanessa threatens to reveal their affair to Mark's ex-wife.",False,Relationship Trajectory (Main Couple),"Conflict, Distance & Breakup Threats",high,False,"Conflict, Risk & Harm","Violence, Threats & Coercion",Initial Conflict & Isolation,I,Hero and heroine are physically or emotionally separated,high,False,False,,False,False,False,False,False,False
334,Resolute Nodding Agreement,"nodded, enthusiastically, solemnly, smiled, politely, chewed, slowly, encouragingly, perfunctory, declarations",She nodded resolutely in agreement during a prolonged conversation.,False,Relationship Trajectory (Main Couple),"Bonding, Everyday Intimacy & Growth",medium,False,,,Turning Point & Recognition,II,Heroine responds warmly to hero's tenderness,low,False,False,,False,False,False,False,False,False
335,Intense Argument With Glare,"harrya, cries, snaps, whispers, bowed, redder, moans, yells, angrily, speeding","He glares at her, his voice rising as she defiantly meets his gaze.",False,Relationship Trajectory (Main Couple),"Conflict, Distance & Breakup Threats",high,False,,,Initial Conflict & Isolation,I,Hero and heroine are physically or emotionally separated,medium,False,False,,False,False,False,False,False,False
336,Polite Conversations,"alternatives, automatically, beg, thanks, answer, hear, looking, make, say, way","She asks, he answers politely.",False,Social World Outside Couple,Friends & Social Circles,medium,False,,,Not a narrative function,NA,None of the above,high,True,False,,False,False,False,False,False,False
337,Hasty Question Game,"tell, did, yodeling, told, pointers, metaphor, vent, hasty, boards, deed",She quickly asks him questions while they play a board game around the table.,False,Relationship Trajectory (Main Couple),"Bonding, Everyday Intimacy & Growth",high,False,,,Turning Point & Recognition,II,Hero treats heroine tenderly,low,False,False,,False,False,False,False,False,False
338,Freshman Roommate Awakening,"freshman, comes, roommate, ey, breasta, earful, doesna, thankfully, offer, shrine","A freshman roommate, Paige, is sexually awakened by her new roommate's advances in their dorm room.",False,"Sexuality, Attraction & Intimacy",Explicit Sexual Acts,high,False,Relationship Trajectory (Main Couple),"Meeting, First Impressions & Setup",Commitment & Restoration,III,Heroine responds sexually and emotionally,high,False,False,,False,False,False,False,False,False
339,Prolonged Waiting,"wait, waiting, ipo, cowering, waits, pumps, elections, stand, beat, dissipate","She waits patiently, her mind racing with anticipation.",False,"Emotions, Cognition & Inner Life",Negative Emotions & Distress,medium,False,,,Initial Conflict & Isolation,I,Heroine's social identity is destroyed,low,False,False,,False,False,False,False,False,False
340,Emotional Denial Conversation,"reida, ha, mouths, samuela, fortunately, denial, minimized, texta, punched, guarda","She struggles to express her feelings, making him cringe with frustration.",False,Relationship Trajectory (Main Couple),"Conflict, Distance & Breakup Threats",medium,False,,,Initial Conflict & Isolation,I,Hero and heroine are physically or emotionally separated,medium,False,False,,False,False,False,False,False,False
341,Reunion After Argument,"leaving, mirandaa, disrespectful, hadna, replacement, coolly, reunion, bogged, realizations, supplication","After a heated argument, he hesitates but ultimately decides not to leave her.",False,Relationship Trajectory (Main Couple),"Conflict, Distance & Breakup Threats",high,False,,,Initial Conflict & Isolation,I,Hero and heroine are physically or emotionally separated,high,False,False,,False,False,False,False,False,False
342,Mistaken Accusations,"wrong, somethinga, terribly, wrongs, feels, harbinger, critics, uncharacteristic, peculiar, event","A couple argues heatedly, each convinced the other has done something wrong.",False,Relationship Trajectory (Main Couple),"Conflict, Distance & Breakup Threats",high,False,,,Initial Conflict & Isolation,I,Heroine reacts antagonistically to the hero,high,False,False,,False,False,False,False,False,False
343,Business Attire In Office,"navy, tie, wearing, crisp, shirt, tailored, charcoal, perfectly, custom, wore","He, dressed in a crisp navy suit and tie, stands in his office, negotiating a business deal.",False,"Work, Wealth, Status & Institutions",Hero's Elite Work & Business World,high,False,,,Not a narrative function,NA,None of the above,high,True,False,,False,False,False,False,False,False
344,Slow-paced Conversation,"slow, slower, motion, slows, snail, slowing, process, pace, controlled, experimentation","She hesitates, choosing her words carefully as they sit across from each other at the kitchen table.",False,Relationship Trajectory (Main Couple),"Bonding, Everyday Intimacy & Growth",medium,False,,,Turning Point & Recognition,II,Hero treats heroine tenderly,low,False,False,,False,False,False,False,False,False
345,Firm Rejections,"dona, coy, daft, tramp, start, naa, pffft, dreamsa, downplay, maserati",She firmly rejects his advances in the dimly lit room.,False,Relationship Trajectory (Main Couple),"Conflict, Distance & Breakup Threats",high,False,,,Initial Conflict & Isolation,I,Hero and heroine are physically or emotionally separated,medium,False,False,,False,False,False,False,False,False
346,Anxious Voice Hearing,"clairea, admirable, passionate, unenthusiastically, shortcuts, abysmally, verb, anxiousness, horrors, nonnegotiable","She hears her name called, feeling anxious and uncertain about the voice's source.",False,"Emotions, Cognition & Inner Life",Negative Emotions & Distress,medium,False,,,Initial Conflict & Isolation,I,Heroine reacts antagonistically to the hero,medium,False,False,,False,False,False,False,False,False
347,Expressive Yes,"yessss, , , , , , , , , ",She expresses her agreement with a resounding 'yes'.,False,"Sexuality, Attraction & Intimacy",Kissing & Non-Explicit Affection,high,False,,,Turning Point & Recognition,II,Heroine responds warmly to hero's tenderness,low,False,False,,False,False,False,False,False,False
348,Seminar Networking,"seminar, swallowed, received, geniuses, brochures, slackened, clients, spiel, didn, pharmaceuticals",Business-minded attendees connect and discuss opportunities during a seminar.,False,"Work, Wealth, Status & Institutions",Hero's Elite Work & Business World,high,False,Social World Outside Couple,Friends & Social Circles,Not a narrative function,NA,None of the above,high,True,False,,False,False,False,False,False,False
349,Shoulder Burden,"shoulders, raise, hunch, slump, square, straighten, weight, roll, dignity, bunch","She raises her shoulders, carrying a heavy burden on the beachside.",False,"Emotions, Cognition & Inner Life",Negative Emotions & Distress,medium,False,,,Not a narrative function,NA,None of the above,high,True,False,,False,False,False,False,False,False
350,Sisters Reflecting On Childhood,"didn, wasn, won, sell, childhood, months, guarded, defensive, sister, problemsa","The sisters sit together, reflecting on their shared childhood experiences and its lasting impact on their lives.",False,"Emotions, Cognition & Inner Life","Beliefs, Values & Moral Reflection",high,False,,,Initial Conflict & Isolation,I,Heroine's social identity is destroyed,high,False,False,,False,False,False,False,False,False
351,Indoor Pool Swimming,"pool, swimming, swim, scum, gene, float, swimmer, cabana, jell, indoor","She dives into the indoor pool, swimming laps while he watches from the cabana.",False,Embodied & Sensory Experience,Exercise & Physical Activity,high,False,,,Not a narrative function,NA,None of the above,high,True,False,,False,False,False,False,False,False
352,Wrongful Termination Discussion,"fired, lawyers, attorney, terminated, termination, resign, assets, case, getting, temping",A lawyer and a client discuss the details of a wrongful termination case in a law office.,False,Relationship Trajectory (Main Couple),"Secrets, Misunderstandings & Hidden Information",medium,False,"Work, Wealth, Status & Institutions",Hero's Elite Work & Business World,Initial Conflict & Isolation,I,Hero and heroine are physically or emotionally separated,medium,False,False,,False,False,False,False,False,False
353,Regretful Realizations,"regret, regrets, regretted, regretfully, regretting, happened, wona, realizations, validity, runny","She sits alone, eyes closed, regretting past actions.",False,"Emotions, Cognition & Inner Life",Negative Emotions & Distress,high,False,,,Initial Conflict & Isolation,I,Heroine's social identity is destroyed,high,False,False,,False,False,False,False,False,False
354,Timing Discussion About Relationship,"really, happening, necessarily, anymore, depress, minion, faintest, freckle, objected, problem","The couple sits at a table, discussing their relationship's future and past.",False,Relationship Trajectory (Main Couple),"Conflict, Distance & Breakup Threats",high,False,,,Initial Conflict & Isolation,I,Hero and heroine are physically or emotionally separated,medium,False,False,,False,False,False,False,False,False
355,Blushing Cheeks Conversation,"cheeks, flush, flushes, sears, burn, floods, redden, flushed, burns, hotter",She felt her cheeks heat as she struggled to express her feelings.,False,"Emotions, Cognition & Inner Life",Positive Emotions & Security,high,False,,,Not a narrative function,NA,None of the above,high,True,False,,False,False,False,False,False,False
356,Intense Argument About Feud,"fight, fighting, fought, battle, fights, battles, dragons, feud, war, confrontation",The couple argues heatedly about their long-standing feud in the living room.,False,"Conflict, Risk & Harm","Violence, Threats & Coercion",high,False,Relationship Trajectory (Main Couple),"Conflict, Distance & Breakup Threats",Initial Conflict & Isolation,I,Hero and heroine are physically or emotionally separated,high,False,False,,False,False,False,False,False,False
357,Annie's Gossip Reading,"wasn, couldn, hungover, recognized, didn, innocently, indicated, whats, accordion, herculean",Annie reads gossip magazines in her living room to stay updated on social trends.,False,"Spaces, Time, Activities & Objects",Public & Leisure Spaces,high,False,,,Not a narrative function,NA,None of the above,high,True,False,,False,False,False,False,False,False
358,Victorious Sports Celebration,"merinaa, earful, fizzled, victorious, barreled, tabloids, partly, barked, attained, achel","He celebrates his team's victory with a triumphant roar, earning admiring glances from the crowd.",False,Relationship Trajectory (Main Couple),"Bonding, Everyday Intimacy & Growth",high,False,,,Turning Point & Recognition,II,Hero treats heroine tenderly,medium,False,False,,False,False,False,False,False,False
359,359_pun_th_intended_declare,"pun, th, intended, declare, entitled, speaking, told, , , ",,,,,,False,,,,NA,,,False,False,,False,False,True,False,False,False
360,Relaxing Moment,"relax, rest, relaxing, relaxed, enjoy, relaxation, relaxes, abysmally, averse, awash",She finds herself relaxing for the first time all day.,False,"Emotions, Cognition & Inner Life",Positive Emotions & Security,high,False,,,Turning Point & Recognition,II,Hero treats heroine tenderly,low,False,False,,False,False,False,False,False,False
361,Proud Of Accomplishments,"glad, proud, excited, ia, honored, grateful, wonderful, talented, thrilled, consultants","She beams with pride, expressing her joy at his achievements.",False,"Emotions, Cognition & Inner Life",Positive Emotions & Security,high,False,,,Turning Point & Recognition,II,Hero treats heroine tenderly,low,False,False,,False,False,False,False,False,False
362,Adorable Nephew And Schnoodle,"adorable, cutest, nephew, cutes, absolutely, schnoodle, easter, whitea, beinga, incredibly","The couple coos over their adorable nephew and his schnoodle, finding them absolutely adorable.",False,Social World Outside Couple,Friends & Social Circles,high,False,,,Not a narrative function,NA,None of the above,high,True,False,,False,False,False,False,False,False
363,Goofball's Webcam Connection,"garretta, fulfilled, owners, sees, accepting, shouldna, letting, prophecy, webcam, salaciousa","She watches him on webcam, feeling a connection despite his goofball antics.",False,Relationship Trajectory (Main Couple),"Bonding, Everyday Intimacy & Growth",medium,False,,,Turning Point & Recognition,II,Heroine responds warmly to hero's tenderness,medium,False,False,,False,False,False,False,False,False
364,Role Reversal In Warehouse,"hannaha, isna, merely, hurting, distance, excuses, easier, designed, retake, nod","She takes on the role of the recluse, exploring the vast, empty warehouse that was once his domain.",False,Relationship Trajectory (Main Couple),"Secrets, Misunderstandings & Hidden Information",medium,False,"Spaces, Time, Activities & Objects",Domestic Spaces & Routines,Initial Conflict & Isolation,I,Hero and heroine are physically or emotionally separated,medium,False,False,,False,False,False,False,False,False
365,Morning Grooming In Bathroom,"mirror, reflection, bathroom, stare, survey, mirrors, glance, length, studied, look","She looks at her reflection in the bathroom mirror, her eyes meeting her own as she prepares for the day.",False,"Spaces, Time, Activities & Objects",Domestic Spaces & Routines,high,False,,,Not a narrative function,NA,None of the above,high,True,False,,False,False,False,False,False,False
366,Scowling At Beeps,"scowl, beeping, beeps, beeped, crews, frowning, galloped, spelling, bees, mango","She scowls at the beeping sounds, her expression smooth like the avocado she's slicing for smoothies.",False,Relationship Trajectory (Main Couple),"Conflict, Distance & Breakup Threats",medium,False,"Spaces, Time, Activities & Objects",Domestic Spaces & Routines,Initial Conflict & Isolation,I,Heroine reacts antagonistically to the hero,high,False,False,,False,False,False,False,False,False
367,Privacy Concerns Conversation,"privacy, safer, protected, protect, invasion, protection, safety, safea, duty, secure",The couple discusses their privacy concerns in a quiet setting.,False,Relationship Trajectory (Main Couple),"Secrets, Misunderstandings & Hidden Information",medium,False,,,Initial Conflict & Isolation,I,Hero and heroine are physically or emotionally separated,medium,False,False,,False,False,False,False,False,False
-1,OTHER (Missing/Noise Mass),,Represents probability mass not captured by the 368 BERTopic topics,,,,,,,,,,,,,False,,True,False,False,False,False,False
