book_id,A1_commitment_vows__end_minus_begin,A1_commitment_vows__middle_minus_begin,A2_emotional_safety__end_minus_begin,A2_emotional_safety__middle_minus_begin,A3_everyday_tenderness__end_minus_begin,A3_everyday_tenderness__middle_minus_begin,B1_attraction_chemistry__end_minus_begin,B1_attraction_chemistry__middle_minus_begin,B2_emotional_intimacy__end_minus_begin,B2_emotional_intimacy__middle_minus_begin,C_explicit_eroticism__end_minus_begin,C_explicit_eroticism__middle_minus_begin,D_power_wealth_luxury__end_minus_begin,D_power_wealth_luxury__middle_minus_begin,E_coercion_brutality_danger__end_minus_begin,E_coercion_brutality_danger__middle_minus_begin,F1_sadness_grief__end_minus_begin,F1_sadness_grief__middle_minus_begin,F2_anger_frustration__end_minus_begin,F2_anger_frustration__middle_minus_begin,F3_anxiety_worry__end_minus_begin,F3_anxiety_worry__middle_minus_begin,G_courtship_rituals_gifts__end_minus_begin,G_courtship_rituals_gifts__middle_minus_begin,L_vices_addictions__end_minus_begin,L_vices_addictions__middle_minus_begin,M_health_recovery_growth__end_minus_begin,M_health_recovery_growth__middle_minus_begin,H_domestic_nesting__end_minus_begin,H_domestic_nesting__middle_minus_begin,I_humor_lightness__end_minus_begin,I_humor_lightness__middle_minus_begin,J_social_support_kin__end_minus_begin,J_social_support_kin__middle_minus_begin,K_professional_intrusion__end_minus_begin,K_professional_intrusion__middle_minus_begin,N_separation_reunion__end_minus_begin,N_separation_reunion__middle_minus_begin,O_aesthetics_appearance__end_minus_begin,O_aesthetics_appearance__middle_minus_begin,Q_miscommunication__end_minus_begin,Q_miscommunication__middle_minus_begin,Q_repair__end_minus_begin,Q_repair__middle_minus_begin,R1_protective_caretaking__end_minus_begin,R1_protective_caretaking__middle_minus_begin,R2_alpha_guarding__end_minus_begin,R2_alpha_guarding__middle_minus_begin,R_jealousy_possessiveness__end_minus_begin,R_jealousy_possessiveness__middle_minus_begin,S_scene_anchors__end_minus_begin,S_scene_anchors__middle_minus_begin
104659050,7.971986215419809e-05,0.003727580218215537,-0.017460786449808426,4.5819545379556514e-06,-0.003110087492235644,-0.004055190186165519,-0.007720028138733598,-0.007716667581806839,-0.00031929524999839236,-0.00033674799982724257,-0.002995283178453531,0.012094692365083232,0.00687615239501178,-0.010281841691078233,0.028610679008067883,-0.005829236030157087,-0.005913691277130203,-0.005829236030157087,0.009486641076842946,0.005256855046836147,0.009486641076842946,-0.0004784918412677891,-0.00473272294388654,-0.014562607566869265,0.010470558517213263,-0.0019324119634260561,-0.0010638590079192472,0.016062855876140383,0.006911605505070258,0.008511831753735558,-0.004709198443844296,-0.002348238057386605,0.02553326103550975,0.008325627859458673,0.001289873320879032,0.010306351379641813,0.001793000460078842,-0.0001924848240871803,0.0015518023829604944,0.04748031143177636,0.010521412728684395,-0.0026054331597862666,0.005672268746383522,0.003167778742821866,0.0025090719580996117,0.005348634965451647,-0.00032718200759876566,0.034553285678505914,-0.00032718200759876566,0.034553285678505914,-0.0004834102544672113,-0.0019324119634260561
11266880,0.0005810023149356272,0.00019308325531314533,-0.0147779622194988,0.003561880883626474,0.012601991512256482,0.012951757403085217,0.010506847148786982,-0.010818914168439928,0.006138031323459766,-0.005805369369057764,-0.008517450975869017,-0.0003840062819792968,0.024212128784868787,-0.011616815155511198,-0.01303811483426394,-0.015619843137276195,0.0033009448823246006,0.0007192165793123452,-0.008408444351846879,-0.019285552118040936,-0.008408444351846879,-0.0028186133211152917,-0.011414340336819664,-0.0028472880496577795,-0.008238010894697514,-0.009306819142445973,0.013777532874048325,0.012951757403085217,-0.042125960155733146,-0.03581249777744179,0.0023439979135871014,0.0011100566419616012,-0.002338413779694303,-0.0067648631195069515,-0.004339352363721415,0.009439482007120314,-0.01095801285254882,0.009390458100696103,-0.028573398310471836,-0.028565250087582594,-0.003332746027272718,-0.009506869191575517,-0.0157945529503585,0.003561880883626474,-0.0147779622194988,0.003561880883626474,-0.0163378462213335,-0.015779162914708756,-0.0163378462213335,-0.015779162914708756,-0.04329800101872757,-0.038290838437283536
123257687,0.003470899240995795,0.00038390715590765697,-0.0045176056713982955,0.0167310208529922,-0.028469426041675967,-0.029281793528906197,-0.012614132619361607,0.000526378934304881,-0.022919139472383332,-0.02911318430402568,0.02048991848714722,0.01628218959784875,-0.005041017679793865,-0.020051423653654227,-0.014343519814765424,-0.014788963664539788,0.0005160906540695194,9.057081901876827e-05,-0.038955553016295885,0.0346656270400543,-0.03599505057712088,0.0346656270400543,-0.006088925016035789,-0.008478340455490046,-0.02445951222486277,-0.008478340455490046,-0.028469426041675967,-0.012684551120232212,0.013359682187972677,0.010966835905014967,0.009148107708060092,-0.0038031917383742745,0.024061755590461,0.005943587806796124,0.0032600207577824954,-0.006795250136704199,-0.03815307596743534,0.01219225429096362,0.004910895399469973,-0.011493560621939927,-0.001546252271209237,-0.02042512099969141,-0.0034750647332073767,-0.0024086327141987843,0.013359682187972677,0.010966835905014967,-0.006407261105415956,0.01877197172139125,0.00035702841177820985,0.025536261238585416,-0.003528720467830135,-0.008478340455490046
123446478,0.0003571077423854166,-3.0233958863152134e-05,-0.0833415001185168,-0.01667035001555474,0.04053412390258739,-0.020000413972973113,-0.004328759716074274,-0.018781720852864288,0.03355718577211837,-0.01884351604024649,0.01385846874364286,0.02586050332781857,-0.01045321104565386,0.0045290957246852115,-0.0010983234339651622,0.017628839161112114,-0.0010983234339651622,-0.0016860839510492007,0.003464237592925884,0.004130004382460174,0.004674752052605865,0.014118156185681352,0.01731187990384936,-0.00047678405815710647,-0.0073695222891018985,-0.005491518957025505,0.04053412390258739,-0.013743788396091965,0.03355718577211837,0.022343588386622593,-0.0006172213239343536,-0.000608714628035854,-0.014761135813524442,0.0005327233476277865,0.004627689245769485,0.025895606728918504,0.00828914549127005,-0.019942820861067256,-0.0016694097419080946,0.02313338384360492,-0.024874922033374405,-0.019568891007100835,-0.0833415001185168,-0.08391351252352339,-0.04003817268387927,-0.01667035001555474,-0.00016816156561640094,0.02724040253682771,-0.00016816156561640094,0.02724040253682771,0.0005454763137055993,0.027600826135975347
127305713,-0.005432487050278257,-0.002542220225438245,-0.0057372335729356586,-0.004371309440003159,-0.00087208772201693,0.017730432272909685,0.004194606707532699,0.0020618715540455784,-0.015687711217667693,0.003454510865462092,-0.002366501876763308,0.026296186688849123,-0.0006519279068698154,-0.001684440627845266,-0.001455419649373276,-0.0015091590509115115,-0.001455419649373276,-0.0015091590509115115,0.017390972589475383,-0.024575669101921483,0.017390972589475383,-0.024575669101921483,0.015648520332930533,0.001127389802828272,0.007563390853900776,-0.008275445125675879,-0.003089225366867402,-0.004876260586713078,-0.03081689921001049,0.02963031455641378,0.001641161300475362,-0.010614356166987644,0.0017358415791200767,-0.00948884126441214,-0.038281561790484746,-0.019677360197103054,-0.004556506752803922,-0.006625131355742355,0.0005810549740374385,0.0024667783650749397,0.0017358415791200767,0.014245646889337361,0.00042383244547036444,0.0025373570641918433,-0.03081689921001049,0.02963031455641378,0.029318261670258593,0.02386830014298099,0.005758204552702193,0.02386830014298099,0.0050331718505508445,-0.0003059877574500616
149105520,-0.003723244256733559,-0.003645537868482082,0.0004895850734258479,0.006874313757313486,0.0032484263679549187,-0.0007757185495386489,-0.03233657687636626,-0.025211724994873175,-0.012882297187547086,-0.012299850822800499,0.011422077484039405,0.012294397379336715,-0.01410428661505268,-0.04147610402596789,0.006135551919478146,-0.0010610843136050474,0.006135551919478146,-0.0010610843136050474,-0.030599129109185913,-0.03223009987489693,-0.030599129109185913,-0.048667082887895646,0.0001454315648398214,0.015118560375623794,-0.043117583848144084,-0.005655532522667227,-0.01956571481363072,0.006380321087857403,-0.023674608354492588,0.021383999031549313,-0.011841502631273194,0.010856108644271278,-0.010643705636354313,0.03925090835523673,0.0058934595488474295,-0.013165109988008239,0.0544332067895894,-0.060562250788211494,0.011205023880923357,-0.03264600247392352,0.0076971184676133605,0.027660668176445843,-0.024071518510544686,-0.024003343525012332,-0.01426810782312537,0.004246660634457083,-0.02016535086456797,-0.020064558700042645,-0.02016535086456797,-0.020064558700042645,0.014316790419977271,0.05937539780601917
15197,-0.0023605153424336184,0.002106547229498321,-0.0005148955494495002,0.054032845234548654,0.02591876827036464,0.0013838475890267567,-0.004399566274384717,-0.007438637124618997,0.02800109769623981,-0.0010207736034430022,-0.03228398344732023,-0.0030294553986765713,-0.022258781133064467,-0.02256568704453167,-0.0009469084284476324,0.005356258507046565,-0.0009469084284476324,0.005356258507046565,0.027260698997375515,-0.014164124409699205,0.027260698997375515,-0.014164124409699205,-0.0016385934982302416,0.0908311833080639,-0.037336209627104426,0.0498258250675996,0.027806680323430474,0.0032717596420925917,-0.013539341577750656,-0.0011249549806998452,-0.0007634009032321696,0.00575402227933346,0.002047786339886705,0.001681261781233085,-0.01837253277365698,-0.040633475137666374,-0.006379480627826218,-0.007120892433717347,0.03487080601168926,-0.0024276371591409472,0.011456330804457366,0.010380218418773787,0.00800008990405162,0.02938759778971362,0.0010212410380459717,0.027115028249023506,-0.00047822011760398277,-0.0009766310457385986,-0.00047822011760398277,-0.0009766310457385986,0.004856499609101888,0.08824597830867373
161913,0.0001050350922428772,0.00014709833849410706,0.0223411195384108,-0.004198738762767091,0.030408174840005808,0.004765078226784569,-0.13813911243709284,-0.13174022411048159,-0.010829597410333578,0.00163061751294148,-0.0907937404642537,-0.08830874625053096,0.02989995200214557,-0.0695800537683747,0.03368640123110595,0.004163815792610203,0.0003809680793637289,0.004163815792610203,-0.004550445505413236,0.018025739981843612,-0.004550445505413236,0.018025739981843612,0.020423926773560624,0.005432177081864758,0.020423926773560624,0.005432177081864758,0.027778626044398937,0.0021355294311776983,0.02989995200214557,-0.0695800537683747,-0.009392262678380265,0.002451794231049324,-0.02144047843439007,0.01109883291717461,0.0404565364095987,0.018576926289000876,0.00013671837354149177,0.00022144776151847506,-0.00026576263335651774,0.0029721315736305565,-0.020508101199098662,0.01109883291717461,0.02587180267350546,0.045284169922298056,0.018794235386129735,0.017530934922042888,-0.00023907693702023892,0.012315051368520047,-0.00023907693702023892,-0.0005087095788883384,0.020423926773560624,0.005432177081864758
17561022,3.625301537003205e-06,0.011429883734543757,-0.015465377480099568,-0.015229251457043312,-0.005633977536549574,-0.023017388032278794,-0.02475114404168222,-0.019593916957421003,0.0037261412317146324,-0.015273762015586612,0.01336402757357441,-0.021891547792358246,-0.004998226867913395,-0.012937673686582659,0.0019440835052239218,-0.0018206230206232387,0.0019440835052239218,-0.0018206230206232387,0.03561978602698466,0.0030915263583019305,0.03561978602698466,0.031637855143651035,-0.008035336222856116,-0.022709423190684704,-0.008035336222856116,-0.022709423190684704,-0.005633977536549574,-0.023017388032278794,-0.018163745407398308,-0.020506327631122655,-0.03039278653810286,-0.031554067846569445,0.03198959206571579,0.02405014524704653,-0.008341451447689892,-0.030893845486343472,0.021375308548889096,0.0002690553408298582,-0.0004291464262593859,0.0022532135613182363,0.022891227014353425,0.021519163517570203,0.007677706863192919,0.012570654429279252,-0.0032928760634303514,-0.005635458287154699,-0.023621155320835956,-0.014483171321412015,-0.023621155320835956,-0.014483171321412015,-0.008035336222856116,-0.02097060650178832
1756703,-0.0186025330790898,-0.01677852107206504,-0.014906454205590789,-0.015338428859201328,0.009229269341221669,-0.0005209052485837404,-0.004216939599549939,0.005080285681892366,0.0068254610524509695,0.006578206546385609,-0.010717009565736896,-0.005431477714917704,-0.022950648245741542,0.05132185274761729,-0.0004355231812550452,-0.0008472339619897877,-0.00042291749891953576,-0.0008590833627318396,0.012390604598325153,0.00041524164084144957,-0.012646941936649801,-0.020660241156568296,-0.008710500499804333,-0.009123705763446503,-0.008448970997034152,-0.0007967787282509246,0.013807712866622168,-0.0029602920914206616,-0.03688545906279088,-0.05182082348635092,0.010025347598875106,0.0029922042333546854,-0.02027591617645083,0.05402112342613788,0.01436162847564535,-0.0037542374003765693,0.003679843105298553,-0.009967767752666574,-0.00011082006301190014,0.0014750067799107207,0.0004404028462739007,0.009494154279667686,-0.016347928429994683,-0.016638724246261154,0.00031113712808874053,-0.009301313849022701,-0.00044957944221299666,-0.0007725483135407923,-0.00044957944221299666,-0.0007725483135407923,-0.03688545906279088,-0.06281611633806115
18692741,-0.013498886581788933,-0.02119733680735373,-0.02391965913254413,0.013455559536121011,0.01977736959943319,0.018537301823524817,0.004074050891316731,-0.011937040044476516,0.019981493857295238,-0.00046448378991929373,0.043673509595625826,0.13945991107839642,0.020610757694980025,-0.003117907607353856,-0.019045808829486213,-0.019251812754793325,-0.019045808829486213,-0.019251812754793325,0.03294216363622092,-0.014065795127146454,0.03294216363622092,-0.010836170716744083,0.006731742232675043,0.016545721759171253,-0.02521637453704298,-0.048067985301966806,0.01977736959943319,0.018537301823524817,0.052194875520732154,0.01432578398834855,-0.021866443845743027,-0.022083656170992214,-0.0014023178930911758,-0.003117907607353856,0.005697571214167595,0.004434045175702013,-0.033440952844048445,-0.03342183256335011,-0.0005084913242401057,-0.0005195643742525055,9.25427331941453e-05,-0.002195120426208619,-0.01421452092652526,0.016935560871256115,0.052194875520732154,0.01432578398834855,-0.0005026567680700955,0.037035759156899356,-0.0005026567680700955,0.037035759156899356,0.002976692086169283,0.012790671612665495
201413413,0.00024147427346176548,0.0003367066540939421,0.0001536457271638954,0.02498735367549844,0.02753723235893517,0.0016648843797372123,0.017688185405737578,0.018086223871193508,0.00014524529711200753,0.013796039987176451,0.005824601083678799,-0.06488492553046953,0.020691411547271093,-0.00016848388775530295,-0.024150219852220267,-0.021615019790708817,-0.024150219852220267,-0.021615019790708817,-0.04145481971102252,-0.14362527229784045,-0.04145481971102252,-0.14362527229784045,-0.0010533637905648478,0.013556178973691789,0.0049878258821291245,0.013556178973691789,0.02753723235893517,0.0016648843797372123,0.021329820372468222,0.014580288477081487,-0.0006506025891638259,-0.00042332202123313554,-0.002927219781377316,-0.0014736737620120494,-0.030755485671468442,0.04488927374072267,-0.013255399198778087,-0.013259484064537292,0.0002245454002320254,0.0003521324515500043,0.0002637774240985091,0.0003618576281195663,0.01125838610726219,0.01586010857491489,0.021329820372468222,0.01586010857491489,0.0001391075269010784,0.00027664082462952144,0.0001391075269010784,0.00027664082462952144,0.0049878258821291245,0.01649098365898445
20346544,-0.0002004694112697008,-0.00047482122366228157,-0.0006302861102366622,-0.0008088112907639117,0.0003206892354753869,0.02084636015249116,-0.0001877551819819208,0.005396140418995254,-0.0006073804420998482,0.016545331350912316,0.09766775098414635,0.27701609897126817,-0.028737376258456244,-0.06745440973149319,0.0006573386507415777,0.0039083564034399845,0.0006573386507415777,0.0039083564034399845,0.04015854739816392,0.0011041120679832345,0.04015854739816392,0.0011041120679832345,-0.012524797230427718,-0.0002927892894568473,0.013429634411817345,-0.0002927892894568473,0.0003206892354753869,0.02084636015249116,0.03930853440555859,0.0019668589145125093,-0.0008302315757544333,-0.0003780954709215129,-0.028737376258456244,-0.06745440973149319,0.006788870240319611,-0.00020972200254187673,-0.02034670309250821,-0.0027372914919098212,-0.0006776363689831392,-0.0008885548087122785,-0.015856497090026386,0.002734147834604097,0.018007190286303237,0.015513068652967312,0.03930853440555859,0.0019668589145125093,0.01643155075707182,-0.0008068643992824213,0.01643155075707182,-0.0008068643992824213,0.01803994248224324,-1.681617791196577e-05
208153130,-0.0015700406380016445,0.0018367430786213736,-0.010921315607544085,-0.017676377809324427,-0.0013446118959854446,-0.0007406874606334622,-0.0010807973206619186,0.004450143678711209,-0.0013446118959854446,-0.0007406874606334622,-0.022482131763418053,0.0408864922227052,0.017210809507361233,-0.0012735677247396413,-0.005168978415341238,0.0002694137622373284,0.0021073423982724744,0.0004028876144954595,-0.012242550284041972,-0.013572948545109941,-0.012242550284041972,-0.0036580173492450005,-0.004724831351658552,-0.026017699487577022,-0.004724831351658552,-0.015635839023541317,-0.0013446118959854446,-0.0007406874606334622,-0.021119397911930734,-0.021717765330359035,-0.0033438025036036535,0.0033682636524533308,0.0026707673695314403,-0.001996946199963496,-0.010340699299921357,-0.0003896688638223948,-0.00012385520150253251,-0.019932201034435493,0.012143763331722159,0.019720765939249377,0.0028713651363540173,-0.007141575905332561,0.01637470409658669,0.0021500743071427506,-0.010921315607544085,-0.017676377809324427,0.007393899580137137,0.00487551449144678,-0.00015728587548615195,0.009665863459926044,-0.011221917594173552,-0.022596549355433676
21787,-6.660863428782307e-05,-3.461584043518986e-05,-0.032077990021403935,0.07016049833715052,-0.03430268962745869,-0.02454152955066702,0.0016375614133047958,-0.028788500488205974,-0.027522132684275766,-0.02808568639597031,-0.06996993613757219,-0.0010144481468436495,-0.011530117863330913,-0.004255369029797625,-0.00025372995731423294,0.008075494314269644,-0.00025372995731423294,0.008075494314269644,0.06754531198304409,0.05177066330903164,0.05543486085184588,0.039660212177833436,-0.02559427717040703,-0.0255804428828376,0.02845596429079035,-0.03492248151582751,-0.03414282633053411,0.0009232236287880502,0.030444793700282198,-0.009614090332442433,0.00027324640062263185,0.0013222816223092653,-0.03594844034603833,-0.02991613657840109,-0.03962240505444463,-0.012183814101855244,0.01171633358486283,-0.0257204589437083,0.0042581310618033845,-0.0003615543473303662,-0.03612882905622359,-0.03649075165037097,0.011283629104675837,0.04241466025491795,-0.014515202414676458,0.06807705603142775,0.0003797440334336521,-0.00019236034269161844,0.0003797440334336521,-0.00019236034269161844,0.03955132357964214,-0.002421664311219082
22609391,-0.0028989382907452636,0.00016728841529376447,0.02479846177227182,-0.004645921025063851,0.018304445869042923,0.017828240300227376,-0.007606519326159782,0.003441908915515414,0.0018462042442613132,0.01881288530954142,-0.02184524095038807,-0.020188151355841476,0.0019267100652796791,0.020176781845873466,-0.015798758036599924,-0.017161106368369254,6.877842380579452e-05,-0.0012935699079635364,-0.007686667428287122,-0.007753663526786504,-0.007686667428287122,-0.007753663526786504,-0.0045907093015032825,-0.023448247399565234,-0.000772893974030079,0.017683366647964945,0.018304445869042923,0.017828240300227376,0.031917207945628495,-0.005967242381596648,0.045988705002782515,0.005780613252297444,-0.016607938295193324,0.02471710509824268,-0.005845992369979618,0.006871719005397275,-0.025180253936908287,-0.025276895544354718,0.016711870396976147,-0.0012384376820025113,0.019448314406976072,0.02252209595103793,0.01772870940236638,-0.0012526136993427535,0.031917207945628495,-0.008290883804856576,-0.02175824210450974,-0.0032705301258426356,-0.02175824210450974,-0.0032705301258426356,-0.0045907093015032825,-0.017198427755896722
22707536,1.9053206696033494e-05,0.003793259638209279,-0.039463404429747065,-0.039458961835039906,-0.0034024444215478207,-0.0028973543847038647,0.022046225615348657,0.05239769303833506,-0.013408315663048415,-0.013387568632649836,0.126748918456523,0.08653715226903702,-0.0319344292693116,0.07429028812347874,-0.0001771744285998713,0.0002765411604294843,-0.00022880646329716725,0.00018859710872375936,-0.04346567148239645,-0.016342146419482458,-0.03947272360920229,-0.05568479322198783,-0.020755303479162435,-0.001626208214386731,-0.050232610604077334,0.05232158580128622,-0.001961214405141922,-0.0014561243682979657,-0.0338885730842985,0.04718935920366693,-0.013529791757355093,-0.013170751597217787,-0.03403234942660528,-0.04656772388166134,-0.016845478622050554,-0.03995870980041678,0.009626551794464904,-0.016164392301695245,-0.010265447127309014,0.006396831875485627,-0.023924650819075084,-0.04656772388166134,-0.03813186942775193,-0.04931341690589427,-0.04572601157462365,-0.05085026128483644,4.981344816595455e-05,7.213589019448711e-05,4.981344816595455e-05,7.213589019448711e-05,0.0007209606382356931,0.01106278637581768
23518136,-0.02484734389342968,-0.024753762237791667,0.03194082009882044,0.02010985157392953,-0.025702974317492588,-0.00557962604475519,0.002542396736220906,0.0036107040628544154,-0.018689264772639047,-0.02186004372460964,-0.0819215266170959,0.07549713882062944,-0.020917764134188086,-0.015330204300449103,0.002132987176431945,0.0005639751568383032,0.002132987176431945,0.0005639751568383032,0.043275703631877195,0.012651725196869239,0.043275703631877195,0.012651725196869239,0.009429382154409718,0.006495318171328983,0.01851389907642432,0.009566923101334914,-0.019094240401931705,0.0010291078708056928,0.00931076617452984,-0.00557962604475519,-0.010412193461309057,-0.013582972413279649,0.011835557736437928,0.018046566960636043,-0.005259777450105994,-0.0019838919481029414,-0.03234543933820017,-0.03215398567189989,0.007059087992758691,0.00032387863476949434,0.02357340566363371,0.024663610793057116,0.029972671334601478,-0.0018813670336014074,0.00931076617452984,-0.00557962604475519,0.028028754460816065,0.00031404797016232496,0.028028754460816065,0.00031404797016232496,0.012231716925530853,0.009566923101334914
27394781,0.008947381687369561,0.006829178844808166,-0.06260927169793165,-0.012290950332845559,0.002291459363041607,8.1909864744217e-05,-0.03407500469209222,-0.05191486341221604,0.00044413637218301133,-0.00013033818407092,0.13629400761587082,0.008181832503181614,-0.03322895670147992,-0.04339083798172398,0.0023130765615790244,0.08999041511704443,0.0022969629561115073,6.584259510025801e-05,-0.009290662556650668,-0.02755239864769645,-0.009290662556650668,-0.02755239864769645,-0.05852719059446863,-0.01233320376565452,0.05580647236028322,0.03096958522242444,0.002291459363041607,8.1909864744217e-05,-0.08945937842095322,-0.07994409334649097,0.001484634014895326,-1.529493637521186e-05,0.09193129435685345,-0.015748486232996753,0.04328718792698909,0.012089302886438644,-3.1275160420322305e-05,0.07305546450515434,-0.007403401643586848,-0.008058360564954773,0.09193129435685345,-0.02270172015360916,0.0016148352404922067,0.00013880910741717871,-0.08945937842095322,-0.07994409334649097,0.0004610244205897785,0.04532516581339756,0.0004610244205897785,0.04532516581339756,-0.057568843362161004,-0.01233320376565452
28675670,0.029500004964258718,-0.01128674017911842,-0.018822587257668923,-0.037336978448556934,0.0016000532095523637,0.0005026113168915313,-0.02202331319749444,0.002389391163085494,-0.007777532993408068,-0.002025132031259277,0.0031901529682446146,0.018532274869172645,0.03649424922736194,-0.013013127018156607,-0.014175313067400282,-0.01502892107368661,0.001705750545438354,0.000852142539152027,0.03291064696174101,0.030613257480411864,0.034809963796081186,0.032512574314752046,0.002425967378419446,-0.00887534187422623,0.0019194270744746188,0.025924538632549725,0.005994078864936499,-0.010932747629541837,-0.023805191570898335,-0.027012459229189482,0.005171862640582748,0.006007790907373148,0.01775339873944498,0.0027811189079201375,0.041980678500559185,0.01912697134181178,-0.04044129607148534,-0.04439003030385463,-0.02166667150959655,-0.017583989059095504,0.022558237007619247,0.0027811189079201375,-0.006806956069482124,-0.01938166604207642,-0.018822587257668923,-0.037336978448556934,0.0003483092734280791,0.0148647859257138,0.0003483092734280791,0.0148647859257138,-0.0031962381173303994,-0.014497547369976075
28869598,-0.0001587077486357645,0.001770767695381641,-0.014623906627996942,0.01003529034680773,-0.002050420727765392,0.015596957341871142,-0.002455160629984861,-0.010258833600604745,0.003276216592939863,0.010779598342164451,-0.04242471403979366,0.006352958267229675,0.007974578920442479,-0.007058692068559812,-0.0019872655422576518,-0.0004182843889804478,-0.0019872655422576518,-0.0004182843889804478,0.011854582571234267,0.0034570847092445477,0.011854582571234267,0.0255060625584049,-0.03604662707366847,-0.013482203868383117,-0.012897592021991311,-0.013482203868383117,0.016368639895299488,0.015596957341871142,0.011707171377387731,-0.004396819224557969,-0.006102022511347779,-0.00657081594023987,-0.018685886470850448,-0.006254476073548863,0.057071274047280886,-0.0016554989303473183,-0.004356694896496659,0.014210673831435261,0.0037225155200522,0.0014451111841391289,0.007615109384749234,-0.015643355463722315,0.014539478825529577,0.04021157955526493,0.008536064227946213,0.01003529034680773,-0.00048000017050658575,-0.0004225455111086684,-0.00048000017050658575,-0.0004225455111086684,-0.013963371766691962,-0.008489518200605069
28963772,0.004940800805058797,-0.0003597406687752828,0.014279688563550653,-0.02248897198559401,-0.00027369842610076747,-0.0009994699771564588,-0.054766194840933854,-0.039856393920206026,-0.01739135799879862,-0.01675740262220571,0.010662157492301753,0.021081710225366996,0.001984317119441043,0.011372410218011384,-0.0002972375774276156,-0.0011236744083507931,-0.0002972375774276156,-0.001092698520673403,0.0390119822187972,-0.012068682343589973,0.03546205554519006,-0.015618609017197117,-0.0021291786966315474,0.014396960137119188,-0.0011027306883271805,0.03497055312406939,0.011466492184506285,-0.0004160788898510022,0.0007397660079320051,-0.0037585920735224813,0.0002464798355033592,3.32356938685884e-05,0.01462813946619033,0.03018488210778994,-0.01670647547003816,0.028858880539816133,-0.00035876395699299435,-0.00024092910075402537,0.01027782352468931,-0.0027505895169724487,0.013766584174161616,0.054004833904970205,0.03633935583414637,0.0232379009915243,0.004383754720813822,-0.0037585920735224813,-0.020826337390726597,-0.03545495154443413,-0.020826337390726597,-0.03545495154443413,0.023004229011153468,0.012799198595388094
29424551,0.0072113705310162144,-0.0006258333441217928,0.006531226307366075,-0.005409826333096408,-0.013023861475335621,-0.01568173088405901,0.00781947743403355,0.012845110649775716,0.0047619216289924125,0.008624744057311869,-0.021512595262312573,0.00612646301584821,-0.010499639788270973,-0.003872305161457163,0.0035834778171420193,-0.00083279587720163,0.0035834778171420193,-0.00083279587720163,0.06461989464550441,-0.008630885466421736,0.07180968279075037,0.012033397863238999,0.010004984807107762,0.005255136731712594,-0.008893417726981706,-0.013643265802376875,-0.013023861475335621,-0.012307355440100014,-0.007186792965839479,0.038842443311092684,-0.002043942404903672,-0.005793434131857752,-0.0031274968985283893,0.004129912529566772,0.005359600949587175,-0.007942148549891871,-0.004470975754877812,-0.02536954096835287,-0.021077646767937573,-0.0198873561762378,-0.006297610796832162,0.045289944561253404,-0.005125562525154063,-0.005472033163117573,0.003997405802314554,0.038842443311092684,0.0038557146675630254,0.02067468358379381,0.0038557146675630254,0.02067468358379381,-0.004092008797671087,-0.009713313735691786
29939161,0.020184152888870426,0.021372371304050824,0.06157281808082421,0.07148792597648572,0.00021198528412876217,-0.00012647546406695028,0.02798290874642628,0.01855335984246095,0.012266395819983006,0.0006239306074494629,-0.026826938709042403,0.0023220152526991777,-0.035522142868410544,-0.04337996254100493,0.0008384126898533118,0.0006200118650741392,0.0008701817944629256,0.0006487218163987584,0.01333182549635907,0.011471479223104236,0.01333182549635907,0.011471479223104236,0.0003906659973986614,7.444935937540772e-06,-0.07993744974954073,-0.04337996254100493,0.009479147512374235,4.29948444851967e-05,-0.035522142868410544,-0.03949345895691459,0.012060304597785683,0.02319634551231495,-0.030135955995172964,-0.01510853836482556,-0.004652480085333095,-0.01074569934824824,-0.0038170206442637335,0.005346127032963194,0.008630846265935486,-0.003885952242034217,-0.03376695362527741,-0.01510853836482556,0.06160069422821403,0.07151580212387554,-0.011584342231683337,-0.001669234336021827,-0.07649743636906234,-0.07675218095992853,-0.07649743636906234,-0.07675218095992853,-0.0462528201009856,-0.011494607553463779
30291077,0.006868434779597768,0.0031678299352584987,-0.03717107769227207,-0.036515293875631356,-0.0028214408623922736,-0.004945600158187541,-0.021295433850663254,-0.004690179610829369,-0.015987982559082205,-0.015378958388369298,0.027332818337336265,0.12601198152692047,-0.01000646740539728,0.032237210751365916,-0.02559792726360676,-0.010870384779113718,-0.02559792726360676,-0.02280179611508881,-0.011438600046798239,-0.015367980751151554,-0.011438600046798239,-0.015367980751151554,-0.012772159263416079,-0.020604003784613967,-0.012772159263416079,-0.020604003784613967,-0.0028214408623922736,-0.004945600158187541,0.07932243874357234,-0.012656111001250539,-0.01482582222487415,0.002022950037927927,0.0060871127596595475,-0.009284348438457301,0.05083931075175885,0.00857527823881582,0.019383991417276904,0.01650486756532363,-0.0006247285588255446,9.027456118173086e-05,-0.02632435845512856,0.006920301572307934,-0.014813843887485433,-0.007672215305243934,0.07932243874357234,-0.022971008536630477,0.0184351786521552,1.2315322414258208e-05,-0.0005651837084903478,1.2315322414258208e-05,-0.012772159263416079,-0.020604003784613967
30618705,0.0003540086017576074,0.021965839208407504,-0.002153783684605167,-0.0018117827727740718,-0.041526656723115,-0.06593377858708493,0.01344108546285764,-0.012523141671707453,0.0012901195065329104,0.0006534093342504203,-0.11363186209712214,-0.1268024897095673,-0.005890641861113481,-0.01767246053376746,-0.0009058789963539366,-0.004019089265640343,-0.0009058789963539366,-0.004019089265640343,-0.0299278830462996,0.004140484591117113,-0.0299278830462996,0.004140484591117113,0.015308808890148136,0.03207376192303696,0.03544058040364991,0.01879176275312936,-0.041526656723115,-0.06593377858708493,-0.03754028596366346,-0.03839431936947226,0.025443715119809883,-0.0003262058546965943,0.0844591540494759,0.08463858895256468,0.013297107915879104,0.021908317468580716,4.9620669500264475e-05,0.03554729624757731,-0.0026935241966287568,-0.0034546642319714816,0.024673777966839554,-0.023624757397001657,-0.002037372930284404,-0.002891406336093201,-0.03754028596366346,-0.03731469580615313,0.0013475470760485,0.03676260500138663,0.0013475470760485,0.000729233388927133,-0.020417844233410018,-0.0036528912005211953
30627346,0.0004479555602801503,8.704268132043004e-05,-0.002799114465929068,-0.019863531556803815,-3.4550382082718274e-05,0.022063535844780387,0.020341883149526504,0.023617755538362702,-0.014437975725853015,0.010739138153388533,0.04633258045180249,0.05496343296157279,-0.00787515571554473,-0.01062981801106698,-0.000897972573079474,0.016228021538378365,-0.000897972573079474,-0.0015560776800377092,0.022738732012914945,-0.01525145288749181,0.022738732012914945,-0.00795942986078731,-0.016313745187167907,0.01824336829321859,-0.015473123531119919,0.01824336829321859,0.011283202266052093,0.010787980309492018,0.022956008787568954,0.006543511152407016,0.018755557209174538,-0.0009292204262503119,-0.00787515571554473,-0.007258986213711127,-0.021719958377895743,-0.011269244531141455,0.021248380398453698,6.101498025057881e-05,0.0004927942982201265,1.6484731624092242e-05,-0.02383170850925649,-0.008741183781705159,0.03286985493376116,-0.007912240775790735,0.02075296847819193,0.004340470843029992,0.012832091020815149,0.0007571697059607674,-0.0002248448226008429,0.0007571697059607674,0.038304244729546605,0.045948261039510545
306364,0.0023363878146422275,0.004805148672234594,-0.017810501023058808,-0.025558370285319595,0.016288168728059757,-0.0021292800573043556,0.01686321837674866,0.016251030422649516,0.009146699738666993,0.0017633064676200495,-0.010513065184879815,0.007055222612820003,0.009746291009464121,0.01729235256860543,-0.021757016013367887,-0.021809503328257145,-0.000512541410872047,-0.0005395892463647922,0.00574203772420143,-0.009233744968684704,-0.005190964529833746,-0.009233744968684704,-0.008698611176097439,0.022722338859033853,-0.01731097661841206,0.009106679600740932,-0.009191836714505939,-0.024204976519287928,0.01612495276924402,-0.020304828348395657,-0.006866505924920706,0.0029267305139481226,-0.01956611465967095,-0.00250495133203912,0.011080098078864072,0.02838433368752602,-0.014046049522509579,-0.001956624779398501,-8.60081299872968e-05,0.02306417048803326,0.012546166708144556,0.010809523740825262,-0.0003903146617668042,0.009478589654074963,-0.015949154465855656,-0.02206983730033503,0.01988518489945713,0.007996887988834266,0.01988518489945713,0.007996887988834266,0.03858925625073033,0.021115793523292705
31276376,-0.02014379488527672,-0.02008198805975508,-0.0105431486179417,-0.033239482636679585,0.0273533750473955,0.0011899948092521997,-0.011088773323466142,-0.015437264256509785,0.02281137184401931,-0.00046678855914023345,-0.05273658461130904,-0.03837597459818729,-0.04753463663816761,0.03449283934005805,-0.000728090488115445,0.0018868822193750206,-0.000728090488115445,0.0018868822193750206,-0.00790920176389624,0.010420986118876076,0.03525674557903103,0.03405863524508258,0.012494980425802224,0.0020486490653538842,-0.018334941077792353,-0.028352734499677977,0.01702469583170914,-0.009138684406434162,0.01232695039415687,-0.00019886552389257461,0.033119507344097084,0.00675897791395757,-0.002722472811506175,0.008471320707097198,0.004938192964726834,0.0005995864184871573,-0.024850788072685835,-0.006788039641099836,0.0010831467747217218,0.0042335147279262565,0.003415874990541433,-0.005005989795783402,-0.0029835861331345657,0.004861596549379309,0.009747890269686525,-0.0027779256483629194,0.054271745519471906,0.02701580445288969,0.054271745519471906,0.02701580445288969,-0.0003886310012447512,-0.005665307235054425
31424202,0.0024753299325314558,0.0026218359436730974,0.02500227247844148,-0.010226752235316659,0.0027181585809106963,0.002327045465144028,-0.0005441545654674279,-0.0031813035974777235,0.001751762440211896,0.0038644340690898267,0.007620156073153271,-0.020413392478419844,0.0008182107327844163,0.0023909044463711893,0.00419591687107382,0.0011213520364922922,0.00419591687107382,0.0011213520364922922,0.0030341166251248303,-0.005952111176716457,0.0030341166251248303,0.008092199060713096,0.00803943707240562,0.02900882247922954,-0.003651553237133091,0.011493122878188121,-0.01929325747581108,-0.013553755548581093,-0.001163592185458813,0.00010595421246237247,-0.0131048838409701,0.010834839917864953,-0.005687679319903639,-0.0017751423196029938,-0.0270008954480969,-0.024768137007917454,-0.017185503802816127,0.024155556100340037,0.010835198677654192,0.0261758102060202,-0.005267751971762186,0.016651336116207404,0.045401385773597314,0.008278076319118864,0.02236356267500947,0.00010595421246237247,-4.519440847266338e-05,-0.000959925910766921,-4.519440847266338e-05,-0.000959925910766921,-0.004444108053223294,0.011493122878188121
31625455,-0.014847991870017303,-0.012312544648177758,-0.055293564831447053,0.08243333489348198,-0.00618891621448972,0.021151565574099973,0.02624590324282582,0.022681232399308433,0.010464144777423847,0.03273770822942461,0.04335097001530571,0.0022252796372747574,0.0007917418856786054,0.006057180055397494,-0.010146339311694506,-0.009696212410916248,-0.010146339311694506,-0.009696212410916248,0.008502488476499412,0.004354772325507433,0.028167746773480933,0.004354772325507433,-0.0023276330155785263,0.019353961619083003,0.022659816597366236,0.019353961619083003,-0.015985639372715528,-0.031031236929116374,0.007068053729784463,0.010442275744197257,0.021320554745333953,-0.0011235062224744532,-0.00885959282108936,0.00633421099594958,-0.0002941281150774728,0.02091192853608072,-0.007016878820496279,-0.022974018381937925,0.005510858877505254,0.0033750199431771336,-0.028476697027815388,-0.013208084542253674,-0.055114701699914476,-0.052737861931336866,-0.018517709496780194,0.08243333489348198,0.02531233440747127,-0.000285181148308999,0.02531233440747127,-0.000285181148308999,-0.00948238239259656,0.00026887642687449184
32195234,0.00021904293227079742,0.003751487075106212,-0.01018012899359614,-0.008538452103625468,0.0060674245623604725,0.0007944384278961504,-0.014617743806468998,-0.010688160088790484,0.018219724454116803,0.0007340838321307813,0.17204276581658684,0.09428376476488169,-0.028971491633339997,0.008227390538513082,0.02558919289092819,0.0015243215548444533,0.007640625872286752,0.0015243215548444533,0.0026887906729621963,0.02570745983802921,0.0026887906729621963,0.02570745983802921,0.01281450746030922,0.0010276252172885074,0.013866703052231276,0.007289854791296995,-0.021523098738514244,-0.0266502315182895,-0.012630369993795094,0.008227390538513082,-0.00018074903058131852,0.0013480263329775752,-7.93553321406671e-05,-0.005598078925018608,0.013140418937438253,0.035995059913530476,-0.00841838928664376,-0.016933580347340684,-0.02658319405779595,-0.02446840674894446,-0.0065741846339765694,0.004082038867032133,0.01035898733604937,0.009699723755268763,-0.010249435153029049,-0.01058400273360002,-0.04267333553811949,-0.04282904726686363,-0.04267333553811949,-0.04282904726686363,0.011178573888914843,0.018984433456902663
33743772,-0.011396437279944485,-1.2238735276899615e-05,-0.07787837714221968,-0.09831876954002669,-0.005080432944248133,0.016103360358156224,0.001162758609871261,0.020113562604157354,-0.010189805761916491,-0.00830833361172793,-0.03400190586046199,-0.049576463854193634,-0.03293545539820975,-0.019536694123016812,0.0001642962154247095,0.0015784237854213057,0.00012542553895979083,0.001539553108956387,-0.0018868593576615092,-0.007793831888952298,-0.0018868593576615092,-0.007793831888952298,-0.02321064192523793,-0.012029040647683249,-0.010469909999841747,-0.007009266287399309,0.2351777137905662,0.09837636307880869,-0.01073415514992545,-0.004350027494315754,0.019158761082492138,-0.0005186306623523064,0.04343270072509367,0.05215517917465125,0.008265520810639193,-0.011249364338933258,-0.02435517146386711,-0.024231662664933058,0.0037776263550517554,0.004432582923258527,0.04343270072509367,0.05215517917465125,-0.09787499839818821,-0.08747201575474822,-0.07287120799440777,-0.06648708033879808,-0.0011049711570220494,0.0174829064903057,-0.0011049711570220494,0.0174829064903057,-0.020048464518755537,0.0021236464736738778
34272677,-0.00016400434475586615,-7.576800079428026e-06,0.0327889972339745,-0.0010919534544413445,-0.0004842172911186589,0.006986340569216598,-0.015576204996673865,-0.0037890745938415765,0.025329570405714617,-0.0010768324592288917,0.38253759003489984,0.19718254906626367,-0.05529440347075219,-0.06821144400808897,0.0011281344271342004,-0.0011103154613661863,0.0012135076622215406,-0.0011252294750421876,-0.12370476692301174,-0.08760122705937971,-0.16145981150041883,-0.08760122705937971,-0.06852117400788595,-0.06833380687949214,-0.03803447171731394,-0.07466647879567466,-0.00042635863274630755,0.06280899785287113,-0.046591922176669825,-0.011899942602187533,0.05903990893776685,0.02068243210843487,0.0007969640123363598,0.03818123628754595,-0.09833329732860478,-0.09705287266676588,-0.055069108248227014,-0.0548988455951383,-0.059870949148252944,-0.06687786940948988,0.0009543893788571702,0.03809935144989214,0.033942186620137135,-7.879433516876555e-05,-0.006296202688925424,0.022812011635433407,0.0008782755883022016,-0.0009977855786493194,0.0008782755883022016,-0.0009977855786493194,-0.046591922176669825,-0.05422989042849432
34322023,0.005012945318971833,-0.010695602779022918,-0.01251117578614078,0.007790340430302946,-0.019621798678189854,-0.018993259126587957,0.0025508453733332458,0.007898862465669756,-0.013030925229184528,-0.02052957623214303,-0.0016921338143363182,0.004755968397398053,-0.0020759635465749417,0.0019081655895492704,-0.00153029732795676,-0.0006801887745158759,-0.00153029732795676,-0.0006801887745158759,-0.002981075311708166,0.021425007697619614,0.0007910917964958596,0.021425007697619614,0.00011238994140513685,0.008465841934065787,0.011955288752861268,0.011910722603188453,0.003643874798781782,0.00044204268448587436,-0.0023878045406157816,0.04415289417225734,0.00021516027689978678,0.04675585898977291,0.004174813884448311,0.010916511156418772,0.019167937953299026,0.0005951398942712002,-0.014643486163871042,0.03166832012208476,-0.0027010536159606997,0.0013435951718632983,0.005068127797111745,0.023237143022806384,-0.024314773939154655,0.0006770754073897531,-0.0023878045406157816,0.04415289417225734,-0.026477015778718638,-0.02194434522751833,-0.03327699953930828,-0.033590536719726415,0.016006271596743137,0.0052681756118520846
34438741,-0.00953731340744014,-0.006595254167843038,-0.005892259149205551,-0.009324832642723055,-0.0006861085996473265,0.00734160947031014,-0.0028839083194556678,0.008468207793300323,0.00065340849826071,0.010701034418331154,-0.013036248010570163,0.04134181269167384,-0.004609863594829167,0.0039395671550051525,-0.002478404590542692,0.004872155150904031,-0.002478404590542692,-0.002049675743420791,0.017130990490968445,-0.02315625158309417,0.035093346701198895,-0.007413646680808543,0.0033347106818326522,0.0012314223022639164,0.0033347106818326522,0.0012314223022639164,-0.00104336237982979,-0.0018983956259696136,0.021902460153162745,0.0008949405831143124,0.0007790592210986107,0.009639682658364533,0.004310801319446235,-0.0028247975189210593,0.0029823691175414387,-0.00919085810777575,-0.004495289963031409,-0.0021607174947303864,0.012160511397056852,0.014479198939035473,0.008091912252823071,0.0009563134144557782,0.01628792205574338,-0.004994625413641858,0.01628792205574338,-0.004719597514305056,-0.0011598496427989383,0.0019501758846200545,-0.0011598496427989383,0.0019501758846200545,0.012969140822389773,0.00372242436048552
34812836,-0.029616889513248056,-0.028738269582076453,-0.021806013517972123,-0.024622574667586203,0.021330932040857245,-0.0028895136455554154,-0.02101334951118303,-0.03832230604669652,0.024180824687500733,0.017446354987951124,0.01187518103392931,0.046127670830373446,0.0064628416630639045,0.009223786626127434,-0.00405122252448568,-0.004233213829713292,-0.00405122252448568,-0.004210409865689611,-0.0037871404688059537,-0.011032032752167471,-0.004239835428995482,-0.02115686625471342,0.00400398935536952,0.013486637347846038,0.017323397643455238,0.045803417493143934,0.033153649315731996,-0.002480803651465961,-0.0007000501281215904,0.023457838550225582,0.005528567281200724,0.0034338704580774704,0.025996638883003742,0.0013157450196268172,-0.026312540518389254,-0.020816223380455856,0.023553380384910432,-0.0026454251022471724,0.0045764187952123695,-0.002038221987467727,0.02863222783087673,0.0002117128796485985,-1.0758841789519635e-06,-0.003400042171742649,0.0015923598912158735,0.007621191116752871,0.027109016764728842,0.05380507430474141,0.027109016764728842,0.05380507430474141,-0.0007000501281215904,0.023457838550225582
35008850,3.279342337126533e-05,0.006720950012092401,-0.01439619260642714,-0.01908826886293048,0.0007580478162269794,0.020223496442713408,0.015462269711503454,-0.018459002122632528,0.0002562559482668466,0.0005741564533874613,-0.03625596415914741,-0.013731150564979575,-0.027179242719360404,-0.024202275847194005,0.015871529109957764,0.0075777697023078645,0.001112613914464746,0.0075448113929001,0.01894251600954868,0.001675239435384647,0.02395857202508622,0.006691295450922185,-0.03697426517190332,-0.0454131876928367,-0.025921736190662223,-0.038994746284792554,0.01072774847142794,0.020124882288283904,-0.006816954776528453,-0.021677924109184565,0.0007045682057399716,0.006150897648396062,0.012242956176081824,0.001358191099901312,0.0017859807298073044,0.005855842011046393,-0.018933687697724553,-0.032307572915120736,-0.0011377371635766828,0.0035819578582951045,0.009421073163661376,0.0006786002666779253,0.00964936789138432,0.002671025043208701,-0.006816954776528453,-0.021677924109184565,0.01456542911070023,0.000622850758051635,0.01456542911070023,0.000622850758051635,-0.03334669471437894,-0.038994746284792554
35053870,-0.007040447275961744,-0.007060516233537085,0.018932288318974293,0.01599855642046699,0.0011825743862463323,-0.02018653532527051,-0.01327653528186733,-0.011783650689358337,0.0011825743862463323,-0.01048399056579149,0.018351439817366123,0.01891558079767089,0.007843780330462468,-0.007772680058526538,-8.653074627557717e-05,8.87682366368628e-05,-8.653074627557717e-05,8.87682366368628e-05,0.02893166461660865,0.0332575687586647,0.015023797082320604,0.0182680074525875,-0.00016664686330724015,0.010326374318654009,0.005512681934162293,0.009373623067989474,0.004865564485915838,0.0007649121391041444,0.010296404525648825,-0.012156928521389956,-0.011994326916996721,-0.016920563650736502,-0.011512628762213848,0.009187008007373688,0.006135539092962418,0.0015982464538715699,-0.01200346279371396,-0.0015022262764459726,0.0373590528908854,-0.026116343430747136,-0.017030269006390226,0.007174290830082714,0.005019450406870237,0.008213301205856326,0.010296404525648825,-0.012156928521389956,0.012309392555910226,-4.2694390702239246e-05,0.012309392555910226,-4.2694390702239246e-05,-0.0038088009330087477,0.023620290152541922
35109856,0.0001375422660666352,0.01920601246753586,-0.00577748955946682,0.021650230496235823,0.009233444301787283,-0.014921786454359607,0.00011988510327969742,-0.011821707272131082,0.009233444301787283,-0.016521777786259666,0.00432892317449135,-0.011638659410205256,-0.03282423751868156,-0.017917427252941286,-0.00032415116022221804,-0.0008160869882252948,-0.00032415116022221804,-0.0008160869882252948,-0.004343757083913394,-0.010987351152696341,0.024427502068117415,0.005282813723743101,-0.018355555027065474,0.00026601976053672663,-0.013151656606668456,0.009946457919406525,0.009233444301787283,-0.01699110421012853,-0.058981946668979796,-0.06064312471224558,-0.006912928055547947,0.016657006873298068,-0.039775237778435585,-0.02109329377405453,-0.01237576451021716,-0.01632654862907533,-0.00047192806596025455,0.01434967680273716,-3.955773936677653e-05,0.0017235331078244947,-0.00026566654851057725,0.0005483601540210183,-0.024277542948935162,0.021650230496235823,-0.058981946668979796,-0.06064312471224558,0.04785998475964032,0.025419198246856827,0.04785998475964032,0.025419198246856827,0.02906781899029066,0.004905393661974431
36429604,8.631118903267324e-05,-0.00023711995482396159,-0.0008722685340085149,-0.0006926180546943866,0.05051130668347311,-0.0018847997385876792,0.06345590073259628,0.07393436247463943,-0.0007963551426276493,0.01532905913741303,0.03152088507036696,0.054463001705554126,-0.04772483555474874,-0.0038081813810088017,0.0013890359809289959,-0.0007548967754641253,0.0013890359809289959,-0.0007548967754641253,-0.028443336293154722,-0.006032265172342309,-0.028443336293154722,-0.006032265172342309,0.00011466518889758682,0.012186202006478008,-0.012178954984040091,0.034639769018037114,0.05051130668347311,-0.0018847997385876792,-0.012178954984040091,0.034639769018037114,-0.0008721245467856101,0.0002473265362795045,0.022119189983572096,-0.05565664921785643,-0.04920127007129903,-0.010468760577496496,4.117436637843014e-05,-0.00012412142527578284,-0.0009959599295445072,-0.0007785471567817433,0.022119189983572096,-0.05565664921785643,-0.017037772949800477,0.03828779907103738,0.004396506089838971,0.006217403101340814,-0.0008468642206579057,-0.0006658676185229707,-0.0008468642206579057,-0.0006658676185229707,-0.0007522515018393346,0.011095289960386981
36437212,-0.0003594263931475311,-0.00010583759707755543,-0.0008099526882401209,0.10215065385241819,-0.000932690735035405,-0.000678882498740035,0.036109502014271246,-0.024313161266392498,-0.05097203551904177,-0.05055435923678698,0.120450551965813,0.14517652359143127,-0.013204956990350559,-0.012861114135318182,-0.000943504306568194,-0.0006192736889597919,-0.000943504306568194,-0.0006010487799423597,-0.03997332987848356,-0.06755937995376467,-0.016370169116057362,-0.017423983461481163,-0.0015484511504265958,-0.0012369503002575037,0.008397822721172517,0.09894548648252456,-0.0009550764601498851,0.025457865189508794,0.14520176781223315,-0.04196376067640768,-0.002696100220459851,0.000138961053620264,-0.01362331939298446,0.029607663017863245,-0.0018825906669442441,-0.0008258880906246594,-0.0004532887059819074,-0.00015867330556778908,0.011145382286538497,0.01069781412932445,0.059945598718348744,0.10317658112919645,0.07798891173193469,-0.0008177475215336864,0.010687229500413953,0.03454250133270248,-0.09790337830604127,-0.0975613892631671,-0.09790745302374193,-0.0975613892631671,0.1610896977582293,-0.051480227718734034
36512901,0.00020631641530580522,0.00014934317968689446,0.054500595893357054,0.036313053379953046,0.0003648824626048023,0.0029243007798712565,0.06688194940449756,0.0007387398433589525,-0.02408333509300527,-0.024190697059985028,0.07394468220296381,0.013757799292544901,-0.00874787787166547,-0.00897108763535635,0.0002953019121005162,0.0028676714281014254,0.0002953019121005162,0.0028676714281014254,0.00038378616858254777,0.062375994467624714,0.046355918980085904,0.062375994467624714,0.00021297476558862212,-1.1213583554573522e-05,0.05735006261794582,6.189468900282902e-05,0.029215242255999117,0.0029243007798712565,-0.21066412111953386,0.0018347249928627463,0.0002564326292274317,-7.789811250088542e-05,-0.025270028604932163,-0.02540980599567361,0.00024284351572469642,8.284027172865307e-05,0.00018583203956684988,0.00013369150170102054,9.22075143904666e-05,-2.153025629102461e-05,-0.02561108668683067,-0.02593527707494957,0.05386554323606308,0.04154008264232729,-0.21066412111953386,0.0018347249928627463,0.025489051266113966,-3.177606207996125e-05,0.025489051266113966,-3.177606207996125e-05,0.0002460189914090306,0.00010306829099323927
36564103,0.015566514709071597,-0.004414716498739054,-0.027243020339946605,-0.00120454891631884,0.0027790884755599086,0.0019162035141562033,0.004193012450295453,-0.006818554637188289,-0.0003529088289441393,0.008915446143975918,0.024899224433958922,0.0006337722577018203,-0.012938240342114972,0.00882891229505979,-0.018876629863433265,-0.019189118384794968,0.001522431731153185,0.0014426122724016746,-0.012138710706164985,-0.0008813170948628671,0.0006911209271380295,-0.005361259327172935,-0.01678397365217739,-0.031921215794934656,-0.004757110561491518,0.0075173982289273925,-0.009874920993813523,-0.027577598723993735,-0.02153886894421831,-0.009955283440224713,-0.02742016413982005,-0.028852457550861476,0.006260076874727266,-0.01160963774756978,0.023622311509850363,0.017071684381569655,-0.038100602124500345,-0.056211936297038016,-0.0041825920870456786,-0.028379710169674503,0.027788276707903528,0.019631589307306137,0.02222609076695931,0.045584237358271884,-0.02153886894421831,-0.0051324135326486706,-0.010671722006116997,0.024622009554405754,-0.010671722006116997,0.024622009554405754,-0.010782896419776512,-0.02370512892767939
36600859,0.002485791032416249,0.0006670556291881742,-0.0018768914596458963,-0.05436303249495571,-0.0004242521212602336,0.007424626112524,0.05070497936083969,-0.015542369892342443,0.0003238544630923119,0.0005648909350770225,-0.05306110443528369,0.005796071368377759,0.02962331492061755,0.0017543525412115376,0.0007943729120203824,0.0010903340227336941,0.0007943729120203824,0.0010903340227336941,0.006945904871461791,0.014436617639428452,0.006945904871461791,0.016247727046839924,0.0005774829967581035,0.0009273132308612876,-0.0361481062004625,-0.05582100317563027,0.0006486862462716836,0.011964194644558909,-0.0361481062004625,-0.006265045169400865,0.0009238578332914063,0.0011398417084357232,-0.02305868009387258,-0.023980184488696564,0.0006159805688584451,0.0009078791955097979,-0.03522887307612337,-0.034445937238274923,0.0003790200248308688,0.0007270682030106793,-0.025551185195711954,-0.024886181027446323,-0.054056804493337475,-0.034523360575795664,-0.0018768914596458963,-0.003748998997189175,0.000363912434505857,0.0006151636092071064,0.000363912434505857,0.0006151636092071064,0.0006667387010134455,0.0010308103201562629
36662463,0.03982953008644478,-0.00013143151234341964,-0.014904556449016781,-0.04988533189641945,-0.011861489094863835,0.04097125115537354,-0.043936768981102575,0.003075825567791915,-0.05189453049963131,-0.05204872913213531,0.061008030581956,0.24166996716962325,0.0154434915498887,0.00012313415241617734,0.005640481959332922,0.0014556733430947059,0.005640481959332922,0.0014556733430947059,-0.014072588121267868,-0.03492452409464973,-0.014072588121267868,-0.03492452409464973,-0.04823530078943561,-0.056608118390595444,-0.04306919561739974,-0.056316739020524434,0.0030190742028915543,0.04097125115537354,-0.009353176635318664,0.04097125115537354,-0.012671548043863124,-0.015516546605119922,0.022128253611640746,-0.02457815924005647,-0.028998313038686427,-0.019873458658663315,0.00946390050178305,0.03205218815472066,5.8485224531116024e-05,-0.000116466561458677,-0.026297472343336233,-0.026516236616251455,-0.047090229809455354,-0.016674294945885675,-0.009353176635318664,0.04097125115537354,-0.05609375245891319,-0.05624776661606062,-0.05609375245891319,-0.05624776661606062,-0.04306919561739974,-0.008847637694040095
40131614,0.012536703495340541,-6.557441624040395e-05,-0.022590339333262776,-0.01573303603994716,0.017033987337879655,0.0207967365154397,0.03308633561454097,-0.005752366646927,0.004625055859127735,0.008387805036687781,0.020967489522854703,0.01280431358138839,0.019759607353580455,-0.026342419117055267,-0.00013500908013576365,3.934058484089697e-05,-0.00015946715116866433,1.4882513807996283e-05,-0.0034244534096850715,0.009196345591161576,-0.015961067516896892,-0.01997517366331776,0.011444910144113264,8.005972067790982e-05,0.009967176489278175,-0.025089409284192985,0.011176341619189931,0.014939090796749977,-0.008401525618018081,-0.02174456209668266,0.030843940390875322,0.02385357231571064,0.0029200460687121847,0.02192473352622599,-0.028309467660768736,-0.026013359641916575,0.0028505744980631513,0.01995469810058442,0.009136987564734935,0.0005255051028141516,0.03613708816489196,0.001016871323674274,0.010488418961829366,-0.02047971325274154,0.00014028082050780016,-0.013202755658156779,0.02012966835892953,0.016959153550591233,0.02012966835892953,0.016959153550591233,0.022427813803018205,0.021341274402381042
4066312,-0.01552333679338978,-0.012573079496896577,0.03398761708868994,-0.011747889770792677,2.9039255584549853e-05,0.0005188037267762969,0.013604224083568466,0.004926000926208242,0.00016879354206534268,0.0005084828730700615,-8.005416645671774e-05,0.011534142850848297,0.008954720839676404,0.0054091496181268815,0.00017994722258293577,0.000464315542505921,0.0001806524055902696,0.00046576740478035796,0.007836077868018758,-0.009974049265363733,-0.10904584578529543,-0.11428329031564821,-5.3908286753030364e-05,0.0008775456893114705,0.010132804036894916,0.004926000926208242,6.972978331697642e-05,0.012745477382001593,-0.03457080757256642,-0.027941314337351923,0.00015257400117410708,0.011470175890527085,0.010299660426877348,-0.006631044349581942,-0.05900779262559321,-0.03133986344040039,0.01393488839115609,0.00043390791229368057,0.012271637056179969,-0.002933414136385094,0.0008841672922271608,-0.01604653748423213,0.04136919214261629,-0.004366314716866323,0.011616867066391527,-0.027941314337351923,-0.015258096575357696,-0.02738090762870711,-0.015258096575357696,-0.02738090762870711,0.008127441463021995,0.010124344074951564
40727118,-6.521326666925585e-05,0.0020722769503493865,-0.00394551725632589,0.009450043502689388,-0.008098408704199358,-0.021429918194274093,-0.02757117379527078,-0.015113189921871675,-0.0037040503629843895,-0.020992624756933847,0.012999209028691436,0.011271704916771895,-0.02879430400772657,-0.03395595637913501,0.016117050751233375,0.00038949292656458,0.008328622527947247,0.0004075500022685029,0.008286367407683348,0.0015097065205514834,0.008286367407683348,0.0015097065205514834,0.05293512878488518,0.02442043101503135,0.027203405029765117,-0.001311292740088718,-0.008098408704199358,-0.021429918194274093,-0.0032915189215418153,-0.002477804358764567,0.007098670243250745,-0.0027455164225770505,-0.019051765492210066,-0.004489165921343394,0.026361685263732,0.022217682455454774,-0.0055295308885649624,-0.009950093222782785,-3.679546435470904e-05,0.005996657409597799,0.00525731077429132,-0.004489165921343394,-0.020138090730349837,0.009450043502689388,-0.003128695230560717,0.012323838480610645,-0.05570581983923765,-0.07091648316523458,-0.05570581983923765,-0.07091648316523458,0.01608548949815486,-0.012429208271698976
42427664,-0.002952216361340467,6.648803628387474e-05,-0.02108309828370858,-0.015894323636219888,-0.00044386956542810706,0.0005154172465301893,-0.006183648368080427,0.01130980161522312,0.015392720067562067,0.00021666337254047278,-0.02376336519184959,-0.014320004907241418,-0.0030785709680223663,-0.0080358424767335,-0.0010097486249119624,-0.0013716932179702224,-0.0010097486249119624,-0.0013649975427655382,-0.00838311570631061,-0.02864543872455312,-0.00838311570631061,-0.02864543872455312,4.373257656559306e-05,0.0018104339200873995,0.012130924199435362,-0.02018315496624453,0.006864294200376767,-0.008765071767058218,-0.010089736695095521,-0.0009670717480129709,0.014218098293435791,0.01871845748229372,0.013788069965794961,-0.018359302656462753,-0.031915824856976825,-0.008195704762501043,0.035636184888564106,0.005273717767406571,-0.0013473589783095583,0.022334606260000552,0.05750622072508377,-0.015404421868278853,-0.019642043839859426,-0.009730657273953468,-0.01943014081811031,-0.009730657273953468,-0.01782703010556095,0.02076945429564216,-0.01782703010556095,0.02076945429564216,-0.004162526445433908,0.004090467737792165
43728457,-0.0022227000465074734,0.0014887962469139798,0.007472365878103987,-0.017223526080429968,-0.002772218525854609,0.017667937208170337,-0.000563980191418813,0.018931440667003932,-0.00038571249983573825,0.020630827736603293,0.07219247779356022,0.22609557623135812,-0.013198760844824575,-0.09318832050667113,0.01915821203054409,0.0007010804723485784,-0.0006643976594967475,0.0007010804723485784,-0.005967592844500297,0.013678877590494878,-0.005967592844500297,0.013678877590494878,0.014293401935507022,0.012766354694123622,0.014293401935507022,0.012766354694123622,-0.015350806165718885,0.005089349568306062,-0.010309252137839566,0.003593248959511436,-0.0008860011041396034,0.007622301421879187,-0.013198760844824575,-0.1121607897511757,-0.00920024132795269,-0.024373923280169234,-0.023037380983977854,-0.040314607103769245,-0.0030628189255155333,-0.0004910365720304719,0.01897568535824747,0.029328859696868433,0.022362183315752366,-0.0022239866204277273,1.447656835492847e-05,-0.0010928388730124632,-0.05111277652897279,-0.051002864232550876,-0.05111277652897279,-0.051184076420249004,0.014293401935507022,0.012766354694123622
44099084,0.0719374064129222,-0.00042480549209862107,0.03894746746571882,-0.0010713624813221065,-0.0015887129925314582,0.00027296168725986095,-0.024357199874382413,-0.015412060976917885,0.01616810130307466,-0.0005255593840655565,0.012011124509521062,0.034349810681937785,0.010459031293191822,0.013604756572397538,-0.00045931667279346415,0.002145767859545953,0.01921860494594892,0.002145767859545953,-0.023087873420789582,0.022728502254031183,-0.0051944899180315016,0.03020605072889191,-0.09021099853123554,-0.05918142412082917,-0.06783609800979877,-0.05918142412082917,-0.00025498601139243584,0.016484277216170427,0.018787304124399027,0.010596106780155327,-0.024604600269191357,-0.026218833034304445,0.007709924530848136,0.010855649810053852,-0.01126031203065591,0.01370618088136826,0.025946346890985447,0.016574397389648096,-0.0026679695427499948,0.00031712828176386947,0.0029408246663898616,-0.009326257634358374,0.00041132010814805796,-3.2006439528120285e-05,0.03894746746571882,-0.0010713624813221065,-0.033795906267461276,-0.05812393483261384,-0.033795906267461276,-0.05812393483261384,-0.09021099853123554,-0.05918142412082917
44168447,-0.000558234039889391,-0.000278264249697511,-0.029077351701684448,-0.028267212953738047,-0.04078867823614752,-0.036481521425659226,0.10170375322919577,0.02995351637184472,-0.0016919284100991997,-0.0009165462020249326,-0.05864071747586738,0.07903196133978393,-0.006515574710733406,0.009044653358951122,0.011828317073735821,0.010075380629146452,-0.007160294429369277,0.042937859783193824,-0.04682426106283343,-0.026866065862560726,-0.04682426106283343,-0.026866065862560726,-0.023213388356033718,0.029678784964359512,0.011828317073735821,0.012871488193954499,-0.006579194175630583,-0.036481521425659226,-0.00850358750175488,-0.028408171096040415,-0.0019558257666177927,-0.0008582864124559912,3.591338082348239e-05,-0.03904575982600894,0.053017758892270894,0.04710616862383052,-0.0008601300258512384,-0.03135976997693758,-0.0019329420529313043,-0.0007238131201987622,3.591338082348239e-05,-0.03904575982600894,-0.0072706979750791455,-0.036249064225310094,-0.010674406668244516,-0.028408171096040415,-0.0017424447329346532,-0.0009566281407142034,-0.0017424447329346532,-0.0009566281407142034,0.009072013495541775,0.029678784964359512
45156972,0.0038207889681269097,-0.0019342956538782432,-0.014243061344496946,0.006653541615119114,-0.017409923463433476,-0.017151580304832267,-0.017485182552695933,-0.0017837472279935151,-0.0032546230431756574,-0.017882237831558578,-0.013372037371770455,-0.014746032375298302,-0.002677307509817201,-0.004332225417719536,0.008204952302926456,-0.0003019490903289454,0.010488816301393642,-0.0003019490903289454,0.0011508542299884725,-0.009895852209062809,-0.008191172007194466,-0.007094685896237001,-0.0015001202665627343,0.01103150273974368,-0.0023966528759703405,-0.001551645019632751,-0.009728813635644469,-0.012300035083418396,3.4780825364691403e-05,0.05789105303535362,3.4780825364691403e-05,0.05789105303535362,-0.0069001355455838576,-0.008323160084441464,0.020991502627330863,0.013387999453763639,-0.005168210572476423,-0.01472659877263273,0.007671006164777885,-0.00967550300078692,0.002226147149313549,0.009262197237603955,-0.02035366007703597,-0.020868144910010235,3.4780825364691403e-05,0.05789105303535362,-0.0002706460660760015,0.03167348352490339,-0.0002706460660760015,0.03167348352490339,0.004099984945322247,0.0010835019036526377
45857023,2.1011849443467123e-05,-6.550814534289712e-05,0.006195877137423349,-0.014896858765754348,0.00030767468147280437,0.014813016756335038,-0.0005340839876715627,0.005846905896010843,-0.010724122765209267,-0.00135594871708615,0.014663375321092693,0.1324861131697605,-0.003177873655545841,-0.021006608637968615,-0.00013844531560777348,0.021283119304072663,-0.00013844531560777348,0.021283119304072663,0.020978148080777685,0.03884008496147636,0.014642953134809358,0.032504890015508034,-0.010245836943279846,0.023830512751746573,-0.013143953749796133,0.020932395945230286,0.013679261689537033,0.014813016756335038,-0.08029036460613892,-0.16215518329645684,-0.006922658163315205,-0.0017884450374820813,-0.0007845358891407465,-0.011137850371520788,-0.011732801179652579,0.005731898643629335,0.050056380799170436,0.016258397019809474,0.00017789401985387587,0.00016468594209873358,0.008533735220382295,-0.0053665894501875,-0.015307521742688035,-0.013898469972366623,-0.08029036460613892,-0.16215518329645684,-0.014189448633174855,-0.014209099682740544,0.00015374493034344788,0.0001340938807777577,0.005402200572622435,0.02328461345163252
46142566,0.00011292732972508282,0.0036552330228210475,-0.028437422484380914,-0.037914753741402844,-0.019326900817281664,-0.04035379734339321,-0.02450050953609019,-0.0018017876872394728,0.027154753216212163,0.000535129670613555,-0.014032285395526783,0.1591561394733793,0.006944941350699306,-0.02042464739320808,0.0007307158172965155,0.004031333637406343,0.0007307158172965155,0.004031333637406343,-0.06456900272849711,-0.03569308767581747,-0.06456900272849711,-0.03569308767581747,0.003532258226972878,0.014836214488493224,0.003532258226972878,0.014836214488493224,-0.019326900817281664,-0.04035379734339321,0.03690643340671526,-0.015139324566961904,0.011141453028592709,0.0007214988406502145,0.0036788556995048793,-0.02042464739320808,-0.028258605240070366,-0.019564118234357972,-0.026247802208728712,0.0016307870922499315,5.35277436009904e-05,0.0006251469054990443,-0.007931989532280423,-0.009668712113824076,-0.057371957573292345,-0.03898957291060125,0.023605371990027393,-0.02844038598364977,0.034220524068837695,0.0005439067732934488,0.034220524068837695,0.0005439067732934488,0.003532258226972878,0.014836214488493224
48572514,-0.009945932706068507,0.002618087717866745,0.01041177496287706,0.018237464597973978,-0.027672789472316627,0.00014548944807073888,0.007139343482922637,0.008643084032418235,-0.03566009877511563,-0.0354813395316899,0.042029651713732005,0.00451984792229667,0.029023767067737252,0.01811358481575466,-0.0011546443404478236,-0.0010900111838968878,-0.0011546443404478236,-0.0010900111838968878,0.00893335646448113,0.015332270529985965,-0.023424718035438538,-0.015419412323470025,-0.016000497159070343,-0.04548584812436027,-0.016000497159070343,-0.021097655846060125,-0.03413288207152391,-0.015448248195151598,0.010732180958715816,0.01854792296710457,-0.009876310623596127,-0.00877374065016083,0.029023767067737252,0.01811358481575466,0.0015573807153351805,0.0027108852945980366,-0.02628461296190445,-0.01016318774408051,0.037382367080213405,-0.002175437766856631,-0.013956889111636957,-0.009005832266780847,-0.008597410028776016,-0.026422023038846387,-0.016501712225877353,0.020638470316046924,0.050572537691229,0.019255132699632645,0.050572537691229,0.019255132699632645,-0.016000497159070343,-0.021097655846060125
49571946,-0.003155418180496801,0.002488913535919813,0.026532537504841427,-0.0026808239967878234,0.0011172632851317423,-0.0016056513743906244,0.01657343638920715,-0.040920187687195936,0.00015603549242478807,0.0003208847869701773,-0.04867130307343319,-0.11036081087959747,0.0225664180470875,0.00455172986602502,0.030307690759821686,0.0005700284109535841,0.00032102860912433225,0.0005700284109535841,-0.005791249060915153,-0.03668681421673966,-0.005791249060915153,-0.02521882034509157,-0.044138764978515405,-0.07157249631870315,-0.04272142900284593,-0.04731085129251748,0.04110818590643056,-0.0003778614709611251,0.002451575932522071,0.03777431040240093,0.00018165890079780344,0.01186008864583081,-0.006717675936645955,-0.008867381808045128,-0.0004881737559891083,0.034363696374665326,-0.003278552009470882,0.018869781266224052,-0.01691440088727831,-0.04409616594867668,0.001891333937202793,-0.008867381808045128,0.02144443999166942,-0.0019430924243672286,0.026532537504841427,0.06663998497467052,-0.03131399993907069,-0.028803992738289583,-0.03131399993907069,-0.028803992738289583,-0.044034611751175436,-0.04731085129251748
51208558,0.02845553067116268,-3.239219934023346e-05,-0.056982773812296564,-0.06248097999542569,-0.0028469457349649015,0.04993765000747934,0.015099154606797595,-0.0031123044703618174,-0.031768145295514215,-0.031206671448423137,0.009411947853166645,0.09989923871654019,-0.0008518194114458238,-0.0048356162316429705,-0.005039451390131518,0.01328110935503194,-0.005039451390131518,-0.005151584425735014,0.0003282317349146899,0.03764228999240535,0.0003282317349146899,0.03764228999240535,0.03541254959504864,0.007159206932644092,0.03541254959504864,0.007159206932644092,-0.0028469457349649015,0.04993765000747934,-0.005778715485101976,0.022891398215216005,-0.0008115732226020224,-0.00041849271709816786,0.025064990526629836,-0.016969538660493937,-0.0009785234717591467,0.029799209010766506,-0.005334892315587082,-0.0010539796374019368,-0.00037365241414119555,0.00027089071042843925,0.016558362780164926,0.0003442362479706288,-0.012197431170894828,-0.0020703486664874413,-0.005778715485101976,0.022891398215216005,0.00456744001592296,-0.019773602517449602,0.00456744001592296,-0.019773602517449602,0.03541254959504864,0.007159206932644092
51778361,9.032371281792194e-05,-4.745016550437647e-05,-0.018227801053706152,-0.03912657299401666,0.003267608758315433,0.01855141027439218,0.0003673888010280388,0.0011635883691091184,0.0343250775430136,-0.005125557546586581,-0.027528861507782824,0.06844564818639368,-0.0026203903482223644,-0.0032828122541433725,0.05306349188835141,-0.0016264685499383915,0.005567639489738355,-0.0016264685499383915,0.037649338605210275,0.017321184195302715,0.024048028573531565,0.04996061468309068,0.0018892853355933978,-0.006497892481306309,0.02332057548101677,-0.007633845990453761,0.003267608758315433,0.01855141027439218,0.03141966930533595,-0.0033415810640105847,0.0343250775430136,-0.02048948216490968,0.004525434098032289,-0.009583626977926675,-0.009842127739150199,-0.009065126380871612,8.064907423848349e-05,-7.949652733870241e-05,0.01817659920400706,0.024263182711200617,-0.011432457411978765,-0.007809974292922826,-0.02647732784275123,-0.0033415810640105847,0.01995458612547822,-0.014806664243868308,-0.022827520785920475,-0.023057686698850402,-0.022827520785920475,-0.023057686698850402,0.0018892853355933978,-0.0012293021426151435
53490997,-0.0011854426973060119,-0.00018849547280770434,-0.01585165150773834,0.003279653559709987,0.0539481643983001,0.051442660926185574,-0.012819791649212816,-0.016803450236504678,0.008278017201692677,0.008859189648369434,-0.027975201953245626,0.03719838257763805,0.017583350823140137,0.001104802243011736,0.00017992132114289178,0.009255364366912879,0.00017992132114289178,0.00018094223446048783,-0.00800037616742131,0.01117407285954506,-0.00800037616742131,0.01117407285954506,0.01376028583215621,0.02232825498865863,0.009681965329792926,0.018249934486295347,0.04660241041201419,0.04409690693989966,0.040073646607880375,0.03756814313576585,0.0006272195492204849,0.006152666249527256,-0.004486508676186246,-0.001998203262147717,-0.00400132546838089,0.011198997647329284,-0.012509698103708519,-0.023313021144778696,0.01637783152573345,-0.0002617437508437391,0.006748039247718294,0.009236344661756823,-0.02390855896767473,0.0006340555745293942,0.031379135132287905,0.028873631660173378,-0.013045199389691097,0.012574832419586996,-0.013045199389691097,0.012574832419586996,-0.002326068438185303,0.006241900718317116
53491020,-0.029064735018771205,-0.02907425216003521,-0.0009113171473328577,-0.0003271432366992108,-0.03961997564723305,-0.07131962836403444,0.07147026921083789,0.0842516851812591,-0.025183774238549,-0.024665504490788644,0.11237926259079899,0.12073713364079494,0.030510563545119884,0.016097916614737896,-0.0008096021703818115,0.0004877531001893742,-0.0008096021703818115,0.0004877531001893742,-0.03880981982353497,-0.03184036808287885,-0.044961331673549015,-0.037991879932892894,0.00026173865988627113,0.0398063013359334,0.0016079056141469483,0.023475138353840106,-0.03961997564723305,-0.07131962836403444,-0.00937405527809268,-0.023786702208474668,-0.02836556437890534,-0.027503285561864967,-0.035353040159312246,-0.018890114959725347,-0.0014128011729581426,-0.029004824022367304,0.0002849241426923308,0.00026318925605122974,-0.0010044631580151532,0.0025935811772919183,-0.03393871626687915,-0.017475791067292253,0.024981141249291627,0.01291205734540423,-0.027246125523497727,-0.058813176318268975,-0.0008567786271931676,-0.0003136370461132025,-0.0008567786271931676,-0.0003136370461132025,-0.026746084238696722,-0.0037691525709627888
53491063,-0.00010642068582650494,-0.0003749064615455502,-0.13346177563595146,-0.14325640256925226,-0.10365774784955338,-0.1048483495142336,-0.021487128090791563,-0.03761164097068667,-0.10470478928700497,-0.10439835458008509,0.3974274596619144,-0.005065554121923922,-0.007449569324698551,-0.0021400530369689664,-0.0027896510607993406,-0.0043932017749814655,-0.0027896510607993406,-0.004367002385455133,0.08954131908415064,0.11837513717407347,-0.004872521025912319,0.11837513717407347,-0.09065759652486066,-0.018050736588589758,-0.08986732371500786,0.048026429394151665,-0.10365774784955338,-0.10438133319122879,0.01822331279911249,-0.09474000784794645,-0.0017743426441994064,-0.001410257553853369,-0.007359182434414743,0.09172719018862584,0.0022013933158311475,-0.002122812768354044,-0.00020669419725085107,-0.0003614654681887606,-0.0031817977610706263,-0.00047821979291588247,-0.0010335441841264992,0.09879404954366602,-0.0018611739332095876,-0.0029739659556780257,-0.02069011022823483,-0.13365343087529377,-0.014747332914948622,-0.014504425952950394,-0.014747332914948622,-0.014504425952950394,-0.08986732371500786,-0.018050736588589758
54474410,-0.002642399667932346,0.011206110385789477,-0.019133434260557493,-0.00651730315436835,-0.0004442692727390793,0.000617108195969216,-0.011569831273570062,-0.009336871162186108,0.0007428262327118208,0.0012322746643867678,0.008384821078473215,-0.015033954473217502,-0.0041844110313054225,-0.008148662267563594,-0.0009794491795080437,0.008209219630827096,-0.0009794491795080437,0.0005812650004129545,0.005552833854705355,-0.00643697328943766,-0.009326720400584208,-0.010561299037861904,0.009786634953759156,0.011147367966319965,-0.012264492110805925,-0.010903759098245116,-0.0012219598790992052,-2.0869288774634596e-05,-0.022993313503679627,-0.022458856960144383,-0.004283168274361631,-0.00435243119745567,0.014769491456732366,0.007894131133770941,0.0035236985816544733,0.012394565659381547,-0.005769721602108757,-0.015757372545583445,0.006125067681084206,0.016891469585514882,0.010029928763802258,0.007894131133770941,0.007644333981824548,0.020260465088013692,-0.02074995326398579,-0.008133822157796646,0.014161643364404843,0.001234572656623019,0.014161643364404843,0.001234572656623019,0.009303628902457044,0.010664361915017854
55538972,-0.0035195489877535287,-0.0012500137007462066,0.047828921722728006,0.01631918638908309,-0.004268893856794159,-0.019016963215058524,-0.0019525882081359754,-0.00026430826060149307,-0.004268893856794159,-0.01907957301960022,-0.011100160766443866,0.00636486493123372,-0.010884284255434175,-0.01880599314196393,-0.001057033987586737,0.0003033464212701775,-0.001057033987586737,0.0003033464212701775,-0.0001931698084273424,0.012809709115200216,-0.018636399266510402,-0.005633520342882843,0.007555114713032295,-0.022849089934982445,0.007555114713032295,-0.022849089934982445,-0.004268893856794159,-0.005863010885336341,-0.012174767104223775,-0.0036016295068635393,0.0266515506491699,0.0010330068615980199,-0.014237553909579839,-0.020209478851478384,0.005058400799296901,-0.008555611930349233,-0.0009622745330061661,0.009814560845244416,0.02405996413254903,0.024516755775865467,0.00886810017008894,0.009048668326920438,0.04661079221637745,0.015101056882732534,0.043383393388148714,0.011873658054503796,0.017221651450512788,0.0009064580306465712,0.017221651450512788,0.0009064580306465712,0.007555114713032295,-0.019577396479563337
55583305,-0.004080865407529578,0.021718179977544473,0.05862036845643069,0.02043982469915284,-0.004095555366381657,0.010537691070759796,0.003886207629689359,0.0019154027658464731,-0.010764021597394246,0.004724907184446356,0.008056352748221272,-0.003294422833590771,0.011615593793959673,0.023339904436899334,0.0016561393341557038,0.030177932409624648,0.0016348256345202416,-0.0005815259620823763,-0.005021489762367812,0.046404882793997224,-0.005021489762367812,0.046404882793997224,0.014918048252611364,0.0074398979263372925,-0.005079809808846203,0.0054141200402056736,0.0018433700361494003,0.01647661647329085,-0.024655733041758804,-0.030756496385697937,0.017596902296908683,-0.01748064235358461,-0.002607438144035916,0.02332948430334296,-0.009948639555184095,-0.006978063111510276,-0.006805595872790025,-0.02527044910024846,-0.03382757923321896,-0.03494307616827969,-0.00964799899367506,-0.007710175639210545,-0.0005943758909817999,0.00016172776094700025,-0.0010666686863973832,-0.030756496385697937,-0.027313197957622957,-0.003112466937661963,-0.027313197957622957,-0.003112466937661963,0.011331983032380796,-0.0014249311254048228
55590890,-0.00019550823560492364,-0.003412291401691787,-0.010920857339152004,-0.005758710377872938,-0.025405612344895957,-0.025975489768717594,-0.050912028461602796,-0.06382541824073748,-0.027458561071861527,-0.027105683374751142,0.037201104663210895,0.03550857868075179,0.012015604678062343,-0.002557414700704679,-0.02202967006257216,-0.020333187740856632,-0.0011362709574905788,0.0005515530055225752,-0.0021521410467320416,0.019540738003641735,0.0007503795512201102,0.019540738003641735,0.0017271653198436803,-0.008330695944679202,0.0006957156406029279,-0.009070024928966318,-0.014209261376237526,-0.014777580391987013,-0.028766602267840564,-0.004995794973850373,0.004368963886929746,0.01320770017983984,0.029727921645634557,0.0009240949151577233,-0.029424846757940576,-0.029161013383494853,-0.04531396521224015,-0.015926510307243527,0.041682174068700215,0.0047108605259971615,-0.004436360163639373,-0.016054560975834728,0.026919101011484,0.030984141322451187,-0.028766602267840564,-0.004995794973850373,0.04499746622746939,-0.00011284584640470222,0.04499746622746939,-0.00011284584640470222,-0.003043412778852941,0.014886937539082143
55738401,-0.001160480605097887,0.0005770687868486401,0.002593690802925732,0.024161296742653528,-0.027355194130369236,-0.03218604251452526,0.0009217172950668172,-0.002544206422273574,7.220800776259236e-05,0.012574369914288168,-0.013452688140730737,0.023607242990611767,0.018869316787461052,0.026755120463882953,-0.00802354511255426,-0.01587409903633163,-0.00802354511255426,-0.01587409903633163,-0.015781770169440275,-0.04548301473600309,-0.015781770169440275,-0.04548301473600309,-0.02433731323482619,0.0023235438103943046,-0.01914394393106972,0.0023235438103943046,-0.027355194130369236,-0.03218604251452526,0.03404963189929154,-0.005951121722791861,0.02084248766416956,0.00018742038191377815,0.005760373281745248,0.005521835679751685,0.027120307830702014,0.011818678638386822,-0.01965655079698176,-0.02234355690497429,0.00016155097283619246,0.0014443361857074458,0.0034590298616596626,0.03330222096176484,-0.021002990569838686,-0.007408192893656254,0.03404963189929154,-0.005951121722791861,0.027905060928260107,-0.022815238040426882,0.027905060928260107,-0.022815238040426882,-0.02433731323482619,0.0023235438103943046
55817097,0.002057536247097096,0.002205567773869599,-0.01931826765915387,-0.005977484316665206,0.0024514408428058824,0.018949259687072284,-0.0027454999382856664,0.0071258634654210486,0.010160033821618815,0.018096836461365468,0.01824296700035877,0.018954612040263944,-0.003746849769581846,-0.01534967805479687,0.0013947948645056316,-0.027998472834849096,-0.007055142014142573,-0.027998472834849096,0.043978621457539405,0.06479266580379768,0.04435955688194537,0.06517360122820365,-0.004161876467691974,-0.02392502654630776,-0.011337869512096317,-0.001315370845751597,-0.02441271385481276,-0.005989313016702746,0.016434706632645527,-0.001315370845751597,0.010348492369216802,0.01088510044953592,0.024139897416533412,0.0049942242503595025,-0.022509558760156777,-0.013208675857168818,0.0017525573593694457,-0.02146353375421116,-0.004161876467691974,-0.03052647756306405,0.024139897416533412,0.0049942242503595025,-0.02722733388536847,-0.005957209202262299,0.017131501496763436,-0.005977484316665206,0.02639888824130947,-0.0007280332257305339,0.02639888824130947,-0.0007280332257305339,-0.006594555514746636,-0.001315370845751597
55849103,-0.005613267471761503,0.008173151725609923,0.0004086012841534453,-0.005063334790496123,-0.023432009182684094,0.0004522295749546171,-0.04285334767500235,-0.06509768990378884,-0.02523080780619055,-0.0144652962172852,-0.004887207222874029,0.015534704998872308,-0.009059621246645964,-0.013732059903807905,0.0004299310778175197,0.030817035516409876,0.00038258580987248565,0.03076969024846484,-0.00031796984244622517,-0.01180715959031067,0.02021618135837422,0.007712708332409571,0.015560589691886352,0.012119129063062752,0.01974903672078066,0.025888589588490486,-0.02458023820863212,0.0004522295749546171,0.009873709820795155,0.004294151121327146,0.01726883662423686,0.003332337671508874,-0.002616570053541087,0.025284135086593978,0.00588827888049805,-0.0250746386228107,-0.01786509352487646,-0.021365897819518847,-0.0011111285173045554,-0.0014479879003682175,-0.007286608562951283,0.03656485656277356,0.0004086012841534453,-0.005063334790496123,0.006463614301540958,-0.005063334790496123,1.3689695732953125e-05,-0.00048557994009249634,1.3689695732953125e-05,-0.00048557994009249634,0.011614933412494281,0.02874839699115094
56916467,-0.022307812792617017,-0.0028584896988499142,0.01145632208762766,-0.007947742610886002,0.0006972882783300807,0.025182972463652878,0.00802921777801966,-0.00941100703563298,-6.452991738396813e-05,0.0257047353995494,0.003033022994003364,0.01844991788666201,0.013501162092839192,-0.0016370391700036152,0.0018195491481928605,0.024781960882746364,0.0018195491481928605,0.0013814211999288077,-0.0006928533323895987,-0.013883914871977127,-0.023648129030552374,-0.024641345469718003,0.0006459567693645613,-0.004348054278565699,-0.002817320635544053,-0.0031856124636917976,0.0007997863977303446,0.025285470583053145,0.04399218668747803,0.01864313223958946,0.0006797533274167772,0.00019314660005738675,-0.004149230814411542,-0.026387862122120815,0.007841282291713866,-0.010634003658594534,-0.006850149272601677,-0.00452234134587319,-0.020752009205765552,-0.013344761957950403,-0.01902668346996504,-0.02696423228690498,0.018974867697165942,-0.0012504064768101043,0.026177462791768608,-0.0033510728705722775,-0.03148203307407163,-0.030369395570321533,-0.03148203307407163,-0.030369395570321533,0.0006459567693645613,0.006555988673816817
57200226,-0.0032222780851554568,0.0015938556897108058,0.01034600575151453,0.01297046515419183,-0.03428761517037289,-0.03550753917580586,0.002067382370119327,0.01339834215243716,-0.03473608229948974,-0.035838544242936955,0.004752313407124896,0.018198596965964202,0.004236284106520365,-0.004714009994762413,-4.681129465418073e-06,0.01304806586263984,2.5108042146024766e-05,-0.0006406414492283598,-0.02213832669162192,-0.013231010119515208,-0.020200733681004564,-0.01882830661923648,-0.01432707685521675,-0.014508982009883833,-0.007545448281175045,-0.0012534338184088147,0.08270897768342922,0.006163148052432614,0.08270897768342922,0.006163148052432614,0.0005171213378248624,0.01812204894907572,0.002011651983826161,0.001003017947356374,-0.020682488163852646,0.0029642586849211866,0.008978650012083467,-0.012859497269387477,0.003057990067597955,0.0198654591751106,0.004103749357341095,0.010040024030055512,0.02610279221453967,0.02872725161721697,0.08270897768342922,0.006163148052432614,0.015827773626361893,0.021282147145622262,0.015827773626361893,0.021282147145622262,-0.005210096855710668,-0.01206160312148782
57216633,-0.010233509757603561,-0.014826800244704005,-0.0005034140072856684,0.04941695381237815,-0.052005415854765834,-0.05357261046121182,0.0005113697006227866,-0.01914951410674263,-0.05473358072405864,-0.05367093307683498,-0.02467054601126832,-0.05516953454930498,0.017241874992762557,0.040816913609117274,-0.05530209654883237,-0.056907459879803335,0.0028133595503023155,0.0012079962193313495,-0.0289500795430237,-0.019983282731191876,-0.04183799177226788,-0.032871194960436056,0.046985013514452556,0.004334868817742241,-0.011864335884257254,-0.03390197438426121,-0.052005415854765834,-0.05354120427849655,-0.02667350271851035,-0.005239185626144095,-0.017637765347753288,-0.014748256725447328,-0.012685425545220409,-0.01718942069672022,-0.012911573282421443,-0.012860221910455109,-0.08527455237004444,-0.08470317290402554,-0.004373398065737888,-0.00093468524646539,0.02081984494486223,-0.016981039923409977,0.0026956062502148798,0.049885360525548726,-0.05171928751404543,-0.004783801785230447,0.037021450046537834,0.0006911038908188595,0.037021450046537834,0.0006911038908188595,0.03892696424269245,-0.004094538898702679
58013278,-0.0005882891832519181,5.547758961393055e-05,0.08681645296554343,0.00031471990291328036,-0.0007813975683563628,0.0029616394514932337,0.013085496478282013,-0.03608257490111852,-0.0006288493432649279,0.00038095673208719425,0.05660152656106118,0.07761900726408004,-0.0009140364075264564,0.0018547699085657424,-0.0008688944851779415,0.0050146397943980955,-0.0008688944851779415,0.0050146397943980955,-0.061013186682453015,-0.08934710072125265,-0.061013186682453015,-0.08934710072125265,-0.0009154002823544117,0.009030950538363974,0.11496160977113644,0.013859603637901868,-0.0007813975683563628,0.0029616394514932337,-0.0031443722314710917,0.07166728381830462,-0.002844159184218339,0.005571803202282008,-0.046684163690477634,-0.04373649723085246,0.012886846499277394,0.035211623668677,-0.0005252102796805652,9.74718397757959e-05,-0.0030462040203471943,-0.0013651211263644527,-0.04719504734234133,-0.04608368408257563,-0.000874355005487263,0.0628665261754087,0.08405494969355307,0.07595371038443625,-0.0004978817315070218,0.00046373176408852617,-0.0004978817315070218,0.00046373176408852617,-0.0031443722314710917,0.019234109668923804
58995736,-0.02106497999410818,-0.02081239121456636,-0.003156672531243354,-0.013540661413029134,-0.011631956597185486,-0.011708588667458405,0.014231641699446879,0.0011198666790748352,-0.012994852267978939,-0.012821214692766944,0.10839574799913382,0.06558023934698046,-0.030894848615209965,-0.0018520774455919528,0.0008731386276251869,0.0004342091754059082,0.0008731386276251869,0.0004342091754059082,-0.02969618162869759,0.0032430655610447764,-0.02969618162869759,0.0032430655610447764,-0.04430089306268159,-0.03269588340032023,-0.03777354633746817,-0.03269588340032023,-0.011631956597185486,-0.007553354649196955,-0.030894848615209965,-0.0018520774455919528,0.005091558027077718,-0.0003766694513176287,-0.03419477036529747,-0.03147554478824711,-0.007509992848811178,0.006615103905377721,0.004463267869631381,0.002988806362397855,0.021509256593072415,-0.0010199887113504652,0.027121833795504743,0.007047778707325461,-0.010069946190177245,-0.018954973101569253,-0.006574231743992465,-0.018954973101569253,-0.0004781563731226032,0.015191187320606574,-0.0004781563731226032,0.015191187320606574,-0.04177946566198811,-0.03269588340032023
60217302,0.037091946402955746,0.0002719401794336197,0.0004436864872196279,-0.01459585748404427,-0.005138165526523911,0.0019277718820825546,-0.006487576868538571,8.661617683942274e-06,-0.005138165526523911,0.0019277718820825546,0.0172706233587688,0.015737288071584612,0.018251304724922663,-0.01390951314675828,-0.017234117090302054,-0.015913972966800388,0.0007173839932947889,0.002037528116796454,-0.01471162669874116,0.008438991161681307,0.023398950784292362,0.008438991161681307,-0.004213347747654469,-0.01762065549646709,0.01656593567034322,-0.011224025107533585,-0.005138165526523911,0.0019277718820825546,0.009700774626604632,0.0019277718820825546,0.020834192007075564,0.0034362931735709016,-0.011860088819431715,0.02104840208446311,0.026739066398452957,0.014791424635236894,0.050410489293712925,0.0003074603909045275,0.013247662205490542,0.002491299032279168,-0.011860088819431715,0.02104840208446311,0.02364072373866174,0.003528167272872954,-0.005138165526523911,0.0019277718820825546,-0.006751353875735937,-0.006771367427254569,-0.006751353875735937,-0.006771367427254569,-0.010161064334648553,-0.021704644282717935
60416566,-0.0035136345768875484,-0.0034749436045773243,0.001608181411631153,-0.018508426495025498,0.016990511391468368,-0.0016305406895519964,-0.006677167187921856,0.062443043634057664,0.01806844789003862,0.00048434251539053105,0.010822738164601782,0.01976062438043083,0.02853130841106173,0.0006043985649912195,0.01951342131396645,-0.0005295609587246915,-0.0013626679569185328,-0.0004774072262325212,-0.006760064493247633,-0.017084601448420014,-0.006760064493247633,-0.014342484250678373,0.017317807114596524,-0.005123711979027582,0.017317807114596524,0.09756766609142119,0.006430095702253273,0.0017147855928092218,0.03132518325082071,0.030367183614133444,-0.007918680186842319,0.009797479617031502,0.0033996637660580545,-0.007238170710539418,-0.022913929964550724,-0.007038458275039926,-0.020811398865849293,-0.021350891463113076,0.0544105776375244,0.06161086881887509,-0.007947436939813927,-0.016647849930448908,0.02069024431393469,-0.018992165205824446,0.001608181411631153,-0.01720561937803193,-0.0005735889867833951,0.0004354864707826966,-0.0005735889867833951,0.0004354864707826966,0.0091035268671493,0.03973647760104797
60576722,0.03532117244553561,0.0003182271854958031,-0.0062555181938843685,0.019708404252277448,0.024210150009310333,0.015264765712165989,0.0015616053153203711,0.018767467088159843,0.02523042617355706,0.02245756749059937,-0.0008647187195515056,0.03408247752942552,0.013997796856162741,-0.006640746608898091,-0.0017645112286310287,-0.0007149543125348394,-0.0007088565855267795,0.0003407003305694097,-0.06200600414523019,-0.06347457352732086,-0.06200600414523019,-0.05528828608370621,-0.042174004069732964,-0.02187754163166874,-0.018784419806540772,-0.035994224346260276,0.025588348055448146,0.016642963758303802,-0.009054224280106053,0.007992900593256573,-0.012174035913048012,-0.0019390004403764434,-0.006025600927631214,-0.031518377670831724,0.011698732676212489,-0.004761181627926155,0.013170426108217441,-0.0026435629656803555,0.0022636550348090947,0.01930204412916766,-0.011835926996183601,-0.013967716559440395,0.020281892372467178,0.043793780718106,-0.0031659419574927676,0.019708404252277448,-0.0009655487494033528,-0.0007355174713881645,-0.0009655487494033528,-0.0007355174713881645,-0.0389159307260273,-0.02187754163166874
60686882,-0.020948628067101627,-0.020711422008245675,0.004443673377683848,-0.0037767658820474954,0.0050598360058936726,-0.016587882900168494,0.010311203535293308,-0.005468578344825982,0.0050598360058936726,-0.019134205673082893,-0.004186750585302625,0.01838929027908306,-0.003734995555644393,0.006285792478981825,-0.0008059245385372655,0.0007045737714904683,-0.0007616774565081265,0.0007724390881330054,-0.002639733920952389,0.042895790909031555,-0.002639733920952389,0.042895790909031555,-0.0007549513820062349,0.013158899316129988,-0.016580024665965688,-0.005468578344825982,0.0050598360058936726,-0.006359499247887092,-0.03298847450266057,0.03863085646991919,0.00846222054497182,0.0005987426893633292,-0.008291143693919863,-0.014969850588073621,0.00033810488852509257,0.003232620057113479,0.010160839186939472,0.02067526413427939,-0.018139805672764308,0.0033504639968900164,-0.01645011228043496,-0.028263102194810198,0.004443673377683848,-0.0037767658820474954,-0.03298847450266057,0.03863085646991919,0.010469525797807074,-0.0012141614594633572,0.010469525797807074,-0.0012141614594633572,0.023464042270369363,0.027823314204323144
60797616,-0.01570392972320019,-0.01567087187533629,-0.0021867041541994148,-0.030862094630382256,-0.008898467536997367,-0.028936883645275368,-0.021993629155091426,0.0364910301683251,-0.008898467536997367,-0.033882026132700145,0.15369071139258483,0.08344526830447324,-0.014301881851434215,-0.015993529661935027,0.0033022742522325777,0.007665359142573519,0.00325857995050382,0.007621664840844761,0.0012177381893174188,0.00989907535009495,0.0009226746739039934,0.009604011834681524,-0.00189926066072286,0.0019486771345821018,-0.0010279696535795656,0.01035070678972355,-0.008898467536997367,-0.028936883645275368,0.012313705383358756,-0.009546182555595903,0.0007766141337574889,0.018159597780236236,0.023711685715267564,-0.001975503345392815,-0.016250612372765035,-0.0011246862371205313,-0.0005701565999804822,0.013235755518231218,-0.009227704075565562,0.017149420549849605,-0.005577287194411777,-0.017916240150980468,0.0035261816407510457,-0.024629648355568207,0.012313705383358756,-0.021134265224326643,0.0034562598785311364,-0.01462477378335365,-0.014579092888694384,-0.029801421134230066,0.013146322571310879,0.013103296787039979
60809640,0.00811558032135144,-0.0026857787534286344,-0.01954998249416823,-0.005650329643050012,0.010297510593815798,-0.000176672408906125,-0.00477168938249245,-0.0012596484096221612,0.008400504440729952,0.005887449432859131,0.08658410001772188,-0.009465414886032718,-0.01603957777240928,-0.011789612727005763,-0.0013701793786690813,0.010398069207616698,-0.0013701793786690813,0.010398069207616698,0.012102719626817488,0.018142470821923464,0.009000479769503088,0.015040230964609064,-0.0006561036821709186,0.004442586974163706,0.0025447197818991747,-0.001050510315992799,0.020356984868521878,0.015802454025390312,0.015014741657422438,0.012828344742404064,-0.020812636263160645,-0.015709995450944536,-0.018566239231636656,-0.011789612727005763,0.007520642547571536,0.010294965528614248,-0.01402665622962737,-0.011554265839842181,-0.011734001347638426,-0.007363327570250745,-0.00023184349040068428,0.0017208390450613852,0.030555615382561442,0.001186802652717706,-0.004611180851425388,-0.005650329643050012,0.0007686168189995589,-0.0030119810942166488,0.0007686168189995589,-0.014784692619238364,0.010142211037159284,0.009539576144878794
61229235,-0.017158774809738788,-0.038793881578676595,0.002619030428745301,-0.017959258243258194,0.0006901617432479476,0.00018914279329599899,-0.0008057246477720763,-0.012988080198217955,0.008573121693432707,0.012446940713147088,-0.0020769809044597493,0.02342756733700749,-0.0422394714087269,-0.031574726801634465,0.0009072241127073167,0.00033777473790033545,0.0009297285772084403,0.0003602792024014591,-0.0023541005180962617,-0.002540624179833851,-0.00026953463206338263,-0.002540624179833851,0.0002787622642114163,0.005693335630166635,-0.015110786750149752,0.00342412272625571,0.026299007955467055,0.013621189082193638,0.005275872732679373,0.0038152211115425883,-0.0008057246477720763,-0.03015231195540073,-0.007240621880836729,-0.011038599171946164,0.00047998373738662725,-0.0194891770698225,0.027180871128052807,0.0028594441636565337,9.544676933315806e-05,0.0036608287284372112,-0.010582111246452959,-0.005157548288898209,0.0003473578099301225,-0.017949390265122524,0.0023491100006571633,0.0006531438137964939,-0.04663004154218105,-0.03767675813147068,-0.04663004154218105,-0.03767675813147068,0.005275872732679373,-0.014974273877966064
61273778,-4.963078778220671e-05,0.0002328354160419467,0.05155696857253151,0.020064406509997756,0.00030487270379168214,0.0016699678688906982,-0.0018709086812769699,-0.020450089534183688,-0.008640053669717993,0.002235026485581687,-0.03574356018569077,0.05781820476531265,0.03703496153860795,0.0028186629565467034,-7.894955219343923e-05,0.0024616704244632553,-7.894955219343923e-05,0.0024616704244632553,-0.040175979239066094,-0.015236124880208608,-0.023089379459889665,-0.012499867076731844,0.0014496957907122255,0.0138584205182737,-0.0018709086812769699,-0.01609414131152523,0.057356203569508504,0.0013132898304647647,0.02165321659019482,0.043973203023898844,-0.003025473375641609,0.002235026485581687,0.03703496153860795,0.03539603806188189,0.0010397708851860796,-0.011313383277324882,-0.02522603117715388,-0.004419902735860199,-0.004068014284341639,-0.004870144495241737,-0.01818650523185908,0.011810696015077764,0.02037308145869295,0.02715446449756161,0.0408090643693731,0.06312905080307712,0.005321329611949265,-0.01579854531366761,0.010617115088429638,-4.89291869654303e-05,-0.0017989434232019846,-0.022895456934071287
62316382,-0.08814530018666943,-0.06870982753277749,0.011698147434228343,-0.0015010334076754964,0.0016490873795035436,-0.01171987461080761,0.0010157503325364421,0.01134519983608969,0.0016490873795035436,-0.016722253506350527,0.03281376659349845,-0.020017653751199745,0.0119098602061099,0.05936351381600831,0.0023826728134563463,-0.00799792851284065,0.00013838096988982136,0.008047705304635042,0.0013161441932363002,-0.005061679219844097,0.0013161441932363002,-0.005061679219844097,0.046490057672897406,0.01664863743416327,0.03048830353326787,0.0006468832945337351,0.0016490873795035436,-0.0036204045089839373,0.006456704385043359,0.0042731967996058155,-0.004645411533649361,0.02960388423079873,0.0030761435318503866,0.004285902546549321,0.005943112276813368,-0.004826778825694669,-0.014454047371370845,-0.00022375873813230106,-0.0023791056447580814,-0.007575681747412893,-0.003308168621871473,0.0006889389318288121,0.01391609100845831,0.009269544513065364,0.010654386153084342,-0.000666373882420225,-0.05541295850430535,-0.055399648754214194,-0.05541295850430535,-0.055399648754214194,0.03637719097353177,0.010693209289518162
62322599,-0.0002052858224034822,-0.0003272334486429558,0.022200187113274913,0.024015087859714096,0.0017154077165902784,0.01857775774284792,-0.011841193993470594,0.0011563826030915048,0.0004223637307791098,0.020909972091295796,0.004992207175053928,0.0772331158232649,-0.02410784462585961,-0.010419207626451758,0.003986019219123684,0.01752629204987991,0.003986019219123684,-0.0018358966983149812,0.04926892164863904,-0.004417233577996272,0.04926892164863904,0.003717374452502139,0.04091850277797491,-0.00112764207664559,0.02344102443865322,0.010624523107870855,0.02405953249308671,0.019333314777259917,-0.0024973499795778176,0.015257866167303125,-0.008061592410539001,-0.024916576274511538,-0.02112007026659197,-0.008546286406483063,0.02430600943052109,0.00308447679658418,-0.0004054274465141243,-0.0005029275747343706,-0.003119091804434925,-0.0007522241340061886,0.012089113343437964,0.024662897203546873,-0.02988455635047436,0.0148648384767485,0.022200187113274913,0.024015087859714096,-0.006933298275753489,-0.0071711936825132345,-0.006933298275753489,-0.0071711936825132345,0.008599598246863488,-0.004216903083918876
62626163,-0.020535826675566235,-0.017254169575623736,0.005368595786912527,0.024641081918322427,0.0017344978450560048,0.0007349704821942584,-9.504070165556461e-05,-0.0008746705409423093,-0.01318924926206279,-0.013178368025214578,0.06464531348856327,0.023852024180890753,0.009212770410876044,0.0035609874892810253,0.00038675193258500776,0.0020358567162756247,0.00038675193258500776,0.0020358567162756247,-0.006727033567397001,-0.0037690400069100467,-0.0065160646609619295,0.0013987942084464182,0.015466455330086549,-0.0012957472367994098,0.015466455330086549,0.012603273102122104,0.005794418329183027,-0.008469097245177607,0.0015747528547546165,0.006939174636357334,-0.012534735507852576,-0.0009138610715731035,-0.002275898844927472,0.029059300365733176,-0.010713644918584404,0.0003184598111893658,-0.025492787325794936,-0.007535966861600598,-0.0003419458837265615,0.01306733267624228,-0.002275898844927472,0.029059300365733176,-0.009976116982997376,0.021453160073956652,0.0015747528547546165,0.0057447395409938665,-0.003459445021793364,-0.01477136796752659,-0.003459445021793364,-0.01477136796752659,0.015466455330086549,0.006722427281825132
63046139,-0.0002732851464855886,-0.0007307998597536516,0.0010688702136201814,0.06187567512803651,-0.0002044395497103332,-0.0007683643328781788,0.03777230627888044,-0.013590750612535937,0.0010385379013927352,0.0375303351193469,-0.05458462748647538,-0.0062837403360897215,0.016478248060418484,0.013394031580256722,0.0011839560681688405,0.0004327243587660726,0.0012527458149391702,0.00048661659036270647,-0.011415107302618625,0.03357077081688309,-0.000468443966643306,0.03357077081688309,-0.0002909767599946129,-0.0008196913323374564,-0.002018580073334414,-0.0132568005612898,0.06605513255736557,-0.0007950627180850616,-0.08820094175687485,-0.06915487810586571,0.0008801726718940127,-0.0007361081864232974,-0.04195402454306058,-0.04914561134761495,-0.0005946580870241022,0.07094913601810213,-0.00028015249777118753,-0.0007745870243787785,-0.0005844853084400071,0.07720955719056521,-0.04842406468885356,-0.04904332176105417,-0.00022768047460446647,-0.0007273031742191457,-0.10401839693928583,-0.04895193488248957,0.0009197146679655241,0.0003179206647386222,0.0009197146679655241,0.0003179206647386222,0.022641982674234652,0.0002049928224128327
63095160,0.030399443998595364,-0.00017737335828514958,0.011974045500628874,0.017237543240655153,-0.0009516330600377303,0.000765086357940383,-0.01942497458153071,0.007036258981545862,-0.0005724152539606554,0.0059384035141844226,0.03267653023523307,0.0013528697973206535,0.016832028399268104,-0.004425362648865693,-0.013010555916402785,-0.009444427345086728,-0.0018311815328438865,0.0017349470384721696,-0.024295460574039144,-0.020147189156930218,-0.020855417310335085,-0.020147189156930218,-0.00919985731318811,0.024643289461248025,0.019206124357319745,0.018872231339851973,-0.0009516330600377303,0.009402060699465673,0.005059157536191173,0.0002047282030884709,-0.01942497458153071,0.007036258981545862,-0.003353164522228164,-0.011614626659410623,0.00880959557190749,-0.004616944325445904,-0.047472465060912766,-0.011695167171345736,-0.0011883125929550444,0.0007889977260246732,-0.00860496696006987,0.007434780046981622,-0.0051783575491207625,-0.012478359793258943,0.005059157536191173,0.0002047282030884709,0.03419536320043202,0.010224667412832775,0.03419536320043202,-0.00041221377886142537,-0.0016618837220730431,0.024643289461248025
63130875,-0.004019044304538077,-0.0027071340662005836,-0.0016365485723443146,0.034954292731581973,-0.014603603955181179,-0.016031651074440916,0.010864977326474672,0.004885005299356766,-0.016108158762404554,-0.016179371535933556,-0.010526820886650842,0.08446875803562923,-0.0040217886617247706,-0.0014438335865239425,0.00230765355663264,0.00014319960874248686,0.00230765355663264,0.00014319960874248686,-0.028924918415693966,-0.010853041240750136,-0.028924918415693966,-0.010853041240750136,0.039367105545177625,-0.016667620492696444,0.03212284608178051,-0.003593684908853652,-0.014603603955181179,-0.01601477455294642,0.015283212634169,0.0061103358559084706,0.0007743369356087212,-0.0003692633499148099,-0.0040217886617247706,-0.0014438335865239425,-0.0065141789879401765,0.00477055877487664,0.015813857091921332,0.011893918270099703,-0.002100673756740326,-0.001745498906352284,-0.001497502729976164,-0.009995817269827217,-0.017666141569764676,-0.010548298025627567,0.015283212634169,0.0061103358559084706,-0.012819448191693453,-0.02849985260508606,-0.028428408812785716,-0.02849985260508606,0.039367105545177625,-0.00461308779938672
63830782,0.014100610763723088,0.00010911213745716606,-0.023694960003753977,0.0001588451252207898,0.0007503041336577932,0.0011335120425178633,-0.011447034102503407,0.00032138153919698126,-0.005936427221682495,0.005525032960523646,0.05029617421659033,0.04061312452818372,-0.02053173619533264,-0.019553173677991004,-0.00013912606502448,0.00046425135095301377,-0.0001377644463513585,0.00046561296962613526,0.005081930700642855,-0.00497753413774173,-0.006391873104689898,-0.00497753413774173,-0.02736890254909184,-0.017057453684495388,-0.012128016539483016,-0.007998348568175304,0.003561297455322493,0.009105295597891187,-0.02588648252461668,-0.0048551086609541425,-0.0022754063633472228,-0.012058784569119097,-0.009039306153371628,-0.017925353094732928,-0.022452215455181307,-0.026091635789654267,-0.004357079366879606,-0.0017102609989607664,0.0022600349763108036,0.02373870323973404,-0.011133105933091511,0.00454877622414855,-0.0007543490770668196,0.027205702206809564,-0.017066681350344996,0.00396469251331754,0.0025340175274450316,-0.017704412253748136,0.0025340175274450316,-0.017704412253748136,-0.03482964478142077,-0.025808045987320304
75599070,-0.0003134013913206565,-0.00044737403554929046,-0.11559620222645801,-0.11263862627440943,-0.003549151426360103,0.0007072907729870972,-0.029047468380853418,0.007963240324256257,-0.005095915922171719,-0.002368885355721929,0.13049000969802504,0.010855132870011337,0.017781268722841814,0.11881337304033841,-0.0016329142454788634,0.0035615140427774613,-0.0016329142454788634,0.0035615140427774613,-0.0056846424475089155,0.14061732705758062,-0.0056846424475089155,0.14061732705758062,-0.05620670623771046,-0.056201263269378764,-0.04854859522042748,-0.04374591246499018,-0.001371989978888086,0.002884452220459114,0.14759361928899872,0.11347630904708361,-0.002483582238633634,0.11800839230654638,-0.00458152054024807,0.11860216619720869,-0.17059718263625617,-0.16623942089414181,-0.005539950803585704,-0.005663660877134703,0.0047746203723050265,0.01225916484330766,0.010229685661242903,-0.002879433783664977,0.11120355013242689,0.001185142443373241,0.007949759451908595,0.0055513639919616,-0.0024184241458960363,-0.00025797972547032116,-0.0024184241458960363,-0.00025797972547032116,0.09879738225040766,-0.040779171573179
8686068,0.08230686983327538,2.6946773745463448e-05,-0.09077802890409264,-0.08924960552951029,-0.07545861156596195,-0.07564268212549959,0.0006612612080100421,0.06398742676465961,-0.0761607022417508,-0.07470310422519551,0.14404100804316639,0.31447675021145166,0.13852721535375268,-0.0013329978115115696,-0.003549657125327425,-0.0034180782064914717,-0.003549657125327425,-0.003323914894172562,-0.10032330618786336,-0.06613167737697731,-0.10032330618786336,-0.10018550228459429,0.1415605459144408,0.02691989984752309,-0.01761193932416944,-0.03851861606759177,-0.07545861156596195,-0.07564268212549959,-0.011268487530794083,-0.07331255039016868,-0.0026106332487215145,-0.0008254209850483626,0.007579854603007287,-0.0324909987087383,-0.038440889495896594,-0.03918834959961201,8.065236864736075e-06,0.0001464752089108054,0.13859879704430922,0.010454078575232931,-0.00023636682551692685,0.0010433008511031938,-0.09030449878465208,-0.09011024042512858,-0.025923998622771366,-0.08796806148214596,-0.03421421351750089,-0.033026727582073846,-0.03421421351750089,-0.033026727582073846,0.07612202999932595,-0.03851861606759177
