book_id,A1_commitment_vows__end_minus_begin,A1_commitment_vows__middle_minus_begin,A2_emotional_safety__end_minus_begin,A2_emotional_safety__middle_minus_begin,A3_everyday_tenderness__end_minus_begin,A3_everyday_tenderness__middle_minus_begin,B1_attraction_chemistry__end_minus_begin,B1_attraction_chemistry__middle_minus_begin,B2_emotional_intimacy__end_minus_begin,B2_emotional_intimacy__middle_minus_begin,C_explicit_eroticism__end_minus_begin,C_explicit_eroticism__middle_minus_begin,D_power_wealth_luxury__end_minus_begin,D_power_wealth_luxury__middle_minus_begin,E_coercion_brutality_danger__end_minus_begin,E_coercion_brutality_danger__middle_minus_begin,F1_sadness_grief__end_minus_begin,F1_sadness_grief__middle_minus_begin,F2_anger_frustration__end_minus_begin,F2_anger_frustration__middle_minus_begin,F3_anxiety_worry__end_minus_begin,F3_anxiety_worry__middle_minus_begin,G_courtship_rituals_gifts__end_minus_begin,G_courtship_rituals_gifts__middle_minus_begin,L_vices_addictions__end_minus_begin,L_vices_addictions__middle_minus_begin,M_health_recovery_growth__end_minus_begin,M_health_recovery_growth__middle_minus_begin,H_domestic_nesting__end_minus_begin,H_domestic_nesting__middle_minus_begin,I_humor_lightness__end_minus_begin,I_humor_lightness__middle_minus_begin,J_social_support_kin__end_minus_begin,J_social_support_kin__middle_minus_begin,K_professional_intrusion__end_minus_begin,K_professional_intrusion__middle_minus_begin,N_separation_reunion__end_minus_begin,N_separation_reunion__middle_minus_begin,O_aesthetics_appearance__end_minus_begin,O_aesthetics_appearance__middle_minus_begin,Q_miscommunication__end_minus_begin,Q_miscommunication__middle_minus_begin,Q_repair__end_minus_begin,Q_repair__middle_minus_begin,R1_protective_caretaking__end_minus_begin,R1_protective_caretaking__middle_minus_begin,R2_alpha_guarding__end_minus_begin,R2_alpha_guarding__middle_minus_begin,R_jealousy_possessiveness__end_minus_begin,R_jealousy_possessiveness__middle_minus_begin,S_scene_anchors__end_minus_begin,S_scene_anchors__middle_minus_begin
104659050,0.0007853388178060547,0.0034103910904288016,-0.03024705701255212,-0.008940635175073763,-0.0013671630067295538,-0.004357171775559457,-0.02007774243580375,-0.02132701339542427,-0.0005404916203367478,-0.0007671568081363057,0.004246205280990345,0.03597411722211516,0.013494472021693037,0.0008646107050488336,0.030089743501712306,-0.006945989363806029,-0.006912918657219782,-0.006903015181602624,-0.01140033143837596,0.0010879638685021703,-0.01359316212984242,-0.03124427198862713,-0.0046575019195885005,-0.014884510634309529,0.04745795331500979,-0.007360580182986701,-0.00011172945679739296,0.02075434492328727,0.006989168297725584,0.014885667203956454,-0.005241391512859551,-0.0016509909432002486,0.04718303836026481,0.015511673666578449,0.011110976112244708,0.07449400654085854,0.0033066714334030233,-0.0009336798395286848,0.0011883998548673615,0.0467503503498856,0.011966060807324697,-0.011731408135329947,0.03320976096857781,0.03851752946123652,-0.013349956204130792,0.035003790080840924,-0.0007721783721448537,0.03419301989791183,-0.0004018507299604916,0.034744430458161245,-0.009330912427045271,-0.027453731882305474
11266880,0.0014846406530708777,0.0005695190212058226,-0.0019593242158378044,-0.0017820810487738925,0.017559966382162916,0.015471943127704542,0.026763131962706493,-0.009595496309612372,0.006845471656328626,-0.00648480663548906,-0.03941099444164847,-0.015216850382465064,0.02620245923763692,-0.03050875957382427,-0.015051243106403843,-0.016095874081326705,0.0021452467838286,0.0014669955426064455,-0.025049732593445576,-0.03971643456027012,-0.0125555592209258,0.027656748739434245,-0.01042149122702103,-0.00237015596856331,-0.015296320752007167,-0.027882280478230693,0.0361788383257648,0.01415542391324075,-0.01834965083734169,-0.04264788192929456,0.004677548560760646,0.0027726556478881517,0.005361266382716393,-0.01531940285200167,0.004356242899904446,0.022621262419346845,-0.00943237134616408,0.027251117095903284,-0.023587076959403156,-0.02497049012589865,-0.0002689732480033319,-0.009146079877858725,-0.014166457266584893,0.007741955241374665,0.01929245339093502,0.005508458005195754,-0.016720996034462712,-0.016267161305786617,-0.016795222848706028,-0.016596426477317534,-0.029541516073819024,-0.02918665165917267
123257687,0.0033116718054877004,-8.171525847740268e-05,0.00664225494425881,0.038741246628798624,-0.028271493621510314,-0.02937085008222072,-0.04336385105169302,0.036033955349099686,-0.02844094372990262,-0.0357881233466917,0.033221092244480645,0.0645397835426448,0.09349003591287793,0.006077389964718363,-0.013552303374315367,-0.015161693696333502,0.0017628298635533105,0.00016366920599411713,-0.06115108371232064,-0.00023261034212201936,-0.09959373004334128,-0.08286008801438294,-0.019321678677100187,-0.02273712725871528,-0.08399780760288389,-0.06286644799901844,-0.03660087889156288,-0.011247636947305652,0.03559190630150752,-0.002237945734981761,0.01699089145340923,-0.004905375144472112,0.1560574376534186,0.03639227953611268,-0.06670408572055132,-0.043840878082645654,-0.05656352199741941,0.0031912614725611854,0.014125318235318901,-0.013084318346270794,0.045898969987568095,-0.019665208994043892,-0.010575134049401136,-0.012006470577380385,0.01063033829127763,0.037842825465538826,-0.005578863554863332,0.019446910446900223,0.0005816809076514154,0.026087528170708838,-0.010801719556033998,-0.035463719110146244
123446478,0.000852395581097686,0.00017244093178570247,-0.055482762434979696,0.0010994508891689347,0.04024612341115405,-0.021482590676369675,-0.04708409913656282,-0.08454680836973731,0.03270959399311131,-0.019872801773163203,0.056137318121859583,0.06700565025380065,-0.03133697840417465,0.0019019425280618757,-0.004712884728660745,0.015219054675663181,-0.005064233058376505,-0.00494220080201721,0.02443724086650248,0.018652992901591503,0.03335114398731427,0.03399326789449075,0.017833676145817615,-0.0002493324353396453,-0.01739763708787366,-0.01904011222924489,0.04886831381072936,-0.013313085196356845,-0.001685993240318956,-0.07118825778204416,0.0006345228214190229,-3.049605744565812e-06,-0.012177648369009017,-0.002765764364181064,0.005397392089654243,0.015865027551506046,-0.005077436942483356,-0.03404545641793718,-0.002624077089345789,0.024535959245774615,-0.02492564404708342,-0.02001705567542022,-0.08236219239141358,-0.1001704789073134,-0.056790920646538234,-0.06486947279976768,0.021757366110629946,0.02568074387109329,0.009399601371412745,0.02640895093630988,0.036661411442481126,0.025647217324392332
127305713,-0.005345425500382507,-0.0021952528875717565,-0.012544222699590758,0.0009685524866935372,-0.0007242851732864803,0.02149949923830593,0.03517772302896753,0.04025106266346622,-0.027459817190275564,-0.007001879665981339,-0.021654033883529374,0.037837770472330855,-0.012695717964155251,-0.013430669479221898,-0.001804323869796173,0.0004899270786809795,-0.001838640702822502,0.0003681378134782493,0.0327899099774982,-0.051389912846119976,0.05604124037256214,-0.049255253645736186,0.015749259165281145,0.0015349006484316717,0.04348312226824179,-0.011921973308645521,0.009537323475549829,-0.0058458975497964055,-0.02623381075411657,0.014688345696168503,0.0005966577703208006,-0.0021121528885815304,-0.005470471017714196,-0.019470770143474564,-0.0633540390323474,0.001319543476987095,0.012179408170749199,-0.005801736631627388,0.0003940753618451578,0.002483132083476826,0.0010984686152476705,0.0005948369443930235,0.0009088032445683653,0.02822625925890354,-0.07004358769261704,0.0035895440507738297,0.03552383527788482,0.03362705220868999,0.00598949267713449,0.032953595752572486,0.03933868075654943,0.022856759982610962
149105520,-0.0036479752628668753,-0.0034200100059407186,0.0012718345452467396,0.017383310669516927,0.0075269752575398904,-0.00034563383148405145,-0.018171512135167683,0.032160940728806126,-0.013154697728650336,-0.012142786415825321,0.05206940460230418,0.04289966399396525,-0.04528826017518522,-0.08221548042809078,0.00819536283090464,0.0021749537565941253,0.007986112813251983,0.0021685882778618056,-0.10436586241072615,-0.15625057809504914,-0.11117452083334349,-0.15626697223100197,0.0002460025926100625,0.015356929528915148,-0.08801563142728847,0.018546569549934583,-0.013933392760295295,0.012797442317761337,-0.08671181991636823,0.04299532636033071,-0.010471528483357882,0.012334405927919387,-0.016870109243737517,0.054172841434353886,-0.011771882138943215,-0.025184460449105342,0.05464202200012446,-0.06037781689243132,0.011780950085291904,-0.031163559176645168,-0.007853360859599388,0.031187051339752636,-0.02437269201152052,-0.023194408080809435,-0.07114308271226319,0.027427582478093654,-0.019790009054737153,-0.019191196873008125,-0.02043081764161319,-0.020156874067260414,0.07036138823327936,0.12364106080843032
15197,-0.003064184824204041,0.001284601120176125,-0.003109340412091639,0.0805850182461199,0.02830909318518626,-0.0011644135185645676,-0.05150563345767051,-0.03827186190752016,0.028289125270768684,-0.0026667216460148904,-0.10219793725059206,-0.037414136462449246,-0.06199246662263259,-0.040010384122388984,-0.0027678661742092164,0.0018836023015950968,-0.0025983660421932935,0.0021972802988365564,-0.03637866450321996,-0.018745518393226107,0.014808773466395253,-0.00015434467073766056,-0.0023986584129226333,0.09004125703847571,-0.06828766276992841,0.016583819817960546,0.026701705121395587,0.0002997847851309741,-0.015283369631829996,-0.02673073060518355,-0.004343858808224883,0.0035840598544867788,0.014457351003045578,0.004947053898991589,-0.013403956869484972,-0.05249025307756573,0.017098399310297746,0.014647917508257051,0.030577231809884545,-0.0073328000962432265,0.019260783756813463,0.011847007083245473,0.006415096936384022,0.027624024180914076,0.01984966988744101,0.06842892726090176,-0.0019731623847459336,-0.0031432391059000413,-0.0011399264661116747,-0.0018449878069094856,0.006943782373721806,0.12290333257801007
161913,0.00023315884109709434,0.0004956555288710448,0.01860323183239187,-0.008619134851166164,0.030695906378882924,0.0048660677063655875,-0.09506268279053862,-0.09530018601003158,-0.022088613670966796,-0.009200461896423845,-0.08572108474443925,-0.09071522361259121,0.03547361410312677,-0.060733914497088815,0.03592059990407505,0.0028076047989287582,-0.0003319232057898639,0.0025497612098900673,-0.03912254487072617,0.0377421280579132,-0.03586377283622759,0.04078605808861124,0.020595810797752846,0.005807961946606658,0.07199525775525775,0.008338269007588932,0.02194812071839299,-0.004706428212799867,0.06983421892721464,0.0010420453209747937,-0.009547004115069493,0.0037224504953202106,-0.0167031626409386,0.03819082185065648,0.077685844907519,0.02069927663863641,0.0005143894720623164,0.0009011234438534178,-0.00023233737867407386,0.0033147747332148434,-0.012502305150660548,0.01176881645652745,0.02764473509904765,0.056290539923950646,0.03670876630579055,0.022660811516648657,-0.000247737495158655,0.012358768630379883,-8.178818447552292e-05,-0.0003675247222228162,0.05292302935862918,0.009937487294397085
17561022,7.20256852635656e-05,0.016079413912772463,-0.016485235306910522,-0.015855689068641182,-0.016085031870316378,-0.03863192028804474,-0.04809457848840349,-0.05796431769703246,0.003447603603737269,-0.015586599913359412,0.01165149193294826,-0.05137744914292902,0.011710731462340078,0.07820783243662,0.0008174458251066202,-0.0020786725496900575,0.0007612805411629873,-0.0022747197091570505,-0.02200960669875826,-0.03268832192171052,-0.0016875800762836263,0.052839579140335366,-0.00805390111010374,-0.02259664807167591,-0.01001453211539842,-0.023482768844982165,-0.0025078411684503824,-0.038240954653263694,-0.06796004682367279,-0.08037997290054351,-0.030038068251911073,-0.030941790709415773,0.04802555717283265,0.1657098795459433,-0.02771313096492318,-0.05047231868172731,0.021414401677563345,0.00040392023408659765,-0.0006373835544869911,0.003051733581163978,0.043558211597627454,0.049946796363031974,0.007715274636531698,0.01423600045519356,-0.020230069754554214,-0.04369145619183307,-0.024621604251359286,-0.014487454811559913,-0.024251595913952987,-0.014367499561144312,-0.04370727724996598,-0.03701091107787154
1756703,-0.018860821884633252,-0.01701937092526757,-0.024242618610020625,-0.024726853477795296,0.009328532338545727,-0.0008715073285040893,-0.005810548176176537,0.013817353548202009,0.006844149000788148,0.006344883452552333,-0.026433078153300878,-0.015633304939931668,-0.07377930494963893,0.040316739993653816,-0.0019184556095568454,-0.0034232628281161094,-0.0018912596665951733,-0.003457690483174572,0.027804169216255045,-0.040240923398081094,-0.053024933697239054,-0.07081686796537776,-0.008890569548446558,-0.009358573412930692,-0.011938217985072823,-0.004670156713005302,0.014825781560819538,-0.0055948786777950035,-0.005386631497860228,-0.08393621175328604,0.006576829915641704,-0.00017781535285327048,-0.02945752391424429,0.07812704364823816,0.02206732148297441,-0.028198728934341007,0.0028833171677056617,-0.010707101883408556,-0.0007500228220031682,0.0022298838043021477,-0.0007113554097147408,0.01689681607045861,-0.03356731916194252,-0.033612313988017624,-0.01046947502992955,-0.05928338744070714,-0.0011349684227959884,-0.0016994748545755374,-0.0006074057439777846,-0.0009436687644441724,-0.014581996104659503,-0.08006115613755493
18692741,-0.013762458438806479,-0.02141470995928505,-0.04757847094194983,0.02364911099340171,0.03778538937972026,0.01816239858929485,0.004107199366902944,-0.004344850300576852,0.019864236142993177,-0.0009427119924271432,0.09245964601131756,0.16044132860564606,-0.015970225727828427,-0.028979912842500358,-0.020632550890422385,-0.020803058438061933,-0.020553781951449107,-0.020732049454760995,0.06127770461546593,-0.0280802599012282,0.052332524300635105,-0.019102613147521645,0.006409239303289058,0.016273116866483348,-0.016403829844513163,-0.03439245415658419,0.04867118012827441,0.017285365632753485,0.0531074142785547,-0.09518781436116158,-0.022411810477060583,-0.022876108192190305,-0.04837152594912114,-0.02890917533016324,0.006320459290084696,0.018617758561665986,-0.04887911083163009,-0.04873979436049439,-0.001392808589893769,-0.001343638012877616,-0.001951540131285144,-0.00399962647745244,-0.016355572228553522,0.016486837957186907,-0.033220618693107495,-0.039591734092205344,-0.0013033803036704866,0.03676239978006062,-0.0006830061544765139,0.037350928728687734,0.001126153787114531,-0.01345988219691105
201413413,0.000662216029374825,0.0008459682000862853,0.0020015488139450968,0.027492201637220607,0.02797326039904721,0.004974280680683168,0.019901748426827865,0.029523095175069635,0.0008076496709553058,0.014685125300307945,-0.017991341944396277,-0.07544850039467993,0.03671166555071952,0.00028796085576795333,-0.023452059644915486,-0.02056292577813476,-0.0237037747965107,-0.020762399325623012,-0.05408453439868249,-0.12500945059719443,-0.02800409358899808,-0.13578258722739153,-0.0005872746384788172,0.014134938804350277,0.020388139421241243,0.036527227227011246,0.043124698678322845,0.003212482581205829,0.08856507608568372,0.069970149250891,0.0010234194908791752,0.0008901153882577796,-0.0015416380446159894,0.0024778293193469664,-0.05016953666762245,0.07421022686672857,-0.012448975536599936,-0.012247839904063466,0.0009991966628266368,0.0013441217162531555,0.0019898618450053347,0.002375039600088549,0.02103269790609133,0.04179818637369452,0.06393712277698088,0.08133973581700107,0.0008620405273575089,0.0010900109461239945,0.000536064332126935,0.0006017221134522123,0.018161738883263508,0.0661095950622674
20346544,-0.0006107061530328632,-0.0013137382280262004,-0.0030922025974503865,-0.005334931173091667,-0.00024783418669765533,0.037255143720976616,-0.011714259381953501,-0.00041215020393848417,-0.0014278413013646307,0.01512878414872069,0.0970877676839558,0.29867945896821185,-0.028036794252670513,-0.06912569888980563,-0.0013969247565304614,0.0011111235925873701,-0.001255498264976681,0.0014638952636432442,0.03642543121671102,-0.011496011680239657,0.04506605013052714,0.0034947437470579518,-0.01303384583267129,-0.001369432097311548,0.008726802296149375,-0.007524189771593734,-0.0016433312098033757,0.03480024028081179,0.0812288340746804,0.006256340730301957,-0.002803903742281605,-0.0035917574144023095,-0.046897579281324916,-0.08955191354464201,0.002131032648869425,-0.008862499802024465,-0.021059840038199325,-0.004430636802302986,-0.0020642412804972995,-0.003220545367801568,-0.018111398224141838,-0.0012597657109455485,0.027313914324356838,0.013010735654187092,0.02179413159667154,0.005239810693792923,0.015470097366673367,-0.0028130111587358654,0.016241365542231982,-0.00166624962305797,0.043453724950400875,0.0007616511427635322
208153130,-0.0014704426716812598,0.001882041941802012,-0.017333811367117154,-0.011824987788562356,-0.0034785427199555165,-0.0031786894182264467,-0.0029866470469402523,0.00041067072907390034,-0.0013368005726289902,0.0033673814101987908,-0.011957665065556719,0.05197558576582001,0.012557020598535848,-0.025780968402441685,-0.007525219089953013,-0.0014997599689732643,0.0016388267983483426,-0.0018046750937269537,0.0006131799052096348,-0.035750967913695836,-0.01833903793302334,-0.010167471791536598,-0.013250831552136723,-0.03463046679949966,-0.0026055355528240287,-0.015209014508219904,0.008288796635695251,0.0035550113451689493,0.008354425945325206,0.015234008159818707,-0.0018021901194008325,0.006851094914056045,0.010611147626484123,-0.007938073109979583,-0.017827953695105946,-0.022242899029262894,0.00011375395165488453,-0.020025044461959452,0.007226753806283027,0.01534690454433259,0.012320350415308122,-0.012481621301119773,0.012157448947461562,-0.0060538705995386854,-0.005800684042139459,0.0256582684995732,0.0071155888920756225,0.0036564244976705924,-0.00013468602583079645,0.010139479818212758,-0.03746316117694534,-0.06689397337215341
21787,-8.699059126657152e-05,-2.8205602813464515e-05,-0.03226091093290507,0.15014574360412955,-0.06258660780584947,-0.048988973332490526,-0.013393657549614094,-0.07637014410918555,-0.02793203990548484,-0.028623908481952877,0.03233007457097786,0.07259875445044203,-0.00097448402584073,0.015868501084195706,0.0008597882091585006,0.0073620970059008585,0.000889147149771089,0.007442577060333472,0.08337975214700821,0.049676121016370256,0.057217557394691816,0.024641188960235726,-0.025688731576749203,-0.025614221338186728,-0.02868817188503564,-0.0955024165251056,-0.062360320547128395,-0.016428616353659296,-0.02328568482612653,-0.08090672924243081,-7.178441050272044e-05,0.0017719443904379779,-0.06360329117131718,-0.05572226706483282,-0.04029895874019318,-0.012605859659940967,0.011643292822599193,-0.025944414051954138,0.005309827097422529,-0.0007350814007520472,-0.03669767549393479,-0.03736706266720892,0.011104780619060162,0.06944481689962313,-0.1599518776764603,0.03811168097262832,0.0006833240075200088,-0.0005513605968377725,0.00034938902556154124,-0.0003530929555650836,0.06796153641188457,-0.0017951039153645057
22609391,-0.0027800543528338846,0.00014860243135276369,0.027651117838382897,0.014120104966645338,0.018370493839479318,0.01857331155646991,-4.034085803072962e-05,-0.0024118713216609022,0.0020403851891147456,0.03389971702668874,-0.017909436499894966,-0.01983368884425736,0.047082454175069684,0.06575515326934853,-0.01657576642215059,-0.01931077002555505,0.0018392478219310792,-0.0018988490788370686,-0.04279260754323666,-0.0331244393182169,-0.05528786228983021,-0.07798933793055313,0.007402370773860474,-0.023462713996786587,-0.0006897845419108622,0.00555545146965454,0.019186993253254656,0.025164392601419578,0.11904680218081212,0.08007250964624454,0.06263514645726666,0.02182607761675809,-0.02646055939108156,0.021195857445126406,-0.007240273176817781,0.046651697077395235,-0.04234748639963891,-0.04266754531356754,0.023432211810305272,-0.0018682728109377144,0.020134633189972013,0.022282421674007076,0.01881624377710004,-0.0018791820243384476,0.09063974198464514,0.0063787282998541694,-0.021740740761253555,-0.0036389812115256055,-0.022036887226490432,-0.003373687823030852,0.020604245066244337,-0.012289712877343269
22707536,4.640077949809914e-05,0.003670814175127841,-0.04061334680671539,-0.041233612592016834,-0.0035588200381245776,-0.003256475084658492,0.044925762120983405,0.11924124088606874,-0.0143441250566496,-0.0145899197880745,0.22773659789217135,0.16629629167146534,-0.042187269506417144,0.09857466514887803,3.6697771861186976e-05,0.0005395621147765792,-3.05515277625101e-05,0.0005358720526807727,-0.06803405679101238,-0.06019780558291764,-0.10776669449491878,-0.14361759263009544,-0.02065606827526696,-0.001751806553017956,-0.07719467623135243,0.1162009219149643,-0.002061862495968552,-0.0018742797550563121,-0.16519287334116434,-0.05006417144183775,-0.019411986629928955,-0.019247571817349592,-0.08517358273585253,-0.08611672583218384,0.003424605345673841,-0.04239059901569782,0.03190252037376419,-0.016512528653691076,-0.019967292846205298,-0.0035641353135823645,-0.08903912248199551,-0.13803424080048216,-0.038210591248640124,-0.04983062617458112,-0.25355977670316926,-0.26315201954927064,0.0002055887902543904,2.80417380863901e-05,8.190200982196303e-05,-3.359104389007758e-05,0.009459242910138874,0.04727437628008075
23518136,-0.025018005349687598,-0.024827563075464812,0.0308967752857599,0.020372684852798546,-0.07223841089409953,-0.055085239949663,0.020664902570745332,0.05777635294257628,-0.05251639299866319,-0.05492808463774132,-0.10042192717047677,0.029457285016854184,0.0010656411497795282,-0.033994890869237335,0.0016293087144880541,0.0014765085719752966,0.0017299951326409466,0.0014767626413807102,0.009427703003457022,-0.018027000892614317,-0.01178973520706919,-0.021146164511811907,0.009153898211497176,0.0063207310116737605,0.044731924464392434,0.028872694996338148,-0.0589639718777945,-0.018307649739135803,0.026717926090078448,-0.01638418863374344,-0.010724181779009506,-0.012474081419552835,0.04286274174179145,0.06513668770163966,-0.023597203254187585,0.004755960546155791,-0.03294181872821161,-0.0325385091725403,0.007053774673852738,0.0004961478538742002,0.04158134611909569,0.05123655322520363,0.03220377134864532,-0.0023269560725855416,0.05733619801004308,-0.0482698942546132,0.039836948841765314,0.0006185688958235858,0.04005814545480001,0.0004049578258822715,0.04288357540349083,0.06480410426010876
27394781,0.008898806790739906,0.00684432605453927,-0.06295377651996312,-0.012100667533644964,0.0022295131010263993,7.54644181283912e-06,-0.018732915072014522,-0.053232207855276874,0.0003595118472538143,-0.00039890547383121446,0.11806983169138581,-0.0210607086897196,-0.02018141904626279,-0.044370501250609186,0.0036877416608171614,0.08998207206883264,0.0037266275552991323,-0.0005505775301898144,-0.058052081300413366,-0.0887009776901551,-0.010410560821491527,-0.061795695865517475,-0.058584379543208824,-0.012090979240317372,0.060746037856907006,0.08776562248684268,0.0026584136360564975,-0.0003972350431194114,-0.08178177255283342,-0.005775698756129266,0.003050562246727252,-0.00043731400669640803,0.11546250951384576,-0.00801866777301944,0.0812549519963591,0.011896964440995557,-0.00013965014717547998,0.07366779110159595,-0.007616902443390362,-0.008807795735420221,0.07013826833359255,-0.04541705959544527,0.0014497722301274759,0.0005429911274061651,-0.1520414869618147,-0.048491165600582364,0.000824405153879145,0.0454624747212549,0.0004279609485477137,0.04555762129212389,-0.0577849242756549,0.009214850154809315
28675670,0.029454254986144596,-0.011216884447909858,0.00903791866162397,-0.05640841300714479,0.003587716315567791,0.0002703935636783595,-0.0045035357486865185,0.04878939044159698,-0.008910992791737751,-0.0015549032762432486,0.004417187829043642,0.020097414627582154,0.019181564230527512,-0.034803302530309714,-0.014964562307965742,-0.014665749313605293,0.002522864844676404,0.0029530667932678913,-0.003360285906760546,0.0656046945995776,0.017779624187812204,0.055918924844318305,0.0024506473740690364,-0.00873003152009163,-0.020950223601027884,0.01672349329228899,0.011612981208485189,-0.012755367940013147,-0.1343029906898459,-0.10066107540305444,0.00434547643313855,0.010918660197975133,0.03907654132953409,0.031124853529994903,0.05048329420976681,0.05976431891180092,-0.04044579765057864,-0.044260644245526545,-0.031152686776120268,-0.022415397029969628,0.03452615803138097,0.0057245857111052866,-0.013670653068139388,-0.04827184728649185,-0.09316415265691252,-0.13843447797604408,0.0005030115387719826,0.016780226747448612,0.00012194100814528846,0.016016733443853737,-0.006211674789025769,-0.01355467631068201
28869598,-0.0004026619497276066,0.001502057963882324,-0.0026010273547667218,0.04254102127490921,-0.0024365327159891043,0.01736716250634052,-0.03502478307380384,-0.04577537686118886,0.0020836043003220808,0.019273155083436484,-0.06622736242127426,-0.014646174508804538,0.05707747956674737,0.0024093931779575473,-0.0037695151458630124,-0.0020498279494856574,-0.00368400694757273,-0.001934475364119562,0.023672266483518084,-0.017261542978440986,0.008961442300194508,0.04727118486614089,-0.03642464189291643,-0.01393697852399857,-0.057254287475448605,-0.04097881702396374,0.013517722612265495,0.015218073120492535,0.07195049799588013,-0.08695592839205996,-0.011103089568183273,-0.010403661754863933,-0.05510325474367867,-0.0189645112924273,0.0917999485665955,-0.04030145898708412,-0.004831344777486561,0.017898284502546862,0.00416534029583317,0.0007111187023112449,-0.02744198667643674,-0.034709417142005566,0.03890856611850195,0.04854418573725506,0.06568302549575777,0.03555467645843932,-0.0013014643809767662,-0.0012524146969560292,-0.0007601039640610418,-0.0007445961504210487,-0.053707782290757095,-0.012096361754645929
28963772,0.004550984615595079,-0.0006687278255934081,0.03697310085197484,-0.024301357461260192,-0.0008654045406985378,-0.001593141672931107,-0.0852153262796164,-0.06436792635089747,-0.018514073049894574,-0.017923801910077076,0.04070216312788068,0.05466937141633971,0.01848552736604661,0.049297399389793425,-0.0017362014689276,-0.0012583004242663247,-0.0015834820423302354,-0.0009884681346129113,0.10215081430070516,-0.05616929811419712,0.09222681542987761,-0.07289220908730235,-0.002633269256521537,0.014035048372117574,-0.007008678309580956,0.08372570641141268,0.010658205037595805,-0.002024537500856251,0.015626507615390667,0.031974307034239036,-0.0011201290461515475,-0.0014285320616291715,0.04600102098301348,0.09191531233509194,-0.06745862076316808,0.013135755011771263,-0.0013884997536730804,-0.0009477111087504439,0.01378673222130082,-0.003521074703248697,0.011209772387881907,0.10694905073187885,0.06967463191213145,0.022051206256505237,0.028754624235625872,-0.005265841961944129,-0.02202035725007419,-0.036104685752705507,-0.02145126735740012,-0.036205111987305305,0.030930612169127236,0.006390516662112503
29424551,0.010514307687292754,-0.00047561078187233945,0.011440033980239434,0.026446803373200774,-0.01303634569969496,-0.015594818260085425,0.0060486765007559395,0.02585707703780933,0.004959207284606953,0.009491338916835835,-0.03890514112213453,-0.005490029957632356,0.007013778580179729,-0.0023865881185994725,0.001304920225132046,-0.0012552974342226646,0.0012404970493768907,-0.0012441100749351498,0.07548118411107096,-0.051587446447410576,0.07330287292894266,-0.03638164193344322,0.00999054588397502,0.005138821770620487,-0.006188093131898276,-0.017965768879956122,-0.018612426721417413,-0.016240209104504216,-0.09180996431026694,-0.07375360814873344,-0.0049188331056285745,-0.008247081400534121,-0.004304692349326546,-0.000832605539473931,-0.02432563664148936,-0.04155111642417155,-0.02043155487692324,-0.040911486878836174,-0.023437548460760637,-0.02179346765670412,-0.01715526219858711,0.06798748813122343,-0.030842427774479916,-0.014773492964732245,-0.07679683915356555,-0.039151792828922866,0.0025044748006163194,0.020562350897948244,0.0031131781092815537,0.020505811209204566,-0.020043770926874316,-0.045581465757820544
29939161,0.025144663752683927,0.021596688810899076,0.12605416161140226,0.09602748416942139,0.0003558016392667141,-0.0002593331030843649,0.08757602724429078,0.18523889958269366,0.013617207480516737,0.0007574790569861394,-0.020891896964863495,0.06696408636661527,-0.10220499876702986,-0.16259430184880336,0.002889928423713001,0.0017959651633400117,0.0028689609535460115,0.001873342841879958,0.018225381254922367,0.03668617452908381,0.010215369805209054,0.023216671346361503,0.0006246274210049067,0.0002456495029846259,-0.11099581424781527,-0.038980301312561985,0.010882347022697242,0.0003314691631134,-0.1395305478267549,-0.18684690144854932,0.013857440457754664,0.031539922694073554,-0.05818598129888739,-0.027857630549710147,0.014332099579257254,-0.041519849407595955,-0.002832975690032314,0.030094140806705617,0.00979362212692627,-0.0029463372826578,-0.07361708553884064,-0.030350546771811954,0.15255297468471335,0.07209898212615855,0.13830299697771845,0.037469317072009095,-0.07551754352655075,-0.07623492244319688,-0.07647072946351098,-0.07681449112967162,-0.04017920198829169,-0.009398490814394998
30291077,0.006908033556863039,0.002745212388205037,-0.03829480370187387,-0.03945136986933086,-0.00278745947944891,-0.005540523408878444,-0.04133398370086991,-0.01864723506691509,-0.01691825998133456,-0.017126640334552874,0.01864665454729922,0.10816803067787173,0.027175164756096673,0.0702111307068633,-0.04560828916490376,-0.023486067918045667,-0.02732678750975419,-0.022656322354181878,-0.08252620504734659,-0.025164269759035546,-0.054906728720160794,-0.02336732957450205,-0.012924330529437006,-0.021164300612405536,-0.04147754094793295,-0.01821664971338044,-0.03643278944334079,-0.03911993425345598,0.02314239956808295,-0.060642157712106765,-0.017687917473681074,-0.0013740475198539548,0.039505358635385276,-0.012418050372735932,0.07133917925870165,0.005928983807482333,0.019750839128215035,0.015572355749025737,-0.001339988541947835,-0.0005736742013939798,-0.027045625086375744,-0.007842931140061252,-0.02355110456262857,-0.01759696174629452,0.029261697382258034,-0.11108170458772569,0.018145443548222284,-0.000567450820274529,-0.000582719357080455,-0.00035071709465643976,-0.06665172242846605,-0.04268800075441519
30618705,0.000746275723456191,0.025094322537416176,-0.0030077642421231024,-0.026061424472690886,-0.04118687708201478,-0.06537368583854614,0.09543824369577025,-0.0126945484041954,0.0018551609326509031,0.0013200105331565147,-0.09915175564406775,-0.14076159135409178,-0.02954060747965722,-0.026949185978682143,0.003291345873146459,-0.0017643271547885557,0.0033290011030233458,-0.0017540332366466817,0.007171704775863388,0.030265074935068484,0.018720176025336016,0.020044722919278307,0.015763387540519997,0.03246925627166501,0.059982368411468034,0.02369206323945927,-0.06031153313571669,-0.08536723967178135,-0.022471561998205075,-0.08395340129725182,0.026243165407057047,-0.00048610161724975225,0.10604574904766033,0.07094436634856287,0.020624827455895375,0.05273591364663151,0.0010374470185464599,0.071567571584673,-0.0008513311977574071,-0.00235831635510226,0.03708606107715559,-0.03722967806742964,0.0130952180893519,-0.010721236520258193,-0.01272198856015791,-0.06308856950042052,0.0029974857724983876,0.03828508878186142,0.0015336827180047843,0.000803898804466924,-0.008889383646860385,-0.004286035359766377
30627346,0.00033697674994342085,0.0002540050025333987,-0.006701141255018382,-0.03898406299839233,-0.0028586589663373426,0.025614750025713475,0.035087016936678414,0.029691574725071557,-0.015004705615775334,0.02486065483395551,0.03645657580826052,0.041837211659958004,-0.0198916995448445,-0.03381612760901832,-0.00158487090517588,0.020303555517056385,-0.0016183084600088571,0.0008198792240987308,0.05647770400970638,-0.009944324440488907,0.08334878581278705,0.005944651337084841,-0.016406944682904812,0.01846165004295859,-0.034563442966518504,0.06563718958442452,0.012315269771220189,0.010171082700880303,0.021603460209055847,0.05022599315142287,0.020076565800442737,0.0007071208353047823,-0.031213156551656976,-0.0301752261870673,-0.0250959514228929,-0.024946360283411906,0.02096202014399709,0.00042239205413521037,-0.00012299884047490498,0.0015460084683544782,-0.04965864821452884,-0.03198230183020519,0.03353123294518223,-0.007356061245418238,0.02092024035313117,0.016074823628248247,0.012434923036230778,0.0017060560657625574,-0.0004035748908120984,0.0009357753094595962,0.024028733427930993,0.07567434576267805
306364,0.0021613933510912283,0.006511250742164915,-0.020640990236201875,-0.016051566663696414,0.017118891221429438,-0.003082782038456806,0.05333576449575542,0.03688339159571745,0.009901299211723785,0.000724008416309329,-0.018709957073514676,0.018630833115699796,-0.05720914210702495,0.04155347489228489,-0.02424008834783002,-0.0243232404638618,-0.001960586192495193,-0.0019074793255392216,-0.019463184521935933,-0.04176590970500922,-0.07649832044329347,-0.06876474637688995,-0.00894923937888244,0.061883415744943514,-0.02663584863235951,0.005908401431652971,0.008703809473738021,-0.024208900274900604,-0.003657891680154096,-0.06561805029061007,-0.017966610466973877,-0.00842934255280114,-0.06456147550189757,-0.007040298084048449,0.026696149955017144,0.060540321432191686,-0.014848545697209514,0.011905288038612113,-0.0015447682393290437,0.042032709181747605,0.025619482497012798,0.022169227085833583,-0.0015878529270710994,0.019888761298673875,-0.06055841500256705,-0.05774835338051952,0.018893498009087118,0.012702429382323438,0.01941095846562666,0.01317129332205751,0.02709521047383795,0.046167935751702166
31276376,-0.01965030098724969,-0.01981007798174797,0.0013745849870712562,-0.05892193255565798,0.05157187874957345,-0.0007309476563456419,-0.054432341392698015,-0.053441718476599516,0.05057758130574681,-4.683620808462112e-05,-0.12548871200453912,-0.10140316509841749,-0.05781300538118322,0.04290807925353318,-0.001066611465462916,0.0006661702628256135,-0.0012927214490958726,0.000565719395517506,-0.005770048062137906,0.08134202970380115,0.04348597291421228,0.1491274860233421,0.013039296542791587,0.0023397459163011225,-0.04039095924157525,-0.04816739988898457,0.04638922209193019,-0.010333586196113603,0.13612780690554455,0.003127934337222693,0.0452274423692312,0.012310928171650104,-0.027864364045398743,0.006442601115730806,0.023152331285146547,0.004394182871856105,-0.023954317604842332,-0.005654307011392017,0.002262043980111347,0.005674072674968612,-0.002248280948580903,-0.01146548101245721,0.017901119899179037,0.00789974638305041,0.1917331596683856,-0.009896775431349647,0.055484934631514535,0.027572270093633312,0.05525342736386238,0.027604846483547777,-0.015265796426311026,-0.012432271889224702
31424202,0.002545829196524875,0.0023556369294338003,0.056586394246145824,-0.0035820867944711607,0.0027734116267327086,0.0045097828921698835,0.013430636451889535,0.023297280079634566,0.0016004174295087721,0.0022787851537837134,0.06776633265969519,0.010923344678812758,0.013560522032347887,-0.001636885971716566,0.004056388897253643,-0.002056303359721754,0.0039459311330043755,-0.0021045701306652807,-0.04631886912947335,-0.049858823317414064,-0.021895697502460704,-0.04130003230463644,0.008144277557155138,0.02865894693345647,0.013551225361355508,0.03614064126711839,-0.01969528230918668,-0.00797541986880947,-0.07691143332948053,-0.08231986452081204,-0.020988654214869992,0.002433849873443885,0.02521509755458043,0.031004138081295762,-0.027170545199010264,-0.006234686884370927,-0.017116679359076358,0.038766956841093554,0.010754606917338847,0.01958183115576508,-0.005846812051912024,0.03241191799352678,0.04712401996199991,0.00708777605616495,0.028884722901893284,-0.03395123515996626,-5.64954155389194e-05,-0.0021615172055456213,2.115732457087815e-05,-0.0010658035147355206,-0.005630066387099453,0.020842735995138542
31625455,-0.014816595321013405,-0.01214041753415035,-0.0870116232287116,0.05411384452879134,-0.009201996035703743,0.01873255637522749,0.07422790579875821,0.06258705512651191,0.010332349003039885,0.06042367305871375,0.05738781327462071,0.058193157610953256,-0.01290239818817572,0.012289233562197036,-0.011634762179942823,-0.010541226983994477,-0.011798369327822059,-0.010692294205457519,0.00979620429575681,-0.018024613909340653,0.07029756124789605,-0.052042861179623576,-0.00224431507691288,0.01953921866251098,0.04002937335354324,0.039506563165636326,-0.024764084398845934,-0.01770164798903661,-0.034650067346876756,0.005405706872918997,0.0352669512877048,-3.07890356797888e-05,-0.03179962239297118,-0.0163021748839492,-0.00180868564698374,0.02026535998698057,-0.0075404606928659405,-0.02074934027544452,0.009221402844666469,0.00450612662176794,-0.021703308495798303,-0.013888947845851547,-0.05758955498212794,-0.05457623634159131,-0.10892362299952857,0.08046432745162144,0.025224035603564125,-0.00022832159690812804,0.025615845109888014,-9.358032648030569e-05,-0.026543251953520572,0.01899126848814949
32195234,0.0004700674314348776,0.004228494396678248,0.006847888531022129,-0.002865475238338435,0.006227342204115042,0.0010814415029816466,0.0002703131936985098,-0.026948133642458322,0.01960803576413548,0.001113436939690925,0.20938127648370708,0.1481269792655725,-0.0517180977722123,0.04075870953103794,0.03674022184172807,0.0038583087772529967,0.010446305987852069,0.0037767971703196097,0.022843626710153525,-0.03127071597237481,0.02399514256561608,-0.032746072453447836,0.013066510098451133,0.0012262962832736216,0.03729651397678548,0.021854233371874934,-0.029192154151531167,-0.04014596688824384,-0.08885661286112223,0.03568470005784127,0.0009351093090392863,0.0033808366549212374,0.016815001553624073,0.00041555611202249293,0.03168877554537545,0.05977195859981447,-0.007980032375659057,-0.012668907995734767,-0.02530469094580966,-0.023396147523827897,0.00599490934052771,0.005818176664310368,0.010848511774904517,0.014187736536823654,-0.019649531045080257,-0.046305783295058925,-0.04178207434891162,-0.04198584507222097,-0.04276349702163303,-0.04295086743101462,0.022605385850344148,0.05085841588269299
33743772,-0.011370349897512289,0.0004326598698430797,-0.13325601939675946,-0.15234167914407307,-0.005338042220114105,0.018039409544659386,0.0037735288002192016,0.09250698554698167,-0.011145300332282101,-0.008525820190438401,-0.00916264321777184,-0.026416011034400867,-0.09055186173966298,-0.06659256048092882,-0.002571671366715719,0.0005725221964481908,-0.002690272018145969,0.0004124613212756678,-0.02443784502074707,-0.048291580727778435,0.00044563670857028503,-0.026613375222441657,-0.023098696738470974,-0.01166329831012022,-0.06224609446626166,-0.019465029210575413,0.23622012060510164,0.14506184395563454,-0.06306968420281825,0.02744668852038487,0.020628505638959536,0.0006899378610074301,0.07224505036427939,0.05383741673223387,-0.0014261658234300811,-0.032597320122738145,-0.024168371279597277,-0.023565950176182952,0.006248206391590544,0.004349666246960163,0.06890442538235342,0.05273779128509819,-0.12127862855899764,-0.1101756264332207,-0.12896388268750006,-0.12227246785155974,-0.0019254023999261242,0.028063703360754786,-0.0009800205053182222,0.028396914574172073,-0.04306007923293354,0.03468015200848167
34272677,-0.0003388163640701171,9.250358438186296e-05,0.03384549743133605,-0.003608852858613753,-0.0007075667694204287,0.0072633378439903515,0.0718228088809322,0.017253855912589683,0.027310086028859287,-0.0011132888343905638,0.43829984554080403,0.26112839062726145,-0.05837968948155013,-0.06723768705806828,0.003030433236195994,-0.0030808768206188573,0.00326154893067653,-0.0033112446761282815,-0.22583014516230004,-0.085942300484175,-0.2812047742535151,-0.16400301078456175,-0.06882586424736414,-0.0683442451657811,-0.006501038408181101,-0.07614270637911343,-0.0010817024341626944,0.06315044942952956,-0.03929578712276295,0.04873597671103322,0.08488009692432881,0.04134368076295582,-0.0026769204459622022,0.05439912674138598,-0.12475040444923567,-0.12174709979674649,-0.05601267387370072,-0.05526779645206805,-0.060130254985204135,-0.06912737374078945,-0.0001804480444136656,0.03843409556598832,0.03308064259757127,-9.785984224956073e-05,0.01067560398302081,0.07864354569010366,0.0014736893865337736,-0.0016638922054559252,0.0008304873711770984,-0.0007529842666272781,-0.08202544716483734,-0.1042559182750053
34322023,0.01395918225987803,-0.007531708641829806,0.0029449018456222734,0.029475049887287573,-0.02145266907950287,-0.021285380774675428,-0.015653617494185416,0.013424848513272317,-0.020156657243195673,-0.02901003244167756,-0.005808725152686397,0.01468333795407226,0.02805260737315063,-0.004559810371344231,-0.0008661949293311023,-0.0011821692008623756,-0.0006334471229524179,-0.0010427976571680308,-0.028321236306740646,0.03837740153147072,-0.011792815956905164,0.022488072539954995,0.00025687564565642,0.008227243847602294,0.04165871453517064,0.05074259358523886,0.002409284604445349,0.0036015516455996446,-0.0251218576192494,-0.04279355593107545,-0.0015385528305947374,0.03730432224986933,0.012653494843881119,-0.003992606480508032,0.008434198916191384,-0.00908865084425206,-0.024535284032392825,0.018739304863846173,-0.003578330836706862,-0.00034719293381562776,0.018543213410110733,0.010571898529097658,-0.02248178431046695,-0.022152605085147263,-0.0389262325472034,0.018136427462227767,-0.026294198077807796,-0.02245883057496224,-0.03351338685933702,-0.03405977102869019,0.012240026133906803,-9.909071118432977e-05
34438741,-0.009348728898402771,-0.0063408640958892305,-0.0035588916712484056,-0.03288660630179137,-0.002764396537355035,0.009108759272247965,-0.030094517226005174,0.001957204097920967,0.0008625539410215106,0.01751737371065573,-0.04361914618000315,0.08940902097112552,-0.03424230725932721,-0.0013094514671387544,-0.0005948070621102988,0.012506294239103315,-0.0005515154517244485,0.0013188063455645844,0.05801566174531454,-0.032085553656726676,0.07395223612199774,-0.025701723391483175,0.0035815428002593363,0.0014485556323070147,0.009226102897182634,0.0235109931929742,-0.009641369172816196,-0.005027549392852722,-0.0016698243811583968,-0.0016418921756536364,0.0007597807632339837,0.016944573310210646,-0.013824121598773102,-0.015100073185173347,-0.01105801382261986,-0.03518385257877634,-0.011808858624892548,0.003040412107764009,0.014374303342747355,0.0170284283792113,0.021910646372236393,0.012345026690276461,-0.010993028415914416,-0.04074119358713979,-0.006271374429330262,-0.02490418550237053,-5.608456531173804e-05,0.004160343228677506,-0.000633783520225804,0.0030635538294962444,0.017235696721264945,0.008128359560977572
34812836,-0.02760132261015657,-0.02858131893015655,-0.019467394575654197,-0.024002891880438033,0.022818538235357795,-0.0027565420159584254,-0.06372264134434959,-0.08293020732734821,0.025647072524582423,0.018408916185891865,0.036286441931894675,0.04615638706741339,0.041578343384575216,0.06860810029878744,-0.0028592643658582094,-0.0035806254449051566,-0.0030892481212278586,-0.0037436927980682355,-0.021440674192612794,0.03636524448935406,-0.06922682933119867,-0.07666346328716808,0.004367299100367702,0.013654682379559004,0.048921016488937034,0.05842267487042666,0.05768741921775413,-0.0035379974458786146,0.028233015917038973,0.0823443578894417,0.004658851400286438,0.0016629240555558374,0.07768639985750969,0.012913281939405222,-0.08071082154669501,-0.061233103867248506,0.010285386762389152,-0.003594430319285684,0.005840560679483353,-0.0016456718084860195,0.03166728482513527,0.0014614666526062748,0.002187520442855754,-0.00295087866572037,0.04099552852424136,0.057720468291691876,0.02844642573274481,0.05486771137131598,0.028120618438733567,0.05469008835164246,0.012222584927819025,-0.005463567232615665
35008850,0.0001612396189992224,0.008829914448152273,-0.013660710072585389,-0.01447548191558902,0.000906893008581041,0.020715846178531457,0.035595323302809526,-0.05476268881409434,0.0005044288219136258,0.0012211980975510056,-0.05391493059791548,0.01737169193606268,-0.03474751723689372,-0.021593283299738343,0.018793292013658827,0.009937965463970636,0.0022800475945267545,0.009780119958381833,0.05505353296224831,0.03313386130833558,0.06549927322986354,0.07122860631147696,-0.03689249958901069,-0.04508597916825858,-0.05872802039750043,-0.11202719981162844,0.012772177343383864,0.02168865769196347,-0.10043180233978202,-0.10942716090562257,0.001741130611565428,0.010965985169283508,0.02267415800426798,0.01617667647729703,0.040654078514901285,0.023983041897558427,-0.03292124613217286,-0.043835410035694605,-0.0014135619074183165,0.005999976160051996,0.01079511595217066,0.0023563329185750086,0.010673123636374116,0.0073640030346575555,-0.0809621359800303,-0.06462995192606893,0.015751295510132657,0.0016257602432597589,0.015485597920612694,0.0008923079615809148,-0.04498932071829752,-0.0595700686181621
35053870,-0.007101451630750016,-0.007256323797829971,0.04709858395913518,0.03146460166456546,-0.005914556523021985,-0.028053707090256175,-0.01585869145817201,-0.02090195363227941,-0.002082908149520911,-0.02000869136699005,0.0661922357255349,0.07542949372000213,0.022526074362642118,-0.031208069043937685,-0.00022291377542947056,-6.873429946202114e-05,-0.00030327460715991834,5.187963481711154e-05,0.048393067233522595,0.1197986869651369,0.017865225391477085,0.06782299394672607,7.758586479320755e-05,0.010330434369278078,0.02988932268717914,0.04258623349650072,0.014669347083789225,-0.012327175677221816,-0.009379150228014443,-0.046076606117424646,-0.010624689169419922,-0.01745720783140939,-0.026700781599763076,-0.007017618947009481,-0.007892466536745364,0.009085778233101867,-0.043860301662699754,-0.01581646490071964,0.0382432306431956,-0.02696582062136854,-0.026509239495218172,-0.002838321716937632,0.004659989255377682,0.007742291413036834,0.05169832172394653,-0.011464498596690492,0.012568443422361911,-0.00015614699998215808,0.01262596589510541,-7.536253503306867e-05,-0.05019627777795156,0.01555784593720666
35109856,0.00031423163324152074,0.021783224651295258,-0.005903058411363172,0.027164963854466827,0.009231993392271348,-0.016695671168392857,0.0019874980883653748,-0.0062403385492063035,-0.0003122338940904634,-0.02578769227142619,0.033702891227655046,-0.029812310253976966,-0.024094745304981458,0.028023589911216396,-0.0016605119268673445,-0.0014002489925304977,-0.0016909301518740504,-0.0014750656849173995,0.008784249115077997,-0.030946898640891757,0.08910334191576208,0.02483697187541238,-0.018190668489164133,0.0006212999475220839,-0.011291841157215682,0.05185223491930503,0.029092942375837073,-0.01689370785113893,-0.0128340940882532,0.0015218429152178414,-0.006799275239711574,0.01753597023537922,-0.039838742576968095,-0.0017530311504363669,-0.03306569558694087,-0.036965434151881124,-6.756181718749546e-05,0.02075394849770979,-0.00024214575082519892,0.004879294838045337,0.0004979422708797604,0.002731553823824605,-0.02744898583703227,0.022855731533903148,-0.0382103997465387,0.022199174742176725,0.047911939299528174,0.02601087879498536,0.04819661757311609,0.026025645494787673,0.04448885693993975,0.02475996942693371
36429604,0.00013514481347748635,-0.0006511285777047549,-0.0012970515491128537,-0.0024073044426969666,0.050576962199204455,-0.002398143336023197,0.0770917455840384,0.0672667444634517,-0.0007599216549587025,0.0151007065981067,0.04621881904745237,0.050383923867866984,-0.09406178601352128,-0.05017419053784827,-0.0011689242944131336,-0.002970694265865979,-0.0012195731543475476,-0.002806818704232385,-0.05709537795371627,-0.034031807028885655,-0.05608924021061999,-0.05495044113263495,0.00016739151937643273,0.011734438676906581,-0.016435614296916395,0.04373315446875291,0.049699519858150944,-0.003906429608639359,-0.056416379544865336,-0.006024031029291554,-0.0008464137537698433,-0.000796161173921393,0.01987847323552433,-0.05915934693117965,-0.05210306235500181,-0.014093077534472885,0.00022289930761707193,-0.0009911985360575638,-0.0018146155756922208,-0.0021072707533692156,0.021452438149480196,-0.057776046642547194,-0.016773254135242298,0.0388194152951149,-0.006462533486654376,-0.008200727644062683,-0.001585347740577712,-0.0019169429168841728,-0.0008319611831327186,-0.0010970043552921114,-0.005702264347549221,0.009129499800855482
36437212,-0.0007724633470372707,-0.00020602567599022482,-0.004611666521368084,0.10078777143657161,-0.0016676115906767144,-0.0009743657872403077,-0.010023203206821762,-0.05312471040501272,-0.052516164912608215,-0.051563204601857364,0.15794065578498995,0.20428708419552186,-0.023684641034226985,-0.018555005166707078,-0.003430018196459253,-0.0019167175114936244,-0.003308517411665236,-0.0018659606130830382,-0.05823736065264649,-0.07582581501272706,-0.014769361668359321,0.04224721713291199,-0.002051103343386527,-0.0015074574438940637,-0.0004106914694567976,0.10712470694774531,-0.003238160605748792,0.027459200809398534,0.05965807592252237,-0.2566508898248777,-0.004930666563738093,0.002650560650306147,-0.024017574847293374,0.10375236729311064,-0.010390530009746322,-0.004607502343973387,-0.001475836747178558,-0.00036987982806990956,0.009687545153267783,0.009973022768410687,0.05781538676749971,0.13162511964039583,0.07623174100391768,-0.0014163597645335075,-0.04057544598844928,-0.04502769622259761,-0.09966252711510788,-0.09863835569170218,-0.09877060749060751,-0.09828044818143285,0.10726826671965417,-0.09892531849490611
36512901,0.00039273787171716166,0.00034222792305885793,0.05625265389061576,0.03767768958739789,0.0006642543751272591,0.003228356413084857,0.07012630962724142,0.002739160908358535,-0.02427767440087796,-0.024361794556308835,0.07609020781705947,0.019018866859003773,-0.02499393604728843,-0.026336810081923588,0.0006051146943638463,0.0028616716120279002,0.000548484284509914,0.002778507190988517,0.003791394467923051,0.08728609890678693,0.05215486935660803,0.08784521532148991,0.0004155253258784032,0.0001981579407524367,0.05885874133416884,-0.00015290171565992237,0.03017755981194844,0.002008570324310314,-0.19963525182012443,-0.003628193987575412,-0.0007560031809807121,-0.0010712872548504192,-0.033460498308285076,-0.034974439318609295,0.0021971251347430243,0.0015027092304248186,0.0006650702715053089,0.0005820028482968983,0.000430924944508514,0.0002358282900344526,-0.026103203134910973,-0.0265864209503417,0.056075067318234015,0.04332139712680696,-0.18479531904306257,0.052093409192702333,0.026439762840676735,0.00021618989101789758,0.02625273262806225,0.00014376362976193313,0.0029163259106630337,0.0013085226999314074
36564103,0.015786581632365487,-0.0041483034328775115,-0.025842424656830953,0.005318800551055387,0.0031139235059421417,0.0025936716751870552,0.06974909430827207,0.07720032827068889,3.5082735208237905e-05,0.011872021461407577,0.0865893959407992,0.01175743661156749,-0.05618506978026462,-0.031149691726920878,-0.020151140525880244,-0.018321886707953604,0.001334117088364401,0.003431195332391194,0.017420502567336044,0.035223932233717656,0.012504870847586058,-0.007562638442906958,-0.03212852628031633,-0.048242789113246365,0.008504526425276535,-0.014273383957153038,-0.02456789484211006,-0.04643982888236691,-0.017840000489542235,0.03596720779526505,-0.026281873412223246,-0.02960988940761546,0.01056950676487206,-0.04136204685842979,0.028871079111862697,0.07015391060613796,-0.07259139663528086,-0.08805528315495194,-0.005193359810164264,-0.02819926447990997,0.046374820054382426,0.032334883091924796,0.04391069583383217,0.06734548475490532,-0.0487988741269674,0.030050795823620052,-0.01170774843348736,0.02440087378367649,-0.011633684444203929,0.024530084067094674,-0.024479591035652934,-0.07631947964757614
36600859,0.0022690988094163683,0.0016055814598338269,-0.001581053305554768,-0.04941118209584498,-5.526242970647129e-05,0.008476549220781757,0.05826625461617016,0.0031426374322658275,-0.00012130034586070831,0.0023419927439378976,-0.049590355202652335,0.05281488809279153,0.03837009406741733,0.018039466793942832,0.001734235264904804,0.0033006634129537507,0.0019101409446399607,0.002957868425225832,0.011197886023186474,0.03160108678190267,0.013155057684371892,0.04993611551950931,0.00033467479417809446,0.0019607155439958935,-0.03384510158226296,-0.04749651113973165,0.00020118186466189627,0.015355047160324091,-0.07238897970625113,0.026821081024098026,0.0005754656000791576,0.004327615619055942,-0.016801643048504664,-0.008557715708567403,0.00044312011690446785,0.009814008322259298,-0.03564656393116302,-0.03241922016172001,0.0003467815343252212,0.002733903420601618,-0.026617625978915493,-0.02052644639583793,-0.09652139257328238,-0.07342344712017063,-0.019526772947329546,0.01863504340187444,0.00029128560863961404,0.002520689274366604,5.1054635194115435e-05,0.001492353092732644,0.0042207486001841245,0.014932935156741175
36662463,0.03989416740062121,-0.0002604702750338765,0.009700571824975648,-0.05127643163340321,-0.06030577570386215,-0.00768087361769583,-0.01821203800646088,0.002745674978208955,-0.0520156186165803,-0.05246285053088753,0.09463687960184763,0.29093595496980534,0.033869183646298796,-0.01878383642489375,0.005732813679352149,0.0010273497812013541,0.005709144313920759,0.0010421263096888139,-0.04362783639224925,-0.0919615573512022,-0.045050009662784746,-0.10688754717940557,-0.0481575488037545,-0.05674924644066054,-0.03379081215826732,-0.05750853137297292,-0.032944635559358004,-0.03579335204729171,-0.12155441239554701,-0.1000232736466552,-0.012494320988087258,-0.015901960112259708,0.0930887774911858,-0.02811864836902737,-0.054401575314589355,-0.0598271843194542,0.009533806694220631,0.06868755652152855,0.0002381606871694683,-0.0003633563283729275,-0.02620229299207169,-0.027195072788173166,-0.06186526716629177,-0.03206304233628619,-0.15158056523013363,-0.19159727997952386,-0.05616326494865121,-0.056701850680467146,-0.05613982516223799,-0.056437699496367066,-0.005980847835634198,0.03489006973045076
40131614,0.014892322271671503,-6.107872991199575e-05,-0.04404531863083103,-0.037580721925568675,0.019744585869960536,0.02333756979519878,0.0020794841072887538,-0.01778585405529627,0.0036601434712893906,0.008467462109141226,0.027026276836895437,0.030677100884005187,0.006663316550479956,-0.04586853455958464,-0.0020880372069170664,0.0004069905491287948,-0.00206826172332261,0.0004029384257363648,-0.050990107476030416,-0.010246079109010514,-0.059589164877578565,-0.010704770451688744,0.011293974585629968,0.0001803132442238383,0.008839027530555002,-0.026266399334030896,0.010718109317008047,0.015493585521163105,0.007607095734171426,0.023467692421612035,0.0315262898453548,0.04127616303857144,0.00849108513048633,0.04004803671035709,-0.04998679509615861,-0.04014314874215794,0.007463446446780288,0.01963202652041079,0.008283478377151694,0.0021609746837551198,0.04742224564923145,0.011547971077861641,0.01262155603318954,-0.04558676071686472,-0.015452506384082743,-0.02058666605150672,0.019521622743955185,0.017885178466662717,0.02033762890043134,0.017947104301337,0.05998776502766588,0.054638651166596205
4066312,-0.015409457809745087,-0.011645996946032787,0.029314667013290455,-0.014364776231908467,0.0002138346291565504,0.0018234638144754508,0.04325999587176065,0.06622454325632618,0.0004916487287318161,0.0022879005629881867,-0.009619407399323116,0.018248091558725144,0.002633352838529557,0.022647801233695794,0.0006678741720106194,0.002439915982961326,0.000544981979353527,0.0018260514995278886,-0.045082174828343924,-0.020153508069029588,-0.1876176294321818,-0.11666016105343743,5.740752779813266e-06,0.0017399628166335126,0.04325417788344797,0.03960326715087356,0.00042111987992416843,0.016532954658908174,-0.006293301978282567,0.049839418835186916,0.000304668288423991,0.018174242750155983,0.02537641914927452,0.004105257766351796,-0.09390584227706118,-0.044152716836427484,0.028227817809407058,0.0022894290608079307,0.013995328283337237,-0.0020309878023790084,-0.0033859071774976768,-0.02873695689614356,0.05352178165826052,-0.0015039704849159723,-0.0014772987736926257,-0.005449786038729448,-0.014708796309416341,-0.026015487115030125,-0.014889675926629084,-0.026905818084268913,0.018684291747759214,0.021588400332410468
40727118,3.426937294723556e-06,0.002025937816568307,0.023129930365927108,0.07637370902123439,-0.009375786166427421,-0.025114075200689548,-0.09720349010859253,-0.04060064497759763,0.02423969077388927,-0.021189456189460453,0.050468890857215315,0.07721391584283394,-0.0014927856685839208,-0.007574967538144267,0.02720737689055858,0.00335830301465213,0.010074960293039689,0.0034614182740572152,0.015695760625832347,-0.004240618065638628,0.031096924231941644,-0.007124707012361231,0.052955153793798046,0.024349566484970254,0.05379043090586552,-0.006281030614021348,-0.00947787467114991,-0.028742624919372274,-0.004839390961091261,-0.054408391558244285,0.010705944946688084,-0.0022274359300605345,0.00826758017284511,0.016372380221925886,0.029487680260351354,0.046719039898828404,-0.0358384691975917,-0.040655144031654274,0.0004375845572575452,0.011775066937713833,0.05272496599485869,0.03227135493199345,-0.020342399221306765,0.023842158490397603,0.021456767890002365,0.08957603378155021,-0.06518454695049082,-0.08053459716792609,-0.05522276451272656,-0.0711175170115368,0.019259765540829546,-0.06708392696586607
42427664,-0.0028493820004488494,0.0003622815470325407,-0.03092609563007131,-0.018700629574468997,-0.0004032935993592587,2.4606129229260906e-06,-0.005368759681772736,0.05536485703389618,0.02659360256135246,0.0007426622578743786,-0.030402260686471547,0.04525171384848031,-1.0986814528338162e-05,-0.003372967948290548,-0.0007953928191259466,-0.0007390565936408388,-0.0007649802831425413,-0.0008039526304082925,-0.07819335187329932,-0.09064464071435314,-0.03995134133470557,-0.06695372771871316,0.0002679109693585846,0.002260348399774683,-0.0008092581794617512,-0.04435834420907547,0.012712225451885592,-0.00752395444565992,-0.000513295230215538,0.0004731982700547088,0.014394479007571072,0.01778572598854212,0.0055560278991592105,-0.04731066425093572,-0.07283378000913208,-0.045675634928928795,0.03569564102718652,0.005935931915220455,-0.0010434044152693891,0.02474102704326199,0.06880394388004066,-0.056968594916635196,-0.05221877042513019,-0.0027545956484802403,-0.026835042303480883,0.01826273157269878,-0.024334843569761906,0.015114170242863371,-0.024556044213359888,0.01461357935275897,0.015172941949624763,-0.0002525764734694555
43728457,-0.00257921137520053,0.0009339307961687381,0.020685643560702172,-0.022472520882372383,-0.004490876586619754,0.03371855271801219,-0.010992429725992191,0.019650099493349345,-0.0007766482059013264,0.02925627332789798,0.02615880405661783,0.1822141063644633,-0.0010634185837410937,-0.06761403091835336,0.018763594118847596,-0.0008322209074338649,-0.0018701794301550292,-0.0007244531605096285,-0.06181261086213222,-0.00011728253756852769,-0.08511478452325494,0.0031463577810577348,0.01407303343074454,0.01231064004293059,0.0182519741827915,0.009968439140783152,-0.017723204737365876,0.037850113306509066,-0.05880780163257389,0.07444056076116178,-0.0021323177898420194,0.006153041784000765,-0.004920788132716264,-0.12503697737243163,-0.03620891674066617,-0.05340220790062157,-0.011934251448356442,-0.04603529377497434,-0.004329605976982141,-0.0019280141642753238,0.018048546887718363,0.03644994105865152,0.03541993507466237,-0.00500366800202247,-0.026785022306087675,-0.018585572521784166,-0.05222333306365079,-0.05225135853542478,-0.051763957893896206,-0.05195821192992572,0.01729091267440041,0.03009548285661256
44099084,0.07392787377150785,-0.0010831488017574368,0.03810616330529196,-0.005194113840207317,-0.00387309562931668,-0.002429011628646776,-0.11240210744320547,-0.0832931037464297,0.01591867503457159,-0.0017539259665006438,-0.035244922775661575,0.039497852655715995,0.06495865877948565,0.03055685266709423,-0.0032636716290349783,0.0003285978063825058,0.018146516384993337,0.0005511102031502931,-0.08549514314812118,0.003591812293897295,-0.014116385176346044,0.10760584581651965,-0.09068065773726593,-0.06019404665229297,-0.13554635181053798,-0.13110629114636516,-0.00269237904424934,0.017086591932939772,0.02981379988299418,-0.020061874470010635,-0.02800413284669396,-0.030087161789627805,0.07159570669091098,0.02978865281444945,-0.028990080085657025,0.018356367743459653,0.05221310058718556,0.015330934187633437,-0.004235633893056679,-0.0005564287683883914,-0.006270877358607405,-0.007978486281153278,0.0009394995151404519,-0.0022994517598621807,0.1000420539878587,-0.021823210600570853,-0.03568398610037979,-0.06038350877101341,-0.034763386174139765,-0.059638981329022685,-0.13382990502318667,-0.10151724605648328
44168447,-0.0011445795343805083,-0.00044951714827730555,-0.03533351809613122,-0.03141042242902061,-0.041559595873845126,-0.03667013360783522,0.08453939466466041,0.05174341466462572,-0.002646485614273384,-0.0010938502495001273,-0.05984464444406963,0.14707483776714395,-0.020410422459949167,0.012027097819331919,-0.0005950007665999832,0.00023546688925438208,-0.01250889919144522,0.04003215617184413,-0.1483867175736516,-0.11744814771281348,-0.14719978368406095,-0.08010839774874545,-0.0240718614042316,0.02926338463113827,0.08054641948696502,-2.8506871542544054e-05,-0.010025139315234993,-0.037866442674451634,-0.07818162840035779,-0.13217670259232628,-0.00400986445267464,-0.0008776678281789182,0.022667486474176393,-0.049725244675587824,0.08465694263033458,0.043548698877669496,-0.0025555525713129856,-0.03212597468314207,-0.004722158218924772,-0.002116096317434002,0.014951725130912863,-0.06396827401950794,0.0072634526205891115,-0.038082697851644275,-0.1210106994895564,-0.1190661908749395,-0.004076658955730888,-0.0019209054468930942,-0.0020802548101107312,-0.0008708358509357617,-0.012748653010552544,-0.012044860794794207
45156972,0.004237949993936878,-0.0029065706879356917,-0.015368298447632045,-0.0035867462426910357,-0.0205851379274655,-0.019477584378786165,-0.03133256245385979,-0.004462721951803708,0.011854700272033794,-0.018190020408962556,-0.030616723912060356,-0.027655166747425686,-0.04009207871916692,-0.024361783517496356,0.008030036053937418,-0.0014762688246463367,0.009394046864538716,-0.0017431135849738516,-0.05517018827776918,-0.04628563441040939,-0.04933724919751645,-0.03614051891399435,-0.0015945964327604002,0.011408365924522428,0.003884703627604222,0.003024820498410505,-0.016974029927637975,-0.026634578508581364,-0.006191038803036092,0.03428995764145415,-0.009079079647243068,0.03824835771823144,-0.004474491922302239,-0.003029115696412385,0.061992143377997966,0.04170485541262811,0.005659426858719101,-0.016689716873484955,0.0038253392323049154,-0.013157085852842214,0.001956018675750495,0.018009662907055884,-0.023587170988387855,-0.02463149240366855,-0.010441095184542448,0.05834069672965758,-0.0005793781252563016,0.03237135601592615,-0.00025698008309198227,0.03255509632933853,0.004027753303182197,-0.018695536863620903
45857023,0.00011472953586872249,-0.00017427198805265888,0.007333538876171344,-0.015348677784928282,0.0006532428377348156,0.016422154630268467,0.001324016935965823,0.024219350017846072,-0.010548239976108873,-0.0014258182952645547,0.011341966785533654,0.16322445610845093,0.0017600261627777683,-0.032657002374339814,0.0004374978188060605,0.021634488814849872,0.00034840666771300977,0.02172075502394413,0.00892162351887904,0.02810081332685628,-0.041542471946191734,-0.0242049055733613,-0.010155100172215329,0.023678678095272455,-0.04654654907943181,-0.0004430401449085908,0.022792380133316914,0.014530884903391883,-0.048906952407525295,-0.15535967679926688,-0.00765338114353324,-0.0034696485970350088,0.0031972047689269485,-0.011177658704493661,-0.015072403374019026,0.006663024003594666,0.05041125258824208,0.016014881137395416,0.0005442537228017188,0.00011603788095580487,0.009571927782828242,-0.006265385613124739,-0.020749234120720852,-0.02029210666440462,0.018195010072056206,-0.11389056926664798,-0.014029257767497676,-0.014470499044964218,0.0003752482584034393,4.338847894610326e-05,-0.02763294084779766,0.003290580426690115
46142566,9.832345351040402e-05,0.0034532269059341547,-0.028116177161691243,-0.01632505824122462,-0.013457754385528264,-0.04057839919539801,-0.010220921469951273,0.07143389408882903,0.03882597312034272,0.00021432287904252115,0.029043993716963534,0.1730876183507513,0.0033750077958938987,-0.023340002000840798,0.000814676679265768,0.00557371949802298,0.0009175018346224838,0.005713828890657899,-0.1786126496762302,-0.14117934796940382,-0.1784140458902288,-0.13857364778953027,0.0035804695924782845,0.01458994780051626,-0.002898725967889742,0.013787010906125382,-0.017639251670024066,-0.04109009817097503,0.12361380467342067,-0.06997387604045911,0.03306563262996871,0.0004467853306953152,-0.020201291449615813,-0.039150237934989326,-0.027512007899354818,-0.004897896166323114,-0.026193897164934924,0.0011756956918161227,0.00010379454500086013,0.0009217424580513533,-0.008204277733401417,-0.01087995337773827,-0.05779285352774763,-0.040227691455272815,0.11396425823754414,-0.06234413630089139,0.034586983340575736,0.0008469652214046653,0.03445309786941772,0.00043512492344282487,-0.012887528971568217,-0.002314109850241282
48572514,-0.020384433769612954,-0.007275380281987907,0.006973962352340938,0.016689703474292664,-0.029589068045757387,-0.001532519534485452,-0.010935029591004376,0.0038744099616614056,-0.04993125813776602,-0.04904828875854914,0.054066630025952266,-0.010006142023636873,0.1221973214837852,0.03602135690999314,-0.0024788894366477793,-0.0016791295138022687,-0.002332597877650955,-0.0017396926071969665,0.01842970731788515,0.027938855026647603,0.0014007497568021,0.04657963340669076,-0.016289588956341222,-0.045337000168710756,-0.04272017509766359,-0.03110213896065863,-0.04085670153434449,-0.018759036844880977,-0.19918250374157678,-0.06091053071733135,-0.021152067013247813,-0.017186234917629994,0.007115012935627385,-0.018753558929628933,0.012810075455530548,0.013837130486742698,-0.039814718050151986,-0.022993653221712734,0.059090179190605774,-0.0014849351671337198,-0.0441640185070009,-0.028541741201405166,-0.03312650003952096,-0.05012761286890138,-0.19071412487044961,-0.05451363548932739,0.04999213298748809,0.01940743457760443,0.050520674312981004,0.019655765758261924,-0.020871107457439877,-0.011730389677826511
49571946,-0.0030108028391244027,0.002785549403429117,0.027155706736729512,-0.0007334253639942282,0.0016464528129691656,-0.0017647559909478652,0.009537914539617526,-0.022953228578532076,0.00029611215436581404,0.0009203065357253366,-0.11338141316157917,-0.2033878071298803,0.05278035599860981,0.04795462027226034,0.03202458598247257,0.0016533975794480724,0.0008316315795759473,0.001570064910728607,-0.0037850531714890834,-0.08354424021897094,-0.009634868949541742,-0.05527419642027702,0.0039825722478693815,-0.07117715640342581,-0.0068805072613915,-0.01762834012580465,0.041035328713152304,-8.056942148346093e-05,0.048383547063390625,0.19929695516508117,0.00016395147550157894,0.019044326054556998,-0.0021118057942222865,0.018063998039732847,0.0005466310758735181,0.07078049239188511,-0.006301142086534807,0.016441675194036533,0.024716270969949744,-0.043301920148854284,0.03697386141878161,-0.007199603772515266,0.022711555098865594,-0.0010991841942273772,0.06587653248031632,0.14278109161273395,-0.031006780388504282,-0.027936421395627617,-0.031216630046434407,-0.02841547676157341,0.007484451834574982,-0.027041357805645136
51208558,0.028341261630395225,-0.00015881560213164563,-0.08546554857025745,-0.0903411419037112,-0.010484500244005445,0.04225162645820754,0.022499760011622804,-0.008350960717062289,-0.05679055557444644,-0.05633245923842212,-0.006794795001992218,0.07388934523763155,0.0005022051634338484,-0.010219323178201394,-0.0060969892222451074,0.01740183079982565,-0.006083824329644995,-0.004430253536823286,0.036498134919983986,0.09693093088695548,0.02312237081302189,0.0748265135346023,0.035256227719267064,0.006889980269976417,0.05523222818719622,0.02950229069142129,-0.011004909178715376,0.05677416831229541,-0.09381821444409233,-0.02879531891412057,-0.0013061267854677261,-8.259540758469297e-06,0.043038668042973134,-0.03697421002641005,-0.0022828676854370292,0.05328462896688837,-0.005594091271635331,-0.0013594299035695062,-0.0009052091452211668,0.000230810595375653,0.01561789495307016,-0.00026780319142726515,-0.06683400744994249,-0.056105868002113674,-0.1748377600326796,-0.10638561006577651,0.003911065163191042,-0.020425587968334363,0.004196027201173992,-0.020613745106970345,0.008059233913606273,-0.01799408183093211
51778361,-2.1770442381477536e-05,-0.00018934298297402542,-0.01719295924427491,-0.03966812375510642,0.0032719794003800567,0.01888335913261501,0.024813406546893096,-0.014084632255913776,0.03474752198415139,0.008221653432759025,-0.024782052348884386,0.11478867613414233,-0.00962982553378159,-0.014046852994297053,0.06247983600815353,-0.0009735503023174919,0.006992438776783012,-0.000849485966342046,0.12542921652792266,0.01628588108730023,0.14562108361807186,0.05719093875165563,0.021676773902177135,0.005236367818676639,-0.004799089891495523,-0.05497537375112384,0.003096035697982973,0.018385996651691775,-0.04743595814295398,-0.07957823351792526,0.03560081847641311,-0.021815091669091912,0.013424408849198759,-0.010120757447209881,0.04066945477273459,-0.0025321190139942704,2.7961572519491192e-05,-0.0003665646371210558,0.021497393178313322,0.043547628892616506,-0.05494437065327505,-0.03145650622227886,-0.026635843338926865,-0.003572288550273948,-0.0932578527822426,-0.09542955068984402,-0.022670450790809083,-0.023282930925776258,-0.023157454658040092,-0.023446502380871467,0.05922339757649006,-0.0062861377426699505
53490997,-0.0027536067864518112,-0.0019552354184127407,-0.035179361416888745,0.008313492265296013,0.053816845911005315,0.051151976794594656,-0.01796305367845691,-0.01481659294757151,0.008365205756362452,0.01570783711152876,-0.03663741297645426,0.022449385947088757,-0.015984520888295696,-0.005600448956118137,-0.0006436656332367407,0.011152824286971052,-0.0006084102128534113,-0.0005611429129590683,-0.021811058621090368,0.0041707531485944,-0.00903647148941561,0.004030511965519179,0.01370412332413955,0.02216740579608452,0.029153911707931433,0.04555518451952341,0.043534769636490125,0.05113641613153193,0.06496981855975222,0.10331067810651089,0.0003861272357094771,0.007066134168618434,-0.015363556634260901,-0.004028232634410482,-0.006541258400808065,0.0457394500551115,-0.01363993462418505,-0.0272038242083422,0.016079975928713203,-0.0007382282684146773,0.006591110610573058,0.019263221240558744,-0.030226131228271308,0.009011555709953281,0.023592654915880626,0.10260685339271568,-0.013864156700687583,0.021621363673880543,-0.013560097465866897,0.012244141001057892,-0.010204696951231142,0.024385070922685263
53491020,-0.02874085828401422,-0.028811796530696224,-0.00010897648381910565,0.0014450137885447453,-0.0388985660633617,-0.0706275937477508,-0.012941410412111998,0.029182734462957743,-0.025494160237093586,-0.02501355530770935,0.1328358225242467,0.13183782847892095,0.009877817704364272,0.029174273449469795,-0.0031999424312492016,-0.00026361096593102967,-0.0035171603041191557,-0.0004995116541724352,-0.056152347808664585,-0.04104153815034836,-0.09869861106281196,-0.0843417285830429,0.0005770069712206995,0.04008368473906256,-0.004415996550416336,0.03500013542605805,-0.04677171554350259,-0.07805153649030612,-0.01756749128487972,-0.07437419188305902,-0.028090095946848127,-0.026835891728298745,-0.09351501481385738,-0.05077967327748911,-0.011495210988036027,-0.03761786573474733,0.001226955208884507,0.0011656951325189533,-0.0013351114447689495,0.0037541524805960614,-0.020565482164669087,-8.328258747548889e-05,0.02604499341981273,0.01400916996862039,-0.029013265447685177,-0.08319793551799715,-0.0010158787609630955,-8.094586837145094e-05,-0.0003997823957453525,4.281659771877789e-05,-0.06133186901042574,-0.026276721292953192
53491063,-1.2205141872018415e-05,-0.0005923392887517589,-0.13597031974657123,-0.14680406449957406,-0.10677435017333456,-0.1084527338279949,-0.1557211377628743,0.11636423803694385,-0.10579531507417134,-0.10604549738068383,0.37629477245561854,-0.02451529579923262,-0.011184537661072603,-0.012052013369260489,-0.005628401400895542,-0.006889905877912283,-0.005797259045091868,-0.0069565919378947695,0.07743035164681653,0.1018348497421714,-0.018578110295743838,0.19397620699970544,-0.09060789670117354,-0.018356630092381795,-0.10092296645923936,0.1096387937759411,-0.1075991783383218,-0.1095550499747009,-0.028842653957749514,-0.14489922962867116,-0.0026817805657612676,-0.0034459656777874686,-0.013691122291536916,0.08671925430564975,-0.002320634547612341,-0.008127506457031537,-0.00017120528739365077,-0.0010364068609643865,-0.003963712557167212,-0.0014924857689124146,-0.0013114399388554155,0.09775967771477641,-0.0022338727745806405,-0.004255893891332667,-0.14953416588182,-0.27320491720957013,-0.016453102734206873,-0.01645588411358477,-0.015551802441799673,-0.015659548943649525,-0.10677440280684691,-0.03684736522005058
54474410,-0.0009831213342609176,0.01141802467365165,0.00028880367656723,-0.00023239015629929194,-0.00017870339099022164,0.001066228950423484,-0.03533022752431275,-0.008898903498540334,0.0010736928540217416,0.0017749798142911908,0.035003017923291635,0.054702987831367206,-0.03204958651201073,-0.054040089204546185,0.0011881177556654961,0.016377149737656,0.001265028334186495,0.004473039098756921,0.08499749853054396,0.0001711709494343211,0.05450076658838124,-0.004140282038041676,0.02060846793494406,0.01135144908360234,-0.0030818311912347435,0.012400880854266862,-0.0027268205668006516,0.002267154661627346,-0.12590930551003923,-0.11920864323462982,-0.001581478051324638,-0.004978381734674431,0.025925842963109,0.01124037693034955,0.0022583363928624055,0.05422103447282681,0.0017765758718023897,-0.01528227167561991,0.013664947348695135,0.016643234392424423,0.026240927538801046,0.028659264165810463,0.0023760194122490925,0.012005301884912986,-0.08681470295860577,-0.08475808062604209,0.015734439730493967,0.0026985931844757532,0.015029669040069492,0.0014459266701406684,0.028580454334330235,0.0167565534089628
55538972,-0.003592811450663776,-0.0015080602192164157,0.023168254351890342,0.001391879958312428,-0.0032660698953452284,-0.019830851504745263,0.017895365838452595,0.01803456630300425,-0.012516045795321479,-0.027040501207515694,-0.03440040213749962,0.032542142165456034,0.01118411971603131,-0.004656040275014782,-0.0012020965931196644,0.003275862805336273,-0.001206703407147493,0.003476271024677817,0.008450069063299884,0.02309834866262625,-0.019421952253796504,0.012706799795805857,0.02964852689788352,-0.008779920510823935,-0.01648244684311473,-0.012412405032624862,0.008013426216327866,0.00465069951777412,-0.030551297998083093,0.022760685607631143,0.0270909428422853,0.0017002847892076318,-0.01663229294507982,-0.0190158691505353,0.012831251408173754,-0.024894721572583944,0.0034082281683838374,0.002539811694903242,0.04841061529542402,0.0395548529372791,0.0033095778920167393,0.00445458794240787,0.03890561461124559,0.02124473103449638,0.0129556323631915,0.03875596447339971,0.01718867051355723,0.0014392537622315627,0.017232466435395926,0.0006898686613901535,-0.006107724507926918,0.0026160141364628686
55583305,-0.0036746507014562262,0.021606638925837595,0.08981530440329227,0.021496144682540283,-0.00362626051881539,0.011446795740168336,0.06701736119560817,0.06777706760502578,-0.010384596608249669,0.005203023678423853,0.021856805264486072,0.04952367589627133,-0.004786229877515563,0.018279450487554166,0.0037671892718820583,0.029230938529463235,0.0037208434788679598,-0.0016101821056078306,-0.003229558897143131,0.06898447439231314,-0.07498590707055047,0.014099340144060613,0.015398219862552524,0.0071776353039323445,-0.0019469199432690931,0.006523383224511313,0.004120244921990193,0.016726697102014507,0.04771763591585643,-0.05323722908806347,0.01942256874738341,-0.017208787905851376,-0.0019959786544160377,0.014764745031565985,-0.011979533197773631,-0.03063531499660565,-0.005013728235667418,-0.025481998933432334,-0.043633680914659384,-0.046626889114086335,-0.006971408831784702,-0.007850250243406118,0.01518950991218302,0.02053204701844872,0.07464290815347929,-0.032863330780830036,-0.027075656426571386,-0.00418860609918429,-0.027704483917429423,-0.0036647551282544544,0.06753119428111445,0.002917966371402958
55590890,-0.0004750930183842878,-0.0036355841358614656,-0.007810288943371784,0.00378640633643006,-0.026571446603455673,-0.02704283196518596,-0.01580070590491109,0.019691315538760662,-0.03939839789600226,-0.0388231179041604,0.08664412256438345,0.0827354433538818,0.009608842470083256,-0.03393754732033241,-0.02450452252453291,-0.021831384265678683,-0.0024132387601300143,0.00030219068838745807,0.016403547549397587,0.05518895938193703,0.03958981537698619,0.03243312771370074,0.0014120810922828297,-0.008572960652154222,-0.005997337639191927,-0.014189724616215572,-0.030260782059308725,-0.020952680081341424,-0.04255244055954677,0.0516877552163752,0.006000528339963824,0.013517873115062366,0.03610654955495474,-0.011447670313169862,-0.03319369496162285,-0.043439053782654335,-0.06319853980470286,-0.00610036480422823,0.040784696290848785,0.004282005948129218,-0.003142073043480055,-0.024410631261536565,0.02590690257293896,0.051864201338780294,-0.055691834287595665,0.024992243425227906,0.044180803099642764,-0.0006469159121937921,0.044790256692578814,-0.0003637541104853924,-0.007676000872497035,0.03196202698819355
55738401,-0.0009679553198472367,0.0007733990948964311,0.0032573269912641056,0.049356740578374234,-0.024216009803549127,-0.03200603434816447,0.02217580137788236,-0.002169140423390177,0.00016420170771392923,0.01305293590375939,-0.04525124874609918,0.08009568603265496,0.0008842877484135508,0.051932170834466176,-0.007776514903493908,-0.015950297610375377,-0.007817707910539158,-0.016056333770690073,-0.04975402022851311,-0.12871199002434502,-0.08501744875785797,-0.1830018482874859,-0.024113135978037138,0.0025291150274722243,-0.01569080787591111,0.002820369833703318,-0.027022619168095455,-0.0316848794911615,-0.0023940205479856813,-0.06968386045039751,0.023970192144716275,0.0007242047285875002,0.04216314475291658,0.024247693998064986,0.07824607481867996,0.07040359698558439,-0.01705258679333748,-0.0222463639285403,0.0005241814099307784,0.0016905285781518469,0.018469785990574902,0.06309541789872396,-0.022074721456432335,-0.009858135993247863,0.05304033144371545,-0.018047764611831205,0.02808010696474982,-0.022974027868320562,0.027998064762787725,-0.022981714710410328,-0.08358606238132947,-0.011692577109970084
55817097,0.0018447176511731628,0.0018643635934709963,-0.05776808278890705,-0.025763190801705513,0.002930319263206667,0.022498331187579195,-0.007814360764193055,0.019062065007950463,0.014157325108458152,0.03002942987057434,0.04813301536146931,0.003943521919849084,-0.02384581103789063,-0.0684348080949192,0.022775877673962906,-0.029430822645373497,0.00919842640098937,-0.02957483965955323,0.03434048565898984,0.15886078221247085,0.06523860320705355,0.2445751763043975,0.021070443572091313,-0.02430253763290971,-0.05516295455075822,-0.03482568410208693,-0.04901761766959725,-0.01619697889338822,-0.044124621754976945,-0.06736959810170814,0.010607225348903827,0.01227138581243651,0.00606160222671967,0.0031382989533762645,-0.02564525677038039,-0.01644255409432316,-0.015277858602783405,-0.04100757655465853,-0.012240896817392904,-0.03977044114097983,-0.02249371653373984,0.008590721394040601,-0.027914510720231947,-0.003567658922232226,-0.0535399502813548,-0.05223364674284203,0.04439728714859567,-0.0015514712473433307,0.02694059011592818,-0.0007420669347343004,-0.001246766105998262,-0.03504529446759938
55849103,-0.0046978087463367514,0.00834053727154027,-0.016177514885605253,0.01934611036852081,-0.026482615886386215,-0.0047429470813624384,-0.06923051824107979,-0.12008509125187929,-0.03407435042352291,-0.023132686513609068,0.03288381537441954,0.008409358226784104,-0.045509502409967754,-0.06544206852678364,0.0006493606785182545,0.05291890386908031,0.0005287910734867417,0.029356983447414428,-0.002535841081363302,-0.04527688022141895,0.024736042754732984,-0.08165702135814426,0.01647185802087517,0.01229281762011997,0.042087383276498705,0.06277954921617832,-0.023412559196781285,0.01828464632116072,0.025723566652975566,-0.0012139709142420518,0.020982813991880386,0.0037795263054109015,-0.0064466089679922275,0.039367291304525695,0.02102608456249762,-0.047843284231199684,-0.013028801378838387,-0.0209315657990847,0.003071379194075895,-0.0009293145976735414,-0.005624305011777258,0.09965627041447273,-0.02212208664971215,-0.032879424735954364,-0.02185627275164556,-0.031633236054518676,0.0008697055704958109,-0.0005095177181428934,0.00022626396848642039,-7.170498245823902e-05,0.05047349662467677,0.08221462148400163
56916467,-0.022137624501190792,2.4649323788896588e-05,-0.010686159859380387,-0.028447657244689083,9.370945819282394e-05,0.028194083071752814,0.01948440544739915,-0.014944780309692922,-0.0001114359495709915,0.027140552107300816,0.010233789983658023,0.05754170304206111,0.017677275853039284,-0.05625224321682609,0.0015865662173638146,0.029948999648545055,0.0015482474924838185,0.004903669858102425,0.04929100935810647,-0.012638552594684237,-0.039882570457345154,-0.06053461723021272,0.00031062398994158996,-0.004815034367575292,-0.007258655063364053,0.04100491910924078,0.00020944769253097763,0.02609639756980937,0.059446117063533255,0.14144532885984096,0.0005721811721654513,-0.00011774150105105241,-0.00586690657311649,-0.04961234106912271,-0.016707155951921605,-0.018007538345926194,0.000527489246053333,0.0015333765187389506,-0.021032332002193278,-0.01248291275854235,-0.019426626415270272,-0.027482340720132618,0.03181807831588106,-0.007636243802105168,0.06914486385177088,0.0995620521204938,-0.03183652147555623,-0.029810927048878177,-0.031782130679665926,-0.030716726162461436,-0.03196163476421145,0.028673283339795755
57200226,-0.005122117743135899,0.0006916351225276203,0.02371017876978499,0.013243576567058234,-0.03798155485725533,-0.04003161184275515,-0.02317406456232264,0.0030939461027446324,-0.03569148109243582,-0.03719538135322893,0.035937915694568785,0.10561364564230144,0.006096382661774022,-0.010957922114436039,0.0008537480427312583,0.011228833361403609,0.0010287844224312137,-0.002781883743962739,-0.06093331510608663,-0.021582436896246865,-0.08598881034474772,-0.04092166076220689,-0.015864411639205232,-0.016327727256406174,-0.02690840640382039,0.02324966083976368,0.051176885397025196,-0.0028542339287715712,0.07455206020338101,-0.09874515201182338,-0.007511696930015049,0.01774427719159045,-0.01445280657286492,-0.001452905270319868,-0.049364385233633415,0.011114074857136204,0.004803245521328801,-0.016288779325929405,0.002483483286439693,0.017829406231082725,0.003046495179468263,0.014942592484154948,0.0740512309734869,0.03950948793336518,0.11333103037646625,-0.07026197857360805,0.01609163328141769,0.019411812561043282,0.01597212953091657,0.02038648180362989,-0.03136896854886993,-0.03647773713026971
57216633,-0.009782000329582482,-0.01338971453253443,0.00033101045251926996,0.05674123521426731,-0.05705683570538773,-0.05715000101488947,0.10447767620427126,0.007796459897811137,-0.07582038539933701,-0.07285104755138094,0.12137315718639616,0.021383424593123257,0.05695751958923925,0.10469795815719289,-0.05727165116810007,-0.05494201172289678,0.001550391396788026,0.003429065241273885,-0.07011973944358069,0.0017080474828778391,-0.1352141816364122,-0.03483079910678169,0.047587429070676465,0.006004464000529038,0.01399464208969331,-0.02209591903463791,-0.05125122939182054,-0.04857295218834325,-0.027566146381900997,0.05346113564623506,-0.018777312259001415,-0.011831175030193633,-0.0031467618578031632,-0.009531178953566359,-0.013862308144465353,-0.0049978150909451916,-0.12254965559369961,-0.11989223947755062,-0.00452305867937814,0.0016628994954896083,0.021862027996099178,-0.012095953325327225,0.003665724813446525,0.054818710819517155,-0.09664247020180786,0.09144480935008437,0.03724978789146294,0.0033054759413289735,0.03752725566671362,0.00209631382152212,0.12750555078345063,0.007487290873910153
58013278,-0.0012349393698496299,4.549238567607902e-05,0.08254340247739783,0.001247849016980664,-0.0015515768029887712,0.0031426954012390255,0.1271995817742668,0.025476740573216805,-0.0017248280966089178,0.0004448115724617835,0.12534732463837617,0.1136959267210553,-0.012775581839526698,0.004894865694083161,-0.0027736156990523053,0.00631361834850448,-0.0026883435384191827,0.006309787447732487,-0.15204455589909077,-0.156319882961989,-0.16360316581463188,-0.1980852055274639,-0.002022485095043212,0.008632484626084144,0.10827366537384046,0.024086769001644966,-0.0031503424898931933,0.0034538529136618687,-0.045483430629429736,0.2728100373025549,-0.004817627766201104,0.0077696556615786585,-0.05825596107093996,-0.03966605467245674,-0.002225816807707448,0.03929236416051764,-0.0020988200939363474,9.42416131732098e-05,-0.005099836724805483,-0.0015162742546176488,-0.07119509640938272,-0.06674103054311148,-0.0033478512174725614,0.06706630179289035,0.05455608322638407,0.23759804114231087,-0.001764791907855729,0.0008852022169890802,-0.0008217357165342526,0.0005461500329997412,-0.017432138999363023,0.045912691960548
58995736,-0.021233698571701872,-0.020954537102514752,-0.030914223778974077,-0.034545483777410846,-0.013181356056924998,-0.011601897566913662,0.06560959428471051,-0.00830001282483693,-0.013993121847775068,-0.013491172840134548,0.13813672801666424,0.11703945358793238,-0.09775416399771146,-0.07936693934475171,-0.0007499136084125921,-0.0006477129229088725,-0.000714628083126037,-0.0006509222926887387,-0.023174224176729763,0.020019450630919255,-0.043789272352068934,-0.03237632787164646,-0.04454070804617016,-0.03285900368383424,-0.052825533368903735,-0.023067150004679404,-0.018069844164103493,-0.01233143480013885,-0.08634959743134121,-0.10031833177523597,0.005086368545253227,-0.0021311364430926113,-0.08221635696466363,-0.06132433290411291,-0.023932073895638485,0.015436628952651674,0.013558539351896767,0.002837190505137494,0.01975840260691491,-0.0011301079250246766,0.041561802282799085,0.01723060999033168,0.015493606246098888,-0.02040465551968433,-0.08612786910816111,-0.12547867686119094,-0.0012980070237455267,0.02591766037910456,-0.0007755516506907531,0.015324408690694983,-0.03530323966756918,-0.024982090585437863
60217302,0.03750254610341994,0.0007560315050386163,0.0034291932799705507,-0.02748644306831443,-0.004179266583007879,0.004047826272151368,-0.014071314171121535,0.03562292227513142,-0.004289151618986312,0.0029601895461792704,-0.0033081878156682523,0.08660820316943099,0.0485461359551186,-0.025690643865525914,-0.015615536673067476,-0.01431707950544726,0.0027287492761738806,0.004018414286187259,-0.08600222683959444,-0.027666298785605337,-0.0779997247321993,-0.05356378114363469,0.002912074244077009,-0.017054116161285833,-0.04986331312167543,-0.06648830382822055,-0.006450388995043181,-0.005556499258127769,0.022099699781414545,0.011840753436796414,0.027227023352084948,0.007198704302939872,-0.0014389401391242396,0.046006797634929,0.04879564344221511,0.020928531809525378,0.10006814690744832,0.0013248984918002602,0.022267953519447558,0.006202722024756227,0.021154373042338512,0.049108717667853685,0.04123773981169182,0.02179412973445025,0.005308730611515933,0.015953365106726902,-0.005994522377051694,-0.0057819238736252256,-0.006536127820004584,-0.0064436781182772955,-0.005805696290354739,-0.03623484088578534
60416566,-0.003451552262233392,-0.0033042027771929628,0.037832020984289144,-0.0168385136392838,0.019613991817147076,-0.0026789012989899357,0.033145798456946846,0.08879375059738444,0.019147928336333015,0.0008430150297023585,0.033518758997968315,0.03872840578852357,0.047188985352424384,-0.005408502022873733,0.01828696286694755,0.00016350937134204744,-0.00334772878599725,4.9420066792051597e-05,-0.019271877631238374,-0.05408023402326953,-0.07230499604165497,-0.07378836538891202,0.017358197810257926,-0.005051014252994005,0.05765192429846855,0.12223909680620995,0.02076307073076663,0.0016245233480597018,0.07697992577248089,0.062322798392343504,-0.009745668320038151,0.007759707577965147,-0.01635456610208471,-0.027713510684381628,-0.05602240635880947,-0.0034812324667889,-0.031672931837024826,-0.03195492272876726,0.05380440533953807,0.06554787315002235,-0.01379618208240247,-0.02177212186754037,0.021940705743502317,-0.01841862322219134,0.03003896035206563,-0.056994358118755487,-0.0009980262433962803,0.001091308708770305,-0.0005173567408468318,0.0005911038401718749,0.008224288455177295,0.046607016106817174
60576722,0.035084528310503085,0.00040903560559910155,-0.03486920707034855,-0.0033545951735775847,0.04940933306951325,0.015961048976516408,-0.02000028073526639,0.03008312906056146,0.03781376754679726,0.040840097468190936,-0.03859180075667745,0.058501559603728104,0.047031006707425466,0.00428500060142982,-0.0053626766166253855,-0.0033381988780157275,-0.004506558133948628,-0.0026674254683415836,-0.029928357457651655,-0.07749928678056003,-0.0062483749976967595,-0.035041994256876235,-0.042043439149211034,-0.021014455567881844,-0.09130531302954431,-0.10818272512166542,0.04707029179135171,0.018664322837390456,0.06635773901489278,0.03686290024521871,-0.011467601883395467,0.00011550303226125214,0.011749990607472588,-0.0632912451101714,0.010237864812135872,0.017469255349245483,0.010940801204090042,-0.005457395194184823,0.0022423799101048613,0.025004841451301524,-0.015144932191206675,-0.030064115538991812,0.07808218011964338,0.06313111995256566,0.09153965360478417,0.06472223556732659,-0.0018806048697028559,-0.0010692311643402935,-0.0009557556986938724,-0.0005218663616989559,-0.08055855742813625,-0.05211032341968618
60686882,-0.02112878444899933,-0.021025952094019557,0.008418740587430279,-0.011454906273154687,0.009690575364619786,-0.016389627581775656,0.04082133991107699,-0.023854998683562917,-0.009990580529340286,-0.03553600893487287,-0.024580692808051155,0.01749014195056374,-0.031044246041277382,0.033750410463252334,-0.0042077708084093685,-0.0037476659443120616,-0.004251977030065344,-0.0028605025077562945,-0.0011709227130100308,0.057515634614551156,-0.04188260262477139,0.02638551485068108,-0.0011584693311620384,0.012582066442703148,-0.021377092079847646,0.004981327144009617,-0.011799161707157453,-0.01606182735881599,-0.012736022327652752,0.0600431163636343,0.005635250071529338,-0.0013099552639223144,-0.018672188782962895,-0.02660845169624857,0.012112320130150941,-0.02435793815087442,0.01002741216535295,0.01995377616339065,-0.023768286235679795,-0.0023824370417613594,-0.009332953392295402,-0.030595808728191436,0.003080225355422548,-0.00465863184046195,-0.02623368233066059,0.008379384023099096,0.009897583004275429,-0.002003981185823044,0.010434245560101814,-0.0014461485733445658,0.03639262489506357,0.022753755060256835
60797616,-0.01590792991925742,-0.01590119266031729,-0.015538323716641128,-0.060613270281726424,-0.005214761858234454,-0.030591739667207234,-0.04840942864300457,0.14095374877768352,-0.009842710201716003,-0.03618198651693226,0.13345167717471246,0.06969233856765128,-0.02435352101180733,-0.03552157249555304,0.0031976401256952414,0.005027447693331425,0.00336898402063623,0.005136220696465272,-0.018514597639793094,0.029425700810344096,-0.028174811875891853,0.02128101416437292,-0.012526696493051924,-0.005527763921889112,0.001001160392993375,0.03440961150668036,0.0004756188187784588,-0.03074467751104876,0.078566372266447,-0.05794656803774752,0.0012802803985682018,0.01736209466067293,0.025075192136896768,-0.025018419866004768,-0.017480654976170233,0.022941275915895003,-0.0008466320705152186,0.013025125102286754,-0.011083825835825676,0.020961154732920973,-0.006958416587654743,-0.020823442367203505,0.03776751270482312,-0.03333366208742629,0.04820027433029336,-0.14757689395390472,0.018393049688603655,-0.01675997391376906,-0.014865769521897377,-0.031170505287680412,0.010524971739825015,0.02233141087368326
60809640,0.008024385111168198,-0.0026917373285191234,-0.02464873192679292,0.004714256606694826,0.01020944487537614,-5.2271998534922284e-05,-0.051870093668862444,-0.0202240920880713,0.008726548223094906,0.006312095637399765,0.13896728166844452,-0.01090503926084968,-0.03386542777320026,-0.014288542197613038,-0.0010260644995129554,0.012127680775986397,-0.0010530406649731485,0.012111651885617894,0.004000493501323851,0.0688389365142548,-0.02376475438946278,0.05810823475007908,-0.0007847452227869121,0.004636330353257769,0.0334384441051677,0.024833771609473164,0.03587023475396914,0.020191222808315635,0.04393510699806655,0.024412572236070462,-0.021611575657279364,-0.014921477031087265,-0.025086392190249017,-0.005738554682569327,0.014914686733330546,0.03819348107824033,-0.023134160104806928,-0.02047017923235769,-0.01111784390404158,-0.007336012917043987,0.003791022295105622,0.026143674996259064,0.05080208461773264,0.001624461535287322,0.04980594593270729,0.05033962954966503,0.0009129916578311144,-0.0031979753089806853,0.000778123724813444,-0.01521563233675165,0.0024117948955874047,0.0006953674738357091
61229235,-0.01734774177500507,-0.0390191129573658,0.0032174629269966087,-0.03657419787267405,5.883026430190865e-06,-0.000406287353174126,0.016890665267329658,-0.020542191337599214,0.008082796155596364,0.01182317118551733,0.002303006307955685,0.09562752081357384,-0.06723124222045462,-0.04960245320910284,0.0009955492963457002,-0.00012964540490051748,0.0012542567855118765,0.00010608343262077978,-0.019697322616575433,0.019470393714644832,0.03021611075577764,0.015042360808209754,-0.0001887231654143424,0.005212069857552947,-0.015870585301437173,0.014240801056068068,0.02606327370759097,0.012649888659151499,0.029781283046570364,0.03198147742998886,0.024466855263859028,-0.03113493909092561,-0.020103660852585838,-0.025749855899707075,-0.006997357084872799,-0.04787695422520041,0.038926452682311034,0.0022828247003552,-0.0006027396158580583,0.002889158179620935,-0.018303633606451822,-0.019673580805012383,0.005024644862745994,-0.020660751284453865,0.024617905768282114,-0.01150361577584691,-0.04730525273428056,-0.03833335016003778,-0.047293472716718236,-0.038067232875604394,0.011958202332233991,-0.01846236652445649
61273778,0.00014438868250504354,0.0009160266706309193,0.08417808170751372,0.02282253977866691,0.0004059997987945075,0.0025314778785301825,-0.020555278940585398,-0.05182965436083473,-0.009193903156886236,0.003058285116222803,-0.07993305374317311,0.05249782065008943,0.10084866439874414,0.019283804490619602,0.0022232986934184133,0.002677338017080524,0.002216108616736532,0.002348971453814187,-0.10245391920203134,-0.018550927671180967,-0.04092363333797433,0.02665841545806305,0.0016578848945695264,0.014576550823164792,-0.0011608351090258429,-0.001994607355514655,0.09790694063347505,0.0026662963309276406,0.03385594041579662,0.06897696591001021,-0.0043047587470960175,0.013585971689719107,0.09429407302347483,0.04496551220876437,-0.015265608023166552,-0.06048855095025885,-0.02505490167882756,-0.002724353305350334,-0.0033573914139155324,-0.003980158496489958,-0.017565985585822577,0.013985988662625026,0.022116307902155727,0.029363367660609044,0.11888260652747866,0.11844228892503332,0.017891317254751956,-0.015472008473548599,0.012046029651862106,0.0005885068781483409,0.0018703964190140004,-0.022849850279729647
62316382,-0.08816421823879535,-0.06909811846303192,0.047549541420632176,0.01097325853038681,0.004031476291528599,-0.012411552359716945,-0.022137441506877256,0.05170846196243832,0.0013182771566678728,-0.017500554452541204,0.03205596645573647,0.060038605674991044,0.021463659525352667,0.03952219739995356,0.0024079279869932864,-0.008541170841431897,2.0837229669385185e-05,0.007972950790977902,-0.008380934182143196,0.008809894982941796,0.021154312240489664,0.008869229852610294,0.04630666512267276,0.01620926074467707,0.047298521629882406,0.015289348174419133,0.01405202021916534,-1.943604662849388e-05,0.013910796859708113,0.06002190838140607,-0.005166423063102888,0.028561410293253986,0.005556099050570508,-0.003520248085366575,0.01622794424433215,0.0070731960116435615,-0.014959449436680445,0.009355820964519826,-0.0031874075645685063,-0.008877366516573958,-0.013783213675646989,-0.00997996488624077,0.037771379310017866,0.010503448798306614,0.0627808717574162,0.05469390843148886,-0.055904881705965956,-0.056180749008542516,-0.055753690437619914,-0.05594211939912281,0.03115100875382012,0.04657974749943398
62322599,-0.0005858778407389781,-0.0008777767498456932,0.0003014653476671597,0.0158363404695648,-0.0008389195178722386,0.016487902019671923,-0.029406981846220995,-0.011981136783221796,-0.0001498566313059618,0.020951176214743104,0.031232452627406995,0.13343593320385394,-0.06794070686986765,-0.027628876871891597,0.005415499262099547,0.019784589230420608,0.005412998756131163,-0.0007837029747818922,0.017954354028020675,-0.043887650547843854,0.07882399464906542,0.056644790911230536,0.040359000980013784,-0.0018816765650095447,0.022001223500836976,0.08111864889373817,0.027047743914861495,0.025301505025491295,-0.1044050784328781,-0.07445776822097616,-0.009297162911720034,-0.0278576567761709,-0.025517235275814863,-0.008608981572545832,0.04199596498708971,0.00035448343998024934,-0.001006572649149256,-0.0014708737393095798,-0.0044740041288796936,-0.0007669779130750135,0.012059824516430246,0.038649642706819226,-0.06130101896076316,-0.016511354835460408,-0.018777848447139395,-0.03096738540873764,-0.007379401740730173,-0.008060678645489622,-0.0076621361070113615,-0.008032759221779887,-0.04485000234131106,-0.04917737132319969
62626163,-0.020902956656345898,-0.015562138411212765,0.014267236754748069,0.034085179533773116,0.0016611388305741394,0.0018636295696195819,-0.00011904446808858049,0.021416217138617938,-0.024713566074548568,-0.023887672774225547,0.20912772733697454,0.050160040922347285,0.011375143751999571,0.011344422370857275,-0.00043620517238445594,0.0016558522595173262,-0.00033206548033887055,0.001482344397782001,-0.02331725891911779,-0.017113166673056415,-0.0169355873333618,0.011438468406122393,0.014861829248497056,-0.001322804466282395,-0.030784546284381042,0.007976631040339452,0.013138578967589756,-0.008912294843711862,0.007041607435625236,-0.009897837265140375,-0.014903806318998725,0.0022687571488016825,-0.017447776948055084,0.03368140681236817,-0.08961199979059982,-0.035326023196446205,-0.01796169964577641,0.02057584846749068,-0.0012694371473028912,0.015275456941406817,0.002101666885451693,0.037719106569561754,-0.013138231409554814,0.04421286255538847,0.0040646855940692506,0.01239455108824336,-0.004311993456655285,-0.015302765607725413,-0.0038365550896933553,-0.01526713395696888,0.009231007948026435,0.007998940330959672
63046139,-0.0006826709833808397,-0.0019268849390764308,0.0006127874846759539,0.05777827078297473,-0.0004811144744655616,-0.0023070101867453973,0.13321338411787623,-0.04316055793195052,0.0004501719106287292,0.036242930112665495,-0.04488228598711258,-0.04403296924864797,0.018795052650559994,-0.004492839710361334,0.0031771397747111176,0.00013834055082051792,0.003516905168465576,0.0008306539593441417,-0.008157759519550653,0.0611704584042919,0.05526748211227983,0.08566997477735414,-0.0007620686909946303,-0.002161153125182594,-0.000677123757430665,-0.02022639204348269,0.06489083679425196,-0.005458415304732377,-0.08847244883307233,-0.10896899284329788,4.160937863313674e-05,-0.0043545303703999925,-0.0450364314658383,-0.06437153198270781,-0.004157409623841063,0.11084002580385904,-0.0011537160439805036,-0.0033549240182761467,0.00012886542801509443,0.07583678816862847,-0.05004389995951344,-0.0546418624101105,-0.001425548082283077,-0.004534522068560654,-0.14670604509114504,-0.04964641844146328,0.0012973383735350977,-0.0010440127144765079,0.0006555528235984314,-0.0007144433810925793,0.04426997824075165,-0.013091453800341497
63095160,0.03005687234920921,-0.0002090949168405765,0.009899057008907055,0.015281209230572478,-0.0014340188767514922,-0.00011223170572761693,0.050468373013798806,0.02655219579956644,-0.0012431551296573338,0.005594047773691656,0.052870539728778865,0.021458261022598013,0.04222767729567284,-0.011505802746731568,-0.019697768489005955,-0.015759804751912944,-0.003604409104833818,0.0002876613359533691,-0.09861521516516808,-0.0384067488856155,-0.07473543170008055,-0.015835017027559517,-0.009568165103592265,0.02433739812684056,0.011833286739494332,0.026564711881861734,-0.002925519110977699,0.01265745999370075,0.05699035941655742,0.01986159236010207,-0.011809131481221674,0.013413007629921536,-0.009768976146423247,-0.040641530393994374,-0.007621726200835184,-0.0033552244725961813,-0.04837985882357214,-0.0065363940143885815,-0.002335257583628497,-0.00046579975253273516,-0.010853850094568422,0.005555306578923835,-0.0038044622488212568,-0.013496856493530374,0.053856587320660704,0.0268170491472058,0.033412684998802615,0.009667361543579597,0.03402176764633868,-0.0006766566135066119,0.0016189317215190221,0.03642432626808195
63130875,-0.006108067760243143,-0.004949198657259247,-0.006670120338369443,0.04656270164018485,-0.01382898208624327,-0.01764892969949179,0.05693492876776022,0.03791000984148656,-0.019155831201634062,-0.019397093650008444,-0.011510597314468345,0.11158880850659567,0.012234232238251097,0.012888666403512175,0.0034407685891180047,0.0010394493216760847,0.0035712754451526964,0.0011357353004319568,-0.052996660119129776,-0.06806978576449021,-0.04151985808289446,-0.10224775008447697,0.039225722128371276,-0.01688251929630627,0.042888758578088396,-0.026005024895509023,-0.016119117319825467,-0.017472088188085225,-0.022765969270023362,0.02409858640740481,0.0006266894171300715,-0.000790499861687,0.018666241633469652,-0.03777417461760551,-0.05547647636865266,-0.04414933545169118,0.013189541249567468,0.012159701515626812,-0.005549506226997221,-0.005012539913431696,0.011742101962934376,-0.01522489368183359,-0.018889442512261233,0.008067505008822771,-0.0589608531095529,0.02114626553499724,-0.02692328519027358,-0.04330133004725027,-0.02891230148121664,-0.028982119389497775,0.06379383511731405,-0.004967994173546361
63830782,0.021236233302079577,0.0004075868076977596,-0.04094940222727632,-0.004985774653782082,0.001194976063067474,0.0015263927273456161,-0.03417636031353461,0.005290205119954872,-0.025927570858219257,-0.014393872882033983,0.0836736282043947,0.08188203383510911,-0.041963896195641406,-0.04477174819185766,-0.00035879423376658157,0.0007006624380654636,-0.0004191081775990254,0.0005180903270137604,0.03926731995449917,-0.013932894688140449,0.04235291600633183,-0.018326766633849592,-0.027075383531776905,-0.016794329362789896,-0.027053706420929982,-0.009495543651714233,0.005704747493148302,0.011819202977202473,-0.042198429813868704,0.0005347841033588041,-0.002102549455509913,-0.011527234354351119,-0.02978987059452637,-0.047354285610583316,-0.008762233467211528,-0.04034999666473914,0.003244362340613021,-0.0011318366857853875,0.0013406608728494243,0.022925872661899806,-0.010764749061135488,0.015334463368687207,0.007892669956998447,0.04981703058871813,-0.024510598374677534,0.02288802874011686,0.0018553080691426117,-0.018913892787606093,0.0020986482397415684,-0.01872613478468109,-0.09280215199595572,-0.04701918312354894
75599070,-0.0006518049765658088,-0.000977661581914788,-0.13202545437099295,-0.12730226027395916,-0.006464753656424486,-0.0024903528136322314,0.006714346943341609,0.03939938516496164,-0.007855941604392671,-0.005483478577997837,0.1362023000854903,0.04335868965172763,0.004324084787637395,0.1736990842357565,-0.009202446223283676,0.003530077402479072,-0.009301274720076814,0.003913608301728998,-0.048010384245739744,0.1303746119544436,-0.0484770015183615,0.12716631192036237,-0.05645802487121696,-0.05666005513677964,-0.06567389298306842,-0.05348247922563654,-0.004839836251329438,-0.0012812200999831064,0.336891067296981,0.01815820299705259,-0.004690022881114032,0.12097837680696696,-0.02158937904152601,0.16189216677923293,-0.19574616090922264,-0.19317157733151805,-0.00642711511904504,-0.006969184307751402,0.0018721925509352557,0.02816083261638999,0.006477670999526845,-0.007690232990187694,0.1088458574045953,-0.0030456234621547016,0.007870274730591764,-0.09410691293367568,-0.0050364066010636956,-0.0011993706215449812,-0.002573406154346182,-0.0005963284513419548,0.13947006983933558,-0.04660255890395975
8686068,0.08257368657130948,0.000276965407129677,-0.09140967047860389,-0.0878552572679072,-0.07882289246976967,-0.07912326826027669,-0.013905887691491092,0.09832655073701049,-0.07652440155161937,-0.07532907008186412,0.12256364932941244,0.331140171088848,0.20297800045466977,0.00222127396506123,-0.004378379471830265,-0.0007560497262723877,-0.004734880088345342,-0.0007978433607708398,-0.17813870773297608,-0.13122594790925024,-0.1745464964463488,-0.16558749645879722,0.18952856551985398,0.027076816433705825,-0.024790813444597652,-0.035267523161397474,-0.08119198041143459,-0.0817742121221898,-0.09386657762200427,-0.15645413773643543,-0.0011128427586900298,0.0008502234786084712,0.006138309880480301,-0.037366950449464614,-0.035439418503742784,-0.045529152542787096,0.0003570370579809353,0.0006861754314544176,0.13875901110707056,0.011786130493543821,0.0008204413304925139,0.002392544430596396,-0.09385157840398163,-0.0932466207858452,-0.1119496329592616,-0.169555475246623,-0.03492268060096391,-0.03279925383992857,-0.03465883435430531,-0.033765455422506745,0.1141473298055487,-0.04688482492190996
