book_id,segment,A1_commitment_vows,A2_emotional_safety,A3_everyday_tenderness,B1_attraction_chemistry,B2_emotional_intimacy,C_explicit_eroticism,D_power_wealth_luxury,E_coercion_brutality_danger,F1_sadness_grief,F2_anger_frustration,F3_anxiety_worry,G_courtship_rituals_gifts,L_vices_addictions,M_health_recovery_growth,H_domestic_nesting,I_humor_lightness,J_social_support_kin,K_professional_intrusion,N_separation_reunion,O_aesthetics_appearance,Q_miscommunication,Q_repair,R1_protective_caretaking,R2_alpha_guarding,R_jealousy_possessiveness,S_scene_anchors
104659050,begin,-0.35364850055518227,0.17898429004555136,-0.39640018928809956,0.49875680722454135,-0.6858006093009356,-0.10364636733589752,-0.27648843060635236,0.13131506176784474,0.8474608980926599,0.08511539054135704,0.12157755707306575,0.39664592718646596,0.3601586205053684,-0.5795996145979716,-0.11138289122140825,-0.2593110618312186,-0.6436924510143058,-0.4347652252619683,-0.858766191197379,-0.5928048791731402,-0.11823319052285099,0.20461104769491364,-0.1873640114695708,-0.6729856167966055,-0.6237128270856721,1.058734550098735
104659050,end,-0.2876429040842417,-0.7543234520119462,-0.4695389596494526,0.12330869569263385,-0.718886863962099,-0.047839630982169645,0.05104928693217614,2.586824625111501,-0.3052480788838282,-0.1490532020896132,-0.13149554022089488,0.1835806880996447,1.6666912000124323,-0.5835521499841679,-0.030200656709755646,-0.4952861845921787,0.6180891433426893,-0.09325154805166379,-0.7106377698978205,-0.5260868326581596,0.28685583715183066,1.4560542285649476,-0.34016174737618154,-0.7174232405089517,-0.6475477262163962,0.7979612961300817
104659050,middle,-0.067014384146937,-0.09688929409670535,-0.629494695465483,0.09994768167022236,-0.7327621986466295,0.3691518000914787,-0.25550260645288964,-0.4355207209545445,-0.30359670327632804,0.10746272046747647,-0.46011819622760247,-0.28427098315367844,0.15751950226710634,0.15460499963702642,0.061520618085595204,-0.33364109223308064,-0.22887507149930578,1.8549275836227939,-0.9005920948028893,2.0318100906624363,-0.5153784826382554,1.6560668300425492,0.213273997428752,1.294767698530823,1.4370772463979533,0.2914785017211814
11266880,begin,-0.5498643418467442,1.1852167311797575,-0.7169230752049021,0.048905876964570306,-0.2810793825544586,0.28010019247818746,-0.07817356099577144,1.041726307810698,-0.19596541345675056,0.7372363449334921,0.26223348846612565,-0.2706533554207949,0.1715866124035409,-0.8306430099228281,-0.16702892358874866,-0.6026146256580798,-0.6651540579696226,-0.13717350937103168,-0.4035308703849596,1.274236451021072,-0.6587940417472269,1.2199673665995654,-0.20947361019372937,0.3115011593085517,0.3878971502067033,0.8343093456856228
11266880,end,-0.4250843238098025,1.1247595283820342,0.22247796362978192,0.5493688840085761,0.13796692635214705,-0.23786792980966012,0.5578123211339973,-0.18654841596292696,0.16174821636681935,0.2227021264419534,0.028478146629834705,-0.7474019554777602,-0.2495259728028368,0.4492176715209909,-0.38016811183361937,-0.3920245384383498,-0.5217816199230431,-0.0032773947058107587,-0.8260712723445707,-0.04996742807274158,-0.6678996374197371,0.6861328605298391,0.011339338788571712,-0.6507652763741345,-0.6082748426034063,0.008705490331843358
11266880,middle,-0.5019978136121498,1.1302285702124144,0.11077551661703469,-0.13052719327100437,-0.6780475420913535,0.08010921200672733,-0.8186819306213675,-0.2717967780482376,0.048651804681764776,-0.07855937430248872,0.7771378939100564,-0.3790801165545006,-0.5960214551833216,-0.329881478206526,-0.6624026511517189,-0.47778560739469866,-1.074829679272432,0.5581272845400141,0.8172329809273784,-0.1276337317277386,-0.968417790482388,1.5117074096124148,-0.14642621897681127,-0.624647817470844,-0.5964836696470587,0.018622971483717703
123257687,begin,-0.37976172401089836,0.13796110501393163,0.8642798546288046,-0.18979388027757615,1.4667481728773333,-1.2360028811385892,-0.037933248555415654,0.6321334853695756,-0.6744989487476662,0.4628962616858539,1.5325280913904238,0.9865321116847494,0.969512848294303,0.5255638052012468,-0.2302727859093142,-0.3053036574047425,-1.0155574587553744,1.8529877806117798,1.6787456185882954,0.23620356144752683,0.19979199333719141,0.6163680371673131,-0.054544916125709525,-0.341910787370847,-0.6535380544870604,0.5058226363132019
123257687,end,-0.10142469560847141,0.34291552294701605,-0.648153022488336,-1.0006856445366943,-0.27426736121196904,-0.7993869820979747,2.231256159246052,-0.4738184659680007,-0.38055222242854364,-0.7931780277483738,-0.32167577172638767,0.10262950510057144,-1.342973564928747,-0.7692269610970267,0.18314271089965928,0.45965116169232634,3.1577728170546284,-0.1972693137466582,-0.8551212579273979,1.0292141253608764,1.753617385244949,0.21786533775218078,0.06712526750575262,-0.6629654145613544,-0.6190369207912162,0.2039443817365707
123257687,middle,-0.3866296697360899,1.3333668398797007,-0.7069650144230137,0.48403090505880203,-0.7240257787262626,-0.3877738281025561,0.10957711231201683,-0.6051546911054256,-0.6472075871160642,0.4581183272248641,-0.010134235119557222,-0.05361592027863262,-0.7612205005167237,0.12766799222928688,-0.2562675005509354,-0.5261508311114526,-0.042345260237178044,0.5054680546326215,1.8217040386808845,-0.49836414862741246,-0.46593756618003734,0.1639282937859613,0.37858744498677005,0.7772276396828122,0.8937867508701424,-0.48529045176789865
123446478,begin,-0.5407190548779051,2.4928356042966056,0.43473116004387957,0.2096199721649115,0.9946237846546819,-0.9038335507000768,0.3879002105467961,-0.20408599656047768,0.2231128843735193,-0.29594959160887546,-0.599450450518989,-0.8132758123601287,-0.3756010019633815,-0.14779129236806812,0.4869151509577158,-0.5972593171904331,-0.33450115456738844,-0.04280567287109178,0.6114658767272377,-0.503062850410898,-0.13297532822663116,3.6254372845844163,1.2499137996624234,0.7313289041694087,0.8070272438613898,-0.5616438467358026
123446478,end,-0.4690775194235335,0.7808511388388781,2.587767750131597,-0.6708393803009255,2.99694521943486,-0.16603584552146752,-0.3727106799391425,-0.5886866004673929,-0.6213331734135163,0.20600373601368613,0.02147036441315213,0.0025556220456537724,-0.8545634955810363,1.5809716063087873,0.4673316049919997,-0.5686921704104942,-0.66015912634199,0.12309183255620042,0.38401276150674885,-0.6503813615911331,-0.9767872621437289,0.5217833881512588,0.5999098624092057,1.9834303396322444,1.3645440874382695,0.4629414370387233
123446478,middle,-0.5262258625124526,2.526760426352766,-0.7145175092896342,-1.371381459642589,-0.22189198646502095,-0.023196273302169706,0.4340641444546518,1.0378831913461688,-0.600984651412734,0.08719234770507468,0.03342521969137249,-0.8246819429135723,-0.899781359676184,-0.6187542939466627,-0.3399674753511345,-0.5973966149076865,-0.4084639744774998,0.44483140270381205,-0.9136628858912812,0.8744123011928217,-0.8106160114080531,-0.1492861430142644,0.5074463022639683,2.209214421251345,2.373416539152883,0.15512510476971153
127305713,begin,-0.07762273887296157,0.10950820732056588,-0.6384074504793876,-0.9587359824718746,0.9451072312593791,-0.7917670497299122,-0.4537525544991029,-0.42158017582551766,-0.27963881904806753,1.1311996685098504,0.6711819385665934,-0.4552404430284185,-0.7225827154077458,0.10650565493035717,0.9634309060729406,0.18092294872323073,0.06553179565664184,0.6827430220389402,0.3418800204039416,-0.46984371066599434,0.11407780290712466,0.13675165692449742,1.2828989544585112,-0.7325870790981104,-0.6494623608503025,-0.5930432742437975
127305713,end,-0.5268912463553673,-0.2775582156627661,-0.6771543494990242,-0.30092249963397544,-0.7358485325698367,-1.076360205256997,-0.7619029199085526,-0.5688241866427455,-0.5862267811911428,1.804721058079274,1.7145396313394423,0.2652358396281465,0.4745214986119244,0.4438975084956084,0.6587137657705588,0.20778535544333418,-0.08076102232406973,-1.2645450125576017,0.8874789832979769,-0.4477198958453274,0.15126444188939123,0.17099808297507155,0.4812108102759541,1.3117525214959938,-0.29420867295045355,0.5063642990162053
127305713,middle,-0.26212778683878396,0.1393940085753785,0.5117457718756089,-0.20605248170129156,0.5164863886436456,-0.2944753878275589,-0.7797416572344322,-0.3815990896798779,-0.218252914858716,0.07562478179248425,-0.2458364475203389,-0.3850238378012315,-1.050798440101304,-0.10029850927092705,1.1340424401066276,0.08583073209524182,-0.45516081441659445,0.7233013078738013,0.08198057005113184,-0.33043800376548493,0.13421491597290905,1.2004015791400384,1.3239832992689888,1.2025957057479644,1.3051082600228858,0.04574009474055753
149105520,begin,-0.2521925215065607,-1.1495906067098622,-0.6274595806125235,0.7746385813452804,0.08069877529754753,-1.1288054446112339,0.5674027483908008,-0.4579385651244607,-0.3311291484888961,2.752620359177739,1.8140427919665425,-0.8401704680583235,1.8341442291048473,0.1467456223962571,0.2996865252616495,-0.015291646505049333,-0.6349541294817402,0.5655304399929175,1.8016948845431446,1.4866705455080496,0.4728055453706848,-0.12864717770326414,-0.4267891878408622,0.45998311209419174,0.5912428474182747,-1.5069992683463542
149105520,end,-0.5587949428785657,-1.110346688625456,-0.22479090674772784,0.43483643791994914,-0.7245675094407441,-0.44447123501818103,-0.5318335422343851,0.21085383602087654,1.0005318166474744,0.6088925867403862,-0.2557684895231423,-0.8289166667469391,-0.5889541544756344,-0.34616134693327655,-0.7075090378604427,-0.4867351960457989,-1.086099161219801,0.20370275569735613,4.249484638835211,2.148065759048273,0.2069444265097338,-1.0470831533828895,-1.2410616691608358,-0.6789000881637953,-0.6205665169542739,0.45940737267644494
149105520,middle,-0.5396350816608331,-0.6132085572523525,-0.6459498654619491,1.376039087419483,-0.6626232458649628,-0.5649866747338725,-1.4281307383926196,-0.2804488584128309,0.030476607228563626,-0.4568458013521922,-1.0952851693639283,-0.13764196281900384,2.3447371995652757,0.5994672686267749,0.7990959712504193,0.5400213740703483,0.813750672315261,-0.20855435774622985,-0.9030403387522012,-0.26288519720265524,1.5285859318055843,-1.0026818885977467,-0.11286512397406218,-0.6444394099501198,-0.6043181516399933,1.948427197526113
15197,begin,0.012437881832031945,-0.9601176475122157,-0.4187689834567105,0.782981157532029,-0.5961798636732194,0.3404612105096493,1.16234312887991,-0.21768672965103725,0.10991328740422361,0.8384417530011592,0.8331524611303918,-0.7096158847266896,0.6873328176126614,-0.6730760327538226,-0.25412780228300746,-0.2819138706182845,-0.05644337908073635,0.22876978527056185,0.5538113061613353,-0.15299449538974585,0.1009937513085062,-0.9203254458570674,-0.8856452777913251,-0.5691255746030783,-0.5589725289226295,-1.0069603710015178
15197,end,-0.24509853739631163,-1.0560599230894099,1.095675347919978,-0.1801596376428792,1.1355420865524861,-1.002698849502434,-0.3423375277266913,-0.44356176445947226,-0.323356654110127,0.09120552442649305,1.1088574172301624,-0.8193465379954553,-1.1926483015706837,0.27152208299175357,-0.4316507985432712,-0.4774807564371061,0.33017901813571904,-0.18322233436161084,1.3197655134643893,1.5636441980901616,0.7530322366489688,-0.6785853946939762,-0.6584546734988452,-0.6826778971488943,-0.6265847797175595,-0.8129008148109331
15197,middle,0.12040511997433812,1.5264258000614446,-0.4810613162076329,0.06730815176796397,-0.7594235258700792,-0.15126274330148767,0.19121140381350707,-0.06397310743821656,0.4763033537414317,0.45339929313868976,0.8302789219567036,3.4094724784780555,1.1438906624278427,-0.6624708619650475,-0.5646168831317262,-0.12055424654323994,0.07585207651027921,-1.3846023581960871,1.2099916795440282,-0.5646657825431869,0.5020524336502624,0.12063045629781274,-0.10243782781117643,-0.7500139310561845,-0.6684039545652477,2.4278486265691765
161913,begin,-0.5058423020011193,-0.8062127644301945,-0.5737148706370518,2.2871832437274837,0.6745342419525076,0.3559975417004116,2.204155715853778,-0.27753230099001536,0.018615679463492654,0.3150213186632748,0.30207060513148476,0.40835371530437503,-0.5809949474438623,-0.3869729594839013,0.8315152374388391,-0.0579114260303618,-0.3425242018200893,-1.2554709067479346,-0.8926773920127284,-0.5657150847954476,0.012752660764044809,-1.0233434363087626,-0.691437342513433,-0.6474706394905433,-0.605256561941648,-0.3856235982552112
161913,end,-0.48624593412759404,-0.2321886440254689,1.0684161968566563,0.5095379310145306,-0.6776227009698007,-0.7706116681050914,3.0651709951105484,2.653811283925494,-0.03673154476302063,-0.48857560499116615,-0.36562952127143217,1.3505436333276093,1.4010574432879281,0.38946260448081954,1.6426701125807257,-0.4877315343976953,-0.7892047022779962,1.1323281753073602,-0.8696343706650379,-0.5787587552183758,-0.4104899350008975,0.01839291522340577,-0.2712849245066898,-0.6617275339937142,-0.610107649626,1.093429032838714
161913,middle,-0.4641837998546837,-1.072166086206019,-0.3133960887603924,0.5050966879053268,0.11132694353824078,-0.8362482948542952,0.7300226264244031,-0.0484143481079382,0.44378090728186315,1.0902637805156308,1.0614122467820064,0.6740486784253438,-0.351439744277033,-0.553467316360771,0.8436190477944541,0.10967874739012183,0.678785102523211,-0.6192454294324288,-0.8523099119584261,-0.37962006473000565,0.41116434293920573,1.0978525699489474,-0.4320716456822345,0.06375662321987323,-0.6270554888294739,-0.10789825056885623
17561022,begin,-0.45629579301487544,-0.5388104789321446,1.5144909714149468,0.1356702806784785,0.3224365040905221,1.6493010836857256,-0.21041188569000596,-0.14518169545286289,0.2678949511663462,0.05436274521579972,-0.31517341764813883,0.8700768940423436,-0.25338667775741525,0.685583951253387,-0.03203894274250847,0.900876366066876,-0.9026959112305198,0.41925103511036954,-0.8416545748219321,-0.5291623565754957,-0.9030252847733518,-0.8846146302998341,-0.4946502708668831,0.7521518067613052,0.8271917298232566,0.8064152374012569
17561022,end,-0.45024222962381444,-1.0474813798794431,0.6539941276389271,-0.7636847502035747,0.533481942191721,1.8024335149745818,0.07383089518466734,-0.07847304966628695,0.39483625589001825,-0.39772574474336647,-0.34659223784296767,0.5016376759308712,-0.5290899385035879,0.5968666940019295,-0.8214244924448512,-0.45148146216558804,0.3816165494619693,-0.432556507920124,0.11764288712987862,-0.5649457551193243,0.5715580277675699,-0.5938799923250941,-0.7261947649808208,-0.6647819282215746,-0.6112387600877093,-0.41508255284141976
17561022,middle,0.8951353118178798,-1.0280560064318343,-0.5521910062699027,-0.9482460851763843,-0.6316989434003626,0.9740610589788228,1.6878480009322483,-0.31481425893860393,-0.11140791045668108,-0.6170719741387704,0.6685767815344736,-0.16364468183148076,-0.8998747879663106,-0.6672260489155064,-0.9656873443950641,-0.4921683708478134,3.528762580647163,-1.1320966571352509,-0.8235602259241885,-0.35783474980618074,0.7878318402197733,-0.3481595287599203,-0.9947234907707254,-0.08157792290917326,-0.024985153952131866,-0.22793759674888406
1756703,begin,1.3420499175657503,-0.3085661524164718,-0.6248745538914654,-0.6330367371969143,-0.6039629644522121,-0.7878590691435892,0.8384887904899132,-0.316272970627084,-0.09937869709131276,-0.5787726788653776,0.32449960033090836,-0.29178851023947056,-0.8852096692679294,-0.5784754750546228,-0.0982749305414885,-0.1918243740651063,-0.04423584598151689,0.4614337377091036,-0.38302175460541493,-0.4092621437851974,-0.8763952177716717,0.24903905423330153,-0.8434317881551505,-0.5877754324349937,-0.5659495479146687,1.6867277843528032
1756703,end,-0.24315097942445685,-1.0566000397163176,-0.12582844076596844,-0.7416923465955274,-0.18499762205164405,-1.1352619208433772,-0.9522819122049784,-0.47283083878734405,-0.414740717618051,-0.00766093445355916,-0.6627014700592345,-0.6985025297207854,-1.2138726150806738,-0.053999406461379,-0.16084300199992646,0.10427414155117834,-0.8319969309400962,1.1397082682003778,-0.2538582653504188,-0.4513692320019738,-0.9004768496380315,-1.0158779894348973,-0.9632608015424037,-0.6530910402232705,-0.6019764941405875,1.2792012317995265
1756703,middle,-0.0883820234157977,-1.0715416636528459,-0.6714973589658758,-0.3746561292860294,-0.21556021812331602,-0.9933234000900945,1.8170563828260622,-0.5956324344855781,-0.6759384770040802,-1.4053416649721282,-0.9939459493848567,-0.7199121516600671,-1.0137805719455892,-0.7763996088446989,-1.0732305956944443,-0.1998298816894436,2.045058720938341,-0.4052994380026608,-0.8626660526935981,-0.2840740677608721,-0.3043845199328133,-1.017573529138402,-1.5219634057354077,-0.6855774776884123,-0.621921201407878,-0.5507606033818357
18692741,begin,1.5919248816429172,0.35529136741884654,-0.6278849209160029,-0.7733728275347828,-0.6446856434153506,-1.1618932126029886,-0.1348461699899765,1.383936010017076,3.3916855481023926,-0.7661001093204075,-0.9051211772049226,-0.3609561984555553,1.603210016978153,-0.7322111904390263,2.855880019376984,0.4783186382317157,0.5090055587050746,-0.7403041546231424,1.291392249994621,-0.5298712002275917,-0.48099919715087486,-0.20155345275997666,3.1174635757849147,-0.6183394107494535,-0.5850201081247128,-0.35878823550817074
18692741,end,0.4352275968993954,-1.11279709047482,1.3935104088687988,-0.6965693596688486,0.5713057817006857,0.05327909934636846,-0.5224753617848947,-0.29980802139096013,-0.03559750570708145,0.4925750377158531,0.06918883892424715,-0.06775479390506893,1.1516073534943847,0.9895779174574146,3.472745771725819,-0.530693895108771,-0.7845588927305682,-0.5460346978257253,-0.898237311889051,-0.6080649730612047,-0.5470650066916811,-0.8178803620086444,2.7372349634878193,-0.6933468514884535,-0.625531127724483,-0.3273153447452283
18692741,middle,-0.20792337756266932,1.0850118944029876,0.34374427991459844,-0.8546203007233747,-0.7023938628955047,0.9467441078349981,-0.8382463839175145,-0.3137224940692454,-0.065323090739995,-1.3428828964986717,-1.2607674521094419,0.3834848336055534,0.6563747932482541,-0.1207250051021515,1.7502320883299987,-0.5515972582818065,-0.2640914398629201,-0.16805747498163112,-0.8919963746365951,-0.605304483962274,-0.6163992111489114,0.4197199419853984,2.664313974587446,1.497277585426552,1.6303687223862133,-0.7349548007788634
201413413,begin,-0.4527831463284494,-1.0586373697076765,-0.49795573506773216,-1.2032373997884571,-0.6588452295398539,0.23509711067664027,-0.9011865446181807,1.5321546604379852,3.6643797201340678,4.372150971426032,3.8371717578308906,-0.1060877683212597,-0.915122925321778,-0.6584435302355177,-1.390504224123373,-0.4764688097146687,-0.8477492101134315,1.087131638326355,-0.23798561977162017,-0.588278441854555,-0.906750281188986,-0.6617184997068907,-1.362177533123504,-0.6625030261028403,-0.6019986006216884,-0.9195504240368567
201413413,end,-0.3971256861081427,-0.996877278357773,0.9985226354803394,-0.8310803265056057,-0.6094048650924215,-0.0013582677374990829,-0.010121290476292984,-0.381678760405856,-0.28815543195114757,3.2612271906833055,3.3158005982889387,-0.13295363191454213,-0.35383094940002874,0.8671335416571264,-0.3617822832495106,-0.43039296527456955,-0.8889761123532653,-0.4549095629336413,-0.7956603480211073,-0.5321824661145367,-0.8393871603608898,0.13085650240715282,-0.6303813046322994,-0.6128939798495746,-0.5702031145587897,-0.4119799390122345
201413413,middle,-0.3816818148061701,-0.2103338595983856,-0.23184791132863578,-0.6511638603704815,0.2401063492364494,-0.7565022801158866,-0.8941971610182106,-0.14590753027701164,0.20231032904976193,1.8043934224327045,1.3092154530368048,0.5405387211193643,0.09048328138443741,-0.5447989154337081,-0.5777704590558382,-0.436394511219658,-0.7814864271777933,3.36810202363189,-0.7866501078703182,-0.5128180024919279,-0.8263476743678833,0.9133622531954643,-0.4311986383587454,-0.5997746488088048,-0.5663087665376005,0.9280303305492835
20346544,begin,-0.35948013803575146,-0.8994542183213726,-0.49662021729452765,-0.9445140022679698,-0.5294853178235303,-1.050837104423078,0.9390872743030647,-0.1979958488186938,0.09774525113057643,-0.7411890206271279,-0.9943761642597863,-0.09564926143463864,-0.7376272919141065,-0.5817988106213577,-0.08291538331917288,-0.3155221360795535,1.7387182808171144,-0.9520832181509663,0.14634743564079436,-0.41477371264014884,-0.24133441183791438,-0.8625157524625602,-0.05817564154937027,-0.5196909928639623,-0.5204348125745263,-0.6498377636136508
20346544,end,-0.4108083329313239,-0.9948676869114939,-0.5098785395131291,-1.163567343399911,-0.6168907819142472,0.22516136851151944,0.2585784272837274,-0.3119935669692941,-0.11160541425090607,0.0070078199735459845,-0.15535101467381454,-0.6919044056094877,-0.4973756434885077,-0.6399332090528027,0.8605929106654995,-0.44175798932033516,0.48457051048387667,-0.8865825106686979,-0.7970667863368758,-0.5306624391544524,-0.8544625594030342,0.1667542822247301,0.19127041753146243,0.370588235838171,0.44288634272703564,0.5645739395259916
20346544,middle,-0.4698962710237945,-1.0640696572754522,1.496408695845688,-0.9522210946480499,0.3966248867092961,2.874626861140433,-0.7387311391350867,-0.1073212770165186,0.3418455068152835,-0.9773229339771424,-0.9293121551742924,-0.15829623018835873,-0.9447706342687344,0.6492926589046161,-0.010245260249242008,-0.47722831557629675,-0.6561032520250112,-1.2244863685212992,-0.05213107911186086,-0.5955785947448945,-0.283981467971246,-0.37223229550119163,0.0017969305211711806,-0.6815752619394057,-0.6192647728836648,-0.6285517159264274
208153130,begin,-0.4151967226314635,0.9981096848300708,0.06099356145392159,0.4196550725194037,-0.07770103540469331,0.26060716164337216,-0.25487118076886656,0.42776546368396096,-0.041507906424866584,0.3045591978987215,0.0984340529133081,1.0464684522147187,0.6038826906116896,-0.45587671008488256,-0.4311131462193515,-0.369472140614231,-0.9478659336742872,0.26827288328006016,-0.03647812669302236,0.10983613359368138,-0.5943828071818066,-0.00020274231398513298,-0.2541643963667618,-0.3346608333545227,-0.6223918906777651,1.5595650470531754
208153130,end,-0.53878343886152,0.4632549932949196,-0.1250971504324266,0.3638056164776504,-0.15953343115883079,0.10345077904755312,0.04991272328584788,-0.1863390547073085,0.23176167127988836,0.31715422429849666,-0.24299622554357467,0.44028693227137333,0.5321514664640213,-0.1626526763282404,-0.3340728493754,-0.4506093793838998,-0.6640997491426424,-0.27969787662832685,-0.03138230945971377,0.5155538679279029,-0.17729995504607932,0.45792631788827765,-0.3205564784676952,0.07482986605409886,-0.6303804983886699,0.5125730706042287
208153130,middle,-0.2570162047003514,0.6332360824752805,-0.10905597489644006,0.42733449913747185,0.1284335921954334,0.943708335448889,-0.8806266407004695,0.30537575483435686,-0.34243220254577306,-0.42978382421412775,-0.09086064933144257,-0.5377603502020779,0.18517367412108227,-0.33011481574765594,-0.2541635049601349,-0.06102581306459407,-1.1601480353133267,-0.41539830479222184,-0.9335367798870017,0.9714278672648605,-1.016925189181003,-0.22833070405482847,0.03950887671900246,-0.1242394827684304,-0.020990771588411113,-0.3099369168263396
21787,begin,-0.5386069721678857,-0.14743083960439854,2.6312950451460098,0.0850544663627327,0.9658636982678405,1.287154533874101,-0.8639782276692749,-0.6184453457842816,-0.6613585410376595,-1.5975969399676748,-1.3590472567032583,0.33962176010856443,1.1377848101327104,1.3653633959636233,-0.21726178040630414,-0.6399211301012285,0.3950787297147253,-0.14420023613877075,0.2297642156036273,-0.6625540703672561,0.21881207446372222,-1.07682731905541,0.35080353210295245,-0.7560624794438158,-0.6670392037323385,-0.5103117835594481
21787,end,-0.545918295298392,-1.1428783612265083,-0.7168847355212068,-0.16540314606984663,-0.7439992316011851,1.7120600267753112,-0.8876308961907651,-0.5482812990246716,-0.5130958531317678,0.1150654786405217,-0.2937892739650296,-0.8355523632165051,0.34799029528069736,-0.8406920232802872,-0.4877351537451896,-0.6431529694017545,-1.3058177137852387,-1.3828533884880743,0.7513469066196322,-0.3644546639920511,-1.023520379225576,-0.6583659518107159,-1.4799354148466926,-0.7167382815445118,-0.6463159561163392,1.389025621373018
21787,middle,-0.5409775765431108,4.485488815506548,0.010544444693108156,-1.343045653702659,-0.786352043470527,2.2413004785750865,-0.47881809561521355,-0.017652600468107217,0.5796694262632033,-0.5772242070652434,-0.9002855681714892,-0.8321437673494888,-1.491427153212543,0.7841855280551471,-1.1570286864439252,-0.5601455983491511,-1.0950612320530193,-0.5316615575720091,-0.9324634724079878,-0.7038223311187235,-1.0461812534703014,1.5400612107364728,0.7870130952782064,-0.7877923952455697,-0.6879821418737981,-0.5604799844595723
22609391,begin,-0.2598073148022875,-0.2829638350977224,-0.6452216696151569,-0.39102655640999334,-0.7231166754305082,-0.7105073505771241,-0.4135775032466876,0.9246779524789008,-0.43849006777707306,0.24113194856075593,0.7318287443029582,0.2621322346778998,-0.27506855641718836,-0.789638447518983,-0.4921305612035845,0.8704333435337399,-0.41189848540804447,0.07877749392640895,1.0143752858576665,-0.49573920808621125,-0.9761840230308435,-0.9855941106236762,-0.11676613102198065,0.5719798319733642,0.6805350244060778,-0.7704576520302658
22609391,end,-0.49346333895382977,0.5702432172246698,0.3375399496919639,-0.39178091905876433,-0.5982142691140961,-0.9458862677170798,0.729207449867759,-0.42800732272210656,-0.13180087029748472,-0.6378499246922792,-0.2975027989243203,0.6007661045016675,-0.29405854468880355,-0.11088038351336255,0.8906499072035112,3.6903593761800755,-1.1195139331697572,-0.14376391842504227,-0.8826581608332822,0.8197703749095813,-0.2945629688808037,-0.2765417333205083,0.9206565501196824,-0.6791648413651683,-0.626534852635532,-0.19462585921238637
22609391,middle,-0.2473176837079368,0.15272824822019374,0.34839003732246043,-0.4361278687647507,1.3520582732349093,-0.9711761998220179,1.182431053710284,-0.6512005680735277,-0.7551176006083821,-0.4392608434177387,-0.720151532064072,-0.8112089799173958,-0.12212520694749246,0.10057578138942454,0.43794652080821544,1.8530753256044166,0.15492687663557705,1.5126922513746404,-0.8969957878391527,-0.6006260538665212,-0.22185353152644327,-1.0564073131696685,-0.04375800820285408,0.36256231445742726,0.48043209322962294,-1.1139212138654624
22707536,begin,-0.5636808508385414,0.10705155285656287,-0.532767133364569,-0.8044205070108839,0.13529233914694908,-1.2527288890019075,-0.39767206871341504,-0.5453479250300544,-0.488512069755911,0.8022579408312658,1.2227857453228077,0.5391821540302572,1.0601692721025249,-0.7908725051031323,0.7912311411993234,0.22853518765681577,1.6561921741235157,-0.053056742132974434,-0.2154219677902726,2.7475277798428865,4.065266386862236,0.7883529860957351,1.4350350435622679,-0.7376823748093067,-0.6554043940255408,-0.4396507878601347
22707536,end,-0.5597809912390316,-1.1461199867693803,-0.723152420447797,0.03567855299977871,-0.7427848717822274,1.7403520940491908,-1.4216411385000387,-0.5423531593965946,-0.493606447696466,-0.5951961082763093,-0.7835797272912732,-0.4057643433943331,-1.0650247663193304,-0.8638128442973422,-1.127556046626766,-0.6454208823663675,-0.6215428500805991,0.05220399758783664,1.2137100381010177,1.6265424755826052,1.051010306100893,-0.6515364458206025,-1.467098806527962,-0.7258510705014372,-0.650546555039154,-0.17529105101305542
22707536,middle,-0.25515888086871735,-1.165259001163904,-0.7069779496549047,1.4253570115791239,-0.7578312236076816,0.932858639575518,1.9949314194471748,-0.5013163123053922,-0.39915697153110835,-0.43423553210171945,-1.4510401566729545,0.45904282430012394,4.259217685398514,-0.8571769271225205,0.20971398014520118,-0.6380186866923854,-0.6467646382729828,-1.3559998141682317,-0.9551310227712014,2.5474333884952762,-0.6076295052807027,-1.0894141373613386,-1.5768874055869733,-0.7360686178714351,-0.6573967734916537,0.8815375769736502
23518136,begin,1.6522711452668415,-1.032636869323497,3.6316740623927632,-0.7479085967488406,3.2953572658724384,1.3734504320159266,0.7591736879535438,-0.3116014402083464,-0.11042515414026186,-0.2853203121204231,-0.19910326906794698,-0.4766006015288405,-1.1254432213504115,1.4895389600908346,-0.3767891146657722,0.465173488900239,-0.4413537400427588,0.1424237795216645,0.6301363441620813,-0.5727543997004989,-0.8638793720337841,-0.8945525522709816,-0.2990077825121092,-0.6656547550724266,-0.6176999363277754,-1.0874765586141186
23518136,end,-0.450424313277421,-0.07928132247330821,-0.23284576417225905,-0.3614807565678833,0.08056042673378334,0.053631995817056945,0.785038921461963,-0.17863975079291808,0.1780464767877467,-0.09167050851639762,-0.41860074703727973,-0.05784017057632008,0.106040915119786,-0.596367407289825,-0.06644876383810744,-0.017644882061707164,0.7048933117159106,-0.5828741217433293,-0.8455529407344261,-0.17674789997837947,0.5437807878141574,0.3189819290729781,0.3572371599781809,1.6268975959616536,1.7582615466161553,0.11100103799961272
23518136,middle,-0.43441815693018493,-0.4040142402947011,0.6847930429772011,0.3324928812982533,-0.06707154521986629,1.760599622845624,-0.06595003273607798,-0.19110918946390568,0.1358206991658831,-0.6556040579219482,-0.5927957225069549,-0.18744815726645753,-0.3305687264371327,0.8418885059832876,-0.5670986031896865,-0.09642792688548295,1.3005492088890636,0.2886058573496274,-0.8274859482981273,-0.5449001253520885,0.8706401044755601,-0.9822392210180587,-0.8514837938022625,-0.6300571097299156,-0.593680746582742,0.7236193305136004
27394781,begin,-0.4708608172027808,0.8867450768277833,-0.6689593554893499,0.016788055700786706,-0.7011160061639519,-0.24615592843968984,0.21648820315277537,-0.5429092863714405,-0.5306620019512891,0.869947021115901,0.42695219815241187,1.9202547930863618,0.24638305950942893,-0.7843089842383056,-0.20248891624686213,-0.5834172491309358,-0.3717222820219203,-1.2682286893629628,-0.8606343901587622,-0.11090362761343664,0.6052019037961217,-1.0198064244415326,0.6913576780457735,-0.6838994566763524,-0.6294880668434579,0.3459407830282101
27394781,end,0.277059744960873,-1.0557661233017517,-0.5496876622743107,-0.3335121640457022,-0.6791084484435677,1.3056041802928335,-0.2733550393598116,-0.24196671054781974,0.09074224853194943,-0.3224721862464595,0.23313174294883943,-0.7597859346756369,1.918740841338101,-0.6902650832935983,-1.1524198315352083,-0.4460764687493763,2.716007427761491,1.2292726253273096,-0.8668902750423916,-0.5385247262165713,2.97960425554158,-0.9651746680454409,-1.0488424107343948,-0.6364562656519243,-0.604104497074836,-1.268988394746363
27394781,middle,0.10438621430589237,0.5133650587808064,-0.6685556454181457,-0.9786391929473305,-0.72553504911727,-0.5229511701892184,-0.8604722501574701,6.800185495474174,-0.6224691955609686,-0.9520160703057331,-0.7235400863314634,1.367132663002597,2.6625986172821414,-0.798361550227361,-0.269576173401813,-0.6031057662283681,-0.5861596679741619,-0.9025563998323358,2.4394496418597473,-0.6053827569766764,-0.9323092962221995,-0.9993448937395103,0.13634909210382964,1.9323928633009773,2.0726628244595324,0.6034704167581566
28675670,begin,0.4363556978554901,2.463084402140702,-0.6554311484697948,0.10223401065447495,-0.1611534611171111,-0.8375063682078444,0.4422410362235495,0.9976102934299036,-0.27690573645571215,-0.24794388907293663,-0.4566079019452042,-0.051463664912170776,0.2728514095787566,-0.26435362267097806,0.6854251884754411,-0.037919252190294926,-0.706984448950516,-0.5671608494596299,1.7244938164887962,1.1505309185093482,-0.21214423974530885,1.7921635076656672,1.589986108981298,-0.6970298453007338,-0.6324792788021549,-0.29975347389671564
28675670,end,2.9119058997401623,2.7419597801809226,-0.4635000046088351,0.018019164415309073,-0.7066408760885672,-0.7794524541156739,0.9078158106041945,-0.22359073995114934,0.14377460109168025,-0.316965866712553,-0.12559260771473546,0.06064531060482542,-0.3039149229475049,0.1464665896657297,-0.8745625556095638,0.15772046147140908,0.33801100565038206,0.984524193249373,-0.0873499892369694,-0.5984144359376937,0.9566754755709688,1.2770123875973771,0.5236701319124476,-0.6680823400490269,-0.6252466140031447,-0.4733526433235192
28675670,middle,-0.5063930008504339,0.7225379233577403,-0.640965973019819,1.014581828774953,-0.25633703813391756,-0.5733714417750255,-0.4025044458712997,-0.19920574759447865,0.21550951837387256,1.0996098278877855,0.5844725598725415,-0.45083360295572816,0.7332545096558276,-0.715586847927576,-0.4837970539228725,0.45365482203807905,0.12536481629473523,1.269791377900983,-0.25824305042874235,-0.10789358867319898,-0.01834889665859109,-0.02686416229671848,0.005525869358337488,0.26864522267577134,0.3175183137752712,-0.678569273065851
28869598,begin,-0.45388251017753994,-0.06847290105298631,-0.5561129182725201,-0.3125232853399022,-0.2058635941414007,0.6975357166494869,0.03141240153073103,-0.3119453226493755,-0.0768342810820901,-0.794025731917759,-0.8063100880620646,0.8636164639659479,1.0880241893147882,-0.6284002201509831,0.3489651647344131,-0.06195321365651189,0.37877532332010716,0.46395000681571036,-0.11348102256975097,-0.5371516385281897,1.2753465210124415,-0.9586971885985036,-0.26775582309908574,-0.6575101052809315,-0.6091429979306153,1.1775504708046343
28869598,end,-0.4877251543526635,-0.14873059245416,-0.6864594869812086,-0.9674768342221998,-0.07831552512490064,-0.1728727326530003,1.4167965314241604,-0.6195611216776606,-0.6911316698233483,-0.30778536629375836,-0.6394688529272028,-0.802689888142173,-0.4882045916992042,-0.15019797611204583,1.1847015431862733,-0.5618305682578204,-1.0948108432564767,3.285568709437612,-0.3299099871815867,-0.30330495260854423,0.34634842554775025,0.507494025258803,0.4840232411754872,-0.7324072877495671,-0.6542269058633934,-0.32343383924056784
28869598,middle,-0.3276386144320686,1.2441792519954546,0.37297374083630674,-1.168509900973899,0.973944738164245,0.505044976019794,0.08989317357520162,-0.47922398798212307,-0.39940239283494694,-1.1485865837447435,0.07376954701901534,0.22604599966305647,-0.04013570321336012,-0.09004646597903497,-0.6610658246752872,-0.5303413036788391,-0.1283787754060152,-0.7747799946331709,0.6883055113297247,-0.4972286694499332,0.10032290483599088,0.870593009221845,0.13918738934835312,-0.7295845573023666,-0.6533070937384193,0.8394905393023231
28963772,begin,-0.4355045971165178,-0.31287001331305947,-0.6062708358582958,0.5691274266172706,0.4135059093708833,-0.880318962650907,-0.6837486896490488,-0.39846841151596163,-0.28538472858568825,-0.08882685294539908,-0.14762951374626415,-0.6896198648518909,-1.2510814463329438,-0.7255411714208833,-1.0780133924492454,-0.4998993876207114,-0.8403746659267407,1.5604312537751786,-0.8290532832782123,-0.3528174274556906,-0.6335619886374422,-0.9529859992999836,-0.6785303551551589,1.4198855083637532,1.5365110392074648,-1.22492293684902
28963772,end,-0.05300669013465389,0.8279775494333169,-0.6525671616513936,-1.0243751012468152,-0.7198351318140718,-0.34538135686132343,-0.23506811650489984,-0.5401532122056192,-0.549425730018391,2.0094027073270455,1.5694195151295607,-0.8100831847618714,-1.4440325938459964,-0.34849707068006863,-0.8965046990266536,-0.5503292378857074,0.38979709950321617,-0.5130176856907391,-0.8912536804536734,0.42118455332794996,-0.25407571740924034,1.6725626479356,-0.3494175541191904,0.15264935569582028,0.2641759267638632,-0.3604976787995364
28963772,middle,-0.49170935613800376,-1.0627163554444181,-0.6914987292375523,-0.6345346120277586,-0.6837016183306085,-0.16181408703544237,0.5127973960934292,-0.5011535249722964,-0.4502089003605886,-1.2425727382794731,-1.5047130934251918,-0.04756303081744809,1.0539139343708552,-0.7971611035514619,-0.7066178870861988,-0.5642139933478076,1.6176495176464722,1.9641797590086572,-0.8715077433643128,-0.5504943498079635,2.987001843462381,-0.12203055443024959,-0.7388008696889911,-0.6578811030925212,-0.6109161716845791,-1.0463256305781172
29424551,begin,-0.2973640764811107,-0.08549473319006844,0.15477240996526975,-0.647211393244181,-0.7249321524768144,-0.045279561575045674,-0.5062778183442412,-0.3442478099323223,-0.09314171307878553,0.8406810644422068,0.6105489599189255,-0.7926615991954349,-0.7268570392763876,-0.08643268847014761,0.6521389102247207,-0.14491041724924475,-0.051680429015924935,1.1044157198491307,0.932816527039446,0.6214349911560675,-0.20835109186810225,0.8115106957506617,0.7447134232595054,0.24750648401101433,0.3367281767794651,0.2100120631682425
29424551,end,0.5863349520700832,0.2675006765361562,-0.5426296480102586,-0.5341028514478416,-0.42135372690608547,-0.5565993894523158,-0.3360394404529312,-0.23775823177988797,0.11370754345574367,2.39110288761041,1.9752781462166684,-0.33562731684240366,-0.8972172153291531,-0.7448649170702588,-0.41427382096791826,-0.3663634880785446,-0.1667976780213178,0.35672824973014267,0.01754749303710072,-0.6943741971382758,-0.78911100905622,-0.3507242855962197,-0.13426947136737566,0.3916349817798741,0.5213795427680235,-0.3501560240654787
29424551,middle,-0.3373378720375235,0.7305518107972527,-0.6794996014460577,-0.1636913573327365,-0.14391878490196502,-0.11743355181929485,-0.5642050661694266,-0.4466878607888242,-0.30059343106289377,-0.21895126268043033,-0.06679268588715223,-0.5575775760248007,-1.221460382192419,-0.6609454714435763,-0.20454137815228948,-0.5162061010645014,-0.0739461919167011,-0.17272450787344523,-0.8998886831491778,-0.6020737318444022,2.093240543389409,0.25480126788580554,0.29659919655567357,1.4308367154783606,1.5529856209630652,-1.0638641241031428
29939161,begin,-0.586752134481984,-1.1887187328020266,-0.729513113075632,-1.2420058796447744,-0.7898884665238799,-0.599335528788349,3.3749482623978673,-0.7389349972263406,-0.8975540220644658,-0.8998268797048461,-0.9575957305207415,-0.8523058202753352,1.778446226365028,-0.89662163813682,1.7382399498558434,-0.6919789951851232,0.6594668864012534,2.1840844963317196,0.12206046583303425,1.4646816733173171,1.4925119196330356,-1.1177582162236783,-0.4230534511414466,3.659568250843365,3.9035316954380295,-0.51336773528929
29939161,end,1.526588619122549,2.700827443596777,-0.7104788836088974,0.3956410893541877,0.043690404122753906,-0.8739121233460806,0.8942293455431174,-0.5030989263272281,-0.419163170134849,-0.5254683005970785,-0.7674092785448738,-0.8237311909795616,-1.277303913998038,-0.5116483023219263,0.11753185231337339,-0.06809672935008582,-0.8965583888672719,2.6246045712567625,-0.004847884450998082,2.0145061570028497,-0.9996594040258264,4.630894418501957,1.159901914716259,-0.6863449525946459,-0.6321627486030966,-1.636265557583875
29939161,middle,1.2283909533676727,1.7743197667264516,-0.7433865898887275,2.2219092120514827,-0.7435193017913599,0.280755485595762,-0.5715393383557071,-0.5923731086624686,-0.5851795796812332,-0.1462742391586776,-0.5253552503177907,-0.8410681716412359,0.7053061082943106,-0.8848956024592785,-0.4320682077124837,0.7279945197383421,-0.08550941677008239,0.9079053105282565,1.4701827869782693,1.2992711281476323,0.46504986013368865,1.5991472024820654,0.005803896929731793,-0.727628955756432,-0.6525522216762302,-0.7760296187038768
30291077,begin,-0.5041707535438754,0.08257223055246601,0.7094819280627626,-0.5430143320964633,0.3166929422476796,0.26490461579465924,-0.3564133199758679,3.316015907657332,4.312784358643284,1.2101363108047307,0.7082618679722182,1.1056709738680388,0.83762419716334,1.2965479027713949,0.7155030673721076,0.250298242766903,-0.5912525331651907,-1.1541369552778935,-0.8880735193363185,-0.5609635060014903,1.3746410992606657,0.14548499793041403,0.4263498734974072,-0.651241168232175,-0.6091762598665967,1.1840795210370036
30291077,end,0.07643072065273414,-1.0990579941896974,0.5603619198739224,-1.3159481503383152,-0.7189602244331474,0.5099725918670424,0.30318206275839105,-0.40590316439427765,-0.24387757191834972,-0.4849938172597725,-0.31397385369142383,0.5144257909707453,-0.304265723933893,0.007703459951170484,0.984312120018595,-0.5460377086683407,0.4652104700012201,1.0385871754989713,-0.003298397789654407,-0.6361919045115142,0.4590610979967927,-0.7419911038923334,0.7612664110819991,0.3929999314631942,-0.6437389869242247,-0.6786521974505143
30291077,middle,-0.2734431019691162,-1.1347451738661014,0.4130819616439655,-0.8917123599524306,-0.731716250934851,1.6865280113866028,1.3477506858894084,1.3994072009457599,0.534908839210823,0.6932494408122138,0.27321648159187084,0.1374745355322805,0.3361140249479698,-0.08735683349564917,0.011117987636806456,0.18843661091180935,-0.9233394004516298,-0.9719001255197764,-0.19048123674162362,-0.5931701929143893,1.1091330594133226,-0.5176211834801467,-0.845042534246942,-0.6838970505208484,-0.6299782790028533,-0.008932303817321977
30618705,begin,-0.5603036349909493,0.7347978337847103,2.848195926857244,-1.0862091012146393,-0.7818119566042752,1.0016355497905867,0.050632120935344034,-0.3443811399136894,-0.11296305729126324,0.22672096019639745,0.10977702410864836,-0.8302501848441957,-1.139655734596571,2.2348510308234992,-0.451395303542781,-0.5598251474439223,0.3722290929284694,-0.9111155417318845,-0.10308573725530368,-0.47572059934233274,0.30642762374785915,0.5699376270027154,-0.16483553595943687,-0.7880018562496945,-0.6813460707209165,-0.24590121372424617
30618705,end,-0.49758118559500797,0.6419898077909002,0.6448320777952832,0.6984590943291538,-0.668248073750945,-0.3014893629425998,-0.6663772687639639,-0.07578691719049174,0.44213814468974544,0.3740314154411948,0.45830320833027743,-0.10912757595950529,0.5116779840194018,0.10127340727032343,-0.7124122855741175,0.6216805964740492,3.208133243196669,-0.27717837949386065,-0.05661139224272175,-0.5235152487770317,1.56190815856453,1.0634046349535153,-0.31044582999324394,-0.6155013697734851,-0.5903790270980949,-0.49433495667188765
30618705,middle,1.548806076080754,-0.06935740086556613,-0.6490834558392835,-1.323593570128151,-0.701007364984106,-0.8483562658657803,-0.6034783067115638,-0.488361170890147,-0.4054429717896226,0.8483809568136046,0.4829631941201296,0.6551104161676021,-0.4874056830060599,-0.7850959491074609,-1.426550632737284,-0.5817101542256863,2.269442557615444,0.7098073734617213,3.1029151033454996,-0.6081190169560011,-0.9539148006985274,0.16592934924164665,-0.886919596300274,1.4152434436108625,-0.6336645673983703,-0.36568407484631893
30627346,begin,-0.4378991332057246,0.25216753596932096,-0.35005762512446087,-1.1568995729925444,0.24498947991368475,-0.3874671076755221,0.30898175359123226,-0.27660143256644387,-0.024400007005548913,-0.8005963877447662,-0.8535794451535725,-0.023654383481883874,-0.41528388055372,-0.12970505672807447,-0.4177049590954501,-0.44116755101615035,0.35205266933371326,0.24045637596695388,-0.8229075944275163,-0.39352517138435783,0.7561121160395115,-0.6612689164171807,-0.32909944635360316,-0.6489518806584683,-0.5997225165172172,-0.08410625995956533
30627346,end,-0.4095771518232286,0.04539611317158786,-0.5029865740875517,-0.5007822684557304,-0.6735252434228636,0.09167188346076503,-0.17382941948815273,-0.4059367213203353,-0.294248211775174,0.35948431117791924,0.6981812989506009,-0.7742175935247949,-1.3668264807148662,0.3059592788604325,-0.16677135752150388,0.4627088466455245,-0.4826580192393146,-0.5309079548480676,0.1161246056917091,-0.40043045862962534,-0.9249902822158099,0.6022882906074848,-0.08965556266569528,0.06665794565812554,-0.6236596804863981,0.5874305327966315
30627346,middle,-0.41655070203348604,-0.9507305773300276,1.0202481180623963,-0.6016755135854704,1.7668372309797513,0.1623881363313903,-0.5118030266687265,1.3802945372903175,0.1123124567912138,-1.0048578578153922,-0.7429038487148367,0.8209047703848165,1.3917288671327561,0.23010662985390254,0.16569183161087134,-0.4093319353197295,-0.4549014042400056,-0.5263100311727631,-0.8039857664174878,-0.3067305925380484,-0.32659001624996736,-0.9384673187890364,-0.1451140745713035,-0.5507710972833281,-0.5442190460813555,2.0307828830662324
306364,begin,-0.47680990261299794,0.06302281294847917,-0.5259927368207383,-1.1206970327221775,-0.04602386876435796,-0.8121661163598273,2.1995168370899663,1.4426682929426653,-0.21326149292736965,-0.29625028003102066,0.12789562357385625,-0.40856186136557565,-0.4934845458479279,0.25739987786959695,-0.3039509645106937,0.3512944779150321,1.2443185165963473,-0.9068566535524073,-0.22889576865123146,-0.38536481592277294,-0.9089527073578841,-0.999320307706498,-0.2098274170731406,-0.2518782171096138,-0.21216959101133182,-0.5511691663154098
306364,end,-0.29515065680409724,-0.573878687359004,0.3898122167379459,-0.1233333041521482,0.5600852638644943,-1.058066060544267,0.8109369950665241,-0.5354731541921219,-0.5401835089798884,-0.6960339663435552,-1.2963253713238638,-0.8179598306690967,-1.226777947482882,0.5653053839533118,-0.346438969885114,-0.4575886402684955,-0.4822019518571643,-0.08630765350116713,-0.8940636503171809,-0.4720897669771659,-0.04165214609960225,-1.0591553580005306,-0.9029524401816073,0.8354122139933667,0.9391490518697511,0.20606719802433043
306364,middle,0.0704430527535693,-0.43226674309536883,-0.6909115405588194,-0.43098802954213,-0.0017036130240168131,-0.5673060771165843,3.20810244904531,-0.5422588822298726,-0.5313280941667385,-1.15414325870809,-1.1523441899444231,2.4223988121558406,-0.3308243714400423,-0.5990129047590381,-1.0661332042234277,-0.028206869925749542,1.0560449579202227,0.9539472562873945,0.3044234793580067,1.9743967027720275,-0.15845421089341957,-0.24985226044391207,-0.8707897089305442,0.4791261692945817,0.569056930048578,0.7390972389389682
31276376,begin,1.1615739121143338,0.7252026405926897,-0.4933881111639519,0.3274371059935957,-0.7297175593891355,0.5485936040943306,1.0480412998810453,-0.3149062520532301,-0.024796697589629747,-1.33806120591483,-1.6114662403032938,-0.7994030832393811,0.10977177037112194,-0.3385542149120272,-0.3038768768576631,-0.5454400062403526,0.36836732879720796,-0.7343059692683634,0.1960177813364523,-0.5464358296051867,-0.21463709169257844,-0.04225874322079283,-0.375620682120786,-0.6986351796244542,-0.6382887303699526,0.6499614681024913
31276376,end,-0.48998056104967946,0.7676170417695453,2.265539521022,-0.6904323007632619,2.3663947063015427,-1.10067085741396,-0.3551955067279832,-0.401948358399771,-0.24035422010533133,-1.4565809210150054,-0.8018584574254358,-0.2028985871855583,-1.0022042100588953,1.3025084655318826,1.2773069025283834,1.490765692009604,-0.3767890433400279,-0.022681921722446742,-0.8770598804685515,-0.4194422467080862,-0.2907485170032919,0.6323090276511767,1.8188728613475451,2.494433592828605,2.6389477399331542,0.22332458348511375
31276376,middle,-0.5034093838521168,-1.0929013755555341,-0.5324914313390043,-0.6719079320859264,-0.7325846430769186,-0.7841209788334825,2.0895058581143737,-0.2605426297415157,0.06953535779795748,0.33274535970543667,1.1649410753083036,-0.6923674809645984,-1.216292099416523,-0.704114616592968,-0.267544556889907,0.00881601136089148,0.5406571132223444,-0.5992437086944867,-0.057277288345918664,-0.22788728459531918,-0.6027799091113056,0.25542734223538066,-0.4888948274111267,0.8881046301331402,0.9990324996279921,0.3025137752724389
31424202,begin,-0.5188926259295932,-0.428951279716125,-0.6436540195469678,0.6179094149228982,-0.23852445360227656,-0.05281258850907913,-0.27717447986150434,-0.29585306355217517,0.002162593459512935,0.7729227651577297,0.7817348693914902,-0.7966648399812791,-0.5174324230989619,0.021475105696996385,-0.004412921774213464,0.3645381243432687,-0.41716795270224105,0.14111192884052456,-0.13003192681335893,-0.049549639387466274,-0.7688857144345408,-1.047462078323917,-0.4206765197988512,-0.6581751167735006,-0.6175107403446671,-0.1808108870807679
31424202,end,-0.3049225905514895,1.3170870149559566,-0.4952855257487474,0.8690585223813864,-0.1405547226304983,0.8378221335872094,0.05196640301009592,0.035173411608057724,0.6601350744165586,-0.17849031041264157,0.374087853088036,-0.42409119967712106,-0.14436287015526886,-0.6752641652130015,-0.8977727252880442,-0.5804018296345603,0.2571410172152083,-0.6940183701524554,-0.8968050224823694,0.5542255644065701,-0.9668188059708844,0.7283120229238111,-0.09007466656329725,-0.6614263370973977,-0.6162558398071655,-0.33815570660431543
31424202,middle,-0.3209077344777471,-0.539480688795973,-0.40239531542287416,1.0535619708661765,-0.09902836692994066,0.09074999884873779,-0.3169049631427328,-0.4636601624942156,-0.3487683233625453,-0.2512027657170353,0.012824221976432732,0.5143867678928671,0.4775309489273122,-0.26066292803931157,-0.9605940096828832,0.4741136104061923,0.411953107310441,-0.050521175454414986,1.6066051207778778,1.0497954308327289,0.3283602846023593,-0.7803734647860467,-0.8092674473159447,-0.7825669563959912,-0.6807265500294968,0.40168606909128557
31625455,begin,0.7308503863444864,1.5529159179738652,-0.20835435820643533,-1.2924118740064934,-0.6626401638105501,-0.6105270873064631,0.4796566402698716,0.2874798501308887,1.1891334922594725,-0.04160844506633388,0.23143653529903824,-0.5295191512649063,-1.2440600810169604,1.5897858886662406,-0.08203003422571645,-0.578156273330567,0.13092133696867597,-1.2483546921854556,0.27672423206767666,-0.6326107251731813,0.58736608916938,1.1155301275668723,0.43651234240046977,-0.6980900606909515,-0.6343673167080609,-0.21279093608696062
31625455,end,-0.5144442427483997,-1.1319278198696563,-0.7006311910410087,0.09562899484213927,-0.03014427025792972,0.14370554003998792,0.16648973410749782,-0.661988854992932,-0.7782101019922477,0.15961056207067484,1.5402138004623716,-0.6321891096899259,-0.14203867532108794,0.7137329416740794,-0.48450566127766515,1.0096135277046985,-0.719472780014349,-1.303947547392677,-0.061064556689029055,-0.11491124767492958,-0.14735958851604078,-1.0546166536735786,-0.8101796112348068,0.7535126299471336,0.8849806372012401,-0.9546015828964739
31625455,middle,-0.28951876207796523,3.222660846555111,0.7937764281482057,-0.12205162415644046,3.036201703780111,0.15428996450313964,0.7779408195092822,-0.5727496053678484,-0.5937753088201346,-0.41184316102018753,-0.737480626503375,0.3643351869133166,-0.1564318064126169,0.9635733205918047,-0.019240393976050103,-0.5795424408123138,-0.30503584025878355,-0.6254663393325303,-0.6527805826413605,-0.37963192824539116,0.11718124982305098,-0.9410657892739178,1.357471697461995,-0.7112296014691047,-0.6399178295626663,0.31796261233266865
32195234,begin,-0.5685258256311333,-0.33409480022700766,-0.7044130106330939,0.01711191753345628,-0.7644226945454636,-0.7370325544670321,-0.0976856516514585,-0.6340239028346145,-0.6860420152277731,0.8144768226206224,0.3511700011081611,-0.2795436019018676,-0.961943645763035,0.6843256149060569,-0.27865065745645995,-0.6126844557533622,-0.8145784620072295,-0.6218004509109214,-0.004586010405565696,0.8641043907770404,-0.3028875198903871,-1.0900228681053812,-0.5672944050901103,1.754737282582037,1.9281010158571394,-0.9398002773869951
32195234,end,-0.5290179336360576,-0.12279532140176391,-0.37127047445677,0.022166697891395533,0.43588539588003505,2.0148093657634405,-1.35298690927114,2.3642059121386128,1.0558489696841133,1.2836965068218322,0.7979038067587975,0.31820582391110747,0.06484127033445221,-0.3483744947208565,-1.3107589249809657,-0.5705844650440104,-0.3649071350476052,0.3522049068061861,-0.36206622019744944,-0.5565281855860441,-0.09994086644653073,-0.6812184778498156,-0.7921943080864893,-0.6497539137731849,-0.6083224916672891,-0.30804212174027307
32195234,middle,-0.21313234641092688,-0.4225123353116768,-0.6465594106186976,-0.4868105686584238,-0.6962635284277578,1.2097605776869376,0.8916094217794412,-0.3191619931497293,-0.05627212810491336,0.17216044880325215,-0.25848578765145974,-0.22344462109671118,-0.3602896361394381,-0.7358759978753446,0.1358426792566342,-0.46047423777547647,-0.8034655478797216,1.2153865945178692,-0.5721130171835683,-0.4493805043724249,-0.1059238268476181,-0.5553864954501235,-1.0972900649019275,-0.6614805912516825,-0.6194359586208801,0.48155210429221107
33743772,begin,0.7185981247311338,3.606758916948126,-0.3819172259271746,-0.8127028772328896,1.1803865375230398,-0.43812853112483857,1.0533260491575545,-0.3863104189452953,-0.18877634764937648,0.38229972282138364,-0.06926631377726764,0.23781126793347665,1.0326134521105998,-0.8089057421524203,-0.1306945754673986,-0.6028519479476386,0.35161145538435534,0.43071595929157,0.17369872088752125,-0.559160545634816,-0.037466373608806704,3.5279889147357872,1.015472869451449,-0.6469677891954149,-0.6057263926853692,-0.27660118757433066
33743772,end,-0.2370489285563041,-0.5050088668447984,-0.6674851078800861,-0.7421389547010858,0.4981257379212173,-0.5585506917412011,-1.1445480184899282,-0.5961747414639684,-0.6373713419773879,-0.11966601443592874,-0.06096959363014499,-0.8188773664774618,-0.6810413662383328,7.547604818140574,-0.8632764329103305,0.3258735896477957,2.2836081643926103,0.38688046457436726,-0.9089678685002232,-0.2083795160327351,2.295166489457907,-1.0421527625569575,-0.4605910956332042,-0.7577716014093047,-0.6638541703619149,-1.4800115791640704
33743772,middle,0.7549620126869239,-1.0939188555769537,0.5831324613792324,0.9171516190170699,0.6584775061852708,-0.7853070742616294,-0.5630080489758623,-0.3395890592725202,-0.11999962810943329,-0.6096338499940837,-0.5647455284482499,-0.29574588048874917,0.4967349944816649,4.322794418721405,0.18811066846345134,-0.571789934921285,1.7913462389261494,-0.5712149736756432,-0.881981308509754,-0.3149656024927886,1.7478747622404815,-0.6237584142617105,-0.3840041000423706,0.9680532148973872,1.0785746276604775,0.6926133622446804
34272677,begin,-0.5481161856405464,-1.041399219701019,-0.7186348024931272,0.1985115686738567,-0.6836412629489758,-0.4020932123150516,0.0815699533040688,-0.43874410536118535,-0.2758331435143499,3.7523210670544955,3.257286035324018,2.2943664975680838,0.6108581507193607,-0.8640597975840675,-0.7417890379330749,-0.6080009152116189,-1.3237899268477462,2.407089631135357,1.5570268929247821,3.2821264404288666,-0.9964450124058494,-1.0821020725898394,-1.3208906249969796,-0.6605185066332833,-0.6190255140557323,2.3055498316498415
34272677,end,-0.5765927815982499,0.0029425413286369314,-0.7564873213290191,1.5415778046056565,0.9881486911786131,5.358364020753639,-1.3354214052801074,-0.19144197092689644,0.26802060591642,-0.8863447078974732,-1.978093526430025,-0.8541881298699174,0.43188249147556085,-0.9023260459926291,-1.1982267240248878,3.2134253687320347,-1.395376858627823,-1.4273141986037832,-0.9521637299667945,-0.09365077178582794,-1.002553749778518,0.16447554164531053,-1.1987023501368388,-0.5757100520196629,-0.5697669679202245,0.01316493010363018
34272677,middle,-0.5403415103992512,-1.1527545264831895,-0.33006987203957716,0.5211537999773936,-0.7517913627842452,3.029847140509822,-1.5504226519765725,-0.6901627489293133,-0.8279735132194587,1.9870226052832711,0.20393100958910362,-0.8321556569825347,-1.4853748224098877,1.3699471794393594,-0.17569943728673448,1.2533521471368578,0.13096625793367445,-1.3350028116209536,-0.9187955775058225,-0.5987586992038614,0.3046707560224477,-1.0857897243130814,-0.4207711383579351,-0.7562728276440844,-0.6636871326717988,-0.6081153931209182
34322023,begin,1.133470220013825,-0.09084588788353364,0.5218438248258902,-0.34349319264580735,1.0543483689564714,-1.1186295111191205,-0.2467019586351443,-0.3944813401145019,-0.25301831277206216,-0.000506946702539157,-0.3328753518164033,-0.7687633711584287,-1.146198715328774,0.031052645585504125,0.8163640806422058,1.5327302675884131,-0.34527961885323727,-0.05470995382893212,1.4603534768387059,-0.37772112530550866,-0.07033269090195197,1.4650126890451625,0.824303712903206,1.2448827640521831,1.3708938198309635,-0.9551775763053846
34322023,end,2.3067016080710543,2.2446545766085955e-05,-0.6258041364784317,-0.636211417596952,-0.17954364633628098,-1.1949720267762136,0.4341907043186655,-0.46516821494848865,-0.3586437687152749,-0.5822395115290361,-0.5524301861900466,-0.7570121637939878,0.0006789723647345141,0.11628337101323499,0.5245627604081617,1.4634623656995613,-0.006896431734324263,0.2045286816512921,0.3612503566613428,-0.5786124685950478,0.5574137672865124,0.617831774501843,0.37877115012622115,-0.26830605623807086,-0.6168795889662898,-0.6131026218401894
34322023,middle,0.500450547386252,0.8186406861630084,-0.6168547567404714,-0.09245231800435255,-0.7215039939274157,-0.9256503413027047,-0.35737763968718606,-0.49095367388639666,-0.4269017736069787,0.7877843546544289,0.08580031139542436,-0.3923942987072815,0.25076105762529133,0.15846094714253944,0.3192982860877058,3.2122254933943415,-0.45205098300637914,-0.33406421931785246,2.299815062798568,-0.3972129101732954,0.28755953150812597,0.6302362328537167,1.031885296789257,-0.04758682343101711,-0.64928717365436,-0.9579468882452018
34438741,begin,0.28724028195169654,0.27437350692142837,-0.40308896540661915,0.6679485649795518,-0.7280493788880907,0.3755808594459731,-0.25229470870020804,-0.11994123638557946,0.3463833348679469,0.10426450931368159,-0.3765150401106309,-0.18341608428603465,-0.5167591057628365,0.09388302449147397,-0.29198092709869417,-0.47445999154592405,-0.027121529126229102,-0.05908538148260083,0.2070910844973086,-0.30837583379274913,-0.8401092069998106,1.1100374136274185,-0.07075977190431541,-0.23161127048911692,-0.13834044471669646,-0.2477949706207309
34438741,end,-0.4984950124121477,0.16455981005360787,-0.5509751812697761,0.10518959463738725,-0.6752480434412118,-0.19769387169806915,-1.0834237180414632,-0.16848117921603487,0.25441974558427183,1.2959356405338847,1.0003037801490553,-0.01957240022280608,-0.262761552664794,-0.24718954418700398,-0.31137666472152264,-0.4402535487652854,-0.3968099340631722,-0.3989711777488247,-0.3219084307810543,0.4986130219479778,-0.09836448602864709,0.6957872038405052,-0.14253916946726555,-0.23483884704305594,-0.1759319311793002,0.2338951913610353
34438741,middle,-0.24569213817184246,-0.7403805651432176,0.08420000409486078,0.7045477286951173,0.34427860137628313,1.5506596252603275,-0.28407770429163504,0.900649886445371,0.5662904376136405,-0.5547890440145448,-0.8550214157681019,-0.11714947668035827,0.13050602974131695,-0.08397129835853753,-0.31105221998630955,0.2884095169040524,-0.4309317770593256,-1.1405175393072715,0.3432919301796542,0.6476184572096133,-0.4221909848626674,-0.42521268779225035,-0.35580214216939576,0.007809792803105828,0.043367565406279784,-0.02062975085084087
34812836,begin,2.2691008001521444,-0.3408445071642436,-0.5514566179464135,0.7066204370271828,-0.7368602017912945,-0.37522360395722537,-0.92826138642235,-0.181490519766652,0.2337838801217727,-0.07304513445246319,1.3108476651326262,-0.26657780359295197,-0.5288829281243631,-0.6566232646969208,-0.18401593592295049,0.22603885206268884,-1.049160341286534,1.2416258879263016,1.2395984986944584,-0.5013996181359629,-1.0079838869109554,-0.9351091374105205,-0.7726272425929634,-0.7105289559853286,-0.6461773581437994,0.9598579229649167
34812836,end,-0.05071546381375986,-0.941533363194312,0.669260896909316,-0.4849749542901955,0.8331281956846361,0.10167936330482934,0.0809278333799931,-0.41482421349165927,-0.2813392130348388,-0.5134474620411541,0.02200494058182701,-0.06678837933744526,0.817928246835918,1.3841238429345204,0.14392284327258667,0.4357871657329029,1.0283504100052672,-1.2391507043930816,1.7003512932350793,-0.1735042574193225,0.06405392281326847,-0.8526768204837039,-0.3034104268208846,0.9265171052267873,1.0217357598607149,1.3014454438484329
34812836,middle,-0.13308149510409115,-1.0814813504275502,-0.6989226424835199,-0.8441510119818952,0.3900436502664818,0.23139740319082988,0.7369938781330053,-0.47369174847489626,-0.39046594970495824,0.6739154402276604,-0.11644790583474376,0.3580785499813243,1.079511930235856,-0.7817832762278597,0.7724496531325467,0.3009061286607416,-0.7038298572792581,-0.6404718015520171,1.0785793894813291,-0.5937894041303552,-0.9585086155734693,-1.0463070766936338,-0.11198411121618375,2.44701961029176,2.59764588796538,0.8071662953598701
35008850,begin,-0.5555048007235367,0.009311069888675258,-0.7241997925510609,0.21078170499437573,-0.7425210540527927,-0.41081043523728317,-0.1927524032645203,-0.5821459477470101,-0.5791349988748945,-0.25114330665624346,-0.8241542674243297,1.2943013800514387,1.9720301713716888,-0.8593646448630212,0.5416022874887787,-0.6271541731923629,-0.9650161569216088,-0.25389078270573706,1.2397932212812677,-0.5565657970377684,-1.027949432215564,-0.5011042777479944,0.13877992175594991,-0.7288523666974772,-0.6528389093003985,1.200478557873403
35008850,end,-0.5419530483009037,-0.4122058554589991,-0.6756839687828377,0.876404194979891,-0.7116423876085904,-1.1193998976632866,-1.0361438651614454,0.9515031597511354,-0.19894372794192328,0.8796841962824715,0.395290022907042,-0.3934079072777462,0.3552290533381844,-0.40753677103703045,-0.6249568484000174,-0.5487659228968108,-0.35865768083369653,0.9956775456718008,-0.2349744763832968,-0.6359246834468095,-0.6625005936116806,-0.09890903744015171,-0.7878771311026916,0.17760936301532954,0.2656555387575708,-0.05684880954942735
35008850,middle,0.1866255469980493,-0.4373465780347583,0.38403054211629717,-0.8132651052185353,-0.6677652766697374,-0.18249895057257484,-0.7168644037036291,0.22885362875553433,1.0516714131403242,0.4294430177803029,0.5019568936868336,-0.768232376627547,-1.1121143422634536,-0.0921078312723573,-0.7294418568446005,-0.13344945944073383,-0.5324150920840669,0.4832664883010562,-0.7238944980406945,-0.2197206797183946,-0.9481801057652832,-0.22360660499003573,-0.600946124910838,-0.6352924787977456,-0.5999136097497069,-0.46434047822306906
35053870,begin,0.11591942666305266,-1.0863924331457993,0.8357219624372857,-0.27174652385477777,1.1553156823895994,-1.0216397662009302,0.05122088975829323,-0.5373005806838161,-0.533711619875916,-1.5835772340056569,-0.8386565229826008,-0.7904268955372419,-1.0626379162346715,0.4387174006408981,0.48972826405952424,0.2698675327486937,-0.24920005210739982,-0.16388521756182192,1.6762838669355373,0.9537640953279702,-0.04148884449309558,-0.7286785329723294,-0.0725012361620647,-0.7005477654935715,-0.6343932777444832,1.9759803986300812
35053870,end,-0.4809383117671722,0.3668885598038346,0.5193124419944031,-0.5682995739985112,1.0278102283218302,-0.1516929776327649,0.5979735874542266,-0.5554917263589847,-0.584281774031737,-0.5895590768647597,-0.5060475332207588,-0.786877599988399,-0.23977533699554188,0.9576594514038695,0.3807853482653131,-0.20847153520676873,-0.9632395872531372,-0.40647283920676197,-0.28851891854467815,3.100780211566582,-0.9389104959809317,-0.5530761917784908,0.5192150503038281,0.0227459443541575,0.1144883369968578,0.5731329498285632
35053870,middle,-0.49395489713527774,-0.11551595011779382,-0.6650600442139436,-0.6626071519188435,-0.06951858533206014,-0.030290175032423736,-0.706261113761672,-0.5429097255291058,-0.5250608424342503,0.8771485858798556,0.42405004829894744,-0.31784384420155565,0.10977466406249713,0.0026318823479813684,-0.0454715886243898,-0.516081532680491,-0.4368671191567416,0.11538075361459273,0.9677562664559385,-0.5601260883189196,-0.1375750171321646,-0.4369258220051812,-0.2037188523169994,-0.7095337742699442,-0.6388632420541795,2.4107792611753047
35109856,begin,-0.5264674116569172,-0.3286698071554362,0.4236889708588523,0.07536285882696585,0.9352486446211171,-0.5468787909865993,-0.17177859616397287,-0.4305192376193226,-0.2976440605558957,0.30243244699529875,-0.7852567688615637,0.07212568880160233,-0.8509203535143314,-0.18336786942587688,0.8354316589838905,-0.1582263972222035,-0.09374759990164777,0.0030862979971134873,-0.0832461786501456,-0.5219629307999919,-0.9955295780863289,0.025644822304813783,0.5362929257647837,-0.6940570042990085,-0.6346290231667926,-0.4616068589738315
35109856,end,-0.5000570956100331,-0.5108154656522799,0.9175705646199912,0.11252851160570587,0.9161352120626487,-0.10393073722188782,-0.7566060624908598,-0.5660273025596878,-0.5796017201429591,0.4828653812232786,0.8736404400784511,-0.7600369592677508,-1.161788339257302,0.8458225296430647,0.6863580651549593,-0.46433972713469235,-1.1591260467521098,-1.013240906321874,-0.08627273436385122,-0.5355572537888345,-0.978672656364409,-1.0087151112115407,0.09895347085697755,2.063198063603628,2.224048173737258,0.7817339268583784
35109856,middle,1.304353507377698,0.5095364046940243,-0.4694750875622375,-0.04132970913033788,-0.6433478062998652,-0.9386939832212995,0.5084097551846536,-0.5447882340308504,-0.5436069513326387,-0.333232554518311,-0.3228500573198639,0.10054809724048455,0.5765881990068168,-0.7809987896833033,0.8531085274137602,0.6312686669937781,-0.14062763384659743,-1.1331056278384537,0.846465069840687,-0.2480340686988208,-0.9030578365206468,0.8869171873471986,0.7903749308091346,0.8028272468208552,0.9090253463082474,0.23036596213113214
36429604,begin,-0.4639293319049468,-1.0201880878446843,-0.4846667865963354,0.10894927884202418,-0.6237802377719948,-0.9498695586803262,1.0063812048615464,-0.18346827465453217,0.18165127902198805,0.10502425684868635,0.11291620643337402,-0.7909511573363291,1.3679091219357924,-0.62590318754742,0.6681147472506938,-0.4975898546270426,2.3233330066880207,0.36778950022603035,-0.8524166144840145,-0.4975957357091728,3.343083531947104,-0.35718761140904165,-0.7172732527458074,-0.5878807113458342,-0.5668846843594634,-1.3564175878685432
36429604,end,-0.4525707770732176,-1.0602101055944553,2.2210360488770315,1.550543142632757,-0.6702989264111104,-0.3424280247749626,-1.27668571683347,-0.2788597419693946,-0.021708979184975465,-1.067743778311148,-0.9313351318040752,-0.7832935514538613,0.9154314223477286,1.1322644125378718,0.012813921829150325,-0.5356966415294075,2.8549285233011643,-1.23368171517555,-0.8424314305275602,-0.5994702065701225,4.069316454472848,-0.98925402490747,-0.7912405729289178,-0.6791149246964704,-0.6162306464349729,-1.5157801411585994
36429604,middle,-0.5186549219002846,-1.0944682359240863,-0.6129596484450367,1.3668183972677044,0.3006111963767554,-0.28768717000773686,-0.2114463486501198,-0.4258953388529678,-0.2863775345002308,-0.5940063283338588,-0.9101333387916555,-0.2541395734850354,2.5718968021202433,-0.7640968358870062,0.5981430025604759,-0.5334341967817295,0.7412777239827479,-0.0653838486666638,-0.8968191737638573,-0.6159001831282085,1.3871815075323437,1.1056441326194326,-0.8111351799041758,-0.6981976939128703,-0.6319511038155712,-1.1012732610099165
36437212,begin,-0.5065718592435655,-1.068426523294765,-0.6641161113858157,0.7800572185061642,2.4150552377924477,-1.0471611856813205,-1.0688367672919166,-0.4872846690166427,-0.4155611811763124,0.25348275307297297,0.4756262036117735,-0.7586621386093778,-1.193195219696196,-0.7850220456922749,1.3378100670026687,-0.48059879062683636,0.8353653521775296,-1.1861459947119564,-0.8824318429325508,-0.3188949862634282,-0.9613066575913181,-1.0107694232787334,0.26311249438688467,4.938345211360624,5.16951346222247,1.1080720276222336
36437212,end,-0.5714953073364188,-1.2107247993351102,-0.7533279029440128,0.5926261501211522,-0.7997276390329805,1.0286104630393673,-1.643710186022144,-0.7671954128011206,-0.9672467875050493,-0.9427421862008265,0.20065500362434857,-0.8524933021377098,-1.2045016867368052,-0.8995750449395375,2.0307646080504576,-0.7025846210722093,0.19308085892353868,-1.505515605081463,-0.9485446611723879,0.22497422198704906,0.9959271545539429,1.861870718138363,-0.20129624116519493,-0.7970729742860845,-0.6888495843008562,4.1059240789375915
36437212,middle,-0.5238877582208422,2.0414961163669276,-0.7162415091695088,-0.21335985819033967,-0.7413920676066562,1.6377291325541488,-1.5192037050608793,-0.6437006976023638,-0.726704658488747,-1.3040179636918048,1.2621712318950828,-0.8276233084042095,1.7559821029826022,0.1863731976644381,-1.6433018246894837,-0.36126666798215207,3.609939266257254,-1.3277649715101665,-0.8990012893096775,0.2410012424617493,3.4946202001473026,-1.0641420979770317,-0.25225474208200266,-0.7381335556594996,-0.6597768545006336,-1.6566176429216994
36512901,begin,-0.5420592307609998,-1.1247006839231481,-0.6572855354012881,-1.3351750444319401,0.7737602384954798,-1.2242667296206875,-0.7524612995401446,-0.501591949216096,-0.42164863501734573,-1.7835119361811704,-1.9969938169577808,-0.794062322356608,-1.3525748246369913,-0.7537159034340623,5.460918492572815,-0.5148691858483372,-0.22240856613844834,-1.3449843853212566,-0.9203491894071215,-0.6416433893453134,-0.06890498917746103,-1.0448669642499717,5.305415347277347,-0.7230423771823798,-0.6502201263304891,-1.5386440213213934
36512901,end,-0.5090506784117884,0.6110396681251612,-0.6217500886661007,-0.023832865278438836,-0.7124003005111996,-0.22423355040599247,-1.3591139164096795,-0.45221083970794607,-0.33019048400542894,-1.7056347699372334,-1.0259913231332125,-0.7750534192077857,0.26782508244346837,0.3138438649990349,3.142068074372384,-0.548905556343063,-1.1172182768026713,-1.277452219247174,-0.8905561448438872,-0.6174507993054962,-0.9525810248736134,1.0682093893747815,3.1903292807640526,0.7985234611538204,0.9069034209061964,-1.4571407596304553
36512901,middle,-0.5132959025282045,0.03788777485367301,-0.48457897650598686,-1.2839535092661478,-0.7175497251831096,-0.9743068670349742,-1.3917081442934447,-0.2680618092837403,0.0416593164368793,0.009388827076086861,-0.3615200021448285,-0.7849972549122343,-1.3567842575985478,-0.6826608253010281,5.41877543883508,-0.56310010713238,-1.157704497447971,-1.2987962061841702,-0.8942773026634959,-0.6284037354025561,-0.9689394771796636,0.5876129283756132,5.901653631402849,-0.7106009965713411,-0.6416931003515159,-1.5020744226866525
36564103,begin,0.0549373898157731,0.3506886139491202,-0.725360646441475,-0.3137991431759227,-0.7084829553553741,-1.1167614694247268,1.0791499824256539,1.2987410608463028,-0.32881108865230513,-0.19611301282714347,-0.0424823977875769,1.3971224081069618,0.894020362315181,0.8457515821765671,-0.030296847763852806,0.7983999153755783,0.16432273873441047,-0.629044048429942,3.289293939155788,1.4441005881403117,-1.0064539261246133,-1.0785559992335974,-0.06186799109798113,-0.01460188747006883,0.054982302429353536,1.7396493110897502
36564103,end,1.3817567361361895,-0.4467091294329505,-0.5587758755671313,0.9904892160772198,-0.7063353618171307,0.02125972138536587,-0.28457358423093887,-0.34571690107567327,-0.10635096430392067,0.16171294961684043,0.19032924430355183,-0.07265092781635017,1.1281526851768215,-0.023360973376952497,-0.23751622519697574,-0.38484851962900934,0.44697535206374983,0.25835488870357437,0.03742897462011734,1.1525397805851458,0.5634804964815973,0.5761304322797564,-0.6203984736987503,-0.6883639846407018,-0.635044303403952,1.0555122923254945
36564103,middle,-0.2937162565103533,0.5148063240026852,-0.58660765494704,1.1298251861802655,0.01826415900358184,-0.962236635659652,0.32308491267982736,-0.19643845197735696,0.24333070232283033,0.5274044289844739,-0.18328115499941533,-0.8098249156070976,0.5010695530788335,-0.7971013614236888,0.3874779393899693,-0.5346806741506364,-0.9417923238947478,1.527248948670644,-0.6553042295848784,-0.13903646085306468,0.0881841976984271,1.4592234126283448,0.2820802207036575,1.389629164015612,1.5099307094283048,-0.3932695437917387
36600859,begin,-0.5161733683090287,0.5488458271175715,-0.4555265849958709,-1.2375674240635224,-0.7429787624621218,-0.612533687849103,-1.4862798361309084,-0.6982373851197429,-0.8494052473542594,-1.9184828301689645,-2.103236470142282,-0.821015826265606,0.0777994102193933,-0.8415297187825961,-0.8787874436791746,-0.6263613175846916,-0.5975028558358128,-1.3920358885496555,0.6689835399068077,-0.6725829531060087,-0.1270391092435843,2.5769624833289955,-0.6813959573067443,-0.748521311158054,-0.6569758572142212,-1.727585925389753
36600859,end,-0.3254617710070652,0.5000606084410072,-0.45848294509047344,-0.14800492311879715,-0.750404176626978,-1.2642864165435284,-0.5549612182274161,-0.5567130388647065,-0.5308948289107767,-1.6884725690931568,-1.8583198597565491,-0.8057055663303425,-0.8539670226993863,-0.8344127197213812,-1.7196169782154278,-0.6004530134081729,-1.0468169460325332,-1.3784158808166598,-0.9278697750422481,-0.65311426464826,-1.028129986218487,-1.06025245050335,-0.9048908250270744,-0.7317582927461361,-0.6539476629388811,-1.6096276490411892
36600859,middle,-0.3812286036594516,-0.975793041884708,-0.00205879522696478,-1.1788009918838949,-0.5996134161275235,0.08159821117642609,-1.0484260416436744,-0.42888279339897173,-0.35618933443270145,-1.2693804722833526,-1.1735420178406424,-0.7313196042617636,-1.229794678490557,-0.2983303781830129,-0.5672489033548659,-0.4315257239329913,-0.8263556077158949,-1.0903865972138838,-0.7832949821767322,-0.5190986735210696,-0.8219242803950326,-0.18985274010632094,-0.46810743434913427,-0.6034596964965164,-0.5684601901250915,-1.3102515947363669
36662463,begin,-0.555676761140259,0.3656239043235929,4.62867522358142,-0.6021356348861993,2.4067662731936914,-1.3535068739807983,-0.6696255024351837,-0.7352951250683651,-0.8964231003273477,0.37761196947641573,0.6002534106170878,1.7432325202202557,0.008229066285078957,3.6498431593559806,0.8680834942817749,0.017685652763536324,-0.5930876439399971,1.5526006247049644,1.0061344155337357,-0.7131037984938379,-0.15623941969857602,1.331989092898963,1.6591983999209379,2.455957806372298,2.6525033384572416,-0.23582155692540485
36662463,end,2.797319748501077,0.6649462080729286,1.4025125356229242,-0.942695600656043,-0.7773756064415054,-0.10971976530666927,0.1524470535394935,-0.26746199735441645,0.05556002399852906,-0.518525928156725,-0.238473102727012,-0.45981534253054884,-0.9220427614891812,2.4843954648430624,-0.5438239591748396,-0.5448269780416746,1.896317662745148,-0.1195190742334685,1.4332188002488775,-0.6997332012663704,-1.043269960652222,-0.9992793194576386,-0.07572618113814669,-0.7761477851279823,-0.6773078829631659,-0.40296974996482726
36662463,middle,-0.577568580921421,-1.2165693850492314,4.217773488430568,-0.5507922884544472,-0.8047529578242136,2.4701862968385826,-1.1255466306821027,-0.6514570154980598,-0.7226515847219843,-1.5113250827037956,-1.3897443815419688,-0.852856965008463,-1.5749991302547262,2.383619420221126,-0.2937304028665328,-0.6982438824417317,-1.3450441563487914,-0.28628387182085124,4.083119690719413,-0.733503013723129,-1.0768786986298562,0.1237577019034713,-0.5337399243020039,-0.8071425279887492,-0.69497564907198,0.7392596139611132
40131614,begin,-0.5209891143588705,0.7939394101199329,-0.7068115491956314,0.44404359867508647,0.07819354918433755,-0.9614551601252798,0.42340472108780614,-0.4620637659344748,-0.3489079406178931,0.28030753535250513,0.3459116436950136,-0.822925651209361,0.5419440327471685,-0.6141306577869147,0.3333683123818,-0.5600910780654286,-1.2438555345952218,1.3748986667938847,-0.1443809350965026,-0.5254745012481372,-0.24089942731663216,0.6801322393926537,0.3490975857900971,-0.6750301992891432,-0.6266357639563568,-1.4248407300966097
40131614,end,0.7306701594374021,-0.5651295684747365,0.3494595206876427,0.4829293640213896,0.30224963891987283,-0.6062560573377395,0.5851366873827785,-0.6324605434912679,-0.6937845366589734,-0.7670551461894023,-0.7635001603194305,-0.30626383616917774,0.7852852776418884,-0.23496738640884518,0.4217280432592298,0.859268666041242,-1.0167846356853136,-0.161525679077409,0.1899578590296501,-0.060431112519076194,1.3644936664939937,1.1557502435285172,0.17223498388585198,0.4484078003282896,0.5796463135890484,0.25165176802503475
40131614,middle,-0.5261226158592692,-0.36565699989403305,0.5416724645184262,0.11145315239387914,0.596530184083967,-0.5582742567443906,-0.6899159847784301,-0.4288508146336646,-0.28171913607004945,0.06984787127063592,0.14661368872674266,-0.8146769193452921,-0.1811783119621238,-0.06603039142202698,0.6059557832313169,1.2982222374408108,-0.1728800873290439,0.1410345847150595,0.7350717574217612,-0.4041550573943166,0.15003593987478597,-1.037713332909199,0.11347164706511528,0.3542330634490968,0.43785756358595634,0.10215879632412268
4066312,begin,0.8317333197376438,0.30642145327885273,-0.6863467965710449,-0.8504850900570662,-0.7004876280755439,-0.894187794869489,-0.17884670079339277,-0.6169552724368312,-0.6932921027705575,0.13061300311463325,3.171877397307562,-0.7915926804239994,-0.939533873304936,-0.7918311934580423,-1.0738548688615104,-0.5759568600972893,-0.302983971188954,1.6879722251883265,-0.3176826097236677,-0.3855948571722624,0.5323140351443253,-0.3161844095450884,-0.46847357106928883,0.9062427309471524,1.025241975358105,-1.4369917945222057
4066312,end,-0.4633897926884639,1.210959229234631,-0.6749073400028057,-0.041535388323308636,-0.6703912964570755,-1.020613084531396,-0.11492998164950713,-0.56245260057494,-0.6024179509048858,-0.7953977439729556,-0.3211269628120822,-0.7913300600569687,0.25126742883729086,-0.776933678738631,-1.1469543129283875,-0.5622402475172458,0.3756391045180188,-1.1983744993112044,0.946834344274344,0.4001179309737207,0.41769036170538737,1.7006764991383303,-0.485382084058118,0.05977515397547288,0.1420933399549385,-0.914817398903565
4066312,middle,-0.1470811199574568,-0.13682024341250063,-0.5887974183822751,0.3878951602200829,-0.5604335406147924,-0.6543580251841791,0.3708605505482063,-0.41784300584088524,-0.3888033534737851,-0.2833502791470844,0.9999362399377318,-0.7119951622847149,0.15075669283233498,-0.20696225915174254,-0.4949483072439721,0.2422741675856194,-0.1932000558310128,0.3308676347989794,-0.2151234292048465,-0.4996166976458162,-0.44052290048801723,-0.3728585183819065,-0.5308494287245862,-0.5909067215814564,-0.5706179105532897,-0.833655577761319
40727118,begin,-0.22328190420765834,-0.5022692057268642,0.655992819128178,1.1693452932001467,0.6123662863113497,-0.9251791600593088,0.6491238650960254,-0.6343679834417719,-0.7226177816660821,-0.8117096411741371,-1.0356706010720809,-0.821224828718563,0.2222666456777646,0.19012994083999024,0.3169766710883238,-0.2748486040413355,0.7462906922570403,-1.345924781723281,2.6646789631947674,-0.6410570016680956,0.2850832918151952,-0.26313551597340873,-0.49359892050252485,3.996916943149672,3.617291130710535,1.3494093679905101
40727118,end,-0.2229938794276804,0.21143140570161698,0.15441878003546097,-0.6483325115764416,2.0962016533667613,-0.2618800730503106,0.6128909832258638,1.5859225997750626,0.9573523942218549,-0.4893107533969458,-0.4567181206616732,1.601297523124469,1.7031343514077009,-0.145158854948082,0.26076503686215535,0.20714871801875698,0.9673845610391743,-0.43957361901883624,1.0592288993011405,-0.6164905338031155,2.069990251001301,-1.0296979977728804,-0.24801417825059394,0.24565107798465874,0.3418733605102113,1.8876666681231478
40727118,middle,-0.05300732849115532,1.8543294507832317,-0.6875284507567483,0.41012470191327416,-0.6847486313616609,0.0896226121420959,0.46526431328223466,-0.3603096429771926,-0.14543640352139792,-0.8988140880653344,-1.1683160925116185,0.2926869407990783,0.049347871123180655,-0.8266676463173149,-0.3150004991166899,-0.37513103204707043,1.1841253196522532,0.09005986538622104,0.8434571017540445,0.020007925637102863,1.3775707863751117,0.6353083688910964,0.5316490236877239,-0.637719630305585,-0.6008891984982373,-0.5254012746621455
42427664,begin,-0.24413591969588055,0.6035060879221702,-0.5552476887419863,-0.31231298901863835,-0.7416254708665629,-0.5426999227236686,0.08168543591004344,-0.5096263563236135,-0.4675998137841521,1.8349216860341493,1.0081755691214414,-0.8219799871120604,-0.025413454736227335,-0.16049047636096764,-0.00639396936847547,-0.5093079252597306,0.4270102590954183,1.1800823793633828,-0.27238818590436337,-0.5391607651954662,1.186985275158615,1.5200912282880255,0.02740636431885048,0.6754394983255082,0.8049095323672915,-0.46577419617852595
42427664,end,-0.4836187444957552,-0.35075417188353936,-0.5768225834740343,-0.4127072783783687,0.8863048680986768,-0.9422686751537237,0.08141876403523085,-0.5745353401395603,-0.5951580396671488,0.22879056079055177,0.26437441409619916,-0.8097239503511756,-0.04769259032560276,0.2892165425051174,-0.012356117077328171,0.13875260266646589,0.5755910623782552,-1.0585807034087318,1.3266636277169495,-0.5977386117230971,3.516216521375258,-0.44766831758098263,-0.2797357449310105,-0.724991620520993,-0.6515786440572646,-0.04173233795544289
42427664,middle,-0.21368713878740475,0.026476648133751186,-0.5551160539605943,0.722994196790384,-0.6961633181398343,0.052031207116452684,-0.0001832152930358503,-0.5699379549729671,-0.6016565646425813,-0.02696523018026207,-0.23834728459719315,-0.7185765574340204,-1.246612807718347,-0.4266574930370342,-0.0008975653195715682,0.2914315087706932,-0.8381843414054879,-0.2238315419619797,-0.006477211302822834,0.8498271132025649,-0.741581952967653,1.4162898205149754,0.23643356958526943,1.5452356933563498,1.6716821019880723,-0.472833011634949
43728457,begin,-0.2726575153784777,-0.44416926902065523,-0.4165769168201259,-1.0538409765909054,-0.6573069387908042,0.37819110367763414,2.8588185852180863,-0.4118418960480996,-0.28671778187584157,0.3922132853671132,0.7025735744397006,-0.267881806870341,-0.6305447559644995,-0.15971452778200554,-0.9461426979531933,-0.46650044617671227,2.7757933882462527,0.7541460986292824,1.1583138125169372,-0.38447312596994787,-0.9076662511930087,-0.8761857113872071,-0.6595336404072731,2.293555443136059,2.433362597589457,-0.9409062850670861
43728457,end,-0.4894332322854044,0.19411006098600955,-0.6568241951426098,-1.2593963070752392,-0.7048495451064711,0.7219892445381296,2.8330072978148673,1.1193836791684895,-0.598564734601809,-0.877449107403926,-0.8820659626345106,0.3759127173975814,-0.12806208984841244,-0.7866896862513564,-1.6292209327131095,-0.5625005161941555,2.644200338892725,-0.3587930508194364,0.623697095361675,-0.6275418639714957,-0.2966658202733078,0.4585434442362154,-0.9661032427339,-0.7118134034957961,-0.6369036058074238,-0.4576729895619165
43728457,middle,-0.19416316635863648,-1.1375847545127842,1.3872558902561918,-0.6863896672725843,1.1336190873339733,2.7729821985255176,1.2176913647550756,-0.4797562801272494,-0.40751822853613673,0.38980424253260737,0.7611514462579972,0.29528907514843583,-0.35611044949921444,1.179269089464096,-0.0814831557215152,-0.18948149295206618,-0.5679793348650205,-0.8872564394602338,-0.9039217401489371,-0.49271391560553673,0.32627960784945265,-1.0647388962894822,-0.8722559413971465,-0.713426224333544,-0.6484253600542175,-0.09982058678860987
44099084,begin,-0.4681608498859549,-0.3305520573179717,-0.43369312990687375,1.1807339923198426,-0.6455483620975484,0.05655734039086117,-0.5506040948366017,-0.23586689316402928,0.102408500080214,0.45046273813450677,-0.6540335185923299,3.5392942110352132,3.1685998740815156,-0.7002858362880601,-0.787369735101929,0.7128686167892999,-0.14828485260262492,-0.43574580467476437,-0.8516559399793302,-0.41307221701475944,0.1408593043473736,-0.9455469362430565,-0.7961938937113143,2.7532901420421596,2.8840380446170997,2.3131088158166566
44099084,end,5.745276323318748,0.8452574509650127,-0.6408911380637671,-0.9211536629626854,0.32891510087712367,-0.4066572201378993,1.0260719541999175,-0.5022027260451806,3.1282870580445215,-1.305650885052476,-0.916847813386139,-0.6090446098423553,-0.5630343895853737,-0.7955312957262654,-0.44106946149536186,-0.5479184604781938,1.7663469319763796,-1.3268024276624804,1.4873258176291786,-0.6508652611151596,-0.0714297398726338,-0.9101437828519295,0.3488435214722513,0.6997341191239151,0.8221236542052877,-1.4270677300544783
44099084,middle,-0.5591965673442,-0.49082241546163363,-0.5636373449259945,-0.37682351720682017,-0.7529151352369947,0.5756670168740093,0.19107158996617857,-0.2090512755426935,0.19430451534884582,0.5242403852496825,1.34933732533644,0.7856165608696473,-0.4407981044631738,-0.09583145889941104,-1.020397146746565,-0.6416994744164707,0.6483313711125633,0.12846660879491364,-0.16487857972480638,-0.4443107267634446,-0.1292377060213009,-1.0321971601739623,-1.045972778300358,-0.7216836956012604,-0.6533179889930579,-0.5240180777285806
44168447,begin,-0.4937367091107923,-0.14459976207945738,1.4543505695483987,0.18821523028898843,-0.6569910895548301,0.5127250190154464,-1.1086562311101817,3.4712249621577436,1.0462037325889697,2.823086191184299,2.1488562232868564,0.2383150331893568,0.7185224776696968,0.6444057693128886,-0.10475691166476525,-0.5424659285330781,0.4992340259423268,-1.073784050114077,0.5272777258375564,-0.484688213684458,1.5245383439363793,0.38905658224632433,-0.0985340807741679,-0.5871341347535096,-0.580079741063084,0.2620443198957206
44168447,end,-0.5899355129420759,-1.2348561126249975,-0.7689525215723793,1.769078027905943,-0.8189960008176537,-0.27379708099330574,-1.604057842657644,3.422669211840366,-1.0396186392703688,-0.2248522838659689,-0.5916617534790227,-0.8628926515109809,2.9359910761117347,0.2897569682642264,-1.0128705842695807,-0.7229958992771397,1.1054140901651217,1.528282904850015,0.41279705378994397,-0.7497952569165391,2.030701557784758,0.6627652144827727,-1.483569403718387,-0.8217393026956545,-0.703465515601972,-0.09424535223142384
44168447,middle,-0.5315174055735605,-1.1138044824638516,-0.5073822069105958,1.1558024668601121,-0.7239512542537566,2.4456901378436156,-0.8167346085358475,3.4904405197241286,7.721448744884268,0.4106416402790543,0.6574239764056391,1.577017657594064,0.7177376744110536,-0.6951555147945516,-1.6400468932093621,-0.5819798196419056,-0.8305319384173019,0.26475507922912733,-0.9118643263336164,-0.6034881377659854,-0.6409901739137246,-1.046013443721859,-1.461313412071581,-0.6976791545511098,-0.6317314692272031,-0.07457630189405756
45156972,begin,-0.228981876287188,1.2970942020995981,0.47192977371465344,0.536893909190905,0.4610251611145401,-0.2242541634087607,0.3093091380813503,-0.3424861708990343,-0.10394088805222676,0.4443528369728588,-0.3084129796952319,-0.74909836465184,-0.5078600897996135,0.43570019032986423,0.5948394747586095,2.989830006987836,-0.3910648161823592,-0.6599805513293496,0.3013679684368324,0.27186245065350034,-0.9699806568739311,0.705449914756023,0.8734985375367751,-0.6462023428695173,-0.606780421102839,-0.11072400450113959
45156972,end,0.12720632022305187,0.8228876729330445,-0.6293080950126589,-0.0490161571609489,1.1867119569392361,-0.626641548452172,-0.663805477588024,0.3128145405648439,1.4624889642045085,-0.6888708253412309,-1.226957932452608,-0.8220458536832788,-0.4009129608852079,-0.16477219948049246,0.5229278620217443,2.5810765435119003,-0.5107228913692817,1.2454474353114557,0.554892391085511,0.48662111104140865,-0.9037632344295906,-0.1833852779261111,0.7539943473964467,-0.6795446223816847,-0.6220226339506412,0.0018405858608355177
45156972,middle,-0.47327125507799434,1.1864210203844316,-0.5700575855554618,0.45344226942343746,-0.6524789616093678,-0.587718597500372,-0.28199987761494466,-0.4629588567754989,-0.39459998255647527,-0.5063775806035972,-0.9812654750903961,-0.22720352590251422,-0.424585817474764,-0.5065232578919554,0.9931322707053102,4.711827092269611,-0.47207024876445813,0.6218850908615853,-0.4462785583490695,-0.4667905055347961,-0.3602965717569394,-0.22273843421730305,1.5412405312331727,1.2167171451477803,1.3241540760849029,-0.6332126700775615
45857023,begin,-0.5454015381636025,-0.6924215939865521,-0.6026614606089067,-1.4112793347157873,-0.07895949455361129,-0.6837980311455092,-0.6332513422923169,-0.4627364822871596,-0.3487929031823541,0.0927848959735507,0.8982631957783692,0.17181394874189343,0.4493946509959283,-0.7775038839013719,3.6861757538804034,-0.245701997945927,-0.8383655789371345,-0.8601116227020676,-0.23376411846032452,-0.6746978567607029,-0.8323465994042007,-0.24439177818138413,3.1460868003225113,0.08418476579879731,-0.6658350788942115,0.3221108605653555
45857023,end,-0.5357588320141665,-0.46613681504194265,-0.5677150952785753,-1.3865205920516632,-0.7246711780375474,-0.5347336057945544,-0.5905320012734455,-0.4270339486992898,-0.290697109867643,0.27603957016369707,0.12483888550774003,-0.29274814559533147,-0.8320466794431579,0.02879815671388279,3.118100196036133,-0.5902684266224919,-0.7528650628402354,-1.3233861224992167,2.0245005479945024,-0.6441428671710339,-0.5083065513923546,-1.0262850165344315,3.3543388950333473,-0.7231764607321923,-0.6435780473120982,-0.4501535838760495
45857023,middle,-0.5600486258393744,-1.1660227050326546,0.27587035339550164,-0.9583843314152548,-0.16624112010088057,1.461417187088228,-1.425901844079017,1.3027718936779638,3.273079498955406,0.6699898609436702,0.4476240902747107,1.2550348033400271,0.4371976146106797,-0.26346006394840793,1.8816054275832126,-0.4019106596369981,-1.1372815561924663,-0.655312889825625,0.4836519018368835,-0.6681833652725049,-1.0444497306597305,-1.0090590859251543,1.842545361012457,-0.7485691867676929,-0.6632615859476698,0.4140735032353678
46142566,begin,-0.5405374792102983,0.6852769227866494,1.7599712539035617,-0.8245893516101321,-0.7608949405381772,0.3403544019117863,-0.6216414527374321,-0.5021133685429704,-0.4364358976235013,3.604536595262388,2.887492688789877,-0.29325246644615904,-0.7871039576070785,0.8114148568729095,-0.2733683623174049,-0.6036020453613249,0.17586388955745297,0.08993349608178564,0.25900629333355546,-0.6790624416138935,-0.6680191533503578,1.1892803852747311,0.2775446417719313,-0.7601070989928969,-0.6687077143115056,-0.7016378418857452
46142566,end,-0.5322736597620664,-0.1822800699871254,1.0400252030393065,-1.0157176956597112,1.6158413228784172,0.7220718161117613,-0.5397232903695548,-0.43563070221993216,-0.28344514891026795,-0.06425786276344071,-0.43416232885026407,-0.12945787807336873,-0.8669068073206432,0.18740961769753636,1.1624598295922,0.8850611655211538,-0.36436451919276974,-0.755692206847516,-0.914397449030914,-0.6732353041794636,-0.9457599189465223,-0.9885272935806491,1.5819294926813983,1.2303181789963336,1.374802602415482,-1.0618087138993137
46142566,middle,-0.25030312875192834,0.18154846947789835,-0.41084100899042386,0.5112042875788398,-0.7477751416571206,2.61519851428644,-1.1881497955915132,-0.04726331207733161,0.5163283661784774,0.7046411491293879,0.30757332091683565,0.37418917288136505,-0.40754315347153885,-0.6421862945008695,-1.0861454156692971,-0.5834871153852005,-0.8711023796319418,-0.06061120075289518,0.3116737416316121,-0.6273148282670656,-1.036340007297216,-0.32661941904719033,-0.4360189630945599,-0.7113656123572621,-0.6428992290051744,-0.7663108264846826
48572514,begin,1.1667182982099382,-0.8474983450853054,1.3731725575060345,-0.8630728492466223,2.2890936503650736,-0.6522217119361337,1.455002558830804,-0.36981188919827207,-0.1802172293580609,-1.6439157482076414,-0.9076177082759598,1.750921577618299,0.7697551829385735,0.6327380545556948,1.227180399663543,0.30854447498190957,2.5750202626074503,-0.223107525799584,1.5298660783361495,-0.2555657186468664,0.7299392848311782,0.8893643964634511,0.9668991096564061,-0.6973805054465191,-0.633825211771353,0.6397016664584958
48572514,end,-0.5465380431033265,-0.6323087134607732,-0.20974626223437787,-1.0675548134223805,-0.7674538707031088,0.058361495357401406,4.420974973592927,-0.5721046311690968,-0.5691711063773425,-1.2653602080851474,-0.8815390022249654,1.0057270021718259,-0.40634485232550166,-0.8126064696783475,-1.0864111523711788,-0.6437525625229388,2.7652918660857684,0.17063069575401063,-0.25370735737908545,3.0618205193861088,-0.7651525088070877,-0.35894126342292715,-1.2159310090370563,2.1795863644036335,2.3626983391114633,0.05641180620530187
48572514,middle,0.5552423286315132,-0.33251834360161836,1.291187751191573,-0.7906224774950558,-0.713402801936164,-0.7837297509682979,2.3293126471375873,-0.506839264622706,-0.4703058858188451,-1.0700374889065434,-0.04041315465933015,-0.3230955558580671,-0.08649661483131285,-0.030880646059716407,0.5196780505596064,-0.4652049929859698,2.073507509117146,0.2021988799408223,0.49982314233855774,-0.3389315766506234,-0.2362889817293836,-0.9995940744341503,0.34295997821340357,0.41948614880338797,0.5320136414550013,0.31186964461454214
49571946,begin,-0.268720489202371,-1.068307159249118,-0.5594724622283822,0.9787135894157196,-0.7634934546112871,1.5188487283534389,-1.366630096227231,-0.6388921538940885,-0.7170030512114102,0.21820986248833396,-0.1991040883098258,2.752404964248986,1.7497352054180693,-0.752788065154731,-1.4899418260504984,-0.49822713476297686,-0.5258159364358971,-1.247824761306902,-0.6243696488497343,1.898559018317093,-0.02860061037227196,-0.954999654545327,-1.6553836340339048,2.8175549523912378,3.022536755687229,1.4888112837462728
49571946,end,-0.5217702974469003,-0.2303865864173574,-0.47139259639978875,1.1570698968193995,-0.7453669161433847,0.028707246016629436,-0.0855457153885419,1.9745125478644239,-0.5783309164954682,0.14046294969092382,-0.3784829630551536,2.934594413190276,1.5603126477095026,0.6988755647602293,-0.9279458492925812,-0.49084579920286747,-0.5822904191019003,-1.231023178177472,-0.906640883975757,3.2861570641229965,1.2230816109268605,-0.09916028905511037,-0.9013897737951692,1.0331645975973662,1.1709904652747525,1.697981059406874
49571946,middle,-0.03460262096016029,-1.0909378426294247,-0.6538811629688422,0.5494946993475598,-0.7071567876554327,-1.1542226327685141,-0.20267593454137178,-0.5039646637972401,-0.45519931724985296,-1.4978312245843979,-1.2281812047965117,-0.5037134675724838,1.2644213836416263,-0.7556382847708186,0.8249791291273916,0.35917631765953606,-0.04274360707461719,0.9277272322636422,0.11216539524634568,-0.532457369682785,-0.2723299828710257,-0.9964202045362618,-0.021173963596968815,1.2098588207317027,1.337134759701995,0.7330799528777319
51208558,begin,-0.5520467443235328,2.355869275766687,0.941929374227552,-1.1435371174584639,2.7022678974220025,-0.31337110832516607,-0.8448868720809883,0.10376584806119661,0.8221158795268984,-0.8250867800368101,-0.7458203964521827,0.5423261414154982,-0.34638012072474245,0.2528717685578942,1.6338940823491725,-0.5903291545136821,-0.09586772130233528,-1.1301629365103005,0.031659842956207954,-0.6327989669149967,-0.7598885814988179,2.0171680312008258,2.797617636037417,0.47860815545894814,0.5837067704735098,0.3518198246519967
51208558,end,1.8299593863287238,-0.2812685497979852,0.3810427411594048,-0.7227979614853864,-0.7741722792349485,-0.4026732753568475,-0.8326973523500378,-0.3937862610810464,-0.1923440420874797,-0.07539656847876385,-0.3153355730876312,2.1551814269306013,1.1741807236578352,-0.1364373196409805,0.5441546509860248,-0.6491328954259827,1.0550839992633625,-1.200330537444929,-0.21893775204590327,-0.6836183822904658,-0.23117341092306493,-0.5013373851008606,0.7965014169661846,0.7036836669027554,0.8325849673591775,0.5770531733279671
51208558,middle,-0.5653947647064749,-0.4317105912616535,3.202253848858254,-1.29969772369809,-0.7461298610683107,0.657736724705542,-1.0929302029497954,1.523863096355401,0.0833840535933535,1.1659237261841993,0.6472754379848186,0.8575198480142726,0.46582734432493195,2.2613117601989035,1.2994239088830841,-0.5907010111360402,-1.084642062644948,0.5076256244078096,-0.02923831688180298,-0.6198410117491894,-0.7689545670533156,-0.09706898437038936,1.5799746638406726,-0.6968515893135961,-0.638952537323194,-0.15106510840446766
51778361,begin,-0.5260778850080419,0.08579569940382262,-0.6381673966865758,0.37632877741232873,0.8119167759117641,-0.4492485927704168,-0.05929175590705609,-0.47234374330222845,-0.38152109989255945,-1.7408388263443464,-1.6586611771900026,0.3510620432218772,1.863273354403428,-0.7712191118853972,0.7185722246636531,0.5620009329856668,-0.025232854765394115,-0.15672556686202108,-0.9056816856118257,-0.572869799115841,1.3666286545817825,-0.0032870623468803234,0.5393030245831445,0.6137624679672926,0.7387947522348561,0.37900990492970843
51778361,end,-0.5279076316119854,-0.44471283783673565,-0.4631271499760287,0.8403324699834323,2.938990199354884,-0.7749524554475209,-0.29302680464098513,4.626398119533316,0.7844476245532623,0.8355409278685739,1.0524650722072373,1.342702431961942,1.7311528802312133,-0.6616939158988532,0.16758290602048834,2.1648019238582124,0.33376632353481184,1.093315375469623,-0.904429095604689,0.6340169841054619,-0.4934121761073169,-1.0070053530253817,-0.5280854029706125,-0.6908855226685453,-0.6347391367118372,2.0341404420395763
51778361,middle,-0.5419916489089548,-1.1382098955263515,0.3720308462830661,0.11295013317420595,1.3152062053438272,1.0593881691144127,-0.40023686001747755,-0.5517914819511361,-0.5231704014065222,-1.4063185648429222,-0.593898771740898,0.5906084740114211,0.34978379450486435,-0.12079706152066748,-0.2057636247932252,-0.42014644563041,-0.2958848922695182,-0.234554307277575,-0.9221026219203077,1.8719409421299782,0.3017263676215299,-0.1379015857868507,-0.5529417034918039,-0.726132769614038,-0.6518833716329202,0.20332970142679155
53490997,begin,-0.15470866871337155,0.30794916087238405,-0.5541982337817393,-0.2893058395407763,-0.6861825048180915,0.6727446597899958,-0.19297347997564396,-0.3626495011282817,-0.17290306261650354,-0.10241918704887465,-0.41425270371051637,-0.7941108133249313,-1.2455345135078097,-0.35746036186963465,-1.2083855589102872,-0.5595126885911955,-0.38800290722716785,-0.7958192646831027,0.33544982792878014,-0.5955387412806579,-0.7960932633770519,0.17970470874682024,-0.9233901622503814,0.09057737462112209,0.16984514114738128,-0.604663230286791
53490997,end,-0.38614184668098217,-0.7775505079845153,2.324827833543648,-0.6252098687157052,-0.17410550392842578,0.19122897428767716,-0.5809496437916809,-0.41517660618381413,-0.2743536869932061,-0.5504293987432031,-0.5824908080302129,-0.16719270079497356,-0.44291803290122317,1.1826233586675718,-0.45373281314456887,-0.5421286748947671,-0.7988593009370135,-0.9968753363977098,-0.2755761004714853,0.3072084086602127,-0.5729633101263584,-0.9593063743348414,-0.6533589951026505,-0.7072825509850114,-0.6344424492559024,-0.8898563505247881
53490997,middle,-0.31904089972925065,0.5644715290325655,2.1822660107113716,-0.5663719419319843,0.2753744912446984,0.9677909140210367,-0.3289075324772273,0.5474900849200464,-0.2664720029162866,-0.016749801005422123,-0.33921393517004783,0.21997435452286454,0.008614234651303843,1.4515388051956228,-0.008387026848909225,-0.24138497884194868,-0.49572699563957867,0.6100561169301887,-0.883195451607011,-0.6369836705685877,-0.1439722614978347,0.5192870969766503,0.2510028205563579,1.3348520885306918,0.896079645514886,0.0768322121453769
53491020,begin,1.9827935949921505,-1.0362457855779077,3.2163045380730306,1.1948123491848996,0.9056306985714112,-1.1054962476837558,0.10889911315494613,-0.2563099670439531,0.07317675290020345,-0.5212277428178445,-0.014090657429537091,-0.7981453347987273,-0.737175458455161,2.0771290611323905,0.6430833084382026,0.7565530053858688,2.307833459723585,0.034754223515944885,-0.8790077043969247,-0.5085265504408689,1.1819094782512072,-0.9852816197436093,-0.019355548663065682,-0.604312720215378,-0.5820153881544162,0.6992668205964764
53491020,end,-0.43279755001556214,-1.039608380358893,1.1353578794154384,0.9528116304625456,-0.6549971562165041,0.6403293154675984,0.34865342588004883,-0.5174451023977796,-0.5132994458019577,-1.674625460275162,-1.8516294847963632,-0.7717491828699775,-0.8587492508564645,0.4225353124665192,0.43902924413206434,-0.5081042565572065,-0.19297040091793105,-0.3185695290665249,-0.8240439918667416,-0.5834811434677415,0.4857028227871714,-0.0038283222667334317,-0.3514286434266327,-0.662774909452367,-0.6057276085546791,-1.014789674829503
53491020,middle,-0.4387597171448136,-0.9916582227062873,-0.562041814823511,1.7405212394392229,-0.6255768720035686,0.6272129475850983,0.8170168461883694,-0.27782225570168345,-0.010115355168736465,-1.3642417621932703,-1.58433768897029,1.0355500709916154,0.22638942429003073,-0.6840179878893546,-0.22080533036163708,-0.45163814565643223,0.9498696800328633,-1.1214912337773337,-0.8267882495238689,-0.29776439088751494,1.1790900990982929,-0.45737416977830364,-0.9716025811530017,-0.6089710247853031,-0.5794758150949167,-0.03509502973337901
53491063,begin,-0.47633928736832093,3.4217246811596653,5.089974047559758,4.532908779305716,5.778915814637478,-0.791471482123222,-1.0559310878006472,-0.008646046553490206,0.5713936040724652,-1.3102599975407354,-1.5637733650935357,3.3573795079336595,1.3855249747433438,3.0458288037824763,-0.08693328489359138,-0.42407338287452334,-0.7596161473506432,-1.0804277212458524,-0.858734152135113,-0.39926968289382014,-0.9118329388796786,-0.9080586075903214,1.5640052695207418,0.24675981520059856,0.29615438927288795,1.4687657304650208
53491063,end,-0.4773650964216995,-0.7737959626122456,-0.6221061062847085,1.6209674947909416,-0.6973561658997531,4.154069717151754,-1.3274020969177436,-0.4679584852071913,-0.3952823940830099,0.28019871588059314,-1.9096546154974265,-0.7876307372784811,-1.392916455805897,-0.7605940689167786,-0.42195327551228073,-0.5448110718395318,-1.125747848782155,-1.151756147282424,-0.8664036074924173,-0.6217967706227311,-0.9562293311627176,-0.9922376190961631,-0.14749712330027684,-0.7000897918045883,-0.6262668354880743,-1.5152841872897274
53491063,middle,-0.5261237971630323,-1.1080836207224654,-0.7118941681999433,6.708887157378329,-0.7126711036222524,-1.1136694350640042,-1.3484574604046011,-0.5709050692263993,-0.5885977647828128,0.781479490369071,2.047612936183442,2.517624667895456,4.4039159090362885,-0.8297848810377442,-1.770000960356576,-0.5792158048536657,1.5594536447164387,-1.3302396719377867,-0.9051619013780096,-0.4830594398055278,2.397641534710504,-1.0684334261219581,-1.5629782313883043,-0.7002498557155381,-0.6326575841213593,0.43898355174118653
54474410,begin,-0.16955370074397377,0.48648157572810485,-0.6210552968061321,0.6310777682269089,-0.7740081887761184,0.5729985504015516,0.8738766681322252,-0.4186362389125464,-0.2615115757868517,0.1690960310724707,0.23891066691591858,-0.4729017418944576,0.10316033031467318,-0.691082822889928,0.6243120232583866,-0.20533743481689948,-0.5893214127572034,-1.006879676396894,-0.2082942838228912,-0.33956131159523645,-0.8520033616200481,-0.07438818201066313,0.41261187149482575,-0.7764453888357256,-0.6789482646339031,-0.2982019916153066
54474410,end,-0.2521823810026188,0.49539294542476686,-0.630615346494497,-0.029587505591005432,-0.708281961283634,1.0330338203813285,0.09596935932292665,-0.32167846620009355,-0.05057179922468334,1.914987781293887,1.253588316874673,0.4698671981041534,0.018316535447190585,-0.7875466838181305,-0.8381794108714272,-0.27653789301382853,0.10399450342571451,-0.9374660840974427,-0.12870930403004094,0.4276035354054874,0.03633508100827983,0.015147340207860351,-0.5810310927701334,0.12904631786169699,0.21250375680062925,0.5005428401402172
54474410,middle,0.7901002881034408,0.47931091010063326,-0.5640155188324761,0.4646707867689906,-0.6653526020022231,1.291945237537292,-0.4377839470575822,0.9178406838248273,0.48435461752050507,0.17261196923137498,0.16182823465849466,0.046389340479009,0.4445605323659635,-0.6108800788426572,-0.7603482994925967,-0.429471472144288,-0.28872820771481317,0.6596908101110469,-0.8928917174574859,0.5948077745381758,0.11820342921403632,0.3780075215409458,-0.5574918967438972,-0.6211456902034775,-0.5931862794892827,0.1700974369689204
55538972,begin,-0.22350305095523268,0.5376989821967781,0.42753292435094997,-0.2732959931744088,0.9953905298270372,-0.5044414486812313,-0.14149910034480362,-0.5561280275376669,-0.5516364200464928,-0.36544399844894065,0.10929217941585985,1.0166030020148968,0.5805653495015181,-0.08401205643263199,0.04755425335910431,-0.585063852573997,-0.31255584354655125,0.010821174780209617,0.10618223880790893,-0.5985566939618009,0.06960631873977963,0.7274310911382343,0.09748443959747542,-0.7417311972094659,-0.6560713162897558,1.1249029907892887
55538972,end,-0.5254691036090219,1.2525821243022486,0.2528088169226713,0.06134229251444096,0.2292193942287038,-0.9565567011265648,0.129961764413576,-0.6542265600259942,-0.7528506855310587,-0.19187529205795198,-0.2522994477135578,2.3729246055554762,0.12679833499118517,0.19947048785418317,-0.3073123821349757,0.6346100731829258,-0.7573411273982382,0.40521027321289704,0.25886008061326105,2.1192673362838237,0.18164600430363928,2.1935110833690814,0.24576891799310802,0.2474491527598162,0.36603482571384754,0.9542089448715787
55538972,middle,-0.3502514199732775,0.5806470396083989,-0.6333530761744934,0.06394530187704166,-0.6598967594744048,-0.07674880830338007,-0.25451047285306067,-0.2887973191104832,0.028021610843885155,0.10900780390998893,0.34586326937284645,0.6149508083927699,0.23884788314730182,0.08051084506058498,0.3119295320665876,-0.5085145410262001,-0.8210833680277401,-0.7543580337332928,0.21995776938035302,1.622095309110974,0.22040821815656905,1.5279961360867356,0.5410681887771293,-0.6589044574045506,-0.6151532620677351,1.1980133670924815
55583305,begin,-0.09613093685089226,-1.0834257113899044,-0.37784724886263094,-0.4087790026431532,0.026045562749548654,-0.5994460166637487,0.0752547544981054,-0.5169450208626825,-0.46176297867887955,-0.3522267814243233,0.6652906398505058,-0.8039928403200444,-0.7407000173772733,-0.8352137789447419,0.2925521497497303,0.19359244431279118,-0.735569249148669,0.4084357497770464,0.28427846024339504,1.9856894073156566,0.26875049399907525,0.03997539228552633,0.035955954104470236,0.9642881889134175,1.0637346766586733,-0.9517863524586218
55583305,end,-0.4049753564474761,1.6879288346096337,-0.5718403821251552,0.8444267191253141,-0.6096486737678152,-0.3121878912992913,-0.04091657900616579,-0.2095190275668071,0.15867679396853662,-0.4185635599514017,-0.7307727319001629,-0.09957543949671609,-0.7942993438945548,-0.6894562113276969,0.8468132784341453,1.068024936762969,-0.7889462510628259,0.04022557703390052,0.059679293579255256,-0.4639523870356055,0.032746242419332855,0.6123615837532955,0.8902859004310111,-0.5938723028220884,-0.5794963303015945,0.9355241774347584
55583305,middle,1.719848431157825,-0.4201374368223232,0.23451906070874717,0.8586330143622671,0.3445492359889952,0.05143036380321026,0.5189334312871858,1.8684807339471894,-0.7302561376085869,1.0647493274857525,0.9277875957445986,-0.47563987160125293,-0.5611091982186591,-0.24349102216283003,-0.32582145816355756,-0.5811723922172553,-0.3407264375442978,-0.5331898078062206,-0.8572344930655978,-0.6319943159036268,0.0029946793405255965,0.8136843706443946,-0.3401832976563038,0.7232406428680938,0.8463677234386642,-0.8702372444168041
55590890,begin,-0.2547566891457174,-0.6076500216305879,0.7884603768613299,1.6561887898001555,1.6217777250729635,-1.1204923574552057,-0.05125839273176582,1.256327315655329,-0.5193667563125438,-0.4371274789913753,-0.28979549540301314,-0.4475582733116402,-0.24737398750795,0.875436577727665,0.36394923776931465,-0.5759011483983907,-0.7708864691748335,1.0619401568382019,1.884190581892554,-0.6432950505590251,0.09004311146281911,-1.013021890689041,0.0630013468941826,-0.7161254779750602,-0.6438047792500377,-0.9111942091396273
55590890,end,-0.2946869680860088,-0.8486454723790675,-0.6330255189192998,1.3607200531213226,-0.7899995846600031,0.018248090680379005,0.18196735524703406,-0.743393599238361,-0.9217672647409533,-0.10019028865080802,0.4472748862379151,-0.3829602547317997,-0.41248260405315584,-0.1950672565501878,-0.13031589670633512,-0.3057485738044985,0.19468466077909913,0.04167868637673858,-0.9469041059983634,1.6464016816371467,-0.01632600487052275,-0.0367722695898497,-0.5744229305725632,1.8264087010098036,2.0128315553705654,-1.1257172518364424
55590890,middle,-0.5603176699185882,-0.4908160980227728,-0.6582431012804313,2.024410827524022,-0.7547837559674264,-0.03312263111875353,-0.8749902712586349,-0.5252489494382442,-0.46897734244331984,0.6964817513273709,0.31403398938015636,-0.8397427409875085,-0.6380216284262421,0.1342156693746581,0.9643250316562884,0.03269329831822489,-1.077023170019201,-0.2732288545956107,1.6109135339604737,-0.40289862939268783,-0.7363340097873147,0.9413764308796856,0.34905158947251314,-0.753354448529812,-0.6653800605308705,-0.01794375305486623
55738401,begin,-0.23765663591152703,-1.1343434489270765,1.0408739310629223,-0.8403237677457213,-0.7515545432223371,-0.0793676161900426,0.9931057890640471,0.7440978325076919,2.1206229084985515,2.0367936735483174,2.1247921430712107,1.29370151611563,1.0220684984759958,0.30235149400026007,0.0787405494746207,-0.6426480120865716,-0.21762090075566434,-0.8742577806846388,0.09646984488818945,-0.6789873844917882,-0.19846049599641336,0.2612828782692547,-0.4808010973518047,0.5765650702233526,0.7033855158667576,1.4756128611835457
55738401,end,-0.3190106538145554,-1.033834877197336,-0.2546037635295049,-0.42564254670438245,-0.7415029174194502,-0.6740926333143992,1.0145692142574931,0.10948601822196662,0.8170429685773682,1.0148208512999617,0.5419647718044248,0.19060565679123107,0.590095557026368,-0.6535992601798588,0.05093295788814614,0.43652514642973855,0.9099173387961744,1.5307608665205563,-0.6674321065588601,-0.6495592761435648,0.4268002116628356,-0.5705586897081828,0.12627524300564372,2.1925300753503105,2.3640296300186328,-0.8603869291936947
55738401,middle,-0.17265454075044034,0.38861556442102396,-0.6713447179536995,-0.8808860808749644,0.04748238008565378,0.9733084881674998,2.253603026347431,-0.5575453110513546,-0.5567238089368304,-0.6070159140636376,-1.2822770961721253,1.4094001260807876,1.0997141788434814,-0.8185311361129329,-0.7306678464574642,-0.6100432544924822,0.43081750117066864,1.2897097278839456,-0.9000968944321365,-0.5840792911845678,1.9375190798115576,-0.1102011886143437,-0.6873678851896535,-0.745553293094224,-0.6597247415852114,1.1488375962685555
55817097,begin,-0.452674559617061,1.4360748210820502,-0.6883109878942093,-0.6621932175747178,-0.6401141101228225,-0.586001900254232,1.1306700487866606,1.9610895353805442,4.5909543235830705,-0.8721650743447437,-1.156703107272104,0.7573817486113468,0.8060117471972215,0.9634876354259262,0.10945759564018835,-0.5185665854399601,0.48041132163646433,0.3206836241745864,1.1786896584761601,1.80212766103895,1.9963572097009008,0.11218350972011802,0.237494462998957,-0.6085375141599424,-0.5857746212578268,0.8413722090255227
55817097,end,-0.29763104702677023,-0.34642583305865715,-0.5315484463229557,-0.8083195562866562,0.2265281211988929,0.0465974020482134,0.5518847130098969,3.819742316477817,6.124765035416661,-0.16679407346661332,0.05788811286014263,1.7212845391763067,-0.7126419718968631,-0.77055702870819,-0.40306910831916626,-0.04101376426267682,0.6425123305538843,-0.46756448779850995,0.4942899165462047,1.1149105430773794,1.2348737185034513,-0.9397187945816443,-0.37530029516003927,1.9464549737521366,1.0121476918320638,0.8065285367757824
55817097,middle,-0.2959798588896235,0.6411219294550096,0.5152764922690304,-0.30573798701199173,1.1981407797649062,-0.5341732500777063,-0.5303790687752455,-0.440648002151909,-0.34056373103815474,2.3909160032566934,3.3967184437506153,-0.3543786071696484,-0.1527504350017939,0.3905041621268349,-0.6730696349357944,0.033909177233409755,0.5643365624555206,-0.184704656274808,-0.6583200652601264,-0.43062769575241966,2.2871803161993904,-0.022256555480051732,-0.3603489185383104,-0.6978221897957864,-0.6297887021564146,-0.13804706492638794
55849103,begin,0.25429441160373434,0.6917564748172618,0.9838561862842103,1.048135121428114,1.4451059080927668,-0.6142379665454345,0.739364069720596,-0.403290469962058,-0.2000131671841574,-0.06959394825799052,0.9966090821455735,-0.7821088731874024,-1.3632322173819806,0.1241423860374015,-0.19123478326632917,-0.18704915927854923,-0.46703328946014,0.23608408893470223,0.08973206892905647,-0.359946143014662,-0.699142121011302,1.3044272806211359,0.3281633766749429,-0.6574543870398177,-0.6278413022702243,-1.2672843950927155
55849103,end,-0.14054366513187364,0.19258064148841667,-0.43287755530207833,-0.24645601186770222,-0.640759243385415,-0.182054806885079,-0.3652422106668646,-0.3502986139141604,-0.11183880153953907,-0.12168141083471314,1.4571367279530822,-0.028576093595543223,-0.20455314262392965,-0.7040990765027809,0.10755564952058237,0.7576278593063518,-0.6394302529562331,0.8823545321192562,-0.4939170230784522,-0.1875156103987102,-0.8895426450644693,0.4708008504100707,0.07800607722436921,-0.6074042298787541,-0.6144209487316817,0.14331055549784907
55849103,middle,0.9552939356487588,1.2887029671039778,0.7301239570530855,-1.1974221606124948,0.029035929969386552,-0.5037160283887521,-0.8490452968559742,3.91522007250221,4.69517800094026,-0.9996040429189806,-0.5236549383604651,-0.2197533078003333,0.36510878024300747,0.7709790724407446,-0.20533558428472712,-0.016889349291175366,0.5857374797401061,-1.234456011462818,-0.8479358728644053,-0.41211886442714807,2.6745380176666425,0.06543215760078222,-0.03389675106047443,-0.6867763124528747,-0.6320943268304396,1.0303874066533938
56916467,begin,1.6464630002341176,0.7035442032975735,-0.6411875501117036,-0.5825867314668448,-0.7249158009169774,-1.1385483516682284,1.112952122638685,-0.6159129504313511,-0.6737363186695037,-0.9954475008045826,0.7360007023722241,0.15094664004264066,0.06315941925109797,-0.7972094615453383,-0.7892783473163041,-0.5782016934114951,0.19846111911152656,0.07151111246034325,0.20189754631797402,0.5275186549995887,-0.022291294111820053,0.2870302207556615,-0.5942455625903139,1.095449316976937,1.2308140987172909,0.3500170580416014
56916467,end,-0.2141442644530861,0.3738104468701327,-0.6361743991489321,-0.2182338539987674,-0.7317373649656804,-1.0040483965967624,1.5420148214901672,-0.48643931369552723,-0.4155705754195762,0.017014843219343028,-0.00652009869483092,0.16515665558866854,-0.13667366796064223,-0.7898000509922463,-0.09878580075259094,-0.5524412589902188,0.041566714108463236,-0.4420101306083783,0.22552739610621308,-0.6532590934102351,-0.6799440782882145,1.4860306343531355,0.19715618319611236,-0.7366913032156792,-0.6542736277223367,-0.54322243646519
56916467,middle,1.6485347090079647,-0.1742409887906457,0.8671041145864415,-0.8620499013164397,0.9364961153440957,-0.3822931924113373,-0.25240187713564616,1.8281110421757396,0.14393629485969933,-1.2550497842984834,-0.3910132278391626,-0.06932518516561019,1.1920379105056,0.12597532609720377,0.8536707660730791,-0.5835025882399799,-1.1282855464168897,-0.481979469815816,0.27058796432689564,-0.17328549829595838,-0.9526555016652529,-0.0007262988605896346,0.545297962018419,-0.6201216009634389,-0.5910814837053695,1.151356204341087
57200226,begin,-0.08806757102028823,-0.10696871493135747,1.433740162129136,-0.13432786490870563,1.5217468454951877,-1.006048767340655,-0.15810463675709083,-0.43602804594438926,-0.34440553024627574,0.5905143321692115,0.7619568578034152,0.12382913629882134,-0.2904677794271004,2.4758943574388885,0.93531216786713,0.3720417374654831,-0.458105201350591,0.2546899374355542,-0.0791491689994432,0.4979092903847345,-0.7575667575377231,-0.918043409310249,0.8900186784308436,-0.24322574998481766,-0.1867681259560679,-0.08504154216988263
57200226,end,-0.5185676674940197,0.6246361285489339,-0.5981493821301956,-0.5676763254869744,-0.6631111397640145,-0.5337263868735623,-0.010133285297843334,-0.36635691420166655,-0.17285873533765908,-0.6610868795903297,-0.8389550094061419,-0.6019149894658454,-1.031264783373932,4.286325163111372,1.8012668246933594,0.03385413960058648,-0.8446060701840074,-1.2626036427194234,0.1360210378137511,0.6373347141974574,-0.654433254379275,1.8724285885004177,2.187155881332615,0.6828218712279722,0.7605838828599515,-0.9617176514021608
57200226,middle,-0.029937515854771522,0.30167707620916023,-0.707820757344504,-0.07647194683568968,-0.7551725615166578,0.3820030313093878,-0.42407523512934553,0.4803143516752445,-0.8082765120379919,0.14720012671302216,9.060942192165296e-05,-0.6231101396678014,0.349602793107124,2.3749231281201144,-0.21165578969676394,1.1709150859487834,-0.49695918770128256,0.5962988595417114,-0.8088349618100316,1.4988713398059093,-0.2517127126844573,0.5707923369228907,0.08583092813364236,0.8738928501725282,1.0224115549359702,-1.1044936357617423
57216633,begin,0.7391991290022096,-1.1281652359034504,2.4930364096307702,-0.5337365698868841,3.912122584363143,0.1865369786876507,-1.2470582963388182,4.324283822356261,-0.3976609461777991,1.5041316834400456,1.6933252606297993,-0.8453889995306094,0.3108742227610113,1.0780109195671572,-0.6186320661047444,0.3264127641578854,-0.6111552731878088,0.09354687624636766,4.5943974521604565,-0.37923034443141046,-0.39837514940257485,-1.0872953704048165,-0.5429380549093138,-0.708894362289192,-0.647521639278922,-1.1450894701188483
57216633,end,-0.08295145338818095,-1.1179515275777119,-0.5593185646194213,1.4199664599012587,-0.7292307418309816,1.7817118078096683,0.13541416593502437,-0.34943787765586226,-0.13913771315260032,0.06383665430774196,-0.8240486526608014,1.3315777795548303,0.6961511795517754,-0.7350498753543803,-0.9388248651372534,-0.5189693361045171,-0.6953068312897651,-0.3325334051990661,-0.8954394970211842,-0.6331597252915401,0.34172368567233014,-0.9491598889397661,-1.6490653270489146,1.4347710360146888,1.5783256387811468,2.4183388266136263
57216633,middle,-0.3861700419303495,0.6226508549778788,-0.5643026053985761,-0.3879449723192435,-0.5474623951704076,0.46757358894073,1.2941697109981396,-0.15932486002532836,0.17412565833059904,1.5392158454553697,1.044856705117974,-0.5707047202863481,-0.297433470183137,-0.6403032818935074,0.0023423140234719126,-0.20624406434016138,-0.8660406428900855,-0.06006898904604923,-0.7763956603566977,-0.2858733775524503,-0.8078614498863377,0.9784377104228638,0.5036990737414243,-0.5186695368217473,-0.523183359522071,-0.9358403511430713
58013278,begin,-0.4146821243401619,-0.9653023790859702,-0.5969518430697935,1.3267655060424133,-0.6220352101503538,-1.016697378724451,-1.1358050557118704,-0.37286543856859417,-0.1987310133098487,2.2699262447089654,2.4868697712703884,-0.7106406284872088,-0.9673910705945317,-0.6959785905336243,-1.226855257388667,-0.35857400345442375,0.3264189235854873,-0.3095525253165522,-0.8033103163515263,-0.32683409273772646,1.4187665564975878,-0.9144871731470021,-1.3280761392993243,-0.6320836319347374,-0.60289834926577,-0.7263007010332584
58013278,end,-0.5184754271340937,1.5816692669804064,-0.6799561512124335,3.7053617509884704,-0.7276207539476409,0.6307088665778242,-1.4458938764688798,-0.5992096702392784,-0.647004439281105,-0.8531460856480334,-0.5590410701010209,-0.8031626022329517,2.013417443725177,-0.8074249407340046,-1.755165118370902,-0.5754706616713727,-1.2314777697057397,-0.3779665759919885,-0.8973308180457717,-0.6131444136543794,-0.9914127701884534,-1.0406442262085285,-0.7036511696994437,-0.733644568579535,-0.6516378101039594,-1.2134808826114116
58013278,middle,-0.41085861277629415,-0.9267985620705301,-0.4288278694576477,1.8031733575120779,-0.5948060202629442,0.477577670911126,-1.0169969145322575,0.14236494992483037,0.8534075976686836,-0.9409634729553803,-1.2010165359848308,-0.3157331367620242,-0.3042746435791943,-0.573795271548007,1.9419521717636532,-0.00877272567291768,-0.7343414565390306,0.8981613276505742,-0.7990885901651709,-0.41195936083222534,-0.8406285447011185,1.6127717891892928,1.391366695363863,-0.5811416676854249,-0.5705046518645727,0.5568323445957905
58995736,begin,1.2504430155020083,0.29823415797939884,0.056439619575975764,-0.22123711665211931,0.10419048031002638,-0.9475566432889339,1.7812435428716928,-0.44397664565830014,-0.3310791215724737,0.5609303799927583,0.8219193325612335,1.6916305179699878,0.8801628861756328,-0.17052379625669825,0.35618316906912434,-0.45576388694965136,1.3119940250157198,0.45399130797192117,-0.3386707065330712,-0.4370266957610635,-0.6694205282007748,-0.011402819200774945,0.05794855474994961,-0.6780483097980704,-0.6177942906883874,0.8194690654518266
58995736,end,-0.5341917277859032,-0.6556597822026528,-0.6487200204620136,1.0056437615805975,-0.7524000301436226,0.8679372980201474,-0.591444747876296,-0.5051742440038587,-0.45024126530152775,0.0849200560725203,0.006664818818789886,-0.34595889644125005,-0.5741408828510327,-0.8097616528515375,-0.6468050220922117,-0.22676812524613552,-0.8866580664625809,-0.28159937972302795,0.26870897111983677,0.672231285709316,0.7375780109375696,0.5724426322046573,-0.9278332108947855,-0.7527465269172179,-0.6637944444437334,-0.16715906504735517
58995736,middle,-0.5107289638582573,-0.767706487062511,-0.5642241328263703,-0.3764450117000513,-0.7216731658059937,0.5906614825767911,-0.14515017740202224,-0.4968340346358267,-0.43961851098258853,0.9721400544507294,0.21914732887165944,0.18844026771895983,0.24511689509707832,-0.6067599850578791,-0.8090579567806024,-0.551710771006166,-0.3279578991018785,0.9284608652902367,-0.21157354586367882,-0.5004721706152823,-0.08610984980671701,-0.7803113046388918,-1.3782252750199686,0.813471371376036,0.29113956994343626,0.12128857090321062
60217302,begin,-0.5090306715351127,-0.15074559990460712,0.9532743200311106,-0.6354466631886723,1.2034322532966921,-0.5781347337076277,-0.12598034003979636,1.002620485261966,-0.48458275276895285,1.3783153854582975,2.055523283180607,0.015065549180893046,1.3492632661306163,0.6896605009230083,-0.09629626252525984,-0.5436256605215662,0.5115790142245253,-0.5678306172415442,-0.8922317159707911,-0.5947095623901067,1.2679589000042586,-0.5444211533139264,-0.10044306833363438,-0.26671936668776264,-0.19737646108160461,-0.14355737949023714
60217302,end,2.6429565581939203,-0.04493389611207292,0.7296971625239844,-0.8985762630035758,0.9408713598313958,-0.6216133582725132,1.0523310855938621,-0.27170409099368503,-0.029571788148582783,-0.38821399406175955,0.6033496286990172,0.1482832709907987,-0.023489635436807436,0.4614718791536233,0.16040137786147265,0.6821748090981001,0.47309848719561126,0.9319817714674011,3.590504752501906,0.655437307469402,1.9841013753577919,1.0095402958715498,-0.0396816691519083,-0.6116944907471703,-0.5850526196160064,-0.3058105701644272
60217302,middle,-0.44548827517133016,-0.9988714227453125,1.1698198487824563,0.03069191978247656,1.3846405856463768,0.5601336354606326,-0.7495434435300685,-0.16574193839168241,0.18547608208525765,0.8100355696518168,1.0582901252654502,-0.7651036058840668,-0.48118092793579287,0.4930940754641515,0.04123924690201722,-0.21952944915510836,1.7419052604449807,0.07544138556720666,-0.8328804541580729,-0.2464820740811583,2.9304444088731514,0.2768468788462763,0.08215214255141207,-0.5994597887173378,-0.5795691673013817,-1.1562211933135114
60416566,begin,-0.23051905139403234,0.08691520428171023,-0.5506067505224216,-0.3796010755429027,-0.6981856019710686,-0.34209450203193675,-0.2018344563228687,-0.33440743426552305,-0.07551471974469767,0.8351705070869959,1.3725845727024546,-0.5852091556627007,-1.2009692571552584,-0.3520238967839854,-0.9211239741694547,-0.13148874128434682,-0.19228489112935498,0.987288811792652,0.5462128607226594,-0.5603510051765179,0.08763479781073012,-0.3503979498222946,-0.3349984492091872,-0.6724924677090515,-0.6207686887157771,-0.929713453181676
60416566,end,-0.5206126525938161,1.2542657358612304,0.4986779626555679,0.24021599182250644,0.47395696108088725,0.09843355125791436,0.9435362206806902,1.1579220766771243,-0.6337387081133985,0.43931636138452246,0.026433535636782943,0.20887072458471437,0.3862065923224498,0.38248940115738606,-0.026968601092398414,-0.5702530031347143,-0.6296431285056878,-0.7346497297439764,-0.8726343049053583,2.4602862016117815,-0.37940962686429097,0.47639350502020056,0.008814298982739865,-0.7299272732655722,-0.6514545748255193,-0.6998672855317513
60416566,middle,-0.5082283282369098,-0.4326565060424582,-0.6939192494440031,1.2808169761487047,-0.6465803431540262,0.16690254079031727,-0.33310957438801575,-0.3210640561471998,-0.06727406808094928,-0.2756649417626017,-0.0011833552349229577,-0.816276276627021,2.1643120352497176,-0.29455484428020706,-0.19721752078556054,0.2178646592023273,-0.9334071018180439,0.8802875466520694,-0.885266604925464,3.1195771199151285,-0.6494204302838736,-1.044466794648819,-0.9873308424272075,-0.6096894062614252,-0.5857086543401635,0.37282403636936495
60576722,begin,-0.2555989272399898,0.8385205327972645,-0.5239245854199286,-0.6040475785731333,-0.6624195963008066,-0.32202088888015457,-0.15391969069787484,-0.1638811972454457,0.11563571042350913,0.9908218256843324,0.5220180854300188,1.1050088390182198,1.7836417921233838,-0.8017089145804993,0.18344855646239067,0.42546196143006515,1.3227670984029942,0.23656453775478242,-0.6142826699496662,-0.5956938933785794,0.4323495597662952,-0.5859656131171063,0.3779847217163716,-0.6441747342266103,-0.6103690055119261,0.7960963131238528
60576722,end,2.693160468743737,-0.23740896687793178,2.119313892574956,-0.9780471781881362,1.6523543903372717,-0.8292225684327715,0.9876165298912654,-0.6015088465636821,-0.6358196840130579,0.3760781769143052,0.4056878600846087,-0.8183388200956442,-0.7300225743814586,0.8634472517228386,0.9542226029427316,-0.09082627148839306,1.636988530460285,0.5512417383403705,-0.12416938147990739,-0.46980427252926366,-0.08035432452113021,2.3564046120299262,1.425707396054323,-0.7524005206072013,-0.6670575691341019,-1.4552930681188962
60576722,middle,-0.22122059458498966,0.7350106393993908,0.3299395771368533,-0.04150156370757801,1.8376115131129123,0.4468494075473664,-0.04991419019460581,-0.43629891555681044,-0.32914968851385623,-0.6010528503639428,-0.13038243309801661,0.14366731363550578,-1.1946631080714891,-0.14144081171169315,0.6116272016183326,0.43066207711503945,-0.3697845247922874,0.7735101285091236,-0.8587567130481801,0.8081048097387699,-0.5854158960246914,1.793003920571464,1.1187670064134405,-0.7057072684913159,-0.6413223699416372,-0.6602434296137805
60686882,begin,1.6490282461941952,0.318561726938587,0.4640233505267318,-0.23837791757525628,1.4700527382231294,-0.6911964075107776,-0.04303035169587264,0.041830360768178206,0.5503442855971031,0.03818873162152886,0.3201787346480349,-0.7430648170905458,-0.5535141153525326,0.5499551291378052,0.2601309327625962,-0.3940164641309914,0.10331523062879204,1.5484868250393913,-0.09169494022735242,0.8698942607811487,0.05759221277671414,-0.06790178352145378,0.5526560232240152,-0.5661963110199959,-0.5422187097347927,-0.6760439981076704
60686882,end,-0.12678874978491453,0.5783316531618787,0.9824375869956934,0.5249696066207528,0.858478239805066,-1.014253855786323,-0.796536044598764,-0.3015498165942343,-0.15866045400521944,0.014137384933291109,-0.4595780186178761,-0.7960609401797657,-1.1420322731427428,0.13254860527399295,0.1121964851566323,-0.14030925219017693,-0.3960215003550897,1.920778417191915,0.3575014083330773,-0.4644829020555513,-0.2583577958262697,0.04817032612828937,0.2523968161280482,0.0033936763089906087,0.07666579609821458,0.341029443374786
60686882,middle,-0.11814596940394093,-0.03489258449546973,-0.4127683722679682,-0.6844596538549506,-0.7052880016167203,-0.4613281660967079,0.7761593425249482,-0.26400240799410524,0.07336385477563785,1.2195890518463592,0.811415718594394,-0.1674770790488466,-0.41637659153999523,-0.018247230583833145,0.9575578862713914,-0.4529925687507336,-0.6082551932237338,0.799806516205056,0.8021711186105442,0.7361416818657064,-0.9781727401338496,-0.2434529732589025,0.6485627728375757,-0.6815222060134916,-0.6279938565837162,-0.04013933246418241
60797616,begin,0.8266523161645957,0.7518712777359408,1.1942519827006146,0.08722987519519884,1.4825646163543298,0.18373621851274277,0.19544207200588348,-0.34752554142968917,-0.13978337416205222,-0.5241216131206082,-0.6901039943708732,0.1886148010701019,-1.021526127601191,0.43326660102394765,-0.3161801145127412,-0.536741898009532,-0.03530583993077343,-0.5854888912190492,-0.8331479499204569,0.13020293038517858,-0.29306650546148055,0.22280361834661203,0.4451388270361854,1.1129736376510992,1.1927885547140373,-0.7024803740230705
60797616,end,-0.5103660243675231,0.27241842328736926,0.9152791987961423,-0.8180127646318573,0.8800420164903243,1.9376557940437205,-0.39566639621807004,-0.0865782884785547,0.4219848624454884,-0.9044208435311105,-1.2146535317778309,-0.38443994573201334,-0.9939638629144787,0.45009206733738083,0.596402525704993,-0.47910179929159485,0.635261741404699,-1.1227848677964332,-0.8710743888040237,-0.492054977716885,-0.5286309284604844,1.6459965247211295,0.9968179992470637,2.1714640725934156,0.31105787553908165,-0.40833645723235157
60797616,middle,-0.5097997760364333,-1.1184209097612685,-0.44230650481027906,2.7230251575150297,-0.7323197130273954,1.099683919329636,-0.6667372529702643,0.0627453500281529,0.7166664118287852,0.08029721304992964,-0.293900953703033,-0.06426203332889867,-0.07421855655513541,-0.6543554932995993,-0.98925474588436,0.2449250331647217,-0.7043552018176717,0.11964803093662923,-0.24966354347449302,1.3069847103146386,-0.998005930155593,-1.033308527483206,-1.2439614908591878,0.14846408768782307,-0.65602194628619,-0.07837906294845731
60809640,begin,-0.26301887211647895,0.52084597038059,-0.6130909049195874,0.1875375795223709,-0.7037298495063362,-0.2993912809618825,0.5613611369961491,-0.394711074530613,-0.22428153054046607,-0.6639076220093817,-0.22794562198085386,-0.5661866525370538,-0.5956091347278033,-0.7370902587398096,-0.42390771012869055,0.43528274329111316,0.7440753883613171,-0.47418633166888013,0.6794683784656853,0.13149388289911565,-0.4706495676757057,-1.0142078875393594,-0.4540347001090568,0.16575333889730295,0.2631973188108817,-0.4016012538691749
60809640,end,0.4114089207880525,-0.23971901052412908,-0.06691883869081014,-0.7824185186408115,-0.16953322932127005,1.527018404077261,-0.2606202564565649,-0.4784442971490812,-0.3998729829826421,-0.5817354555159662,-0.6703901350620285,-0.6020861393010029,0.32496188824570427,0.5318532789820918,0.08641769736969239,-0.5377020463915744,0.07320829216485199,-0.015759505863165657,-0.35686882147486043,-0.492673836154441,-0.3423114654259378,0.9001666973604775,0.11602228411160717,0.2182945407837492,0.30935002953004637,-0.33419824181170626
60809640,middle,-0.48925209003934195,0.6663097815291625,-0.6158872866812034,-0.19064722916275928,-0.31733421292919745,-0.4427132851244677,0.2145497544659002,0.5949828430967987,1.7953010143785328,0.7500790650348788,0.8538947037666287,-0.35408994227104273,0.08807251214912476,-0.022806622821310473,-0.14034504861054237,-0.23650400752625797,0.5906134043875388,0.6997515867213426,-0.23753090449227815,-0.28035777547092516,0.41439656860957674,-0.9529933153283616,0.12213059241724504,-0.01828499803140758,-0.6392847097580708,-0.38216765182072854
61229235,begin,3.148996975106963,0.07621208906757299,-0.6500458485723705,-0.3597190760715098,-0.6500207182598939,-0.9652066169184892,1.0930260311733626,-0.5755678340789437,-0.6571669999685612,-0.6700392016227993,-0.8220513318123419,-0.7761545106710237,-0.7719108071511542,-0.7563847140270948,-1.3061852049409892,0.8668594102078273,0.30959109049529676,0.5853239971919366,-0.0363921488509717,-0.5799514256501254,0.23375860659963585,-0.1843386717725338,-0.953089866969572,2.026934368636884,2.1746389585485852,-0.8807251926801892
61229235,end,1.6909663553014864,0.17549060923245235,-0.6497311258092549,-0.04386840723197621,-0.15523145249530315,-0.934938823125185,-0.53881014506,-0.49432484116948944,-0.44802334765851376,-1.0746322032082622,-0.2594975518972154,-0.7847879684890681,-1.2088330784201826,0.16562828560807213,-0.9602626285549904,1.9683930697901246,-0.22802645437969382,0.37024900065990773,1.707389807945555,-0.613789876204066,-0.38587731702968,0.00500498401971095,-0.6713241288174211,-0.6954068629419972,-0.6304701720369307,-0.546526435787594
61229235,middle,-0.13045358320475967,-1.0523268633317957,-0.6717808993880064,-0.7438522508588965,0.07373602102651997,0.2916002233195948,-0.11092431844415958,-0.5861477026497298,-0.6394778977016421,-0.2701074348338528,-0.5419975221112537,-0.5377196308771686,-0.37985701556577445,-0.30888291826157743,-0.9347064123076257,-0.5348811497389788,-0.37901853196083796,-0.8862510044911841,0.06587117720898977,-0.41775097684697404,-0.4322543652133942,-0.9628976120505324,-1.0847552011783161,-0.17908829593706585,-0.0832358893209674,-1.3966973907033806
61273778,begin,-0.5395805442033883,-1.1056073011414524,-0.670231464716794,0.35853657030567226,-0.10215315236920802,-0.0020664362781689116,-1.437249295319329,-0.4548136718478408,-0.31780381149726,0.49706730500865415,-0.7453937529561917,-0.8227474930697999,-0.5431558947262726,-0.7851532614592536,-0.5061083482918264,-0.0073807594452266105,-1.1504611342434732,1.5991855476585564,0.21456183265469386,-0.3578402259541965,-0.12309578807993939,-1.0239479255146613,-0.9275060158018896,0.23011414556524587,-0.6446227988703358,-0.09967486226042166
61273778,end,-0.5274450672648827,1.4918042531981361,-0.6485117971243977,-0.025841338960272155,-0.6649589568131106,-1.0526051081045171,1.0105486845403902,-0.2733787186536503,0.05172582180736813,-1.60738818374199,-1.5072967261155068,-0.7469047671754228,-0.575114055233338,2.678397520048322,-0.11285685149468153,-0.2011873032437645,1.3711765120970971,1.1299725929931819,-0.9078185145456624,-0.5463277923277328,-0.7177599917544356,-0.19053925580570588,0.4331720896779264,1.2597306856873134,0.06986116313732922,-0.04740244365065353
61273778,middle,-0.4625909883487643,-0.40139157992250435,-0.5348056388852664,-0.6106633242216081,0.08506011121247263,0.6878983304467994,-0.9691929461592279,-0.23632629574672345,0.07388031148099196,0.11602183731844443,-0.2490759937418076,-0.15591872094699474,-0.5980680709005474,-0.6908305027154495,0.2950891596049247,0.6042795848436358,0.052018775012104015,-0.2600271133587097,0.09251942163459867,-0.5812906064117489,0.35037419002211645,0.08255164432619065,0.4281324077715051,-0.6602750642646411,-0.609716797630069,-0.7382651241163576
62316382,begin,6.961988630051027,-0.5592902173573484,0.3632284106404812,-0.5243415351149713,0.36562485467464734,-0.24141715843880854,-0.45769212393436876,0.7674217971138286,-0.6094162626422384,-0.698997600958545,-0.5995197036239636,-0.7780507253885964,-0.9201996086531679,-0.16336221304732734,-1.0872452927803289,-0.30805459105974753,-0.5846718719116427,-0.6593210170528764,-0.18274313699369,-0.12825752733283124,-0.0523453405408341,-0.7989145611870829,-0.9836437117609962,2.528091124605813,2.684706242785872,-0.9658159399130398
62316382,end,-0.4479746626115164,0.9079055868738948,0.578899268652277,-0.938305437405284,0.4463233374602501,0.1798858050726481,0.06327364928423362,0.9639236449799755,-0.6059417155100896,-0.8711462418093623,-0.2056755584069356,1.3403253581895613,0.3819437657518133,0.33374131502685905,-0.9256653272104219,-0.540654524409437,-0.436089165878489,-0.1605291146620407,-0.852879155402255,-0.3072020175093445,-0.5189507436056815,0.6244240504428458,-0.2650814246571444,-0.6891449267386996,-0.6222022400652996,-0.09523120549902034
62316382,middle,1.1544792840677365,-0.22069770114135973,-0.30074923752361754,0.442592095799483,-0.7056735328333351,0.5476541219699904,0.5015903368894564,0.07040931902160079,0.7200499737575728,-0.5180378875911229,-0.4343952500220727,-0.03653089874934477,-0.4992789807299339,-0.1640497816104341,-0.39006467922407584,0.977821933073388,-0.6788112998935983,-0.44191498943091256,0.23636804999515143,-0.6266424352049522,-0.39019873583029013,-0.40311317656720236,-0.35764125539120684,-0.7050206464281623,-0.6333784927279991,0.3359594673085283
62322599,begin,-0.46364031050791216,0.5646552150455185,-0.42090158368722774,0.36917035465459613,-0.6706033363515338,-0.07307728221668625,0.6706459020559681,-0.32139335387928575,-0.07627324109631353,0.3507500311956976,-0.40602017192249945,-0.7382105356633778,-0.7593988952517605,-0.7150945621966228,0.7535344366872482,0.6341896604362727,0.22568525611194282,-1.1325569139897218,-0.8526357266879512,-0.3077761205268349,-0.9235741136302946,1.2859479611320412,0.22160545281146615,-0.2158290709061099,-0.14653400095252195,1.6775474422895524
62322599,end,-0.5128817531315124,0.5739572751706756,-0.46578104697528916,-0.18073189831624561,-0.6797768267064148,0.33740246007487845,-0.9784103945029219,0.12054495069978835,0.8263284772152956,0.7195415735351653,1.061499473350268,1.1080796734604947,-0.15369820053240923,0.24174500370341756,-0.45917603192510476,0.2156177689759356,-0.4567035625999757,0.15825644802719185,-0.8977269976063768,-0.5589515261415772,-0.5153108876656052,-1.0240578902023647,0.0066824460204353625,-0.6405017755636352,-0.6009968838604356,0.42411363905869637
62322599,middle,-0.537415064318944,1.053303719260977,0.46114750162408996,0.14512648151253985,0.6119252461637883,1.6806353745308789,3.8022457204056776e-05,1.2931517504802483,-0.2069534210765572,-0.5507245810312305,0.6485742296260743,-0.8242909869717584,1.47382336112699,0.17997014861302005,-0.11132497768636358,-0.6200028495987564,-0.004538461391270268,-1.1216612967302804,-0.9185262178731247,-0.3508350857992707,0.38483860766354366,0.6637506970411257,-0.13283364084926141,-0.6797081659906558,-0.6229795851408116,0.303175617257172
62626163,begin,1.366699095227615,-0.7406261418958888,-0.5995092671894325,-0.24073441263625486,0.7849878521576265,-1.0714031837949949,-0.5968747606855436,-0.44103387231176305,-0.321124799888063,-0.40519270574125615,-0.44718809069329135,0.4335159522162774,0.5952944547421398,-0.39192760097684476,-0.11519625896089662,0.10699916110395695,-0.5018011875082542,2.7373792065490146,0.8145377573429097,-0.5268965607521111,-0.5569481105915228,-0.5420798001126806,-0.20224719777824937,0.22373249648071783,0.294740905968622,0.2360135913151547
62626163,end,-0.39013768760547074,-0.3003941379872833,-0.5106437472260754,-0.24296051055912068,-0.7278558441397452,1.677106408050941,-0.3207773620460709,-0.47663091793992024,-0.37649574797970004,-0.8841410358504711,-0.7624893796801184,1.1133952645104328,-0.25221391543374044,0.07286207743269218,-0.03340492101816141,-0.563992028373618,-0.9683943654932129,-0.01698938010741271,0.009910425607221156,-0.5981641280567631,-0.48580003531159743,-1.0371676786956252,-0.1557245915277642,-0.024415793589495888,0.06718401293697931,0.4939947907785839
62626163,middle,0.058743592575885226,0.3111112861483893,-0.49981115185123953,0.15974279771548222,-0.6772986938912157,-0.41216322858662074,-0.32152303116471465,-0.3059060651073708,-0.07394820501961946,-0.7567058329648375,-0.23423038444469643,0.373002042670004,0.81489364941737,-0.7072084745414928,-0.2301639506500901,0.20914193089891933,0.3989161182192769,1.6515772066923569,1.7362706878057519,0.3306840276165322,0.7199630175608998,1.1239931777698347,-0.06038460924957697,-0.65691705855081,-0.610795828816908,0.4595619007344487
63046139,begin,-0.430530542505996,-1.0195840235253955,-0.6469868545299737,-0.8423358624432237,-0.6307495546552496,0.453790000451424,-1.2476004477912974,-0.5623595808714116,-0.6350994062608275,-0.32339780676213203,-0.6309465433597912,-0.7653130625416265,-1.0031792575271814,-0.7299784170836477,0.028461212119249155,-0.5292122021331002,0.25268206008795635,-1.1190764541170324,-0.8167347116326009,0.1922586525215752,0.7881834764917665,-0.972571050036671,0.18984710824521508,-0.6551975381683893,-0.6037108347803902,-1.4987666015087577
63046139,end,-0.4879071861021155,-1.000675760700134,-0.6727249127514543,1.648716787412579,-0.6031922310706865,-0.13608583815881545,-0.7914070794042518,-0.30308528361996767,-0.0486657506830413,-0.4909623267974555,0.39800556831162054,-0.8001751733148835,-1.0218206903670928,1.5655964118020527,-0.9991848228637629,-0.5273388869634793,-0.951694391153283,-1.2468611090352248,-0.868417541228684,0.1994932963035231,-0.9059609125488813,-1.0262899680458513,-1.489285856011548,-0.5805378007937129,-0.5648281495931163,-0.2615428713297838
63046139,middle,-0.5924799926680546,0.7632309928931184,-0.7704043895562499,-1.649426102794024,1.5878654437184214,-0.12492349621635333,-1.3566506174928303,-0.551070134501798,-0.49659028686057977,0.9330744486765135,0.9640293463489438,-0.864178637966004,-1.5600182765907058,-0.9230750297668431,-1.2372611105757103,-0.7252595373112463,-1.4687588873171002,2.2877695702070695,-0.9670246961127876,4.449817537149675,-1.0616164928094238,-1.1434454121428648,-0.37838399436923026,-0.7152787911927996,-0.6460864848747158,-1.8646366097622156
63095160,begin,0.031093433038567198,-1.0187831914966392,-0.3742550769786639,1.682807948859347,-0.6367384620216434,-0.6724082454262766,-0.3856210802229025,1.2110492112863267,0.36075956954057625,0.6948035688125114,0.5387290204945135,-0.3264326054354428,-0.6054960402722402,-0.6092171159202848,-1.3021390716209111,5.562682724035377,0.4884806075165456,-0.13877820205018698,1.2888565703947412,-0.4837737415583311,-0.6050151485697478,-0.2975174047285233,-1.2194941342206467,-0.6349209365602149,-0.5896536491521167,-0.9581091598957421
63095160,end,2.5572919889724446,-0.7133363990484521,-0.4509704187516001,2.626552266762791,-0.7128383415675049,0.022455068114491016,0.639328767103021,-0.3964107824663942,-0.240265111619018,-1.3308029911418007,-0.852671081797939,-0.7641443703721246,-0.2797218850916277,-0.712710126094864,-0.6401712199433482,5.031018328398333,0.22723600086039636,-0.37304418509634163,-0.878408080649226,-0.6148776149313016,-0.9724523237714741,-0.44088092796103406,-0.6030752875650047,1.2879253600431486,1.4282732566398393,-0.9128644856718222
63095160,middle,0.013519572696784972,-0.5472639003148484,-0.38025910788944095,2.179326509242682,-0.29429820529433265,-0.39038808006622955,-0.6648898329428905,-0.07504853436407538,0.40872625636629045,-0.09409054209036093,0.24391779360057309,0.7869225021250035,0.1258389439503848,-0.1614474770220391,-1.0714380239329675,6.1665559730187605,-0.5983662086229713,-0.24190640932259322,0.9960467929966809,-0.5099242408442924,-0.4169504398300511,-0.8061193497407565,-0.9125579667355831,-0.07857982411552634,-0.6297880595851973,0.059850247483609426
63130875,begin,0.01961615427033061,-0.8903803760137987,0.2542672154505625,-0.5938392520428799,0.461380610761955,-0.6486835812582544,0.14291179952696126,-0.5837319179415793,-0.614233612713757,1.5361784358143074,1.4638385005202403,-0.0404558169957463,0.454924495117386,-0.19661900310172412,0.05396717702381313,-0.5622217922199483,0.4820311072223653,0.9159040812066251,-0.6623447980583642,-0.32156444619631047,0.15832031206275396,0.23142259389089953,0.13913145014885583,1.7817469214916564,1.0769203570598025,-0.5067945365214344
63130875,end,-0.4937503655791129,-1.0961946127401014,-0.48553830895175826,0.470827831639804,-0.7112457270684892,-0.7999642723916428,0.43986098706918725,-0.30294387548615187,-0.018733872443583474,0.4476001447952191,0.6908352078444693,1.7539906497859694,1.6356656873247386,-0.7668480494703259,-0.2104694737241095,-0.5340073167743653,0.981208797923335,-0.789254426194895,-0.0714950682582794,-0.6331196967893854,0.5558276240856409,-0.48038813081658904,-0.5357085811221314,0.23235514940363203,-0.6379497130023675,1.2760671178719523
63130875,middle,-0.39635056228416604,0.5463653514751153,-0.68989307126069,0.11506722231056364,-0.7260146346828518,0.8178981792217264,0.4557454079212417,-0.4989064108766403,-0.4248530715569883,0.13799049546149256,-0.4397770495664401,-0.8127749855884193,-0.2610021279999432,-0.8147106757335744,0.3338827563584681,-0.5978112538059502,-0.528136103939284,-0.4410965768977732,-0.11762863098216733,-0.6029738301951482,-0.3570905217388881,0.535430326421064,0.3811623188065218,-0.7101749974543641,-0.6420908098757329,-0.645636264644183
63830782,begin,-0.5262326376097438,0.9633977794993829,-0.711634192109548,-0.16773568265476588,1.4394455768792283,-0.9028764632035913,0.3533492455729536,-0.4338622635562271,-0.3119909725157319,-0.6053739123463439,-0.7237306116385641,0.44426772609768006,-0.0844996612214777,-0.8010157128344115,0.08883231672797769,0.08049257242764044,0.44750679455096265,1.7642515616270946,-0.11096631139607037,-0.452748153865462,-0.5804259927271439,-0.4375787166932639,0.10832911712582503,0.4492718898363318,0.5127049801682712,1.5285750049493412
63830782,end,1.2586151428879429,-0.3001431367452425,-0.6477068627173664,-0.8068239656017989,-0.14771355729185792,0.19682357482034085,-0.6651981089918446,-0.4631420968069248,-0.3818760359162824,0.20119676499222544,0.06478228409319688,-0.7943411172616625,-0.8292968209461306,-0.5992048656119874,-0.4013208287167835,-0.014167283577708186,-0.3491419953689557,1.4949302579240973,0.034370859628557744,-0.37748200997522613,-0.944846815966488,-0.1401592921485026,-0.17220842772455716,0.5560418860200282,0.6371817208476517,-1.064989058639478
63830782,middle,-0.49197607248676384,0.8095559666381245,-0.6299771500325939,-0.06881034140914923,0.5583230472853862,0.17327713087728572,-0.7333502703026573,-0.37668386596544934,-0.2256009250630935,-0.8915626392297222,-1.0649324270152556,-0.3240170460322262,-0.34591500416194815,-0.38290021005574687,0.09504406705971694,-0.43848040167448527,-0.8188543401672592,0.5240296767818531,-0.16166901494886074,0.8343350045415779,-0.06130587826707635,1.4396760844006868,0.3702954425114592,-0.63919222797715,-0.5979948404967277,0.21451858464291526
75599070,begin,-0.470872226496836,2.930163862598067,-0.2885722636870833,0.8227721545260713,-0.2685037040190287,-0.8047571025194615,-1.0188593780666764,0.28820579752355024,1.1954639162631842,-0.009333109991991344,-0.3672610915718882,1.770744650050936,0.5890443970070225,-0.6260340999123556,-0.5194176830377942,-0.3992735447636245,-0.6717412822573273,4.641638343794202,-0.6208094868664767,-0.2897469089530065,-0.7089779288514907,-0.758593309833601,0.8855652050969386,-0.4593789593644456,-0.508602487107098,0.7007341529083821
75599070,end,-0.525654665980909,-1.143633421612817,-0.6344155397211604,0.9483285455450264,-0.7494060431972408,0.9853131716782803,-0.9139052265067598,-0.46277085025488207,-0.35549645211311953,-0.995490764378445,-1.269790231192913,-0.8120224159083953,-1.218978806941412,-0.7972478925423888,3.3937188255056547,-0.6104252441562914,-1.2490903054422196,-1.3749339660173026,-0.9087239153994884,-0.18464000475177728,-0.48968826544040545,3.3430443425365954,0.9756449133303883,-0.7492160610936573,-0.6612384574766333,4.59853774152869
75599070,middle,-0.5530420293868612,-0.9978938339176386,-0.42179803242018044,1.5595295266758615,-0.6041754551326419,-0.23490548162167885,3.197163412425159,0.576281992677471,1.8480466595971041,2.6686275757308477,2.000280185559123,-0.8212646293477165,-0.88334530082269,-0.67135847477146,-0.30850224485945965,5.047350171172225,3.6576229005426764,-1.2958000091061546,-0.9330069005025988,1.2912325338714685,-0.9693166530772602,-0.873361516591173,-0.19154119207437825,-0.5284008101368479,-0.5439724078931416,-0.6016787701223087
8686068,begin,-0.5192896646549543,1.7288134849724253,3.5694403828203485,-0.7741139375210534,3.977936833161157,-0.30577275374131,-1.4252585594759026,-0.0890874692572145,0.4555106687222993,1.9555491671679732,1.3460262808642074,-0.7877481457732279,0.6974919155860712,2.097626036721945,0.12366762274443645,-0.5183250783878961,-0.08879075895900848,2.388292871061311,-0.8985944487728253,-0.42036784694003904,-0.9955581104704498,2.5214683006103007,0.4075348799135495,1.3146579369119316,1.4250687195726046,0.7747132110492416
8686068,end,6.420804612322163,-1.0917370605302927,-0.6473277737104669,-1.0341501089003045,-0.7065129201070329,1.3050483940958968,3.501421852516674,-0.44639037097237694,-0.33401674413720067,-1.7035102828503677,-1.9036239517707256,7.88255405129764,0.014992920678838161,-0.7746171912522684,-0.9666335679989017,-0.5684268893194471,0.075361586816425,1.2990054845039682,-0.8826003178743325,7.369712334824621,-0.9677835749583209,-1.0151400453118555,-0.8737914548094338,-0.6950861786367593,-0.6306444077982446,3.964816093051306
8686068,middle,-0.4960114737838061,-0.9820615517150711,-0.663396900695226,1.0645647837392254,-0.6333405712218012,4.0463136389762875,-1.371343815470036,-0.15078581285125525,0.322472620716175,-0.7398983910612331,-1.736828186822948,0.4509262480887969,-0.2734342367288952,-0.7952141896239571,-1.693615344124591,-0.48004677209334773,-1.0880678710936684,0.9888813208897002,-0.8678559597989504,0.24131820029332418,-0.9145629097386014,-0.9923434317906518,-1.5331226272801393,-0.5728863828492732,-0.5776555859861594,-0.53558826827872
