book_id,A1_commitment_vows__end_minus_begin,A1_commitment_vows__middle_minus_begin,A2_emotional_safety__end_minus_begin,A2_emotional_safety__middle_minus_begin,A3_everyday_tenderness__end_minus_begin,A3_everyday_tenderness__middle_minus_begin,B1_attraction_chemistry__end_minus_begin,B1_attraction_chemistry__middle_minus_begin,B2_emotional_intimacy__end_minus_begin,B2_emotional_intimacy__middle_minus_begin,C_explicit_eroticism__end_minus_begin,C_explicit_eroticism__middle_minus_begin,D_power_wealth_luxury__end_minus_begin,D_power_wealth_luxury__middle_minus_begin,E_coercion_brutality_danger__end_minus_begin,E_coercion_brutality_danger__middle_minus_begin,F1_sadness_grief__end_minus_begin,F1_sadness_grief__middle_minus_begin,F2_anger_frustration__end_minus_begin,F2_anger_frustration__middle_minus_begin,F3_anxiety_worry__end_minus_begin,F3_anxiety_worry__middle_minus_begin,G_courtship_rituals_gifts__end_minus_begin,G_courtship_rituals_gifts__middle_minus_begin,L_vices_addictions__end_minus_begin,L_vices_addictions__middle_minus_begin,M_health_recovery_growth__end_minus_begin,M_health_recovery_growth__middle_minus_begin,H_domestic_nesting__end_minus_begin,H_domestic_nesting__middle_minus_begin,I_humor_lightness__end_minus_begin,I_humor_lightness__middle_minus_begin,J_social_support_kin__end_minus_begin,J_social_support_kin__middle_minus_begin,K_professional_intrusion__end_minus_begin,K_professional_intrusion__middle_minus_begin,N_separation_reunion__end_minus_begin,N_separation_reunion__middle_minus_begin,O_aesthetics_appearance__end_minus_begin,O_aesthetics_appearance__middle_minus_begin,Q_miscommunication__end_minus_begin,Q_miscommunication__middle_minus_begin,Q_repair__end_minus_begin,Q_repair__middle_minus_begin,R1_protective_caretaking__end_minus_begin,R1_protective_caretaking__middle_minus_begin,R2_alpha_guarding__end_minus_begin,R2_alpha_guarding__middle_minus_begin,R_jealousy_possessiveness__end_minus_begin,R_jealousy_possessiveness__middle_minus_begin,S_scene_anchors__end_minus_begin,S_scene_anchors__middle_minus_begin
104659050,-0.0009398613719531919,0.003727580218215537,9.1220147438291e-05,0.022183546178402947,-0.0014259639211003563,-0.004368503131073635,-0.04778834486771366,-0.048500502320227,-0.0005404916203367478,-0.0007671568081363057,0.004246205280990345,0.03597411722211516,0.01259300153013291,0.00010839867309408308,0.030089743501712306,-0.006945989363806029,-0.006912918657219782,-0.006903015181602624,-0.017445386812569325,-0.017430670087321853,-0.0005695312800899961,-0.0006761498957634788,-0.0046575019195885005,-0.014884510634309529,0.048860241290621415,-0.008168314470810775,-0.00011172945679739296,0.02075434492328727,0.006586003224176767,0.014520349129401394,-0.005404263368531373,-0.0017904998516039931,0.05354490693731432,0.014174243058458706,0.010940707449464016,0.0740900759838497,0.003222615330984587,-0.0009595190340502188,0.0015518023829604944,0.04748031143177636,0.011966060807324697,-0.011731408135329947,0.03320976096857781,0.03851752946123652,-0.0012020595204742471,-0.00407794816174737,-0.0009293000291312093,0.03415837275488424,-0.0004979524014647224,0.03471738209771014,-0.009390904146486273,-0.02919192570369221
11266880,0.0005810023149356272,0.00019308325531314533,-0.017467198543914153,-0.018940222484808297,0.01764994351756155,0.015549846598554316,0.027606868448791497,-0.009211321830156813,0.006845471656328626,-0.00648480663548906,-0.03941099444164847,-0.015216850382465064,0.02705712623860486,-0.02940676109505338,-0.015051243106403843,-0.016095874081326705,0.0021452467838286,0.0014669955426064455,0.00038550825498137077,0.013901702823304404,0.02671720202140372,0.00024230620552457156,-0.01042149122702103,-0.00237015596856331,-0.014404576771499325,-0.027640354214422028,0.0361788383257648,0.01415542391324075,-0.02165659576651688,-0.046453719481803185,0.005303529740523346,0.0029828675497300524,0.007475425858176531,-0.01457724567734867,0.010778633462361985,0.025945985310191523,-0.009346376744739338,0.02732590572844901,-0.029721362949844992,-0.028565250087582594,-0.0002689732480033319,-0.009146079877858725,-0.014166457266584893,0.007741955241374665,0.003640378742925235,0.015173054751600887,-0.016519675499404918,-0.016055091383691458,-0.016693693746975363,-0.016470999357712048,-0.028915416429168908,-0.029042539001548878
123257687,0.004209341055827767,0.0011223489707396289,-0.023998856790379792,-0.0028541975125910557,-0.02821876012251518,-0.02932916783744199,-0.04631392924481367,0.033067062634583935,-0.02844094372990262,-0.0357881233466917,0.033221092244480645,0.0645397835426448,0.09387497041494886,0.006190831778703082,-0.013552303374315367,-0.015161693696333502,0.0017628298635533105,0.00016366920599411713,0.0004997288861437909,-6.972332328602604e-05,0.0003551921215766014,5.8394121054118685e-05,-0.019321678677100187,-0.02273712725871528,-0.0837147785162454,-0.0619051265846451,-0.03660087889156288,-0.011247636947305652,0.03462379831351711,-0.0037630042633533256,0.01705848291715137,-0.0006197827922831776,0.15671136358289897,0.03608622287458084,-0.05201917031566841,-0.04355104931594131,-0.05652182319326247,0.003225654081024619,-0.0011842151711996393,0.0010088676203120418,0.045898969987568095,-0.019665208994043892,-0.010575134049401136,-0.012006470577380385,0.0008232781043549945,1.1277969818231765e-05,-0.005483498037444754,0.01953988029250789,0.0006237399322970098,0.026127590105152247,-0.010339563984973987,-0.0352673874414436
123446478,0.0003571077423854166,-3.0233958863152134e-05,-0.08323611128401588,-0.10083179300074753,0.04025185038258629,-0.02147597281420662,-0.04730400422363442,-0.07994223750255372,0.03270959399311131,-0.019872801773163203,0.056137318121859583,0.06700565025380065,-0.031274071366711474,0.0006500510064817444,-0.004712884728660745,0.015219054675663181,-0.005064233058376505,-0.00494220080201721,-3.1503200383584725e-05,-0.0001832861669989346,0.00021097162643531813,-9.483687453277481e-07,0.017833676145817615,-0.0002493324353396453,-0.017217103720341374,-0.017861665636632496,0.04886831381072936,-0.013313085196356845,0.003551904475882467,-0.07409556643197729,0.006220526418987624,0.00010869383826493098,-0.011916665330449723,-0.0047365580727942724,0.0002708957099627554,0.012681282192911147,-0.005050438817586444,-0.034027007647017174,-0.0016694097419080946,0.02313338384360492,-0.02492564404708342,-0.02001705567542022,-0.08236219239141358,-0.1001704789073134,-0.02090762386917589,-0.021571219951333265,0.021800048023720396,0.02570820928286594,0.009428700861272139,0.026429277036404363,0.03674823853810541,0.025706069633386258
127305713,-0.005432487050278257,-0.002542220225438245,-0.005685854902438493,-0.008206842606858306,-0.0007378399556251984,0.021592382255576147,0.03235007718305812,0.03765492838391538,-0.027459817190275564,-0.007001879665981339,-0.021654033883529374,0.037837770472330855,-0.013867931878361738,-0.013142484351543054,-0.001804323869796173,0.0004899270786809795,-0.001838640702822502,0.0003681378134782493,0.00018658274344202,0.0004428103524181463,9.53161622073306e-05,0.00044098052956300423,0.015749259165281145,0.0015349006484316717,0.04357172696614346,-0.010499855542352873,0.009537323475549829,-0.0058458975497964055,-0.0255599796443311,0.015216181841258503,-0.0024979577805943204,-0.004927949361029162,-0.0065570891311329815,-0.01536448062202738,-0.06293610228183008,-0.00031106529922275694,0.012198461508886819,-0.005715660603560036,-0.00014787561183238424,0.0035582501567485046,0.0010984686152476705,0.0005948369443930235,0.0009088032445683653,0.02822625925890354,-0.0007867751674539498,0.00200012691559494,0.0355236725402126,0.03385494602578974,0.0060093044420770556,0.03305646246169675,0.0394113545105242,0.02314437394434664
149105520,-0.003723244256733559,-0.003645537868482082,7.226802988753595e-05,0.00020783397527948674,0.007515547653121113,-0.0002774029452671531,-0.01814322410882191,0.032593262221859876,-0.013154697728650336,-0.012142786415825321,0.05206940460230418,0.04289966399396525,-0.03952626477679771,-0.07979102427771166,0.00819536283090464,0.0021749537565941253,0.007986112813251983,0.0021685882778618056,-0.0317566762790449,-0.03118831768664568,0.0004068997002423466,0.0005035787247417468,0.0002460025926100625,0.015356929528915148,-0.08219155518718402,0.019020558232759305,-0.013933392760295295,0.012797442317761337,-0.08681400049483132,0.04671216429217234,-0.01044673318534161,0.012556688018135215,-0.010914526455419647,0.06073930841284372,-0.011691180670115153,-0.02484568842485578,0.05463268605263723,-0.06031689380121265,0.011205023880923357,-0.03264600247392352,-0.007853360859599388,0.031187051339752636,-0.02437269201152052,-0.023194408080809435,0.007455695239685598,-0.0006802719085908326,-0.019816854097069327,-0.019019899741889546,-0.020442135899852856,-0.02008332260333527,0.070315906759634,0.12376793940519476
15197,-0.0023605153424336184,0.002106547229498321,-0.0004458675632334621,0.030629469219129717,0.028078579818095004,-0.0014202902700077681,-0.06293864531992074,-0.04990403906050454,0.028289125270768684,-0.0026667216460148904,-0.10219793725059206,-0.037414136462449246,-0.06340037455310148,-0.041543040639746745,-0.0027678661742092164,0.0018836023015950968,-0.0025983660421932935,0.0021972802988365564,0.0008395110018949404,-0.000850759823265422,-0.0009743026134511738,-0.0010596871477787481,-0.0023986584129226333,0.09004125703847571,-0.0704460703456948,0.014239430732033376,0.026701705121395587,0.0002997847851309741,-0.012159863454726,-0.028747789007748742,-0.010724737912869084,-0.002942958541647918,0.0108555695301248,0.0010789601036220314,-0.018617619695929816,-0.05775716660898087,0.016801396090261322,0.014315819390680884,0.03638097697596605,-0.0009174661948641513,0.019260783756813463,0.011847007083245473,0.006415096936384022,0.027624024180914076,-0.0010518664696607333,-0.0002568283744048775,-0.002571778324412719,-0.0038164547961936717,-0.0014884277517598706,-0.0022344659448703193,0.006236885434509842,0.12205336769023323
161913,0.0001050350922428772,0.00014709833849410706,0.027012422522248843,0.00037263316477908294,0.030747212682128926,0.004841941349506935,-0.09476964699597142,-0.09539184078674126,-0.022088613670966796,-0.009200461896423845,-0.08572108474443925,-0.09071522361259121,0.03618773798708186,-0.04390193813153555,0.03592059990407505,0.0028076047989287582,-0.0003319232057898639,0.0025497612098900673,-0.0002404341205815533,-0.0005640040407019829,0.0005093577824527074,3.5582756301432436e-05,0.020595810797752846,0.005807961946606658,0.07267214324971792,0.025402266281933497,0.02194812071839299,-0.004706428212799867,0.07021479397337099,0.0036026980325689073,-0.009344168132812084,0.0036746190999935955,-0.01578943707902164,0.055669903592302734,0.07796107948567932,0.024879080368530176,0.0005883238825984058,0.0009037525170441374,-0.00026576263335651774,-0.0006042347818018717,-0.012502305150660548,0.01176881645652745,0.02764473509904765,0.056290539923950646,0.030486626573436745,0.004752952340873713,-0.00011132013182276303,0.012336024694150545,3.310961147384847e-06,-0.00036596851235531935,0.05606619531478119,0.04544465853255305
17561022,3.625301537003205e-06,0.004303081559350106,8.859609364963159e-05,0.000244655686481114,-0.016071398761900973,-0.03853484719414792,-0.049157401243358254,-0.05803352185958774,0.003447603603737269,-0.015586599913359412,0.01165149193294826,-0.05137744914292902,0.0369222669898146,0.07848023836810682,0.0008174458251066202,-0.0020786725496900575,0.0007612805411629873,-0.0022747197091570505,-0.00036226470464791657,1.280741984056779e-05,0.0001770287794498086,8.558792362525118e-05,-0.00805390111010374,-0.02259664807167591,0.007268104659193475,-0.036873116051179114,-0.0025078411684503824,-0.038240954653263694,-0.06782499978724221,-0.07972513147325615,-0.03295899463290248,-0.03358238388272601,0.1432428622284318,0.21112147184693425,-0.03409246152191712,-0.053915984561770665,0.021450112243613872,0.0005090785743964757,-0.0004291464262593859,-0.00015531222192692812,0.043558211597627454,0.049946796363031974,0.007715274636531698,0.01423600045519356,-0.019771122278750136,-0.02289160643750466,-0.024570669435679256,-0.014263252713083393,-0.024213782602847955,-0.014250384086399021,-0.04363955422391976,-0.03695239552858451
1756703,-0.0186025330790898,-0.01677852107206504,-0.01564002343962854,-0.015661775792928358,0.00940975284921625,-0.0008644843964312897,0.1507089986356725,0.15824659860225887,0.006844149000788148,0.006344883452552333,-0.026433078153300878,-0.015633304939931668,-0.07672488590181328,0.03625623421641462,-0.0019184556095568454,-0.0034232628281161094,-0.0018912596665951733,-0.003457690483174572,-0.0003204105494844557,-0.0003925261982288173,-0.00045018278670428346,-0.0003920749661520536,-0.008890569548446558,-0.009358573412930692,-0.013139103322732174,-0.005850184042435501,0.014825781560819538,-0.0055948786777950035,-0.0041792374701518364,-0.08236003892577132,0.0064307017614986545,-0.0003283765963445692,-0.029689150463139892,0.07502697927206686,0.02177944033492908,-0.026503995255372524,0.0028818589738786003,-0.01073683004498844,-0.00011082006301190014,0.0014750067799107207,-0.0007113554097147408,0.01689681607045861,-0.03356731916194252,-0.033612313988017624,0.009727223799994482,-0.0005795993801178386,-0.001093432358811276,-0.0017540039036192142,-0.0005941123088338894,-0.0009690006818523929,-0.015862627122894546,-0.08258807753429673
18692741,-0.013498886581788933,-0.02119733680735373,-0.0210468813493519,0.0345710758177917,0.03774033386471608,0.0181164743048752,0.0025387338010492352,-0.008148557477479237,0.019864236142993177,-0.0009427119924271432,0.09245964601131756,0.16044132860564606,-0.016519356783692665,-0.029481158631673783,-0.020632550890422385,-0.020803058438061933,-0.020553781951449107,-0.020732049454760995,-0.00063378965474047,-0.0006350458217314842,-0.0004955617760917783,-0.0004324242474352592,0.006409239303289058,0.016273116866483348,-0.01691502245003168,-0.034840825714059595,0.04867118012827441,0.017285365632753485,0.05266111726437539,-0.09251718692822858,-0.026124175507067707,-0.026568938768547226,-0.04938105727662204,-0.0267228172884197,0.005911797952694753,0.018257358431414225,-0.04892929162919203,-0.04879326784862095,-0.0005084913242401057,-0.0005195643742525055,-0.001951540131285144,-0.00399962647745244,-0.016355572228553522,0.016486837957186907,0.017270213976517547,0.018481956208181206,-0.0014186801201225923,0.03663993939808582,-0.0007412637173718011,0.03728756535054307,0.0007631041082234377,-0.013769955914334733
201413413,0.00024147427346176548,0.0003367066540939421,0.0004067230929388011,0.025394522473393792,0.02810923748183576,0.005074005457490071,0.020413555860447723,0.02994864116385822,0.0008076496709553058,0.014685125300307945,-0.017991341944396277,-0.07544850039467993,0.03734962601833158,0.0009479216521585537,-0.023452059644915486,-0.02056292577813476,-0.0237037747965107,-0.020762399325623012,0.00031839890687662686,0.00042524734019008326,0.000292094109062422,0.00043207707820265085,-0.0005872746384788172,0.014134938804350277,0.01981565349048591,0.03609716639072038,0.043124698678322845,0.003212482581205829,0.08938629351771417,0.07530409133974396,0.0013027442265154954,0.0011401773212553158,-0.0014438082693785277,0.007394663064654781,-0.049506003909918585,0.07496079323971397,-0.01231252706914723,-0.012158881462498598,0.0002245454002320254,0.0003521324515500043,0.0019898618450053347,0.002375039600088549,0.02103269790609133,0.04179818637369452,0.027669637845262218,0.004613910409809832,0.0011439270075105042,0.001289615092315621,0.00070102955458381,0.0007078640867238424,0.018564104541341567,0.06662760497940542
20346544,-0.0002004694112697008,-0.00047482122366228157,-0.00044756417750254924,-0.0008156662268681604,-0.0004357412423008312,0.03695560162830777,-0.008795239057496608,-0.00181561549832078,-0.0014278413013646307,0.01512878414872069,0.0970877676839558,0.29867945896821185,-0.23434384238860834,-0.20127432781441296,-0.0013969247565304614,0.0011111235925873701,-0.001255498264976681,0.0014638952636432442,-0.0008854226021959245,-0.0012491204926856454,-0.0004606940174901259,-0.0009720000659406726,-0.01303384583267129,-0.001369432097311548,-0.19621827567865058,-0.1394198472360192,-0.0016433312098033757,0.03480024028081179,0.08027920461810423,0.00434971003484913,0.0004999809504996414,-0.004394835688006253,-0.1838126346236988,-0.2278955880205958,0.008607660325219774,-0.010311931039551215,-0.021331919975149487,-0.004802760722357361,-0.0006776363689831392,-0.0008885548087122785,-0.018111398224141838,-0.0012597657109455485,0.027313914324356838,0.013010735654187092,0.00012960868147684785,0.0205285837094325,0.01495961085222956,-0.003573712351077522,0.015912439668687054,-0.0021090993034807663,0.04296304022849334,-0.0001346111825947932
208153130,-0.0015700406380016445,-0.0016887436231386107,0.005804740732972373,-0.00942659411409191,-0.003481816105046536,-0.0031674308640712093,-0.0011545106289042734,0.0004760814121586715,-0.0013368005726289902,0.0033673814101987908,-0.011957665065556719,0.05197558576582001,0.012668416663626468,-0.02580699799240313,-0.007525219089953013,-0.0014997599689732643,0.0016388267983483426,-0.0018046750937269537,-8.742501041587305e-05,-7.94679900719674e-05,0.00018440656000435595,2.0283774015880532e-05,-0.013250831552136723,-0.03463046679949966,-0.0023406017532942025,-0.014729566612021516,0.008288796635695251,0.0035550113451689493,-0.006731099700404752,0.004539164404021884,-0.0017717291183904594,0.011304348063447286,0.00917513346090221,-0.009219432646364167,-0.017697292220565812,-0.021069962682417218,-0.007011407575925048,-0.007273164238467002,0.01586509098613459,0.023442093593661808,0.012320350415308122,-0.012481621301119773,0.012157448947461562,-0.0060538705995386854,-0.002219176651333351,-0.0024257956308499557,-1.7764583136205964e-05,0.016429143108936704,-0.007259370977202299,0.02289497254663611,-0.037248489098502396,-0.06631661733663
21787,-6.660863428782307e-05,-3.461584043518986e-05,-3.14875440243751e-05,0.14567417573022987,-0.06259750291796574,-0.04904772808208045,-0.01347775227314671,-0.0767061671999523,-0.02793203990548484,-0.028623908481952877,0.03233007457097786,0.07259875445044203,-0.0012272182283427219,0.01552430971583433,0.0008597882091585006,0.0073620970059008585,0.000889147149771089,0.007442577060333472,0.00035938813348714265,-0.0003466782261095469,-0.00019413424092490562,-0.0002191534669157099,-0.025688731576749203,-0.025614221338186728,-0.028912423590449612,-0.09576698243983536,-0.062360320547128395,-0.016428616353659296,-0.02338888976537204,-0.08122575318460658,-0.00012022407069089231,0.0015704919559474482,-0.06388469135435286,-0.05615118062803863,-0.035936226342688636,0.00024776142568565945,0.011610502699636677,-0.02602632789815432,0.00030222926319114986,-0.00036811755745539527,-0.03669767549393479,-0.03736706266720892,0.011104780619060162,0.06944481689962313,-0.03434190107276381,-0.020653843952112845,0.0006321424012352334,-0.000709136982949581,0.00031336681188042284,-0.0004470174077182775,0.06784343495697696,-0.001566442074000203
22609391,-0.0028989382907452636,0.00016728841529376447,-0.026097421340663857,-0.02609186470521232,0.0183818201304777,0.018632680071110887,0.00010327707394491847,-0.002060969135855628,0.0020403851891147456,0.03389971702668874,-0.017909436499894966,-0.01983368884425736,0.04675935600430725,0.06546125674652559,-0.01657576642215059,-0.01931077002555505,0.0018392478219310792,-0.0018988490788370686,0.0007278418008615374,-0.000170864830929736,-0.028665385735658595,-0.02880948820024439,0.007402370773860474,-0.023462713996786587,-0.0017599787647512924,0.00369628880657355,0.019186993253254656,0.025164392601419578,0.10472598262866867,0.09990827974749311,0.06275957812716196,0.022041399934920575,-0.0032867563425532445,0.06087274328927858,-0.014351958018284247,0.03942114533622867,-0.04235002084042122,-0.04261609506891301,0.0053440235298683565,0.0007566655448487625,0.020134633189972013,0.022282421674007076,0.01881624377710004,-0.0018791820243384476,0.018306979453830995,-0.00047106068479936774,-0.02172550396945646,-0.0035058563681267772,-0.022038832847537878,-0.0033122891579111594,0.020377104822316174,-0.012565141210643768
22707536,1.9053206696033494e-05,0.003793259638209279,3.234431510521223e-05,-0.00011465841222038501,-0.003538848926861923,-0.0032728799170393757,0.04499775164528085,0.11910184882441491,-0.0143441250566496,-0.0145899197880745,0.22773659789217135,0.16629629167146534,-0.0421390547793643,0.09842613954851842,3.6697771861186976e-05,0.0005395621147765792,-3.05515277625101e-05,0.0005358720526807727,-0.04133673947948166,-0.04133053214483904,7.658122743786828e-07,-0.00014133201180360782,-0.02065606827526696,-0.001751806553017956,-0.07957338482980736,0.11367646742782879,-0.002061862495968552,-0.0018742797550563121,-0.16509214472345568,-0.05024478082158604,-0.019386005680942522,-0.01934798846129697,-0.08754399342832231,-0.08889260574802052,-0.005632590548974879,-0.051672911762462116,0.03193412866564857,-0.016525644814953177,-0.010265447127309014,0.006396831875485627,-0.08903912248199551,-0.13803424080048216,-0.038210591248640124,-0.04983062617458112,-0.003562401268399561,-0.0031204956849733762,0.0002634127917402573,-4.664785817426248e-06,0.000117783533207185,-4.924440653523586e-05,0.009473529047547835,0.04717375273875683
23518136,-0.02484734389342968,-0.024753762237791667,0.03207793533851297,-5.560619509168254e-05,-0.07224982427758106,-0.053310998450761884,0.027612695988602387,0.062168635781239656,-0.05251639299866319,-0.05492808463774132,-0.10042192717047677,0.029457285016854184,0.0008152464820763844,-0.032316271222936135,0.0016293087144880541,0.0014765085719752966,0.0017299951326409466,0.0014767626413807102,-0.01406142747503815,-0.0134359064413499,-0.0003788180732974605,-0.00015444064175362945,0.009153898211497176,0.0063207310116737605,0.044430148178975365,0.028799572926160026,-0.0589639718777945,-0.018307649739135803,0.03216461137980675,-0.02241283185760573,-0.006785543864442942,-0.008225323510405967,0.05158324597758188,0.061601972764391895,-0.01715037097944503,0.0046162601578817325,-0.03296788506842185,-0.0324905835518589,-0.0001963550938076542,0.00032387863476949434,0.04158134611909569,0.05123655322520363,0.03220377134864532,-0.0023269560725855416,-0.01732989375710378,-0.00045146590627583374,0.039797493887826205,0.0007539923372844063,0.04002673469560146,0.0004613846467450473,0.04270834207632182,0.06484065032547318
27394781,0.008947381687369561,0.006829178844808166,-0.06364433696828081,-0.012197059658040244,0.002213315664772563,-6.858158537940496e-05,-0.018783619924640435,-0.053553478596432856,0.0003595118472538143,-0.00039890547383121446,0.11806983169138581,-0.0210607086897196,-0.020296571349533547,-0.04445089652962106,0.0036877416608171614,0.08998207206883264,0.0037266275552991323,-0.0005505775301898144,0.0005251532950047595,-0.0003002866528939625,-8.854285850279277e-05,1.1603264845570067e-05,-0.058584379543208824,-0.012090979240317372,0.06065305471180964,0.0877775520584801,0.0026584136360564975,-0.0003972350431194114,-0.0818722263133914,-0.005972721343583592,0.0030245880557261875,-0.0006319338755486448,0.11527096890566327,-0.007967657174362826,0.08686545427405282,0.004441367477107765,-0.0001472292489763695,0.0736092681639881,0.0005210742161920761,-0.0002184573513697186,0.07013826833359255,-0.04541705959544527,0.0014497722301274759,0.0005429911274061651,0.002282297397494579,1.4302387791878144e-05,0.0008021076109084322,0.045323481863610474,0.00041849984048130686,0.0454880959871864,-0.0578321813878333,0.009368600013633266
28675670,0.029500004964258718,-0.01128674017911842,0.03163787793951239,-0.004170329606478038,0.003529906406954021,0.00021595127422403652,-0.004736495590580536,0.05117126788403756,-0.008910992791737751,-0.0015549032762432486,0.004417187829043642,0.020097414627582154,0.018805343919620854,-0.035179740240459126,-0.014964562307965742,-0.014665749313605293,0.002522864844676404,0.0029530667932678913,-3.123563779035667e-05,0.0009242937110416054,-0.00031520726349560095,-0.00028744004708707114,0.0024506473740690364,-0.00873003152009163,-0.02132190701808713,0.01641545590620995,0.011612981208485189,-0.012755367940013147,-0.13496037906124306,-0.10317468089894738,0.004218016499077989,0.010757828589093809,0.03876722878486396,0.03101841797989554,0.04826889010792268,0.05744417370505994,-0.040490601064193416,-0.04430547830287834,-0.008717757306390057,-0.00574304133745101,0.03452615803138097,0.0057245857111052866,-0.013670653068139388,-0.04827184728649185,0.0037779908077615896,0.00045478244245909013,0.0003329561472634672,0.016606773257839456,1.1094830387656978e-05,0.015905822530239738,-0.006561871291805743,-0.01381374939829625
28869598,-0.0001587077486357645,-0.00021020038966692038,-0.014750079969384496,0.009863960508949235,-0.0024850115756504107,0.017311962775018452,-0.04330172957525156,-0.04784039992658783,0.0020836043003220808,0.019273155083436484,-0.06622736242127426,-0.014646174508804538,0.05664081711336234,0.01103821130326918,-0.0037695151458630124,-0.0020498279494856574,-0.00368400694757273,-0.001934475364119562,-0.013103343152239532,-0.013026089110698037,0.0248735868903733,-0.00016779184050979981,-0.03642464189291643,-0.01393697852399857,-0.057697749762333,-0.03244226184046853,0.013517722612265495,0.015218073120492535,0.06607611285774384,-0.09286495996251831,-0.01923707604477877,-0.01509574396624474,-0.056696665257835455,-0.012723325171687005,0.09588459645695527,-0.03369123431245052,-0.004895612641884107,0.017815946838072534,0.00027551885783932213,-0.0008865535043885461,-0.02744198667643674,-0.034709417142005566,0.03890856611850195,0.04854418573725506,-0.0021358168644434253,-0.0005733696346446088,-0.0014281765586313122,0.006187808381603901,-0.0008330721364392614,-0.0008380369155088563,-0.05396491105537292,-0.012386955217002754
28963772,0.004940800805058797,-0.0003597406687752828,0.03719268284590506,-0.0004050836037454539,-0.0008927744826977826,-0.0017013378480534027,-0.08551944766676742,-0.05492549274697914,-0.018514073049894574,-0.017923801910077076,0.04070216312788068,0.05466937141633971,0.01612415924970545,0.04676828507619879,-0.0017362014689276,-0.0012583004242663247,-0.0015834820423302354,-0.0009884681346129113,-0.0005744985883819186,8.552186252005741e-05,-0.0007133208114313152,-0.0006204246390721244,-0.002633269256521537,0.014035048372117574,-0.005773928785624988,0.08298047922150838,0.010658205037595805,-0.002024537500856251,0.015310409899567098,0.026327464092186212,-0.0013357375522672485,0.004752945455753152,0.04653725222386131,0.0852711978573722,-0.058069658930882714,0.008974302036887344,-0.0014331505019135548,-0.001070502236565123,0.004453576343005236,0.0005987368220924593,0.011209772387881907,0.10694905073187885,0.06967463191213145,0.022051206256505237,-0.00033238644789395375,-0.0011282757918148058,-0.022100587575569198,-0.036372323875846324,-0.021502201148329573,-0.03635406920627348,0.030337740146781245,0.005943097334193011
29424551,0.00010916088899450742,-0.0006258333441217928,-0.024231656347935872,-0.005520975044869585,-0.0116805503692138,-0.015637847920827223,0.009681369786809196,0.025666114376322588,0.004959207284606953,0.009491338916835835,-0.03890514112213453,-0.005490029957632356,0.017620815794787963,0.0020351081350643563,0.001304920225132046,-0.0012552974342226646,0.0012404970493768907,-0.0012441100749351498,0.012070943436267842,-0.00033769958691753574,0.00023859373269704328,0.00024834238437007074,0.00999054588397502,0.005138821770620487,0.002719839931226986,-0.012703382036568359,-0.018612426721417413,-0.016240209104504216,-0.09156816165376669,-0.07361706254687284,-0.0012694624446044668,-0.008341496663747502,0.0008014665664793016,0.0009987366119459107,-0.026185504817898456,-0.03949706249443909,-0.020472033720571756,-0.0409542252759989,-0.0012337788020575352,-4.3488210357763924e-05,-0.01715526219858711,0.06798748813122343,-0.030842427774479916,-0.014773492964732245,-0.013039131567221853,-0.01573454094664306,0.0024459665139837765,0.020461266305959708,0.0030650471366348193,0.02045430115969319,-0.019941896302964703,-0.04547629476927918
29939161,0.004865174504169599,0.021372371304050824,0.06188297954220268,0.07180762227046336,0.0004003431295434921,-0.0002393340996932066,0.08192327714208737,0.17933955834708662,0.013617207480516737,0.0007574790569861394,-0.020891896964863495,0.06696408636661527,-0.10086309133053444,-0.1625319900824867,0.002889928423713001,0.0017959651633400117,0.0028689609535460115,0.001873342841879958,-0.004807475941127449,0.004157767231676077,0.0009805843694923346,2.7944093364161632e-05,0.0006246274210049067,0.0002456495029846259,-0.10972473125913969,-0.03895955012237265,0.010882347022697242,0.0003314691631134,-0.13707868988700114,-0.18659741792609488,0.008091564843204838,0.02560579090462687,-0.05556412612349913,-0.027544733949069942,0.01481961054700738,-0.04124193601698162,-0.00279867890651744,0.030112273818623067,0.008630846265935486,-0.003885952242034217,-0.07361708553884064,-0.030350546771811954,0.15255297468471335,0.07209898212615855,0.0001342816681462099,-0.00026384966948948493,-0.07538773066877127,-0.07618613322493994,-0.07642993113441571,-0.0767929814580745,-0.040095715216087124,-0.0094612894328518
30291077,0.006868434779597768,0.0031678299352584987,-7.15837681118962e-05,-0.0003754118618029228,-0.002792385181207127,-0.005665709651119729,-0.04133355939682989,-0.015294914016832861,-0.01691825998133456,-0.017126640334552874,0.01864665454729922,0.10816803067787173,0.027381918149111617,0.06933976241915332,-0.04560828916490376,-0.023486067918045667,-0.02732678750975419,-0.022656322354181878,-0.0006076653382496663,-0.0001258974822801102,0.0002273699333001732,-0.0005242560601031474,-0.012924330529437006,-0.021164300612405536,-0.04125032415715506,-0.018895849863577008,-0.03643278944334079,-0.03911993425345598,0.02583073604001751,-0.062018152542935356,-0.017680648051932906,0.00221997383779992,0.0359869807061057,-0.017788489596736172,0.07140853520845289,0.005257377062689748,0.019752412644315213,0.015423085967470855,-0.0006247285588255446,9.027456118173086e-05,-0.027045625086375744,-0.007842931140061252,-0.02355110456262857,-0.01759696174629452,-0.0028251745504303018,-0.005089233801252525,0.018145053638098423,-0.000873307157577898,-0.0005803012319707094,-0.0005281470185545161,-0.06653434200589828,-0.043132695636054305
30618705,0.0003540086017576074,0.021965839208407504,-0.007486838596517997,-0.06253828379056058,-0.04118842624836213,-0.06537046512124568,0.09550470731013994,-0.01265487693773103,0.0018551609326509031,0.0013200105331565147,-0.09915175564406775,-0.14076159135409178,-0.028931928275092236,-0.02603485901878179,0.003291345873146459,-0.0017643271547885557,0.0033290011030233458,-0.0017540332366466817,0.0015668196956519932,0.0008592829196522428,0.0005703920309254425,0.0009257924519620725,0.015763387540519997,0.03246925627166501,0.06067443062056327,0.024613585149832976,-0.06031153313571669,-0.08536723967178135,-0.02218501117247304,-0.07792300376663237,0.026307608532056423,-0.0004535126661621325,0.10719034064248022,0.07476438639764486,0.01712479413492101,0.049057824134600685,0.0010507765519997929,0.07157800544901309,0.001537853467331552,0.0007767134319888274,0.03708606107715559,-0.03722967806742964,0.0130952180893519,-0.010721236520258193,-0.04150505131863415,-0.06592107846936003,0.0030097271872488686,0.03829806672772064,0.0015479901995556489,0.0008152874115062182,-0.008354088023135052,-0.003557813439911746
30627346,0.0004479555602801503,8.704268132043004e-05,0.01740520854087682,0.00016180183099961086,-0.002960939592810668,0.02568931930300346,0.03472925742017851,0.030054046045909603,-0.015004705615775334,0.02486065483395551,0.03645657580826052,0.041837211659958004,-0.03579632672722537,-0.05696057562398246,-0.00158487090517588,0.020303555517056385,-0.0016183084600088571,0.0008198792240987308,-0.00033882494920553963,0.0005729896073696564,-0.006255997530110135,-0.010966973895534936,-0.016406944682904812,0.01846165004295859,-0.05292683304115929,0.0421469835549617,0.012315269771220189,0.010171082700880303,0.01360933428119157,0.04744556942531131,0.019893224247053864,0.0008912326886794915,-0.05735489710449625,-0.05770159290879072,-0.025416619414079952,-0.025125259159411273,0.02083222418865853,0.0005056438437541543,-0.0002725471292569202,0.0005369622974604827,-0.04965864821452884,-0.03198230183020519,0.03353123294518223,-0.007356061245418238,-0.002759982222482418,0.00023814925790014221,0.012183611125840965,0.0019017084631223241,-0.0005643606994456135,0.0010333722345846853,0.023510213045411177,0.07571808535312206
306364,0.0023363878146422275,0.004805148672234594,-0.0001484303254790098,0.00887936400166164,0.21813137501697888,0.07451086638054637,-0.03358835610973629,-0.06375276840385088,0.009901299211723785,0.000724008416309329,-0.018709957073514676,0.018630833115699796,-0.07377132817425666,0.02058419785681076,-0.02424008834783002,-0.0243232404638618,-0.001960586192495193,-0.0019074793255392216,-0.016230420839784886,-0.016055044142568406,-0.000501841106216064,-0.0003450380882741549,-0.00894923937888244,0.061883415744943514,-0.021093213107610826,0.007417429157031044,0.008703809473738021,-0.024208900274900604,0.1964303804925426,0.008851325955612138,-0.018179276357415917,-0.006989976536716579,-0.056305917262646964,-0.004285411479958978,0.02370883551502638,0.060464344945937415,-0.014923984388315374,0.011726567693926337,0.0020608852588569326,0.0034605069380629827,0.025619482497012798,0.022169227085833583,-0.0015878529270710994,0.019888761298673875,-0.0010694903590497242,-0.0027650938275588415,0.01870467003557777,0.012241386013454732,0.019312083041913425,0.012945938041051286,0.00465184690497239,0.02383367328812057
31276376,-0.02014379488527672,-0.02008198805975508,-0.013526734751076262,-0.059735291965946305,0.04973514159023295,-0.0026298987774527717,-0.05405010137708313,-0.053404253574096915,0.05057758130574681,-4.683620808462112e-05,-0.12548871200453912,-0.10140316509841749,-0.051871759563767404,0.05346088025588519,-0.001066611465462916,0.0006661702628256135,-0.0012927214490958726,0.000565719395517506,0.00041082056094170433,0.00011091109799048389,0.0005436697326646685,0.0006078099059689115,0.013039296542791587,0.0023397459163011225,-0.032992089079127096,-0.041088751049202746,0.04638922209193019,-0.010333586196113603,0.1390674581591785,0.008657125268516225,0.045474583348024386,0.020616603224820652,-0.01994780901725582,0.016002666373734348,0.021661362565434203,0.005314566602335612,-0.023883122931872065,-0.005665301334245566,-0.0010689569611656024,-0.0003274441240818419,-0.002248280948580903,-0.01146548101245721,0.017901119899179037,0.00789974638305041,0.027471741591363067,-0.0010851134168473981,0.05563663742197183,0.027573273517791926,0.05533269579403731,0.027590558404150638,-0.015022801197350916,-0.012264479768908487
31424202,0.0024753299325314558,0.0026218359436730974,0.045905767162135916,-0.0001930863097556926,0.002789452848119717,0.004506153418485381,0.017348616503022718,0.02317080085111764,0.0016004174295087721,0.0022787851537837134,0.06776633265969519,0.010923344678812758,0.01252642175591278,-0.0029883361282442636,0.004056388897253643,-0.002056303359721754,0.0039459311330043755,-0.0021045701306652807,-0.01742356443239663,-0.018158733711438984,3.678448058260745e-05,-0.00035671319229451943,0.008144277557155138,0.02865894693345647,0.014808274443892308,0.03585414811215126,-0.01969528230918668,-0.00797541986880947,-0.05765725676050579,-0.07529576430514534,-0.01708103370254874,0.002340507213250031,0.029429783486584385,0.03391397580293211,-0.022573730353204605,-0.011360002273688635,-0.01710710028176488,0.038765872143305485,0.010835198677654192,0.0261758102060202,-0.005846812051912024,0.03241191799352678,0.04712401996199991,0.00708777605616495,0.002714452152599147,0.004866328135653052,-2.4656286413625526e-05,-0.002179301125993376,3.175549513645794e-05,-0.0010665641897474344,-0.005467846628302318,0.020621111065682166
31625455,0.00010804388734129468,0.00016267216907479322,-0.05544184345797582,0.0823855193188072,-0.009126243080412273,0.01885468214969257,0.07765512831149066,0.06313949019213114,0.010332349003039885,0.06042367305871375,0.05738781327462071,0.058193157610953256,-0.015951692868608758,0.006427067401844136,-0.011634762179942823,-0.010541226983994477,-0.011798369327822059,-0.010692294205457519,3.850773570799259e-05,0.0002854562568842615,0.0033134628554425992,1.8053659338529817e-05,-0.00224431507691288,0.01953921866251098,0.03684857333774397,0.03337464565758129,-0.024764084398845934,-0.01770164798903661,-0.034139770801417835,0.01079883092420686,0.03555308793539803,0.00026899437443478075,-0.034518938784322196,-0.014746069051248187,0.001892861601073421,0.024225986372580992,-0.007456034144435221,-0.020614809664890862,0.00594595293869577,0.0004550481842309225,-0.021703308495798303,-0.013888947845851547,-0.05758955498212794,-0.05457623634159131,-0.008494594043199792,-0.008173126506748176,0.02538327414259279,4.407138800871079e-05,0.025715376150628938,6.658786394880627e-05,-0.026503523803731624,0.019138215198625234
32195234,0.00021904293227079742,0.000361118353398684,-0.026551965693275503,-0.026583706708630556,0.006277358620914467,0.001114818315522644,-0.00198225253828542,-0.029189657090182772,0.01960803576413548,0.001113436939690925,0.20938127648370708,0.1481269792655725,-0.051529392663995796,0.041121558060302085,0.03674022184172807,0.0038583087772529967,0.010446305987852069,0.0037767971703196097,0.0220470882896304,0.001511646292071631,0.004432480042681691,-0.02466524345990362,0.013066510098451133,0.0012262962832736216,0.037430165358832326,0.022219340400888722,-0.029192154151531167,-0.04014596688824384,-0.18238413287596258,-0.016448448216830447,0.001098168772800931,0.003578136938641869,0.017387072943245246,0.00441253423990615,0.0320240676042551,0.060266371393998465,-0.007936545832545251,-0.01263624932026514,-0.02658319405779595,-0.02446840674894446,0.00599490934052771,0.005818176664310368,0.010848511774904517,0.014187736536823654,0.00612819675051358,0.0008467692364874555,-0.041678729492920855,-0.04190519836358205,-0.04271127109300458,-0.042911530349327286,0.022684367117686274,0.05121016706218078
33743772,0.0035385188205544417,0.0002666022852363392,-0.1267765212250232,-0.126604147571439,-0.0071393548059121275,0.01626786030914836,0.003983843675056907,0.092937947159896,-0.011145300332282101,-0.008525820190438401,-0.00916264321777184,-0.026416011034400867,-0.09038165443779292,-0.06610626092888577,-0.002571671366715719,0.0005725221964481908,-0.002690272018145969,0.0004124613212756678,-0.001035621570615147,0.014598351790911786,6.821143012173824e-05,0.0003710666937744878,-0.023098696738470974,-0.01166329831012022,-0.062174206250258796,-0.01774365240896443,0.23622012060510164,0.14506184395563454,-0.06628445686736797,0.024507446322036663,0.020756896474507427,0.0009799035789994233,0.07253093558793755,0.05624198234462216,0.002048053917985057,-0.03210187851529824,-0.02413714120874107,-0.02349362403435428,0.0038605846335162154,0.004515541201722987,0.06890442538235342,0.05273779128509819,-0.12127862855899764,-0.1101756264332207,-0.005424990413467223,-0.004386313572190085,-0.0018238226229729032,0.028218513530120004,-0.0009425162282974427,0.028479867286866724,-0.04300837286276572,0.03499499574915748
34272677,-0.00016400434475586615,-7.576800079428026e-06,0.034122968918111826,0.00014857341644830844,-0.000710756467618726,0.00735466503554625,0.0717889542993644,0.017713303552127233,0.027310086028859287,-0.0011132888343905638,0.43829984554080403,0.26112839062726145,-0.05856802036438325,-0.06698135926152173,0.003030433236195994,-0.0030808768206188573,0.00326154893067653,-0.0033112446761282815,-0.0002915078711446683,4.815269928206957e-05,-0.0002454449477656452,4.572823308526526e-05,-0.06882586424736414,-0.0683442451657811,-0.006701592583298138,-0.07606005521993421,-0.0010817024341626944,0.06315044942952956,-0.039482944332493,0.04914556129314315,0.08485138540462098,0.04158795688395548,-0.0032446855179597616,0.05462671780212596,-0.1249445136623682,-0.12152635151288534,-0.056011603514151354,-0.05518225823276036,0.00722463347950655,0.0002177132182696116,-0.0001804480444136656,0.03843409556598832,0.03308064259757127,-9.785984224956073e-05,-0.00019024957117990795,0.007485381176993269,0.001466952987495523,-0.0014610580927264772,0.0008328041777957242,-0.0006467397709331964,-0.08221219375932984,-0.104062390178488
34322023,0.024101340863942698,-4.773599871795109e-05,0.013918745130207294,0.05888554853515136,-0.021468589885202435,-0.02134087028722449,-0.015788347690695537,0.013119250384685657,-0.020156657243195673,-0.02901003244167756,-0.005808725152686397,0.01468333795407226,0.02846330861008907,-0.004437507248468156,-0.0008661949293311023,-0.0011821692008623756,-0.0006334471229524179,-0.0010427976571680308,0.00019841599839754516,0.009485880320720598,0.00023063433767692544,-0.00015041493697852664,0.00025687564565642,0.008227243847602294,0.043006094763102756,0.05089661002445435,0.002409284604445349,0.0036015516455996446,-0.11634250169666521,-0.14941671351840527,-0.0016428462564974586,0.037116072146185376,0.04007600165968434,-0.0015130373674256056,0.005759801773893201,-0.012323755727880845,-0.024531513731413084,0.01872765535668809,-0.0007008537630642779,0.0033568887548934678,0.018543213410110733,0.010571898529097658,-0.02248178431046695,-0.022152605085147263,-0.001020249437965768,-0.00043144926247181987,-0.026321402296898912,-0.022559406613505497,-0.03350962898893062,-0.034077218348163,0.012518316677883959,-0.000310271627236354
34438741,-0.00953731340744014,-0.006595254167843038,0.0022105351178356367,-0.018367163635496772,-0.002769508370745879,0.009154195301027589,-0.03001617581237949,0.002309175963658233,0.0008625539410215106,0.01751737371065573,-0.04361914618000315,0.08940902097112552,-0.03428775724292797,0.0005375052833121383,-0.0005948070621102988,0.012506294239103315,-0.0005515154517244485,0.0013188063455645844,0.006387799778346005,0.0006103555331747434,3.011381814117158e-05,0.0002308112047273407,0.0035815428002593363,0.0014485556323070147,0.009757869124971022,0.02375905606179303,-0.009641369172816196,-0.005027549392852722,0.003973303258557825,-0.018187839608953732,-0.0017525112859563177,0.014606198106576984,-0.011021097821834587,-0.01285078192495373,-0.009705862947824571,-0.033659796955318434,-0.031117953679676486,-0.030791568872803043,0.012160511397056852,0.014479198939035473,0.021910646372236393,0.012345026690276461,-0.010993028415914416,-0.04074119358713979,-0.0028700595521675885,-0.002069736097263758,-0.022764601957312423,-0.03299609429914615,-0.019942800788707447,-0.03075897370338844,0.017187889784433266,0.008265601151999757
34812836,-0.03162488535306674,-0.028738269582076453,0.0003370049846218514,0.00021193612430550895,0.022783695835512343,-0.002755409589941355,-0.06352315777881058,-0.07795030419712295,0.025647072524582423,0.018408916185891865,0.036286441931894675,0.04615638706741339,0.04065035532531739,0.06766892056823812,-0.0028592643658582094,-0.0035806254449051566,-0.0030892481212278586,-0.0037436927980682355,0.018575509541242336,0.01611702947246342,0.00037293294353085455,0.0001031147487190997,0.004367299100367702,0.013654682379559004,0.05313587264425192,0.05867474083570031,0.05768741921775413,-0.0035379974458786146,0.019927429723369833,0.0684306280075031,-0.0033694819594453293,-0.001563882133013509,0.08469868480186107,0.008404893936188547,-0.07240647285625033,-0.0675684800863964,0.010245645928739625,-0.0035895947046739873,-0.002458633133442839,-0.002038221987467727,0.03166728482513527,0.0014614666526062748,0.002187520442855754,-0.00295087866572037,-0.002347236779311746,-0.0028879526156174716,0.028356270545559788,0.054868417378622344,0.028074732007314505,0.05469702037677144,0.012507725359707733,-0.005290714194033111
35008850,3.279342337126533e-05,0.006720950012092401,0.023032702564570816,0.01843938688908602,0.0009276565314336842,0.02077120513279161,0.034701903170776066,-0.05093893647415369,0.0005044288219136258,0.0012211980975510056,-0.05391493059791548,0.01737169193606268,-0.03465328128004409,-0.02026467652531007,0.018793292013658827,0.009937965463970636,0.0022800475945267545,0.009780119958381833,-3.3250888799813555e-05,-0.021818276911924,0.00012017956486852559,0.00036373633475335576,-0.03689249958901069,-0.04508597916825858,-0.05858579567020214,-0.1117122226563888,0.012772177343383864,0.02168865769196347,-0.09333203734997056,-0.10156598596868158,0.001955322028036715,0.015784369216258493,0.030242103112245768,0.022384891030644713,0.04671234570355294,0.02979401787387273,-0.03291105922051063,-0.043786044213265186,-0.00179091392594319,-0.0005989827849434202,0.01079511595217066,0.0023563329185750086,0.010673123636374116,0.0073640030346575555,0.0007823457571539312,0.02030008067676964,0.015790442466455695,0.0017630676231673464,0.015496620150554204,0.0009505028748639596,-0.04489012528577392,-0.05919464798185511
35053870,-7.815069812775702e-05,-9.821965570309786e-05,0.0001786724465242961,0.015595945994018338,-0.005867583786104125,-0.028067437545809246,-0.015562947601733268,-0.021009097606752063,-0.002082908149520911,-0.02000869136699005,0.0661922357255349,0.07542949372000213,0.017340751220762035,-0.038158507961646375,-0.00022291377542947056,-6.873429946202114e-05,-0.00030327460715991834,5.187963481711154e-05,5.125100676234794e-05,-5.777384422500176e-05,-0.00021103137485387795,-0.00037806672812060464,7.758586479320755e-05,0.010330434369278078,0.023265102471836073,0.03429487646864994,0.014669347083789225,-0.012327175677221816,-0.016731541313816906,-0.05398124796612275,-0.010452970321261319,-0.017538114684354116,-0.04051698797115974,-0.023009704425607326,-0.01018360241586034,0.006418553471447291,-0.043818769951726136,-0.015808127804792238,0.06407771350831035,0.000602317186677813,-0.026509239495218172,-0.002838321716937632,0.004659989255377682,0.007742291413036834,-0.007079341457217253,-0.006987778352637029,0.012692504587246538,-0.00017183835672396819,0.01267364670623266,-6.8410283531572e-05,-0.050364626387731606,0.01534750186431258
35109856,0.0001375422660666352,0.01920601246753586,-0.025197011848329304,0.021826572426505746,0.009262482255088585,-0.016631322083933843,0.004964854018637527,-0.0022988126404202974,-0.0003122338940904634,-0.02578769227142619,0.033702891227655046,-0.029812310253976966,-0.023663126416551487,0.029719439332263106,-0.0016605119268673445,-0.0014002489925304977,-0.0016909301518740504,-0.0014750656849173995,0.0006997739800084189,0.0003707165513395751,-0.01703482697911036,-0.016709389342818484,-0.018190668489164133,0.0006212999475220839,-0.010536681528921475,0.05269904225808202,0.029092942375837073,-0.01689370785113893,-0.018955957024529846,0.008526274048004656,-0.006745972381338535,0.02131437299183101,-0.03707841717987875,-0.0016572641322717754,-0.03279058108009432,-0.022225924951200047,-3.271411898480778e-05,0.020807029048926243,-3.955773936677653e-05,0.0017235331078244947,0.0004979422708797604,0.002731553823824605,-0.02744898583703227,0.022855731533903148,-0.0001146269361392005,-0.0001531603030461232,0.04798652706344178,0.026165789869484177,0.04823668017015158,0.02608909504436155,0.04459427354760703,0.025197042021756835
36429604,8.631118903267324e-05,-0.00023711995482396159,2.9563849487097447e-05,-0.0003634298600483441,0.05057065014889596,-0.002581393384152029,0.07707469787280304,0.0664881221651837,-0.0007599216549587025,0.0151007065981067,0.04621881904745237,0.050383923867866984,-0.09391836500149439,-0.050358248863788285,-0.0011689242944131336,-0.002970694265865979,-0.0012195731543475476,-0.002806818704232385,-0.0010000630358390507,-0.0009557222786768398,0.00010817307874276538,6.784453169294473e-05,0.00016739151937643273,0.011734438676906581,-0.01625177724296971,0.043817282119974654,0.049699519858150944,-0.003906429608639359,-0.056403781002062225,-0.007076508811241555,-0.0008477685241488776,-0.0012561332694633635,0.020093759335538697,-0.05996678064511754,0.036093677430695706,0.06555304313274764,0.00022631875803142461,-0.0011350116873852594,-0.0009959599295445072,-0.0007785471567817433,0.021452438149480196,-0.057776046642547194,-0.016773254135242298,0.0388194152951149,0.050513581164896855,-0.00204790286483182,-0.0016002440123268225,-0.0022748972660064978,-0.0008290047316558719,-0.0012698576358016313,-0.005468536525209577,0.011570320464893764
36437212,-0.0003594263931475311,-0.00010583759707755543,-0.0003227292158231777,-0.00016649635297673175,-0.0017656714723042737,-0.001029156078014866,-0.010561672881812659,-0.053372481929204976,-0.052516164912608215,-0.051563204601857364,0.15794065578498995,0.20428708419552186,-0.02463639648937106,-0.019115258375997608,-0.003430018196459253,-0.0019167175114936244,-0.003308517411665236,-0.0018659606130830382,-0.0011227079072481205,-0.0005194406202196354,-0.0008454591865402398,-0.0004376042550791495,-0.002051103343386527,-0.0015074574438940637,-0.0012244846996499192,0.10665759702509103,-0.003238160605748792,0.027459200809398534,0.06434447655939679,-0.25697212645641987,-0.00527141120820146,0.00249451802476308,-0.02562739296276835,0.1031203538543171,-0.011101068803316029,-0.004831090778729825,-0.0015497822832618855,-0.00042156288881480073,0.011145382286538497,0.01069781412932445,0.05781538676749971,0.13162511964039583,0.07623174100391768,-0.0014163597645335075,-0.0010477890449992271,-0.0007511424959487239,-0.09988567755100328,-0.098768078945979,-0.09885786309554,-0.0983407568436522,0.10692447654396658,-0.09921532064527917
36512901,0.00020631641530580522,0.00014934317968689446,0.05516984029941972,0.00015847138843906182,0.0007052796888228439,0.0032959672190907936,0.0703235709767349,0.0030480194232146603,-0.02427767440087796,-0.024361794556308835,0.07609020781705947,0.019018866859003773,-0.02480522141777747,-0.026302504878965974,0.0006051146943638463,0.0028616716120279002,0.000548484284509914,0.002778507190988517,0.000141657400008525,3.7854627296191696e-05,9.796778566476634e-05,-2.7513128931935284e-05,0.0004155253258784032,0.0001981579407524367,0.05902079615367487,-0.00020990999304949624,0.03017755981194844,0.002008570324310314,-0.18223545191310564,-0.0031936026773130566,0.01644713574638005,-0.0008843215020182104,-0.03297234531723321,-0.0346409045258851,-0.13824037484758345,-0.08285920010680135,0.0007042956355228166,0.0006384913556955918,9.22075143904666e-05,-2.153025629102461e-05,-0.026103203134910973,-0.0265864209503417,0.056075067318234015,0.04332139712680696,0.0004091578556221797,0.0029895860766547314,0.02652069541236042,0.0003538624851750433,0.02629861944489559,0.0002112677394463928,0.003485429159958836,0.0015943612323226705
36564103,0.015566514709071597,-0.0070099153866493465,0.020014691217880937,0.04609319479977558,0.003126872049198034,0.0026757781075400057,0.07101697076070133,0.07768814896219899,3.5082735208237905e-05,0.011872021461407577,0.0865893959407992,0.01175743661156749,-0.05590272942813043,-0.030674533317026714,-0.020151140525880244,-0.018321886707953604,0.001334117088364401,0.003431195332391194,0.012891039984913115,0.00038128211130968037,-0.016897205635393753,-0.016861346916279215,-0.03212852628031633,-0.048242789113246365,0.010037587826736402,-0.013990610127799008,-0.02456789484211006,-0.04643982888236691,-0.014658105253098658,0.03387935748267812,-0.019388594348916592,-0.029359933670642834,0.012553456004201602,-0.038374916223409807,0.02914967723813444,0.07079644569448387,-0.07257740059497272,-0.08796733279468784,0.02619307501692418,0.0019959569342953565,0.046374820054382426,0.032334883091924796,0.04391069583383217,0.06734548475490532,0.002805776563760824,0.0022990363754696527,-0.011675220135829039,0.02464437844080762,-0.011617132555961113,0.0246345001235702,-0.024256477084678194,-0.07602898282991087
36600859,0.002485791032416249,0.0006670556291881742,-0.001986067828600911,-0.054157212865942134,-0.00020162968442961546,0.008780262112726544,0.057656400479506764,0.004492221558741558,-0.00012130034586070831,0.0023419927439378976,-0.049590355202652335,0.05281488809279153,0.03888784255930357,0.019887045199217825,0.001734235264904804,0.0033006634129537507,0.0019101409446399607,0.002957868425225832,0.0002789467782683318,0.0010818725561031117,0.0005600488396951141,0.0011179593958172188,0.00033467479417809446,0.0019607155439958935,-0.03317504841089636,-0.04598185066384739,0.00020118186466189627,0.015355047160324091,-0.07309441972158981,0.028769684927606703,0.0002052456749988699,0.00513443790604127,-0.016589815428693293,-0.005396736590406199,9.739011551320592e-06,0.011436181160052334,-0.03577081712101326,-0.03213071905194895,0.0003790200248308688,0.0007270682030106793,-0.026617625978915493,-0.02052644639583793,-0.09652139257328238,-0.07342344712017063,0.0002244341250114499,0.007531734394487777,2.664128482159642e-05,0.003142382339937061,-9.678882057813636e-05,0.0018357907115978363,0.0038621888477887315,0.016222828210199252
36662463,0.03982953008644478,-0.00013143151234341964,-0.024885778376991016,-0.049944319987897605,-0.060258074310067765,-0.007667998452258254,-0.01794249621068917,0.0027926444748957724,-0.0520156186165803,-0.05246285053088753,0.09463687960184763,0.29093595496980534,0.03649318827191898,-0.01884763795583671,0.005732813679352149,0.0010273497812013541,0.005709144313920759,0.0010421263096888139,2.494573989555483e-05,-0.00018801695704457277,3.095356270070766e-05,-0.00018131847924787153,-0.0481575488037545,-0.05674924644066054,-0.03361224303936216,-0.0553274510024142,-0.032944635559358004,-0.03579335204729171,-0.12133490276195988,-0.09681411552184346,-0.012368464594773414,-0.01587895374942767,0.09331309302682854,-0.02591458688350231,-0.06577808232145355,-0.05811323319624618,0.00959457330257927,0.06870732392852705,5.8485224531116024e-05,-0.000116466561458677,-0.02620229299207169,-0.027195072788173166,-0.06186526716629177,-0.03206304233628619,-0.008148181918276258,0.044637736588091045,-0.05602788798494875,-0.05666647525639707,-0.05606760705991668,-0.0564141681396191,-0.005922636857202866,0.03464075632529567
40131614,0.012536703495340541,-6.557441624040395e-05,-0.021546008104172648,0.0022092904806065503,0.01979135284293602,0.023410947446524548,0.004707916443366808,-0.017467573729413155,0.0036601434712893906,0.008467462109141226,0.027026276836895437,0.030677100884005187,0.0067285495097660075,-0.0457295504722315,-0.0020880372069170664,0.0004069905491287948,-0.00206826172332261,0.0004029384257363648,-0.00041834020469459695,-2.79423514158041e-05,-0.00012336444822692492,-6.552473920062754e-06,0.011293974585629968,0.0001803132442238383,0.008752844205381513,-0.02630536798659361,0.010718109317008047,0.015493585521163105,0.008361400169362543,0.023677573971604332,0.03153005004206247,0.041390446715622864,0.01050577523520822,0.0400720092422162,-0.050261064360490305,-0.03755746326772887,0.01606371377845366,0.01969833760939357,0.009136987564734935,-0.0009017436272386681,0.04742224564923145,0.011547971077861641,0.01262155603318954,-0.04558676071686472,0.002492670038928957,0.0021965140537796085,0.028182891041192967,0.018051131464611733,0.02894777709880564,0.01802738284807647,0.05968508726854325,0.054441327837429936
4066312,-0.01552333679338978,-0.012573079496896577,0.05518520455156159,-0.0039429784329292426,0.00029401968740025626,0.0019865758977215767,0.06668856268399218,0.08418664711161672,0.0004916487287318161,0.0022879005629881867,-0.009619407399323116,0.018248091558725144,0.02332602564451773,0.02260534478743577,0.0006678741720106194,0.002439915982961326,0.000544981979353527,0.0018260514995278886,0.00011313213334144243,0.0009825754604429807,0.00011164623053405687,0.0009733718541254568,5.740752779813266e-06,0.0017399628166335126,0.04448343445468718,0.03936253441885691,0.00042111987992416843,0.016532954658908174,-0.001766228360925881,0.051825541244953754,0.00010903101116194105,0.01617472874627665,0.027715074521826415,0.003335470167575051,-0.08800644499349787,-0.04656332191236656,0.028228370942668342,0.002361926421551216,0.015841753419546366,0.0006367022269813025,-0.0033859071774976768,-0.02873695689614356,0.05352178165826052,-0.0015039704849159723,3.2546530354122e-05,0.0006130633182547896,-0.014622696860933787,-0.025726489349833584,-0.014885094173568826,-0.02681733841301544,0.04026234333658443,0.022157577558270594
40727118,-6.521326666925585e-05,0.0020722769503493865,-0.020777196572062572,0.03076478533916071,-0.009386278384006748,-0.025204473458292867,-0.09863288317231042,-0.04240414152779079,0.02423969077388927,-0.021189456189460453,0.050468890857215315,0.07721391584283394,-0.0013283204580914337,-0.007804672909025673,0.02720737689055858,0.00335830301465213,0.010074960293039689,0.0034614182740572152,0.00044386546710327413,1.1520087920761598e-05,0.0002686279787536145,0.015181116233485718,0.052955153793798046,0.024349566484970254,0.05508413058291915,-0.006246284332627618,-0.00947787467114991,-0.028742624919372274,-0.008102999159200402,-0.05893830863147037,0.010768500031076527,-0.002396030171036203,0.0040013963145302395,0.01075903422242061,0.02965904753477193,0.05147493895499936,-0.03445317283286812,-0.040768049743087266,-5.20867521862302e-05,0.005996657409597799,0.05272496599485869,0.03227135493199345,-0.020342399221306765,0.023842158490397603,-0.0014382524867588152,-0.0029401698489130578,-0.06383293431283758,-0.08075811105622854,-0.05384372056832987,-0.07125124277918932,0.019539280310374135,-0.06708800793412512
42427664,-0.002952216361340467,6.648803628387474e-05,-0.05599513972241473,-0.036826983661660186,-0.0003574565838543281,0.00010140846672707614,-0.005222698093285225,0.059992814058997604,0.02659360256135246,0.0007426622578743786,-0.030402260686471547,0.04525171384848031,0.0002059419730767592,-0.0028775008545767616,-0.0007953928191259466,-0.0007390565936408388,-0.0007649802831425413,-0.0008039526304082925,-0.000333127459273679,-0.00018420324325716297,0.002658775080135437,0.00033916404717954096,0.0002679109693585846,0.002260348399774683,-0.001386870307921284,-0.043815008081977316,0.012712225451885592,-0.00752395444565992,-0.004284703604332668,-0.003893982450498046,0.014449206412869398,0.02219982216927027,0.005182808608683406,-0.04608556415787453,-0.0727036589157415,-0.043522127021988884,0.035732711776593325,0.006023295357526536,-0.0013473589783095583,0.022334606260000552,0.06880394388004066,-0.056968594916635196,-0.05221877042513019,-0.0027545956484802403,-0.0006325493830080541,-0.00036039735022626567,-0.024247756409762167,0.015328359462048927,-0.024511529807314466,0.014714378048337858,0.015305722260339119,-4.356799971454162e-06
43728457,-0.00012860196683317884,0.0035828943265882743,0.02466028849870335,-0.0003072476361409321,-0.004511489729376654,0.033674281793787564,-0.011173381516939317,0.01929036012047062,-0.0007766482059013264,0.02925627332789798,0.02615880405661783,0.1822141063644633,0.14302697153296756,-0.07166579283357188,0.018763594118847596,-0.0008322209074338649,-0.0018701794301550292,-0.0007244531605096285,-0.0005025387412327213,-0.0006127526416089619,-0.0007095385891517894,-0.001170344383125,0.01407303343074454,0.01231064004293059,0.16204409432328795,0.0055156188226956684,-0.017723204737365876,0.037850113306509066,-0.059065709249056464,0.07292766080211505,-0.0022721728159410225,0.005886560260675376,0.12946243684819744,-0.1390448823513173,-0.0394584515225729,-0.05421904558726105,-0.011936528276181156,-0.04612301259145515,-0.00044321363348369,-0.000507768419864391,0.018048546887718363,0.03644994105865152,0.03541993507466237,-0.00500366800202247,-0.004242751478995349,0.012988699470488835,-0.05225474838058937,-0.05238865298916267,-0.05176586579336339,-0.052053333709184926,0.017127795196576,0.02937121039256016
44099084,0.0719374064129222,-0.00042480549209862107,0.06089142882357219,-0.000688253013463337,-0.0039529644180341175,-0.0025580624319315555,-0.11281278971471369,-0.08403809515495823,0.01591867503457159,-0.0017539259665006438,-0.035244922775661575,0.039497852655715995,0.06431068202505943,0.03083988956071424,-0.0032636716290349783,0.0003285978063825058,0.018146516384993337,0.0005511102031502931,-0.0006310527674782486,-0.0003356561424737274,-0.0005487667522854299,-0.0008074651563080358,-0.09068065773726593,-0.06019404665229297,-0.1386247734876789,-0.13450183000556884,-0.00269237904424934,0.017086591932939772,0.02923067273675664,-0.021132138378417473,-0.028204371567492028,-0.030552018117702116,0.07031239242807474,0.025709457301321792,-0.029463487373829308,0.028291772412691263,0.05210753087870278,0.015178300549238907,-0.0027824905551499975,-0.002319798294341254,-0.006270877358607405,-0.007978486281153278,0.0009394995151404519,-0.0022994517598621807,-0.0035120502916477954,-0.001729721556387257,-0.035902277479050726,-0.06069878944493578,-0.03488612698269661,-0.05981645764435651,-0.1340044860738839,-0.10208238586492435
44168447,-0.000558234039889391,-0.000278264249697511,-0.00048466507109881223,-0.00012207097774307585,-0.04166378810160839,-0.03665379297087211,0.08399996117033155,0.051795689557425986,-0.002646485614273384,-0.0010938502495001273,-0.05984464444406963,0.14707483776714395,-0.02141336555388146,0.01210294502418106,-0.0005950007665999832,0.00023546688925438208,-0.01250889919144522,0.04003215617184413,-0.002164289063865653,-0.0010507642558661126,-0.0007612430548284224,4.898108069439943e-05,-0.0240718614042316,0.02926338463113827,0.07969214791043629,5.285914219338439e-05,-0.010025139315234993,-0.037866442674451634,-0.07041131233740464,-0.12345471231798907,-0.00432774328184126,-0.000856164779856167,0.020682051029586646,-0.04381167681916122,0.08357166395814998,0.0430976578501638,-0.002670472665661939,-0.03211814724476505,-0.0019361174425775495,-0.0007238131201987622,0.014951725130912863,-0.06396827401950794,0.0072634526205891115,-0.038082697851644275,-0.04093066551763538,-0.03648575454828341,-0.004322940942423072,-0.0018893412877106258,-0.0022133507666404245,-0.0008569668373627907,-0.013555264767745809,-0.012372605208975374
45156972,0.0038207889681269097,-0.0019342956538782432,-0.004953964482811164,-0.02068032898419782,-0.020562854844198886,-0.019367729698663017,-0.03410971318142439,-0.009318568499263685,0.011854700272033794,-0.018190020408962556,-0.030616723912060356,-0.027655166747425686,-0.040835292173976266,-0.024562899835460505,0.008030036053937418,-0.0014762688246463367,0.009394046864538716,-0.0017431135849738516,-0.00808848111063764,0.0016407698388260037,-7.11884845117452e-06,0.0005209933126784987,-0.0015945964327604002,0.011408365924522428,0.0039029065626897813,0.003479028911041647,-0.016974029927637975,-0.026634578508581364,-0.010044603470936303,0.03193413601467132,-0.015197962539841278,0.03006164199938438,-0.002223403841001191,-0.002992513563568666,0.0585480319866022,0.03895076693277978,0.005694902932450657,-0.01657595647322213,0.007671006164777885,-0.00967550300078692,0.001956018675750495,0.018009662907055884,-0.023587170988387855,-0.02463149240366855,-0.0019907892282470863,-0.0013498991429229772,-0.0005095665556480505,0.03264633468888299,-0.00021533140798333833,0.032689856307691806,0.003910440900441639,-0.018467388355731952
45857023,2.1011849443467123e-05,-6.550814534289712e-05,0.00012254441525353716,-7.586246211562214e-05,0.0007359020928228571,0.01639399622297557,0.00632721673984174,0.0240307375099781,-0.010548239976108873,-0.0014258182952645547,0.011341966785533654,0.16322445610845093,0.0025843268811277173,-0.03257598366611264,0.0004374978188060605,0.021634488814849872,0.00034840666771300977,0.02172075502394413,0.0002333346250068248,7.141987316440404e-05,0.0004856197070745101,0.015536873270816988,-0.010155100172215329,0.023678678095272455,-0.04447416848036556,-0.00033115117331097843,0.022792380133316914,0.014530884903391883,-0.045189277189587984,-0.15856792773948797,-0.0028469768085151986,-0.0035970296735158636,0.006027810124610164,-0.014324558650476542,-0.020401547184508526,0.0008859849606017885,0.05051794777700411,0.015994003010141384,0.00017789401985387587,0.00016468594209873358,0.009571927782828242,-0.006265385613124739,-0.020749234120720852,-0.02029210666440462,0.00039531895192998576,0.0165903237662833,-0.013813749397041141,-0.01453155608575732,0.0005039895878943192,1.9879683744105053e-05,-0.027333333512731442,0.003286289771286366
46142566,0.00011292732972508282,0.0036552330228210475,-0.060121545341552625,-0.06017750053922855,-0.013486503528988877,-0.04058497244769304,-0.010413128332448791,0.0712855137816078,0.03882597312034272,0.00021432287904252115,0.029043993716963534,0.1730876183507513,0.004863187325159585,-0.0232177865490297,0.000814676679265768,0.00557371949802298,0.0009175018346224838,0.005713828890657899,0.00010444952941565211,0.0006102851790848254,2.3509024809025448e-05,0.0002062163435104203,0.0035804695924782845,0.01458994780051626,-0.002975910216134709,0.014086905631089174,-0.017639251670024066,-0.04109009817097503,0.12355772901000264,-0.06869084699091824,0.03289380661176386,0.00031596191971013793,-0.020127796709912292,-0.0390416167300766,-0.027517661662097258,-0.0051437200642389935,-0.026233721046398373,0.0011682239043092797,5.35277436009904e-05,0.0006251469054990443,-0.008204277733401417,-0.01087995337773827,-0.05779285352774763,-0.040227691455272815,-0.04089533093295482,-0.04037037467550019,0.03452714931919966,0.0008293908609883236,0.034405209925449216,0.000426113806898698,-0.012588718077106167,-0.0024538176559716907
48572514,-0.004183859581824635,-0.003940806586266024,-0.0002636468683530833,0.00016429432829863366,-0.028712050465702774,-0.0014588917883196287,-0.011309438883141454,0.004227571594760046,-0.04993125813776602,-0.04904828875854914,0.054066630025952266,-0.010006142023636873,0.12047030252037863,0.0343411520482263,-0.0024788894366477793,-0.0016791295138022687,-0.002332597877650955,-0.0017396926071969665,-0.0004963680806057282,-0.00022700558240558888,0.0004578489999406384,0.01527885354908601,-0.016289588956341222,-0.045337000168710756,-0.043396017655377164,-0.03398575739797406,-0.04085670153434449,-0.018759036844880977,-0.20673289212017795,-0.07019944783508758,-0.02134693823804104,-0.017009921011026538,0.006667182676202504,-0.027778072882109733,0.01033009233670406,0.015592320595739083,-0.039816984087462697,-0.02286663299400319,0.04333809621939479,0.0007358875311548454,-0.0441640185070009,-0.028541741201405166,-0.03312650003952096,-0.05012761286890138,0.006754312675670204,0.03442368232843097,0.04993702269441609,0.019596913322771317,0.050518009688015314,0.019794338551673514,-0.021170941335534682,-0.011747389563835073
49571946,0.00012163300490703515,0.005765964721323649,0.00016676245981064522,0.00026356877314407133,0.001587218302594941,-0.0017598243635021053,0.0030012788308639293,-0.02315348283855531,0.00029611215436581404,0.0009203065357253366,-0.11338141316157917,-0.2033878071298803,0.05274220330078941,0.04621223680589161,0.03202458598247257,0.0016533975794480724,0.0008316315795759473,0.001570064910728607,0.018606932595979467,0.0013959346675066454,0.00011531310326199886,0.0004469832989884743,0.0039825722478693815,-0.07117715640342581,-0.006706940586346549,-0.017277187327975743,0.041035328713152304,-8.056942148346093e-05,0.05595048348982751,0.20696355710795766,0.0015607749769843311,0.018900580078218515,-0.004791077205079118,0.020555983575933336,0.008154749713977841,0.07117955136030622,-0.0063591746805175715,0.01644889403183129,-0.0234753535650108,-0.04409616594867668,0.03697386141878161,-0.007199603772515266,0.022711555098865594,-0.0010991841942273772,0.0015444924430977188,-0.002156705178530934,-0.031158267201743216,-0.02795139071737633,-0.031285461970817385,-0.028408122725052547,0.00747762268919154,-0.026814672696276964
51208558,0.02845553067116268,-3.239219934023346e-05,-0.0841568967175749,-0.11299052443248528,-0.010502111484992686,0.042237123397708874,0.022387998232857254,-0.008455111357842,-0.05679055557444644,-0.05633245923842212,-0.006794795001992218,0.07388934523763155,-0.0005618187728477914,-0.008920624918562842,-0.0060969892222451074,0.01740183079982565,-0.006083824329644995,-0.004430253536823286,-0.0003976279001847593,0.00023736279458929765,-0.00018714851822684017,-8.430289802770013e-05,0.035256227719267064,0.006889980269976417,0.05783878696511078,0.03109173684723334,-0.011004909178715376,0.05677416831229541,-0.09520558834710219,-0.024757403348230733,-0.00136590784005451,-6.323134193898881e-05,0.04533203177411598,-0.029514386836284257,-0.002451569989240364,0.053120738564933115,-0.005612615526383705,-0.0013743896812328203,-0.00037365241414119555,0.00027089071042843925,0.01561789495307016,-0.00026780319142726515,-0.06683400744994249,-0.056105868002113674,0.013773633332985267,0.06657085589953066,0.003862321339701529,-0.020467296308476886,0.004173694721766409,-0.020631804700765043,0.007890076215857744,-0.018099622447148175
51778361,9.032371281792194e-05,-4.745016550437647e-05,-0.0001453175053195926,-0.00013424658742788105,0.0032352583135642414,0.018816106991175315,0.024586709911890464,-0.014475284453272522,0.03474752198415139,0.008221653432759025,-0.024782052348884386,0.11478867613414233,-0.011013863240055467,-0.015586039609728451,0.06247983600815353,-0.0009735503023174919,0.006992438776783012,-0.000849485966342046,0.016413236606501513,-0.00048119671298171786,1.467891997415931e-06,-0.00017023174134090247,0.021676773902177135,0.005236367818676639,-0.004801369565995167,-0.05350928838328789,0.003096035697982973,0.018385996651691775,-0.04762321882719028,-0.07887044594901374,0.03549370787819714,-0.02202492744471115,0.013324944430997944,-0.00937619085970394,0.04049080622625617,-0.0028581552218173295,-1.3940178486084248e-05,-0.0004232241786363694,0.0013209053837761474,0.024263182711200617,-0.05494437065327505,-0.03145650622227886,-0.026635843338926865,-0.003572288550273948,0.003218148642894937,-0.0011829726270953503,-0.022785421477247846,-0.023459245299766354,-0.023205512998062557,-0.023512751774182335,0.05918937809516292,-0.006397774051580651
53490997,-0.0022430964533172813,-0.00018849547280770434,-0.043003283185738074,-0.0172328443893183,0.05383391003532308,0.05108620472947059,-0.016189441712844616,-0.01511913365591034,0.008365205756362452,0.01570783711152876,-0.03663741297645426,0.022449385947088757,-0.01612255292145997,-0.005787529125137317,-0.0006436656332367407,0.011152824286971052,-0.0006084102128534113,-0.0005611429129590683,-0.01006525193459672,-0.010121826894579914,-0.00020373086863707736,-0.00019501116312687348,0.01370412332413955,0.02216740579608452,0.02814357133077856,0.045214757207212755,0.043534769636490125,0.05113641613153193,0.06403716097768089,0.10204168605605624,0.000367632160416592,0.006862812769070679,-0.01679575529843311,-0.005867688023089387,-0.01298541968025815,0.03913063317202123,-0.013631597526798662,-0.027270827733751675,0.01637783152573345,-0.0002617437508437391,0.006591110610573058,0.019263221240558744,-0.030226131228271308,0.009011555709953281,0.053949826606618935,0.051372687468206384,-0.013839583955420023,0.0214784410440316,-0.013549723128814537,0.0121643253579405,-0.011556203204246641,0.022485056747652936
53491020,-0.029064735018771205,-0.02907425216003521,0.00024382397846729742,0.00018560158523175095,-0.03869980713801473,-0.07047979780654937,-0.011963191957627989,0.029978177301444836,-0.025494160237093586,-0.02501355530770935,0.1328358225242467,0.13183782847892095,0.010994250720950782,0.030699364835648918,-0.0031999424312492016,-0.00026361096593102967,-0.0035171603041191557,-0.0004995116541724352,-0.0007325349349849954,-0.00015886030353487522,0.0005285466141768306,0.000971946784073005,0.0005770069712206995,0.04008368473906256,-0.003523392679777068,0.036399355448908516,-0.04677171554350259,-0.07805153649030612,-0.016372146896826256,-0.0734044852763267,-0.027465020257934805,-0.026318586951758857,-0.09180682395678993,-0.04872795356616673,-0.01078000068145172,-0.03334166116181839,0.0014537537570547846,0.0013570988551320617,-0.0010044631580151532,-0.000359936827859687,-0.020565482164669087,-8.328258747548889e-05,0.02604499341981273,0.01400916996862039,-0.039390180050496895,-0.07112386985282688,-0.0005553131233209914,0.0002890409278983345,-0.00013380197241332674,0.0002649910710421791,-0.0544630596925709,-0.023920858717589588
53491063,-0.00010642068582650494,-0.0003749064615455502,0.00013901857289051278,-0.00012246525392707965,-0.10664190150020918,-0.10842807731414271,-0.14203624991527708,0.11642515403726,-0.10579531507417134,-0.10604549738068383,0.37629477245561854,-0.02451529579923262,-0.011325774036777349,-0.01301950860806021,-0.005628401400895542,-0.006889905877912283,-0.005797259045091868,-0.0069565919378947695,-0.0008692051876146919,-0.0007385013288691593,-0.0004542694883414456,-0.0009114531409503438,-0.09060789670117354,-0.018356630092381795,-0.10145867539829169,0.10852444859689221,-0.1075991783383218,-0.1095550499747009,-0.02815200680712257,-0.14504561892738263,-0.0022710865894179817,-0.0034460332998035755,-0.01392570037556139,0.08531804517471464,-0.0020978055041478774,-0.008404467955975024,9.504880358495371e-05,-0.0010583300018960804,-0.0031817977610706263,-0.00047821979291588247,-0.0013114399388554155,0.09775967771477641,-0.0022338727745806405,-0.004255893891332667,-0.0017195067052555848,-0.0031266091734939525,-0.016012401009784686,-0.01643435516027447,-0.015244835454955892,-0.015675655224517582,-0.10694753636739882,-0.03747911059585059
54474410,-0.002642399667932346,0.011206110385789477,0.03387479396796278,0.030895846153333698,-0.00013545338772067827,0.0011061505531319124,-0.036014891639679456,-0.009446667644865278,0.0010736928540217416,0.0017749798142911908,0.035003017923291635,0.054702987831367206,-0.03171865484552218,-0.053447823214782406,0.0011881177556654961,0.016377149737656,0.001265028334186495,0.004473039098756921,0.010199844519641022,0.010262995272916417,0.0002392265579212251,0.0004119142487910987,0.02060846793494406,0.01135144908360234,-0.0028218197107426,0.01279659357457856,-0.0027268205668006516,0.002267154661627346,-0.12557957410731901,-0.11876610165858581,-0.0014980354173054697,-0.0047738254390801895,0.027808064575393976,0.012006102813560973,0.0007645237807273123,0.05277055563608645,0.0018255597852393085,0.0026229642307689788,0.0037528596784210215,0.016891469585514882,0.026240927538801046,0.028659264165810463,0.0023760194122490925,0.012005301884912986,-0.00037900444726422355,0.0007147523237665469,0.015843205852310978,0.020698433217249262,0.015084149393968177,0.019357839556218382,0.02880007627824821,0.0171137867996589
55538972,3.999211457054357e-05,0.0023095274015778656,0.047827495561931485,0.016227368767137974,-0.003328874951121174,-0.019883803812194376,0.017563711682014413,0.017683300346387876,-0.012516045795321479,-0.027040501207515694,-0.03440040213749962,0.032542142165456034,0.015485587481139831,-0.00483892391073875,-0.0012020965931196644,0.003275862805336273,-0.001206703407147493,0.003476271024677817,-0.00016973383953031303,0.009449078000687743,0.0009412208728456402,-0.00011127481853797749,0.02964852689788352,-0.008779920510823935,-0.011984872219560558,-0.01256125969389947,0.008013426216327866,0.00465069951777412,-0.027331824488336043,0.0223442760181074,0.030534805235208587,0.0014490927329929822,-0.01926796174880826,-0.02639309148451613,0.015087597743238264,-0.025232565931673775,0.00332275206110149,0.0024748115694189707,0.02405996413254903,0.024516755775865467,0.0033095778920167393,0.00445458794240787,0.03890561461124559,0.02124473103449638,0.0009739952246884298,-3.5534814892492286e-05,0.017024851731582063,0.001306116915700432,0.017135576206166,0.0006152768328278197,-0.006182098805033703,0.0024674881608803684
55583305,-0.004080865407529578,-0.0047471095858801216,0.02641957481659012,-2.4346153784531943e-05,-0.005660142851321826,0.009400252436837862,0.06758181356789163,0.07349938234241775,-0.010384596608249669,0.005203023678423853,0.021856805264486072,0.04952367589627133,-0.0039752250298277225,0.018450543549424478,0.0037671892718820583,0.029230938529463235,0.0037208434788679598,-0.0016101821056078306,0.0007540012733295397,-7.921912485264575e-09,0.0009183197236085235,9.974398220650277e-05,0.015398219862552524,0.0071776353039323445,0.00016548397991414387,0.0066811767437174735,0.004120244921990193,0.016726697102014507,0.032851562894638364,-0.0687815846473751,0.01970901312743543,-0.017098433011638072,0.007020063933704961,0.010354642439535287,-0.01551301845379098,-0.028420944926834106,-0.004965464174355064,-0.025439585537883655,-0.005236939008204955,-0.006352435943265689,-0.006971408831784702,-0.007850250243406118,0.01518950991218302,0.02053204701844872,-0.004346207992555988,-0.006231359473251356,-0.02695003851128512,-0.0040900309131894075,-0.027648291955928567,-0.0036140812749888215,0.06821920380983926,0.002959073088984486
55590890,-0.00019550823560492364,-0.003412291401691787,-0.0002502781105305123,-0.00021140173995898547,-0.026667336002228054,-0.027115968964213373,-0.016232032941247337,0.019341839544501055,-0.03939839789600226,-0.0388231179041604,0.08664412256438345,0.0827354433538818,0.009477359883396597,-0.03421621994318041,-0.02450452252453291,-0.021831384265678683,-0.0024132387601300143,0.00030219068838745807,-0.0006165056159905107,0.005157064992261101,-0.0003501011272466632,-0.0002517970694353459,0.0014120810922828297,-0.008572960652154222,-0.008726114430755084,-0.01711856345410071,-0.030260782059308725,-0.020952680081341424,-0.03439107470493827,0.04967266806698653,0.011257921245361506,0.013309550907318217,0.029194527294781933,-0.018426817445596492,-0.0336926429259757,-0.043838947204970655,-0.06328346306832669,-0.00615937953320643,0.041682174068700215,0.0047108605259971615,-0.003142073043480055,-0.024410631261536565,0.02590690257293896,0.051864201338780294,0.0011923997466218531,0.0005367696391213321,0.04396952849528354,-0.0008014194855457623,0.0446995694600766,-0.0004239046216291231,-0.008016244849374202,0.03174328005259009
55738401,-0.003668586710433241,0.0005770687868486401,0.0001065854071584285,0.02463184990944472,-0.02419973964728208,-0.03195615956661981,0.024164833001640747,-0.005647549039702313,0.00016420170771392923,0.01305293590375939,-0.04525124874609918,0.08009568603265496,-0.0008217118723592015,0.05233897337705645,-0.007776514903493908,-0.015950297610375377,-0.007817707910539158,-0.016056333770690073,0.00014324360791440928,3.501042412451744e-05,-4.888728498322382e-05,0.00012725819444484694,-0.024113135978037138,0.0025291150274722243,-0.015633128909631352,0.0029954550048164053,-0.027022619168095455,-0.0316848794911615,-0.006409430011442757,-0.07349185346455864,0.02595938259465336,-0.002872767238518351,0.04470613813019912,0.028656280981626744,0.07842829565494598,0.07616310290861833,-0.017039544785844563,-0.02218870761087123,0.00016155097283619246,0.0014443361857074458,0.018469785990574902,0.06309541789872396,-0.022074721456432335,-0.009858135993247863,-0.02421403355929544,-0.03211637279188771,0.028101804025003476,-0.022851879658575363,0.028014115804245936,-0.022914246834855843,-0.0835855965697627,-0.011633831134370387
55817097,-9.46424255430339e-05,-0.00021002466228249014,-0.06572147908488188,-0.011934693518927508,0.0029433375314796614,0.022561174068065716,-0.00765830478574267,0.019227987394684412,0.014157325108458152,0.03002942987057434,0.04813301536146931,0.003943521919849084,-0.025790916500861252,-0.0703334243725608,0.022775877673962906,-0.029430822645373497,0.00919842640098937,-0.02957483965955323,-0.0004284538302715197,-0.00047839090326925896,-4.343924603347337e-05,-0.0002717816562243607,0.021070443572091313,-0.02430253763290971,-0.060035531403341245,-0.039857796547818326,-0.04901761766959725,-0.01619697889338822,-0.05096031065021739,-0.07338091698916255,0.0035293736375040016,0.005153969881051547,-0.0009947476951203266,0.004720991782856995,-0.04225188578636637,-0.029955686882309547,-0.015266807487257478,-0.04093847304225988,-0.00031703337129418917,-0.000554010693550431,-0.02249371653373984,0.008590721394040601,-0.027914510720231947,-0.003567658922232226,0.0028496464242140683,0.003444012257913876,0.04440713262515233,-0.0014483292207650958,0.02695421657260269,-0.000660176459167153,-0.0012642285579824997,-0.03522475499616523
55849103,-0.0082168400118822,0.008173151725609923,-0.02334934750958631,-0.028736949282958696,-0.026404479588146616,-0.004593057736400567,-0.04286184347978289,-0.08194944524436647,-0.03407435042352291,-0.023132686513609068,0.03288381537441954,0.008409358226784104,-0.0445438237042763,-0.06452777288870001,0.0006493606785182545,0.05291890386908031,0.0005287910734867417,0.029356983447414428,0.0006704340294930314,5.0021304482664045e-05,0.0008442650899680211,0.0005716951256873162,0.01647185802087517,0.01229281762011997,0.04585617290922085,0.06340596899083538,-0.023412559196781285,0.01828464632116072,0.031299275904460744,-0.0005112717986356652,0.04522577317809388,0.04157955219295401,0.0015404930148256585,0.040858088107445546,0.025433355851958335,-0.04419944669492556,-0.012953459744468399,-0.018122522286168646,-0.0017166210303213771,-0.004152202940586119,-0.005624305011777258,0.09965627041447273,-0.02212208664971215,-0.032879424735954364,-0.0008339902882108959,0.02136022139259997,0.0010501473980110772,0.0025075382294269468,0.000319047015020646,0.0027703456372409345,0.05122673140673196,0.08272622214120395
56916467,-0.02579770075176901,-0.0028584896988499142,-0.014134076989275698,-0.05883019365180514,0.00011869013560269039,0.028173757558805974,0.01953438752844454,-0.015046195124306584,-0.0001114359495709915,0.027140552107300816,0.010233789983658023,0.05754170304206111,0.016217280688958155,-0.05572333616967193,0.0015865662173638146,0.029948999648545055,0.0015482474924838185,0.004903669858102425,-0.00013595012300330537,0.0002044526014414001,-3.1050156476646225e-05,0.00026968899885548327,0.00031062398994158996,-0.004815034367575292,-0.00717121626080907,0.04136347918488261,0.00020944769253097763,0.02609639756980937,0.05847883704902884,0.13576834780494876,-0.0004488201275860918,-0.0074059550194383855,-0.00236112952850194,-0.045000787967283934,-0.01661547806687591,-0.018096089781259726,0.0005580640530955423,0.0037936860613517684,-6.851585198264503e-05,0.007338731395832503,-0.019426626415270272,-0.027482340720132618,0.03181807831588106,-0.007636243802105168,0.00019040578549859221,0.002217759560046762,-0.031807458697635536,-0.027595205139737126,-0.0317535560795088,-0.028459688280278207,-0.032027080207874765,0.028723549292248948
57200226,-0.0032222780851554568,0.0015938556897108058,0.010250432900972415,0.01275735924439857,-0.038028228223294464,-0.04005836489170433,-0.02348372500414944,0.0027222215431544766,-0.03569148109243582,-0.03719538135322893,0.035937915694568785,0.10561364564230144,0.0034970616501635715,-0.015747670463185225,0.0008537480427312583,0.011228833361403609,0.0010287844224312137,-0.002781883743962739,-0.0001957835440435055,0.014587469093755773,-0.012976650934775518,-0.013169699010124965,-0.015864411639205232,-0.016327727256406174,-0.029504706621864434,0.018335773667430763,0.051176885397025196,-0.0028542339287715712,0.06855260087242815,-0.10519707533205935,-0.012520497443879664,0.012639758753669093,-0.019490595634686532,-0.007492759140999533,-0.0497843172306225,0.010459402570619128,0.004755037615112024,-0.016320049140966974,0.021240208430504705,0.03804767753801735,0.003046495179468263,0.014942592484154948,0.0740512309734869,0.03950948793336518,-0.001967058982423619,-0.0037804014396783116,0.01594003518342931,0.01929836153643798,0.015877270785462395,0.020305342308719283,-0.03173884083913914,-0.036831727558905236
57216633,-0.010233509757603561,-0.014826800244704005,0.00043559447801219296,0.051121953481804094,-0.05703759771286256,-0.056833397141406505,0.09799521024394423,0.0031820678420658305,-0.07582038539933701,-0.07285104755138094,0.12137315718639616,0.021383424593123257,0.05720117667668416,0.10654138829643926,-0.05727165116810007,-0.05494201172289678,0.001550391396788026,0.003429065241273885,0.0002836009415384843,0.0021343023026839415,0.000474193298883482,0.0014687249377484247,0.047587429070676465,0.006004464000529038,0.014365505597849756,-0.02068603692549964,-0.05125122939182054,-0.04857295218834325,-0.027271811090796322,0.05615564107252985,-0.0185595910870869,-0.010454736923891705,-0.0022209649168677265,-0.005689877232148772,-0.029972136827742163,-0.019514671046783345,-0.12253590481476966,-0.11952374044028583,0.0005420514082893932,0.003980764227561891,0.021862027996099178,-0.012095953325327225,0.003665724813446525,0.054818710819517155,-0.002220377994153858,-0.003261082177462044,0.037290666910654836,0.004104371396753492,0.03754447539279701,0.002518028484950116,0.1276425799967548,0.008556788620703634
58013278,-0.0005882891832519181,5.547758961393055e-05,-0.0005838668976417788,-0.00010836598409545966,-0.0016064425201469138,0.0031598722747093067,0.1267862443699568,0.02566199538500169,-0.0017248280966089178,0.0004448115724617835,0.12534732463837617,0.1136959267210553,-0.01361212980757453,0.0055674258728042846,-0.0027736156990523053,0.00631361834850448,-0.0026883435384191827,0.006309787447732487,-0.0006377997685906627,0.0006431751188002818,-0.0007459708616696591,0.0005657213985279059,-0.002022485095043212,0.008632484626084144,0.10748038810871782,0.024787024051741734,-0.0031503424898931933,0.0034538529136618687,-0.046290664841672664,0.2728608164873468,-0.005062383865279083,0.007921083912857736,-0.06010166642102637,-0.03911404484788724,-0.0031768507254088113,0.03914201698964136,-0.002175774399250753,0.00014959179370758026,-0.0030462040203471943,-0.0013651211263644527,-0.07119509640938272,-0.06674103054311148,-0.0033478512174725614,0.06706630179289035,-0.0009260871927757534,0.0029633484233087216,-0.0019071903377381187,0.0009679673691394466,-0.0009105026647690867,0.0006056755594919389,-0.018284251323654674,0.04607829292986567
58995736,-0.02106497999410818,-0.02081239121456636,-0.0032428007912821723,-0.019351599581967648,-0.0132502192345553,-0.011623810746699444,0.0652035037717275,-0.004859258393685326,-0.013993121847775068,-0.013491172840134548,0.13813672801666424,0.11703945358793238,-0.10028833082453803,-0.08142914529000024,-0.0007499136084125921,-0.0006477129229088725,-0.000714628083126037,-0.0006509222926887387,-0.0003153508086675956,-6.047229504291024e-05,-0.0018700896024394509,-0.0015385179543838758,-0.04454070804617016,-0.03285900368383424,-0.055225473941220966,-0.02408278613110683,-0.018069844164103493,-0.01233143480013885,-0.07744795671562896,-0.09977622581551288,0.013212475432204256,0.0013601352894962926,-0.08772858455728276,-0.06527132504593369,-0.026728098464886475,0.01811796834127591,0.013468852639962801,0.0028095670769044123,0.023353868636636993,0.00042542545773054975,0.041561802282799085,0.01723060999033168,0.015493606246098888,-0.02040465551968433,8.780628748926065e-05,0.0014068312129507999,-0.0014696378301806599,0.025878671180962532,-0.0008746072809764871,0.015299643384682576,-0.03403695698190064,-0.0249168533063764
60217302,0.00020436157815824374,0.0002719401794336197,0.01635083257105622,0.0004798845139098925,-0.005341957932800314,0.002878974956939305,-0.021837412774889556,0.029791711688670744,-0.004289151618986312,0.0029601895461792704,-0.0033081878156682523,0.08660820316943099,0.05238129792031106,-0.016453943184740492,-0.015615536673067476,-0.01431707950544726,0.0027287492761738806,0.004018414286187259,1.610229765460565e-05,0.000572578096786384,0.000573586211039383,0.00048815771019143715,0.002912074244077009,-0.017054116161285833,-0.04603564851785203,-0.06600935704041799,-0.006450388995043181,-0.005556499258127769,0.018831509402012586,0.00992036121437348,0.022440398998955377,0.0052732292058683145,0.009466829931355294,0.05398754597608463,0.04772070428124262,0.01914197662445876,0.10015172085729737,0.001395828798262572,-0.0001572648601862721,0.002491299032279168,0.021154373042338512,0.049108717667853685,0.04123773981169182,0.02179412973445025,0.0007928687768100826,0.001825504976074444,-0.005828895412964895,-0.0056332301300848165,-0.006441717499199742,-0.006361000253672214,-0.005476666836545872,-0.036005048706098566
60416566,-0.0035136345768875484,-0.0034749436045773243,0.04006731632124052,9.222161420690633e-05,0.019661748408730806,-0.0026262129908816434,0.07546737903919377,0.10988182712122867,0.019147928336333015,0.0008430150297023585,0.033518758997968315,0.03872840578852357,0.04734873486721765,-0.005226203461555265,0.01828696286694755,0.00016350937134204744,-0.00334772878599725,4.9420066792051597e-05,-0.018708655805481277,-0.028147780787780415,6.646852764332907e-05,0.00015654293412944618,0.017358197810257926,-0.005051014252994005,0.05769382228467072,0.12236391045267576,0.02076307073076663,0.0016245233480597018,0.07614301648107383,0.06011847334166465,-0.009685102780431361,0.008013443267262868,-0.017293528645181203,-0.031121764335531977,-0.055924455477898656,0.006952405473621998,-0.031636052686562825,-0.0319163476481105,0.0544105776375244,0.06161086881887509,-0.01379618208240247,-0.02177212186754037,0.021940705743502317,-0.01841862322219134,-0.00017515564463888543,-0.0028981230254787964,-0.0008817863509372767,0.0012207889011992563,-0.0004730634804320992,0.0006374233218907194,0.008322417498376457,0.0467811996307201
60576722,0.03817849334614591,0.0031755480861061012,-0.006203877024345605,0.01989645799887868,0.049433098802113315,0.015998482403954833,-0.01991253589492044,0.03028249849804772,0.03781376754679726,0.040840097468190936,-0.03859180075667745,0.058501559603728104,0.04662157003951392,0.004179589104127898,-0.0053626766166253855,-0.0033381988780157275,-0.004506558133948628,-0.0026674254683415836,-0.0003569275326711787,0.020699123902529367,-0.0005756697502383756,-0.0002483948588356352,-0.042043439149211034,-0.021014455567881844,-0.09177522127018825,-0.10812739533726677,0.04707029179135171,0.018664322837390456,0.06630341227292774,0.03709034479826423,-0.011497213229085479,0.00019936224773757505,0.006958317172940626,-0.06717566396915203,0.013577713516021106,0.01773430168586547,0.010971711496740677,-0.005413641854498254,-0.000387034352662247,0.004996520323711455,-0.015144932191206675,-0.030064115538991812,0.07808218011964338,0.06313111995256566,0.021847254843063747,-0.001915228581860804,-0.0018003703236829397,-0.0009690181001125995,-0.0009206314996631387,-0.00047047973693795423,-0.08086695320550488,-0.05215019005667245
60686882,-0.020948628067101627,-0.020711422008245675,0.0043501360059360165,-0.0039847726579728925,0.009685370893482939,-0.01647495213610304,0.03958789326752567,-0.0302762975056906,-0.009990580529340286,-0.03553600893487287,-0.024580692808051155,0.01749014195056374,-0.03122929586765033,0.03332138412434535,-0.0042077708084093685,-0.0037476659443120616,-0.004251977030065344,-0.0028605025077562945,-0.0005871903602500915,-0.0008264125677168349,-5.120293169513573e-07,-0.00016012867514493447,-0.0011584693311620384,0.012582066442703148,-0.021535899671363923,0.007094369137645301,-0.011799161707157453,-0.01606182735881599,-0.013127195621618098,0.05918937286888648,0.004446745998843916,-0.007517265471335828,-0.01907968039886738,-0.0252053111504474,0.008121426730418588,-0.028571829583100936,0.010018407284620612,0.019859888348389525,-0.018139805672764308,0.0033504639968900164,-0.009332953392295402,-0.030595808728191436,0.003080225355422548,-0.00465863184046195,0.004509509477229907,0.00393026364090737,0.009870351586702908,-0.0022084452381714815,0.010414342432454766,-0.001555647864696847,0.03655408387789861,0.02255083054974511
60797616,-0.01570392972320019,-0.01567087187533629,-0.02764427649001663,-0.056617564423102104,-0.005281127802981671,-0.030663905346322164,-0.051289476077944776,0.16900433104384677,-0.009842710201716003,-0.03618198651693226,0.13345167717471246,0.06969233856765128,-0.024212504367702455,-0.03583237189935823,0.0031976401256952414,0.005027447693331425,0.00336898402063623,0.005136220696465272,-0.00029519795574129717,-0.0006914832261842858,0.00021499464414735615,-0.0002493075387328326,-0.012526696493051924,-0.005527763921889112,0.0012313650087869762,0.03517340024634366,0.0004756188187784588,-0.03074467751104876,0.07801213687997469,-0.058471833840115686,0.0009707057352961275,0.017072873876906276,0.02492314803142924,-0.024427225645509573,-0.017769840283765333,0.02610819510872872,-0.0009136145170290581,0.012958033346909592,0.0005982474158609083,0.026975372041276077,-0.006958416587654743,-0.020823442367203505,0.03776751270482312,-0.03333366208742629,0.004291075709338342,0.004414561247304721,0.018222946510355734,-0.016935208514386846,-0.014945056320873912,-0.0312509183029516,0.010476832642706956,0.022092636147533228
60809640,0.00811558032135144,-0.0026857787534286344,0.018863883993257856,0.03282817835489029,0.010136511693808007,-8.363740889866939e-05,-0.053505413209903256,-0.02385438945536275,0.008726548223094906,0.006312095637399765,0.13896728166844452,-0.01090503926084968,-0.03437283795285766,-0.015342754263641442,-0.0010260644995129554,0.012127680775986397,-0.0010530406649731485,0.012111651885617894,0.0003109510792263107,0.009603343418864107,-9.852635106184847e-05,0.00016813982401631187,-0.0007847452227869121,0.004636330353257769,0.03349327873529789,0.025660029977570192,0.03587023475396914,0.020191222808315635,0.04422990447142139,0.02429870682385371,-0.02183557597610878,-0.015037291900897956,-0.02810345937135318,-0.007709457050847343,0.01651739012166245,0.03818861071300573,-0.023252453806429686,-0.020523176371386235,-0.0128317910587635,-0.007363327570250745,0.003791022295105622,0.026143674996259064,0.05080208461773264,0.001624461535287322,0.01019919696996613,-0.00020161549218865446,0.000669168175394131,-0.0033151613103184485,0.0006336187847569841,-0.01527968182559471,0.0024359654068086822,0.0008558879785364182
61229235,-0.017158774809738788,-0.038793881578676595,0.0023727064491499347,-0.02023567800772796,-0.00023196301498457647,-0.0005330973394441067,0.01570763113757373,-0.021269270527624007,0.008082796155596364,0.01182317118551733,0.002303006307955685,0.09562752081357384,0.05658127595797968,0.10933381051874647,0.0009955492963457002,-0.00012964540490051748,0.0012542567855118765,0.00010608343262077978,-0.00018774488341697965,-0.00028646839378598647,-0.00021704497244652305,-0.0002619622520351917,-0.0001887231654143424,0.005212069857552947,-0.017014265823455058,0.013634890007864456,0.02606327370759097,0.012649888659151499,0.0262081896634518,0.028848874350325765,0.023842990263392143,-0.031607856413501764,0.09002339222191294,0.09955004816235744,-0.007714615449154388,-0.04853386279544267,0.03865016908914149,0.0021232654549961927,9.544676933315806e-05,0.0036608287284372112,-0.018303633606451822,-0.019673580805012383,0.005024644862745994,-0.020660751284453865,0.00041392494436118905,4.709283027974002e-05,-0.04793052821778634,-0.038661042555445085,-0.047620836373811676,-0.03825334886271964,0.011635983207938669,-0.018861556289395662
61273778,-4.963078778220671e-05,0.00022757600272218213,0.00015700995496255765,0.0005094499135198424,0.00047911305219586957,0.0027385927962039515,-0.004787533820877626,0.057944350968755,-0.009193903156886236,0.003058285116222803,-0.07993305374317311,0.05249782065008943,0.10080385696912765,0.020099559255219022,0.0022232986934184133,0.002677338017080524,0.002216108616736532,0.002348971453814187,-0.00040923564016610186,0.00026595527257071124,-6.978090823136205e-05,0.0004877036578251532,0.0016578848945695264,0.014576550823164792,-0.001282282937908566,-0.0015473888136442945,0.09790694063347505,0.0026662963309276406,0.03437668076855993,0.0704294813280206,0.011317239085270048,0.12289661173920398,0.09461413617524038,0.046775369284338536,-0.014972850510125424,-0.05947839630095114,-0.024983745988667486,-0.0025223021029663097,-0.004492636020143483,-0.004870144495241737,-0.017565985585822577,0.013985988662625026,0.022116307902155727,0.029363367660609044,0.00040099841291334074,0.0019261082479653786,0.018060342011010623,-0.014977190982177143,0.01213179277671174,0.000833218067323673,0.001674257491707326,-0.02241887883287396
62316382,-0.08814530018666943,-0.06870982753277749,0.044937496206614025,-0.0003122578723331849,0.003975062882408478,-0.012495907766040216,-0.13603624429985384,-0.04455928410394994,0.0013182771566678728,-0.017500554452541204,0.03205596645573647,0.060038605674991044,0.021114335430095145,0.03924611214522685,0.0024079279869932864,-0.008541170841431897,2.0837229669385185e-05,0.007972950790977902,-0.012024397995164936,-0.012094638218784683,0.020378178408473904,-0.00026288119742579573,0.04630666512267276,0.01620926074467707,0.0460536198973114,0.013338145396025014,0.01405202021916534,-1.943604662849388e-05,0.013417571977534917,0.05560769060613409,-0.004990504539850308,0.03126557520092502,0.0073982202567414584,-0.006238346080356609,0.012258022011524601,-0.007738024118910003,-0.0150003386281395,0.009273192698558023,-0.0005826044658609423,-0.0005241772428292579,-0.013783213675646989,-0.00997996488624077,0.037771379310017866,0.010503448798306614,0.0025744880081908015,0.004790926281775262,-0.05601203144376761,-0.05637304060890191,-0.05580307361786647,-0.05603830146586334,0.030823373395594537,0.046360859003266634
62322599,-0.0002052858224034822,-0.0003272334486429558,0.0013561827602951299,0.003096365514811558,-0.0008517293146873637,0.016428440747426103,-0.05902019593147058,-0.043904511935580315,-0.0001498566313059618,0.020951176214743104,0.031232452627406995,0.13343593320385394,-0.06811039173358602,-0.028380635142305058,0.005415499262099547,0.019784589230420608,0.005412998756131163,-0.0007837029747818922,0.0005762088413810915,-0.0005747560832771949,-0.00017093945146674024,-0.0007265717005484354,0.040359000980013784,-0.0018816765650095447,0.02181878531932044,0.08044482310557449,0.027047743914861495,0.025301505025491295,-0.10851839410378791,-0.07858456297959546,-0.009292069135301097,-0.02799359169973042,-0.026106369087858336,-0.009964627014343287,0.03767222253040875,-0.0008691443658835826,-0.0010120081078609621,-0.0015374587438782895,-0.00012512607381594504,0.00036767045354305647,0.012059824516430246,0.038649642706819226,-0.06130101896076316,-0.016511354835460408,-0.00045126581285423635,-0.004428815706115726,-0.007391775431504091,-0.008193910672409904,-0.007662581957873113,-0.008104604435377385,-0.04498794200303673,-0.04979299454443473
62626163,-0.020535826675566235,-0.017254169575623736,-0.0003056845128988323,0.03251046030535736,0.0015803527460024145,0.0019188979990957637,-0.0028950490710667742,0.022496036222938942,-0.024713566074548568,-0.023887672774225547,0.20912772733697454,0.050160040922347285,0.010059978064524487,0.010915877750697044,-0.00043620517238445594,0.0016558522595173262,-0.00033206548033887055,0.001482344397782001,-0.022756056016779973,-0.02251444763911212,-0.0006393409289446653,7.006973500939088e-05,0.014861829248497056,-0.001322804466282395,-0.03373288086043103,0.00567007985030149,0.013138578967589756,-0.008912294843711862,0.009477165134576665,-0.0061898437242104976,-0.015109025536470639,0.0056043026958895285,-0.04449890895728642,-0.00427286467194346,-0.0902127492418894,-0.02801956261768493,-0.018051861865646855,0.020673384098991922,-0.0003419458837265615,0.01306733267624228,0.002101666885451693,0.037719106569561754,-0.013138231409554814,0.04421286255538847,0.003036297818497731,0.002754493364473417,-0.0096574078276755,-0.020282148861085956,-0.003942072796059813,-0.015152596184560378,0.008685044126556338,0.007952130720971784
63046139,-0.0002732851464855886,-0.0007307998597536516,-0.0003907072762160698,-0.001104936451049219,-0.00044920603125623215,-0.0025295687858471125,0.13308278507200938,-0.04459515533501924,0.0004501719106287292,0.036242930112665495,-0.04488228598711258,-0.04403296924864797,0.01871637807645052,-0.005790474571350809,0.0031771397747111176,0.00013834055082051792,0.003516905168465576,0.0008306539593441417,-0.00014431955916622261,-0.0012069263750643792,-0.0005013086203635178,-0.0014544881227468729,-0.0007620686909946303,-0.002161153125182594,-0.0009647331024131497,-0.021304344251505205,0.06489083679425196,-0.005458415304732377,-0.07324019232539314,-0.11114058357389082,-0.00017417923108386992,-0.005302815815417836,-0.04622538296044397,-0.06807626622900503,-0.004111095496942904,0.1090626500650681,-0.0011375845870961136,-0.0035534963645681606,-0.0005844853084400071,0.07720955719056521,-0.05004389995951344,-0.0546418624101105,-0.001425548082283077,-0.004534522068560654,-7.234603042860304e-05,-0.0008481048862954633,0.0013897777106198408,-0.0015827952577988026,0.000677631099861785,-0.0009523086905920597,0.044055379890281104,-0.014240393948992264
63095160,0.030399443998595364,-0.005760865837194121,-0.00030285422932481865,0.017734457006321088,-0.0015207718671291512,-0.00018281705091887594,0.03091952655788674,0.028055988440322754,-0.0012431551296573338,0.005594047773691656,0.052870539728778865,0.021458261022598013,0.04170925302893857,-0.012018639593556181,-0.019697768489005955,-0.015759804751912944,-0.003604409104833818,0.0002876613359533691,-0.000395719113228008,0.011034743742426295,-0.0004417307628942097,-0.0004649485916516416,-0.009568165103592265,0.02433739812684056,0.01143157118236586,0.02615912465677308,-0.002925519110977699,0.01265745999370075,0.07719088372203797,0.05832428590905406,0.008717159589850698,0.05218492900103702,-0.010788711444905091,-0.041572976101799004,-0.008051496221444764,-0.004058309348072962,-0.048492589864974456,-0.006627389632915114,-0.0012564263817757813,0.0007889977260246732,-0.010853850094568422,0.005555306578923835,-0.0038044622488212568,-0.013496856493530374,-0.0010573431465587032,0.00023622999981312825,0.033189503166600055,0.00948407757231335,0.033893741349753814,-0.0007794834868784534,0.001273605588455691,0.036059595466036466
63130875,-0.004019044304538077,-0.004303139527192659,-0.00014364636235506066,0.015096267714062365,-0.01387573614635107,-0.01772018130576612,0.05208263833310808,0.03294051838084805,-0.019155831201634062,-0.019397093650008444,-0.011510597314468345,0.11158880850659567,0.010963873269718802,0.011696629031380273,0.0034407685891180047,0.0010394493216760847,0.0035712754451526964,0.0011357353004319568,0.010323020937311913,0.0003344667622201872,-8.615309364555339e-05,-3.807012243967241e-05,0.039225722128371276,-0.01688251929630627,0.04278935288126026,-0.023896586478581977,-0.016119117319825467,-0.017472088188085225,-0.02299377363168159,0.023628790401313854,-0.0038770719108027216,-0.005271559798581935,0.021572112448756037,-0.03642781493218623,-0.06331851250103157,-0.052198300713217474,0.013152318754776137,0.012109770227539032,-0.0012734533585939238,-0.0005845884709145858,0.011742101962934376,-0.01522489368183359,-0.018889442512261233,0.008067505008822771,0.0036962945672947747,-1.5953452063001807e-05,-0.0270239143748815,-0.043433480263122985,-0.028956395997741934,-0.029043070864686993,0.06380953565731035,-0.005229567236154524
63830782,0.014100610763723088,0.00010911213745716606,-0.03983615394796525,-0.019013699732131663,0.00123911658435283,0.00157311502643184,-0.033927953993471954,0.005609589677268226,-0.025927570858219257,-0.014393872882033983,0.0836736282043947,0.08188203383510911,-0.04095659008265556,-0.04456680233584622,-0.00035879423376658157,0.0007006624380654636,-0.0004191081775990254,0.0005180903270137604,0.0005622352666478207,0.0006577073078638236,0.0003186772324663495,0.00026579540494215683,-0.027075383531776905,-0.016794329362789896,-0.02684901173404106,-0.009300106195558419,0.005704747493148302,0.011819202977202473,-0.03500298940399488,0.007396242944317594,-0.001979848578207235,-0.011298102713363657,-0.02646242710477597,-0.040124726968221135,0.00011996816564238677,-0.032064111774466816,0.0032733431688843524,-0.0011014786172699985,0.003692852821490015,0.025171521084913252,-0.010764749061135488,0.015334463368687207,0.007892669956998447,0.04981703058871813,0.000787502846365883,0.0011703191827335023,0.0020165743364129636,-0.018786308380730674,0.0021421017256578294,-0.018681522140343562,-0.09270954128655327,-0.046939449353242305
75599070,-0.0003134013913206565,-0.00044737403554929046,-0.00017681244869389306,-0.00034098016060431636,-0.006502432305881283,-0.002582828283644141,0.006450292985047373,0.03884607277915489,-0.007855941604392671,-0.005483478577997837,0.1362023000854903,0.04335868965172763,0.0036972957461905744,0.17273466393652,-0.009202446223283676,0.003530077402479072,-0.009301274720076814,0.003913608301728998,-0.0027156785970034202,-0.002939139312860345,-0.0005484190738940526,-0.0007692423206710859,-0.05645802487121696,-0.05666005513677964,-0.06625304161237808,-0.05433106282957617,-0.004839836251329438,-0.0012812200999831064,0.336380453672022,0.017272717355559936,-0.00486304986610725,0.120636797158618,-0.022806421638159623,0.16008913259369123,-0.19618690542055933,-0.17861436701063038,-0.006477352907931834,-0.007085241785400764,0.0047746203723050265,0.01225916484330766,0.006477670999526845,-0.007690232990187694,0.1088458574045953,-0.0030456234621547016,-0.0012301710086919408,0.0029456975812149223,-0.005141034825311929,-0.0014367065261313141,-0.0026288712223671916,-0.0007303830365201413,0.13906800187217938,-0.04721823941727128
8686068,0.08230686983327538,2.6946773745463448e-05,-0.09099405166291546,-0.09098868670398069,-0.07869885415198379,-0.07905070265813632,-0.013095101687481757,0.09875987807348251,-0.07652440155161937,-0.07532907008186412,0.12256364932941244,0.331140171088848,0.20345189661594237,0.002417272407644744,-0.004378379471830265,-0.0007560497262723877,-0.004734880088345342,-0.0007978433607708398,0.0005785044707913225,0.000540224349849174,0.00030389399786853396,0.0001293718637096357,0.18952856551985398,0.027076816433705825,-0.024419778941672472,-0.03517613135920515,-0.08119198041143459,-0.0817742121221898,-0.0931838696379427,-0.15589600301791445,-0.0005585129790639434,0.0011145949110280152,0.006827222664147224,-0.03679298821072689,-0.03533992853424782,-0.04509373493922757,0.0005060763145515359,0.0007521963580880305,-0.0026123514530110603,0.010454078575232931,0.0008204413304925139,0.002392544430596396,-0.09385157840398163,-0.0932466207858452,-0.002272474772944745,-0.0025315456832456056,-0.034621545419717036,-0.032634199769705934,-0.034484232452031756,-0.03368576661374929,0.11432984192564893,-0.046635361353476394
