book_id,composite_key,pc1,pc2
104659050,A2_emotional_safety,-0.31394210137458217,-0.5207559663707348
11266880,A2_emotional_safety,0.4972464462688657,-1.023295686155566
123257687,A2_emotional_safety,1.3758763487175736,-0.022658911923112528
123446478,A2_emotional_safety,1.5347885915374102,-1.8734450674775516
127305713,A2_emotional_safety,1.5167165454104745,-0.46916127018510195
149105520,A2_emotional_safety,0.8914301505001866,-1.213854149354889
15197,A2_emotional_safety,0.970452043156214,-1.167786311530787
161913,A2_emotional_safety,-0.8644492401190006,0.6857637927935238
17561022,A2_emotional_safety,0.18780345494509162,0.13843641992903902
1756703,A2_emotional_safety,0.512366664671823,0.37382449933391604
18692741,A2_emotional_safety,-2.158332541471646,-0.4165614588884035
201413413,A2_emotional_safety,-1.1487892451376016,0.1673226227945551
20346544,A2_emotional_safety,-1.3051443805024698,0.3005557383095784
208153130,A2_emotional_safety,-1.743675576543954,-0.7361917525599214
21787,A2_emotional_safety,-1.3186382527478342,0.5906049079801999
22609391,A2_emotional_safety,-0.0016198372581285529,0.30252266410140055
22707536,A2_emotional_safety,-0.8082177111074355,-0.027051084100438924
23518136,A2_emotional_safety,0.7368392907063842,-1.4325131667474735
27394781,A2_emotional_safety,1.6998915545110176,0.9391008315487859
28675670,A2_emotional_safety,0.41986196713706125,-0.6356666712380298
28869598,A2_emotional_safety,-0.23756768756759333,-0.2605612973061513
28963772,A2_emotional_safety,1.30087738532529,0.6792949723933969
29424551,A2_emotional_safety,0.4994686458543252,-1.1454856082140719
29939161,A2_emotional_safety,1.8411449446392707,-1.4953262865011612
30291077,A2_emotional_safety,-1.3518068965525245,-0.28715637551773815
30618705,A2_emotional_safety,0.16540150031767664,0.6995012280882604
30627346,A2_emotional_safety,-0.5703837123917617,-0.4508569081405508
306364,A2_emotional_safety,0.9148966598866939,0.2091079627870047
31276376,A2_emotional_safety,1.8703831549260983,1.0846367229276572
31424202,A2_emotional_safety,-0.16245932940825888,0.3377266664223064
31625455,A2_emotional_safety,-0.5661885384599497,0.30491807300514767
32195234,A2_emotional_safety,-1.4079722920968958,0.30399489571952215
33743772,A2_emotional_safety,0.3492982047111992,1.153896047848858
34272677,A2_emotional_safety,-1.046725202595242,-0.9165702362313961
34322023,A2_emotional_safety,0.2264804192636586,0.3278531900901675
34438741,A2_emotional_safety,-0.8335396743874192,-0.015147847421148275
34812836,A2_emotional_safety,1.6626062568452575,0.15702402981645966
35008850,A2_emotional_safety,-1.4061997469880074,0.0548715031952842
35053870,A2_emotional_safety,-0.558963576498985,0.0620576910075736
35109856,A2_emotional_safety,1.3122043051401986,1.160689179406363
36429604,A2_emotional_safety,-1.1460337762952353,-1.0737901967218286
36437212,A2_emotional_safety,0.41453766372911716,-1.2141104558348434
36512901,A2_emotional_safety,-2.1495632220560346,-0.17756779871847603
36564103,A2_emotional_safety,0.5365264295766499,-0.27877488724412547
36600859,A2_emotional_safety,0.9065163584094958,1.6428178185184792
36662463,A2_emotional_safety,-0.15798233960782732,-0.9786402912011026
40131614,A2_emotional_safety,-0.3655018994882176,-0.4959218233989004
4066312,A2_emotional_safety,0.576995229188483,0.40226833607544
40727118,A2_emotional_safety,1.480391916359762,-0.11681777649036072
42427664,A2_emotional_safety,-0.4943555886008666,-0.25998390473984767
43728457,A2_emotional_safety,-0.08983513136569492,0.2500834358339757
44099084,A2_emotional_safety,0.5385018046706835,0.5893750768301635
44168447,A2_emotional_safety,0.1975810788677331,-0.4178338580712099
45156972,A2_emotional_safety,-0.34596851567706577,-0.8493499044092964
45857023,A2_emotional_safety,-0.6111772467499277,-1.1681099591750441
46142566,A2_emotional_safety,-1.4486767118066979,1.7081449299237346
48572514,A2_emotional_safety,1.160301048471206,-1.9664083932959895
49571946,A2_emotional_safety,-0.13439646175879974,-0.35269939320130145
51208558,A2_emotional_safety,-0.13454091862193712,1.6399331942839703
51778361,A2_emotional_safety,-0.11080058435505498,0.686320201902325
53490997,A2_emotional_safety,-0.8551072036515582,1.179264680990157
53491020,A2_emotional_safety,0.328575477438974,0.31165454943887455
53491063,A2_emotional_safety,-2.4969245313261985,-0.41000576102859054
54474410,A2_emotional_safety,-1.2794800182275294,-0.4102374388230387
55538972,A2_emotional_safety,-0.3544683297851011,-0.03273273270964661
55583305,A2_emotional_safety,0.7000462298422548,-0.07606019252394983
55590890,A2_emotional_safety,0.4589818048077565,0.2188066709651206
55738401,A2_emotional_safety,0.12178988033822052,0.9824569080254458
55817097,A2_emotional_safety,1.3702997549487903,-0.40347247756858773
55849103,A2_emotional_safety,2.1783070890607283,1.149717616889109
56916467,A2_emotional_safety,-0.7054013942824091,0.34659624470326683
57200226,A2_emotional_safety,-1.4882663792020039,-0.5717812270463399
57216633,A2_emotional_safety,-0.4055972686429163,-1.2262225542225473
58013278,A2_emotional_safety,-1.544481551439898,2.5543656029994333
58995736,A2_emotional_safety,0.028279430444779215,-1.1323691196650203
60217302,A2_emotional_safety,2.569400875087208,2.461437226824015
60416566,A2_emotional_safety,1.1599956520882286,0.038958420597601476
60576722,A2_emotional_safety,1.262504239461351,-0.5663703856762763
60686882,A2_emotional_safety,0.4947195108714452,0.9658413159883286
60797616,A2_emotional_safety,0.4012781558934065,0.066371495905229
60809640,A2_emotional_safety,-0.09868021122604853,-0.4001527885589092
61229235,A2_emotional_safety,0.23689388164083122,-0.7020874941045778
61273778,A2_emotional_safety,1.3561155973063828,-0.25395511704456114
62316382,A2_emotional_safety,0.6562218064340135,0.9678846151216953
62322599,A2_emotional_safety,0.18036662387520408,0.5046508214097102
62626163,A2_emotional_safety,-1.06373347675584,-0.29893204089969916
63046139,A2_emotional_safety,-1.0396237856877453,-1.1991896028549665
63095160,A2_emotional_safety,-1.17243952875205,0.03281310981990973
63130875,A2_emotional_safety,0.20699857460886148,0.1483509429550912
63830782,A2_emotional_safety,0.440239931387337,1.3763595032819813
75599070,A2_emotional_safety,-2.6979942750938335,2.072348894826291
8686068,A2_emotional_safety,-0.2527546856148918,-1.1869016225150864
104659050,A3_everyday_tenderness,0.19116748993493335,-0.6136640909216301
11266880,A3_everyday_tenderness,0.5893837518599203,-0.0864229236798565
123257687,A3_everyday_tenderness,-0.7023382050686788,-0.2598579238232534
123446478,A3_everyday_tenderness,-0.1353518473298752,-0.10666072605956835
127305713,A3_everyday_tenderness,-0.32999648938078513,0.03434033204935415
149105520,A3_everyday_tenderness,-0.8633090866485689,-0.3802733916037725
15197,A3_everyday_tenderness,-0.20092859370317148,-0.3001252049503982
161913,A3_everyday_tenderness,1.3473902737853996,-0.6412965741946078
17561022,A3_everyday_tenderness,1.3779204976417079,-0.16462106700731102
1756703,A3_everyday_tenderness,-0.4018326467568325,1.6648773783085242
18692741,A3_everyday_tenderness,2.1587162926163557,0.17314822817811956
201413413,A3_everyday_tenderness,0.9490875269655645,-0.5383205333593059
20346544,A3_everyday_tenderness,1.6536947068887473,-0.12297184224834679
208153130,A3_everyday_tenderness,-0.2738153583970194,-0.47021558638594796
21787,A3_everyday_tenderness,2.6205268606519474,0.25585050626467254
22609391,A3_everyday_tenderness,-0.09987163156127767,-0.22531337630708032
22707536,A3_everyday_tenderness,-0.6823486183350869,-0.6871240805695943
23518136,A3_everyday_tenderness,1.9481628020133273,-0.1134927735904708
27394781,A3_everyday_tenderness,0.642635501451352,-0.5004061597126218
28675670,A3_everyday_tenderness,-0.05899708791180122,0.1239395618544818
28869598,A3_everyday_tenderness,0.7376650923472668,0.70203873765518
28963772,A3_everyday_tenderness,-0.2865678981172011,-0.015426284233952868
29424551,A3_everyday_tenderness,-0.7707548100030278,-0.19197319029573826
29939161,A3_everyday_tenderness,-0.8846815280716961,-0.3957445480038828
30291077,A3_everyday_tenderness,1.0465418121842212,-0.2460653880128949
30618705,A3_everyday_tenderness,2.175404955163678,0.3501132534401482
30627346,A3_everyday_tenderness,1.0317466963990232,0.3007596920791616
306364,A3_everyday_tenderness,-3.5051302680344394,-1.045629103649345
31276376,A3_everyday_tenderness,-0.8259733528580395,-0.008261758200344319
31424202,A3_everyday_tenderness,-0.3198942015511368,-0.6093286196459516
31625455,A3_everyday_tenderness,0.09204969316564715,0.13246287525377917
32195234,A3_everyday_tenderness,-0.9723600937107918,2.7149933312954606
33743772,A3_everyday_tenderness,-0.15096400618704475,-0.6097836311557177
34272677,A3_everyday_tenderness,0.28288197601461285,0.14323269361047872
34322023,A3_everyday_tenderness,-0.08354332488799034,-0.291323080813805
34438741,A3_everyday_tenderness,-0.3987835042551768,-0.24249197785855553
34812836,A3_everyday_tenderness,-1.1419053613802501,-1.3732348665761867
35008850,A3_everyday_tenderness,-0.18035461685640358,-0.27136985141364217
35053870,A3_everyday_tenderness,-0.44738640373854754,0.17146525922708264
35109856,A3_everyday_tenderness,-0.5510893941660076,-0.6067080479375232
36429604,A3_everyday_tenderness,0.4183278799845066,0.5752627851771481
36437212,A3_everyday_tenderness,-3.143018522655628,-2.717411940281256
36512901,A3_everyday_tenderness,1.2847094553205822,-0.6644342733547951
36564103,A3_everyday_tenderness,-0.8732024054434354,1.0397090885792457
36600859,A3_everyday_tenderness,-0.06398270087421745,-1.0304869606013096
36662463,A3_everyday_tenderness,1.0637805240388571,3.5777812302378753
40131614,A3_everyday_tenderness,-0.38894552035047125,0.08648476567477517
4066312,A3_everyday_tenderness,-0.5995491652827665,-0.2657936920891323
40727118,A3_everyday_tenderness,-0.2583242371154004,1.9001183553317769
42427664,A3_everyday_tenderness,-0.463614778621555,-0.404347219346008
43728457,A3_everyday_tenderness,2.2110553797439265,0.27997698577845154
44099084,A3_everyday_tenderness,0.06715702962929745,-0.2476368930540809
44168447,A3_everyday_tenderness,0.9450067879290165,0.11984636564009611
45156972,A3_everyday_tenderness,-0.4573898811956029,-0.34708201701156105
45857023,A3_everyday_tenderness,1.7336505180239343,0.09153121273074899
46142566,A3_everyday_tenderness,1.4372869671778739,-0.906411740874987
48572514,A3_everyday_tenderness,-1.2199088443450015,0.98672271500752
49571946,A3_everyday_tenderness,0.15030571969790282,0.9810029573419784
51208558,A3_everyday_tenderness,2.3065574966588254,0.6197612694391758
51778361,A3_everyday_tenderness,-1.1192812058057526,-0.1800459597639081
53490997,A3_everyday_tenderness,2.1025818482080525,-0.19014911247657457
53491020,A3_everyday_tenderness,1.37802173914082,-0.2298890948316011
53491063,A3_everyday_tenderness,1.2282343409453576,0.07760547184485583
54474410,A3_everyday_tenderness,-0.613579647470853,-0.84575360254598
55538972,A3_everyday_tenderness,-1.0729282207663224,-1.0569323452941706
55583305,A3_everyday_tenderness,-0.17090069814011719,2.7720164693888116
55590890,A3_everyday_tenderness,-0.27477255826451713,-0.4306157935185324
55738401,A3_everyday_tenderness,-0.2209631851924328,-0.05351232875526117
55817097,A3_everyday_tenderness,-0.17600053266749655,0.35204215648814474
55849103,A3_everyday_tenderness,-0.8189788184440391,-0.4315873449690379
56916467,A3_everyday_tenderness,-0.22814222389122846,0.013515891818124926
57200226,A3_everyday_tenderness,-0.6124408659373155,-0.29542244776091064
57216633,A3_everyday_tenderness,0.3800875392062794,0.7870601339998233
58013278,A3_everyday_tenderness,0.8949783786488356,-0.015568862437878707
58995736,A3_everyday_tenderness,-0.7858739571138678,-0.5124824936742801
60217302,A3_everyday_tenderness,-0.40547400175638443,-0.10099154715950706
60416566,A3_everyday_tenderness,-0.8595753230976,0.9390715182715881
60576722,A3_everyday_tenderness,-0.9171405681680459,-0.9287884785324926
60686882,A3_everyday_tenderness,-0.4958796122894168,-0.09279054477335626
60797616,A3_everyday_tenderness,-3.4554705676337023,5.806663540405565
60809640,A3_everyday_tenderness,-0.3013414047263746,0.033168700455010094
61229235,A3_everyday_tenderness,0.0427452035258145,0.21969553556371665
61273778,A3_everyday_tenderness,-0.18759896796189746,-0.22508478392906686
62316382,A3_everyday_tenderness,0.12789115783232302,-0.4149863583112659
62322599,A3_everyday_tenderness,0.020207283942783216,-0.17277842831518556
62626163,A3_everyday_tenderness,-0.24840491982661508,-0.3088957936319937
63046139,A3_everyday_tenderness,-1.4976859114395786,-0.5696693041646385
63095160,A3_everyday_tenderness,0.14700301191890397,-0.3726667092574771
63130875,A3_everyday_tenderness,0.2008756590092441,-0.17048715182552865
63830782,A3_everyday_tenderness,-1.1687095746007998,-1.1526653136865375
75599070,A3_everyday_tenderness,1.2325246278335382,-0.3316704157669322
8686068,A3_everyday_tenderness,-0.8507073275110901,-1.2411134441843241
104659050,B1_attraction_chemistry,-0.719333718148851,3.9302452682670603
11266880,B1_attraction_chemistry,1.7074775611435258,-1.3112597552318852
123257687,B1_attraction_chemistry,0.11529592637162836,-1.033530315350829
123446478,B1_attraction_chemistry,-0.37950612647810933,-0.0026975810263440082
127305713,B1_attraction_chemistry,0.7426734630948927,-1.5577422753608323
149105520,B1_attraction_chemistry,5.440154185028582,-0.510555968262244
15197,B1_attraction_chemistry,0.9879082170469577,1.2123791492470362
161913,B1_attraction_chemistry,-3.8312582672698285,-0.800861960098591
17561022,B1_attraction_chemistry,-3.800262492411496,0.0719702343963321
1756703,B1_attraction_chemistry,1.9441388891341251,-2.6782425603662126
18692741,B1_attraction_chemistry,-3.8435000642009856,-0.14641017181003493
201413413,B1_attraction_chemistry,-3.53375059666844,-0.837931666580621
20346544,B1_attraction_chemistry,-4.486695547296346,-1.4266826928922622
208153130,B1_attraction_chemistry,3.1679844221538462,3.7808316187186515
21787,B1_attraction_chemistry,-4.384443294743457,-0.13856238238609683
22609391,B1_attraction_chemistry,-0.7594748954587771,-0.8064020042687541
22707536,B1_attraction_chemistry,3.8146180197540693,-1.1941705612747626
23518136,B1_attraction_chemistry,-4.367033591065872,-1.717986485009179
27394781,B1_attraction_chemistry,-3.872357091738738,-0.16243744155563206
28675670,B1_attraction_chemistry,1.0194969038393327,-0.10626196839492928
28869598,B1_attraction_chemistry,-2.2463733386056854,-2.042366484186486
28963772,B1_attraction_chemistry,0.575394231205607,-1.090550319698563
29424551,B1_attraction_chemistry,-0.1300555304012403,-0.730420357503423
29939161,B1_attraction_chemistry,5.220604102702544,-2.037176021166919
30291077,B1_attraction_chemistry,-3.5843908311187436,-0.41072587824569645
30618705,B1_attraction_chemistry,-3.665365845445334,0.03670568018721208
30627346,B1_attraction_chemistry,-2.6659229696133724,-1.5588092785960301
306364,B1_attraction_chemistry,2.620235323879117,-2.5446761836012954
31276376,B1_attraction_chemistry,-1.1656397866830945,0.1440913782685726
31424202,B1_attraction_chemistry,1.6490502777325695,2.0004064997950755
31625455,B1_attraction_chemistry,-0.9937759842702828,-0.12212233478010505
32195234,B1_attraction_chemistry,0.7237778726561965,2.6341454542884963
33743772,B1_attraction_chemistry,0.15925505174058363,-0.15968293209687381
34272677,B1_attraction_chemistry,10.621092856415112,-0.525892063851649
34322023,B1_attraction_chemistry,-1.1147007692177926,-1.17128898562591
34438741,B1_attraction_chemistry,2.9168029064260774,3.9083329154329167
34812836,B1_attraction_chemistry,-0.6041389059854917,-1.3431380262515265
35008850,B1_attraction_chemistry,1.6732966689996671,0.8704101256672322
35053870,B1_attraction_chemistry,1.0542340826209375,-1.3553313617433023
35109856,B1_attraction_chemistry,-0.9944824449266513,-1.0350426715429977
36429604,B1_attraction_chemistry,-3.2858496718740025,-3.630074602942044
36437212,B1_attraction_chemistry,4.584831394139182,-0.5729881511745182
36512901,B1_attraction_chemistry,-4.05606864294343,-0.8500759466318257
36564103,B1_attraction_chemistry,4.377494646007081,-0.7154959206011211
36600859,B1_attraction_chemistry,-3.777850043077878,-1.1131390571875204
36662463,B1_attraction_chemistry,-4.541494962066331,2.5438876332211513
40131614,B1_attraction_chemistry,4.448762483614076,-0.5637636285343262
4066312,B1_attraction_chemistry,1.803344229222675,-2.478741704489977
40727118,B1_attraction_chemistry,0.18033349755783548,-1.6212988639714976
42427664,B1_attraction_chemistry,3.070057749901068,-1.8460291454452982
43728457,B1_attraction_chemistry,-4.433038765019159,-0.283168246808801
44099084,B1_attraction_chemistry,-0.9830738247734776,1.0404642518080336
44168447,B1_attraction_chemistry,-3.7025637014000234,-0.390026520457209
45156972,B1_attraction_chemistry,4.28389188991848,-1.8195065975557667
45857023,B1_attraction_chemistry,-3.6621204948900616,0.41471399356281147
46142566,B1_attraction_chemistry,-4.35217632728906,2.078639296586413
48572514,B1_attraction_chemistry,-0.9073684453083596,-1.6713928279919987
49571946,B1_attraction_chemistry,5.077626529117587,-0.0248978903128184
51208558,B1_attraction_chemistry,-4.7599283253409155,1.402192206091731
51778361,B1_attraction_chemistry,2.1214317770677704,0.07038013654439285
53490997,B1_attraction_chemistry,-3.3189166326890223,-0.3062023554957866
53491020,B1_attraction_chemistry,-3.0225383387041633,-2.602717784841596
53491063,B1_attraction_chemistry,-0.19514649142788326,7.324588325513663
54474410,B1_attraction_chemistry,2.309250204498539,3.82512158927222
55538972,B1_attraction_chemistry,1.267835085894838,-0.2772242761055228
55583305,B1_attraction_chemistry,1.8794265461587865,-0.7185305360581978
55590890,B1_attraction_chemistry,1.1923350913500508,-0.5717641975761026
55738401,B1_attraction_chemistry,0.045727581168466834,2.0286683815003075
55817097,B1_attraction_chemistry,0.7692273907830048,-0.9919439825882461
55849103,B1_attraction_chemistry,0.8674013420020433,-0.14764913697244064
56916467,B1_attraction_chemistry,-0.3487436571649281,0.4389780423327964
57200226,B1_attraction_chemistry,3.6363699286979196,-1.5871458792653204
57216633,B1_attraction_chemistry,-1.030677721758943,-0.8806508579376171
58013278,B1_attraction_chemistry,2.2313789394743457,6.782915127600887
58995736,B1_attraction_chemistry,-1.1059164072859786,-0.4242080707126252
60217302,B1_attraction_chemistry,0.3445780849772952,-0.9341291751740863
60416566,B1_attraction_chemistry,4.063565485161711,0.27662885868110554
60576722,B1_attraction_chemistry,-0.12486273327123876,1.410602773506296
60686882,B1_attraction_chemistry,-1.0214296613059473,-0.9389784037730311
60797616,B1_attraction_chemistry,-0.7266548693278035,1.4995173274489735
60809640,B1_attraction_chemistry,1.1283101247483702,-0.533010678395703
61229235,B1_attraction_chemistry,0.3060713400022415,-1.210076703928688
61273778,B1_attraction_chemistry,0.4980932362159574,-0.12564426076924495
62316382,B1_attraction_chemistry,-3.371142843453217,3.310893329240785
62322599,B1_attraction_chemistry,1.046612508595666,1.9916867471954065
62626163,B1_attraction_chemistry,-0.3235726713847904,-0.5039549197544787
63046139,B1_attraction_chemistry,3.5347355163952927,-3.0099269285146852
63095160,B1_attraction_chemistry,-0.420744455410022,4.295942177757836
63130875,B1_attraction_chemistry,-1.4922380803919468,-0.3168302967853518
63830782,B1_attraction_chemistry,1.73155332284348,-1.2351305340562444
75599070,B1_attraction_chemistry,2.103087141992601,3.1333875665196467
8686068,B1_attraction_chemistry,1.0497558298554226,2.996550682916636
104659050,B2_emotional_intimacy,0.10373387327770478,-0.10959789796754382
11266880,B2_emotional_intimacy,-0.46935036816732856,0.07360772545641402
123257687,B2_emotional_intimacy,0.9248451418119878,0.06434902686237998
123446478,B2_emotional_intimacy,0.016427939609766552,-0.19571842779922147
127305713,B2_emotional_intimacy,-0.2993312539660384,0.06865012839785707
149105520,B2_emotional_intimacy,0.8949541455477178,0.44065363966636234
15197,B2_emotional_intimacy,0.547261801635345,0.28426239683226745
161913,B2_emotional_intimacy,-0.901729391138757,-0.38629111160689217
17561022,B2_emotional_intimacy,-1.6246783294580707,-0.0784102018217078
1756703,B2_emotional_intimacy,-0.8170965922653232,-0.0038149146120926404
18692741,B2_emotional_intimacy,-2.3431799461486493,-0.14092578749206372
201413413,B2_emotional_intimacy,-1.6697951117055567,-0.7617561745467644
20346544,B2_emotional_intimacy,-1.8251263837764975,0.058181249390287404
208153130,B2_emotional_intimacy,0.708473084408163,-0.43161410594765254
21787,B2_emotional_intimacy,-1.1115763284708826,0.2609076474803773
22609391,B2_emotional_intimacy,-0.19751739887387101,0.2970095117300493
22707536,B2_emotional_intimacy,0.9821472938663266,-0.4912800588499263
23518136,B2_emotional_intimacy,-1.3969117764310959,0.0404991818601239
27394781,B2_emotional_intimacy,-0.8346212358277598,-0.33660387026858524
28675670,B2_emotional_intimacy,0.3573051930681297,0.4878559055301745
28869598,B2_emotional_intimacy,-0.5203828964441454,1.1307423811025363
28963772,B2_emotional_intimacy,-0.15291663002702385,-0.24710419791152413
29424551,B2_emotional_intimacy,1.4221620312132783,1.0416941053080655
29939161,B2_emotional_intimacy,1.3620982312570702,-0.008647062394460576
30291077,B2_emotional_intimacy,-0.6248939731057479,0.6479948944084689
30618705,B2_emotional_intimacy,-2.1963972709078825,0.3540012071981182
30627346,B2_emotional_intimacy,-1.6021549717324366,0.15544330547224333
306364,B2_emotional_intimacy,0.1611563354051042,-0.22259834558596397
31276376,B2_emotional_intimacy,0.03494965623629692,-0.33453295393090243
31424202,B2_emotional_intimacy,0.22863801450101184,-0.3128061328874069
31625455,B2_emotional_intimacy,-0.05262690373176128,0.30318485072898155
32195234,B2_emotional_intimacy,0.23455362154058762,-1.041199234514534
33743772,B2_emotional_intimacy,0.5387410056739325,0.03451084311233352
34272677,B2_emotional_intimacy,-0.8488455034403303,0.6823514799758217
34322023,B2_emotional_intimacy,0.19759899448528795,0.050225644810114746
34438741,B2_emotional_intimacy,0.9043886259400279,-0.04787982497912217
34812836,B2_emotional_intimacy,1.542855170785177,-0.3550222087691951
35008850,B2_emotional_intimacy,0.7319031874379055,-0.436069653015468
35053870,B2_emotional_intimacy,-0.35928393407756104,0.06946363838204749
35109856,B2_emotional_intimacy,0.8792600529449199,-0.27857324669890393
36429604,B2_emotional_intimacy,-1.4779886056006322,-0.5800546798504813
36437212,B2_emotional_intimacy,4.348601784125724,-2.521371331286708
36512901,B2_emotional_intimacy,-1.2570294840907739,-0.5512631962974353
36564103,B2_emotional_intimacy,0.330497313120079,-0.35306880627564224
36600859,B2_emotional_intimacy,-0.8494990901726417,-1.0121531427250379
36662463,B2_emotional_intimacy,-0.8513773018005033,0.3148946736481633
40131614,B2_emotional_intimacy,1.0994859901711733,-0.39109267631386546
4066312,B2_emotional_intimacy,0.0762437350660992,0.08337646369879433
40727118,B2_emotional_intimacy,-0.15785110358047194,0.5192214202400942
42427664,B2_emotional_intimacy,0.5439695932851314,0.3346723585838024
43728457,B2_emotional_intimacy,-1.5609866205221832,0.3122941966864588
44099084,B2_emotional_intimacy,0.4948879416259538,0.04825958484928484
44168447,B2_emotional_intimacy,-1.263798926969627,-0.22387822490595163
45156972,B2_emotional_intimacy,0.25760301875132646,-0.6462958563064135
45857023,B2_emotional_intimacy,-1.151224184932205,0.4972919402737152
46142566,B2_emotional_intimacy,-0.8599310743142076,-0.7815382858641325
48572514,B2_emotional_intimacy,0.47883274786483265,0.16243840315810334
49571946,B2_emotional_intimacy,0.07487862677680514,-0.053070078089904195
51208558,B2_emotional_intimacy,-1.5572120284326187,0.3723237400591763
51778361,B2_emotional_intimacy,4.001961425848429,-1.4277108570302752
53490997,B2_emotional_intimacy,-1.0052001340187562,0.13317228346128776
53491020,B2_emotional_intimacy,-1.1688302658271572,-0.03992982841501955
53491063,B2_emotional_intimacy,-2.4844578767457377,-1.143774175270741
54474410,B2_emotional_intimacy,1.7551466447234765,-0.6002806314838148
55538972,B2_emotional_intimacy,1.63672180604554,-0.3438451850799443
55583305,B2_emotional_intimacy,0.9704507541676545,-0.28374099610311826
55590890,B2_emotional_intimacy,1.509565991373151,-0.09648225578595103
55738401,B2_emotional_intimacy,0.047045258057607876,-0.45425295778607205
55817097,B2_emotional_intimacy,0.5598297412306704,0.5091151316573569
55849103,B2_emotional_intimacy,2.3918968564754524,0.673365628662573
56916467,B2_emotional_intimacy,0.2224283221192474,-0.03839173084728891
57200226,B2_emotional_intimacy,0.35592782804882006,-0.507009799601676
57216633,B2_emotional_intimacy,-0.15872333827393903,0.44423855891572117
58013278,B2_emotional_intimacy,-1.397564948948261,0.1422165964663157
58995736,B2_emotional_intimacy,0.8367193746359328,0.3013693268194799
60217302,B2_emotional_intimacy,1.49950164430415,-0.09631992745079244
60416566,B2_emotional_intimacy,-0.2333373792374746,1.6306506932059774
60576722,B2_emotional_intimacy,1.1746920108656373,-0.9267993678788097
60686882,B2_emotional_intimacy,0.19601180737286772,0.7278918792272352
60797616,B2_emotional_intimacy,1.0560685131808158,8.033969206118478
60809640,B2_emotional_intimacy,-0.4523489662541187,-0.4249823469278636
61229235,B2_emotional_intimacy,0.2928766704259256,0.15076066196888627
61273778,B2_emotional_intimacy,-0.530929729423583,-0.17352250322339233
62316382,B2_emotional_intimacy,-1.1989299229427661,-0.624587828392144
62322599,B2_emotional_intimacy,-0.6823502589609317,-0.3254268995978827
62626163,B2_emotional_intimacy,-0.29243774584945376,-0.16400448767507858
63046139,B2_emotional_intimacy,2.436748110143025,1.4731906184923123
63095160,B2_emotional_intimacy,-0.49424987105062396,0.1319194790046844
63130875,B2_emotional_intimacy,-0.5181579330421742,0.16214697920749951
63830782,B2_emotional_intimacy,1.2729556352954896,-0.405022286235639
75599070,B2_emotional_intimacy,-2.440501424607306,-1.5538001994363706
8686068,B2_emotional_intimacy,1.1983318695481109,-0.7402526343730461
104659050,C_explicit_eroticism,0.04896577866600759,1.561081867185737
11266880,C_explicit_eroticism,-1.5608309075963778,-1.107223491884639
123257687,C_explicit_eroticism,-0.5895924681897319,-0.9340193658087836
123446478,C_explicit_eroticism,-0.2732933333555574,0.5315637469462458
127305713,C_explicit_eroticism,-0.6121586504188985,-0.4797396551088335
149105520,C_explicit_eroticism,-2.3677962617050694,0.19928589170090774
15197,C_explicit_eroticism,0.1378738019783553,2.5545920659006676
161913,C_explicit_eroticism,2.50421946973002,-0.936898537898191
17561022,C_explicit_eroticism,3.8905988464979755,-0.3256813315984126
1756703,C_explicit_eroticism,-1.3947768886840701,-0.5117372853167693
18692741,C_explicit_eroticism,3.484524892870208,-0.46042626446387663
201413413,C_explicit_eroticism,3.135040300044039,-0.9732850545955017
20346544,C_explicit_eroticism,4.247174987421153,-0.4153564376978345
208153130,C_explicit_eroticism,-1.6488621403444998,1.2924650499261277
21787,C_explicit_eroticism,5.14012868870461,0.5925557465932604
22609391,C_explicit_eroticism,-0.041836947892768254,-0.37348170470038616
22707536,C_explicit_eroticism,-5.6349578265177955,1.4886647486366464
23518136,C_explicit_eroticism,4.0038517125847255,-0.24605735364901446
27394781,C_explicit_eroticism,4.020306121501563,-1.1809638144534225
28675670,C_explicit_eroticism,-1.785779902399053,-0.6510053755991346
28869598,C_explicit_eroticism,1.738308390847996,-1.6152069478687887
28963772,C_explicit_eroticism,-1.5855555475909349,-0.9412275321371929
29424551,C_explicit_eroticism,-0.7835703504753044,-0.30703550032109655
29939161,C_explicit_eroticism,-2.23779308012113,-0.28931301040689655
30291077,C_explicit_eroticism,3.1697329487154495,-0.47816191184939266
30618705,C_explicit_eroticism,3.7381101186389745,-0.11364318342171631
30627346,C_explicit_eroticism,2.569914801865733,-0.9940975364312395
306364,C_explicit_eroticism,-0.7026634139931139,-0.5656100342877024
31276376,C_explicit_eroticism,-0.7438717174406207,-1.2386938234077502
31424202,C_explicit_eroticism,-2.5840023644212606,3.2985913910466396
31625455,C_explicit_eroticism,-0.6705401212837262,-0.7912448935252633
32195234,C_explicit_eroticism,-0.3116977184147028,4.652893695913111
33743772,C_explicit_eroticism,-1.0262067448163203,-0.6068761325848244
34272677,C_explicit_eroticism,-6.0769645007192175,3.563832476982899
34322023,C_explicit_eroticism,0.28237141473386845,-0.08703431087648009
34438741,C_explicit_eroticism,-1.5412634842872817,1.528955697749599
34812836,C_explicit_eroticism,-0.15881081369549405,-0.2445916288377391
35008850,C_explicit_eroticism,-0.6723545185865797,-0.07921504226035755
35053870,C_explicit_eroticism,-0.3898156181144689,-0.878263932999731
35109856,C_explicit_eroticism,-0.7418536760978772,-0.6661047083734686
36429604,C_explicit_eroticism,2.1115503277114622,-1.760475333658101
36437212,C_explicit_eroticism,-5.427269478922372,-0.7655882180777526
36512901,C_explicit_eroticism,4.149503396270418,0.7564293462324287
36564103,C_explicit_eroticism,-2.065628434829373,-1.512333987869412
36600859,C_explicit_eroticism,2.96732636748955,-0.38873475971297006
36662463,C_explicit_eroticism,3.773874717041863,0.5735352473989956
40131614,C_explicit_eroticism,-2.3875342892120774,0.23178087523249002
4066312,C_explicit_eroticism,-0.4920400889145645,-0.16452558922950367
40727118,C_explicit_eroticism,-0.7830052721251063,-0.5848164341501761
42427664,C_explicit_eroticism,-1.3722669901244837,-0.5560040678656091
43728457,C_explicit_eroticism,3.708881050530267,-0.5269754559361457
44099084,C_explicit_eroticism,-0.03772531128050222,-0.6061466196332566
44168447,C_explicit_eroticism,3.832770208223801,0.384222757659607
45156972,C_explicit_eroticism,-1.9324621526718755,-1.1474274371213968
45857023,C_explicit_eroticism,3.602927252018581,-0.01732352174617388
46142566,C_explicit_eroticism,3.362607162970527,-0.5821751121234245
48572514,C_explicit_eroticism,0.021412340271721175,-1.1612029529615462
49571946,C_explicit_eroticism,-2.7914451866536645,0.21321906137030014
51208558,C_explicit_eroticism,3.3041762876942053,-0.36989753877712706
51778361,C_explicit_eroticism,-1.5398336450207497,0.9759255062934161
53490997,C_explicit_eroticism,3.271922754213563,-1.1007621798256373
53491020,C_explicit_eroticism,3.1019309657952125,-0.6559293500761924
53491063,C_explicit_eroticism,0.3696087432953353,4.5032681116173325
54474410,C_explicit_eroticism,-1.4557180822498799,0.7883727648982303
55538972,C_explicit_eroticism,-0.04934996329845902,-0.5148235509327306
55583305,C_explicit_eroticism,-0.7451846986619635,0.5122867679792936
55590890,C_explicit_eroticism,-0.6640275319038335,0.6991287715228663
55738401,C_explicit_eroticism,-0.40956998156788826,1.2233761712247597
55817097,C_explicit_eroticism,-1.6556462525683242,-1.1036748717103266
55849103,C_explicit_eroticism,-1.7449278844346137,-0.9200203077705229
56916467,C_explicit_eroticism,-0.15542574084116484,-0.7803130469290683
57200226,C_explicit_eroticism,-1.4492369626700703,-0.9106686639893434
57216633,C_explicit_eroticism,-2.4740601671950335,-1.7968506247638665
58013278,C_explicit_eroticism,0.8161473017699087,3.8295454936781264
58995736,C_explicit_eroticism,-0.9948917636468213,-1.4230819466218363
60217302,C_explicit_eroticism,-1.1623068780326582,-1.0574669525821803
60416566,C_explicit_eroticism,-3.319595087474299,-0.5670058538555206
60576722,C_explicit_eroticism,-0.16204259988023104,-0.7220623340919313
60686882,C_explicit_eroticism,0.4394324807936222,-0.7147118604810081
60797616,C_explicit_eroticism,-1.2172857151736867,-0.7118824465760459
60809640,C_explicit_eroticism,-1.4831231498653628,-1.0720904968416471
61229235,C_explicit_eroticism,-0.7297511585499389,-0.40334014522530726
61273778,C_explicit_eroticism,-1.7478922910399317,-1.7374883077766436
62316382,C_explicit_eroticism,1.8519028341754926,1.6867745838036396
62322599,C_explicit_eroticism,-0.7797318949693017,1.3643068381775212
62626163,C_explicit_eroticism,-0.729202341084843,-0.24220475325559218
63046139,C_explicit_eroticism,-5.890975568789371,-3.1786256787316796
63095160,C_explicit_eroticism,0.3916666676937099,2.2583977124911203
63130875,C_explicit_eroticism,0.4585026933399121,1.103884675482758
63830782,C_explicit_eroticism,-2.164190189609794,-1.2259557161180887
75599070,C_explicit_eroticism,1.563099402196796,2.9508760857038983
8686068,C_explicit_eroticism,0.9398305221274621,4.154968770033585
104659050,D_power_wealth_luxury,-0.22532077430090838,1.9802715614666628
11266880,D_power_wealth_luxury,-0.38896266939811486,-0.8723211279334052
123257687,D_power_wealth_luxury,1.8827787421898032,-0.968046227417328
123446478,D_power_wealth_luxury,0.30829407791712954,1.2090325729860407
127305713,D_power_wealth_luxury,2.2296444343829758,-0.9025004548221496
149105520,D_power_wealth_luxury,0.59384560766404,-1.2327393383237235
15197,D_power_wealth_luxury,0.31421731932766317,-0.17345074740254413
161913,D_power_wealth_luxury,-0.8544876816848913,1.5581708589208763
17561022,D_power_wealth_luxury,-2.6506589145114234,0.4114692708687132
1756703,D_power_wealth_luxury,1.9888118084016166,-3.3975996151901726
18692741,D_power_wealth_luxury,-1.4030955555838425,0.23644181618847884
201413413,D_power_wealth_luxury,-2.9378288469735874,-0.30727793313265833
20346544,D_power_wealth_luxury,-5.853488875392397,2.8078827449403243
208153130,D_power_wealth_luxury,-0.6784775006693741,-1.6892061410175083
21787,D_power_wealth_luxury,-1.6846994454639814,0.9979461733446395
22609391,D_power_wealth_luxury,0.5373877062211783,-1.296642061112908
22707536,D_power_wealth_luxury,-0.509002903749273,-1.4962770704257804
23518136,D_power_wealth_luxury,-1.7664016153615916,1.2857112628183944
27394781,D_power_wealth_luxury,-1.6119282845003797,2.4919781489806727
28675670,D_power_wealth_luxury,0.33353337306563363,-0.3459995830208362
28869598,D_power_wealth_luxury,-1.6947988242158538,-0.6532572544268014
28963772,D_power_wealth_luxury,0.8820949517510396,-1.1577447914030492
29424551,D_power_wealth_luxury,-0.24732435307905773,0.7373761145390563
29939161,D_power_wealth_luxury,1.226945247184819,-2.876367755215506
30291077,D_power_wealth_luxury,-1.4062026303828994,-0.07339284208746823
30618705,D_power_wealth_luxury,0.5397645562440896,1.2051426127278209
30627346,D_power_wealth_luxury,-0.40225710133872755,0.5179128818604409
306364,D_power_wealth_luxury,5.6414412826453555,-3.758687226420632
31276376,D_power_wealth_luxury,1.550997276528272,2.0307133121854926
31424202,D_power_wealth_luxury,1.4228142961135284,0.6242013500237275
31625455,D_power_wealth_luxury,1.0435854906113569,0.14467536527054434
32195234,D_power_wealth_luxury,-1.0853383342333718,1.0181011978025656
33743772,D_power_wealth_luxury,-0.8034400611869479,0.3827059153125715
34272677,D_power_wealth_luxury,1.7661751510605697,0.7014335908577369
34322023,D_power_wealth_luxury,-0.03182938536881044,-0.8150030436302103
34438741,D_power_wealth_luxury,-1.258671963135811,-0.637159844614993
34812836,D_power_wealth_luxury,-0.22201424829534722,-0.22696586317173406
35008850,D_power_wealth_luxury,1.823701810144936,-0.6433643276037669
35053870,D_power_wealth_luxury,-0.37546589470407365,-0.2542011176613051
35109856,D_power_wealth_luxury,-0.6094119314631264,-1.5658695804135676
36429604,D_power_wealth_luxury,-0.3569498632090194,-1.3066589970157843
36437212,D_power_wealth_luxury,-0.4844043920213101,-2.6606283912008633
36512901,D_power_wealth_luxury,-0.458046708215208,2.199664153374063
36564103,D_power_wealth_luxury,0.7767323183709409,-2.381396601603992
36600859,D_power_wealth_luxury,-2.0122665485275006,0.028174687740825585
36662463,D_power_wealth_luxury,-2.4388877863570326,1.1764632174195737
40131614,D_power_wealth_luxury,0.14267502482316383,-1.5536883820168457
4066312,D_power_wealth_luxury,2.837521230674954,-1.1808861484601982
40727118,D_power_wealth_luxury,3.161986127688307,-0.40500492253241177
42427664,D_power_wealth_luxury,0.6184980739568828,-1.7684449178973778
43728457,D_power_wealth_luxury,-3.3619114561471477,1.2809428941440275
44099084,D_power_wealth_luxury,2.216678824176555,0.6681124465653089
44168447,D_power_wealth_luxury,-2.054325878481279,1.1926386096741652
45156972,D_power_wealth_luxury,-0.7381300024652254,-1.9610876020668118
45857023,D_power_wealth_luxury,-1.5723356150424779,-0.47284870685755337
46142566,D_power_wealth_luxury,-1.7302456978173923,0.6887272251498704
48572514,D_power_wealth_luxury,9.462383606696987,7.046176328763639
49571946,D_power_wealth_luxury,-0.680358467029324,-0.7024419577190543
51208558,D_power_wealth_luxury,-0.3092429217852415,2.1414899046960407
51778361,D_power_wealth_luxury,-0.1770861529901996,0.1255689886397655
53490997,D_power_wealth_luxury,-1.9847033963722944,1.008929866074184
53491020,D_power_wealth_luxury,-2.979897284317099,1.1650608652676704
53491063,D_power_wealth_luxury,-3.6855592039442446,0.09109433484337626
54474410,D_power_wealth_luxury,-1.0993177627539839,-0.8920869073255737
55538972,D_power_wealth_luxury,-1.7150964954590528,-0.5557409212791882
55583305,D_power_wealth_luxury,-0.5779594953084072,-1.4702372358351723
55590890,D_power_wealth_luxury,-0.5644333717159451,-0.26191427265937733
55738401,D_power_wealth_luxury,0.42028205909855476,0.8515361647751775
55817097,D_power_wealth_luxury,1.2201221769001678,-0.5404734083872039
55849103,D_power_wealth_luxury,0.14171039198214835,0.3521089243661256
56916467,D_power_wealth_luxury,2.106794026888696,0.02367958409746049
57200226,D_power_wealth_luxury,-1.2369281264988992,-1.6150008377150729
57216633,D_power_wealth_luxury,2.2599997833241594,0.9307013500444034
58013278,D_power_wealth_luxury,-1.9223659451179178,2.165765684697094
58995736,D_power_wealth_luxury,0.5761357497752645,-0.1570093435682397
60217302,D_power_wealth_luxury,0.4848487285566025,-1.2009074090812988
60416566,D_power_wealth_luxury,-0.3901696460119294,-1.1849745990305767
60576722,D_power_wealth_luxury,1.6402998059390828,-0.19358438060299896
60686882,D_power_wealth_luxury,2.924645172351264,0.7696186313341981
60797616,D_power_wealth_luxury,-0.696396035697489,-0.21515772487667678
60809640,D_power_wealth_luxury,0.9076242187228668,-2.1696883888444987
61229235,D_power_wealth_luxury,1.0955685400104977,-3.94632245414499
61273778,D_power_wealth_luxury,0.3589720369013707,-0.15462875339973361
62316382,D_power_wealth_luxury,1.2357547575184233,3.213423813372315
62322599,D_power_wealth_luxury,1.353438124761778,2.8214631569529907
62626163,D_power_wealth_luxury,0.10836760994293423,-0.9886972866099658
63046139,D_power_wealth_luxury,-0.9063379102820834,-1.6079165693957362
63095160,D_power_wealth_luxury,0.032984920536818535,1.1839562972333386
63130875,D_power_wealth_luxury,2.5754724222011967,1.548985029431393
63830782,D_power_wealth_luxury,0.7246496774019662,-0.9747949101627442
75599070,D_power_wealth_luxury,-0.7358271986732682,2.1019650271678616
8686068,D_power_wealth_luxury,0.10011261657916634,2.748882039818358
104659050,E_coercion_brutality_danger,1.0790519949751232,-0.3318619094109302
11266880,E_coercion_brutality_danger,1.6665023021265648,-0.11140672843423108
123257687,E_coercion_brutality_danger,0.7631115849561328,0.045143361784517916
123446478,E_coercion_brutality_danger,0.21996016218594427,-0.5619735974274396
127305713,E_coercion_brutality_danger,-0.14513979365670074,0.8199620262183029
149105520,E_coercion_brutality_danger,1.6525963513829038,0.009631679630449487
15197,E_coercion_brutality_danger,0.12952432106951584,0.22117002358330934
161913,E_coercion_brutality_danger,-0.5218435077350374,-0.897796799236234
17561022,E_coercion_brutality_danger,-1.9643605407818774,0.7500407040056994
1756703,E_coercion_brutality_danger,1.241139570768854,0.5502249901188943
18692741,E_coercion_brutality_danger,-2.5420632909228864,0.3494257174718571
201413413,E_coercion_brutality_danger,-2.476587080690582,-0.6597580342759769
20346544,E_coercion_brutality_danger,-2.3097938651627694,-0.0948171655370654
208153130,E_coercion_brutality_danger,1.6929996405497652,-0.39193711503928047
21787,E_coercion_brutality_danger,-2.131795772610657,0.6755423974393474
22609391,E_coercion_brutality_danger,-0.5693123056766196,-0.18461894421326205
22707536,E_coercion_brutality_danger,1.1146512570378264,0.9042305654737496
23518136,E_coercion_brutality_danger,-1.7460885564708635,1.909770943226052
27394781,E_coercion_brutality_danger,-1.8736770419933082,0.019580137114450665
28675670,E_coercion_brutality_danger,0.5640676026957403,-0.7066125513654632
28869598,E_coercion_brutality_danger,-1.0349940758905534,0.8245574001757785
28963772,E_coercion_brutality_danger,-1.0000462941493888,0.23599900886478445
29424551,E_coercion_brutality_danger,-0.6783864067353633,0.6251605734397074
29939161,E_coercion_brutality_danger,1.6910622727711717,-1.3650721000306014
30291077,E_coercion_brutality_danger,-1.732166839698646,1.6626695164062297
30618705,E_coercion_brutality_danger,-1.6390210543018624,-0.6251302627229567
30627346,E_coercion_brutality_danger,-2.069379070096433,-0.24048830114046102
306364,E_coercion_brutality_danger,1.2493048608586677,-0.23839792886605934
31276376,E_coercion_brutality_danger,0.873051328105923,0.014366251293042144
31424202,E_coercion_brutality_danger,0.5210288974607219,-0.15358510698288505
31625455,E_coercion_brutality_danger,-1.352925004463511,0.4687391231345028
32195234,E_coercion_brutality_danger,1.4015716872278914,1.443104282106338
33743772,E_coercion_brutality_danger,-0.18719587415756145,-0.2518706947981314
34272677,E_coercion_brutality_danger,0.6365068457378412,0.6304042513470796
34322023,E_coercion_brutality_danger,0.5149224723022949,-0.6965002268751173
34438741,E_coercion_brutality_danger,2.0775635767628247,0.12814477531065754
34812836,E_coercion_brutality_danger,-0.42863190581827826,-0.5577561158908187
35008850,E_coercion_brutality_danger,-0.013059420632562239,0.5667500239689108
35053870,E_coercion_brutality_danger,0.7113932676734185,-0.47632443664157165
35109856,E_coercion_brutality_danger,1.415225258394268,1.2881824543141833
36429604,E_coercion_brutality_danger,-2.0672366682900245,-0.21015207766528893
36437212,E_coercion_brutality_danger,-1.1026157087354418,1.9612879284889946
36512901,E_coercion_brutality_danger,-3.4543331192202396,-1.123748463874169
36564103,E_coercion_brutality_danger,1.1783389840449492,0.782268817586997
36600859,E_coercion_brutality_danger,-2.656026872710086,-0.6738796583516817
36662463,E_coercion_brutality_danger,-1.4177952810207683,0.45093077424036326
40131614,E_coercion_brutality_danger,1.6113095616926538,-0.3634894745094874
4066312,E_coercion_brutality_danger,-0.102303613877511,0.018964568243835633
40727118,E_coercion_brutality_danger,0.9020987852838528,4.360208385909913
42427664,E_coercion_brutality_danger,1.9808401013401418,1.3387150360626388
43728457,E_coercion_brutality_danger,-2.5242858425141983,-1.3334209490455757
44099084,E_coercion_brutality_danger,-0.3093547604510366,-0.6826419801522122
44168447,E_coercion_brutality_danger,-2.5745376548231067,0.01030849581693066
45156972,E_coercion_brutality_danger,0.9743039235611199,0.5742265910582547
45857023,E_coercion_brutality_danger,-1.961490885244957,0.6172837074997625
46142566,E_coercion_brutality_danger,-0.7508788550557077,-0.6122461269483559
48572514,E_coercion_brutality_danger,0.7807340668629955,0.8313452033673535
49571946,E_coercion_brutality_danger,0.6770825727718831,-0.35232491300692226
51208558,E_coercion_brutality_danger,-3.000855473868513,-1.8359796746127706
51778361,E_coercion_brutality_danger,0.4482260025467813,0.9904579416987369
53490997,E_coercion_brutality_danger,-0.48970686633607147,-1.3488045171509784
53491020,E_coercion_brutality_danger,-0.7355427421327717,-1.3704942626585923
53491063,E_coercion_brutality_danger,1.8207645965054167,-3.575056018647356
54474410,E_coercion_brutality_danger,1.5335932569154427,-1.5020962252554608
55538972,E_coercion_brutality_danger,1.094737122727131,0.8212137170430021
55583305,E_coercion_brutality_danger,0.795706653894372,-0.5186240282904471
55590890,E_coercion_brutality_danger,1.5026695098751859,0.1995222166267941
55738401,E_coercion_brutality_danger,-0.18807932668583557,0.1260848139529393
55817097,E_coercion_brutality_danger,4.408583997710775,0.19722956250756382
55849103,E_coercion_brutality_danger,0.030439749321249918,1.405259951023344
56916467,E_coercion_brutality_danger,-0.39675902163387733,0.575656063181855
57200226,E_coercion_brutality_danger,1.3299342252812962,-0.6247581653681094
57216633,E_coercion_brutality_danger,-0.6598760794750512,-0.5445823622873571
58013278,E_coercion_brutality_danger,-0.9275289937861843,-2.3745887918528132
58995736,E_coercion_brutality_danger,0.5658092812096915,-0.18299963639861894
60217302,E_coercion_brutality_danger,2.1518608553014076,-0.2820474934222431
60416566,E_coercion_brutality_danger,1.4258207751996,-0.8292570038990005
60576722,E_coercion_brutality_danger,1.5335469430216402,-1.7345276368331737
60686882,E_coercion_brutality_danger,0.4675576807615201,-0.20951664273449683
60797616,E_coercion_brutality_danger,0.688011564565852,-0.4237190659202011
60809640,E_coercion_brutality_danger,1.5563271989101304,-1.0601186693003908
61229235,E_coercion_brutality_danger,-0.1736037499507117,0.4431452379611472
61273778,E_coercion_brutality_danger,-0.5142241771752858,-0.42042018814178017
62316382,E_coercion_brutality_danger,-0.5062157090292366,-0.3692308128697268
62322599,E_coercion_brutality_danger,3.0889050654682886,-0.459991686882439
62626163,E_coercion_brutality_danger,0.30715577538881345,-0.5379580799988065
63046139,E_coercion_brutality_danger,-0.009413105170674502,0.704885334967353
63095160,E_coercion_brutality_danger,-0.1344015747167134,0.2107264773253998
63130875,E_coercion_brutality_danger,-0.20404015963110123,0.34317993789210605
63830782,E_coercion_brutality_danger,1.461200193726913,0.3648266391514976
75599070,E_coercion_brutality_danger,-1.6208931104172275,-0.019083923503815572
8686068,E_coercion_brutality_danger,-0.6323266453347022,2.6511389404361294
104659050,F1_sadness_grief,0.21060843990160272,1.5314109131403515
11266880,F1_sadness_grief,0.7682787942712842,2.1668689517948545
123257687,F1_sadness_grief,1.2275089043373777,-0.720850921974242
123446478,F1_sadness_grief,-0.0927887991448057,-0.17502731555250123
127305713,F1_sadness_grief,0.018739475248213698,-0.22227514261507192
149105520,F1_sadness_grief,2.589272436568366,0.25569540553452497
15197,F1_sadness_grief,0.5691620762956191,-0.40615381432779746
161913,F1_sadness_grief,-2.081707626459067,0.098201051735044
17561022,F1_sadness_grief,-2.113974222333688,0.442361389452779
1756703,F1_sadness_grief,1.4910152773254945,0.5839534769049174
18692741,F1_sadness_grief,-2.5755340165735783,-0.09652597039670087
201413413,F1_sadness_grief,-2.126720925183147,0.5896642735075527
20346544,F1_sadness_grief,-2.421738263001854,-0.7282969946694521
208153130,F1_sadness_grief,1.1562444609637912,0.5403995967040064
21787,F1_sadness_grief,-2.5200541143767983,0.2421553648529853
22609391,F1_sadness_grief,-0.6785375832289513,-0.3634588368186774
22707536,F1_sadness_grief,1.0953585604227778,-1.458642418949161
23518136,F1_sadness_grief,-2.6316049093843863,-0.313827794720997
27394781,F1_sadness_grief,-1.8319017980700043,0.10003014743872844
28675670,F1_sadness_grief,0.23550184341736272,0.296743905065789
28869598,F1_sadness_grief,-1.874425626722398,-0.35556698622002403
28963772,F1_sadness_grief,-0.3610434863705908,-0.71710858969053
29424551,F1_sadness_grief,-0.42801433958727847,-0.7816266454821711
29939161,F1_sadness_grief,1.1876725853359356,-0.32525692641103804
30291077,F1_sadness_grief,-2.712171227519925,0.0006873734817346561
30618705,F1_sadness_grief,-1.899828055281149,-0.24446811708731953
30627346,F1_sadness_grief,-2.2577083817152745,-0.3579927740334052
306364,F1_sadness_grief,0.869797036944402,0.9003293810806862
31276376,F1_sadness_grief,0.5648818946795111,0.8189681587779225
31424202,F1_sadness_grief,0.6722497173053639,0.41922053928232095
31625455,F1_sadness_grief,-0.5283875169523184,-0.9511599455360794
32195234,F1_sadness_grief,0.6100646799372076,1.734846962324982
33743772,F1_sadness_grief,0.08362466511951742,0.8979240396369772
34272677,F1_sadness_grief,1.7187043555710992,-1.772862298477447
34322023,F1_sadness_grief,-0.0702814099405886,-0.11712188181546355
34438741,F1_sadness_grief,2.5757211946505945,0.24754034545125195
34812836,F1_sadness_grief,-0.4467404417749704,-0.27459404576365504
35008850,F1_sadness_grief,0.9092641326289556,-0.4468559145896045
35053870,F1_sadness_grief,0.2455182246203081,0.179633822782191
35109856,F1_sadness_grief,0.21015179773711634,0.795661544616905
36429604,F1_sadness_grief,-2.082312148341671,-0.7274639054126139
36437212,F1_sadness_grief,1.5981034730192047,-2.0973685447814048
36512901,F1_sadness_grief,-3.282868639658802,-0.1758017352575891
36564103,F1_sadness_grief,1.269419365118515,-0.16549448836018668
36600859,F1_sadness_grief,-2.302746916090861,-0.7295888422738183
36662463,F1_sadness_grief,-2.294527545461506,0.602400048935569
40131614,F1_sadness_grief,2.2528694638721896,-0.44761889366752966
4066312,F1_sadness_grief,0.023874319354061053,-0.005308067727661299
40727118,F1_sadness_grief,1.121631608112086,0.11132013953892142
42427664,F1_sadness_grief,3.47329035298403,-0.3609050666050528
43728457,F1_sadness_grief,-2.3343363666092807,0.16752664570490833
44099084,F1_sadness_grief,0.42826996201717843,0.7311679704004034
44168447,F1_sadness_grief,-2.3769417514078874,0.017604865156431893
45156972,F1_sadness_grief,2.3573323171185394,-1.157866054434801
45857023,F1_sadness_grief,-2.3837890056175937,-0.09232671532977647
46142566,F1_sadness_grief,-2.2841314798570975,0.5449070199988297
48572514,F1_sadness_grief,0.3207045554800531,-0.13280126135140705
49571946,F1_sadness_grief,1.5417758040231384,0.699053370027726
51208558,F1_sadness_grief,-3.231162091768255,0.1263530661293791
51778361,F1_sadness_grief,1.3635842738349082,-0.6899569691438255
53490997,F1_sadness_grief,-1.707885993759109,0.5496535918477263
53491020,F1_sadness_grief,-1.5375436176669206,0.5936667320336935
53491063,F1_sadness_grief,0.7519976391555662,0.38019259492547797
54474410,F1_sadness_grief,1.387893288735195,-0.5171710302060882
55538972,F1_sadness_grief,0.9875036413915467,-0.12091198709273991
55583305,F1_sadness_grief,0.4360645148152158,0.8155393003661925
55590890,F1_sadness_grief,0.9665975307036946,1.639621644307247
55738401,F1_sadness_grief,1.1632234246446989,-0.6931307340572636
55817097,F1_sadness_grief,4.270028363925154,1.5794273121357232
55849103,F1_sadness_grief,-0.48421815992662154,-0.09685096587411784
56916467,F1_sadness_grief,0.7108393982674561,-0.6351697944166099
57200226,F1_sadness_grief,3.1992711226947956,-2.1416947803860915
57216633,F1_sadness_grief,-0.260307353237785,-0.4351792993933682
58013278,F1_sadness_grief,-0.2934226760465193,-0.9870474268072684
58995736,F1_sadness_grief,-0.36810964333437296,-0.02746653517094496
60217302,F1_sadness_grief,1.85420185564192,0.32108140729312046
60416566,F1_sadness_grief,1.0508130187292095,-0.7257009835167668
60576722,F1_sadness_grief,0.9606950877394445,2.882729534361948
60686882,F1_sadness_grief,0.698318380589608,0.23318576208811717
60797616,F1_sadness_grief,0.7282801045748144,-0.0041577826219136565
60809640,F1_sadness_grief,0.7632959705909,0.4392591819259035
61229235,F1_sadness_grief,0.942124282664812,-0.41033614332257207
61273778,F1_sadness_grief,-0.15287481485171797,-0.430507336612286
62316382,F1_sadness_grief,-0.9681702107094723,0.10232936161155726
62322599,F1_sadness_grief,1.179843754567689,1.7760296150504904
62626163,F1_sadness_grief,0.47704813643112176,-0.06224753004506932
63046139,F1_sadness_grief,0.5817061733159632,-0.7469893040812078
63095160,F1_sadness_grief,-0.3861139841246909,0.12243565523134481
63130875,F1_sadness_grief,0.012602304991263401,-0.4588503698070982
63830782,F1_sadness_grief,0.9847472698307551,0.40818553487592735
75599070,F1_sadness_grief,-1.955652868259987,-0.6678624445268246
8686068,F1_sadness_grief,1.472986698134296,-0.9125186700979063
104659050,F2_anger_frustration,-0.052672716576973456,-0.0915311016330116
11266880,F2_anger_frustration,-1.032465670432052,2.3955129062590297
123257687,F2_anger_frustration,0.6920829153749662,-0.30020713201347315
123446478,F2_anger_frustration,-0.6067597734772602,0.9672869758678885
127305713,F2_anger_frustration,1.0213627531704146,0.29113888754549794
149105520,F2_anger_frustration,-0.10458857995745954,1.1219254476388054
15197,F2_anger_frustration,1.6044572486730786,0.4082054266358299
161913,F2_anger_frustration,0.6608650821344652,-1.0964915281489898
17561022,F2_anger_frustration,-0.2070862387228053,-1.8144799593276493
1756703,F2_anger_frustration,-0.5608419809409468,-0.5694244239123943
18692741,F2_anger_frustration,0.715143446041501,0.23502177472054978
201413413,F2_anger_frustration,0.19758633145476934,-1.01860069948232
20346544,F2_anger_frustration,1.5481447679165263,-0.09513527032521263
208153130,F2_anger_frustration,-0.5457281377356605,-0.5195542967490704
21787,F2_anger_frustration,-0.23354804595300466,-0.17112738166572933
22609391,F2_anger_frustration,-0.3345556779369981,0.10625053943605467
22707536,F2_anger_frustration,-0.2823084986059976,-0.9158327729658957
23518136,F2_anger_frustration,3.4178686094291493,1.22826453274781
27394781,F2_anger_frustration,1.228799068482688,0.42540193637045354
28675670,F2_anger_frustration,-0.40475643025939384,1.7255367931617032
28869598,F2_anger_frustration,0.6271731968360382,-0.774572761506514
28963772,F2_anger_frustration,0.37040272775031974,0.1440412319934682
29424551,F2_anger_frustration,-0.19376934149230707,0.7517460078657214
29939161,F2_anger_frustration,-1.0059026285640844,1.0516620554556115
30291077,F2_anger_frustration,0.42599416415681646,0.12774101178040512
30618705,F2_anger_frustration,0.9748515412969732,-0.185577710600944
30627346,F2_anger_frustration,1.1733906238899279,0.08826797818753666
306364,F2_anger_frustration,0.5428773492043237,1.2800030090281687
31276376,F2_anger_frustration,0.003266990137283267,-0.17674783161881769
31424202,F2_anger_frustration,-1.0906570997433291,-0.2691554177592604
31625455,F2_anger_frustration,0.15552966906108337,-0.9118648696605736
32195234,F2_anger_frustration,-0.8233683216557971,-1.1945317421748352
33743772,F2_anger_frustration,-1.028432767437887,0.35607211981465114
34272677,F2_anger_frustration,-0.8951533288763873,-0.3934990631632696
34322023,F2_anger_frustration,-0.8947598739662238,-0.35602347968466697
34438741,F2_anger_frustration,0.004382752502621663,-0.798681077775339
34812836,F2_anger_frustration,0.36874443528667994,1.1586779055580871
35008850,F2_anger_frustration,0.6348439119359605,0.8001985447563663
35053870,F2_anger_frustration,0.055331192268662815,-0.6045826403310793
35109856,F2_anger_frustration,-0.071654587353203,-0.6856144977995294
36429604,F2_anger_frustration,0.5038966792693412,-2.0882560693157144
36437212,F2_anger_frustration,-0.9577918330925388,-0.2801761653152113
36512901,F2_anger_frustration,0.7496985808532732,-1.258770694719278
36564103,F2_anger_frustration,-1.0399593465441963,0.7348913897921195
36600859,F2_anger_frustration,0.44939111098738077,-2.2071856428063006
36662463,F2_anger_frustration,-0.12192694418809201,-0.12173531322935739
40131614,F2_anger_frustration,-0.6400591228706937,1.5091985716023264
4066312,F2_anger_frustration,1.1480043674159248,1.2025296122830142
40727118,F2_anger_frustration,-0.5968528607759759,-0.301038612773565
42427664,F2_anger_frustration,-1.821850421654352,1.8732647044194488
43728457,F2_anger_frustration,0.20919421381897188,-0.6694331052336971
44099084,F2_anger_frustration,-0.3623143925275782,-1.2635341588751035
44168447,F2_anger_frustration,-0.33297206083902425,-0.798118398809134
45156972,F2_anger_frustration,0.5631673605760903,0.2585956801564406
45857023,F2_anger_frustration,-0.9934637568695183,-0.7287904277582933
46142566,F2_anger_frustration,0.0046126901861532794,-1.0485441586744948
48572514,F2_anger_frustration,1.4815085369300802,0.8376305136227449
49571946,F2_anger_frustration,-1.8192085014587447,-0.31191671248325786
51208558,F2_anger_frustration,-0.38193262421617163,-0.006850583889270244
51778361,F2_anger_frustration,0.7995006756238334,-0.308218864359503
53490997,F2_anger_frustration,-0.23689768296422722,-1.0985229927434808
53491020,F2_anger_frustration,-0.06184635906325308,-0.9694143836466136
53491063,F2_anger_frustration,1.5262656837858164,-0.8120584841821374
54474410,F2_anger_frustration,-0.2258864528723324,-1.677089557299897
55538972,F2_anger_frustration,-1.073701900728798,-0.20652961208484413
55583305,F2_anger_frustration,0.8946754443643741,2.0649431546977137
55590890,F2_anger_frustration,-0.06966219237844672,-0.4267623456435197
55738401,F2_anger_frustration,1.7983747754977162,1.4428338461927632
55817097,F2_anger_frustration,-1.3365148619265796,-0.18285329202781886
55849103,F2_anger_frustration,-0.3676790768264878,-0.8253925911865031
56916467,F2_anger_frustration,0.7475080895935373,0.5047208484097968
57200226,F2_anger_frustration,-0.28250204740451323,1.1015793853016485
57216633,F2_anger_frustration,0.20308111367441983,1.4082164514210675
58013278,F2_anger_frustration,0.4015504105375719,-1.416609297435877
58995736,F2_anger_frustration,-0.3877975196811615,0.527834295094642
60217302,F2_anger_frustration,0.44857536585299457,0.08572862404888344
60416566,F2_anger_frustration,-2.6641873320418785,0.6210367787892951
60576722,F2_anger_frustration,0.691671167942955,0.25707950823318304
60686882,F2_anger_frustration,0.5263713783164132,0.1250889382242373
60797616,F2_anger_frustration,0.2696359292571751,-0.5835296152503965
60809640,F2_anger_frustration,1.217249351615499,0.2491889270607256
61229235,F2_anger_frustration,1.9991935108928893,1.0848091127753425
61273778,F2_anger_frustration,-0.228350575452677,1.144402754314635
62316382,F2_anger_frustration,-0.4258740438197925,-0.1303449652807617
62322599,F2_anger_frustration,-0.29987323629502527,-0.01093963065671882
62626163,F2_anger_frustration,0.59158631073705,-0.648609485758644
63046139,F2_anger_frustration,-1.5731071612283916,-1.0954545105279507
63095160,F2_anger_frustration,1.4279272033051242,0.7230100905403327
63130875,F2_anger_frustration,-1.2139128955785576,2.095291902899676
63830782,F2_anger_frustration,-0.5119098589036374,-0.6641777464899712
75599070,F2_anger_frustration,-4.274841468445998,1.3011732538635679
8686068,F2_anger_frustration,-0.4038524977024218,-0.7319103518113511
104659050,F3_anxiety_worry,-0.07974779386695675,-0.0952525858936689
11266880,F3_anxiety_worry,0.11942047806682606,-0.27364717039155406
123257687,F3_anxiety_worry,-0.4215112666374559,0.38504393070076925
123446478,F3_anxiety_worry,-0.21550280599519256,0.07189179462206342
127305713,F3_anxiety_worry,-0.5326744770852645,0.2591355852763612
149105520,F3_anxiety_worry,-0.2614313878443011,0.18072507823529332
15197,F3_anxiety_worry,1.544559214378299,2.3773487429539024
161913,F3_anxiety_worry,1.09683207078258,1.4961099434446654
17561022,F3_anxiety_worry,0.4573276680425975,-1.013661939380539
1756703,F3_anxiety_worry,-0.16270258969987036,-0.2438462087878109
18692741,F3_anxiety_worry,-0.5510707338975348,0.49258943787602527
201413413,F3_anxiety_worry,-0.8075104184061573,0.28020113646250544
20346544,F3_anxiety_worry,1.8675467749220427,-2.2466125412132145
208153130,F3_anxiety_worry,-0.1977501525792139,0.020628299211388423
21787,F3_anxiety_worry,-0.7248986182234155,0.1335104036335821
22609391,F3_anxiety_worry,0.5795194566274282,-0.8085900174563094
22707536,F3_anxiety_worry,-0.2659885322570361,0.11424446804614545
23518136,F3_anxiety_worry,-0.22126809522794605,0.5741908996294461
27394781,F3_anxiety_worry,-0.3828144996479106,0.22369817163500264
28675670,F3_anxiety_worry,-0.5191452218193245,-0.009714969350283452
28869598,F3_anxiety_worry,-0.44254756464060296,0.0631437034024935
28963772,F3_anxiety_worry,-0.4395696230667487,0.18433368025268315
29424551,F3_anxiety_worry,1.349197851101501,-1.3140450930987524
29939161,F3_anxiety_worry,-0.44447942526164314,-0.08639812372025364
30291077,F3_anxiety_worry,-0.5704270952969414,0.28633874623552646
30618705,F3_anxiety_worry,-0.7056115177873356,0.11842540815293466
30627346,F3_anxiety_worry,3.8093307507108656,-3.888624549121213
306364,F3_anxiety_worry,-0.3982995366126149,0.2631148164702247
31276376,F3_anxiety_worry,-0.022332277474578062,-0.31715614672411824
31424202,F3_anxiety_worry,1.342775611471615,1.9080183592984126
31625455,F3_anxiety_worry,0.7663244124500167,-0.7666662285072785
32195234,F3_anxiety_worry,4.854869203671305,5.891791094683594
33743772,F3_anxiety_worry,-0.03219342871899708,-0.12754656984968726
34272677,F3_anxiety_worry,-0.6954154532798987,0.14481964902106004
34322023,F3_anxiety_worry,-0.05839673030447204,-0.1832260474444585
34438741,F3_anxiety_worry,-0.30964212608757236,-0.012503167776520307
34812836,F3_anxiety_worry,1.9696629085059834,-2.3491349594614888
35008850,F3_anxiety_worry,-0.5017266773103266,0.121403565263481
35053870,F3_anxiety_worry,-0.08723005745767719,-0.2705475969515751
35109856,F3_anxiety_worry,-0.1315515050386761,-0.40001671465975447
36429604,F3_anxiety_worry,-0.5784647912170995,0.07148827890625181
36437212,F3_anxiety_worry,-0.5763471881395392,0.00498260883329037
36512901,F3_anxiety_worry,-0.3705828810694421,0.2190778251398627
36564103,F3_anxiety_worry,-0.303760886269447,0.20657498087208576
36600859,F3_anxiety_worry,0.8250672063142453,-0.5596033629747017
36662463,F3_anxiety_worry,0.0026715531693531917,-0.6124136404565985
40131614,F3_anxiety_worry,-0.628012718940454,0.08056190765045382
4066312,F3_anxiety_worry,-0.47443114539221615,0.21893526367791025
40727118,F3_anxiety_worry,-0.5599103167613019,0.2434624560184782
42427664,F3_anxiety_worry,-0.41508874373605786,0.013316547344243578
43728457,F3_anxiety_worry,0.9837725818761562,-1.336545396216653
44099084,F3_anxiety_worry,0.20132594889363362,0.37284352665924647
44168447,F3_anxiety_worry,-0.7170625951352984,0.13339096306573203
45156972,F3_anxiety_worry,4.848682563516779,-0.6141834466926305
45857023,F3_anxiety_worry,-0.5610852201202197,0.12307611074713119
46142566,F3_anxiety_worry,-0.5248569412572427,0.1664146621357878
48572514,F3_anxiety_worry,1.1464297250716278,-1.6350727896377346
49571946,F3_anxiety_worry,-0.44529238410530214,0.15570961650964726
51208558,F3_anxiety_worry,-0.5300896847576879,0.2914847450306581
51778361,F3_anxiety_worry,-0.2612566306922662,-0.15503380174136852
53490997,F3_anxiety_worry,-0.44319557188365977,0.15134108186222514
53491020,F3_anxiety_worry,-0.44299839420793846,-0.048355570912730905
53491063,F3_anxiety_worry,-0.6587131612325093,0.09106837744930218
54474410,F3_anxiety_worry,-0.2010118933512351,0.13289393834838037
55538972,F3_anxiety_worry,-0.21375513288667225,-0.18800352953996344
55583305,F3_anxiety_worry,-0.09404775979405956,-0.44585526071177006
55590890,F3_anxiety_worry,0.015005295303283546,-0.42944800954825424
55738401,F3_anxiety_worry,-0.6993397404326316,0.07710466976780489
55817097,F3_anxiety_worry,-0.10143097373310886,-0.423620646951571
55849103,F3_anxiety_worry,-0.4758151389372621,0.13464328368950665
56916467,F3_anxiety_worry,-0.22571991304688688,0.08020759574545737
57200226,F3_anxiety_worry,1.6296837167212919,0.5785639614401706
57216633,F3_anxiety_worry,-0.33852653057576765,0.14412812036999856
58013278,F3_anxiety_worry,-0.7280957793931649,0.16203922115000877
58995736,F3_anxiety_worry,0.03934049258953032,-0.3966543573264684
60217302,F3_anxiety_worry,-0.6401410038028721,0.20155172749213493
60416566,F3_anxiety_worry,-0.7219248146389414,0.368288603118807
60576722,F3_anxiety_worry,-0.31943623697367973,-0.18989408611257222
60686882,F3_anxiety_worry,-0.4715245975036668,-0.05056435557198202
60797616,F3_anxiety_worry,-0.38956588205571285,0.43771613768668494
60809640,F3_anxiety_worry,-0.4290264631546039,0.06280442327397538
61229235,F3_anxiety_worry,-0.5115561428616489,0.1068486634052754
61273778,F3_anxiety_worry,-0.47166761291859927,-0.012681336342919113
62316382,F3_anxiety_worry,-0.1811741396996419,-0.24361070943845
62322599,F3_anxiety_worry,-0.09247672714561313,-0.21987613613082618
62626163,F3_anxiety_worry,-0.5357245109256812,0.12004686173445972
63046139,F3_anxiety_worry,-0.5638869325349483,0.09798656961067162
63095160,F3_anxiety_worry,-0.5519203762571937,0.11276269768116322
63130875,F3_anxiety_worry,-0.543490793241753,-0.0036924942632582673
63830782,F3_anxiety_worry,-0.22567396924752195,0.4647164301961006
75599070,F3_anxiety_worry,-0.6643960854243559,0.10325881989935072
8686068,F3_anxiety_worry,-0.38342746720639165,0.4523019693391168
104659050,G_courtship_rituals_gifts,0.38318748640499256,-0.5482191016120129
11266880,G_courtship_rituals_gifts,-0.04908098880233008,0.3396599516634881
123257687,G_courtship_rituals_gifts,-0.6266311725599284,0.051065012818345606
123446478,G_courtship_rituals_gifts,0.2048592921664783,0.3133548861085102
127305713,G_courtship_rituals_gifts,-0.44789155422892596,-0.7005446488123714
149105520,G_courtship_rituals_gifts,-0.8896427442045659,-0.014440045873254901
15197,G_courtship_rituals_gifts,0.4714543148282484,-0.6350980038065058
161913,G_courtship_rituals_gifts,0.31900731979339836,-0.6231009172407141
17561022,G_courtship_rituals_gifts,1.425759233101939,-0.5485684384059017
1756703,G_courtship_rituals_gifts,-1.0847175649964576,0.07259785250282862
18692741,G_courtship_rituals_gifts,0.9050984714397466,-1.1064976078894944
201413413,G_courtship_rituals_gifts,-0.23660366901625549,-0.46675902641715034
20346544,G_courtship_rituals_gifts,0.7771379078303652,-0.9430355553092634
208153130,G_courtship_rituals_gifts,-4.293936014069004,0.8881910872906981
21787,G_courtship_rituals_gifts,0.9033062918038977,-1.171965980055981
22609391,G_courtship_rituals_gifts,-2.365175256992285,0.25157586044008473
22707536,G_courtship_rituals_gifts,-0.5903112750326531,0.22395114267245073
23518136,G_courtship_rituals_gifts,1.2024457299638598,4.210978705829035
27394781,G_courtship_rituals_gifts,3.2185612593941895,5.609935488146595
28675670,G_courtship_rituals_gifts,-0.27231872577002353,0.06782059141503291
28869598,G_courtship_rituals_gifts,0.6601643135916452,-0.1606872490118688
28963772,G_courtship_rituals_gifts,-0.8175987687029732,0.032855497467273266
29424551,G_courtship_rituals_gifts,0.2831792762626583,-0.3283680183585334
29939161,G_courtship_rituals_gifts,-1.1281920957350717,0.2617843237866059
30291077,G_courtship_rituals_gifts,0.9917083033224742,-0.10649337617487306
30618705,G_courtship_rituals_gifts,1.329403026878001,-0.17310203272669908
30627346,G_courtship_rituals_gifts,1.204305245898779,-0.1207375948885359
306364,G_courtship_rituals_gifts,-1.0104676518230902,0.023956979926866767
31276376,G_courtship_rituals_gifts,-0.6989726365561086,-0.4469812843091455
31424202,G_courtship_rituals_gifts,0.14365784407036797,-0.08502199436546923
31625455,G_courtship_rituals_gifts,0.3580690359024896,-0.06780976802054901
32195234,G_courtship_rituals_gifts,-0.0811519687882405,-1.2013380422708189
33743772,G_courtship_rituals_gifts,0.292863904062225,-0.7665947137673524
34272677,G_courtship_rituals_gifts,-0.674712731157595,0.09405234722811903
34322023,G_courtship_rituals_gifts,-0.11763550632482367,-0.2266283117164576
34438741,G_courtship_rituals_gifts,-0.5292826487348804,-0.366781352896034
34812836,G_courtship_rituals_gifts,-0.6492680257758832,0.26044749909348164
35008850,G_courtship_rituals_gifts,0.08304997854625878,-0.12362171362817491
35053870,G_courtship_rituals_gifts,0.018768598679373315,-0.1981458652821479
35109856,G_courtship_rituals_gifts,-0.3922789247632909,-0.2209998408928436
36429604,G_courtship_rituals_gifts,-0.20288739889547472,0.19847133988683693
36437212,G_courtship_rituals_gifts,-0.47586583635123497,-0.7934223652932072
36512901,G_courtship_rituals_gifts,0.6253519371356608,-0.4258122902534641
36564103,G_courtship_rituals_gifts,-4.031550729933338,1.280571881882398
36600859,G_courtship_rituals_gifts,-0.03248920015268633,-0.5152236161706072
36662463,G_courtship_rituals_gifts,1.844810093174387,-0.909699432013418
40131614,G_courtship_rituals_gifts,-0.481712174811961,-0.5000045357772367
4066312,G_courtship_rituals_gifts,-0.9980747952045358,-0.6270607120324955
40727118,G_courtship_rituals_gifts,-1.1133422269202085,0.44221355579600696
42427664,G_courtship_rituals_gifts,-0.6635584207797189,0.1310648437526514
43728457,G_courtship_rituals_gifts,1.521388303787165,-0.22884735106489343
44099084,G_courtship_rituals_gifts,1.0971911466143696,-0.5397199439970696
44168447,G_courtship_rituals_gifts,1.1435762223919366,-1.349978140247259
45156972,G_courtship_rituals_gifts,-0.7731513773332427,0.25971715081679464
45857023,G_courtship_rituals_gifts,0.8038772940636706,-0.44741686576164746
46142566,G_courtship_rituals_gifts,1.2510279672708982,0.6431700415804203
48572514,G_courtship_rituals_gifts,0.028559361440690878,0.288529223579111
49571946,G_courtship_rituals_gifts,-0.24897765950655176,-0.9338975967554122
51208558,G_courtship_rituals_gifts,1.913718112805254,-0.34144822870033076
51778361,G_courtship_rituals_gifts,0.49870476417014015,-0.42499918803831294
53490997,G_courtship_rituals_gifts,0.6870115423240939,-0.46036549674560334
53491020,G_courtship_rituals_gifts,0.6381936074337469,-0.7088374588155402
53491063,G_courtship_rituals_gifts,0.8210846733799501,-0.45815204356766986
54474410,G_courtship_rituals_gifts,-0.38510642246825727,-0.43628194121357794
55538972,G_courtship_rituals_gifts,-0.8897968069664357,-0.05300434597651804
55583305,G_courtship_rituals_gifts,-0.19666176756693243,0.6991159911196239
55590890,G_courtship_rituals_gifts,-0.2549981385533078,-0.3286417258628153
55738401,G_courtship_rituals_gifts,1.5815403125712397,-0.9076368033094936
55817097,G_courtship_rituals_gifts,-0.9865979016950477,0.6569560683792848
55849103,G_courtship_rituals_gifts,0.3694479374793832,0.957601795198154
56916467,G_courtship_rituals_gifts,0.8834573910159272,-0.17013024858500125
57200226,G_courtship_rituals_gifts,-2.3469879258871695,0.7143166831136443
57216633,G_courtship_rituals_gifts,-0.24572135269272377,0.3404102802474412
58013278,G_courtship_rituals_gifts,0.6640063807629298,0.1483573039324512
58995736,G_courtship_rituals_gifts,0.12582699556889443,-0.9058575645045799
60217302,G_courtship_rituals_gifts,-0.21721086095482114,0.3719408373920243
60416566,G_courtship_rituals_gifts,0.5062560580636375,1.9112270148515902
60576722,G_courtship_rituals_gifts,0.6637648989147634,-0.17941673773006975
60686882,G_courtship_rituals_gifts,-0.29669979961268284,-0.7590076299158124
60797616,G_courtship_rituals_gifts,0.6045015089843969,2.078551712998817
60809640,G_courtship_rituals_gifts,-0.41732968110748214,-0.26816221530906986
61229235,G_courtship_rituals_gifts,-0.5798850767798507,1.010764526257295
61273778,G_courtship_rituals_gifts,0.45733639394292824,0.33547286573283064
62316382,G_courtship_rituals_gifts,0.539862158230772,-1.1292005901024282
62322599,G_courtship_rituals_gifts,1.0867172724841887,1.4353992823916968
62626163,G_courtship_rituals_gifts,-0.03808226009370186,-0.3617315870900486
63046139,G_courtship_rituals_gifts,-1.488362210317585,0.21459403289360054
63095160,G_courtship_rituals_gifts,-0.39453559237578034,-0.21218874995649606
63130875,G_courtship_rituals_gifts,0.5533506361933942,0.15959235364482824
63830782,G_courtship_rituals_gifts,-0.7631224605990287,-0.2603057137255155
75599070,G_courtship_rituals_gifts,0.6315250162739235,-1.4956574602889638
8686068,G_courtship_rituals_gifts,-1.2394968188255857,1.5033830506997936
104659050,L_vices_addictions,0.8970386370810497,-0.34240456776911765
11266880,L_vices_addictions,-1.097599915146736,-0.3606438603600963
123257687,L_vices_addictions,-0.9772390987636261,0.2425869853628162
123446478,L_vices_addictions,0.13616106685194443,-0.6660964342759956
127305713,L_vices_addictions,-1.3183647301773203,-0.4535316823376235
149105520,L_vices_addictions,-2.0302919896690943,0.3039807390143171
15197,L_vices_addictions,-1.1455377754819507,0.49561407293267223
161913,L_vices_addictions,1.4474970256209447,-0.1618350793207856
17561022,L_vices_addictions,2.6348238760442895,1.2228812765083124
1756703,L_vices_addictions,-0.8110567783299644,-1.0303386963458014
18692741,L_vices_addictions,4.185239311279579,2.163570989249536
201413413,L_vices_addictions,0.4658052319976179,-1.5125299438607056
20346544,L_vices_addictions,5.302838531905186,1.4366187307332592
208153130,L_vices_addictions,-0.9770881063520739,-1.6385066095680787
21787,L_vices_addictions,2.130296368744348,-0.3920437038097888
22609391,L_vices_addictions,-0.10000675668616288,0.5916555812479388
22707536,L_vices_addictions,-3.0217922599771647,0.519020532130221
23518136,L_vices_addictions,2.297985635940192,-0.7204642753273018
27394781,L_vices_addictions,2.6716549336736612,-0.5931920276251369
28675670,L_vices_addictions,-0.8902382126811956,-0.22772377649424133
28869598,L_vices_addictions,0.9965543978743215,0.8993474328751061
28963772,L_vices_addictions,-0.9554246959780961,-1.8568996458392102
29424551,L_vices_addictions,0.1623075968085005,-2.1472838610223155
29939161,L_vices_addictions,-2.5800491564273824,0.3697816716591864
30291077,L_vices_addictions,2.5079557649794464,1.2750274286810288
30618705,L_vices_addictions,2.09099687190024,-0.36023750785100234
30627346,L_vices_addictions,2.1371198240733826,-0.11299278388755768
306364,L_vices_addictions,-1.8052279509756664,-0.5658987218368413
31276376,L_vices_addictions,-0.1629710036842117,-2.12123385148382
31424202,L_vices_addictions,-1.1346258069758877,0.21853541289073522
31625455,L_vices_addictions,0.26685431465127935,0.5830325991249923
32195234,L_vices_addictions,-0.0574901470740962,1.044468738718888
33743772,L_vices_addictions,-0.5525467383620046,1.2502647909846434
34272677,L_vices_addictions,-3.9718060554315753,-0.46069847726794805
34322023,L_vices_addictions,-0.7621463274164647,-0.3970620853435071
34438741,L_vices_addictions,-1.1274317017712538,-0.9299000746252611
34812836,L_vices_addictions,0.26662726603222814,0.49270271651605646
35008850,L_vices_addictions,-0.7723283156947056,1.2979702153567565
35053870,L_vices_addictions,-1.5168343893016398,1.186013852938643
35109856,L_vices_addictions,-1.4166299293925235,1.823957672711215
36429604,L_vices_addictions,0.7413701415309165,3.1953871697147496
36437212,L_vices_addictions,-2.2487314416526702,1.9082390755988292
36512901,L_vices_addictions,2.511569222295373,0.6637424572670197
36564103,L_vices_addictions,-2.531569717048605,-0.5268319005607411
36600859,L_vices_addictions,1.5273370521513852,0.10399913682737141
36662463,L_vices_addictions,1.955386065426552,1.0897460972257647
40131614,L_vices_addictions,-1.4345891709466472,-0.16439425930272464
4066312,L_vices_addictions,-1.8271400765763264,-0.09662921576079223
40727118,L_vices_addictions,-0.7735820194238847,0.445942781320283
42427664,L_vices_addictions,-2.6824083582627307,-0.0495325227864176
43728457,L_vices_addictions,3.834085080493414,0.2850287836776085
44099084,L_vices_addictions,0.7574939546743159,0.9631425892380441
44168447,L_vices_addictions,2.089984556421956,-0.7174639108543978
45156972,L_vices_addictions,-2.722672582212279,1.6118807967551598
45857023,L_vices_addictions,2.2003683175793487,0.3174967143632988
46142566,L_vices_addictions,2.31278920874211,0.010156462924053332
48572514,L_vices_addictions,-0.0769713917159943,-1.5497640901598457
49571946,L_vices_addictions,-1.2404994294385903,0.043588268714404646
51208558,L_vices_addictions,3.109674229338418,0.15629925540488454
51778361,L_vices_addictions,-0.16286214981550745,1.0359081063239055
53490997,L_vices_addictions,2.1004046307231854,-1.5452207199491161
53491020,L_vices_addictions,1.9719783318617623,-1.8471952013434596
53491063,L_vices_addictions,2.9834407778259258,-1.5745179946261603
54474410,L_vices_addictions,-0.667773888432146,-1.8366639715216913
55538972,L_vices_addictions,-0.7692074790018192,-1.644700979343074
55583305,L_vices_addictions,-0.5646985849202003,-3.1774362027825123
55590890,L_vices_addictions,-0.18244301985590533,-1.1403075755897227
55738401,L_vices_addictions,1.226080233334666,1.646538244811752
55817097,L_vices_addictions,-1.8779653545484325,-0.7710614647923953
55849103,L_vices_addictions,-0.37576709394751223,0.4017028910849237
56916467,L_vices_addictions,-0.7739987686630385,3.211154628346045
57200226,L_vices_addictions,-1.6279532205653549,0.2744557544717178
57216633,L_vices_addictions,-0.34770869057167747,-2.0727544152427884
58013278,L_vices_addictions,1.1042520843293913,0.20131903839819404
58995736,L_vices_addictions,0.9377999897460629,-0.6889955001695757
60217302,L_vices_addictions,-1.3699127690604984,-0.015323676875761374
60416566,L_vices_addictions,-1.5470952185363271,-0.6496019310265677
60576722,L_vices_addictions,-0.4471543894716689,2.771268319602449
60686882,L_vices_addictions,0.23159858277313586,-0.18795298015159362
60797616,L_vices_addictions,-0.6259334054525669,-0.27185519813583114
60809640,L_vices_addictions,-2.5313930557226105,0.5859517502380839
61229235,L_vices_addictions,-0.15781523452602939,-0.10422112781119612
61273778,L_vices_addictions,-0.07446982453146697,0.25902841717092123
62316382,L_vices_addictions,2.1060967775371546,-0.5604751484100163
62322599,L_vices_addictions,-1.2162845140182286,1.0726530308495088
62626163,L_vices_addictions,-0.6958903329352195,0.4776861487257205
63046139,L_vices_addictions,-2.452740105420511,-0.3269444974848035
63095160,L_vices_addictions,0.6784138248176632,-0.3280033666687527
63130875,L_vices_addictions,0.35926653558793337,-0.4053766157824803
63830782,L_vices_addictions,-2.04312066220582,-0.6462244690383565
75599070,L_vices_addictions,1.3594104323610487,-3.1686639801409546
8686068,L_vices_addictions,-1.4614768937788665,2.9702832238728485
104659050,M_health_recovery_growth,0.19870240155262073,-0.39057961566732746
11266880,M_health_recovery_growth,0.08639734954271612,0.15167790089539931
123257687,M_health_recovery_growth,0.17869612980897473,-0.6321715620740226
123446478,M_health_recovery_growth,0.46174728653573066,-0.9387294589916229
127305713,M_health_recovery_growth,-0.3377856747272893,-0.6585022468548248
149105520,M_health_recovery_growth,-1.739522567488571,0.5443224087363691
15197,M_health_recovery_growth,-0.3140602908267004,0.46093856805616334
161913,M_health_recovery_growth,1.785421627921868,1.8594602870948784
17561022,M_health_recovery_growth,1.4143756648807253,-0.08408477037653178
1756703,M_health_recovery_growth,-0.38893280268951813,-1.063559440504857
18692741,M_health_recovery_growth,1.4741287832514984,-0.37956915673978403
201413413,M_health_recovery_growth,1.2374332227663256,0.7424018756887031
20346544,M_health_recovery_growth,2.323501660099149,-0.19221968928850466
208153130,M_health_recovery_growth,-0.647966913788378,-1.265154580945028
21787,M_health_recovery_growth,2.8332921537930527,0.20633566693011582
22609391,M_health_recovery_growth,0.02554069675238279,0.222488628824316
22707536,M_health_recovery_growth,-1.148743229531972,-1.4738000883013154
23518136,M_health_recovery_growth,2.2669240095270036,-0.0010233775155857952
27394781,M_health_recovery_growth,2.5353856614126635,-1.041656035002261
28675670,M_health_recovery_growth,-0.002122309396765345,0.9098429366733194
28869598,M_health_recovery_growth,1.0021807713684274,-0.075367082460752
28963772,M_health_recovery_growth,-0.841880371842263,0.8641569855303509
29424551,M_health_recovery_growth,-0.30738128587197666,0.5169135096506897
29939161,M_health_recovery_growth,-1.145260827278721,0.5283069662274257
30291077,M_health_recovery_growth,1.1738690948220807,0.3665671668354273
30618705,M_health_recovery_growth,1.4458200382821498,-0.07208599879189358
30627346,M_health_recovery_growth,1.4281273992525045,0.03896170529391503
306364,M_health_recovery_growth,-0.9070386113733406,-0.9709872017477713
31276376,M_health_recovery_growth,0.42764755094876317,-0.7766042858780162
31424202,M_health_recovery_growth,-0.9433680208009405,0.03601103374915581
31625455,M_health_recovery_growth,0.2815217136919472,3.494509635406346
32195234,M_health_recovery_growth,0.05289655437291773,-0.0811588791806456
33743772,M_health_recovery_growth,0.26103636936629904,4.36447413304904
34272677,M_health_recovery_growth,-2.849458737835979,-2.6544239418925692
34322023,M_health_recovery_growth,-0.7029021326200138,0.6929194081015879
34438741,M_health_recovery_growth,-0.2968078045256626,-0.8355151989805326
34812836,M_health_recovery_growth,-0.19514510469004723,-0.21219128111040692
35008850,M_health_recovery_growth,-0.5031275748142073,0.05899015688519776
35053870,M_health_recovery_growth,0.058781930725304195,0.016678799109175624
35109856,M_health_recovery_growth,-0.25530806709486537,0.24896893040792373
36429604,M_health_recovery_growth,1.248864536267259,-0.6723427245462344
36437212,M_health_recovery_growth,-1.8769230828515053,-0.9545656626194011
36512901,M_health_recovery_growth,2.6256867410718883,-0.7093589198393813
36564103,M_health_recovery_growth,-1.816914635010662,0.4386809863445958
36600859,M_health_recovery_growth,0.5969037688166255,0.8135927952120682
36662463,M_health_recovery_growth,0.5821770558609732,-0.21635542274371927
40131614,M_health_recovery_growth,-1.6596601949411243,-0.3713213642196761
4066312,M_health_recovery_growth,0.1390761463175329,-0.2641336644032921
40727118,M_health_recovery_growth,0.22361297428975566,-2.0831908439101317
42427664,M_health_recovery_growth,-0.5040017993635573,1.103514000750862
43728457,M_health_recovery_growth,2.383852186190417,1.2248266829742607
44099084,M_health_recovery_growth,-0.738705210906356,0.5885275261829158
44168447,M_health_recovery_growth,1.6488322781105997,-0.47552434651892334
45156972,M_health_recovery_growth,-1.1489745949194132,-0.41776790400034236
45857023,M_health_recovery_growth,1.97829155057712,0.994699916993605
46142566,M_health_recovery_growth,1.195200763048808,-0.11805483380177484
48572514,M_health_recovery_growth,-0.696340498836534,0.017338564863826914
49571946,M_health_recovery_growth,-1.292592459236591,-0.3730543288260054
51208558,M_health_recovery_growth,2.260892091492791,-1.5314981821620077
51778361,M_health_recovery_growth,-0.9340451292374377,0.7317293758193695
53490997,M_health_recovery_growth,1.4599784480748739,-0.7546211951262078
53491020,M_health_recovery_growth,1.826601545037672,-1.7663002350802963
53491063,M_health_recovery_growth,-0.9081007145760545,0.4901839987781261
54474410,M_health_recovery_growth,-0.15323965819572927,-1.4547483858835977
55538972,M_health_recovery_growth,-0.42480341809321875,0.7962301859879681
55583305,M_health_recovery_growth,-0.14883451326912914,1.7633304726335004
55590890,M_health_recovery_growth,0.47579647126838487,2.2873957226940558
55738401,M_health_recovery_growth,-0.25927719713718006,0.6622975264693937
55817097,M_health_recovery_growth,0.0005046177742920401,0.05201240972390297
55849103,M_health_recovery_growth,-0.5469948957461858,0.6686546814573878
56916467,M_health_recovery_growth,-0.5155514279830603,-0.8735459287692079
57200226,M_health_recovery_growth,-4.139612859591125,2.109423823923769
57216633,M_health_recovery_growth,-0.4767046502745748,-0.318051389768134
58013278,M_health_recovery_growth,-0.6567591115440026,-1.1739180907335807
58995736,M_health_recovery_growth,-0.26587923214189235,1.1288325539995117
60217302,M_health_recovery_growth,0.05967582990939685,0.32469242659773706
60416566,M_health_recovery_growth,-1.675893575601846,0.22903689035603364
60576722,M_health_recovery_growth,-0.6911592240842349,1.3754372841401332
60686882,M_health_recovery_growth,-0.6187316529716356,-0.41337166136647857
60797616,M_health_recovery_growth,-1.7640448431918794,1.4106619941197382
60809640,M_health_recovery_growth,-0.36311850503934745,0.31696791631945437
61229235,M_health_recovery_growth,0.09956310538222017,-0.33379738519891294
61273778,M_health_recovery_growth,-0.5993832254089189,0.7183075959367538
62316382,M_health_recovery_growth,0.4205036191323308,-1.222798516887705
62322599,M_health_recovery_growth,-0.046503979291298465,-0.773189018229995
62626163,M_health_recovery_growth,-0.29491586028756117,0.015306439744864038
63046139,M_health_recovery_growth,-0.7753991460654722,-0.6200506222345599
63095160,M_health_recovery_growth,-0.778952348420806,-1.374666576438061
63130875,M_health_recovery_growth,-0.0018017480667468176,-0.9455020751931167
63830782,M_health_recovery_growth,-0.17119497481461224,0.15952277980211516
75599070,M_health_recovery_growth,-1.942808420614662,-2.854892785437571
8686068,M_health_recovery_growth,0.23519331561352022,0.11987470127111871
104659050,H_domestic_nesting,1.7569127109490121,0.32347476421952565
11266880,H_domestic_nesting,-0.3270103949865563,-1.3538544613704309
123257687,H_domestic_nesting,-0.3405510345324242,-1.8129632687610935
123446478,H_domestic_nesting,-0.9346230327434979,-1.8515450447668962
127305713,H_domestic_nesting,-0.3866455035725627,-0.7743480707082053
149105520,H_domestic_nesting,-6.764863182239335,-0.3201102314260314
15197,H_domestic_nesting,-1.0552404741990418,-0.9677879695918752
161913,H_domestic_nesting,3.3419759043922754,0.9634363992986258
17561022,H_domestic_nesting,4.817939359566433,-0.09412609651875688
1756703,H_domestic_nesting,-2.633150116835789,0.2662586694981144
18692741,H_domestic_nesting,6.569619421180125,1.6434757852739268
201413413,H_domestic_nesting,4.032811833364298,0.9706879422024159
20346544,H_domestic_nesting,6.404555996296494,2.734015148048337
208153130,H_domestic_nesting,-3.2301649811948696,2.8140496086996736
21787,H_domestic_nesting,6.894048932583027,-0.44172085759616225
22609391,H_domestic_nesting,-0.48779769878252704,-3.309379721650541
22707536,H_domestic_nesting,-3.322852653354582,-0.6843011119168536
23518136,H_domestic_nesting,6.012981469167545,-1.2090104833175774
27394781,H_domestic_nesting,5.339434806562475,-0.46424685101935076
28675670,H_domestic_nesting,-1.8387333923668445,-1.030285254697742
28869598,H_domestic_nesting,1.808320517813262,-0.9869219150981006
28963772,H_domestic_nesting,-2.2175765722786487,1.671657852780456
29424551,H_domestic_nesting,-0.25124997749161326,-1.6227609908159684
29939161,H_domestic_nesting,-7.124185984949217,-2.2211296509461
30291077,H_domestic_nesting,5.665638744035089,0.003890747113494303
30618705,H_domestic_nesting,4.704287951611619,0.8574340514896245
30627346,H_domestic_nesting,2.76424009028042,1.4182732399131153
306364,H_domestic_nesting,-3.729745787570677,-0.43693155672295725
31276376,H_domestic_nesting,-0.07268728072963511,-0.8960804391704088
31424202,H_domestic_nesting,-2.7453513695354737,-1.729524098863701
31625455,H_domestic_nesting,0.44150630430048177,-2.221495847729518
32195234,H_domestic_nesting,0.817390976363745,-3.1162070356019234
33743772,H_domestic_nesting,1.573056589006036,-1.2095558760266183
34272677,H_domestic_nesting,-5.165135180659622,1.3732903483884993
34322023,H_domestic_nesting,-0.29525177565284433,-5.573486047528852
34438741,H_domestic_nesting,-2.934325050558825,2.7527330115102147
34812836,H_domestic_nesting,-0.3125486957446508,-2.924118887343332
35008850,H_domestic_nesting,-1.769177716095204,-0.156843167868197
35053870,H_domestic_nesting,-1.8791421317293417,2.3626841732921613
35109856,H_domestic_nesting,-0.3976325331139169,-5.917645876690919
36429604,H_domestic_nesting,2.3544756075593973,2.6914794326722826
36437212,H_domestic_nesting,-9.073405108941236,-2.954935492396415
36512901,H_domestic_nesting,6.425045156114545,1.503511913597122
36564103,H_domestic_nesting,-6.057230457672296,1.8542717967037254
36600859,H_domestic_nesting,5.143523462146724,1.3218080466910114
36662463,H_domestic_nesting,3.7254006477468655,-0.2579440227521375
40131614,H_domestic_nesting,-3.710515204737046,-0.7327055801621706
4066312,H_domestic_nesting,-2.976474751579222,-0.03587356561366163
40727118,H_domestic_nesting,0.5073867601788433,-1.2527237016340977
42427664,H_domestic_nesting,-3.304676689355759,-1.69354262470166
43728457,H_domestic_nesting,5.026515556217813,1.7526024301744063
44099084,H_domestic_nesting,-0.19953326835615173,-0.645353471140737
44168447,H_domestic_nesting,6.060083571328809,-0.03595720241502447
45156972,H_domestic_nesting,-6.35398561905441,8.403212935450423
45857023,H_domestic_nesting,6.578003211957795,-0.36021845198885055
46142566,H_domestic_nesting,4.217137662685747,-0.31037238333287936
48572514,H_domestic_nesting,-2.267413209716608,0.4648088457754812
49571946,H_domestic_nesting,-2.7420216287078243,0.2879877532175796
51208558,H_domestic_nesting,6.003640409256302,0.6492369256634442
51778361,H_domestic_nesting,-2.579123236601207,-1.5611740816865425
53490997,H_domestic_nesting,5.139327807104238,0.789355839305754
53491020,H_domestic_nesting,5.19566421283894,2.1484334234332327
53491063,H_domestic_nesting,4.245674358527151,0.8012430312011478
54474410,H_domestic_nesting,-3.6701253887273695,2.438875483615804
55538972,H_domestic_nesting,-2.8333816927132234,-0.9399140384782001
55583305,H_domestic_nesting,-3.063756387687315,-1.5243934447617873
55590890,H_domestic_nesting,-0.6055062166012257,-1.4493136318991477
55738401,H_domestic_nesting,0.12801280374206425,-2.18597064324159
55817097,H_domestic_nesting,-1.2823413162351749,-1.173635709992098
55849103,H_domestic_nesting,-1.428445324264328,-0.5456632008985406
56916467,H_domestic_nesting,-1.1613586833642695,-0.4040562674336927
57200226,H_domestic_nesting,-6.049201570807053,11.884814523421062
57216633,H_domestic_nesting,-1.2500734000533011,0.2753750012430406
58013278,H_domestic_nesting,0.41739906581015096,2.537466160023622
58995736,H_domestic_nesting,-1.770438724737043,0.9911250646933591
60217302,H_domestic_nesting,-0.8002685289194618,-2.592515075326473
60416566,H_domestic_nesting,-1.4658132048293173,0.03698773681762478
60576722,H_domestic_nesting,-1.8922650468255495,-1.392418343687306
60686882,H_domestic_nesting,-2.1486731992091235,-0.7425619590614866
60797616,H_domestic_nesting,-0.6409064713547215,-0.3632062836929458
60809640,H_domestic_nesting,-4.277835539710022,1.2411038142735138
61229235,H_domestic_nesting,0.23797983708360965,0.3372402664592817
61273778,H_domestic_nesting,-1.2244907685015813,0.839191969665218
62316382,H_domestic_nesting,3.4164491327983892,1.3858788910604323
62322599,H_domestic_nesting,-0.416827926723706,0.45850466723982275
62626163,H_domestic_nesting,-1.332744806270415,2.4283794190424732
63046139,H_domestic_nesting,-4.489472488433506,-0.6043073492292704
63095160,H_domestic_nesting,2.6390320400620335,1.0031726679410902
63130875,H_domestic_nesting,0.4514377506984592,-1.6122534907848847
63830782,H_domestic_nesting,-3.098548344413593,-1.738042027061572
75599070,H_domestic_nesting,2.5498767954602144,3.84093728146604
8686068,H_domestic_nesting,0.9757092692303296,-2.0869342054548863
104659050,I_humor_lightness,-0.17152293959364356,0.7113926964103092
11266880,I_humor_lightness,-0.008126036332593916,-0.3106381212567145
123257687,I_humor_lightness,-0.08191047253647056,-0.2946194505116258
123446478,I_humor_lightness,-0.01546784881380856,0.46854917019888614
127305713,I_humor_lightness,-0.4040652881411761,-0.22896636102700024
149105520,I_humor_lightness,1.9049863036550618,-0.5682029652389998
15197,I_humor_lightness,0.01785552234130593,-0.08252371088357022
161913,I_humor_lightness,-1.27211944499012,0.0734052277849273
17561022,I_humor_lightness,-1.7050862061716026,0.3771595317178194
1756703,I_humor_lightness,1.0177240345347316,-0.45281937959117924
18692741,I_humor_lightness,-1.1474270494644234,0.19638239296436832
201413413,I_humor_lightness,-2.5937758949036462,0.2063082507406913
20346544,I_humor_lightness,-1.523485823943802,-0.020267932821213558
208153130,I_humor_lightness,1.2097186535056443,-0.5359284014491001
21787,I_humor_lightness,-1.700466075720219,0.19129471199026646
22609391,I_humor_lightness,-1.7896452474143039,-0.3343246377744498
22707536,I_humor_lightness,1.5564971255990958,-0.20685712146812688
23518136,I_humor_lightness,-1.6000302056022995,0.028746509106955264
27394781,I_humor_lightness,-1.6457988892567639,-0.09225662236811284
28675670,I_humor_lightness,1.0940571822646123,-0.35681363049931475
28869598,I_humor_lightness,-0.565343750514017,0.009857103863662092
28963772,I_humor_lightness,0.30236194658635046,-0.20152392640655192
29424551,I_humor_lightness,-1.1741352873135378,0.020462183627306705
29939161,I_humor_lightness,1.5515633941256948,-0.5914333172015137
30291077,I_humor_lightness,-1.4599786775162016,0.25288691049711387
30618705,I_humor_lightness,-0.8546251528850164,-0.03808485559908822
30627346,I_humor_lightness,-0.49622308543856863,-0.15755594583333593
306364,I_humor_lightness,0.9868354305559895,-0.4822574555479592
31276376,I_humor_lightness,-0.5208728153750826,-0.03126758795905459
31424202,I_humor_lightness,0.2645813343809223,-0.13723547791383298
31625455,I_humor_lightness,-0.24790874345675992,-0.12712286376219156
32195234,I_humor_lightness,-0.14571660653698765,0.08634722039908599
33743772,I_humor_lightness,-0.9920842078455242,0.0002342445376474974
34272677,I_humor_lightness,2.2005436291977203,0.4863304689043817
34322023,I_humor_lightness,-1.954888617484391,-0.3568798206156336
34438741,I_humor_lightness,1.5372627283883493,-0.6721226046863078
34812836,I_humor_lightness,-0.9053720978241334,-0.11523808789845176
35008850,I_humor_lightness,-0.23320262965929306,-0.1043493060997731
35053870,I_humor_lightness,-0.06559555848093976,-0.21451245710930492
35109856,I_humor_lightness,-0.7028470736413769,-0.24517878997022866
36429604,I_humor_lightness,-1.3074739140016634,-0.19256326831394033
36437212,I_humor_lightness,4.774913112359637,-1.2689414586142678
36512901,I_humor_lightness,-0.9308101694029038,-0.17773306617861806
36564103,I_humor_lightness,2.1124494936793745,-0.6490199801627445
36600859,I_humor_lightness,-0.6992823401889807,-0.32606519607526774
36662463,I_humor_lightness,-1.565504384546698,0.29744799502166935
40131614,I_humor_lightness,2.120335965943533,-0.6658231899621856
4066312,I_humor_lightness,1.2002114968429178,-0.4945505675706094
40727118,I_humor_lightness,-0.2354270820437997,-0.41068539486748207
42427664,I_humor_lightness,1.2768093804765768,-0.6090585094162474
43728457,I_humor_lightness,-1.8206033414054121,0.3393885590961998
44099084,I_humor_lightness,-1.758519551409009,0.23806372308869156
44168447,I_humor_lightness,-3.369383800933221,0.28172071916307684
45156972,I_humor_lightness,4.325832544664529,-1.3418322143928447
45857023,I_humor_lightness,-0.814004313000483,0.1872508849775032
46142566,I_humor_lightness,-2.5093166835739242,0.7202350540849212
48572514,I_humor_lightness,0.5406670250508453,-0.2436583114983596
49571946,I_humor_lightness,1.3992404803536853,-0.37922113085482895
51208558,I_humor_lightness,-2.5443111253906703,0.4617940043984158
51778361,I_humor_lightness,1.8686594560166256,-0.4750439549468229
53490997,I_humor_lightness,-1.286415432585658,0.05604031177071839
53491020,I_humor_lightness,-1.7668511210183158,0.025854941291418642
53491063,I_humor_lightness,-1.4535711362055341,0.45331768178629667
54474410,I_humor_lightness,0.153452316590358,-0.37518015840767893
55538972,I_humor_lightness,0.39468612722590585,-0.18410103230333144
55583305,I_humor_lightness,0.8593843963922799,-0.349613174652617
55590890,I_humor_lightness,0.19594094019930108,-0.281361444734594
55738401,I_humor_lightness,-0.17098958711468804,0.21560492775948428
55817097,I_humor_lightness,1.05617405131854,-0.5244815607580068
55849103,I_humor_lightness,0.26708349593160685,-0.0259239535799014
56916467,I_humor_lightness,-0.5590833361551928,-0.06567224017779706
57200226,I_humor_lightness,2.466493864519278,-0.48575693981782114
57216633,I_humor_lightness,0.3202867491816989,-0.11642758731956956
58013278,I_humor_lightness,0.08813663005145228,0.23734239132968415
58995736,I_humor_lightness,0.759685068206697,-0.5773494092693758
60217302,I_humor_lightness,0.7452989264623846,-0.4163010655161054
60416566,I_humor_lightness,1.475643499257181,-0.3164278413566651
60576722,I_humor_lightness,-0.8086598191846882,0.025908125805939763
60686882,I_humor_lightness,0.37626419278246803,-0.2625509449883606
60797616,I_humor_lightness,0.3632055430485155,-0.0012226479814525274
60809640,I_humor_lightness,0.5618275239994135,-0.4365484507903883
61229235,I_humor_lightness,1.0577014280075254,0.5142719371597582
61273778,I_humor_lightness,-0.6716053593279122,0.0015175967775656813
62316382,I_humor_lightness,0.015592447889402882,0.7039352418980667
62322599,I_humor_lightness,1.4254837773914422,-0.24731382101783594
62626163,I_humor_lightness,0.16535272113452484,-0.21510815671331793
63046139,I_humor_lightness,1.1633099005076761,-0.7776267669480869
63095160,I_humor_lightness,2.6205574493546147,13.132421097510836
63130875,I_humor_lightness,-0.9897584351176479,-0.15597858151448477
63830782,I_humor_lightness,0.34340181560054267,-0.44941665255519364
75599070,I_humor_lightness,2.1075797492452537,-0.8011902947771697
8686068,I_humor_lightness,-1.0063561953581581,0.25725798386294424
104659050,J_social_support_kin,2.186967177060327,2.949730217831376
11266880,J_social_support_kin,-0.5115677290077585,-0.9164156627645045
123257687,J_social_support_kin,-0.9120892937268125,-0.13687367582147658
123446478,J_social_support_kin,-0.2569964704904291,0.7365906204794029
127305713,J_social_support_kin,-1.5908834624119592,0.17155609779410602
149105520,J_social_support_kin,-1.5193354891138935,-0.9892790719363628
15197,J_social_support_kin,-0.7568221778134672,0.27921226867680443
161913,J_social_support_kin,0.9647510116701025,1.107144410504505
17561022,J_social_support_kin,3.328778146499192,-2.8853957335331817
1756703,J_social_support_kin,-2.154261601624995,-1.2851875093426015
18692741,J_social_support_kin,2.5828794878739036,-0.29552525701982096
201413413,J_social_support_kin,0.9071236719545359,-2.434728692975123
20346544,J_social_support_kin,7.015665358888616,-4.742083376959637
208153130,J_social_support_kin,-0.9793524955055507,-1.8266875079464204
21787,J_social_support_kin,2.085330566355464,0.01455300433641474
22609391,J_social_support_kin,-0.4334677523721255,0.24838325923208626
22707536,J_social_support_kin,0.007854365853433392,-1.2942942740409102
23518136,J_social_support_kin,2.545420244978119,0.5440092336054955
27394781,J_social_support_kin,3.3906266310781685,0.6807981458736363
28675670,J_social_support_kin,-0.4822159949368616,-0.486255483229781
28869598,J_social_support_kin,1.6483358943344935,-1.473828266825415
28963772,J_social_support_kin,-1.325138533247855,-1.5507674962634794
29424551,J_social_support_kin,0.44579048437826163,-0.0023392172837319565
29939161,J_social_support_kin,-3.974409968671251,-1.571967463571739
30291077,J_social_support_kin,1.9753506123764373,-0.4713235844666489
30618705,J_social_support_kin,3.6779078765143876,4.005566398297134
30627346,J_social_support_kin,1.3393297883877717,-0.4893187525936007
306364,J_social_support_kin,-2.250248199957355,0.8108517535847846
31276376,J_social_support_kin,-0.33268730579701267,0.8934156590183506
31424202,J_social_support_kin,-1.3151274010344125,0.641552579788919
31625455,J_social_support_kin,0.2638438694400567,1.8667989208259477
32195234,J_social_support_kin,0.7619735223832949,1.3004514529068996
33743772,J_social_support_kin,0.7277265197374688,0.3331307237825167
34272677,J_social_support_kin,-1.2350887312869145,0.43061292780213023
34322023,J_social_support_kin,-0.43565903563071506,-0.2760152173129893
34438741,J_social_support_kin,-0.9566942010319603,-1.76163687733133
34812836,J_social_support_kin,-0.05374475698565885,0.26636264043450697
35008850,J_social_support_kin,-1.8618903392181025,0.4409729417159774
35053870,J_social_support_kin,-1.3520696586269216,-0.594417867911922
35109856,J_social_support_kin,-0.8185318946096909,-0.5024556824293676
36429604,J_social_support_kin,0.47812216410947755,-1.7742505252965226
36437212,J_social_support_kin,-0.6214904520560903,-1.9681665957459689
36512901,J_social_support_kin,3.07841308491599,1.062665209209978
36564103,J_social_support_kin,-2.9630340181829484,-1.3057657685724655
36600859,J_social_support_kin,1.373951679760844,-0.775061472540541
36662463,J_social_support_kin,3.7566891316496864,0.8557311665497785
40131614,J_social_support_kin,-1.6061357153333393,-0.7099825913396607
4066312,J_social_support_kin,-2.5200104441213376,-0.06699875929966785
40727118,J_social_support_kin,-1.860684641361741,1.6965815350423927
42427664,J_social_support_kin,-1.5347923183138874,-1.1343591678777405
43728457,J_social_support_kin,4.149326027731764,-2.9468669541306878
44099084,J_social_support_kin,-0.3529694756703188,1.7700672423986676
44168447,J_social_support_kin,3.408670333117758,-0.06494114676195605
45156972,J_social_support_kin,-1.3554426258198506,-2.792817411084938
45857023,J_social_support_kin,2.5008678477081863,-0.8041205916959817
46142566,J_social_support_kin,2.6332846799565113,-0.05004821296967907
48572514,J_social_support_kin,-3.3738452676651765,5.045814193426014
49571946,J_social_support_kin,-1.6641051843002646,-0.8065471905399655
51208558,J_social_support_kin,3.260836201467048,3.9418872666601388
51778361,J_social_support_kin,-0.12844680157047117,0.8777404973553138
53490997,J_social_support_kin,2.240247871180273,0.09187472230117548
53491020,J_social_support_kin,2.723737677233661,-0.33661499707697434
53491063,J_social_support_kin,3.9598633348206262,-1.073342791801381
54474410,J_social_support_kin,-1.5998849273587918,-1.6639960422213196
55538972,J_social_support_kin,-0.04505894138297537,-1.0591861770489843
55583305,J_social_support_kin,-1.532327730231294,-1.769400958686257
55590890,J_social_support_kin,-0.6836628446380902,-0.38059093324809995
55738401,J_social_support_kin,0.30309674008725646,1.38599694717028
55817097,J_social_support_kin,-5.86469522726426,0.5442813959212432
55849103,J_social_support_kin,-0.15464355480864553,-0.19452751039483018
56916467,J_social_support_kin,-1.2675761952472713,1.3804945368495414
57200226,J_social_support_kin,-1.0636899276046536,-3.1593884834399937
57216633,J_social_support_kin,-1.8611497734538476,2.4335411627176162
58013278,J_social_support_kin,3.148922832228818,1.1627284515066696
58995736,J_social_support_kin,-1.1597973978661553,0.1507575833347299
60217302,J_social_support_kin,-2.0087984537502264,-0.8400111441291019
60416566,J_social_support_kin,-1.275668269610667,-0.8444294179958408
60576722,J_social_support_kin,-1.5750656341010136,1.0141217591270446
60686882,J_social_support_kin,-2.226160137604901,2.1438142108742415
60797616,J_social_support_kin,-0.19206978455775486,0.10553223714693391
60809640,J_social_support_kin,-2.5314603477649764,-1.831352472485384
61229235,J_social_support_kin,-2.2533804893508607,-0.4927312662650559
61273778,J_social_support_kin,-0.19096948777926423,-0.9064466845545276
62316382,J_social_support_kin,0.43928456851338793,4.506717976052859
62322599,J_social_support_kin,-0.6673379101279101,1.8044130267127183
62626163,J_social_support_kin,-1.0157799749480494,-1.3671275770881106
63046139,J_social_support_kin,-1.4626118757697701,-2.387968382662588
63095160,J_social_support_kin,0.8177886825722162,1.9056466606846327
63130875,J_social_support_kin,-0.5801870738475922,2.164781063242762
63830782,J_social_support_kin,-1.857675950616687,-0.6944378644290939
75599070,J_social_support_kin,1.8843648884371704,1.7128819558918875
8686068,J_social_support_kin,0.5457683719280851,4.708511706275757
104659050,K_professional_intrusion,-1.1087754892909765,-0.34947295075920104
11266880,K_professional_intrusion,0.7536716793105827,0.5270642719429742
123257687,K_professional_intrusion,0.7190866183105183,1.623085570658834
123446478,K_professional_intrusion,-0.6830694850268954,-0.16873798126591524
127305713,K_professional_intrusion,0.4933822181116939,1.5157635587726406
149105520,K_professional_intrusion,2.5620683978181185,-0.2724574321644832
15197,K_professional_intrusion,-0.008517660918252332,-1.0185697710810884
161913,K_professional_intrusion,-1.7638571444967506,0.5623131116955586
17561022,K_professional_intrusion,-0.7566094096849607,0.7359025019498276
1756703,K_professional_intrusion,0.1735898433433883,0.01868248015440039
18692741,K_professional_intrusion,-2.2736597251468416,-0.6122835478546743
201413413,K_professional_intrusion,-1.3551459096415006,0.5934695536775971
20346544,K_professional_intrusion,-3.4502632153797705,-1.135012852373534
208153130,K_professional_intrusion,-0.543701585467037,-0.1632184585270212
21787,K_professional_intrusion,-1.8160074317596804,0.7397033701690889
22609391,K_professional_intrusion,-0.005779883878858023,-0.5697087789430632
22707536,K_professional_intrusion,2.203768243453889,0.6490014946161049
23518136,K_professional_intrusion,-0.29909701464861244,3.006037620624521
27394781,K_professional_intrusion,-0.3974426233712509,2.028380723621077
28675670,K_professional_intrusion,1.1823759043620263,0.8259134412514367
28869598,K_professional_intrusion,-0.7813599886512917,0.0630180246063947
28963772,K_professional_intrusion,-1.2138678855148424,0.3853444081446188
29424551,K_professional_intrusion,-0.9904325690019106,-0.8590121166729243
29939161,K_professional_intrusion,4.761753940051978,-0.5797158576504562
30291077,K_professional_intrusion,-3.008418373634163,-1.3503844491797554
30618705,K_professional_intrusion,-1.0547824559548156,0.3798748769125039
30627346,K_professional_intrusion,-1.653166511512347,0.16002799427206577
306364,K_professional_intrusion,-0.3928048429612029,0.42842375959609774
31276376,K_professional_intrusion,-0.4777649155802662,1.0675818995416186
31424202,K_professional_intrusion,1.1892495310872264,-1.2580330282335148
31625455,K_professional_intrusion,-0.2486015973926335,-1.9282598659289496
32195234,K_professional_intrusion,0.3310802639743917,-0.5229773926686951
33743772,K_professional_intrusion,-0.5243978123063793,-0.08656033595743308
34272677,K_professional_intrusion,2.4919715853470428,-4.3632209562326185
34322023,K_professional_intrusion,-0.6234766360870038,-0.2200253405915549
34438741,K_professional_intrusion,-0.9242230982708369,-0.6506977256859231
34812836,K_professional_intrusion,0.6379066222158973,1.043891877991927
35008850,K_professional_intrusion,0.9403196341950627,0.6279793953110256
35053870,K_professional_intrusion,1.1563839408296628,-0.8636221303586604
35109856,K_professional_intrusion,-1.1721434604819847,-0.6070981013040985
36429604,K_professional_intrusion,-1.4294432389941698,-1.2323523522025763
36437212,K_professional_intrusion,0.9917214957886151,-1.2667493119931375
36512901,K_professional_intrusion,-3.873284014336981,-1.71225191046947
36564103,K_professional_intrusion,2.006636935603423,-1.4665437112456665
36600859,K_professional_intrusion,-1.128959748905974,1.7019287097868314
36662463,K_professional_intrusion,-1.0540846851634598,2.195925345236498
40131614,K_professional_intrusion,1.324810359457919,0.5552766973349258
4066312,K_professional_intrusion,-0.7057001001888041,-0.1658953128483282
40727118,K_professional_intrusion,0.15475551937768253,0.9983563244685778
42427664,K_professional_intrusion,0.46778180202835806,-0.17681667183810038
43728457,K_professional_intrusion,-1.7857415843989433,-0.27840932005482527
44099084,K_professional_intrusion,-0.9859721787209562,-0.44408077120609735
44168447,K_professional_intrusion,-1.555018254414248,0.7960550551354645
45156972,K_professional_intrusion,2.5568674758432266,-2.575840838247729
45857023,K_professional_intrusion,-2.137284843584899,-1.3263414400602485
46142566,K_professional_intrusion,-2.6280833416311524,-0.7120835149453477
48572514,K_professional_intrusion,-0.1268702540089731,2.542933967166854
49571946,K_professional_intrusion,2.4691434438205095,-1.9813545846853404
51208558,K_professional_intrusion,-2.4130050922977175,-1.0077952914752137
51778361,K_professional_intrusion,1.806232686907686,-1.6360166912096696
53490997,K_professional_intrusion,-2.1762741167196986,-0.1415389898961246
53491020,K_professional_intrusion,-3.257951274110747,-0.5665508613935825
53491063,K_professional_intrusion,-1.2502435777168537,-1.3494049052288293
54474410,K_professional_intrusion,0.665409553971817,0.700311352348511
55538972,K_professional_intrusion,1.960796197423921,1.8703351336230996
55583305,K_professional_intrusion,1.010000969734332,1.2496375260166812
55590890,K_professional_intrusion,1.0547175725767661,1.8788805726848146
55738401,K_professional_intrusion,0.07336146320986607,-0.4455374836653855
55817097,K_professional_intrusion,0.6538248683919891,1.6112116213325711
55849103,K_professional_intrusion,1.4995983609211911,2.282951477450896
56916467,K_professional_intrusion,-0.047591641054453356,-0.5134761430470266
57200226,K_professional_intrusion,1.179065522219542,-1.9406757029170143
57216633,K_professional_intrusion,1.0672272981809832,3.3312974698522324
58013278,K_professional_intrusion,3.0553696187494785,-5.56787588967842
58995736,K_professional_intrusion,1.3126817222128746,1.7009455892767542
60217302,K_professional_intrusion,0.08700990274748864,1.5262161093681301
60416566,K_professional_intrusion,1.761885013249403,-2.249464955469758
60576722,K_professional_intrusion,0.3191678295255616,0.9080189866796619
60686882,K_professional_intrusion,0.3507917204681334,1.7934667673847318
60797616,K_professional_intrusion,-0.1431191137718701,-0.0394903815444755
60809640,K_professional_intrusion,0.6212967236706615,0.6577738546164643
61229235,K_professional_intrusion,0.949977468369991,2.0418333098433656
61273778,K_professional_intrusion,-0.8473412136243039,-0.48419636035852776
62316382,K_professional_intrusion,-2.450495930009577,0.09446463435935004
62322599,K_professional_intrusion,-0.3245915983475034,-0.5649096813939972
62626163,K_professional_intrusion,-1.5325318002973343,-0.01580060955789579
63046139,K_professional_intrusion,6.228744491151121,0.7009944433010127
63095160,K_professional_intrusion,-0.08119734438930042,0.8820885638289291
63130875,K_professional_intrusion,0.007002610987582805,0.9035492472052984
63830782,K_professional_intrusion,2.8205794243855005,2.419009848347096
75599070,K_professional_intrusion,2.2454854028187596,-1.5224736910128307
8686068,K_professional_intrusion,-0.8364002034568822,-3.361926091079882
104659050,N_separation_reunion,-0.4082155970572822,0.032065379659026706
11266880,N_separation_reunion,-0.37504408713277715,0.001595587226039811
123257687,N_separation_reunion,-1.2006755678267436,0.42535236567920215
123446478,N_separation_reunion,-0.03293104844664812,-0.26572040111407436
127305713,N_separation_reunion,0.5247198628560511,-0.2242527445930785
149105520,N_separation_reunion,1.410482573097622,-1.8244348693344217
15197,N_separation_reunion,-1.4520887179392867,0.12409168014950882
161913,N_separation_reunion,0.4496098762798993,-0.38961725555313526
17561022,N_separation_reunion,-1.5374382265217403,0.43423364587532165
1756703,N_separation_reunion,0.8108835779446003,0.021673101782100936
18692741,N_separation_reunion,-1.5381327109738356,0.8080523553205943
201413413,N_separation_reunion,0.9899368013438564,-0.7758314698312485
20346544,N_separation_reunion,-2.3440760240335905,0.9785097157966075
208153130,N_separation_reunion,4.298071396021941,5.754041069647388
21787,N_separation_reunion,0.5260676568646808,0.4075318084460249
22609391,N_separation_reunion,1.1889440529716384,-2.0979955443634335
22707536,N_separation_reunion,-1.5089741018866918,0.783379330832404
23518136,N_separation_reunion,-1.5773410931157414,0.4303204910515941
27394781,N_separation_reunion,0.039907632747056256,0.1119275394035139
28675670,N_separation_reunion,0.34640672328874167,-0.5070447849724077
28869598,N_separation_reunion,-0.351632806521117,-0.4027916997125243
28963772,N_separation_reunion,0.6021481759394934,-0.029374218175510173
29424551,N_separation_reunion,-0.9323233073563211,0.17243802890802976
29939161,N_separation_reunion,3.885262999958439,-0.3849620961585612
30291077,N_separation_reunion,-1.2311454803184432,0.10278012206648054
30618705,N_separation_reunion,-1.9845268927078366,0.4878666499734749
30627346,N_separation_reunion,-0.43838298527814973,-0.607307531231654
306364,N_separation_reunion,0.7131919088605961,-0.3157164617137671
31276376,N_separation_reunion,-0.33534202232339966,0.29130273750263314
31424202,N_separation_reunion,0.9282019595670419,-0.1627950898208916
31625455,N_separation_reunion,-0.5867581315139492,-0.3752697515609864
32195234,N_separation_reunion,-0.09407390522988385,0.7377485096178513
33743772,N_separation_reunion,0.306886552871361,-0.07416532505452292
34272677,N_separation_reunion,-0.6699172924849371,-0.19157134213632732
34322023,N_separation_reunion,1.9231680969068492,-5.153612964645128
34438741,N_separation_reunion,3.4877207464692215,4.391795632275664
34812836,N_separation_reunion,0.03400835504166813,0.06997470546018336
35008850,N_separation_reunion,0.772272783075242,-0.7302826691406784
35053870,N_separation_reunion,0.11633402200355553,-0.2473834605088854
35109856,N_separation_reunion,0.533372323712166,0.32050096566453085
36429604,N_separation_reunion,-0.9731890129399479,-0.20507780514204255
36437212,N_separation_reunion,0.621732891728068,0.1669660878152727
36512901,N_separation_reunion,-0.474058212734126,-0.29442256542586
36564103,N_separation_reunion,0.04998731323899704,-0.3112267893856308
36600859,N_separation_reunion,-1.409066717500178,-0.7221589670402156
36662463,N_separation_reunion,-1.0620484187943833,0.02974293204288122
40131614,N_separation_reunion,0.6936622389151593,-1.1275126460161689
4066312,N_separation_reunion,1.021634306849194,-0.9023311909305203
40727118,N_separation_reunion,2.079037540839253,-0.306582507707826
42427664,N_separation_reunion,-0.0235345265660011,-0.08941719677317247
43728457,N_separation_reunion,-0.8971890960139679,0.17716464537132878
44099084,N_separation_reunion,0.8839000126066443,-1.7747555137128777
44168447,N_separation_reunion,-1.0707211226854778,0.7010290136850765
45156972,N_separation_reunion,0.19564416046948754,0.17981852589001285
45857023,N_separation_reunion,-2.093264388056022,0.7026690881686081
46142566,N_separation_reunion,0.8083749383783745,-0.18415956598367886
48572514,N_separation_reunion,1.2722255288927937,0.5869661155989324
49571946,N_separation_reunion,0.4440196549335763,0.43020181261267065
51208558,N_separation_reunion,-2.7269266875938816,0.8987889733272383
51778361,N_separation_reunion,0.35561197169644604,-0.48301365111928934
53490997,N_separation_reunion,-1.3208962970938383,0.8651074212144624
53491020,N_separation_reunion,0.7181731504510344,-0.02136316081344872
53491063,N_separation_reunion,-3.1319382578559125,0.5632342908147171
54474410,N_separation_reunion,1.4021884209329367,1.1020860926596772
55538972,N_separation_reunion,0.6842232459142702,-0.3161899574446338
55583305,N_separation_reunion,1.6108407204383781,-0.18305995050979532
55590890,N_separation_reunion,0.6581611367022318,-0.3677720257966588
55738401,N_separation_reunion,-1.4164272140149863,0.26424128542011416
55817097,N_separation_reunion,-0.1932387625534426,0.32967176860008335
55849103,N_separation_reunion,-0.9988472222722914,-0.6114803390973615
56916467,N_separation_reunion,-0.014882272797575738,-0.4587210744512371
57200226,N_separation_reunion,1.32580031386941,0.040714841311558454
57216633,N_separation_reunion,0.5195248972048245,0.5500398922910373
58013278,N_separation_reunion,-1.3309730044365073,0.6118178324973138
58995736,N_separation_reunion,0.7401376028292419,-0.6199758967605923
60217302,N_separation_reunion,-0.3605773206449784,-0.0862847289125674
60416566,N_separation_reunion,-0.00936313759974691,0.4274755854827098
60576722,N_separation_reunion,1.0422787590143394,-1.255233335921133
60686882,N_separation_reunion,-0.10762269763049531,-0.09194957720503949
60797616,N_separation_reunion,-0.6929634103226865,-0.3291413401906871
60809640,N_separation_reunion,0.8838974651425614,-0.11424466187857327
61229235,N_separation_reunion,-0.1345839304828797,-0.12843135827902796
61273778,N_separation_reunion,0.05377055904799111,-0.1799439714248231
62316382,N_separation_reunion,0.4126405947128843,-1.3819711138829918
62322599,N_separation_reunion,-0.5594999728512751,0.40514097809683514
62626163,N_separation_reunion,0.34715878172714654,-0.2896155340873848
63046139,N_separation_reunion,-1.4239335848204782,1.3363297828867706
63095160,N_separation_reunion,-0.4171027299739537,-0.07454232663828746
63130875,N_separation_reunion,1.0563034750525864,-0.05733683076890476
63830782,N_separation_reunion,0.27962415841262955,-0.08326284284800921
75599070,N_separation_reunion,-1.1835855107382631,0.10860726498144534
8686068,N_separation_reunion,-1.4226984101805131,0.4463124526627546
104659050,Q_miscommunication,-0.1120011678173001,-2.7210684569580974
11266880,Q_miscommunication,0.20127778223936443,-0.17509751458596276
123257687,Q_miscommunication,-0.5932459584329639,0.4572676876738809
123446478,Q_miscommunication,0.0846702843450017,0.337163191249896
127305713,Q_miscommunication,-0.5747057964403645,0.23094903353637947
149105520,Q_miscommunication,-0.1071415889622023,-0.19805145657793516
15197,Q_miscommunication,-0.05196564855708521,-0.1039491511674686
161913,Q_miscommunication,-1.0933919044972507,-0.2992554685560111
17561022,Q_miscommunication,-0.8549539856602674,0.45327738422402986
1756703,Q_miscommunication,-0.10196550712064746,-0.4329649444775113
18692741,Q_miscommunication,-2.022505600991301,0.2861743438420843
201413413,Q_miscommunication,-0.022439719275900726,0.6000912853759884
20346544,Q_miscommunication,-1.2646615214530568,0.1784180601493966
208153130,Q_miscommunication,1.3477267488106761,-1.0821440885285682
21787,Q_miscommunication,-0.5842662052899473,0.7000661038916292
22609391,Q_miscommunication,0.602228320404707,-0.09459451219535167
22707536,Q_miscommunication,-0.8981013093768371,-0.530506741751842
23518136,Q_miscommunication,-2.018128826949945,-0.4708619584210788
27394781,Q_miscommunication,-1.4270362411726945,-0.5611189034723862
28675670,Q_miscommunication,0.7817408250074427,-0.055877459691122504
28869598,Q_miscommunication,0.031208359108392786,1.4374961354442177
28963772,Q_miscommunication,-0.036993469057505717,1.3510515201073476
29424551,Q_miscommunication,0.6296837459972967,0.10946300335529544
29939161,Q_miscommunication,0.4204432353802801,0.6626144322338499
30291077,Q_miscommunication,-1.4759266202505128,5.123238351085661
30618705,Q_miscommunication,-1.7962563098121451,-0.3394841844153188
30627346,Q_miscommunication,-0.31399944909225014,0.8595801945348396
306364,Q_miscommunication,0.938228110976241,-0.20878029119397642
31276376,Q_miscommunication,0.8161374058456807,0.3159390106232256
31424202,Q_miscommunication,0.8979887647801073,-0.8363809479627513
31625455,Q_miscommunication,-0.09876492961241853,-0.327004871219533
32195234,Q_miscommunication,-0.3544303997163349,-0.6066967010385419
33743772,Q_miscommunication,-1.3346034300205465,0.5046107072861004
34272677,Q_miscommunication,0.269733920413059,-0.5831091355739806
34322023,Q_miscommunication,0.9437371439081095,0.4542549828494639
34438741,Q_miscommunication,1.2662821785078642,-0.6711541065758511
34812836,Q_miscommunication,1.3018628518483737,-0.524982849420774
35008850,Q_miscommunication,-0.13176751453435318,0.8823269632355355
35053870,Q_miscommunication,1.6028859280876397,0.25325631222750233
35109856,Q_miscommunication,0.654732986316196,0.3915938853297893
36429604,Q_miscommunication,-2.3106865678788835,0.7331859049464198
36437212,Q_miscommunication,-0.9478997777823218,0.14751353099713266
36512901,Q_miscommunication,-2.2671139547695818,0.07218421749563574
36564103,Q_miscommunication,1.069961219615805,0.12513221389034143
36600859,Q_miscommunication,-1.468884542988222,0.7644466224928628
36662463,Q_miscommunication,0.04145841047608461,-0.10587490429078521
40131614,Q_miscommunication,1.065965965592081,-0.6810636723597103
4066312,Q_miscommunication,0.5489704110766852,0.024004615411847053
40727118,Q_miscommunication,-1.0027093613763916,0.11720369995099057
42427664,Q_miscommunication,2.099005499144495,0.33596448458449857
43728457,Q_miscommunication,-1.5221534497624092,-0.13130142946419338
44099084,Q_miscommunication,1.0706294834046008,0.2606559939794315
44168447,Q_miscommunication,-1.542048931954437,-0.3129226440381374
45156972,Q_miscommunication,3.196016692487162,-2.610747768529906
45857023,Q_miscommunication,-1.0122357627384744,1.2434820159064888
46142566,Q_miscommunication,-1.1240609662541705,-0.605199718765402
48572514,Q_miscommunication,1.0857402756100316,-0.37158383505322934
49571946,Q_miscommunication,-0.9439778503010106,-0.4964198005724711
51208558,Q_miscommunication,-1.0575657934141272,-0.34305487804426515
51778361,Q_miscommunication,-0.6898985520082958,0.2679790086961088
53490997,Q_miscommunication,-1.6138369234022893,-0.5487147114929367
53491020,Q_miscommunication,-3.0527074502620684,-0.24107823554793903
53491063,Q_miscommunication,-2.7056056300468727,-0.3195135636131892
54474410,Q_miscommunication,0.5131030245640886,-0.25990599144965526
55538972,Q_miscommunication,0.57034215757329,-0.5103161697898283
55583305,Q_miscommunication,-0.07770981290139042,-0.5938446785979301
55590890,Q_miscommunication,0.8206055980988555,0.07777970710021635
55738401,Q_miscommunication,0.06507268047812353,0.8019100715498775
55817097,Q_miscommunication,2.6587021720956936,3.3529136394568497
55849103,Q_miscommunication,1.2526297540252458,1.265620928834543
56916467,Q_miscommunication,1.3110155990090864,0.2524014449717727
57200226,Q_miscommunication,3.499804045478955,-3.4367732701425022
57216633,Q_miscommunication,-0.06932464934189345,-0.6474543797010268
58013278,Q_miscommunication,1.0249617314926993,-0.9214946741548188
58995736,Q_miscommunication,0.85995657439439,-0.09750266697219914
60217302,Q_miscommunication,1.9708234010101455,4.983966070223495
60416566,Q_miscommunication,0.1056576342265103,-0.5345761957160956
60576722,Q_miscommunication,1.5488750130986213,1.0203840485086484
60686882,Q_miscommunication,1.4817147005568223,-0.517203370544677
60797616,Q_miscommunication,0.15171436254806023,-0.2066374747846037
60809640,Q_miscommunication,0.5627397855592118,0.4659276916949117
61229235,Q_miscommunication,0.41166415306037657,0.12440761607254258
61273778,Q_miscommunication,-0.16488140628220146,0.5433408168603353
62316382,Q_miscommunication,-0.9151282348230865,-2.8216887101036416
62322599,Q_miscommunication,2.7145410453830743,0.08362181599662652
62626163,Q_miscommunication,-0.0019160444944754406,-0.2518744336173186
63046139,Q_miscommunication,0.3444805159619318,-0.013679556539655814
63095160,Q_miscommunication,-0.6157779320289538,-1.7657899622732776
63130875,Q_miscommunication,1.830745210808188,-0.4284860102139696
63830782,Q_miscommunication,0.7309158715213027,0.1391533953400455
75599070,Q_miscommunication,-3.340383109792864,-1.4967634797661435
8686068,Q_miscommunication,-1.6826217716297986,-0.6974622132941631
104659050,Q_repair,-1.9244423053935267,2.9009353520121395
11266880,Q_repair,0.29150819971975794,0.1288691037555734
123257687,Q_repair,0.9205833562618942,-0.6264079969979004
123446478,Q_repair,0.5495433733225737,0.5104771833502324
127305713,Q_repair,0.6945931305726945,-1.06799689399525
149105520,Q_repair,0.8699221181622645,-1.5182094799024657
15197,Q_repair,-0.03638802974949773,-0.07308585092486901
161913,Q_repair,-0.7753522441261212,0.9861626261613726
17561022,Q_repair,-1.014476807783486,-0.11147671515792379
1756703,Q_repair,1.4805065786258083,-0.6675111047636014
18692741,Q_repair,-2.7029921716508856,-1.379342245878021
201413413,Q_repair,-0.45593806051153934,0.36056797465567697
20346544,Q_repair,-2.4336302223681523,0.06121567730335477
208153130,Q_repair,-0.9517910757583827,-0.3296044470194503
21787,Q_repair,-1.5264786297590238,1.6530435319612558
22609391,Q_repair,0.05206312437243411,-0.6176853261276414
22707536,Q_repair,-0.7588577750181967,-2.330292175503826
23518136,Q_repair,-1.5523836318820017,0.3734992809114608
27394781,Q_repair,1.0485947783155851,0.07277826998144096
28675670,Q_repair,0.9288827213238986,0.8980069081452314
28869598,Q_repair,-0.7887420009532062,-0.09750456707504143
28963772,Q_repair,2.1702800696524345,0.004083303982187733
29424551,Q_repair,0.08528571304021491,0.10201193497890164
29939161,Q_repair,1.0800591533817006,0.04694255823286843
30291077,Q_repair,-1.563556044519208,0.03164581368008211
30618705,Q_repair,-0.5849799254140623,0.7878594527850792
30627346,Q_repair,-0.6651305061628623,0.948859486796803
306364,Q_repair,1.3018235698577205,0.05899732311911691
31276376,Q_repair,1.4845856008954124,0.21801976349611765
31424202,Q_repair,0.8253403767308187,-0.162573488512688
31625455,Q_repair,0.6338774784422085,0.35650067202793206
32195234,Q_repair,-1.0450717136086443,-1.3077028550234995
33743772,Q_repair,-0.26034694542398523,0.8254300596851866
34272677,Q_repair,-1.0273726960143548,-2.7387229198975778
34322023,Q_repair,0.4914353601376234,0.6719596900527873
34438741,Q_repair,-0.6250895297706528,-0.5365451042023369
34812836,Q_repair,0.9511981350085659,1.2343887761530496
35008850,Q_repair,0.576379087216824,0.6066822071909042
35053870,Q_repair,1.1090268559029905,-0.03289962942098525
35109856,Q_repair,2.4339436267817,-0.3587489792854456
36429604,Q_repair,-1.6540681252966067,0.7820769278110457
36437212,Q_repair,-0.10366206175494816,-3.4324697581125228
36512901,Q_repair,-2.091937084500818,0.7777272333814006
36564103,Q_repair,0.44760270795637147,0.34982068566107816
36600859,Q_repair,0.5740102309169115,1.0104848136870237
36662463,Q_repair,-1.7905068788941547,0.7230821227597872
40131614,Q_repair,0.2860040101870752,0.6794521610342593
4066312,Q_repair,1.465999661273479,-1.086605152141713
40727118,Q_repair,1.43282936266357,-0.7354545763709918
42427664,Q_repair,1.537134042422097,-0.7281522191172052
43728457,Q_repair,-1.481329954979609,1.1255280340562093
44099084,Q_repair,1.5854244388873566,1.873018398293437
44168447,Q_repair,-1.7391042493722164,1.2985306150521605
45156972,Q_repair,-0.23753139428792208,-0.8356389435791328
45857023,Q_repair,-2.453766578836987,-0.24516707158071302
46142566,Q_repair,0.06740768641008016,0.9162497924108204
48572514,Q_repair,-0.7453531840866069,-1.932415980014167
49571946,Q_repair,0.1497587472667544,0.11087646757973672
51208558,Q_repair,0.2817552031163072,1.4419925681366124
51778361,Q_repair,1.3302803653221056,0.3592814114852855
53490997,Q_repair,-1.495564000623486,1.482375513751903
53491020,Q_repair,-0.17096081710629477,-0.017274400750146763
53491063,Q_repair,-3.730186461901944,-0.43300461933875234
54474410,Q_repair,-0.031517715215673835,-1.1554000767580292
55538972,Q_repair,-0.15888919634112939,-0.18277075095822923
55583305,Q_repair,2.1485710788488532,-1.6110161485361918
55590890,Q_repair,0.7777258751710868,-0.8096797156860525
55738401,Q_repair,0.48153838476531935,0.35309345638919276
55817097,Q_repair,1.358079911636685,-1.559153724093116
55849103,Q_repair,1.273565122983615,0.22259900195749757
56916467,Q_repair,0.8455855641815047,0.9997203298055032
57200226,Q_repair,-0.9129958050774447,-1.6905418163326482
57216633,Q_repair,-1.5889758567881993,-1.5625130902334536
58013278,Q_repair,-1.6501360131538831,-0.39777336208323505
58995736,Q_repair,-0.070439774614274,0.019435876558814714
60217302,Q_repair,3.1073522433533802,0.7372907074520522
60416566,Q_repair,0.8922558297017124,0.779380927957776
60576722,Q_repair,1.11944590028891,0.9911918447733888
60686882,Q_repair,0.023112996122097273,-0.3301062854962612
60797616,Q_repair,1.696381461806403,1.1695347569627348
60809640,Q_repair,0.6039709746097233,-0.28550409278282113
61229235,Q_repair,1.002364235871016,-0.8395746620584819
61273778,Q_repair,2.2002467710328677,-0.05579581854054255
62316382,Q_repair,-0.0949481520166012,3.3101865850854373
62322599,Q_repair,-0.11815435759331751,-0.34537735213149856
62626163,Q_repair,-0.7456939214643354,0.44356195291055067
63046139,Q_repair,-0.5733955244756103,-2.6582475225048436
63095160,Q_repair,-1.0974976696545,2.4259821798658128
63130875,Q_repair,1.0469380622719175,0.4772473119126546
63830782,Q_repair,1.4398429654679363,0.29211707787358543
75599070,Q_repair,-2.765943324388668,-0.3347954673444578
8686068,Q_repair,-0.9590378239672417,-1.7700333187907873
104659050,R1_protective_caretaking,0.7179634337550661,0.015984152258053778
11266880,R1_protective_caretaking,0.242320439433719,-0.20639825369074077
123257687,R1_protective_caretaking,-0.17607320910671212,-0.6460645691826823
123446478,R1_protective_caretaking,-0.16652485069878095,-0.038884485934812585
127305713,R1_protective_caretaking,-0.3461307124417334,-0.6964929205063097
149105520,R1_protective_caretaking,-0.4190510051812096,-0.961054262255172
15197,R1_protective_caretaking,-0.1793774508434169,-0.5157644599069844
161913,R1_protective_caretaking,1.4108648795190213,0.759258410271058
17561022,R1_protective_caretaking,1.2234883617993788,0.5262014356521015
1756703,R1_protective_caretaking,-2.1128551120464967,0.7763636716431539
18692741,R1_protective_caretaking,1.5019303600984488,1.0443850249276627
201413413,R1_protective_caretaking,1.0862996629971484,0.4587460823909221
20346544,R1_protective_caretaking,1.4042913367425338,0.5556984550773484
208153130,R1_protective_caretaking,-0.1382465840677905,-0.6942828620351844
21787,R1_protective_caretaking,2.2631646492465936,2.0223510591997638
22609391,R1_protective_caretaking,-0.010020620906530718,-0.446045557477884
22707536,R1_protective_caretaking,-0.24602017787243588,-1.0276227664184614
23518136,R1_protective_caretaking,1.6590070664513006,1.2128515666793935
27394781,R1_protective_caretaking,1.556961966980607,0.8400295824727326
28675670,R1_protective_caretaking,-0.5273294473532535,-0.48376395259410493
28869598,R1_protective_caretaking,0.42971150148406395,0.6051326685871523
28963772,R1_protective_caretaking,-0.18057128849672865,-0.5381414825118128
29424551,R1_protective_caretaking,-0.1486339119569328,-0.5500125951698377
29939161,R1_protective_caretaking,-0.50056448252746,-1.086022491690876
30291077,R1_protective_caretaking,1.209475133917339,0.5541286540088503
30618705,R1_protective_caretaking,1.5766663557481129,0.7747295674915934
30627346,R1_protective_caretaking,0.6128328636072649,0.4225598631983533
306364,R1_protective_caretaking,-0.637609789632846,-0.574033897056734
31276376,R1_protective_caretaking,-0.46981423891264024,-0.09760709045699668
31424202,R1_protective_caretaking,-0.05616406328927982,-0.6753855116770148
31625455,R1_protective_caretaking,-0.01446546920231736,-0.509195561853138
32195234,R1_protective_caretaking,-3.5280945857669836,3.537689063428564
33743772,R1_protective_caretaking,0.4053495592554902,-0.294211636930723
34272677,R1_protective_caretaking,-0.41081653510189475,-1.0974208391530624
34322023,R1_protective_caretaking,0.042137748990711106,-0.5234027533871246
34438741,R1_protective_caretaking,-0.281208202998924,-0.5707112949191638
34812836,R1_protective_caretaking,0.17003685765346607,-0.33177299784748654
35008850,R1_protective_caretaking,-0.2040053749201933,-0.6073204801642421
35053870,R1_protective_caretaking,-0.41651405376282036,-0.5799338107916346
35109856,R1_protective_caretaking,0.07258692574031068,-0.5433341384078314
36429604,R1_protective_caretaking,0.03306453172629055,1.4373965386716168
36437212,R1_protective_caretaking,0.0726346388311853,-0.9987921057158232
36512901,R1_protective_caretaking,1.6580428660356994,0.9752361407493537
36564103,R1_protective_caretaking,-1.7611074960527966,0.2693078557017375
36600859,R1_protective_caretaking,0.5085118407750974,0.05656640750684555
36662463,R1_protective_caretaking,-2.664678288512763,4.529679754796249
40131614,R1_protective_caretaking,-0.6549288716046743,-0.5889509559562424
4066312,R1_protective_caretaking,-0.29968240585949285,-0.7079511635786897
40727118,R1_protective_caretaking,-1.9483308804038977,1.2556642064439503
42427664,R1_protective_caretaking,-0.2633142694488651,-0.9030346328094953
43728457,R1_protective_caretaking,1.4481938928296683,1.390334499377867
44099084,R1_protective_caretaking,-0.019511968779592374,-0.6424634288299803
44168447,R1_protective_caretaking,1.2212201724258072,1.347665652118203
45156972,R1_protective_caretaking,-0.4107435102585881,-0.8304000978409884
45857023,R1_protective_caretaking,1.208835628687354,0.8878854057780037
46142566,R1_protective_caretaking,1.9657954284538428,1.4484096759875558
48572514,R1_protective_caretaking,-1.830796020521707,0.6015319516497701
49571946,R1_protective_caretaking,-1.1766341351086846,0.55954827578303
51208558,R1_protective_caretaking,1.3921188079727194,1.7974372177871623
51778361,R1_protective_caretaking,-0.6959920723402836,-0.33877828437924495
53490997,R1_protective_caretaking,1.7891214493224352,1.3556979818302093
53491020,R1_protective_caretaking,1.2720064941847578,0.8087337413508399
53491063,R1_protective_caretaking,0.3755693349635744,-0.2703598153454266
54474410,R1_protective_caretaking,-0.005052023087148465,-0.7167730663287121
55538972,R1_protective_caretaking,-0.016593104551712843,-0.38764433128849063
55583305,R1_protective_caretaking,-2.929283081909014,2.0536949330009295
55590890,R1_protective_caretaking,-0.08872815353466797,-0.1573799398238567
55738401,R1_protective_caretaking,-0.4014802265690998,-0.18748978793948506
55817097,R1_protective_caretaking,-0.4670837269453055,-0.5681499194228669
55849103,R1_protective_caretaking,-0.42423397948384683,-0.6770488530645601
56916467,R1_protective_caretaking,-0.3123146547314078,-0.587296240774543
57200226,R1_protective_caretaking,-0.5053174814839799,-0.7872806028973512
57216633,R1_protective_caretaking,-0.5135764422044685,-0.26352276012201337
58013278,R1_protective_caretaking,-0.024237616438011946,-0.6500702092532136
58995736,R1_protective_caretaking,-0.20391760350294275,-0.8464703052921448
60217302,R1_protective_caretaking,-0.3132689538736371,-0.6575505521219662
60416566,R1_protective_caretaking,-0.11682989308900811,-0.9620322354794375
60576722,R1_protective_caretaking,-0.037044056310063384,-0.6607464642899936
60686882,R1_protective_caretaking,-0.19683772856424378,-0.7399787298863041
60797616,R1_protective_caretaking,-0.9436054638587954,0.21348504180875277
60809640,R1_protective_caretaking,-0.6025209245669304,-0.4227463027947183
61229235,R1_protective_caretaking,-0.18247484881233275,-0.677412087230806
61273778,R1_protective_caretaking,-0.26377745287096316,-0.6516733132600877
62316382,R1_protective_caretaking,0.1241332898563987,-0.5467707149536021
62322599,R1_protective_caretaking,0.15981602109774706,-0.6045810475637009
62626163,R1_protective_caretaking,-0.21953309623889275,-0.6549018721191243
63046139,R1_protective_caretaking,-0.3751254184281829,-0.8895011628970838
63095160,R1_protective_caretaking,0.3783991461064367,-0.3251256878896861
63130875,R1_protective_caretaking,0.2501571490951652,-0.2913290224580126
63830782,R1_protective_caretaking,0.0005657993139457883,-0.5519981314541167
75599070,R1_protective_caretaking,0.45640532462293554,-0.5439813198139177
8686068,R1_protective_caretaking,0.13896609731174703,-0.5093187207330776
104659050,R2_alpha_guarding,-0.7149793701894457,-0.663110016258034
11266880,R2_alpha_guarding,0.06384578845139906,1.2496464502608144
123257687,R2_alpha_guarding,-0.7311199286525176,1.1117786710141393
123446478,R2_alpha_guarding,0.5332457417517369,1.677399839935822
127305713,R2_alpha_guarding,0.9469436440165472,0.5242362135269039
149105520,R2_alpha_guarding,0.3865707824661955,-0.2752204923477037
15197,R2_alpha_guarding,-0.7076992608369127,-0.10429318970962177
161913,R2_alpha_guarding,0.1684716602226029,-1.2453372386225923
17561022,R2_alpha_guarding,-0.9193428295578705,-0.7379017983624371
1756703,R2_alpha_guarding,0.7854065416108106,0.5490656906106239
18692741,R2_alpha_guarding,-0.8280434361810531,-1.4597122160850375
201413413,R2_alpha_guarding,0.36262471398852264,-0.9834222521013591
20346544,R2_alpha_guarding,-1.4681087968012934,-2.529028613409819
208153130,R2_alpha_guarding,10.35461251641207,-3.3113638756677433
21787,R2_alpha_guarding,-0.31271957915355864,-0.6386605694385447
22609391,R2_alpha_guarding,0.3472912807563431,0.3847469194389655
22707536,R2_alpha_guarding,-0.1045878745267391,-0.9329994153078942
23518136,R2_alpha_guarding,-1.281930910143055,-0.9069827211816417
27394781,R2_alpha_guarding,-1.505317407989114,0.5426578015637908
28675670,R2_alpha_guarding,0.20670418974671007,1.136069191304524
28869598,R2_alpha_guarding,-0.6336200717247822,-1.3494781407280434
28963772,R2_alpha_guarding,0.03274712648034342,0.4292607415302671
29424551,R2_alpha_guarding,-0.3985599097640686,0.1674076970910319
29939161,R2_alpha_guarding,0.8497326046752313,0.5681837227003498
30291077,R2_alpha_guarding,-1.454391146072276,-2.105061822812504
30618705,R2_alpha_guarding,-0.8350679936602546,-1.7863080686725745
30627346,R2_alpha_guarding,-0.7008353788247261,-1.8318872273226119
306364,R2_alpha_guarding,-0.017456159817680738,-0.36794031405929
31276376,R2_alpha_guarding,-0.16375151903575205,1.274869637589072
31424202,R2_alpha_guarding,-0.012119941545082143,1.0400411782254102
31625455,R2_alpha_guarding,-0.06062931801848177,0.815337652800687
32195234,R2_alpha_guarding,-0.9296877166408902,0.28917233119921515
33743772,R2_alpha_guarding,-0.24986098571750537,2.366921410375119
34272677,R2_alpha_guarding,-0.16038287102986676,0.5685534276622106
34322023,R2_alpha_guarding,1.8096022396759146,2.1884005391117065
34438741,R2_alpha_guarding,6.173167799972261,-1.870215963910346
34812836,R2_alpha_guarding,-0.52794207330061,0.11975218513004067
35008850,R2_alpha_guarding,-0.540156174586079,-0.05568502751346551
35053870,R2_alpha_guarding,-0.3573201033865191,0.5356998681148668
35109856,R2_alpha_guarding,-0.17000142921550596,0.7413695783412122
36429604,R2_alpha_guarding,-1.1453090998451276,-2.2953321242407885
36437212,R2_alpha_guarding,-1.4807488793021832,0.22516865203811862
36512901,R2_alpha_guarding,-1.3397533191172686,-1.3724314013835195
36564103,R2_alpha_guarding,0.6307072815586177,0.6802822262977679
36600859,R2_alpha_guarding,-0.9897499429446166,-1.1840892073680698
36662463,R2_alpha_guarding,-1.1362510304435882,-2.87692456930219
40131614,R2_alpha_guarding,0.9068553126405909,-0.534641553558484
4066312,R2_alpha_guarding,-0.15215413799069274,0.23718400221987906
40727118,R2_alpha_guarding,0.08722282066488829,3.0286214706900387
42427664,R2_alpha_guarding,0.5021480727948181,1.168632171423126
43728457,R2_alpha_guarding,-1.0697047076218713,-1.8222873119714655
44099084,R2_alpha_guarding,-0.08072586892056346,1.8767916466721717
44168447,R2_alpha_guarding,-0.6177466188015605,-1.8808851044055181
45156972,R2_alpha_guarding,0.12537125493058315,-0.2341396527081763
45857023,R2_alpha_guarding,-1.2209591143647478,-1.6194747048061402
46142566,R2_alpha_guarding,-0.6745865820169564,-0.45404730368842117
48572514,R2_alpha_guarding,0.2996171417117042,0.07771992215102962
49571946,R2_alpha_guarding,0.19511520926086184,0.5103818622311084
51208558,R2_alpha_guarding,-1.4442894992524438,-1.1170316631496788
51778361,R2_alpha_guarding,-0.9013121514836377,-0.16162357517798873
53490997,R2_alpha_guarding,-0.5700156329658013,-0.9745158960291677
53491020,R2_alpha_guarding,-0.404293684426444,-1.1435861378599765
53491063,R2_alpha_guarding,-1.023855362932167,-0.8326078350828168
54474410,R2_alpha_guarding,2.849168583185103,0.8263645251188122
55538972,R2_alpha_guarding,0.7989352117740987,1.2217986750694458
55583305,R2_alpha_guarding,-0.26702385224389785,-0.14739494139000947
55590890,R2_alpha_guarding,-0.4649602972438465,0.15828519531783516
55738401,R2_alpha_guarding,-1.3112996828897652,-0.21581266014816633
55817097,R2_alpha_guarding,0.7899179111566819,3.1138530162521207
55849103,R2_alpha_guarding,-0.4584129091547441,1.161978278248678
56916467,R2_alpha_guarding,0.44545372284214485,0.25549479393677255
57200226,R2_alpha_guarding,0.2468753775109829,-0.825749612593981
57216633,R2_alpha_guarding,0.8795589195443789,1.079697445416123
58013278,R2_alpha_guarding,0.08534470451990538,-2.002885716820193
58995736,R2_alpha_guarding,0.22867873272913128,-0.5220140535890962
60217302,R2_alpha_guarding,0.11300779349248016,1.6484763382630574
60416566,R2_alpha_guarding,0.4975004747724886,0.1362595951139499
60576722,R2_alpha_guarding,-0.35696700419261335,0.9540119098750731
60686882,R2_alpha_guarding,-0.5509217932147945,0.6293698240653226
60797616,R2_alpha_guarding,0.15102997300626433,1.1765548098876613
60809640,R2_alpha_guarding,0.03637475968066212,0.3071783114730004
61229235,R2_alpha_guarding,-0.4404971339397039,0.6033334731942325
61273778,R2_alpha_guarding,-0.48854340608823305,-0.02122586350440587
62316382,R2_alpha_guarding,-0.6170605124764144,0.34947916030985615
62322599,R2_alpha_guarding,0.31371231555093587,-0.03177762021119948
62626163,R2_alpha_guarding,-0.023433211700090852,-0.5827929986996707
63046139,R2_alpha_guarding,1.1723910010780463,0.5371885483309173
63095160,R2_alpha_guarding,-0.7796229595538581,0.5179351231389496
63130875,R2_alpha_guarding,-0.26377089792791397,0.30222262236707237
63830782,R2_alpha_guarding,1.3792887782815169,3.7490770597569125
75599070,R2_alpha_guarding,0.6817450486590984,0.19851891703190438
8686068,R2_alpha_guarding,-0.3773855521454867,0.9954501477826795
104659050,R_jealousy_possessiveness,-0.25481169533390446,-0.11935497028126778
11266880,R_jealousy_possessiveness,-0.32449782828746127,0.7238432451421836
123257687,R_jealousy_possessiveness,-0.7788906817687854,1.4466422335164995
123446478,R_jealousy_possessiveness,-0.2938407581707512,1.551089454136746
127305713,R_jealousy_possessiveness,0.709819442150012,0.3359077738906821
149105520,R_jealousy_possessiveness,0.5790132930462945,-0.15140435571946315
15197,R_jealousy_possessiveness,-0.8113033448079666,-0.05269383035795182
161913,R_jealousy_possessiveness,0.4875663509717516,-2.1088922230228118
17561022,R_jealousy_possessiveness,-0.44108712090423713,-1.046299708017201
1756703,R_jealousy_possessiveness,0.6287135269167405,0.05974797493393492
18692741,R_jealousy_possessiveness,0.236558199693223,-2.3626899147632807
201413413,R_jealousy_possessiveness,0.18253737830352137,-1.769955127819633
20346544,R_jealousy_possessiveness,-0.10113958536357257,-1.9244222337899237
208153130,R_jealousy_possessiveness,10.751862872310026,1.2851376106624335
21787,R_jealousy_possessiveness,-0.07380875300347618,-1.6805546060375915
22609391,R_jealousy_possessiveness,0.10725503563502911,0.6778309350743932
22707536,R_jealousy_possessiveness,0.20678338025800694,-0.6827529563525002
23518136,R_jealousy_possessiveness,-0.7091539186719829,-0.27280392643974777
27394781,R_jealousy_possessiveness,-1.1845403287060736,0.8238955290767667
28675670,R_jealousy_possessiveness,-0.39104075931516064,0.7273957865195227
28869598,R_jealousy_possessiveness,0.07434527557333419,-1.5480547848925852
28963772,R_jealousy_possessiveness,-0.2620035965150566,0.04189315187449738
29424551,R_jealousy_possessiveness,-0.3362063192758616,0.2845203381518903
29939161,R_jealousy_possessiveness,0.7568273683852145,0.4274227956495753
30291077,R_jealousy_possessiveness,-0.22897394272871502,-1.5185839253421158
30618705,R_jealousy_possessiveness,-0.14349855584856144,-2.058310011877581
30627346,R_jealousy_possessiveness,0.21468056829975266,-1.7164360795164242
306364,R_jealousy_possessiveness,0.11043057819555206,-0.7128313554097416
31276376,R_jealousy_possessiveness,-0.7863207568222474,0.9869556119759191
31424202,R_jealousy_possessiveness,-0.43548396116167465,1.4143500447767106
31625455,R_jealousy_possessiveness,-0.27529573758404835,0.8058180386298313
32195234,R_jealousy_possessiveness,-0.7515396987856693,0.9829354801558717
33743772,R_jealousy_possessiveness,-0.7954096867865161,1.0102950006581375
34272677,R_jealousy_possessiveness,-0.5655776639596194,1.0122746478622762
34322023,R_jealousy_possessiveness,0.34300371090884973,2.2667793775442786
34438741,R_jealousy_possessiveness,6.20063944287453,0.35521114310784135
34812836,R_jealousy_possessiveness,-0.274923518519326,0.10920427628728505
35008850,R_jealousy_possessiveness,-0.33222982600841866,0.27582119431945584
35053870,R_jealousy_possessiveness,-0.5417783772463494,0.3642783242069805
35109856,R_jealousy_possessiveness,-0.38041432243095974,0.9674302881213814
36429604,R_jealousy_possessiveness,-0.13795606228023718,-1.7861626348289321
36437212,R_jealousy_possessiveness,-1.1297634764298055,1.098434362845945
36512901,R_jealousy_possessiveness,-0.4227304476403155,-1.1466434062900384
36564103,R_jealousy_possessiveness,-0.02729689251940741,0.5901643357125735
36600859,R_jealousy_possessiveness,-0.4829213518309013,-1.4156135317262242
36662463,R_jealousy_possessiveness,0.3949333617187398,-2.8561164536263552
40131614,R_jealousy_possessiveness,1.1865638314441849,0.6409909244202928
4066312,R_jealousy_possessiveness,-0.09789322720333404,0.41989571541496046
40727118,R_jealousy_possessiveness,-0.8570139025549036,2.368418170025176
42427664,R_jealousy_possessiveness,-0.2873082435826829,0.5345761149858651
43728457,R_jealousy_possessiveness,-0.08815091062037346,-1.9005391674025331
44099084,R_jealousy_possessiveness,-0.48264975108076924,2.109024094246111
44168447,R_jealousy_possessiveness,0.16082134484699934,-2.1811676371847586
45156972,R_jealousy_possessiveness,0.04915855628904193,-0.4561363466699133
45857023,R_jealousy_possessiveness,-0.1614980494138268,-2.010554188437304
46142566,R_jealousy_possessiveness,-0.362975349650273,-0.7230519365448181
48572514,R_jealousy_possessiveness,-0.14831183175132545,-0.9060000804813991
49571946,R_jealousy_possessiveness,0.10269995961368779,0.9133486367773204
51208558,R_jealousy_possessiveness,-0.5041564945009426,-0.973141383859262
51778361,R_jealousy_possessiveness,-0.7658153689918693,0.0872399519980342
53490997,R_jealousy_possessiveness,-0.13983578206248423,-0.9203589117318087
53491020,R_jealousy_possessiveness,0.07363222277167555,-0.9808479740161055
53491063,R_jealousy_possessiveness,-0.773636242943498,-0.8139129157078709
54474410,R_jealousy_possessiveness,1.8571987789066517,0.5184480197821342
55538972,R_jealousy_possessiveness,-0.23182541886295668,0.40934540985433165
55583305,R_jealousy_possessiveness,-0.3634402073652602,0.0962356662011112
55590890,R_jealousy_possessiveness,-0.6175725667898327,-0.1275871391960302
55738401,R_jealousy_possessiveness,-1.054088533940366,0.3419750096901327
55817097,R_jealousy_possessiveness,-0.7657970957393501,2.690883712962684
55849103,R_jealousy_possessiveness,-0.6723935090458899,1.0692159628023155
56916467,R_jealousy_possessiveness,0.4892786469883063,0.950484976237712
57200226,R_jealousy_possessiveness,0.2580026957828249,-1.079674952311229
57216633,R_jealousy_possessiveness,0.0788674452777745,0.847466632730912
58013278,R_jealousy_possessiveness,1.0337336431067412,-1.1037642800987504
58995736,R_jealousy_possessiveness,0.20273552563346509,-0.8644834748676188
60217302,R_jealousy_possessiveness,-0.7531131884325499,1.231298874467211
60416566,R_jealousy_possessiveness,-0.041186887575211245,-0.47533720366858373
60576722,R_jealousy_possessiveness,-0.45108979730845594,1.1268999692310278
60686882,R_jealousy_possessiveness,-0.6720620707806914,0.8843898612448223
60797616,R_jealousy_possessiveness,-0.5697082869424381,0.8988519225237124
60809640,R_jealousy_possessiveness,-0.17261792863358147,0.9299598112569248
61229235,R_jealousy_possessiveness,-0.522989164670423,0.5112992094555638
61273778,R_jealousy_possessiveness,-0.24672518969231558,0.16749699891376874
62316382,R_jealousy_possessiveness,-0.6248761210998762,0.6041396160715841
62322599,R_jealousy_possessiveness,-0.07102255239399867,0.15195531195788983
62626163,R_jealousy_possessiveness,0.1897740531071899,-0.3802798344732457
63046139,R_jealousy_possessiveness,1.2206833285618508,0.7663492868510525
63095160,R_jealousy_possessiveness,-0.7954806529215562,0.7425280087856132
63130875,R_jealousy_possessiveness,-0.4547670206887672,0.4318553739157188
63830782,R_jealousy_possessiveness,-0.7307905082335339,0.7032195436615378
75599070,R_jealousy_possessiveness,-0.18832445569331702,-1.4926934037604105
8686068,R_jealousy_possessiveness,-0.5445645376972537,0.5470351252238822
104659050,S_scene_anchors,1.5120974276460826,-0.5301856265068688
11266880,S_scene_anchors,-2.246517733745228,-0.35091007265409063
123257687,S_scene_anchors,-2.172496857196472,-0.3612584840473426
123446478,S_scene_anchors,-0.8041729943476625,-0.2002223175145083
127305713,S_scene_anchors,-1.8532860973549736,-0.08621083690481757
149105520,S_scene_anchors,-3.467793551714293,-0.6182316424749251
15197,S_scene_anchors,-0.8749264084625142,0.46304450369247946
161913,S_scene_anchors,3.6751641708584954,-2.2436867791461452
17561022,S_scene_anchors,3.197070574167392,-0.11715812537275937
1756703,S_scene_anchors,-3.42861254762892,-0.6050540800121946
18692741,S_scene_anchors,2.984500010663692,-0.4016284890251096
201413413,S_scene_anchors,1.788100834535373,-0.44996736268371657
20346544,S_scene_anchors,3.6358803928975787,-0.6297433321549063
208153130,S_scene_anchors,-1.6185444234497293,-0.8643149744476154
21787,S_scene_anchors,3.5949425565514805,-0.39952670155233566
22609391,S_scene_anchors,-0.6326373782180246,-0.3536129224541571
22707536,S_scene_anchors,-2.5346854014511204,-0.36209430663794173
23518136,S_scene_anchors,3.833782993523242,-0.7466731440908597
27394781,S_scene_anchors,4.2777346345303355,-0.9767993916702706
28675670,S_scene_anchors,-1.7297923572616287,2.294142553025158
28869598,S_scene_anchors,3.653163059941585,4.02903779552163
28963772,S_scene_anchors,-1.5287911559879812,-0.4979886240681118
29424551,S_scene_anchors,-0.35705293749165373,2.3057307098112063
29939161,S_scene_anchors,-5.172357743471132,0.22517565648418839
30291077,S_scene_anchors,3.697550874548048,-0.13953018973768214
30618705,S_scene_anchors,3.721124951903184,-0.3159064789899984
30627346,S_scene_anchors,3.947946995616075,5.588022684463697
306364,S_scene_anchors,-2.9861815159029237,-1.0241398257331131
31276376,S_scene_anchors,-0.619958372849828,1.253522947561839
31424202,S_scene_anchors,-1.0052195494062746,0.5884444233801885
31625455,S_scene_anchors,1.3023204108095705,-0.4535723702727712
32195234,S_scene_anchors,-0.09307218932172,0.222791246304786
33743772,S_scene_anchors,0.4784023587589992,-0.307127093900906
34272677,S_scene_anchors,-5.137857914369378,0.3481006767976003
34322023,S_scene_anchors,-0.244098074457941,-0.8134696501130985
34438741,S_scene_anchors,-0.7042304695144468,-0.6683343043369455
34812836,S_scene_anchors,0.7299665285816053,-0.32980643908557083
35008850,S_scene_anchors,-1.5277887306351932,-0.3926891196657599
35053870,S_scene_anchors,0.1539905897720499,10.614709555334557
35109856,S_scene_anchors,-0.6880976782819763,-0.6494155246284986
36429604,S_scene_anchors,1.9948844753811472,-1.0533637941320713
36437212,S_scene_anchors,-4.448092756328135,-0.12611843044064908
36512901,S_scene_anchors,2.7514324609979104,-0.9181118772507467
36564103,S_scene_anchors,-4.869364811469391,-0.12372964204452461
36600859,S_scene_anchors,3.680542347017805,-0.35234137589909476
36662463,S_scene_anchors,3.3542536174790842,0.09450073655033929
40131614,S_scene_anchors,-3.375141325857268,-0.2568658046531869
4066312,S_scene_anchors,-2.3716694123555904,-0.378943053525139
40727118,S_scene_anchors,-1.2548889882971879,-0.5848956121546823
42427664,S_scene_anchors,-2.438496118649866,-0.2800021102814894
43728457,S_scene_anchors,4.376601148318375,-0.3132147066026266
44099084,S_scene_anchors,1.182520151662993,-0.06264176843785456
44168447,S_scene_anchors,4.104452451753806,-0.5475266348701083
45156972,S_scene_anchors,-3.2262493263518666,0.5481919483086516
45857023,S_scene_anchors,3.980189519176242,-0.1655574071318976
46142566,S_scene_anchors,3.4696988888981033,-0.6392460608489183
48572514,S_scene_anchors,-1.07896173387363,-0.1296613349071551
49571946,S_scene_anchors,-2.5926282362592055,-0.196954105530366
51208558,S_scene_anchors,4.386911879951817,-0.6558743326141693
51778361,S_scene_anchors,-1.2471420558926678,0.27856365545495565
53490997,S_scene_anchors,4.001158514544547,-0.7340770973221329
53491020,S_scene_anchors,3.7648364302943964,-1.2565833545971528
53491063,S_scene_anchors,2.512318839165194,-0.28278167809229665
54474410,S_scene_anchors,-2.05578566759636,-0.10696345370598273
55538972,S_scene_anchors,-1.1978003205776786,0.02793439946451186
55583305,S_scene_anchors,-2.7293488758418323,-0.24779491405602097
55590890,S_scene_anchors,-0.7230543551979903,-0.24925341677357535
55738401,S_scene_anchors,1.5242737248844318,-0.16447065671375474
55817097,S_scene_anchors,-3.933233294815166,-0.38302599106525553
55849103,S_scene_anchors,-1.384842023896627,-0.1765130857884507
56916467,S_scene_anchors,0.6791997681456811,-0.44452082940634124
57200226,S_scene_anchors,-3.1485663483738486,0.2825451764954347
57216633,S_scene_anchors,0.24132138552760382,0.49887085513962076
58013278,S_scene_anchors,0.7020009617745631,2.290069513931402
58995736,S_scene_anchors,0.5230165693141845,-0.3634301862567956
60217302,S_scene_anchors,-2.5264047989233713,-0.3177982376084322
60416566,S_scene_anchors,-1.7215192693523438,0.20282686000648956
60576722,S_scene_anchors,0.382731757401947,-0.3532705205022549
60686882,S_scene_anchors,-1.1503463442471904,-0.6740435805991672
60797616,S_scene_anchors,0.2406933454349276,-0.0735530764605106
60809640,S_scene_anchors,-1.8632290965082836,-0.18366079918825395
61229235,S_scene_anchors,-1.3165288044933479,-0.7568247523644779
61273778,S_scene_anchors,-0.5332456484868884,-0.3665346607348737
62316382,S_scene_anchors,2.5370122630359475,-0.5774975369576115
62322599,S_scene_anchors,0.844865538626723,-0.391657406932639
62626163,S_scene_anchors,-0.11386548071935716,-0.5605367167147974
63046139,S_scene_anchors,-3.6373112755414265,0.05894544895809304
63095160,S_scene_anchors,1.4207561566149105,-0.8388568778012828
63130875,S_scene_anchors,0.17390840684193923,-0.4532021856914264
63830782,S_scene_anchors,-2.36689675644117,-0.03217648233799464
75599070,S_scene_anchors,0.677579167287985,0.25734476031079495
8686068,S_scene_anchors,-0.9581139259683548,0.19081765188155225
