book_id,segment,A1_commitment_vows,A2_emotional_safety,A3_everyday_tenderness,B1_attraction_chemistry,B2_emotional_intimacy,C_explicit_eroticism,D_power_wealth_luxury,E_coercion_brutality_danger,F1_sadness_grief,F2_anger_frustration,F3_anxiety_worry,G_courtship_rituals_gifts,L_vices_addictions,M_health_recovery_growth,H_domestic_nesting,I_humor_lightness,J_social_support_kin,K_professional_intrusion,N_separation_reunion,O_aesthetics_appearance,Q_miscommunication,Q_repair,R1_protective_caretaking,R2_alpha_guarding,R_jealousy_possessiveness,S_scene_anchors
104659050,begin,-0.28198019766523746,-0.7082803770408751,-0.37189235480809907,0.8288479092140216,-0.6858006093009356,-0.10364636733589752,-0.30697654207201525,0.13131506176784474,0.8474608980926599,2.3528020403055105,-0.10482148875105714,0.39664592718646596,0.2532562129778066,-0.5795996145979716,-0.1820640937881816,-0.2811982002746913,-0.6162519171480028,-0.5266156529846212,-0.8781956825071332,-0.4910479888390339,-0.11823319052285099,0.20461104769491364,-0.11231341619402044,-0.6992941019880755,-0.6462536405018301,1.0954382129193614
104659050,end,-0.36488851847735604,-0.7046906547828746,-0.434299716134982,-0.002149446140756183,-0.718886863962099,-0.047839630982169645,-0.07228637347045959,2.586824625111501,-0.3052480788838282,-0.40427889853370147,-0.23345389152789373,0.1835806880996447,1.4585172091611858,-0.5835521499841679,-0.10639770675147231,-0.44685533641865904,0.4556755850879369,-0.21331458654080798,-0.7343590028614533,-0.37665194594276585,0.28685583715183066,1.4560542285649476,-0.20379822413786539,-0.75212627438854,-0.6754427637278675,0.8326838688173803
104659050,middle,0.04684214338115267,0.1646931021114663,-0.5630800484968405,-0.014533238910164408,-0.7327621986466295,0.3691518000914787,-0.3049563642134038,-0.4355207209545445,-0.30359670327632804,-0.40195305714664153,-0.25753441035848895,-0.28427098315367844,0.05176414957045261,0.15460499963702642,-0.015240252418021086,-0.3360824754212449,-0.33249456604220534,1.5950478615425352,-0.921022398618003,3.009114018204313,-0.5153784826382554,1.6560668300425492,-0.42267267713579704,1.2426632656368088,1.3888202765124613,0.27865793578094
11266880,begin,-0.4427174880056984,1.6339393045387993,-0.638224392415903,-0.07996895343080028,-0.2810793825544586,0.28010019247818746,-0.17970122036692962,1.041726307810698,-0.19596541345675056,-0.386955640829891,-0.34892817043460755,-0.2706533554207949,0.052202099742469,-0.8306430099228281,-0.19677404927389405,-0.5296921697801886,-0.6738974962384471,-0.27016963463346183,-0.4308212761780297,1.9757604003714724,-0.6587940417472269,1.2199673665995654,-0.5199633734159866,0.25874518867393687,0.34420139059195737,0.8136627589460583
11266880,end,-0.3914653270416179,0.9465649343053012,0.1342260084677091,0.4000902479095739,0.13796692635214705,-0.23786792980966012,0.3245504073023899,-0.18654841596292696,0.16174821636681935,-0.3260296508823075,5.6853284395697745,-0.7474019554777602,-0.303123090854772,0.4492176715209909,-0.4455860072078588,-0.3671228262161255,-0.5242452692267133,0.0384902371493649,-0.8479830096171157,-0.21524429731404177,-0.6678996374197371,0.6861328605298391,-0.24290608592994173,-0.6804244192300153,-0.6343545566127972,0.004619118443702348
11266880,middle,-0.42568496709074405,0.8885980599284278,0.042315192698384935,-0.24014575179808514,-0.6780475420913535,0.08010921200672733,-0.7277419478225473,-0.2717967780482376,0.048651804681764776,1.8100790413661256,-0.29420171288263874,-0.3790801165545006,-0.6296169002330848,-0.329881478206526,-0.7304793934652805,-0.4382581921797711,-0.965722647166308,0.4728266391602177,0.7888302008383464,-0.13001776458248102,-0.968417790482388,1.5117074096124148,0.6348080636289976,-0.6540120794834667,-0.6213005901074974,0.0010622715623769255
123257687,begin,-0.3919635891950718,0.8682253325865952,0.6575561674050111,-0.24179994674363764,1.4667481728773333,-1.2360028811385892,-0.142839616446376,0.6321334853695756,-0.6744989487476662,-0.4001279161617516,-0.28568380697162465,0.9865321116847494,0.7740622099740927,0.5255638052012468,-0.2359477477568264,-0.32003109593445644,-0.8391877260776283,1.588593142714162,1.6460102236488172,-0.40348249854045515,0.19979199333719141,0.6163680371673131,-0.5334085949470126,-0.3804194856571196,-0.6816651654130628,0.4858395642488043
123257687,end,-0.02064351042757135,-0.07618478739562456,-0.577438865150584,-1.0471585090681208,-0.27426736121196904,-0.7993869820979747,1.606666454956275,-0.4738184659680007,-0.38055222242854364,-0.3211504190516444,-0.20546131938748222,0.10262950510057144,-1.290973792398822,-0.7692269610970267,0.1618439985718468,0.20286337354511466,2.2980522122430247,0.09895807014673993,-0.8767579446373951,-0.4907806822592606,1.753617385244949,0.21786533775218078,-0.47075159836869473,-0.6921649979678544,-0.6451025909756997,0.19654203647147964
123257687,middle,-0.2929574258330707,0.7559061067641548,-0.6260358979788212,0.3332072370112222,-0.7240257787262626,-0.3877738281025561,-0.027463838046676178,-0.6051546911054256,-0.6472075871160642,-0.41114703816172493,-0.2724951088933632,-0.05361592027863262,-0.7529837596205985,0.12766799222928688,-0.27918078717691724,-0.33902932666443736,-0.11676953612047428,0.3414534802693938,1.7899825334182138,-0.32911061663259605,-0.46593756618003734,0.1639282937859613,-0.5325502656502983,0.7304535283718699,0.8498897481396811,-0.5009300918800145
123446478,begin,-0.43411613285625106,3.2509155914681043,0.30742242340909215,0.091969311278486,0.9946237846546819,-0.9038335507000768,0.2071367087465162,-0.20408599656047768,0.2231128843735193,-0.4046526243889658,-0.3060558754483454,-0.8132758123601287,-0.43365895488900635,-0.14779129236806812,0.43906948129720924,-0.5226614421219693,-0.358265457037129,-0.012588369432411976,0.5827502897152705,-0.4047041284686688,-0.13297532822663116,3.6254372845844163,1.1118033327614905,0.6812777161588037,0.7621769677756521,-0.5782081329691774
123446478,end,-0.40261446234004217,-0.024616511215308955,2.0690460758246996,-0.7306057855646227,2.99694521943486,-0.16603584552146752,-0.37570424972934097,-0.5886866004673929,-0.6213331734135163,-0.4096314118600142,-0.2584065396263974,0.0025556220456537724,-0.8583622112225834,1.5809716063087873,0.47987720179800464,-0.33198335676481244,-0.5968278532255291,-0.004830926395166422,0.3573314060865678,-0.527769971480477,-0.9767872621437289,0.5217833881512588,-0.479407353277648,1.9206448305710895,1.3148713829277299,0.44999523950330783
123446478,middle,-0.43678317167245156,-0.7170469893174499,-0.6324742846564844,-1.2981560033701018,-0.22189198646502095,-0.023196273302169706,0.21925142023493777,1.0378831913461688,-0.600984651412734,-0.4336192963702125,-0.3062700707958084,-0.8246819429135723,-0.8742619554074329,-0.6187542939466627,-0.41221218628001877,-0.5193296448471896,-0.4530876755183346,0.3505562675360722,-0.9359949825384216,1.3006467587107795,-0.8106160114080531,-0.1492861430142644,-0.5299114748243945,2.1428299623256057,2.311416256353198,0.1410390620399952
127305713,begin,0.04032957611389605,0.30442459504825314,-0.5672098032512296,-0.9500796878500513,0.9451072312593791,-0.7917670497299122,-0.43538349126188924,-0.42158017582551766,-0.27963881904806753,-0.43650578138460827,-0.29665711620854845,-0.4552404430284185,-0.7429177433324805,0.10650565493035717,0.883647305805916,0.112467552278934,-0.08813110654932052,0.5707139246688576,0.3178548248320239,-0.45485841777978353,0.11407780290712466,0.13675165692449742,-0.4258792722638719,-0.753225324128552,-0.6715734357183158,-0.6107104102511949
127305713,end,-0.4388883092175808,0.080673148989124,-0.5995013949463271,-0.38754025152806687,-0.7358485325698367,-1.076360205256997,-0.693833969720082,-0.5688241866427455,-0.5862267811911428,-0.40701811619339107,-0.27512933117405797,0.2652358396281465,0.33188871814777504,0.4438975084956084,0.5899894914096716,0.03589753636310167,-0.21939894463712256,-1.2315413731528795,0.8623151528625002,-0.46575953832208905,0.15126444188939123,0.17099808297507155,-0.4857581500261924,1.2663514897199812,-0.3193182254881715,0.49200605272730175
127305713,middle,-0.18392818818561107,-0.018533505777831593,0.3777815681237822,-0.2952935472183449,0.5164863886436456,-0.2944753878275589,-0.6803141268158097,-0.3815990896798779,-0.218252914858716,-0.36652372851931336,-0.1970587498351904,-0.3850238378012315,-1.0019231435613758,-0.10029850927092705,1.0584655476487188,-0.038589108461201754,-0.3957160904134905,0.5618061743766288,0.06274474846230706,-0.1925507025470657,0.13421491597290905,1.2004015791400384,-0.2736561721429006,1.1714817553655805,1.2661401958921215,0.03686139971911267
149105520,begin,-0.12284491121034478,-0.7246161010975168,-0.5637291358516925,0.5979713897371846,0.08069877529754753,-1.1288054446112339,0.31875337996041864,-0.4579385651244607,-0.3311291484888961,4.6110150272326385,-0.3211566592900038,-0.8401704680583235,1.5443673349370766,0.1467456223962571,0.24232428475131007,-0.12658940035731983,-0.6526532173275097,0.3833823145712911,1.7674782055895142,2.3280291814300975,0.4728055453706848,-0.12864717770326414,-0.4056222461718905,0.4094282086112058,0.5469317672091407,-1.5234359866507803
149105520,end,-0.45128476256590977,-0.7217721881822848,-0.23481092760150854,0.28247665365089203,-0.7245675094407441,-0.44447123501818103,-0.41788003681948704,0.21085383602087654,1.0005318166474744,-0.40783194879190765,-0.22925567340723216,-0.8289166667469391,-0.48309452497357663,-0.34616134693327655,-0.7550790778120409,-0.4468135980936583,-0.8711535705944022,0.04859049339762332,4.205927525426679,3.1540431163297242,0.2069444265097338,-1.0470831533828895,0.16180626753546282,-0.7171912030657884,-0.65135148642927,0.4439794690246622
149105520,middle,-0.4444300216875653,-0.7164373569496388,-0.575869685540404,1.1647396003484964,-0.6626232458649628,-0.5649866747338725,-1.1682764513167743,-0.2804488584128309,0.030476607228563626,-0.3180081656700362,-0.20742007691898767,-0.13764196281900384,2.013557342150156,0.5994672686267749,0.7789988933635268,0.25831134090741054,0.5633006217694723,-0.3281055591328328,-0.9246773388504913,-0.07857461065449071,1.5285859318055843,-1.0026818885977467,-0.45739551018004204,-0.671883090972515,-0.6303184609907242,1.9395493906873194
15197,begin,0.06709479046471285,-0.6946863438466275,-0.38147959849073054,0.8084714287088944,-0.5961798636732194,0.3404612105096493,0.8049836681830737,-0.21768672965103725,0.10991328740422361,-0.28849713252166204,-0.07938128150617965,-0.7096158847266896,0.5750291608852436,-0.6730760327538226,-0.30674941454612875,-0.10789160107672358,-0.1346929993614253,0.23002524884189132,0.5400113741349432,-0.3310757858322737,0.1009937513085062,-0.9203254458570674,-0.1733161126393805,-0.5671165799862303,-0.5654268594139922,-1.0059760648416747
15197,end,-0.14113417726666985,-0.7122322562443499,0.8473804380951826,-0.2859763483640925,1.1355420865524861,-1.002698849502434,-0.37658091414983463,-0.44356176445947226,-0.323356654110127,-0.15582023597943745,-0.2994339644425269,-0.8193465379954553,-1.1627007127155644,0.27152208299175357,-0.4464537091175672,-0.43663749064341423,0.08262708199380253,-0.3031139592324372,1.289916894598271,2.350863518069867,0.7530322366489688,-0.6785853946939762,-0.2533702200445753,-0.7133262340827399,-0.6526759638090648,-0.8314701050298071
15197,middle,0.25292037998348754,0.5106536001721069,-0.4436386522773325,-0.059315990913970204,-0.7594235258700792,-0.15126274330148767,0.03076449663497471,-0.06397310743821656,0.4763033537414317,-0.4229518005354035,-0.3187186256973075,3.4094724784780555,0.9262806081937737,-0.6624708619650475,-0.6370318719741499,-0.19810224599803275,-0.11309305503353988,-1.4239246421455691,1.178976846608402,-0.39870972127147913,0.5020524336502624,0.12063045629781274,-0.1928624779455596,-0.7840880546773333,-0.6964074543812091,2.4090361717473425
161913,begin,-0.42474221582362215,-0.7122090708502978,-0.5140593811789417,2.01438934842043,0.6745342419525076,0.3559975417004116,1.5900020938158297,-0.27753230099001536,0.018615679463492654,-0.263264483176186,-0.2252554763028962,0.40835371530437503,-0.6043632937907183,-0.3869729594839013,0.7511544255723012,-0.1446184590074258,-0.40611724042331854,-1.2932911816502535,-0.9112398701400558,-0.463775403649691,0.012752660764044809,-1.0233434363087626,-0.3455321289100617,-0.6691799039148556,-0.6265547805636514,-0.38428424338668465
161913,end,-0.41547671839594763,0.3507917803183183,0.8315934668730889,0.36642840230352985,-0.6776227009698007,-0.7706116681050914,2.264416871672807,2.653811283925494,-0.03673154476302063,-0.30126285707434197,-0.11021365556283141,1.3505436333276093,1.1882782784634223,0.38946260448081954,1.5578500185821256,-0.43104567895803875,-0.7222095229188631,0.9392234392548885,-0.8849809018370176,-0.48336694052288276,-0.4104899350008975,0.01839291522340577,1.9747050385691447,-0.6755086289893625,-0.6263606976500168,1.1844290717993646
161913,middle,-0.41176617850286884,-0.6975451001898522,-0.3021516471536093,0.3556089986167279,0.11132694353824078,-0.8362482948542952,0.7718211988662838,-0.0484143481079382,0.44378090728186315,-0.35240006995075707,-0.2172188756797441,0.6740486784253438,0.022247626572365384,-0.553467316360771,0.7925457116725027,-0.03198018899463645,0.7083510464909502,-0.5808470871887293,-0.870902210220422,-0.508318490306482,0.41116434293920573,1.0978525699489474,0.01619948642586586,0.03214255702066227,-0.6480072325903253,0.8872420398548785
17561022,begin,-0.4040206005622411,-0.6993198447056922,1.1943653335380697,0.07045647529118348,0.3224365040905221,1.6493010836857256,-0.25454496811453,-0.14518169545286289,0.2678949511663462,-0.2734224962402523,-0.11996846014367223,0.8700768940423436,0.33229345034969887,0.685583951253387,-0.09847504676113816,0.606979358304798,-0.6172350566302297,0.47155435988338734,-0.85882894449304,-0.4663672477582059,-0.9030252847733518,-0.8846146302998341,1.3884080587866172,0.7163429943154063,0.791280904493996,0.809712078212512
17561022,end,-0.4037008005663694,-0.69583338498953,0.4909999995901956,-0.7843475682977559,0.533481942191721,1.8024335149745818,0.43355890007421527,-0.07847304966628695,0.39483625589001825,-0.33067505949550563,-0.07998534059020147,0.5016376759308712,0.5115795699126418,0.5968666940019295,-0.8777143683920033,-0.4033142356128451,2.250375932056479,-0.504726616630117,0.09856516130795438,-0.49800314001240586,0.5715580277675699,-0.5938799923250941,-0.11630721836714901,-0.6805383173469058,-0.6280898668568905,-0.4113079927142269
17561022,middle,-0.024431357882866732,-0.6896920816733888,-0.4921136137453091,-0.9386955118876594,-0.6316989434003626,0.9740610589788228,1.208056329155929,-0.31481425893860393,-0.11140791045668108,-0.27139840279380034,-0.10063786207211985,-0.16364468183148076,-0.577274890090731,-0.6672260489155064,-1.0144346127180741,-0.4224230152533841,3.6092530433528323,-1.072398399990331,-0.8361069735783253,-0.4778165816405086,0.7878318402197733,-0.3481595287599203,-0.35379703404852153,-0.09454541922903986,-0.04405238417522595,-0.22420353828785436
1756703,begin,1.472765196396716,-0.0853546141479131,-0.5484103306499553,0.19087600124626306,-0.6039629644522121,-0.7878590691435892,0.6200211004953584,-0.316272970627084,-0.09937869709131276,-0.2887313304324882,-0.11093255557091616,-0.29178851023947056,-0.8506283662462667,-0.5784754750546228,-0.1402683726401753,-0.22392840818936102,-0.11212200855231445,0.32499298386692427,-0.39892990242179033,-0.3287121141118082,-0.8763952177716717,0.24903905423330153,-0.4695513592397133,-0.5932757746505994,-0.5806167911024878,1.7522905116067244
1756703,end,-0.16822657799023702,-0.7008254485363776,-0.1365921651492759,2.811573153262996,-0.18499762205164405,-1.1352619208433772,-0.8098664735786232,-0.47283083878734405,-0.414740717618051,-0.3393692341991221,-0.21260931252339396,-0.6985025297207854,-1.1747374647977757,-0.053999406461379,-0.18828350248007214,-0.026807808292444342,-0.7064757710253355,0.9486749454769082,-0.27030237991721673,-0.3368815671435085,-0.9004768496380315,-1.0158779894348973,0.27075574370490985,-0.655439128872132,-0.6154426446211128,1.3084595321402848
1756703,middle,-0.007324367136212381,-0.7016814535856686,-0.5862445207660058,2.9426453980811544,-0.21556021812331602,-0.9933234000900945,1.2957124121137438,-0.5956324344855781,-0.6759384770040802,-0.35076644096107534,-0.19948527730520987,-0.7199121516600671,-0.99493790014526,-0.7763996088446989,-1.0865003087010363,-0.23399415125508577,1.3898599182361102,-0.43398261409011424,-0.8781524670085716,-0.2199773030819113,-0.3043845199328133,-1.017573529138402,-0.5136627672617822,-0.692993663085115,-0.6374179637155845,-0.5584961607593405
18692741,begin,1.7566088884310604,0.11784956319995263,-0.5533367385321362,-0.7606415198770436,-0.6446856434153506,-1.1618932126029886,-0.19127057499429784,1.383936010017076,3.3916855481023926,-0.24353552836382408,-0.13941549123924427,-0.3609561984555553,1.3669740530865937,-0.7322111904390263,2.7617409126113195,0.33699733629836087,0.25460232336491584,-0.8005110393035384,1.2730587613776565,-0.46253334450705136,-0.48099919715087486,-0.20155345275997666,-0.44688475377705655,-0.6200465429802575,-0.5935457589991822,-0.3593014638701837
18692741,end,0.5658268723518879,-0.7103935449618013,1.098370304851587,-0.7164951682831213,0.5713057817006857,0.05327909934636846,-0.49913448015441786,-0.29980802139096013,-0.03559750570708145,-0.34370008161175974,-0.2513413927858094,-0.06775479390506893,0.9497223926347522,0.9895779174574146,3.3667628576483777,-0.46378822937611114,-0.7339681385516311,-0.6312191894176926,-0.9108279649378651,-0.5000183980028302,-0.5470650066916811,-0.8178803620086444,0.8674945942334927,-0.7007007454314292,-0.6369973779204114,-0.33795006720910714
18692741,middle,-0.11327921723111939,1.4783007774462453,0.23953139872136348,-0.9023377793412733,-0.7023938628955047,0.9467441078349981,-0.7406978162505533,-0.3137224940692454,-0.065323090739995,-0.3438986071075905,-0.2370813647585585,0.3834848336055534,0.507537275887557,-0.1207250051021515,1.698813817774684,-0.4774215782961084,-0.28036774992735974,-0.2776883705291123,-0.9047567442240301,-0.500834683064717,-0.6163992111489114,0.4197199419853984,0.9597163215714701,1.4629918023773374,1.592187930836293,-0.7445802057406331
201413413,begin,-0.40592659429233535,-0.6953560526623367,-0.4411660097475282,-1.2133607909425674,-0.6588452295398539,0.23509711067664027,-0.7779786801140243,1.5321546604379852,3.6643797201340678,-0.32921916262988776,-0.13746524907676008,-0.1060877683212597,-0.8631178403359118,-0.6584435302355177,-1.4327101156775377,-0.41182128403928175,-0.7341927259100463,0.9106807763633118,-0.24893801706106608,-0.506966229092708,-0.906750281188986,-0.6617184997068907,-0.27405678827019847,-0.6558484410706188,-0.6072215208695272,-0.9144162484767605
201413413,end,-0.38462533952277733,-0.6793505650527832,0.7890357605738578,-0.8583869792238886,-0.6094048650924215,-0.0013582677374990829,-0.08191031178478006,-0.381678760405856,-0.28815543195114757,-0.27889918024553034,-0.07149386453801881,-0.13295363191454213,-0.3743148046752593,0.8671335416571264,-0.40575375825278354,-0.3718882047320658,-0.7630966475045758,-0.5069865812543097,-0.798489493045825,-0.4904131515106919,-0.8393871603608898,0.13085650240715282,1.8317886054344878,-0.5908143864275308,-0.5661283601705309,-0.3949988381280559
201413413,middle,-0.3762245721322142,0.3039767166220233,-0.21910198184715257,-0.6925802183463086,0.2401063492364494,-0.7565022801158866,-0.7603126858843064,-0.14590753027701164,0.20231032904976193,-0.2620127803050537,-0.039877786022545395,0.5405387211193643,0.0273097460671007,-0.5447989154337081,-0.5675437428698462,-0.3768713756326556,-0.5861573073771228,3.0572783864316726,-0.7916317481297622,-0.4810076666655566,-0.8263476743678833,0.9133622531954643,0.07709280168107753,-0.5825317890189058,-0.5657277315155814,0.9498017620967917
20346544,begin,-0.3675960742391423,-0.6699120642218271,-0.433130591501556,-0.9569608424790071,-0.5294853178235303,-1.050837104423078,5.774605494916335,-0.1979958488186938,0.09774525113057643,-0.15060449290380548,0.12152743199623521,-0.09564926143463864,6.070366503398572,-0.5817988106213577,-0.12320425332402596,-0.2865472342250066,6.822182157441097,-0.9558523539452112,0.14892810744422222,-0.44183314003385415,-0.24133441183791438,-0.8625157524625602,-0.3240787646096415,-0.48049390298032774,-0.5038344329434392,-0.6190016972303702
20346544,end,-0.3852801527198065,-0.6875247422867408,-0.4522008223474449,-1.109902326782864,-0.6168907819142472,0.22516136851151944,1.4072435320580319,-0.3119935669692941,-0.11160541425090607,-0.2905372903567652,0.017476644117991377,-0.6919044056094877,1.230148195691816,-0.6399332090528027,0.7991210418312832,-0.271221294917793,3.1423957952711383,-0.7093610578444668,-0.8031906608716392,-0.49178725789413064,-0.8544625594030342,0.1667542822247301,-0.31421467291467586,0.36998356910986213,0.4289257283690823,0.5830897393102334
20346544,middle,-0.40948164536117343,-0.702010403151488,1.1842326178638451,-0.9885328017427618,0.3966248867092961,2.874626861140433,2.0235453670430075,-0.1073212770165186,0.3418455068152835,-0.34801635528886327,-0.09800520537082076,-0.15829623018835873,2.6312245849636877,0.6492926589046161,-0.0732305694688237,-0.4212623367749155,2.259889263300886,-1.2511476085445588,-0.06543602990552151,-0.5073357807884165,-0.283981467971246,-0.37223229550119163,1.2382844179352877,-0.6836650867995191,-0.6274662485229272,-0.6227680729104714
208153130,begin,-0.301830062989072,0.5594371669757984,-0.0006363725997057608,0.26851610086948113,-0.07770103540469331,0.26060716164337216,-0.3121939341377529,0.42776546368396096,-0.041507906424866584,-0.3931146607549715,-0.3345987700442648,1.0464684522147187,0.44136496942521597,-0.45587671008488256,-0.33262467059379053,-0.3664999490334829,-0.8489728006754627,0.10941068616095899,0.757573408172573,-0.18856598465887958,-0.5943828071818066,-0.00020274231398513298,-0.20908418123797365,0.6703831811151514,0.4264988185490085,1.5399627035010657
208153130,end,-0.44032860840007165,0.7878670434476501,-0.1530181773046417,0.24844017478323138,-0.15953343115883079,0.10345077904755312,-0.07609828723522499,-0.1863390547073085,0.23176167127988836,-0.40693136957232806,-0.2929493300039866,0.44028693227137333,0.38362812805219915,-0.1626526763282404,-0.4099580665514227,-0.42080884402266244,-0.6652937459160558,-0.3973737746686464,0.44462957784098217,0.980979602415561,-0.17729995504607932,0.45792631788827765,-0.3779784383714299,0.6693732365445568,0.0009668332150867985,0.4977624883568405
208153130,middle,-0.45079979645692253,0.1884790435921078,-0.1392590961392175,0.27679473859030146,0.1284335921954334,0.943708335448889,-0.7931474776948286,0.30537575483435686,-0.34243220254577306,-0.4056738366006698,-0.3300175456580769,-0.5377603502020779,0.07802308532440767,-0.33011481574765594,-0.2804743513596384,-0.019987242589610342,-1.0335386907650517,-0.4939544809294064,0.4329464554859271,1.5395424225487508,-1.016925189181003,-0.22833070405482847,-0.3937035312945924,1.6044058798281995,1.768563186457975,-0.3155539772722189
21787,begin,-0.44011859829143946,-0.7177619673938326,2.1031744696336694,-0.041270462317186556,0.9658636982678405,1.287154533874101,-0.7759294854612431,-0.6184453457842816,-0.6613585410376595,-0.42668611551343044,-0.297872620461465,0.33962176010856443,0.925562838654428,1.3653633959636233,-0.29312583792111907,-0.5497815503226212,0.12791135462079878,-0.2701357391279285,0.20363596549472923,-0.5182926211599379,0.21881207446372222,-1.07682731905541,2.0907563911193687,-0.787707014445672,-0.6931609882042554,-0.5296582719811853
21787,end,-0.445994369107422,-0.7190010745517171,-0.6364074545342134,-0.2756367398293125,-0.7439992316011851,1.7120600267753112,-0.798800605760203,-0.5482812990246716,-0.5130958531317678,-0.36988816754425774,-0.3417191215131401,-0.8355523632165051,0.21236504146323976,-0.8406920232802872,-0.5618400679489648,-0.5534667843477046,-1.1510106110995917,-1.2992152652130697,0.7218536197323238,-0.49601283081023956,-1.023520379225576,-0.6583659518107159,-0.5228930751140533,-0.751768721884844,-0.674791958433493,1.3685782530307096
21787,middle,-0.4431721775634736,5.014851339205266,-0.04340108069238463,-1.3751233559257072,-0.786352043470527,2.2413004785750865,-0.4866098299435427,-0.017652600468107217,0.5796694262632033,-0.48147538097291326,-0.34736987901728505,-0.8321437673494888,-1.4367711492267883,0.7841855280551471,-1.2263260002369984,-0.5016411874242651,-0.9961917252235214,-0.2630407757309537,-0.9580107728693255,-0.5454295764552366,-1.0461812534703014,1.5400612107364728,0.518860062295552,-0.8280225704171522,-0.7193643886893055,-0.5734867951252184
22609391,begin,-0.16514785167951604,0.3162530073604504,-0.5770331939269748,-0.48358552817331785,-0.7231166754305082,-0.7105073505771241,-0.4210564087275855,0.9246779524789008,-0.43849006777707306,-0.3885738849597043,6.2515289726663035,0.2621322346778998,-0.2918950330559458,-0.789638447518983,-0.3962705658113561,0.4792284475935946,-0.4370127226179482,0.15419521681356355,0.985094861709373,-0.5141041768204372,-0.9761840230308435,-0.9855941106236762,-0.4521457821262076,0.524517708417763,0.6382165311545888,-0.7776655824987045
22609391,end,-0.4208729117744561,-0.710740446321176,0.22744781274763679,-0.48178963054274326,-0.5982142691140961,-0.9458862677170798,0.4503769122397957,-0.42800732272210656,-0.13180087029748472,-0.2735452658063635,-0.2227378017942021,0.6007661045016675,-0.3353093450452912,-0.11088038351336255,0.8069230046520179,2.403000712040905,-0.5028110350672694,-0.25679134629991895,-0.9051358220596506,-0.12015250380186998,-0.2945629688808037,-0.2765417333205083,0.9411383862857549,-0.7106114589345363,-0.6536623830801445,-0.2075210331809123
22609391,middle,-0.1503907800334041,-0.7105217799572187,0.2384267069018836,-0.5194239717541698,1.3520582732349093,-0.9711761998220179,0.7989159184376657,-0.6512005680735277,-0.7551176006083821,-0.4155774804394527,-0.25528429557555504,-0.8112089799173958,-0.200716753712339,0.10057578138942454,0.751572565481763,1.154864503949419,0.7816123792001629,1.2830698285629212,-0.9170116525993918,-0.45832417217737775,-0.22185353152644327,-1.0564073131696685,-0.48799666600071334,0.3252042442556004,0.44405577180059264,-1.1292340135945316
22707536,begin,-0.45230570490825756,-0.723220776713982,-0.4867955465725186,-0.870871045596033,0.13529233914694908,-1.2527288890019075,-0.4239969289799319,-0.5453479250300544,-0.488512069755911,6.0765390046361665,-0.34165120567863655,0.5391821540302572,0.9082258750483774,-0.7908725051031323,0.701423360217656,0.0394304119346497,1.1106993355745562,0.06875912948990341,-0.2425490210135353,3.2192509294582856,4.065266386862236,0.7883529860957351,-0.25768935118144437,-0.7754220230406423,-0.6855763346103656,-0.46465098252516174
22707536,end,-0.45062495770404853,-0.7219479536467807,-0.6416733947367996,-0.08839965602081826,-0.7427848717822274,1.7403520940491908,-1.209323750962365,-0.5423531593965946,-0.493606447696466,-0.4563477531700429,-0.3414782419163762,-0.4057643433943331,-1.054652214300437,-0.8638128442973422,-1.1953151766704548,-0.5548097209714461,-0.641863505205831,-0.09253726144152812,1.1827836863938526,2.4625008800836614,1.051010306100893,-0.6515364458206025,-0.5288120288088087,-0.760446590360715,-0.6786720641325654,-0.1995848214408888
22707536,middle,-0.11768956215228273,-0.7277328485092281,-0.6300332516363061,1.2002055247461387,-0.7578312236076816,0.932858639575518,1.4103272573682164,-0.5013163123053922,-0.39915697153110835,-0.45536674173085573,-0.37357197439341117,0.45904282430012394,3.712342448270684,-0.8571769271225205,0.12416262972416649,-0.5536443773711859,-0.6688616777310186,-1.4109603892172298,-0.9801467902330101,3.6908137145548063,-0.6076295052807027,-1.0894141373613386,-0.4951800440855337,-0.775687223471926,-0.6884629580031276,0.8552547758930917
23518136,begin,1.7838842611475576,-0.6881366310055375,2.9240410095199727,-0.8040623889628109,3.2953572658724384,1.3734504320159266,0.4802448577477146,-0.3116014402083464,-0.11042515414026186,1.8416046921134694,-0.07856643010871896,-0.4766006015288405,-1.0812506039325225,1.4895389600908346,-0.3496752612104716,0.2211971918349197,-0.38554892174297084,0.03418591742437034,0.6037150423000197,-0.5011400744500475,-0.8638793720337841,-0.8945525522709816,1.427280582804879,-0.6937675657996233,-0.642423452234934,-1.0900854953606527
23518136,end,-0.4079831996507985,0.5742037807248619,-0.2379750995660494,-0.32390185182215986,0.08056042673378334,0.053631995817056945,0.4954382438417694,-0.17863975079291808,0.1780464767877467,-0.38067298397480986,-0.16412499499710262,-0.05784017057632008,0.014730980281343295,-0.596367407289825,0.019862962611764342,0.01319960046876085,0.6471076497345781,-0.456936758379413,-0.8677578566181996,-0.5156150140304778,0.5437807878141574,0.3189819290729781,0.10835920241401274,1.5687827325725252,1.703875687861871,0.10487957242206579
23518136,middle,-0.3997280482430527,-0.6903248624632685,0.5908832810647634,0.2769955983609554,-0.06707154521986629,1.760599622845624,-0.12201911591547586,-0.19110918946390568,0.1358206991658831,-0.2818152092889369,-0.1134478695127615,-0.18744815726645753,-0.37083655279884165,0.8418885059832876,-0.6071755921700371,-0.03093403191811269,0.8476747885054465,0.16637839557323864,-0.8464542077860918,-0.4772643318921634,0.8706401044755601,-0.9822392210180587,1.3929209932626379,-0.6509019121858165,-0.6153778686232703,0.7241341241410844
27394781,begin,-0.4048157082256513,1.7985796241832899,-0.5915120795068484,-0.09715671408519987,-0.7011160061639519,-0.24615592843968984,0.06534027676603296,-0.5429092863714405,-0.5306620019512891,-0.34554663995873564,-0.20498886189360377,1.9202547930863618,0.1388123393953382,-0.7843089842383056,-0.2687267941380436,-0.5030123775776474,-0.4169785052826935,-1.0723694563859385,-0.8799763751660976,-0.5005136436979902,0.6052019037961217,-1.0198064244415326,-0.49149228660219096,-0.7061993403100751,-0.6515014424774168,0.3443561346894398
27394781,end,0.38446281039598085,-0.7059711732737463,-0.4946462413338009,-0.423787371091093,-0.6791084484435677,1.3056041802928335,-0.3129178962880649,-0.24196671054781974,0.09074224853194943,-0.2625510517736098,-0.22498685153193226,-0.7597859346756369,1.6349728005912707,-0.6902650832935983,-1.209354266205594,-0.4102995393683926,1.8906568768092014,1.4151332564775063,-0.8865477354261564,-0.4621010023448255,2.97960425554158,-0.9651746680454409,-0.3177941164831666,-0.6605982575006227,-0.6269696933022875,-1.2737688777176548
27394781,middle,0.1976090401944666,1.3185973202054768,-0.5945135550111096,-1.0284046827452527,-0.72553504911727,-0.5229511701892184,-0.7630713116916212,6.800185495474174,-0.6224691955609686,-0.3930041492577133,-0.20236818785985128,1.367132663002597,2.304066890785554,-0.798361550227361,-0.3373472046454346,-0.5223830760275632,-0.5764848214218881,-0.9451852524874146,2.4054646832371396,-0.5166179214157618,-0.9323092962221995,-0.9993448937395103,-0.4904037787720944,1.8705120903849335,2.014933411902668,0.6064864166449929
28675670,begin,0.5689399306999449,0.4477458764293745,-0.5838925135561052,-0.02199203683859044,-0.1611534611171111,-0.8375063682078444,0.23347580037510618,0.9976102934299036,-0.27690573645571215,-0.3482717240466658,-0.21456312833376698,-0.051463664912170776,0.15803340480642275,-0.26435362267097806,0.6339330750942628,-0.13634510103470707,-0.6853543277733112,-0.44269355696858365,1.693323974657502,0.14773841926395956,-0.21214423974530885,1.7921635076656672,-0.4684366188154473,-0.7227386512720305,-0.6548182389667948,-0.3091998975422769
28675670,end,3.1712342142207914,1.692769019065698,-0.42940603509116027,-0.1043555361461634,-0.7066408760885672,-0.7794524541156739,0.5839426310624108,-0.22359073995114934,0.14377460109168025,-0.3532082257413275,-0.28575477152102724,0.06064531060482542,-0.3679251703936925,0.1464665896657297,-0.9166225394522943,-0.007050045298896233,0.09073552085819665,0.939547474219236,-0.11391425136807504,-0.49491875779132233,0.9566754755709688,1.2770123875973771,-0.18090612837407538,-0.7038095691429109,-0.6541678788713224,-0.49279885249542205
28675670,middle,-0.4267012389639385,0.28363383065900605,-0.5744413984191242,0.8678313792997497,-0.25633703813391756,-0.5733714417750255,-0.4221533717993171,-0.19920574759447865,0.21550951837387256,-0.20219570979826332,-0.27948336222373776,-0.45083360295572816,0.5629619973739874,-0.715586847927576,-0.5514376378489526,0.19341511856785396,-0.06438966072429796,1.2022933843156036,-0.2841856672558263,-0.275628119161321,-0.01834889665859109,-0.02686416229671848,-0.4338246185808933,0.22138260157441594,0.27755403693946235,-0.6957039663860141
28869598,begin,-0.4062524255004436,0.5464452702315837,-0.5006855916386372,-0.2631065110073697,-0.2058635941414007,0.6975357166494869,-0.07418891346718291,-0.3119453226493755,-0.0768342810820901,1.6506257493931533,-0.15205254972446755,0.8636164639659479,0.9035706050155451,-0.6284002201509831,0.33964935314319866,0.09813457924509764,0.22797134887135642,0.32273132690240863,-0.13403665936171053,-0.4580767245458502,1.2753465210124415,-0.9586971885985036,-0.34391006844992467,-0.6784836128831421,-0.6293927376088376,1.176126948672021
28869598,end,-0.42025256778942616,-0.03400424514774014,-0.6094422109389563,-1.0160855660244592,-0.07831552512490064,-0.1728727326530003,0.9814008032700778,-0.6195611216776606,-0.6911316698233483,-0.42023562090788225,5.465811401280215,-0.802689888142173,-0.51968981120833,-0.15019797611204583,1.098795767014,-0.49154040660367493,-0.9070519101304464,3.0685086419672083,-0.35254510511681847,-0.4377659765883764,0.34634842554775025,0.507494025258803,-0.506460085581974,-0.7596777028418523,-0.6782260099761898,-0.33379313864797444
28869598,middle,-0.4247949061911015,0.9346147655173298,0.25697307012079085,-1.0950090581275669,0.973944738164245,0.505044976019794,0.13152532119125598,-0.47922398798212307,-0.39940239283494694,-0.40802633901171437,-0.18994944558541607,0.22604599966305647,0.1033004509712889,-0.09004646597903497,-0.727273295311889,-0.36459596197392946,-0.026739751614612266,-0.6420599983986122,0.6611518365452367,-0.5234318327938382,0.10032290483599088,0.870593009221845,-0.3875473509745036,-0.32669694662900983,-0.6785170368848384,0.8295441018348535
28963772,begin,-0.3922325256161558,-0.6926830600289231,-0.5341169545289856,0.4323486734116686,0.4135059093708833,-0.880318962650907,-0.5813476323067365,-0.39846841151596163,-0.28538472858568825,-0.3176411865766729,-0.09817823401217998,-0.6896198648518909,-1.1918716519263586,-0.7255411714208833,-1.0695437281668272,-0.4307726490357711,-0.643417993313354,1.4518561420013292,-0.8408242089103259,-0.4963055473777303,-0.6335619886374422,-0.9529859992999836,-0.4353590843335585,1.394357842377313,1.5020418507032696,-1.2228514332741462
28963772,end,0.043612068532128165,0.7709344104100082,-0.5731892612687999,-1.054759428766993,-0.7198351318140718,-0.34538135686132343,-0.2808488478178437,-0.5401532122056192,-0.549425730018391,-0.4084353388895698,-0.259286452529403,-0.8100831847618714,-1.3343001577264322,-0.34849707068006863,-0.893642903080894,-0.4717170742902861,0.288221697379321,-0.21104236388691153,-0.9047907666455319,-0.16799601778139545,-0.25407571740924034,1.6725626479356,-0.4606559268199591,0.1379045804145116,0.24161937437126374,-0.37401165283762283
28963772,middle,-0.4239664553913574,-0.7086240299741844,-0.6085760654864624,-0.5227574165909289,-0.6837016183306085,-0.16181408703544237,0.29025209580215633,-0.5011535249722964,-0.4502089003605886,-0.3041252525626337,-0.2383052381921577,-0.04756303081744809,0.8550510076530285,-0.7971611035514619,-0.7670683087225199,-0.285080391135594,1.0636452431383967,1.7088466896174646,-0.8886044964861806,-0.4521677602885041,2.987001843462381,-0.12203055443024959,-0.5212284546631939,-0.67346613844269,-0.6289718821524496,-1.0565655658409876
29424551,begin,-0.17787324793538514,0.23217894023033128,0.07748129056235435,-0.7218037158394077,-0.7249321524768144,-0.045279561575045674,-0.5055877404384622,-0.3442478099323223,-0.09314171307878553,-0.3676447665283984,-0.33755169617557695,-0.7926615991954349,-0.7515706680759606,-0.08643268847014761,0.5785660507974197,-0.21245710712614588,-0.13715379533230074,0.9420314694887009,0.9034625225524338,-0.44411343047222424,-0.20835109186810225,0.8115106957506617,0.7164882626089255,0.20372626670222313,0.29801259980597444,0.18730961663987575
29424551,end,-0.16824380015194818,-0.7213923768873902,-0.4337184085337342,-0.5534531962447123,-0.42135372690608547,-0.5565993894523158,-0.1771964335780321,-0.23775823177988797,0.11370754345574367,1.5400554420999284,-0.2836637251418082,-0.33562731684240366,-0.6844789612325236,-0.7448649170702588,-0.47345772205761605,-0.25136999842600954,-0.12110905636697679,0.19217625009709696,-0.010276491735002216,-0.5350653547084903,-0.78911100905622,-0.3507242855962197,-0.2758772790833782,0.34278332093837266,0.47768045219845867,-0.37065794447038836
29424551,middle,-0.23308010419924136,0.014915895157524265,-0.6069096755266297,-0.27549252368579397,-0.14391878490196502,-0.11743355181929485,-0.4676603352683931,-0.4466878607888242,-0.30059343106289377,-0.4210150416703279,-0.2814619277474003,-0.5575775760248007,-1.064931602935513,-0.6609454714435763,-0.2672181004658213,-0.4681493919465264,-0.11715986307861137,-0.18901712659746256,-0.9244688859911675,-0.4473193020652797,2.093240543389409,0.25480126788580554,-0.48101604734428854,1.3669815288578726,1.4970089602945817,-1.0851018378803168
29939161,begin,-0.4632276667263786,-0.7284654603862951,-0.648945771394513,-1.1762466430168128,-0.7898884665238799,-0.599335528788349,2.470126585837791,-0.7389349972263406,-0.8975540220644658,3.7479749446246307,-0.35788789439774765,-0.8523058202753352,1.4906419624581073,-0.89662163813682,1.6352819206938736,-0.40664185036807643,0.30876493640142505,1.8859487689732766,0.0925403436699516,2.3259970890500425,1.4925119196330356,-1.1177582162236783,-0.5376215661280264,3.5651552388196794,3.8181901134241416,-0.5365112983345957
29939161,end,-0.034054321980466803,1.706771877991272,-0.6314247402025902,0.24832721145592082,0.043690404122753906,-0.8739121233460806,0.5903860129969811,-0.5030989263272281,-0.419163170134849,2.9881981380902687,-0.13641643535290512,-0.8237311909795616,-1.2159950784180844,-0.5116483023219263,0.060389098686277363,-0.15861073725583888,-0.803585767638711,2.3103271567608825,-0.032374559277798316,2.96224734263287,-0.9996594040258264,4.630894418501957,-0.5274018287427358,-0.7207561554755126,-0.6620025143807916,-1.6583759440135446
29939161,middle,1.4221008183772845,2.0973293579431744,-0.6594202367132936,1.9423108025165154,-0.7435193017913599,0.280755485595762,-0.5589098249282596,-0.5923731086624686,-0.5851795796812332,4.40507133954808,-0.35157653627131713,-0.8410681716412359,0.5296064671143644,-0.8848956024592785,-0.508530033879129,0.3782536480011053,-0.24265927087839032,0.7049335013581226,1.436557248513813,2.0395317734571408,0.46504986013368865,1.5991472024820654,-0.557702299176727,-0.7661466000791882,-0.6832839071471645,-0.8012349991103241
30291077,begin,-0.4250108007802101,-0.7111466276763079,0.5350314551104538,-0.6186263155386026,0.3166929422476796,0.26490461579465924,-0.3757986634447368,3.316015907657332,4.312784358643284,-0.2856643231380484,-0.23075776975752044,1.1056709738680388,0.6674732819644276,1.2965479027713949,0.6809025898733105,0.06299228112600654,-0.5129235916921203,-1.1998020138283332,-0.9056482033439732,-0.4669126949452168,1.3746410992606657,0.14548499793041403,1.4808076510953663,-0.6719299653257629,-0.628769291840691,1.1758402736057272
30291077,end,0.18087684518250205,-0.713963613319492,0.4128226191162351,-1.3373806193598927,-0.7189602244331474,0.5099725918670424,0.13450596660490152,-0.40590316439427765,-0.24387757191834972,-0.3817001714274272,-0.17940476797860364,0.5144257909707453,-0.3500699284921105,0.007703459951170484,0.9776711161127355,-0.478973445138843,0.2075078470340609,0.8450721716243538,-0.02402841384163364,-0.5129665454861526,0.4590610979967927,-0.7419911038923334,1.265792881234399,0.3596449534008759,-0.6627855635132243,-0.6857682702912812
30291077,middle,-0.14556590774791658,-0.7259199464449821,0.2870714722956066,-0.884591440163663,-0.731716250934851,1.6865280113866028,0.9164556489210265,1.3994072009457599,0.534908839210823,-0.30556124788793404,-0.3491644649450602,0.1374745355322805,0.20135952098556226,-0.08735683349564917,-0.03162204363869281,0.13104124232687533,-0.8690353549323201,-1.0492503380755343,-0.21726152122230982,-0.4602578188561072,1.1091330594133226,-0.5176211834801467,1.093482756646526,-0.7215788546633104,-0.6597283721879402,-0.030998064259996943
30618705,begin,-0.4526254942384526,1.74317908141435,2.2822734872112767,-1.128626089895063,-0.7818119566042752,1.0016355497905867,-0.07878791011423221,-0.3443811399136894,-0.11296305729126324,-0.47202876618700507,-0.3516750676711009,-0.8302501848441957,-1.1228985098242983,2.2348510308234992,-0.5245126762720732,-0.49323892459068763,0.10281602595506513,-0.8734377864093142,-0.1288376093180702,-0.5501498793710538,0.30642762374785915,0.5699376270027154,4.548001554479492,-0.8184508002332268,-0.7084018545092714,-0.2700118031591555
30618705,end,-0.42139720930130875,1.448554791641538,0.47966055897976456,0.5321169096449296,-0.668248073750945,-0.3014893629425998,-0.6179793894928463,-0.07578691719049174,0.44213814468974544,-0.22440750310514934,-0.2228482586306819,-0.10912757595950529,0.3737892420357447,0.10127340727032343,-0.7793955824370475,0.3131694221219545,2.248683498340973,-0.38304753606363373,-0.08193774856335541,-0.4367821251075179,1.56190815856453,1.0634046349535153,1.3891882146154102,-0.6473430625268651,-0.6176613006840094,-0.5037563803424272
30618705,middle,1.4850547832405543,-0.7178459838212989,-0.5786672256364368,-1.3486832878730475,-0.701007364984106,-0.8483562658657803,-0.5639879982755129,-0.488361170890147,-0.4054429717896226,-0.33622710215417495,-0.14257872523715667,0.6551104161676021,-0.5157423973343996,-0.7850959491074609,-1.4197676528297205,-0.507140469418961,1.599541047090191,0.5313953735831322,3.0659410353614636,-0.4928919810332579,-0.9539148006985274,0.16592934924164665,-0.469035539358606,1.3588546991059376,-0.6606110924824353,-0.3695582283232334
30627346,begin,-0.3971386935791263,-0.6923268351955002,-0.325000158256535,-1.1743043313626456,0.24498947991368475,-0.3874671076755221,0.5993239276556119,-0.27660143256644387,-0.024400007005548913,-0.31042804977865923,2.482946395411627,-0.023654383481883874,0.19475598472171643,-0.12970505672807447,-0.38570656190851743,-0.39065695659011873,0.8118252625576431,0.21196466941048328,-0.8312789129303664,-0.49913041458354995,0.7561121160395115,-0.6612689164171807,-0.06814716845331131,-0.6463511908274756,-0.60522314399593,-0.07397784105867429
30627346,end,-0.3576230326427721,-0.0073919139206564365,-0.45458578402259114,-0.5703930398229855,-0.6735252434228636,0.09167188346076503,-0.0677962926371135,-0.4059367213203353,-0.294248211775174,-0.3639761779511279,1.0699880168360711,-0.7742175935247949,-1.11081774620997,0.3059592788604325,-0.22934934191014492,0.21913097059083092,-0.3363752874255275,-0.515872538979353,0.09853667136264824,-0.5192220921270836,-0.9249902822158099,0.6022882906074848,-0.2782003640326893,0.04630631835437698,-0.6383050087516676,0.5838300240930758
30627346,middle,-0.38946036700606584,-0.68595956162233,0.7992938075733157,-0.6516908604212219,1.7668372309797513,0.1623881363313903,-0.46222498622695607,1.3802945372903175,0.1123124567912138,-0.21987237786351316,0.005982877006483131,0.8209047703848165,1.234417559117752,0.23010662985390254,0.15939411556061805,-0.3633379595730184,-0.34331586849644297,-0.5075290676884257,-0.8087102461491978,-0.4595465328416105,-0.32659001624996736,-0.9384673187890364,-0.0500224094460634,-0.5382360652172565,-0.5446486203970216,2.0445887573514985
306364,begin,-0.4152400297154194,-0.6999398507186266,-0.42199660294474245,1.5751037532127339,-0.04602386876435796,-0.8121661163598273,2.0068939394763445,1.4426682929426653,-0.21326149292736965,2.162606153711385,-0.15135086771177117,-0.40856186136557565,-0.5234504855343407,0.25739987786959695,-0.309290392788475,0.144227643094808,0.7956421476744457,-0.8804311140542275,-0.24355542895307258,-0.4845011839969925,-0.9089527073578841,-0.999320307706498,-0.3148416046968272,-0.2544159092713173,-0.2270906895324286,0.06464040655843892
306364,end,-0.2091394320545874,-0.7057809248464085,9.124530722171457,0.9910317336613119,0.5600852638644943,-1.058066060544267,0.6320505071342646,-0.5354731541921219,-0.5401835089798884,-0.4024607265751826,-0.26469499745747616,-0.8179598306690967,-1.0437677490446047,0.5653053839533118,1.9474921641278493,-0.4130225597867099,-0.3315586395659165,-0.20149846867373009,-0.9096654486194294,-0.33257647949517843,-0.04165214609960225,-1.0591553580005306,-0.39623700852579585,0.8089740843105288,0.9049507867286587,0.19479752064592404
306364,middle,0.008638235267038122,-0.3505164887884618,2.83897409356602,0.4664990905737792,-0.0017036130240168131,-0.5673060771165843,2.3905124798206105,-0.5422588822298726,-0.5313280941667385,-0.3747440726421347,-0.22927999978194905,2.4223988121558406,-0.34048090088272187,-0.5990129047590381,-0.20759778306019236,-0.07003643247349142,0.70985153402853,0.8510422701753109,0.27984261502611085,-0.22939892066997195,-0.15845421089341957,-0.24985226044391207,-0.5252838277750406,0.44152619339718524,0.5317781895920797,0.7314985806677109
31276376,begin,1.353977244875145,1.6349905682413004,-0.37097003423998615,0.1821550132107096,-0.7297175593891355,0.5485936040943306,0.6867673699952813,-0.3149062520532301,-0.024796697589629747,-0.39356757959006433,-0.34026019598965973,-0.7994030832393811,-0.0018694194840525732,-0.3385542149120272,-0.34521856987570226,-0.48741668131298077,0.10128172681996676,-0.6729182093351546,0.1681234556876544,-0.4080428908088795,-0.21463709169257844,-0.04225874322079283,-0.2046572161420396,-0.7349707346209163,-0.6674806057725711,0.6329838887667537
31276376,end,-0.42297439773924084,1.1026824962021147,1.8056901925280557,-0.7577287895313084,2.3663947063015427,-1.10067085741396,-0.2799435422959717,-0.401948358399771,-0.24035422010533133,-0.3286412153870347,-0.2174687945785802,-0.2028985871855583,-0.8157024481251148,1.3025084655318826,1.2525231492075115,0.906517835024452,-0.2980579362404147,-0.05261755476376296,-0.8978644917601458,-0.4868444493877966,-0.2907485170032919,0.6323090276511767,1.8861269426800118,2.428059856056842,2.5760279528972054,0.21265095664313802
31276376,middle,-0.41752221056393707,-0.7157303325703872,-0.4860676470400171,-0.7464980633421318,-0.7325846430769186,-0.7841209788334825,1.6830940178416312,-0.2605426297415157,0.06953535779795748,-0.37603911332785617,-0.20298231263268293,-0.6923674809645984,-1.0154270220126898,-0.704114616592968,-0.24575712582596837,0.1445450152851618,0.42164269439423424,-0.5207288384110658,-0.08473890901200007,-0.4321814747393508,-0.6027799091113056,0.25542734223538066,-0.28724163966410293,0.832613354985802,0.9498310223369065,0.2898278638341254
31424202,begin,-0.4305335021205375,-0.7150045648678772,-0.5762160763981582,0.45571010017213043,-0.23852445360227656,-0.05281258850907913,-0.3055983154043457,-0.29585306355217517,0.002162593459512935,2.4028075586720594,-0.27040260690143636,-0.7966648399812791,-0.5572416467501061,0.021475105696996385,-0.07927063468210807,0.13613858551817698,-0.4766054941533854,0.1360354698890523,-0.15598462089393333,-0.16654961401229304,-0.7688857144345408,-1.047462078323917,-0.44182472498532055,-0.6921245688205989,-0.6457932377058373,-0.19885355383872896
31424202,end,-0.21217635468754498,1.0914927800742995,-0.45413557406498717,0.7573873077210402,-0.1405547226304983,0.8378221335872094,-0.07214896444263434,0.035173411608057724,0.6601350744165586,-0.3508245561851653,-0.26209458890900755,-0.42409119967712106,-0.19195823560517672,-0.6752641652130015,-0.7416930716314435,-0.38744713423399907,0.11255594263930324,-0.5103919961538821,-0.919534796813612,0.6322014810555062,-0.9668188059708844,0.7283120229238111,-0.23523667370869522,-0.6935263175924974,-0.6439317845671128,-0.35184206613308183
31424202,middle,-0.19925256854726303,-0.7226029545143539,-0.37900411302338904,0.8586299812023647,-0.09902836692994066,0.09074999884873779,-0.3612906067216774,-0.4636601624942156,-0.3487683233625453,-0.4670112150334198,-0.3509686383576702,0.5143867678928671,0.32719128132167125,-0.26066292803931157,-0.9443413384472314,0.20788226187728523,0.2023259944359289,-0.1892726368847151,1.5742728749513522,1.7630833985751662,0.3283602846023593,-0.7803734647860467,-0.07146444972515194,-0.8160212751498224,-0.7083134172881465,0.3781182082194263
31625455,begin,-0.4409895682277728,1.4710970674341879,-0.2198743902202464,-1.3218176194432962,-0.6626401638105501,-0.6105270873064631,0.37378827395247693,0.2874798501308887,1.1891334922594725,-0.4197755782117226,-0.22325658745101443,-0.5295191512649063,-1.051865221034482,1.5897858886662406,-0.15857743526316656,-0.5071185449002478,0.060409235461928286,-1.296363834066355,0.24921554241255817,-0.5263110409273433,0.58736608916938,1.1155301275668723,0.11922380936923362,-0.730219376067072,-0.6625706189158709,-0.2268043867646244
31625455,end,-0.43145865490290153,-0.7106667761323694,-0.6192847406846254,0.028536874632992083,-0.03014427025792972,0.14370554003998792,0.07650366870122106,-0.661988854992932,-0.7782101019922477,-0.4136897891570557,0.5251108921016964,-0.6321891096899259,-0.14290228847707806,0.7137329416740794,-0.5508082044984073,0.5826919115529902,-0.6306331427465586,-1.2421593357753509,-0.08357353866362476,-0.08798622914520511,-0.14735958851604078,-1.0546166536735786,-0.5272718852004193,0.712859794869194,0.8448210134102325,-0.9683640816366441
31625455,middle,-0.42663971112828575,4.713156423189062,0.6053014394118285,-0.22387732640003621,3.036201703780111,0.15428996450313964,0.4935666705915221,-0.5727496053678484,-0.5937753088201346,-0.3746618749053025,-0.21917904920015208,0.3643351869133166,-0.22859547021061907,0.9635733205918047,-0.034510001275968996,-0.4988730478419108,-0.23479562845553598,-0.6026219164397443,-0.6708960654533557,-0.49276571829171306,0.11718124982305098,-0.9410657892739178,-0.5028060452552773,-0.7277138481469009,-0.658667351534404,0.3086764469609411
32195234,begin,-0.45469623402573256,0.32872427072762517,-0.625852300207709,-0.061854528866295784,-0.7644226945454636,-0.7370325544670321,-0.19067287589862117,-0.6340239028346145,-0.6860420152277731,-0.4453106996422139,5.319152797588027,-0.2795436019018676,-0.9605840677429311,0.6843256149060569,1.3498238575862413,-0.5329555832157585,-0.7859382557349999,-0.7221510963283807,-0.030977490432241253,1.5099839368289971,-0.3028875198903871,-1.0900228681053812,-0.5106077955670534,1.6911720834159347,1.86999345145055,-0.961759783995679
32195234,end,-0.4353737230232921,-0.7161565469370759,-0.35112347864570714,-0.09632415993471509,0.43588539588003505,2.0148093657634405,-1.1510032485513515,2.3642059121386128,1.0558489696841133,3.0390263078037547,6.320257702766239,0.31820582391110747,-0.03727470217182421,-0.3483744947208565,-0.7455817955551155,-0.49929336479682623,-0.43786254251980417,0.1948987908590715,-0.3852135016102464,-0.44968067069265555,-0.09994086644653073,-0.6812184778498156,-0.04421083833348637,-0.6783294262966144,-0.6336686483951967,-0.32705881054293956
32195234,middle,-0.4228407740736949,-0.717405628773834,-0.5770622372887523,-0.5694370348685638,-0.6962635284277578,1.2097605776869376,0.5756913122767058,-0.3191619931497293,-0.05627212810491336,-0.20640907923590496,-0.25165541301930855,-0.22344462109671118,-0.4124880363127075,-0.7358759978753446,1.1608481455247681,-0.4232747853779144,-0.6976027430437456,1.0036530635629104,-0.5949778313747669,-0.2937824053231163,-0.1059238268476181,-0.5553864954501235,-0.4461629659614043,-0.6912045387931638,-0.6454075055485392,0.4710834915701575
33743772,begin,-0.44398610670386074,4.274260608461997,-0.2816392167393531,-0.8745072905228738,1.1803865375230398,-0.43812853112483857,0.6927681714682439,-0.3863104189452953,-0.18877634764937648,-0.2724481166019098,-0.2958254434856857,0.23781126793347665,0.8289226286473803,-0.8089057421524203,-0.1665530745832808,-0.5213785202216453,0.09535698226028122,0.2656041542925429,0.14654849858601438,-0.4582762871027827,-0.037466373608806704,3.5279889147357872,-0.05651656370945745,-0.6818606266557296,-0.6343749989714427,-0.2966401322130751
33743772,end,-0.13184150503290512,-0.7146866012670638,-0.5940933317562078,-0.8052317471391606,0.4981257379212173,-0.5585506917412011,-0.9916345237698381,-0.5961747414639684,-0.6373713419773879,-0.4361184623999475,-0.2804194412867951,-0.8188773664774618,-0.7047608690737327,7.547604818140574,-0.9280931463270587,0.11488359187785308,1.5473700506672197,0.32425278187014833,-0.9307771797919592,-0.17368102536729585,2.295166489457907,-1.0421527625569575,-0.46939479279868135,-0.7855478194075195,-0.689623697942248,-1.4999999606357441
33743772,middle,-0.4204682258192752,-0.7079033022005649,0.43032426375660837,0.741602003820022,0.6584775061852708,-0.7853070742616294,-0.5392248117689217,-0.3395890592725202,-0.11999962810943329,2.034685447911148,-0.21201757887967737,-0.29574588048874917,0.391230721823641,4.322794418721405,0.11501221707604685,-0.4913414902834871,1.2212778420359414,-0.6536739472515571,-0.9020547403593614,-0.12539882107731717,1.7478747622404815,-0.6237584142617105,-0.390344504754318,0.9224063753607351,1.03506640396642,0.6825080958477927
34272677,begin,-0.4445992932122736,-0.7217674552829927,-0.6383236436286979,0.06208359863537605,-0.6836412629489758,-0.4020932123150516,-0.05511372629540225,-0.43874410536118535,-0.2758331435143499,-0.4427645228956694,-0.32649759326831246,2.2943664975680838,0.4473711679300046,-0.8640597975840675,-0.8134379550409163,-0.5303249682047564,-1.163486665174881,2.102334811588057,1.5236530168786706,-0.44973361094400305,-0.9964450124058494,-1.0821020725898394,-0.5530664233330383,-0.6977004882169242,-0.6492523061649164,2.286359550166691
34272677,end,-0.4590666659923072,0.6210497235345303,-0.6694299255154603,1.3104304775991915,0.9881486911786131,5.358364020753639,-1.1466198728710377,-0.19144197092689644,0.26802060591642,-0.4888346274848948,-0.3819329564946151,-0.8541881298699174,0.28205949652588796,-0.9023260459926291,-1.2670562794663036,2.0706284912113797,-1.228442752350073,-1.4756101757483207,-0.9763422489678316,0.08285319940405492,-1.002553749778518,0.16447554164531053,-0.5675456942712411,-0.6143018971169156,-0.6004347410777033,-0.013910020415627906
34272677,middle,-0.4452676681348529,-0.7159207501970086,-0.3164464688139612,0.370102393744535,-0.7517913627842452,3.029847140509822,-1.3034155279455444,-0.6901627489293133,-0.8279735132194587,-0.43515443715950236,-0.3161695696774617,-0.8321556569825347,-1.4288417917824348,1.3699471794393594,-0.2488061236606466,0.7444726065379927,-0.06990214858336813,-1.3777267571798697,-0.9393256462079093,-0.43368418936189357,0.3046707560224477,-1.0857897243130814,0.016621389707640717,-0.7807639452515525,-0.6871630920420796,-0.6252711778781409
34322023,begin,-0.41813467050166486,-0.7011525656832,0.38264727595563414,-0.427856753356317,1.0543483689564714,-1.1186295111191205,-0.2894286910361733,-0.3944813401145019,-0.25301831277206216,-0.36195124309175075,-0.14525025556548876,-0.7687633711584287,-1.1061203021672041,0.031052645585504125,1.9645191334233663,0.9433684678927575,-0.3907239321475009,-0.08136536603951926,1.433174813704976,-0.44668181585515593,-0.07033269090195197,1.4650126890451625,-0.38067239776902484,1.2033146337155842,1.326325360033614,-0.9594337788369091
34322023,end,1.7079253634343823,-0.1534179851055814,-0.5569263179615426,-0.7024022562965909,-0.17954364633628098,-1.1949720267762136,0.24102933207100027,-0.46516821494848865,-0.3586437687152749,-0.3305934421429935,-0.09315996648858453,-0.7570121637939878,-0.0452665845642306,0.11628337101323499,0.6278637352172324,0.893010225257709,0.4115665342260971,0.0835738800376722,0.33824689975788713,-0.49834747768418086,0.5574137672865124,0.617831774501843,-0.45832023658010945,-0.2930986024615565,-0.6379521229940193,-0.6091754824417741
34322023,middle,-0.4223456228975166,1.6161289799775018,-0.551336665249023,-0.19972450889190393,-0.7215039939274157,-0.9256503413027047,-0.3721285399817666,-0.49095367388639666,-0.4269017736069787,1.1372038115571597,-0.17922246294629665,-0.3923942987072815,0.14937286119147877,0.15846094714253944,0.24787514009310715,2.0810891519831127,-0.42101376658409656,-0.4342717781680395,2.269056073920929,-0.19921809610613872,0.28755953150812597,0.6302362328537167,-0.4135085861960135,-0.07922321422912862,-0.6712232462975491,-0.9681150747628658
34438741,begin,0.4161854446421674,0.016780088593328548,-0.37732024919349527,0.5052637754225846,-0.7280493788880907,0.3755808594459731,-0.3021064887859253,-0.11994123638557946,0.3463833348679469,-0.39281492159012116,-0.2513740167731253,-0.18341608428603465,-0.5531975969566835,0.09388302449147397,-0.15985802564570684,-0.3538322048523743,-0.18057041175604777,-0.1861421091182431,1.6969663185052162,-0.07350946574229217,-0.8401092069998106,1.1100374136274185,-0.0992921003206778,1.859918533847719,1.8206234206995462,-0.2613793324903393
34438741,end,-0.425132927690244,0.10376972122853483,-0.49852788077059235,-0.016691165410769468,-0.6752480434412118,-0.19769387169806915,-0.9411121705574138,-0.16848117921603487,0.25441974558427183,0.6167173518536511,-0.24457261196938654,-0.01957240022280608,-0.3124951617755649,-0.24718954418700398,-0.11420886758386356,-0.40755201473099617,-0.40120424111142766,-0.46408183343286247,0.3080623771572936,0.8229412670915718,-0.09836448602864709,0.6957872038405052,-0.3177229204633104,0.5657150069619272,0.6516103423779683,0.2195320511590929
34438741,middle,-0.16560402421178277,-0.7060099744602566,0.02331343119250097,0.5454183177939664,0.34427860137628313,1.5506596252603275,-0.2920892418839136,0.900649886445371,0.5662904376136405,-0.2963539130432267,-0.1992437811042387,-0.11714947668035827,0.03287940186710244,-0.08397129835853753,-0.36881755153247203,0.09389226438357405,-0.43783309757453465,-1.1500331857323165,0.3226300813620425,0.993870685958163,-0.4221909848626674,-0.42521268779225035,-0.25681292697484737,-0.015961470357401166,0.01758467423764031,-0.030110588243291405
34812836,begin,2.505894096846188,-0.7195792695001405,-0.501459908162608,0.535462301119653,-0.7368602017912945,-0.37522360395722537,-0.8074251486303008,-0.181490519766652,0.2337838801217727,-0.36131710902595493,-0.29350096476950727,-0.26657780359295197,-0.5686563850254243,-0.6566232646969208,-0.09992902247122427,0.29034635105880907,-0.8542617932191067,1.2071171733043415,1.2080753817659038,-0.3318901213217508,-1.0079838869109554,-0.9351091374105205,-0.298011638350822,-0.7460815549706425,-0.6751101237336464,0.9430872414213042
34812836,end,-0.2838430056050321,-0.7063173495369816,0.4956693440778119,-0.5691496343658915,0.8331281956846361,0.10167936330482934,-0.04984255625280301,-0.41482421349165927,-0.2813392130348388,2.5743692036722288,-0.20927159532480916,-0.06678837933744526,0.7420738345688256,1.3841238429345204,0.12901660035509951,0.1870614639934022,0.841340175958243,-0.8663342253444342,1.665374668170321,-0.5131360740847148,0.06405392281326847,-0.8526768204837039,-0.47665213185096456,0.8660171506516987,0.970582937870225,1.2930491962909416
34812836,middle,-0.029204956266727554,-0.7112390963688867,-0.6220505061002723,-0.8200250424203267,0.3900436502664818,0.23139740319082988,0.45369042729049935,-0.47369174847489626,-0.39046594970495824,2.1858293215262634,-0.2702118174423024,0.3580785499813243,0.8787039783793292,-0.7817832762278597,0.6862683430224787,0.24240859936997156,-0.6860023362716131,-0.7277921519690101,1.047859119331543,-0.48214413076955726,-0.9585086155734693,-1.0463070766936338,-0.5178042408722454,2.37327451456277,2.531136222660906,0.7950548351482237
35008850,begin,-0.4482534653722845,-0.7214042065641048,-0.6426429362533594,0.09477072640022874,-0.7425210540527927,-0.41081043523728317,-0.26358699676235214,-0.5821459477470101,-0.5791349988748945,3.123935313422675,-0.30756907596326716,1.2943013800514387,1.6698528367984837,-0.8593646448630212,0.45596600125152653,-0.5417184358195384,-0.895268639253479,-0.37639264251704213,1.2084788220998697,-0.39791940144297755,-1.027949432215564,-0.5011042777479944,-0.5363266514258292,-0.7637959749499599,-0.6813775387838904,1.1796979756522878
35008850,end,-0.4453606476158294,0.18498552618519692,-0.6020440154196881,0.698206351561945,-0.7116423876085904,-1.1193998976632866,-0.9094047874415887,0.9515031597511354,-0.19894372794192328,3.11868032007146,-0.280425727153224,-0.3934079072777462,0.22468653007340111,-0.40753677103703045,-0.6163228848399653,-0.48178185884035213,-0.28984519366933176,0.9612747608584298,-0.26045773895543045,-0.5299423114122661,-0.6625005936116806,-0.09890903744015171,-0.4767848815551728,0.1339155848434102,0.2270079892928657,-0.07631265358329654
35008850,middle,0.1446240550717839,0.004228007354561081,0.2664095893649945,-0.7910126505253331,-0.6677652766697374,-0.18249895057257484,-0.6412507601630711,0.22885362875553433,1.0516714131403242,-0.32424018640860874,-0.22541682137740746,-0.768232376627547,-1.0858106885583356,-0.0921078312723573,-0.7109224654682672,-0.05787943281495947,-0.44714048472341517,0.4767969356384047,-0.7458466457588078,-0.44207532046521164,-0.9481801057652832,-0.22360660499003573,1.0086459146798237,-0.663562799763324,-0.625660676169116,-0.4765483944738085
35053870,begin,-0.41394475739759246,-0.7071711947733295,0.6392185800493484,-0.36296629436295264,1.1553156823895994,-1.0216397662009302,0.11314583499263613,-0.5373005806838161,-0.533711619875916,-0.3730871779077186,-0.09880549957517766,-0.7904268955372419,-0.7702172251787802,0.4387174006408981,0.5052198508613271,0.08045846687851294,0.03799468180621851,-0.19673435978307943,1.6496734787447496,-0.47663938688107227,-0.04148884449309558,-0.7286785329723294,0.050917743294057544,-0.7175140843320873,-0.6532874009941977,1.975364276021441
35053870,end,-0.42083869233887206,-0.700140023741584,0.3824235685931023,-0.6335922876750343,1.0278102283218302,-0.1516929776327649,0.43631770294962524,-0.5554917263589847,-0.584281774031737,-0.3649874335249239,-0.14646832997224407,-0.786877599988399,-0.19632483658560637,0.9576594514038695,0.31299169097757457,-0.23995691807498004,-0.7731239884511488,-0.48835476110229586,-0.3061126541563605,4.247052845893425,-0.9389104959809317,-0.5530761917784908,-0.4878677182835042,0.004074820786106341,0.08962022299422878,0.5661789445535182
35053870,middle,-0.4226090423316197,-0.09343490907861479,-0.5891538145967861,-0.7282960541177526,-0.06951858533206014,-0.030290175032423736,-0.5979973063524817,-0.5429097255291058,-0.5250608424342503,-0.38221779601252626,-0.1841943681908676,-0.31784384420155565,0.07575233790082238,0.0026318823479813684,-0.11496903491617413,-0.45713817744715,-0.4226417522248242,-0.012930921393033508,0.9441010224251898,-0.4322376618412489,-0.1375750171321646,-0.4369258220051812,-0.4808991506755049,-0.7272833659449811,-0.6572974955133877,2.404782223756563
35109856,begin,-0.4344612894292024,0.2831949044670544,0.297215931392429,-0.048256317211481714,0.9352486446211171,-0.5468787909865993,-0.24400904777470384,-0.4305192376193226,-0.2976440605558957,-0.4229578842478579,3.6290930444632985,0.07212568880160233,-0.8289699503799695,-0.18336786942587688,0.8658530861850339,-0.21827834277373798,-0.0773951044004016,-0.1295043003577313,-0.10858513856017186,-0.38466868289393447,-0.9955295780863289,0.025644822304813783,-0.2675557852527597,-0.7264163658470197,-0.6616296080842393,-0.4769593994074858
35109856,end,-0.42232822527679437,-0.7083653682044799,0.7025887941441735,0.038078134643488235,0.9161352120626487,-0.10393073722188782,-0.6850082102898363,-0.5660273025596878,-0.5796017201429591,-0.3123651228201327,-0.2183351861062191,-0.7600369592677508,-1.0888837563818348,0.8458225296430647,0.6480686831036656,-0.4250629476296137,-0.8196762547070027,-1.0685042753738958,-0.11004528498443368,-0.3875848073303772,-0.978672656364409,-1.0087151112115407,-0.27627966544277627,2.001693384763303,2.165922578349503,0.7707733975554141
35109856,middle,1.2597654238900835,1.1421206468124125,-0.4306544665029885,-0.08823065049156202,-0.6433478062998652,-0.9386939832212995,0.30985892491972333,-0.5447882340308504,-0.5436069513326387,-0.36436958532437774,-0.14483294562590093,0.10054809724048455,0.4709847467753569,-0.7809987896833033,0.9638111846155144,0.4350721229143522,-0.11057224679288027,-0.7659719165585711,0.8201058978516677,-0.2576129640080791,-0.9030578365206468,0.8869171873471986,-0.27921231362771703,0.7611500583909067,0.8676687904487791,0.2280453739842187
36429604,begin,-0.40981839959610983,-0.6999921043282893,-0.43269810516462265,0.0019853905740468795,-0.6237802377719948,-0.9498695586803262,0.6801108848189316,-0.18346827465453217,0.18165127902198805,-0.18665020057900947,-0.1720898439903112,-0.7909511573363291,1.14783128565939,-0.62590318754742,0.6009540151879862,-0.4307609071800861,1.609974586069319,1.8356394197385213,-0.865028197667394,-0.43618056537698313,3.343083531947104,-0.35718761140904165,-0.24885651654081187,-0.5903730105755308,-0.5788717024751598,-1.3543991868566685
36429604,end,-0.40220460040876266,-0.6988286989675625,1.7805281831570314,1.342246708984762,-0.6702989264111104,-0.3424280247749626,-1.0702039121928124,-0.2788597419693946,-0.021708979184975465,-0.34470085106747744,-0.14765823940442943,-0.7832935514538613,0.7469402398476324,1.1322644125378718,-0.047067277599841674,-0.4567475951422728,2.0122360612884305,2.8692277578920966,-0.8549267938840177,-0.5096009158508475,4.069316454472848,-0.98925402490747,3.595566486409329,-0.6813494066713117,-0.6274665504889326,-1.507407002234786
36429604,middle,-0.43073554532861813,-0.714293903815295,-0.5456728777151708,1.1581554532685918,0.3006111963767554,-0.28768717000773686,-0.25839340171209985,-0.4258953388529678,-0.2863775345002308,-0.33769320728754426,-0.15676670822583885,-0.2541395734850354,2.2286949838930252,-0.7640968358870062,0.5196522246552283,-0.46926521865501114,0.4094861536343768,3.71283414567311,-0.9156877693832206,-0.4935736425638218,1.3871815075323437,1.1056441326194326,-0.4047156874767678,-0.7197045082441175,-0.6533085982545735,-1.0306655061183339
36437212,begin,-0.42587980484192944,-0.7116132761776174,-0.5901638760361192,0.6114786208039281,2.4150552377924477,-1.0471611856813205,-0.9244878102413654,-0.4872846690166427,-0.4155611811763124,-0.31921737541796086,-0.18553441722033512,-0.7586621386093778,-1.1530120930127612,-0.7850220456922749,1.2504613499752708,-0.4342003741611509,0.4752104856272569,-1.2306013025423934,-0.9036867545314287,-0.1202318921276004,-0.9613066575913181,-1.0107694232787334,-0.4851292738446639,4.84438013794857,5.07649341935799,1.098800380813211
36437212,end,-0.4575860113109641,-0.72431341185906,-0.6674385503291633,0.4278204033619123,-0.7997276390329805,1.0286104630393673,-1.3836253742280065,-0.7671954128011206,-0.9672467875050493,-0.4966509057956098,-0.37648696085803623,-0.8524933021377098,-1.1832170942556561,-0.8995750449395375,1.9897130480529563,-0.595785186861568,-0.03783004238336174,-1.548494520216854,-0.9728589997121726,0.7013853731544455,0.9959271545539429,1.861870718138363,-0.5648730618308035,-0.8342781761433502,-0.7183864512291597,4.090511324138051
36437212,middle,-0.43521609391002264,-0.7181652899699738,-0.6352049281076683,-0.31662197474222514,-0.7413920676066562,1.6377291325541488,-1.2807303788133262,-0.6437006976023638,-0.726704658488747,-0.40131012854823395,-0.2843702296928368,-0.8276233084042095,1.4779663517388304,0.1863731976644381,-1.7018834509989405,-0.3577357972406414,2.539599979592613,-1.3689457286276625,-0.9225025919681716,0.6683914644751823,3.4946202001473026,-1.0641420979770317,-0.5422962658362236,-0.7707409327082433,-0.6880745618539728,-1.6772109695712158
36512901,begin,-0.43849994346020127,-0.7214454051834573,-0.5867368153753479,-1.3620386781336786,0.7737602384954798,-1.2242667296206875,-0.6776416411370376,-0.501591949216096,-0.42164863501734573,-0.37013039637693246,-0.18695718816370255,-0.794062322356608,-1.2884528598246694,-0.7537159034340623,5.323166087742988,-0.4643952582528937,-0.32083431492157033,2.643782990420039,-0.9432648157514025,-0.5005432040281601,-0.06890498917746103,-1.0448669642499717,-0.4486239455018262,-0.7560446074279461,-0.6778996217932303,-1.5484945223520548
36512901,end,-0.4203000811619645,1.4496144895303993,-0.5558702249058539,-0.1391735284295182,-0.7124003005111996,-0.22423355040599247,-1.1399255202271144,-0.45221083970794607,-0.33019048400542894,-0.34774276338231014,-0.16483051645079205,-0.7750534192077857,0.16744383017732167,0.3138438649990349,3.2294686255784018,0.03975955799485961,-0.9809150916075825,-1.3149058846272663,-0.911829619397516,-0.4937458341520767,-0.9525810248736134,1.0682093893747815,-0.41748428294539747,0.7516987566995096,0.8636807408955187,-1.4509733850309412
36512901,middle,-0.42532588117604603,-0.7152091921722827,-0.4424886937225672,-1.3090362967628053,-0.7175497251831096,-0.9743068670349742,-1.1678297261552892,-0.2680618092837403,0.0416593164368793,-0.3641478250251757,-0.19317121012552438,-0.7849972549122343,-1.2936308188492034,-0.6826608253010281,5.286474885507317,-0.49150240634413833,-1.014318352667629,0.271004458679484,-0.9147666963194243,-0.5021303752744994,-0.9689394771796636,0.5876129283756132,-0.22109635356823648,-0.7359269670138995,-0.6655154660742344,-1.5038848305347532
36564103,begin,0.18530147740695224,-0.7191461715216589,-0.6440106792802995,-0.41328821957080075,-0.7084829553553741,-1.1167614694247268,0.7104936052448004,1.2987410608463028,-0.32881108865230513,-0.4326655127094472,3.5562365018867745,1.3971224081069618,0.701543454654451,0.8457515821765671,-0.06399552406602768,0.4293706418834631,-0.04943447769359658,-0.6473660378944605,3.249793367169432,-0.40672159955656945,-1.0064539261246133,-1.0785559992335974,-0.5411337132742158,-0.05974709704255364,0.01710278016390368,1.7186612949624898
36564103,end,1.5584758985922775,0.06847788489019155,-0.5071630137049662,0.8216345435174335,-0.7063353618171307,0.02125972138536587,-0.3313406995777298,-0.34571690107567327,-0.10635096430392067,1.6046433189073142,-0.2601090388735954,-0.07265092781635017,0.9491458566027328,-0.023360973376952497,-0.23240204127425793,-0.1649488415823239,0.20187597382639857,0.18737202702362435,0.01040819496961758,1.5241841434187624,0.5634804964815973,0.5761304322797564,-0.3275952605628807,-0.7235017765793201,-0.6638737804706428,1.0399732126233598
36564103,middle,-0.4330666469626432,1.0947268813259967,-0.5269051559799945,0.937640474626598,0.01826415900358184,-0.962236635659652,0.13882597074789138,-0.19643845197735696,0.24333070232283033,-0.37240742541642785,-0.2520101102256841,-0.8098249156070976,0.35642979466356217,-0.7971013614236888,0.3252433646166893,-0.4706007691281482,-0.8176705331606555,1.3799801861927152,-0.6764987176536884,-0.2595832927838005,0.0881841976984271,1.4592234126283448,-0.3661615944370599,1.3413246878193013,1.4611352973354585,-0.408604110433927
36600859,begin,-0.4335542573222182,1.4544485468861972,-0.4161738834605323,-1.2624536899634047,-0.7429787624621218,-0.612533687849103,-1.2480067598401132,-0.6982373851197429,-0.8494052473542594,-0.43019371984830024,-0.2858827799295769,-0.821015826265606,-0.020364588644272166,-0.8415297187825961,-0.9401371109876082,-0.5315904956861671,-0.6037644073862258,-1.4200710074778953,0.6455908213505341,-0.5381707919207858,-0.1270391092435843,2.5769624833289955,-0.16957343678771766,-0.7670480070346745,-0.6761799716533833,-1.7422278451573312
36600859,end,-0.21427430121639596,1.3762922174958034,-0.424998213714775,-0.2598595124421789,-0.750404176626978,-1.2642864165435284,-0.5232713339803355,-0.5567130388647065,-0.5308948289107767,-0.38610877902256246,-0.15939204897099246,-0.8057055663303425,-0.8387107703243799,-0.8344127197213812,-1.7799166350203839,-0.5252990904737139,-0.9358796435907323,-1.4197921185011786,-0.950986813414027,-0.5102301266046401,-1.028129986218487,-1.06025245050335,-0.1524924915657899,-0.7655334079724315,-0.681853567769092,-1.634165098304738
36600859,middle,-0.374711045169206,-0.6767621331629339,-0.03190540225601963,-1.1843379015778557,-0.5996134161275235,0.08159821117642609,-0.8773807435069023,-0.42888279339897173,-0.35618933443270145,-0.2592138364709914,-0.03338426348604553,-0.7313196042617636,-1.1546228254758168,-0.2983303781830129,-0.6096030920145797,-0.3742043319813126,-0.7118028876912132,-1.092581421448925,-0.7885164078385358,-0.48457264936513056,-0.8219242803950326,-0.18985274010632094,0.40364216762088906,-0.5883986146668096,-0.568569041089691,-1.2883185602409333
36662463,begin,-0.4466309545161879,1.2384036667409282,3.7351713661668406,-0.6847252121441664,2.4067662731936914,-1.3535068739807983,-0.6336592960264019,-0.7352951250683651,-0.8964231003273477,-0.4657997805738283,-0.33918484184484554,1.7432325202202557,-0.09389766482020291,3.6498431593559806,0.776900540549422,-0.10651755034956353,-0.6213646549273348,1.6333677716782065,0.973969425618295,-0.5460706631337451,-0.15623941969857602,1.331989092898963,3.1135701223412253,2.3778329676466385,2.582684330934517,-0.2551254731738344
36662463,end,3.0668653511574435,0.259091145809256,1.0979746175782075,-0.9967294663366839,-0.7773756064415054,-0.10971976530666927,0.046448022935750885,-0.26746199735441645,0.05556002399852906,-0.461857338671553,-0.33219377518373727,-0.45981534253054884,-0.9230283538934794,2.4843954648430624,-0.6171123988529179,-0.48564867027220837,1.2466910847391575,-0.25027123751127117,1.4022090461498737,-0.5417592389938392,-1.043269960652222,-0.9992793194576386,2.4934387185394256,-0.8074408346387858,-0.7039034767495369,-0.4208388633324198
36662463,middle,-0.45822496860737755,-0.7270200050694948,3.3995811433126812,-0.6361635768854321,-0.8047529578242136,2.4701862968385826,-0.9849143418557906,-0.6514570154980598,-0.7226515847219843,-0.49551410986990635,-0.3801368184418292,-0.852856965008463,-1.4586886881559114,2.383619420221126,-0.3353938337990159,-0.5932558574442349,-1.1401545824554482,-0.030778538693513855,4.040619436930727,-0.554656365737958,-1.0768786986298562,0.1237577019034713,6.510801864408642,-0.8437455282364398,-0.7242182980678534,0.7141112547779943
40131614,begin,-0.43330695986827583,0.1261616919223624,-0.6300088145837841,0.29034730833747746,0.07819354918433755,-0.9614551601252798,0.20899850657711885,-0.4620637659344748,-0.3489079406178931,-0.37239877485740236,-0.2868130655756535,-0.822925651209361,0.3910567859176554,-0.6141306577869147,0.2511727628028453,-0.49546027730470493,-1.0961150497542,1.1487665246710768,-0.17238792129120395,-0.3817797494607415,-0.24089942731663216,0.6801322393926537,-0.5295247689540205,-0.715681684103106,-0.658117314667608,-1.438660675963568
40131614,end,0.6725976621698205,-0.7217232001178451,0.23616044099166134,0.3722138413697244,0.30224963891987283,-0.6062560573377395,0.33439549117307266,-0.6324605434912679,-0.6937845366589734,-0.43851354873461723,-0.3146757413362552,-0.30626383616917774,0.6069677484458118,-0.23496738640884518,0.3472366303486854,0.47103181167419983,-0.885797578848651,-0.2905229488367978,0.5445922377913893,0.2917823180262333,1.3644936664939937,1.1557502435285172,-0.33981582701342233,0.8865601232320605,1.0387521659724255,0.23130802069099177
40131614,middle,-0.4390914988449427,0.2131023452247145,0.39457212654726453,-0.013398460924637406,0.596530184083967,-0.5582742567443906,-0.6432427867095413,-0.4288508146336646,-0.28171913607004945,-0.376814803306789,-0.2882929851058627,-0.8146769193452921,-0.25783141412031363,-0.06603039142202698,0.5232036767339073,0.773283009070861,-0.29390450848140603,0.07326081820231903,0.7068183088265978,-0.44825464587521435,0.15003593987478597,-1.037713332909199,-0.36235528779829185,0.3105536109214717,0.3986172202952402,0.08458939291474245
4066312,begin,0.9557079002620951,0.03747286899757768,-0.6071682591627903,-0.8550913151727094,-0.7004876280755439,-0.894187794869489,-0.22939529782368673,-0.6169552724368312,-0.6932921027705575,-0.3742688904542725,-0.21732991581242828,-0.7915926804239994,-0.8901071509012523,-0.7918311934580423,-1.131565050993227,-0.4131934607266462,-0.3018766895913538,1.5627124074927772,-0.3391730313969403,-0.509629360801262,0.5323140351443253,-0.3161844095450884,-0.5207868526178722,0.8645947131018946,0.9834857609585096,-1.450437619963105
4066312,end,-0.413657652304758,2.2091373823120404,-0.594300477168246,0.304564232141503,-0.6703912964570755,-1.020613084531396,0.20532146753338854,-0.56245260057494,-0.6024179509048858,-0.3563894102365468,-0.19211387694569032,-0.7913300600569687,0.20718887360293714,-0.776933678738631,-1.1518571939217987,-0.4098513280753879,0.252957603822294,-0.957464025132925,0.9207586486771728,0.6581958234062699,0.41769036170538737,1.7006764991383303,-0.5183098429291084,0.0332713328165954,0.11094684602317768,-0.32391077543436825
4066312,middle,-0.1534055707582744,-0.11769238605835201,-0.5202256948960033,0.6088405556547408,-0.5604335406147924,-0.6543580251841791,0.19189045893295567,-0.41784300584088524,-0.3888033534737851,-0.218981988417417,0.0025125489802289465,-0.7119951622847149,0.08086896777543578,-0.20696225915174254,-0.5361430129607777,0.0826112510895828,-0.23510316415228713,0.2293124898278825,-0.23375193109467957,-0.4626928332706449,-0.44052290048801723,-0.3728585183819065,-0.47412861400933115,-0.5979967837043693,-0.5885010257892387,-0.8304760414615779
40727118,begin,-0.12300765896889057,0.10739702115415899,0.4928846293136669,1.0017895857085546,0.6123662863113497,-0.9251791600593088,0.3910184369896112,-0.6343679834417719,-0.7226177816660821,-0.42544406946170354,-0.2793522098787973,-0.821224828718563,0.10460595544035968,0.19012994083999024,0.3253412545633866,-0.2919461511796815,0.5167119707921977,-1.380015679166161,2.6346133691055194,-0.5020514450798214,0.2850832918151952,-0.26313551597340873,-0.27267864048002616,3.923904162159725,3.5489594228917456,1.3343671862947877
40727118,end,-0.1287603397317831,-0.7102333717811226,0.08209382461125675,-0.713349645292147,2.0962016533667613,-0.2618800730503106,0.3662631194014711,1.5859225997750626,0.9573523942218549,-0.3552952655453766,-0.21868080592236797,1.601297523124469,1.463394867377395,-0.145158854948082,0.2322461482191551,0.03814118062982289,0.5968168211360767,-0.5306911482550435,1.0968468426785416,-0.5058911855022169,2.069990251001301,-1.0296979977728804,-0.38213932049192456,0.29490116557507956,0.3927320606091111,1.8810696871501575
40727118,middle,0.0597948343967823,1.318061965203946,-0.6101900410130109,0.26441879868448126,-0.6847486313616609,0.0896226121420959,0.2455662192227563,-0.3603096429771926,-0.14543640352139792,-0.42362342683787824,3.149403200428311,0.2926869407990783,-0.04947439042630005,-0.8266676463173149,-0.35179914765002185,-0.3653917753436761,0.732099490169382,0.09403463652174737,0.8149916307319203,-0.05998879213180281,1.3775707863751117,0.6353083688910964,-0.4964453253809319,-0.6673218276288834,-0.6276672975989372,-0.5427327443263938
42427664,begin,-0.14096270164225716,1.493027336305006,-0.5052235205464606,-0.4122168369706487,-0.7416254708665629,-0.5426999227236686,-0.053779615601994804,-0.5096263563236135,-0.4675998137841521,-0.3374429707320921,-0.2930685608804995,-0.8219799871120604,-0.10115927796716159,-0.16049047636096764,-0.0037420576348692887,-0.46094890476166106,0.16744858863442832,0.9653409442569062,-0.29956781810865035,-0.3565148447557517,1.186985275158615,1.5200912282880255,-0.31321835173115,0.6206727089980977,0.7572575411228579,-0.48419299168027974
42427664,end,-0.40138759886315356,-0.7105099857254894,-0.5208676205529013,-0.5030349708765302,0.8863048680986768,-0.9422686751537237,-0.04994156664536837,-0.5745353401395603,-0.5951580396671488,-0.390090663674369,0.30743335878044453,-0.8097239503511756,-0.13536992950610935,0.2892165425051174,-0.052968884623485604,-0.018036709207529422,0.27120439668872065,-1.1166207550100786,1.2953090408402492,-0.45583969254037837,3.516216521375258,-0.44766831758098263,-0.36135961082342744,-0.7578504878242132,-0.6795666651664216,-0.055944023232737145
42427664,middle,-0.13509756918029042,0.043800968470951315,-0.5007853754216117,0.6310055211445362,-0.6961633181398343,0.052031207116452684,-0.1074063192195408,-0.5699379549729671,-0.6016565646425813,-0.36655457807637715,-0.2164661198041695,-0.7185765574340204,-1.181966881322228,-0.4266574930370342,-0.048479901389928866,0.21954327570475238,-0.7551486573504835,-0.2809704915323965,-0.030726918476003867,1.2899516150494745,-0.741581952967653,1.4162898205149754,-0.34064701213218623,1.4921141211675986,1.6197893670244172,-0.4843148934802583
43728457,begin,-0.4068749933060688,-0.7002313891116183,-0.38201401637310295,-1.0834314510255796,-0.6573069387908042,0.37819110367763414,2.3205084129416913,-0.4118418960480996,-0.28671778187584157,-0.3038187164937914,0.025303238041594033,-0.267881806870341,-0.3402963966647745,-0.15971452778200554,-0.9734790391216875,-0.41271162354676527,2.372734797361606,0.6798602546802404,1.1379274478831458,-0.4882692159443545,-0.9076662511930087,-0.8761857113872071,-0.15369671746971256,2.250325737736026,2.3848991951199943,-0.934648037435296
43728457,end,-0.4182194037068462,0.2702075873479774,-0.5794595235823383,-1.2777267445045468,-0.7048495451064711,0.7219892445381296,4.986038468133211,1.1193836791684895,-0.598564734601809,-0.3832402850360671,-0.1349507405828269,0.3759127173975814,3.656929597125146,-0.7866896862513564,-1.6520831430842233,-0.4823606424500118,4.964472359377191,-0.45008266714144,0.605158123156415,-0.5209421170720633,-0.2966658202733078,0.4585434442362154,-0.4765986184140338,-0.7204391268332349,-0.649527852727158,-0.4554180801714609
43728457,middle,-0.09081587955892549,-0.7123222890843381,1.0917421146421313,-0.7479890269716224,1.1336190873339733,2.7729821985255176,0.9849049062773328,-0.4797562801272494,-0.40751822853613673,-0.40065856570746616,-0.2390267739183367,0.29528907514843583,-0.20423975713102754,1.179269089464096,-0.13561540314928838,-0.23227061835804672,-0.4108358905476598,-0.8727710429317618,-0.9207051548432523,-0.5257009782473357,0.32627960784945265,-1.0647388962894822,0.8348306027325229,-0.7280518150325185,-0.6663787332405666,-0.11285143491475981
44099084,begin,-0.4084602709535243,-0.7008805268068626,-0.4009633074912171,0.9859262046407549,-0.6455483620975484,0.05655734039086117,-0.5209328770003245,-0.23586689316402928,0.102408500080214,-0.31648983690170973,-0.1226506634879392,3.5392942110352132,2.8260935744922295,-0.7002858362880601,-0.8486411907307104,0.380248428699607,-0.20430207103547746,-0.5237583385833147,-0.8703523230776007,-0.32240154368397955,0.1408593043473736,-0.9455469362430565,-0.16869278450298034,2.6893917773735714,2.8217157346099806,2.31036805650137
44099084,end,5.937379389293034,1.695337014030779,-0.573964934740105,-0.9757891500682206,0.32891510087712367,-0.4066572201378993,0.6775967008153418,-0.5022027260451806,3.1282870580445215,-0.4162218506030309,-0.24659326045884056,-0.6090446098423553,-0.5934358460783054,-0.7955312957262654,-0.5128108970977642,-0.48430148347108376,1.203297484229334,-1.3674827556754443,1.4553904219733416,-0.5275216752165415,-0.0714297398726338,-0.9101437828519295,-0.43598341441601607,0.6482906755950539,0.7767502793138272,-1.4390324587025678
44099084,middle,-0.44593378680668616,-0.7279648632275704,-0.5129170000945252,-0.4754224781006108,-0.7529151352369947,0.5756670168740093,0.053816428265660965,-0.2090512755426935,0.19430451534884582,-0.36953716467731645,-0.30502200435277077,0.7856165608696473,-0.49173305384486665,-0.09583145889941104,-1.0914276739782198,-0.556264002257757,0.3103813213758809,0.2864125310267731,-0.19289127686588786,-0.49341284518995704,-0.1292377060213009,-1.0321971601739623,-0.300336219530212,-0.7614301401210187,-0.6846233210715561,-0.5458628158305089
44168447,begin,-0.41476773822718543,-0.7105775353205661,1.1422065803031691,0.058216793009089,-0.6569910895548301,0.5127250190154464,-0.957094232851422,3.4712249621577436,1.0462037325889697,-0.17147227303249327,-0.23489784423713106,0.2383150331893568,0.5572848799120409,0.6444057693128886,-0.1764402335381332,-0.4796146173525238,0.22366549350502948,-1.1196818918805969,0.5014097064216636,-0.4183263020259811,1.5245383439363793,0.38905658224632433,2.5384682682860973,-0.6161249125150675,-0.6051189055859433,0.2551188409171894
44168447,end,-0.46401143335981143,-0.7296502187381823,-0.6812105762104049,1.51890235924241,-0.8189960008176537,-0.27379708099330574,-1.3561656027819349,3.422669211840366,-1.0396186392703688,-0.513518006281748,-0.40682961807102114,-0.8628926515109809,2.5230925599687115,0.2897569682642264,-0.9853936199450523,-0.6122731332588174,0.6377041121025994,1.2734989479795424,0.38221709983898294,-0.5610533505505306,2.030701557784758,0.6627652144827727,-0.5766304519647124,-0.861890923477793,-0.7348617647023457,-0.12415291477530166
44168447,middle,-0.4393143600726183,-0.7153813085895869,-0.46194796251922854,0.9588983537567136,-0.7239512542537566,2.4456901378436156,-0.7315370293917292,3.4904405197241286,7.721448744884268,-0.3375357792297145,-0.22383514352062062,1.577017657594064,0.5585887838776078,-0.6951555147945516,-1.5948075992671729,-0.505858676131037,-0.6534102918075082,0.11447432955720278,-0.9321363987061226,-0.4716844858104218,-0.6409901739137246,-1.046013443721859,-0.2383428551922805,-0.7235369446969256,-0.6553528446990619,-0.09106249751479381
45156972,begin,-0.24751502573949083,0.5391711650375307,0.3383175188946478,0.4796483048590465,0.4610251611145401,-0.2242541634087607,0.14076499025443293,-0.3424861708990343,-0.10394088805222676,0.8486695101563243,-0.2707526722434557,-0.74909836465184,-0.5500291372717799,0.43570019032986423,0.5586261985058718,2.1893695768405514,-0.4296626682139628,-0.6471902436570667,0.27562999459609755,0.3565770273281307,-0.9699806568739311,0.705449914756023,-0.26790146801698533,-0.6739818461332009,-0.6324380850146775,-0.12545545695406118
45156972,end,0.08952957145100376,0.34422128753024855,-0.561616548991106,-0.11348965637685149,1.1867119569392361,-0.626641548452172,-0.6202641879182413,0.3128145405648439,1.4624889642045085,-0.4296396115555872,-0.27236051120382687,-0.8220458536832788,-0.4537541102251767,-0.16477219948049246,0.4432240603665996,1.7235057249354973,-0.47417348842206203,1.0294070828245574,0.529813582948196,0.9220696183430572,-0.9037632344295906,-0.1833852779261111,-0.4194139073768979,-0.702951508538869,-0.6450604460748381,-0.016042633873596664
45156972,middle,-0.41814572660971544,-0.27464726589152677,-0.5093118548227243,0.31760658108693496,-0.6524789616093678,-0.587718597500372,-0.3170028492819535,-0.4629588567754989,-0.39459998255647527,1.1079779047624059,-0.1530828901203225,-0.22720352590251422,-0.46421012082173846,-0.5065232578919554,0.9255164979971955,3.110850485857861,-0.48957046847139335,0.46821448453006353,-0.4642133612446833,-0.3566834164465377,-0.3602965717569394,-0.22273843421730305,-0.3706378647847153,1.182013772567899,1.2837857170996125,-0.6421667809113496
45857023,begin,-0.44467409680549114,-0.7196211969184028,-0.5420932428068989,-1.432110423287173,-0.07895949455361129,-0.6837980311455092,-0.5955021418761223,-0.4627364822871596,-0.3487929031823541,-0.42094069923217703,-0.2752438998849309,0.17181394874189343,0.31289599560282527,-0.7775038839013719,3.602069940207217,-0.28043605206086736,-0.7315703433289249,-0.7776410380320198,-0.2587339928874382,-0.5282457916985435,-0.8323465994042007,-0.24439177818138413,-0.3659620981187424,0.04253275116693482,-0.6926621940080223,0.30236207152578076
45857023,end,-0.4428205711617097,-0.7147987927962558,-0.5098864617457298,-1.322085679971209,-0.7246711780375474,-0.5347336057945544,-0.5473391912084752,-0.4270339486992898,-0.290697109867643,-0.38406433450095756,-0.16556348031797233,-0.29274814559533147,-0.7841714602912532,0.02879815671388279,3.0828917343441447,-0.36770456445668087,-0.6108982603913209,-1.361865277601046,1.9960600561863886,-0.5151317688373531,-0.5083065513923546,-1.0262850165344315,-0.3358756691375814,-0.742800689878558,-0.6631191811770473,-0.4624154203140937
45857023,middle,-0.45045278980423514,-0.7226065589952114,0.17539058040883973,-1.0142369988508257,-0.16624112010088057,1.461417187088228,-1.2026062608320112,1.3027718936779638,3.273079498955406,-0.4096534533217556,3.233861587962183,1.2550348033400271,0.3047273172973275,-0.26346006394840793,1.7802879301559236,-0.3906959697786525,-1.0183368959874943,-0.7522697323562321,0.45513472892456913,-0.5161054442524997,-1.0444497306597305,-1.0090590859251543,0.8966730356937939,-0.7836091322972175,-0.6914968807435526,0.39431135563241104
46142566,begin,-0.4423968128999444,1.643096454612639,1.390081229646125,-0.8863986009122358,-0.7608949405381772,0.3403544019117863,-0.585561847029384,-0.5021133685429704,-0.4364358976235013,-0.44090309981336323,-0.30261793461148745,-0.29325246644615904,-0.7970976538820858,0.8114148568729095,-0.34930118029522245,-0.5228757786679253,-0.0367932328843047,-0.052798972930958595,0.23188513583955228,-0.5309592371939587,-0.6680191533503578,1.1892803852747311,2.9934198792812627,-0.7934647626414184,-0.6960177723661088,-0.7217744502928537
46142566,end,-0.43243511475945595,-0.7228244034297671,0.7998439267833577,-1.0674737590745162,1.6158413228784172,0.7220718161117613,-0.49492878782172695,-0.43563070221993216,-0.28344514891026795,-0.4243958242959677,-0.2973082660228765,-0.12945787807336873,-0.8705059796886815,0.18740961769753636,1.0702497410173502,0.4854196038088029,-0.43973610993567014,-0.8408021970915188,-0.939018289643773,-0.5270132695112456,-0.9457599189465223,-0.9885272935806491,-0.11898964160943455,1.1694581343199688,1.320757142620959,-1.0740025541940543
46142566,middle,-0.11995646037294432,-0.7250263689405547,-0.3861215217042106,0.35319388950784053,-0.7477751416571206,2.61519851428644,-1.0182614085047175,-0.04726331207733161,0.5163283661784774,-0.3444532100752614,-0.2560426108585809,0.37418917288136505,-0.44960862260448653,-0.6421862945008695,-1.1384881936289248,-0.513190583261922,-0.8183761153369334,-0.2000959360440217,0.2840270858461083,-0.4848745468988553,-1.036340007297216,-0.32661941904719033,-0.07903694245090309,-0.746312584032245,-0.6710397054237746,-0.7904314441971034
48572514,begin,-0.07461740335815271,-0.7103793892474207,1.0747096159286604,-0.9161135936260452,2.2890936503650736,-0.6522217119361337,1.0591574502028889,-0.36981188919827207,-0.1802172293580609,-0.36519108944678796,-0.20836415991534502,1.750921577618299,0.6738904284619751,0.6327380545556948,1.2768448962443144,0.10238800239138644,2.0369023442813536,-0.1359611703759898,1.499155360532903,-0.5057826336774056,0.7299392848311782,0.8893643964634511,-0.3209217745563396,-0.7265086733201792,-0.6600112227593312,0.6277539008060228
48572514,end,-0.44368967592309916,-0.7207544988932303,-0.18187428590394614,-1.1127748052342863,-0.7674538707031088,0.058361495357401406,3.304308897404347,-0.5721046311690968,-0.5691711063773425,-0.44363744253654813,-0.10495593804905931,1.0057270021718259,-0.3965817200198399,-0.8126064696783475,-1.0983028976347196,-0.5519606873019196,2.170374169742163,0.15985415605530023,-0.2780169658011009,2.689022818739978,-0.7651525088070877,-0.35894126342292715,0.19312681239098559,2.112489830342617,2.3012686216197236,0.03539807245680984
48572514,middle,-0.42224915678755653,-0.7039140301823543,1.0108611653309556,-0.842599835730821,-0.713402801936164,-0.7837297509682979,1.6991582272126273,-0.506839264622706,-0.4703058858188451,-0.40106720792927447,3.242465868917785,-0.3230955558580671,-0.1644539336521627,-0.030880646059716407,0.47032561454187133,-0.41901789672331785,1.480806872562503,0.3105447519826423,0.47853694141525976,-0.4515343463276873,-0.2362889817293836,-0.9995940744341503,2.2989517948439246,0.38760675843499426,0.5002992516216899,0.2990658861476193
49571946,begin,-0.4459625356926183,-0.7188594673413041,-0.5064263707673452,0.9050301382571899,-0.7634934546112871,1.5188487283534389,-1.1267847017973798,-0.6388921538940885,-0.7170030512114102,-0.4417798431441088,-0.31486056172857124,2.752404964248986,1.4698785172560003,-0.752788065154731,-1.5508430044080825,-0.2533005092440939,-0.5061238233975098,-1.2987378002927714,-0.6478600843975263,2.859428292549096,-0.02860061037227196,-0.954999654545327,-0.30638082636772684,2.7454134938547194,2.9526669069158076,1.4694745859272935
49571946,end,-0.43523288077423666,-0.7122969816340085,-0.43696170574394944,0.9572197417689704,-0.7453669161433847,0.028707246016629436,-0.14385171672141017,1.9745125478644239,-0.5783309164954682,2.498872590751996,-0.28881633542742674,2.934594413190276,1.3044349238778725,0.6988755647602293,-0.9080296326971256,-0.20545800135339237,-0.6020374726167048,-1.0652161753180716,-0.931692461950657,1.1288680208831126,1.2230816109268605,-0.09916028905511037,-0.18883457169327555,0.9740168588613825,1.1187663132776606,1.6786959574259859
49571946,middle,0.06267253238491839,-0.7084874309212884,-0.5834451461373276,0.5024114022588486,-0.7071567876554327,-1.1542226327685141,-0.2655477979918696,-0.5039646637972401,-0.45519931724985296,-0.2211653675238577,-0.21390643021727107,-0.5037134675724838,1.0436931473085966,-0.7556382847708186,0.8269548923705503,0.32605985010646704,-0.09460897743187377,0.7395791415672015,0.08631202687937149,-0.3912606784280744,-0.2723299828710257,-0.9964202045362618,-0.47052058458165913,1.1563328450638803,1.2874310482215958,0.7192090495405993
51208558,begin,-0.4464968846910172,3.717743088439196,0.7193500951087769,-1.1871258249379495,2.7022678974220025,-0.31337110832516607,-0.7425134388301443,0.10376584806119661,0.8221158795268984,-0.35716461681619227,-0.24864424126305437,0.5423261414154982,-0.39791818557120295,0.2528717685578942,1.550412254146674,-0.5194748825046651,-0.23604106577048967,-1.1938324068814956,0.003450663487269084,-0.4937207367832275,-0.7598885814988179,2.0171680312008258,-0.0032872224988492525,0.42589420520856075,0.538775695893768,0.33640287506685906
51208558,end,2.0636608217173382,0.40597596467203134,0.25972481536579894,-0.797818194077498,-0.7741722792349485,-0.4026732753568475,-0.7529838054228636,-0.3937862610810464,-0.1923440420874797,-0.42000600383319936,-0.29091297068532423,2.1551814269306013,1.0288212687218412,-0.1364373196409805,0.4565981986836328,-0.5613441189925814,0.6714710464047432,-1.264036230138673,-0.2470601479275616,-0.5212657116239309,-0.23117341092306493,-0.5013373851008606,1.0449788397839574,0.6454732652413816,0.7834305849617793,0.5571645577199653
51208558,middle,-0.4493543091313143,-0.7286934926113228,2.5678592910882503,-1.3341527872034662,-0.7461298610683107,0.657736724705542,-0.9087631578633045,1.523863096355401,0.0833840535933535,-0.3196516373917265,-0.2676846078126145,0.8575198480142726,0.3690378657236337,2.2613117601989035,1.2659752139559888,-0.5214131157671568,-0.826896195997565,0.3273474728978388,-0.05789319173091326,-0.4737511674162489,-0.7689545670533156,-0.09706898437038936,5.063202300601613,-0.7377038721010498,-0.670625620406206,-0.1700184822817131
51778361,begin,-0.43944047860378876,-0.7121010741198082,-0.5694671211594251,0.23491102197587838,0.8119167759117641,-0.4492485927704168,-0.13257122277295852,-0.47234374330222845,-0.38152109989255945,-0.31056890569492235,-0.2719673256464366,0.3510620432218772,1.5753593405390516,-0.7712191118853972,0.6371470039023797,0.2737396210317953,-0.17912136221199498,-0.27335522573211474,-0.9267215734712332,-0.41590717415563455,1.3666286545817825,-0.0032870623468803234,-0.42931171078081626,0.5721092200736556,0.6977600461138815,0.36313771311657506
51778361,end,-0.43147272124858715,-0.7178196516267753,-0.42787592689933146,0.6624523182943416,2.938990199354884,-0.7749524554475209,-0.33783169340642893,4.626398119533316,0.7844476245532623,2.2833903041885177,-0.2716357925397482,1.342702431961942,1.4569214590776134,-0.6616939158988532,0.0900053179578658,1.3617298978325678,0.08763368917083855,0.8861504854344265,-0.9273437727662679,-0.31853243713783835,-0.4934121761073169,-1.0070053530253817,-0.18438897150261924,-0.7232779293581846,-0.6625076751210109,2.019236633582905
51778361,middle,-0.44362621669413016,-0.7173839855871074,0.25402046529888794,-0.01680146423756383,1.3152062053438272,1.0593881691144127,-0.42304131086792035,-0.5517914819511361,-0.5231704014065222,-0.3866175654035221,-0.3104152892316941,0.5906084740114211,0.25541788060433646,-0.12079706152066748,-0.26899310654099146,-0.40139150331624746,-0.3668254301356959,-0.355202134005052,-0.9456115601275763,1.3727304260362418,0.3017263676215299,-0.1379015857868507,-0.5193438778651436,-0.7615858764612524,-0.6805174898534988,0.18413014383319223
53490997,begin,-0.21917075487400806,0.9851874230328334,-0.49621526265123794,-0.3773636790748389,-0.6861825048180915,0.6727446597899958,-0.2441106500307831,-0.3626495011282817,-0.17290306261650354,1.2153783836382914,-0.17225466925873606,-0.7941108133249313,-1.1719755794478697,-0.35746036186963465,-1.2523023523025247,-0.4813429516138441,-0.3835325375838799,-0.673274627266144,0.3148075696051412,-0.49458982300869797,-0.7960932633770519,0.17970470874682024,-0.3354657039905236,0.06562339866132642,0.14327090750851496,-0.5545579256117616
53490997,end,-0.4170418089611383,-0.7070905128625269,1.8598277097549831,-0.6588838548684445,-0.17410550392842578,0.19122897428767716,-0.544579498094602,-0.41517660618381413,-0.2743536869932061,-0.37534095962653374,-0.21826863208876401,-0.16719270079497356,-0.4777434610157598,1.1826233586675718,-0.5165813934238674,-0.47007390591861503,-0.7197705302335405,-1.045128627826653,-0.29361866968849887,0.7127540619718877,-0.5729633101263584,-0.9593063743348414,3.7704786703471433,-0.7211787777757266,-0.650990826991175,-0.877896610138444
53490997,middle,-0.23579857212188132,0.30703542689796,1.7395742900823394,-0.6402721375723261,0.2753744912446984,0.9677909140210367,-0.3519702562505368,0.5474900849200464,-0.2664720029162866,-0.3842821052406209,-0.21629922898397455,0.21997435452286454,-0.056639636065716564,1.4515388051956228,-0.07994858201401217,-0.2709768329238419,-0.5009991002553478,0.4472807993407985,-0.902385582397189,-0.5138850951890557,-0.1439722614978347,0.5192870969766503,3.57434106226163,1.286706649021659,0.8563229799357455,0.07456641062544113
53491020,begin,2.172529094921251,-0.7049325160989712,2.5864875102471854,0.9975081666591404,0.9056306985714112,-1.1054962476837558,-0.01897456150068608,-0.2563099670439531,0.07317675290020345,-0.21254742486583592,-0.21577630844136017,-0.7981453347987273,-0.7450138031278358,2.0771290611323905,0.5651107926427384,0.40835391620472966,1.5795501675081367,-0.08464331112570245,-0.8980844718861064,-0.4321911094662431,1.1819094782512072,-0.9852816197436093,5.04142651287757,-0.6274798755537563,-0.604202073483946,0.7183547121113825
53491020,end,-0.39136856824977057,-0.6953374826867486,0.8927890851993102,0.7894787631317772,-0.6549971562165041,0.6403293154675984,0.18592039933717555,-0.5174451023977796,-0.5132994458019577,-0.32831775016614956,-0.096400563266514,-0.7717491828699775,-0.8319271637458167,0.4225353124665192,0.3770117040833088,-0.4335326259202438,-0.25835123378529634,-0.39334233496527277,-0.833198318262147,-0.5062383024424556,0.4857028227871714,-0.0038283222667334317,2.043569089501849,-0.6590503024856947,-0.6120453176357389,-0.8055034067751713
53491020,middle,-0.39220810716974,-0.6976286675486574,-0.49806332787280616,1.5188023467529979,-0.6255768720035686,0.6272129475850983,0.553155846964616,-0.27782225570168345,-0.010115355168736465,-0.23765381657385157,0.0037442948638240258,1.0355500709916154,0.15286803801659685,-0.6840179878893546,-0.2782310649439213,-0.39839095251716194,0.6040543352640062,-1.0394241648553864,-0.8375123671746479,-0.4587249962883718,1.1790900990982929,-0.45737416977830364,-0.37157797057911435,-0.6110474429111024,-0.5886687473995695,0.04905711896662251
53491063,begin,-0.4066162354180735,-0.7077528403862987,4.117758763213177,4.102882148986422,5.778915814637478,-0.791471482123222,-0.9017242919229005,-0.008646046553490206,0.5713936040724652,-0.23399069094182803,-0.06990472912726256,3.3573795079336595,1.1751778590010153,3.0458288037824763,-0.15688610905895992,-0.39384310542496437,-0.7012653667356639,-1.127763136569004,-0.8774501304508875,-0.2886230098585656,-0.9118329388796786,-0.9080586075903214,-0.29821196410202544,0.21271563774643462,0.26400371285962676,1.4707252049410469
53491063,end,-0.4160039606984662,-0.7022821403337899,-0.549427819161108,1.6329964818674274,-0.6973561658997531,4.154069717151754,-1.1127977053481384,-0.4679584852071913,-0.3952823940830099,-0.3713604770325545,-0.17250449464730688,-0.7876307372784811,-1.3275560807403597,-0.7605940689167786,-0.4803236432387394,-0.46345882817612877,-0.9800470861237884,-1.187836464064241,-0.8732077673675539,-0.5231793407157732,-0.9562293311627176,-0.9922376190961631,-0.42907798030927435,-0.6976146153207065,-0.629622624409672,-1.521630944498831
53491063,middle,-0.43968799058954006,-0.7125721293284824,-0.6275998666891214,6.127413347326802,-0.7126711036222524,-1.1136694350640042,-1.1443630832407323,-0.5709050692263993,-0.5885977647828128,-0.35070394923803166,-0.2757624434224476,2.517624667895456,3.8522069028843697,-0.8297848810377442,-1.8233107320305402,-0.49947452428332034,1.0067357166699369,-1.368435760863407,-0.9246871282950049,-0.3238765012469999,2.397641534710504,-1.0684334261219581,-0.5361679345682033,-0.7216033743059064,-0.6548765468829028,0.422072277754796
54474410,begin,-0.046159009627320495,-0.7199895014701045,-0.5587558538220494,0.480527536069512,-0.7740081887761184,0.5729985504015516,0.5526794415501273,-0.4186362389125464,-0.2615115757868517,-0.4579821667549976,-0.3301724347870124,-0.4729017418944576,-0.007122117560578541,-0.691082822889928,0.5375631229338047,-0.2538191780645765,-0.6153282595844489,-1.0277042821594262,-0.23515343237118996,-0.20639058729867113,-0.8520033616200481,-0.07438818201066313,-0.3892337527497511,-0.8126128093317901,-0.7083378533807694,-0.3215209831717338
54474410,end,-0.27925393822034406,0.6130614232089797,-0.5646839761155725,-0.1457398056601323,-0.708281961283634,1.0330338203813285,-0.038447021485535166,-0.32167846620009355,-0.05057179922468334,1.154008281285067,-0.27614153599498,0.4698671981041534,-0.07672941269017379,-0.7875466838181305,-0.9052167140738308,-0.29973852731725664,-0.05863237743052831,-1.0058111717796896,-0.15367226535791279,0.07026338711867265,0.03633508100827983,0.015147340207860351,-0.4180785382842902,0.08809843216883714,0.17586934016900813,0.48429547864462413
54474410,middle,0.9423695358008859,0.4958329865543477,-0.5103451358299942,0.3162582806364316,-0.6653526020022231,1.291945237537292,-0.4434038680284936,0.9178406838248273,0.48435461752050507,1.163988669796916,-0.2371388799809585,0.046389340479009,0.308538114809392,-0.6108800788426572,-0.826936940162204,-0.40015147106386295,-0.37497539436059146,0.48344766427420377,-0.11808129467117874,1.0388177591398324,0.11820342921403632,0.3780075215409458,-0.3348362974212482,0.36412576580368283,0.426385791960159,0.1573170238510535
55538972,begin,-0.4376780186823998,0.1348082116212413,0.30154266949784125,-0.36975781825882,0.9953905298270372,-0.5044414486812313,-0.2194121976218484,-0.5561280275376669,-0.5516364200464928,-0.4125928866376432,-0.26162681353577216,1.0166030020148968,0.42967373652876406,-0.08401205643263199,-0.02806936061579785,-0.5053664494341095,-0.25644541137184873,-0.11979644634037893,0.08159463614526777,-0.4481324682361943,0.06960631873977963,0.7274310911382343,-0.4557499575233993,-0.7700861281862418,-0.6807088614877982,1.1111895570450023
55538972,end,-0.4341501802546122,2.0169299816965225,0.15585433979149108,-0.06434029441759136,0.2292193942287038,-0.9565567011265648,0.06918580883011217,-0.6542265600259942,-0.7528506855310587,-0.43941773945820944,-0.04904586030223846,2.3729246055554762,0.13403665719958927,0.19947048785418317,-0.3420838455407352,0.4306183542363861,-0.6421750594737193,0.3122560954962452,0.22990077096671954,1.3255242287839817,0.18164600430363928,2.1935110833690814,-0.38162237519395836,0.1978035453093918,0.3237494842490253,0.9382165087258955
55538972,middle,-0.23394686805912204,0.7733924332876588,-0.5686727060096389,-0.062260752552313274,-0.6598967594744048,-0.07674880830338007,-0.30959307036644107,-0.2887973191104832,0.028021610843885155,1.0807459040236704,-0.286758966549097,0.6149508083927699,0.11981860744872394,0.08051084506058498,0.2286433344273344,-0.4609473425577753,-0.7848146298374482,-0.8423630492792508,0.1920541984366138,1.3591980760452496,0.22040821815656905,1.5279961360867356,-0.4584543957482862,-0.6958313214474967,-0.6446423795535614,1.1802290470853847
55583305,begin,-0.011802947145959508,-0.7114236497726826,-0.2681834406296279,-0.5006674147779494,0.026045562749548654,-0.5994460166637487,-0.05703288328068201,-0.5169450208626825,-0.46176297867887955,-0.4183636857706596,-0.2790982836695293,-0.8039928403200444,-0.7589259524489075,-0.8352137789447419,0.39244777266251,0.018879809874796517,-0.6221842667083998,0.37516826543068604,0.2562490885020045,-0.026974003814776836,0.26875049399907525,0.03997539228552633,-0.06026264357379843,0.9081349524913689,1.0148454454825433,-0.9709432286419354
55583305,end,-0.37178975849390944,0.3282472829034504,-0.5158997922548767,0.6745209810633159,-0.6096486737678152,-0.3121878912992913,-0.1311173841240283,-0.2095190275668071,0.15867679396853662,-0.299200805583929,-0.07168970631016311,-0.09957543949671609,-0.7548438730073147,-0.6894562113276969,0.7698783611598634,0.6230211050467372,-0.4816480322014918,-0.0690667392785726,0.03462292267581526,-0.4130316011003487,0.032746242419332855,0.6123615837532955,-0.39103828047913164,-0.624017243994077,-0.6058504252817862,0.9378071826718158
55583305,middle,-0.43056138984960707,-0.7123817268268351,0.14321893898805732,0.7774223059653116,0.3445492359889952,0.05143036380321026,0.2868216907097553,1.8684807339471894,-0.7302561376085869,-0.4183649377551611,-0.2565704462314784,-0.47563987160125293,-0.5941178891830429,-0.24349102216283003,-0.3977817227955657,-0.5052392517073514,-0.4148923571388948,-0.43870162333544027,-0.8792092704742388,-0.4952640017172459,0.0029946793405255965,0.8136843706443946,-0.5345109773123375,0.6756102440493956,0.8029941452894733,-0.8881493574110318
55590890,begin,-0.15018055907650021,-0.7140978915668095,0.5984739894280803,1.4249703267007547,1.6217777250729635,-1.1204923574552057,-0.15198911406921226,1.256327315655329,-0.5193667563125438,-0.3799494110101036,-0.28419923824503296,-0.4475582733116402,-0.25009947782169967,0.875436577727665,0.30861599020485125,-0.5006457120499038,-0.6133211801724728,0.8600561721376232,1.8532475002922761,-0.515955679192017,0.09004311146281911,-1.013021890689041,-0.48780697529699807,-0.7411812424511991,-0.6687242098904175,-0.9296722671570758
55590890,end,-0.16742699562837027,-0.7239469098954573,-0.5686229117559385,1.142709526843647,-0.7899995846600031,0.018248090680379005,0.02463622688780519,-0.743393599238361,-0.9217672647409533,-0.4773823828780646,-0.36327189112109814,-0.3829602547317997,-0.4653510830903947,-0.1950672565501878,-0.08650200179362912,-0.1555561290180306,-0.028869389852035465,-0.10477549060242389,-0.9713164855828522,2.5567782108513324,-0.01632600487052275,-0.0367722695898497,-0.39705734106178825,1.7585558037229,1.9514885600111016,-1.153964105802485
55590890,middle,-0.4511902171795529,-0.7224170354469941,-0.5882573491687468,1.7613079327356511,-0.7547837559674264,-0.03312263111875353,-0.7896615870025312,-0.5252489494382442,-0.46897734244331984,0.43507668977395814,-0.34106927012197646,-0.8397427409875085,-0.6723719901328112,0.1342156693746581,0.8793037349823224,-0.09266742966137333,-0.9822117717975557,-0.3953278123563774,1.5783326842992382,-0.16867962862802824,-0.7363340097873147,0.9413764308796856,-0.4469551984018505,-0.7867432042484337,-0.6935727781479919,-0.04150595220383641
55738401,begin,-0.11615667273906778,-0.7216864973079699,0.8003910209239914,-0.836965284438082,-0.7515545432223371,-0.0793676161900426,0.6809404167824629,0.7440978325076919,2.1206229084985515,-0.42850512786443723,-0.2600218554250556,1.29370151611563,0.8233588535795003,0.30235149400026007,0.044697781843566535,-0.4357477024194122,-0.33361760361903003,-0.9564163296851617,0.06843212793236465,-0.5254264646609573,-0.19846049599641336,0.2612828782692547,1.9596148859211098,0.5235256713276008,0.657606690407033,1.462714847778468
55738401,end,-0.43977499879452114,-0.717492116798845,-0.2587114387083924,-0.4167600571480236,-0.7415029174194502,-0.6740926333143992,0.6656265380852809,0.10948601822196662,0.8170429685773682,-0.4058668094806438,-0.27106337176044354,0.19060565679123107,0.4377283281178478,-0.6535992601798588,-0.028939961021515158,0.3599864584537422,0.5613646033091063,1.2894776201863358,-0.6921028081193815,-0.5135172214342226,0.4268002116628356,-0.5705586897081828,0.11676420175199945,2.121157553897385,2.299746533238069,-0.8759820721851266
55738401,middle,-0.06525150146760725,0.24763335536466982,-0.5981714301895336,-0.9351712032498831,0.04748238008565378,0.9733084881674998,1.6563585851120326,-0.5575453110513546,-0.5567238089368304,-0.42297205633948626,-0.23127975135327253,1.4094001260807876,0.8972493008585746,-0.8185311361129329,-0.7996478461514018,-0.5238067700644613,0.24005891302834637,1.2246109462163621,-0.9219280921319545,-0.4189526339263982,1.9375190798115576,-0.1102011886143437,-0.48465692148455475,-0.775639730534296,-0.6855875035099714,1.1372041598381109
55817097,begin,-0.4117254593530677,1.8824133587866907,-0.611442786649832,-0.7296332849116645,-0.6401141101228225,-0.586001900254232,0.7946719142196216,1.9610895353805442,4.5909543235830705,-0.31711026476253307,-0.19394206882028076,0.7573817486113468,0.7547878734485561,0.9634876354259262,0.16777761185548257,-0.23962647753503807,0.39335902812918244,0.6581366762464513,1.148674739777651,-0.4808623284524537,1.9963572097009008,0.11218350972011802,-0.5264903296814567,-0.637674684787835,-0.6133338228872506,0.8316587348899014
55817097,end,-0.4200741848284559,-0.7038777504149316,-0.4826275157190752,-0.8628044805467032,0.2265281211988929,0.0465974020482134,0.31401807426794104,3.819742316477817,6.124765035416661,-0.38482340298673967,-0.20375310956104023,1.7212845391763067,-0.7261398189711418,-0.77055702870819,-0.4177038186751372,-0.13144042343275325,0.37344495089614854,-0.5517997869371323,0.46726331699824913,-0.504233450665147,1.2348737185034513,-0.9397187945816443,-0.30961308576242424,1.8869408463831898,0.9666765288747301,0.7962860444262281
55817097,middle,-0.4302524385423356,1.4127557648183167,0.3759477925858584,-0.3952754677910104,1.1981407797649062,-0.5341732500777063,-0.5161008340265899,-0.440648002151909,-0.34056373103815474,-0.3927154923730461,-0.2553257516713498,-0.3543786071696484,-0.22840513387126093,0.3905041621268349,-0.6752934704099917,-0.08164159929264286,0.48786962156057556,-0.19968249949106504,-0.6785535910587726,-0.5217029868766776,2.2871803161993904,-0.022256555480051732,-0.2643778513848807,-0.7200144853747648,-0.6520322445855427,-0.15391807973805163
55849103,begin,0.3725576752857226,1.507296758775862,0.7533017350745722,0.9350243096088905,1.4451059080927668,-0.6142379665454345,0.4516033593250268,-0.403290469962058,-0.2000131671841574,-0.35026841215903903,-0.29488012521806445,-0.7821088731874024,-1.3183296700808762,0.1241423860374015,-0.2655556997341977,-0.09579040454161043,-0.5079659643266544,0.08782240461491386,0.06079756214260139,-0.1898236617712045,-0.699142121011302,1.3044272806211359,-0.13885589394835832,-0.6980589946881139,-0.6594019022831424,-1.2859848293772
55849103,end,-0.3522773143162434,0.5884463203718758,-0.40229124587140097,0.1896944875376938,-0.640759243385415,-0.182054806885079,-0.3785400715560019,-0.3502986139141604,-0.11183880153953907,-0.24431255670431165,-0.10419727618117233,-0.028576093595543223,-0.18717159181871515,-0.7040990765027809,0.09404071161613346,1.290517322096011,-0.47712648912638606,0.816138882179983,-0.5173609979729381,-0.3163698349035339,-0.8895426450644693,0.4708008504100707,-0.20232815970929513,-0.6383564587595512,-0.6406999086609733,0.14732191098607578
55849103,middle,1.093538774769334,0.3764318197792202,0.5522864011595343,-0.49000458518484136,0.029035929969386552,-0.5037160283887521,-0.750972044362077,3.91522007250221,4.69517800094026,-0.34236301077088177,-0.16575900361549914,-0.2197533078003333,0.24573836010577468,0.7709790724407446,-0.2714296855917367,1.1787495408173478,0.30998126606864046,-1.1778849410672936,-0.7480744764729814,-0.49591649351380934,2.6745380176666425,0.06543215760078222,1.486800505303031,-0.5555014913146421,-0.4970089507755684,1.0286670826945346
56916467,begin,1.8445432191945366,1.598650286475083,-0.5727161855815229,-0.6568158454052255,-0.7249158009169774,-1.1385483516682284,0.7743962667641486,-0.6159129504313511,-0.6737363186695037,-0.3896460575648504,-0.22287836755231097,0.15094664004264066,-0.03273563422860873,-0.7972094615453383,-0.772020210951756,-0.27811566120678866,-0.010154643772334776,-0.06415666582947988,0.1769518253851122,-0.5204775111878084,-0.022291294111820053,0.2870302207556615,-0.4475305689389322,1.0461830026907282,1.184130844918387,0.33814181542156074
56916467,end,-0.4311584044372704,1.042441902806131,-0.5675217076084912,-0.3171299990017026,-0.7317373649656804,-1.0040483965967624,1.0766305140993169,-0.48643931369552723,-0.4155705754195762,-0.41113170857347114,-0.22989125055595674,0.16515665558866854,-0.2096317572530405,-0.7898000509922463,-0.1001586635165785,-0.2918733654320524,-0.057422625410730975,-0.5399620030868101,0.20186019085309026,-0.5255283748986425,-0.6799440782882145,1.4860306343531355,-0.4330394090412399,-0.7621211927854848,-0.677208629584247,-0.5579651325628193
56916467,middle,1.592386264921723,-0.7164529174221247,0.6603093081852721,-0.9184559668838441,0.9364961153440957,-0.3822931924113373,-0.2640947656881793,1.8281110421757396,0.14393629485969933,-0.35733422771628337,-0.16196732519520182,-0.06932518516561019,0.9875988301767354,0.12597532609720377,0.7878181314638634,-0.5051307445343443,-0.9110355118797745,-0.5823612017902154,0.3462774043446772,0.02052038956307363,-0.9526555016652529,-0.0007262988605896346,-0.27874416197594126,-0.5226479342153643,-0.4841276989587329,1.1418170778710972
57200226,begin,-0.15421934803782514,-0.013332632591434853,1.128409693861423,-0.23214628378190263,1.5217468454951877,-1.006048767340655,-0.14364588166501624,-0.43602804594438926,-0.34440553024627574,-0.31925935269902517,2.680465294712125,0.12382913629882134,-0.2366495247665748,2.4758943574388885,0.9564674546789083,0.3014595512041748,-0.31021487468188025,0.12428196306560813,-0.0999027545340181,-0.47402121406981723,-0.7575667575377231,-0.918043409310249,-0.23361339781550747,-0.26254758633877434,-0.2094341612133753,-0.09210697230658008
57200226,end,-0.4384672948118657,0.3900454387239301,-0.5358970562848026,-0.6405076410615423,-0.6631111397640145,-0.5337263868735623,-0.07847269905854506,-0.36635691420166655,-0.17285873533765908,-0.35020111874985405,-0.2503970619132934,-0.6019149894658454,-0.9644574756862212,4.286325163111372,1.7440661626395442,-0.08233183870630995,-0.7004014804824908,-1.301355250302642,0.11233133234940244,1.0917682327192633,-0.654433254379275,1.8724285885004177,-0.3833198059892408,0.6436685553606059,0.7212644599536481,-0.980149079558363
57200226,middle,-0.013619997118501329,0.4886987466486121,-0.6247460592179503,-0.18480924146932168,-0.7551725615166578,0.3820030313093878,-0.437128212088244,0.4803143516752445,-0.8082765120379919,1.9861543028653594,-0.29399824529293,-0.6231101396678014,0.21564854524812424,2.3749231281201144,-0.25213848526130955,0.6889066635850958,-0.4602141005703469,0.42380025243369385,-0.8283240642451668,2.330784217043644,-0.2517127126844573,0.5707923369228907,-0.5213273535463833,0.8345947054706536,0.980830484669786,-1.1226463395414208
57216633,begin,0.9228734471227913,-0.7274534925176094,1.9881870523506413,-0.5035203903944966,3.912122584363143,0.1865369786876507,-1.0759077985952157,4.324283822356261,-0.3976609461777991,-0.46576842493252574,-0.33942977153204257,-0.8453889995306094,0.1783914825060678,1.0780109195671572,-0.6939380316304997,0.10380525177230403,-0.6369614828190395,0.4155173929553572,4.549730355629019,-0.5402746834045062,-0.39837514940257485,-1.0872953704048165,-0.15836216644980824,-0.7476486772051507,-0.6778246288232561,-1.1686205785840067
57216633,end,0.020141261998370123,-0.7103118496120192,-0.5080654243159738,1.2005302683084929,-0.7292307418309816,1.7817118078096683,-0.00987490990416716,-0.34943787765586226,-0.13913771315260032,-0.4209479369402936,-0.23233008175483072,1.3315777795548303,0.5327528841323368,-0.7350498753543803,-1.0072630244900584,-0.4651027561890917,-0.681423477657854,-0.4427728478819972,-0.9194789280463727,-0.5003156416891833,0.34172368567233014,-0.9491598889397661,-0.32734785384552423,1.3723845536060828,1.5229686909272442,2.4027759412155136
57216633,middle,-0.3850482826004922,1.2843127613161842,-0.4991285791002965,-0.44818702472477023,-0.5474623951704076,0.46757358894073,0.90965666929628,-0.15932486002532836,0.17412565833059904,-0.12846182005914933,-0.007708539765832983,-0.5707047202863481,-0.3318817542472575,-0.6403032818935074,-0.048767610806769,-0.21666428493370316,-0.7508684113832577,-0.14331002094802334,-0.7850354162790564,-0.2468200010709682,-0.8078614498863377,0.9784377104228638,-0.40655243624319354,-0.5143086896539407,-0.5302220798292471,-0.9292045067573635
58013278,begin,-0.3807449500372297,-0.6891667278499071,-0.531201084476781,1.1283128208777717,-0.6220352101503538,-1.016697378724451,-0.9613685060229856,-0.37286543856859417,-0.1987310133098487,-0.30261401043734204,-0.07235844143800471,-0.7106406284872088,-0.9344273321918964,-0.6959785905336243,-1.275619460097893,-0.3427597328235984,0.1289788113497608,-0.3865008872409897,-0.8189697394719514,-0.2550054279879447,1.4187665564975878,-0.9144871731470021,-0.4251627920021044,-0.6456805812328853,-0.6193597251393241,-0.7167635759951679
58013278,end,-0.4326399100715892,-0.7121432309255268,-0.6015070980597299,3.3330142822581688,-0.7276207539476409,0.6307088665778242,-1.215051715059506,-0.5992096702392784,-0.647004439281105,-0.40341232483816747,-0.24084088953622448,-0.8031626022329517,1.7168473283561816,-0.8074249407340046,-1.8074514745795465,-0.49793722066898816,-1.0742099296883205,-0.4774740464083288,-0.9160822189656447,-0.47956603545241533,-0.9914127701884534,-1.0406442262085285,-0.49564425113727156,-0.7541073600613337,-0.6727318434410031,-1.2283507873011466
58013278,middle,-0.3758510859687063,-0.6934311781499983,-0.3929091628674231,1.5745523873891107,-0.5948060202629442,0.477577670911126,-0.8576108662229283,0.14236494992483037,0.8534075976686836,-0.2009661719897441,0.055413474414304394,-0.3157331367620242,-0.32299291206024616,-0.573795271548007,1.85927000847883,-0.09995437959066418,-0.6540540258391289,0.7343805294554476,-0.8122929305142512,-0.35563966894861554,-0.8406285447011185,1.6127717891892928,-0.1996320618181807,-0.5906501095646458,-0.5838560535253179,0.5724915848783352
58995736,begin,1.4150724515199646,0.04846476542336197,0.0006038370721220871,-0.3158101465523505,0.10419048031002638,-0.9475566432889339,1.299613880724675,-0.44397664565830014,-0.3310791215724737,-0.3766271884474534,0.11566687553370518,1.6916305179699878,0.7497194652660913,-0.17052379625669825,0.2814147987899978,-0.41395483686602796,0.9239357236742063,0.36846336664677665,-0.3583344186078735,-0.47995802544957045,-0.6694205282007748,-0.011402819200774945,-0.44585337920284007,-0.6979854547267199,-0.6378145729442474,0.8069407511436275
58995736,end,-0.44314001615804416,-0.07914689171194308,-0.5792924753066745,0.8180215302751537,-0.7524000301436226,0.8679372980201474,-0.5694151361987442,-0.5051742440038587,-0.45024126530152775,-0.42646544729296815,-0.3067052177633544,-0.34595889644125005,-0.6125560368377316,-0.8097616528515375,-0.6083823769135716,-0.008952213526764684,-0.8323224883210966,-0.3969297116111031,0.2428279428264658,1.2416465987511818,0.7375780109375696,0.5724426322046573,-0.43917073062313594,-0.7815366833680638,-0.6890825648722284,-0.14540187396483123
58995736,middle,-0.42085831356580544,-0.7130651125489927,-0.5081126504423776,-0.40030838321059786,-0.7216731658059937,0.5906614825767911,-0.21794488328105222,-0.4968340346358267,-0.43961851098258853,-0.38618427157676205,-0.23181757019582375,0.18844026771895983,0.15565684837065344,-0.6067599850578791,-0.8649111689690592,-0.37226254663859354,-0.3827455729433792,0.8872944229872031,-0.23293353824270716,-0.44859643621237477,-0.08610984980671701,-0.7803113046388918,-0.3387840692942649,0.7732578192089814,0.25902451198898546,0.10977556390743819
60217302,begin,-0.43118225087424084,-0.7086724959018589,0.7838262228152252,-0.5484139367780422,1.2034322532966921,-0.5781347337076277,-0.2109082839337624,1.002620485261966,-0.48458275276895285,-0.3409564934630944,-0.25211510506922113,0.015065549180893046,1.1170767195953668,0.6896605009230083,-0.0991717076870339,-0.3219000041425023,0.22468672048528793,-0.5152052250837558,-0.9155055262096167,-0.4815406732763095,1.2679589000042586,-0.5444211533139264,-0.5398671118447025,-0.30619410129100116,-0.2307751203172664,-0.15974288604505346
60217302,end,-0.41315483131086045,-0.06522969005827212,0.550035245377294,-0.9281473699814186,0.9408713598313958,-0.6216133582725132,0.7652986680840044,-0.27170409099368503,-0.029571788148582783,-0.3384116752591758,-0.12256686934457635,0.1482832709907987,-0.01850857689444856,0.4614718791536233,0.1171829205140819,0.3659665890626191,0.41420531231495,0.8513378080631182,3.5546187391377506,-0.49313395209163297,1.9841013753577919,1.0095402958715498,-0.47952446945830524,-0.6375759991802535,-0.6083776488287863,-0.31297818480381134
60217302,middle,-0.40719349645683883,-0.689787938386564,0.9098246633999737,-0.030362229958972132,1.3846405856463768,0.5601336354606326,-0.517553104943834,-0.16574193839168241,0.18547608208525765,-0.2504658569637554,-0.14186146072849096,-0.7651036058840668,-0.5112104382748415,0.4930940754641515,0.014803015015075143,-0.16025946427513013,1.3054755129234246,0.03294961023992117,-0.8532047676407783,-0.2978866499976934,2.9304444088731514,0.2768468788462763,-0.40093391486722246,-0.6264521192342147,-0.6036461411199391,-1.1671520566168319
60416566,begin,-0.1254252966183213,-0.7141332166986623,-0.5003035480606494,-0.4719642664857083,-0.6981856019710686,-0.34209450203193675,-0.26948550547391653,-0.33440743426552305,-0.07551471974469767,4.126765659336339,-0.2881928202243999,-0.5852091556627007,-1.1704948514980078,-0.3520238967839854,-0.9450661141233121,-0.20013718302862837,-0.2295562901696197,0.7874674790507216,0.5179455791394827,-0.4477627396417054,0.08763479781073012,-0.3503979498222946,-0.299984733495179,-0.7070239212882149,-0.6488707982533635,-0.9499639663115969
60416566,end,-0.43537477577582134,0.8626076816209979,0.36019356487827725,0.8403471887598647,0.47395696108088725,0.09843355125791436,0.612931807226941,1.1579220766771243,-0.6337387081133985,1.1700368193984423,-0.2731804640664573,0.20887072458471437,0.25266868359072153,0.38248940115738606,-0.07026135635314945,-0.49701508857419796,-0.5757593190996491,-0.8140003988216149,-0.8940829468157768,3.5632858589293805,-0.37940962686429097,0.47639350502020056,-0.31331525518494263,-0.7571548661421045,-0.6766009752410709,-0.7171055197745871
60416566,middle,-0.43196171546655193,-0.7105040844237862,-0.6152398522813295,1.4387842223363643,-0.6465803431540262,0.16690254079031727,-0.3668839349590191,-0.3210640561471998,-0.06727406808094928,-0.32172898938646144,-0.25283656419641704,-0.816276276627021,1.8479193993009182,-0.29455484428020706,-0.2543668361108733,0.04549926578635141,-0.8525898710929672,0.9865584481947952,-0.9065934987897579,4.094078199430886,-0.6494204302838736,-1.044466794648819,-0.5205513725572443,-0.6376201467580129,-0.6115061267805691,0.35895828798197876
60576722,begin,-0.4203752047323854,0.5967439935571339,-0.4792687188341398,-0.682385770592988,-0.6624195963008066,-0.32202088888015457,-0.19530244567178276,-0.1638811972454457,0.11563571042350913,-0.37562177131074787,-0.1528124266629578,1.1050088390182198,1.5138994663469187,-0.8017089145804993,0.10458189879340411,0.1771144484541728,0.9197957715963548,0.08944234593396577,-0.6394448003889339,-0.5041320301118042,0.4323495597662952,-0.5859656131171063,-0.28175217503698136,-0.6818471354199783,-0.6403041125410206,0.7889774835459391
60576722,end,2.947477617953087,0.35260718753786485,1.6841725946532522,-1.0286472850457618,1.6523543903372717,-0.8292225684327715,0.6735630195520016,-0.6015088465636821,-0.6358196840130579,-0.43203084423342974,-0.2828312434826458,-0.8183388200956442,-0.749967671662672,0.8634472517228386,0.8663397486045019,-0.17531016287346143,1.0590958838495672,0.47825743344884014,-0.1497386488206196,-0.5326634970663867,-0.08035432452113021,2.3564046120299262,1.3809707429008768,-0.7842010279668462,-0.6942699659245849,-1.473652708136754
60576722,middle,-0.1402494677526281,1.3797153013185333,0.22090542813512293,-0.1557997121079572,1.8376115131129123,0.4468494075473664,-0.11740930246951645,-0.43629891555681044,-0.32914968851385623,2.8956820166463504,-0.20891404679590636,0.14366731363550578,-1.1533352581758827,-0.14144081171169315,0.5307117212824088,0.1832255086974129,-0.42500891307316846,0.5972866198515691,-0.8810747155870362,-0.13579765998864543,-0.5854158960246914,1.793003920571464,-0.42751394140190396,-0.7369373428013137,-0.6678828348776142,-0.6701673197008986
60686882,begin,1.816640292383499,0.18389586038125008,0.33209963923634844,-0.23309820468202455,1.4700527382231294,-0.6911964075107776,-0.13665983496972162,0.041830360768178206,0.5503442855971031,-0.26513539524055324,-0.2056403100349584,-0.7430648170905458,-0.5793958375129854,0.5499551291378052,0.1880978071369437,-0.19400785459440298,-0.06600494564554583,1.4308287155022112,-0.11533278036621182,1.0139748257138075,0.05759221277671414,-0.06790178352145378,-0.40678263427554706,-0.5950765512392362,-0.5676775071864948,-0.6871037660597102
60686882,end,-0.03130838195302993,0.3550837008350449,0.7559802381704677,0.45530049798170624,0.858478239805066,-1.014253855786323,-0.7186663323841127,-0.3015498165942343,-0.15866045400521944,-0.3579353639147488,-0.20575595523941712,-0.7960609401797657,-1.1106330808418603,0.13254860527399295,0.03727986326384321,-0.05770154287438154,-0.44796534717096775,1.663396094480075,0.33182404449679653,-0.3232585814888798,-0.2583577958262697,0.04817032612828937,-0.06357865691961452,-0.03393149546063754,0.04279354122074554,0.33566722422664985
60686882,middle,-0.010383640695350955,0.027085906603510446,-0.3889272223742151,-0.7595764333549201,-0.7052880016167203,-0.4613281660967079,0.4843359807988543,-0.26400240799410524,0.07336385477563785,-0.39574220623012757,-0.24180642936401375,-0.1674770790488466,-0.40439534246278486,-0.018247230583833145,0.8681226785971431,-0.4244349423759962,-0.5705957231812949,0.6126380527882611,0.771084028584275,1.2609649240144811,-0.9781727401338496,-0.2434529732589025,-0.10766315788287142,-0.7206301463135205,-0.658866940323861,-0.05613910092997061
60797616,begin,0.9564901385259935,1.5124444993456834,0.9313990430747288,0.014019061527932367,1.4825646163543298,0.18373621851274277,0.04548857308256993,-0.34752554142968917,-0.13978337416205222,-0.29465504172343493,-0.19411307478660977,0.1886148010701019,-1.0008261405448287,0.43326660102394765,-0.3813669412925152,-0.4658622252248422,-0.17073767739791643,-0.6649920770717759,-0.8524702450129664,-0.4233057172968486,-0.29306650546148055,0.22280361834661203,-0.49398654632198763,1.0699582023078673,1.1496755246936479,-0.7110725386761797
60797616,end,-0.42880612149190206,0.4245787437058666,0.7002702984149057,-0.8778598913064387,0.8800420164903243,1.9376557940437205,-0.40574910196454955,-0.0865782884785547,0.4219848624454884,-0.3413083298220531,-0.14555511383237502,-0.38443994573201334,-0.9704514191363034,0.45009206733738083,0.5149120828433641,-0.43610713721709765,0.328204413368308,-1.1738540439195095,-0.8932480807484533,-0.3792040083428753,-0.5286309284604844,1.6459965247211295,-0.16740684668578584,2.10596145367936,0.27362173062240325,-0.4179342799568956
60797616,middle,-0.4258899779649448,-0.7155866638452663,-0.41060785648593956,2.952855979393743,-0.7323197130273954,1.099683919329636,-0.6223034050515955,0.0627453500281529,0.7166664118287852,-0.403937526710591,-0.25042082970485763,-0.06426203332889867,-0.13318557430386502,-0.6543554932995993,-1.0531480290774184,0.05747337101277016,-0.6597517866837715,0.08264928051598966,-0.27410754890178524,1.5652695362669724,-0.998005930155593,-1.033308527483206,-0.15800876736252614,0.10716488710011346,-0.6822001778604357,-0.09292799903663897
60809640,begin,-0.17937858316953642,-0.7054572008986679,-0.5459444951257865,0.12563716472178496,-0.7037298495063362,-0.2993912809618825,0.3485421876145414,-0.394711074530613,-0.22428153054046607,-0.4033666237229913,-0.20263285557806507,-0.5661866525370538,-0.6241829134741155,-0.7370902587398096,-0.48841378717735034,0.19390587509986773,0.46382854928492706,-0.5620166052802185,0.6588048982029072,0.4610542216912782,-0.4706495676757057,-1.0142078875393594,-0.40258891652641415,0.14273241932734845,0.23730915521694643,-0.41551045718577484
60809640,end,0.5365239498400138,0.03687994878359383,-0.1023197031454224,-0.8047749890716769,-0.16953322932127005,1.527018404077261,-0.2920491055070576,-0.4784442971490812,-0.3998729829826421,-0.3542237011465398,-0.22488568297661818,-0.6020861393010029,0.20201322120811915,0.5318532789820918,0.019742215243917914,-0.4754210498829159,-0.09878090754709962,-0.08902014103065392,-0.37903406351690616,-0.48488202413006065,-0.3423114654259378,0.9001666973604775,0.37363851654667785,0.18077568554824655,0.2744508111908938,-0.3473529632174632
60809640,middle,-0.4163001262444261,0.5864069962062396,-0.5496048892776636,-0.28916972189215046,-0.31733421292919745,-0.4427132851244677,0.06260610031000477,0.5949828430967987,1.7953010143785328,1.1143523798017982,-0.16465736534287553,-0.35408994227104273,0.008786398095739209,-0.022806622821310473,-0.20924669714680094,-0.267032932244117,0.3094911993333287,0.5315628106448884,-0.25721679283179844,-0.08175686420142933,0.41439656860957674,-0.9529933153283616,-0.41793321043800497,-0.04573973002342333,-0.6583598170583584,-0.39156299899462166
61229235,begin,3.2084241234231126,0.08926514838035458,-0.5660062635591027,-0.42310535298929164,-0.6500207182598939,-0.9652066169184892,2.860942149370329,-0.5755678340789437,-0.6571669999685612,-0.3283905981823721,-0.12205593222823795,-0.7761545106710237,-0.7410386304163373,-0.7563847140270948,-1.3087154841742386,0.5076439207800759,1.236849641305357,0.4458705608889818,-0.04375470485340821,-0.5130330041030116,0.23375860659963585,-0.1843386717725338,-0.49303517405803043,2.0131483868009186,2.1430856196443626,-0.8824098937483481
61229235,end,1.6947911035743386,0.18263659527454704,-0.5761581330954966,-0.14996344003237563,-0.15523145249530315,-0.934938823125185,3.915422224076494,-0.49432484116948944,-0.44802334765851376,-0.3580619287750876,-0.17107697337634986,-0.7847879684890681,-1.1607383788013796,0.16562828560807213,-1.0076104049470558,1.2385042091851932,3.0390481226700454,0.22495274011840677,1.6813385559136778,-0.5059968422573805,-0.38587731702968,0.00500498401971095,-0.46153270401136404,-0.7117777411093577,-0.6483668504179355,-0.5568389915123203
61229235,middle,-0.2137141572343443,-0.7070552456336092,-0.5893372874320039,-0.792959291385934,0.07373602102651997,0.2916002233195948,4.898547748249688,-0.5861477026497298,-0.6394778977016421,-0.37366426030135524,-0.18122183776163245,-0.5377196308771686,-0.40469970372168135,-0.30888291826157743,-0.9772716603765362,-0.46123317051782015,3.2297643847947892,-0.9439583000586549,0.051014115401573315,-0.2431633835555512,-0.4322543652133942,-0.9628976120505324,-0.4894510931865821,-0.184792860850303,-0.0992606577871869,-1.4101499041090213
61273778,begin,-0.43434423264496747,-0.7199929870024236,-0.5985537190296764,1.211327540882664,-0.10215315236920802,-0.0020664362781689116,-1.214478996799901,-0.4548136718478408,-0.31780381149726,-0.3599305522975376,-0.2658361009885196,-0.8227474930697999,-0.5783448883459399,-0.7851532614592536,-0.5806858074878266,1.641565472042232,-1.0302009167690347,1.3501876866932332,0.1864313631651081,-0.13550862974691935,-0.12309578807993939,-1.0239479255146613,-0.47420634508770215,0.1835123290996204,-0.673972059659807,-0.11247453624495765
61273778,end,-0.4387223307330441,-0.7138142847542385,-0.577585319393211,1.1280765315657724,-0.6649589568131106,-1.0526051081045171,0.664157651592691,-0.2733787186536503,0.05172582180736813,-0.42460643453035174,-0.28159658018876943,-0.7469047671754228,-0.6099756288070861,2.678397520048322,-0.18573318697853516,1.9884733275770172,0.863900697512778,0.9214210777518799,-0.9286812702198637,-0.46669756754012576,-0.7177599917544356,-0.19053925580570588,-0.44368767095691525,1.2102712582143678,0.0371730081630595,-0.0656293739230754
61273778,middle,-0.41426899090626357,-0.6999449631255084,-0.47869910866336657,2.218928924568924,0.08506011121247263,0.6878983304467994,-0.8398924505236277,-0.23632629574672345,0.07388031148099196,-0.3178987979737995,-0.1556850073748582,-0.15591872094699474,-0.6165151333908395,-0.6908305027154495,0.22847632188948258,5.4087210220587005,-0.093794307232408,-0.35305180467701247,0.07385213099123718,-0.49452680416538236,0.35037419002211645,0.08255164432619065,-0.3276165630154729,-0.6679646011064609,-0.6251302330721017,-0.7397472366523673
62316382,begin,7.372396878300591,-0.696946449978847,0.2569430302577081,1.86296741849225,0.36562485467464734,-0.24141715843880854,-0.4439961254870306,0.7674217971138286,-0.6094162626422384,1.544663764826946,-0.11764017013673173,-0.7780507253885964,-0.8573369080341453,-0.16336221304732734,-1.092782461156844,-0.29971008619432393,-0.5280145111856392,-0.31266559583868314,-0.19345290518096847,-0.47545746359657115,-0.0523453405408341,-0.7989145611870829,-0.33272140253471316,2.4901985560651814,2.640302773046676,-0.9661409022311463
62316382,end,-0.403195399494225,1.0714472095558525,0.4309117975797584,-0.502583419447525,0.4463233374602501,0.1798858050726481,-0.05049764697564661,0.9639236449799755,-0.6059417155100896,-0.3556803702540621,4.4849060718938,1.3403253581895613,0.27869169782414327,0.33374131502685905,-0.9386283923252171,-0.45268425373748233,-0.37990788042644547,0.03835844775646272,-0.8629708836649906,-0.5184060027920302,-0.5189507436056815,0.6244240504428458,-0.1367855632759838,-0.6941737768442652,-0.6307785339865144,-0.1037132665917993
62316382,middle,1.3112727657154413,-0.7092345142500497,-0.2899408140831126,1.0881205944520738,-0.7056735328333351,0.5476541219699904,0.2874162113001341,0.07040931902160079,0.7200499737575728,-0.3667811835385389,-0.1770136255585106,-0.03653089874934477,-0.5283179350898265,-0.1640497816104341,-0.4539074262684017,0.6586750431904065,-0.6529013606450779,-0.5342537536265253,0.22044236635540576,-0.5140988544169317,-0.39019873583029013,-0.40311317656720236,0.03190028490752614,-0.7146977172861414,-0.644567190535172,0.3310203624768552
62322599,begin,-0.4131723277799768,1.33000985335481,-0.39000688394275296,0.782194229371823,-0.6706033363515338,-0.07307728221668625,0.41659293732272584,-0.32139335387928575,-0.07627324109631353,-0.35714261201097086,-0.1412865991066329,-0.7382105356633778,-0.758308243351772,-0.7150945621966228,0.7199380808800501,0.32688821944746393,0.11104232830015409,-1.058214905739641,-0.8694758782172946,-0.45596855813319853,-0.9235741136302946,1.2859479611320412,-0.1579405538725346,-0.24141872949522536,-0.17088146180592217,1.6774593620799856
62322599,end,-0.4312812780250935,1.3833787589887465,-0.4272828474561747,-0.24411515354025684,-0.6797768267064148,0.33740246007487845,-0.8527501403561188,0.12054495069978835,0.8263284772152956,-0.2660781701369841,-0.17989440369999377,1.1080796734604947,-0.22009291254612698,0.24174500370341756,-0.5268263875484853,0.04205799248832819,-0.4115869301941954,0.02057707810633238,-0.9146453666789393,-0.46519262420299196,-0.5153108876656052,-1.0240578902023647,-0.1922849149606654,-0.6616528215008363,-0.6200489893448262,0.4187118539469402
62322599,middle,-0.4420386867454108,1.4518589461217706,0.328984405101054,0.018733318398551906,0.6119252461637883,1.6806353745308789,-0.11232433713555114,1.2931517504802483,-0.2069534210765572,-0.4479774589943409,-0.30538761848598817,-0.8242909869717584,1.2260660673954622,0.17997014861302005,-0.18291752898309066,-0.5312006476428719,-0.08844177499098742,-1.0831039595766763,-0.9380980804036492,-0.42886456252329325,0.38483860766354366,0.6637506970411257,-0.4950031929445418,-0.7072554751192196,-0.645959595512401,0.28426809760607846
62626163,begin,1.521614765138325,-0.7039422504907575,-0.5360503424241947,-0.2939193597879182,0.7849878521576265,-1.0714031837949949,-0.5486501151907497,-0.44103387231176305,-0.321124799888063,3.1927557059058644,-0.1563971206960035,0.4335159522162774,0.5088613119577775,-0.39192760097684476,-0.18309723327661145,-0.03221018965573448,0.29350765943020474,2.4327412404874478,0.7898344259765393,-0.4410747953176279,-0.5569481105915228,-0.5420798001126806,-0.4730971055922973,0.4846560018042725,0.2630130202361041,0.2320163423192717
62626163,end,-0.28991931527784687,-0.7159716379747154,-0.466886148727345,-0.3442617210548422,-0.7278558441397452,1.677106408050941,-0.36116677831972765,-0.47663091793992024,-0.37649574797970004,-0.403627049093716,-0.30079649393276703,1.1133952645104328,-0.32324521302130266,0.07286207743269218,-0.07421437660699284,-0.4953478514640225,-0.5973259802033654,-0.15061551910645674,-0.01588378904349914,-0.46628242253389685,-0.48580003531159743,-1.0371676786956252,-0.2420144361783984,-0.06438286540672572,0.0319354146823703,0.4750209601253139
62626163,middle,-0.0004333466482629851,0.575419011832682,-0.4520697037790084,0.09726695685427042,-0.6772986938912157,-0.41216322858662074,-0.34521575654201997,-0.3059060651073708,-0.07394820501961946,-0.3654430947974462,-0.14057140805951773,0.373002042670004,0.6487281220327705,-0.7072084745414928,-0.2542121560895139,0.13957876128454344,0.20796822314823232,1.6303654444103899,1.712560417269546,0.5222251491761886,0.7199630175608998,1.1239931777698347,-0.26346164899525054,-0.66841615109618,-0.6252064078146934,0.4545142891845852
63046139,begin,-0.40082318346220913,-0.6867263293813418,-0.5716913828369712,-0.8848123165575248,-0.6307495546552496,0.453790000451424,-1.0583438090695603,-0.5623595808714116,-0.6350994062608275,-0.32408282962817897,-0.08144848318167994,-0.7653130625416265,-0.9801424260909093,-0.7299784170836477,-0.03153756784082074,-0.45180386090554153,0.07274837317479184,-1.1425139052103872,-0.8339690055060874,0.49809682911580966,0.7881834764917665,-0.972571050036671,-0.5128745437666001,-0.6667342262598379,-0.6223314688420882,-1.4984171181570793
63046139,end,-0.4249305819298444,-0.7021015578279343,-0.5913509006466435,1.4293804587776364,-0.6031922310706865,-0.13608583815881545,-0.7095349952326041,-0.30308528361996767,-0.0486657506830413,-0.34689119208834435,-0.19467234747919593,-0.8001751733148835,-1.003939999523866,1.5655964118020527,-0.8729918688032888,-0.4571429849691701,-0.8526479367804681,-1.2602403510909657,-0.8847434148036487,0.45500963763400376,-0.9059609125488813,-1.0262899680458513,-0.5183805628833983,-0.587723171375406,-0.5826098857801735,-0.2657623847397831
63046139,middle,-0.4652894877811024,-0.730208115844038,-0.6823980500138997,-1.6602829098082572,1.5878654437184214,-0.12492349621635333,-1.166258308260366,-0.551070134501798,-0.49659028686057977,-0.514826304623803,-0.4099542362102694,-0.864178637966004,-1.5056677713890196,-0.9230750297668431,-1.3084282898672948,-0.614351320490173,-1.2900856701420897,1.9806337278293946,-0.9925740718005863,6.189844640150465,-1.0616164928094238,-1.1434454121428648,-0.5774210252988673,-0.7567186331395424,-0.6781541853048528,-1.896858558241557
63095160,begin,0.10007672433760675,-0.6967479663988652,-0.34646245586968244,1.7984246921114968,-0.6367384620216434,-0.6724082454262766,-0.3886046789036003,1.2110492112863267,0.36075956954057625,-0.31784479874647786,-0.1048611203616222,-0.3264326054354428,-0.6194103150132882,-0.6092171159202848,-0.34238120458914584,6.382688046587969,0.23826514765778622,-0.22839197668268066,1.2703488586894263,-0.42423439582701394,-0.6050151485697478,-0.2975174047285233,-0.09964963328302288,-0.6369443776793213,-0.5993961590760613,-0.9596025218452359
63095160,end,2.7817135388263483,-0.7086659757253939,-0.41301909030013234,2.336088109196797,-0.7128383415675049,0.022455068114491016,0.3887121190165559,-0.3964107824663942,-0.240265111619018,-0.38038451975909626,-0.20462893188998735,-0.7641443703721246,-0.3374218002769899,-0.712710126094864,0.5444624674540648,6.649895544537318,0.022283513307009107,-0.4589568066352955,-0.894046328826373,-0.5168558583559087,-0.9724523237714741,-0.44088092796103406,-0.18012055260613638,1.2499312256959143,1.3873973375298432,-0.92396746521818
63095160,middle,-0.4081085540860406,0.0011436379992692692,-0.3544634505544607,2.286293695742211,-0.29429820529433265,-0.39038808006622955,-0.6125907195487699,-0.07504853436407538,0.40872625636629045,1.4260936970912115,-0.20987283192627276,0.7869225021250035,0.025870424710756894,-0.1614474770220391,0.32770470958618636,7.982315100022513,-0.5939935858476529,-0.3446068240847511,0.9745451025441134,-0.36607092172589556,-0.4169504398300511,-0.8061193497407565,-0.08167094271456232,-0.09775960887190412,-0.645088155909956,0.04933284875018292
63130875,begin,-0.06073797706392591,-0.7111561799834795,0.16166163424562202,-0.584825496792161,0.461380610761955,-0.6486835812582544,0.022282682086977004,-0.5837319179415793,-0.614233612713757,-0.3904985010233759,-0.24036664554424444,-0.0404558169957463,0.3176085456320986,-0.19661900310172412,-0.01884065737630502,-0.3570421631879258,0.24370493416106143,0.9502769627979345,-0.6839988815990956,-0.42584487394307424,0.15832031206275396,0.23142259389089953,-0.4980623216130728,1.7261210688441793,1.0324883069321193,-0.5186637481134415
63130875,end,-0.415271341773116,-0.716808994177576,-0.4456104478513815,0.3208458512011653,-0.7112457270684892,-0.7999642723916428,0.2266115118770293,-0.30294387548615187,-0.018733872443583474,1.2409588328429304,-0.2598248909992336,1.7539906497859694,1.37311577845473,-0.7668480494703259,-0.28301541038316785,-0.47588622861739016,0.6755618919520073,-0.8629291377985091,-0.09696454301714139,-0.5197215341645811,0.5558276240856409,-0.48038813081658904,-0.2167494641104525,0.18976891299210516,-0.6648863989109339,1.2667056292709347
63130875,middle,-0.44033233328092464,-0.11708338194768093,-0.6138627259173394,-0.012018806494041736,-0.7260146346828518,0.8178981792217264,0.24026755510362588,-0.4989064108766403,-0.4248530715569883,-0.3376391437216428,-0.24896503424494865,-0.8127749855884193,-0.2718609875461252,-0.8147106757335744,0.2526297836267935,-0.5186315306361797,-0.485551663817256,-0.5444877364269827,-0.1434971580287703,-0.46893967037445156,-0.3570905217388881,0.535430326421064,-0.4992764865301721,-0.7431407898461242,-0.6699671322589765,-0.6649852830411647
63830782,begin,-0.43662089826247913,0.8631183421969811,-0.6282225386507316,-0.2710107181867812,1.4394455768792283,-0.9028764632035913,0.16099603938628906,-0.4338622635562271,-0.3119909725157319,-0.3880744034117334,-0.26895193777745546,0.44426772609768006,-0.170434959625933,-0.8010157128344115,0.015074197691841545,-0.054575524339527136,0.1750201518798994,2.2507411668428934,-0.1342874149095969,-0.4872258532756879,-0.5804259927271439,-0.4375787166932639,-0.538441401659031,0.4123023082819084,0.4750810804620026,1.5159581870357937
63830782,end,0.8072412241014438,-0.7045257859478685,-0.57399255761014,-0.8609880467429324,-0.14771355729185792,0.19682357482034085,-0.6022937139614807,-0.4631420968069248,-0.3818760359162824,-0.29921835490606036,-0.1969765791703891,-0.7943411172616625,-0.832733502865444,-0.5992048656119874,-0.3870740633296329,-0.11526391480071325,-0.3547371119198366,2.2541766077783794,0.011813426921048847,-0.21499547496499116,-0.944846815966488,-0.1401592921485026,-0.47850714264114935,0.5269477399616262,0.6006474419234874,-1.0780236418446967
63830782,middle,-0.42699575101550274,0.11488559918871767,-0.5593751040062954,-0.1734648793564275,0.5583230472853862,0.17327713087728572,-0.6695756340312369,-0.37668386596544934,-0.2256009250630935,-0.28412988780259313,-0.2089202893325285,-0.3240170460322262,-0.39984551843177957,-0.38290021005574687,0.1000494037755312,-0.4008967917770968,-0.6282457573745064,1.3325445639343474,-0.18345028752599016,1.3683727960191803,-0.06130587826707635,1.4396760844006868,-0.4493722467280578,-0.6557289539864771,-0.6199979877389884,0.20260815865390497
75599070,begin,-0.40629518322914754,-0.7087238316823273,-0.28172062902719436,0.6539418593501395,-0.2685037040190287,-0.8047571025194615,-0.8787435006479329,0.28820579752355024,1.1954639162631842,-0.00226304378011231,-0.15088960373955984,1.770744650050936,0.45293094225672187,-0.6260340999123556,-0.5830360154824072,-0.37572330022326195,-0.6392729005661316,4.204750358234482,-0.6389165677435632,-0.2453228197301318,-0.7089779288514907,-0.758593309833601,-0.32626113723505956,-0.48203994789067806,-0.5291145527253039,0.6984232074085726
75599070,end,-0.43394137007112726,-0.7156818075285887,-0.5662998083542498,0.7661067904996851,-0.7494060431972408,0.9853131716782803,-0.8098386442507527,-0.46277085025488207,-0.35549645211311953,-0.43145075834641494,-0.2747536752484894,-0.8120224159083953,-1.1813673097505004,-0.7972478925423888,3.2816285971457773,-0.5247905937300099,-1.0958397708784162,-1.4133110856426183,-0.9280236560802754,0.10665349047605373,-0.48968826544040545,3.3430443425365954,-0.4198854183554047,-0.7743158864393921,-0.6832145145476505,4.5894991940769865
75599070,middle,-0.44575954592047856,-0.7221421839480471,-0.39475820000465006,1.3294409550973607,-0.6041754551326419,-0.23490548162167885,2.3404356049522455,0.576281992677471,1.8480466595971041,-0.46676664367975684,-0.3246280646190322,-0.8212646293477165,-0.8872816555522464,-0.67135847477146,-0.38459030081835915,3.3221620484525225,2.5655873532236915,-0.9100991087767782,-0.9551558790570576,0.6584004653262913,-0.9693166530772602,-0.873361516591173,-0.10207375475688119,-0.5637189799557087,-0.5719283646327943,-0.6227272733337517
8686068,begin,-0.4215989901499124,2.8718625087296714,2.8679757241966266,-0.8463189927796575,3.977936833161157,-0.30577275374131,-1.2085044929389306,-0.0890874692572145,0.4555106687222993,-0.45592859032052946,-0.28500282674499805,-0.7877481457732279,0.5308993221403521,2.097626036721945,0.04250407075848409,-0.4734599206776765,-0.23017423484913038,2.0971499344672027,-0.924393639784863,-0.2902925819215949,-0.9955581104704498,2.5214683006103007,-0.2831395172836846,1.2486378684709025,1.368748466623963,0.7594943956936508
8686068,end,6.83896578335195,-0.7089623613570808,-0.5762824049183081,-1.0740313126041348,-0.7065129201070329,1.3050483940958968,2.58313801618398,-0.44639037097237694,-0.33401674413720067,-0.36450134559455744,-0.2163663593518263,7.88255405129764,-0.07147607176642137,-0.7746171912522684,-1.0280825210791138,-0.49058004497615443,-0.09349853297228258,1.0851461541842007,-0.9018056703078556,-0.4828703689904973,-0.9677835749583209,-1.0151400453118555,-0.4560901196615613,-0.7196515956917446,-0.6526586145285169,3.958404975320551
8686068,middle,-0.41922192494730964,-0.7087512379041787,-0.59168106720623,0.8710285680409964,-0.6333405712218012,4.0463136389762875,-1.163454862193746,-0.15078581285125525,0.322472620716175,-0.370551162254972,-0.25578333650372764,0.4509262480887969,-0.3368086138826917,-0.7952141896239571,-1.7485802789313074,-0.43929419108043105,-0.9667413185998419,0.8058335080247097,-0.8908204653669596,0.48036303393831953,-0.9145629097386014,-0.9923434317906518,-0.4758071570203774,-0.6066678609351032,-0.6058539045264121,-0.5453473525821448
