book_id,segment,A1_commitment_vows,A2_emotional_safety,A3_everyday_tenderness,B1_attraction_chemistry,B2_emotional_intimacy,C_explicit_eroticism,D_power_wealth_luxury,E_coercion_brutality_danger,F1_sadness_grief,F2_anger_frustration,F3_anxiety_worry,G_courtship_rituals_gifts,L_vices_addictions,M_health_recovery_growth,H_domestic_nesting,I_humor_lightness,J_social_support_kin,K_professional_intrusion,N_separation_reunion,O_aesthetics_appearance,Q_miscommunication,Q_repair,R1_protective_caretaking,R2_alpha_guarding,R_jealousy_possessiveness,S_scene_anchors
104659050,begin,0.002078036925365419,0.0005572402175345873,0.007094898868580947,0.14667850645734481,0.002206978734608553,0.09837544981280533,0.06039368681245955,0.01155564437271426,0.011345851083364842,0.018144906700036104,0.0013570504361762993,0.027561054205889172,0.07332000424729998,0.009709406893156594,0.19514486070293685,0.010868667911843414,0.03459351836469412,0.037166895442405035,0.0025626899792150467,0.0009565614271980019,0.02889202538207686,0.035773704207924646,0.006111283010679522,0.0028959526403892874,0.0015339920645926263,0.10897565714638745
104659050,end,0.001138175553412227,0.0006484603649728783,0.005668934947480591,0.09889016158963115,0.001666487114271805,0.10262165509379567,0.07298668834259246,0.041645387874426565,0.00443293242614506,0.0006995198874667782,0.0007875191560863033,0.02290355228630067,0.1221802455379214,0.009597677436359201,0.20173086392711362,0.00546440454331204,0.08813842530200844,0.04810760289186905,0.0057853053101996335,0.0025083638101584963,0.04085808618940156,0.06898346517650246,0.004909223490205275,0.001966652611258078,0.0010360396631279038,0.09958475299990117
104659050,middle,0.005805617143580956,0.022740786395937535,0.0027263957375073125,0.09817800413711782,0.0014398219264722472,0.1343495670349205,0.060502085485553636,0.004609655008908232,0.004442835901762218,0.0007142366127142517,0.0006809005404128205,0.012676543571579643,0.0651516897764892,0.030463751816443865,0.20966520983233825,0.00907816806023942,0.048767761423152825,0.11125697142625474,0.0016031709451648278,0.04843687285897436,0.017160617246746914,0.07429123366916117,0.002033334848932151,0.03705432539527353,0.036251374162302764,0.07978373144269524
11266880,begin,0.00025589448244016697,0.060076503639762455,0.0010094008025334717,0.09441497833200876,0.008818438202266177,0.12757383651859944,0.06722302410652155,0.022711797573437865,0.005088312224368807,0.0008091325314916694,0.0002762466270540398,0.01297421825365344,0.06516944389874633,0.0026129638631519044,0.19386450600317567,0.002762003218977945,0.03171400723982138,0.046122182110294764,0.012585972107791343,0.03441924981891933,0.012924216890841446,0.06271838788530563,0.0007549891831801291,0.019747539472227092,0.01843067845892811,0.09890493390814892
11266880,end,0.0008368967973757942,0.0426093050958483,0.01865934432009502,0.12202184678080026,0.015663909858594803,0.08816284207695096,0.0942801503451264,0.007660554467034023,0.007233559008197407,0.0011946407864730402,0.026993448648457763,0.002552727026632409,0.05076486712724701,0.03879180218891671,0.1722079102366588,0.008065532959501291,0.03918943309799791,0.05690081557265675,0.003239595363052005,0.004697886869074335,0.012655243642838114,0.04855193061872074,0.004395367926105364,0.0032278639728221736,0.0017369847119527466,0.06998951747898001
11266880,middle,0.0004489777377533123,0.04113628115495416,0.016559247401087787,0.08520365650185195,0.0023336315667771175,0.11235698613613437,0.03781626301146817,0.006615923492111162,0.006555307766975252,0.014710835354796073,0.0005185528325786113,0.01060406228509013,0.03752908968432431,0.016768387776392654,0.1474107865213725,0.0057448707687079974,0.01713676156247271,0.07206816742048629,0.03991187783624035,0.005853999731336734,0.0037781370129827225,0.0704603431266803,0.015928043934781016,0.003692448088535634,0.001959679101216063,0.06986239490660004
123257687,begin,0.0008312484215969775,0.040618580046546615,0.030617067088720553,0.08510852835490046,0.03737066199365888,0.01221706602207111,0.06920094349420061,0.017692658918317544,0.002218495583489653,0.0007257851639447731,0.000556266610386232,0.04045567769498851,0.09443303018891894,0.040949938982445866,0.19045482682308804,0.009601815179790361,0.02345743209278481,0.11103156781952159,0.05911672523488307,0.0021444026590285094,0.038286278073082866,0.04670056961144449,0.0005783264463880748,0.00850484920438815,0.0009298884835249064,0.08718845322000486
123257687,end,0.0050405894774247445,0.016619723256166823,0.0023983069662053733,0.038794599110086786,0.008929718263756256,0.04543815826655175,0.16307591390914947,0.004140355544002177,0.003981325447042963,0.001225514050088564,0.0009114587319628334,0.02113399901788832,0.010718251672673536,0.004349060090882986,0.22507862513660515,0.026660298096941728,0.18016879567568378,0.059012397503853176,0.002594902041620607,0.00096018748782887,0.08418524806065096,0.036125435562043354,0.0014016045507430693,0.0030213511669433973,0.0015536284158219162,0.07684888923503087
123257687,middle,0.0019535973923366064,0.03776438253395556,0.0012878992512785623,0.1181755909894844,0.001582538646967177,0.0767568495647159,0.0753917752729037,0.0025309652219840414,0.00238216478948377,0.000656061840658747,0.0006146607314403507,0.017718550436273225,0.032527903604273836,0.029702302035140214,0.1866918225597347,0.008982032387507183,0.05954365496736565,0.06748051850358028,0.06234237931590769,0.0031532702793405512,0.018621069079038974,0.034694099034064105,0.0005896044162063066,0.02804472949689604,0.027057478588677155,0.05192106577856126
123446478,begin,0.0003534007565056595,0.10116626064510569,0.022616759498678324,0.10430266935405261,0.02965811555392885,0.03749106083429095,0.08797996787739401,0.007445649459251305,0.007601569466023716,0.0006971551429229748,0.0004660674849158252,0.0011127567330487188,0.04547305578182948,0.021915675672389494,0.24920833443761106,0.0029913679467637394,0.047480454252531196,0.0551171124468402,0.035294722583288765,0.002127831034821046,0.028456552426400918,0.12655275305228295,0.022195496612102458,0.027179743605803823,0.02556114074792779,0.0491591298000075
123446478,end,0.0007105084988910761,0.017930149361089807,0.06286860988126461,0.05699866513041819,0.06236770954704016,0.09362837895615053,0.05670589651068254,0.0027327647305905598,0.002537336407647211,0.00066565194253939,0.0006770391113511433,0.018946432878866333,0.028255952061488107,0.07078398948311886,0.25276023891349353,0.009211894365751363,0.03556378892208147,0.055388008156802955,0.03024428376570232,0.0004584212929129513,0.003530908379317496,0.04419056066086936,0.0012878727429265675,0.04897979162952422,0.03498984160919993,0.08590736833811291
123446478,middle,0.0003231667976425074,0.00033446764435815155,0.001140786684471701,0.024360431851498894,0.009785313780765645,0.1044967110880916,0.08863001888387576,0.022664704134914487,0.0026593686640065057,0.0005138689759240402,0.00046511911617049743,0.0008634242977090735,0.027611390145196986,0.00860259047603265,0.17511276800563377,0.0031000617850286704,0.04274389617973692,0.06779839463975135,0.0012677149362715942,0.025261214878425964,0.008439496750980699,0.02638227414496954,0.0006242766607691935,0.052887952888669765,0.05199041778433215,0.07486519943339376
127305713,begin,0.005731789687581551,0.026291570125530614,0.0026320337719067124,0.04437733190439224,0.028849221272838368,0.046017941267244906,0.05350362866787197,0.004780482047608613,0.0045865138882939666,0.0004956047868335233,0.0005076813183321682,0.008939234797185277,0.03293597122301385,0.029104089439946204,0.2879043935502436,0.023711298513171497,0.060974201383069734,0.07548646460641129,0.029359823443904472,0.0014474793050042011,0.03575433782127117,0.033972907990079515,0.0019912019714780644,0.0019473206983534157,0.0011020485377176098,0.04799749050707357
127305713,end,0.0002993026373032941,0.02060571522309212,0.001894193816281514,0.07672740908745036,0.0013894040825628052,0.024363907383715532,0.03963569678951023,0.00297615817781244,0.0027478731854714646,0.0006821875302755433,0.0006029974805394988,0.02468849396246642,0.07650769818915731,0.03864141291549603,0.2623444139059125,0.021213340732577177,0.05441711225193675,0.01255036232458121,0.04155828495279129,0.001299603693171817,0.036852806436518844,0.03488171123464788,0.0012044268040241146,0.03747099323856602,0.007111352979794665,0.08740884501759777
127305713,middle,0.003189569462143306,0.01808472751867231,0.02422441602748286,0.08203226028830762,0.02184734160685703,0.08385571173957576,0.040361144316328916,0.005270409126289593,0.004954651701772216,0.0009384151392516696,0.0009486618478951724,0.010474135445616949,0.02243611568066098,0.0232581918901498,0.3031205753915021,0.018783349152142335,0.045609720761042354,0.07517539930718853,0.023644162840344436,0.005005729461752706,0.0363491747656642,0.062199167248983056,0.003991328887073004,0.03580226672414316,0.03415851099941436,0.0711418644514202
149105520,begin,0.003882018807866626,0.0001421253284545226,0.0027115645520512663,0.13340144045524413,0.014728386751667783,0.020373470621794273,0.09396909353936986,0.00433494739179938,0.004277720891824436,0.032433714296195244,0.00039920743592317164,0.0005248527132382788,0.1256605355942023,0.03024158455819649,0.2320836301992027,0.015912499365744064,0.03277520114973015,0.06894470474144097,0.06183817696604173,0.039197837609626876,0.04635091705777554,0.026929973884833536,0.002257368033555912,0.022398002787569614,0.021889161165127527,0.015376456478847526
149105520,end,0.00015877455113306714,0.00021439335834205856,0.010227112205172379,0.11525821634642222,0.0015736890230174472,0.07244287522409845,0.05444282876257215,0.01253031022270402,0.01226383370507642,0.0006770380171503402,0.0008061071361655182,0.0007708553058483413,0.04346898040701828,0.016308191797901196,0.14526962970437138,0.005465766180402453,0.0218606746943105,0.05725352407132582,0.11647086301867896,0.05040286149055023,0.03849755619817615,0.002557281873313017,0.00971306327324151,0.002581148690500287,0.0014470252652746714,0.08569236323848153
149105520,middle,0.0002364809393845441,0.00034995930373400935,0.002434161606784113,0.165994702677104,0.0025856003358424627,0.06327313461575952,0.014178069261658202,0.006509901148393505,0.0064463091696862415,0.0012453966095495633,0.0009027861606649185,0.015881782242153426,0.1446810938269616,0.04303902687595783,0.27879579449137504,0.02846918738387928,0.09351450956257387,0.04409901631658519,0.0015212831648290762,0.006551835135703358,0.07753796839752818,0.003735565804024102,0.0015770961249650794,0.0033781030456800677,0.0018058385617922554,0.1391443958840423
15197,begin,0.006035204240354679,0.0009026846901526492,0.006875837153687695,0.1455067117803888,0.003671008511208495,0.13216656654148717,0.12005923101752015,0.0072789864674880295,0.006922699411648521,0.0014321272133775008,0.0014696891919264094,0.0033787120526793143,0.08636440203776814,0.007067034743777796,0.18429224890688317,0.016522481127329396,0.05864834239330702,0.0635893613635898,0.03433717069236568,0.0031266124145248463,0.03536784362779977,0.005921072760671431,0.005309741490455135,0.005220910511054586,0.0029128580700453098,0.033870599903823746
15197,end,0.00367468889792106,0.00045681712691918706,0.0349544169717827,0.08256806646046805,0.03196013378197718,0.02996862929089511,0.05665885646441868,0.004511120293278813,0.004324333369455227,0.0022716382152724412,0.0004953865784752356,0.000980053639756681,0.015918331692073334,0.03376873986517338,0.17213238545215717,0.0057977432144603125,0.06950391192343182,0.04497174166765998,0.051138566782627,0.0395075893904909,0.05462862738461323,0.012336169697055453,0.004257875020794401,0.002649132186641867,0.0014244303182854392,0.04010748533833359
15197,middle,0.008141751469853,0.031532153909282365,0.0054555468836799265,0.09560267271988425,0.0010042868651936045,0.09475243007903793,0.07851619037777341,0.009162588769083126,0.009119979710485077,0.0005813673901120789,0.00041000204414766114,0.09341996909115502,0.10060383276980152,0.00736681952890877,0.15554445989913443,0.013579522585681477,0.05972730249692905,0.005832194754608921,0.04865299008304656,0.002209146219660695,0.04721485071104524,0.03354509694158551,0.005052913116050257,0.0014044557148609146,0.0006783921251749904,0.15592396759405697
161913,begin,0.0004596649099291395,0.0004574063020452405,0.003846483199905374,0.21485569473199784,0.02442918537250759,0.1333486899885793,0.16218173787020088,0.006545640559092861,0.00637517792105646,0.0015917864101521464,0.0008238183607734986,0.02781698072805207,0.038552849109162346,0.015154537534050275,0.2763722116849232,0.015324334053341255,0.04509016266764929,0.01039401285057981,0.0018223454027961059,0.0013265188279508562,0.03276126042503862,0.003187266791162274,0.003046918770606511,0.0034256511910106934,0.0018700451394442661,0.0560900167659568
161913,end,0.0005647000021720167,0.027469828824294083,0.0345936958820343,0.12008604773602642,0.002340571701540794,0.047627605244140045,0.19836947585728273,0.04246624046316791,0.0060432547152665965,0.001351352289570593,0.001333176143226206,0.04841279152580492,0.11122499235888027,0.037102658252443264,0.3465870056582942,0.005980165920529172,0.029300725588627653,0.08835509233625913,0.0024106692853945117,0.0010607561945943384,0.020258955274378074,0.03083200189020992,0.03353354534404326,0.0033143310591879304,0.001873356100591651,0.11215621208073799
161913,middle,0.0006067632484232466,0.0008300394668243234,0.00868842454941231,0.11946385394525658,0.015228723476083745,0.04263346637598808,0.11827979973866533,0.009353245358021619,0.008924939130946528,0.0010277823694501635,0.000859401117074931,0.03362494267465873,0.06395511539109584,0.010448109321250409,0.2799749097174921,0.01899895315333485,0.10076006625995203,0.035273093219109986,0.0027260979198402433,0.0007222840461489845,0.04453007688156607,0.05947780671511292,0.007799871111480224,0.01576167588516124,0.0015040766270889468,0.10153467529850985
17561022,begin,0.0006945683015052607,0.0007849405859737479,0.04288277560685928,0.10306552603630419,0.018677374573647088,0.231753160285734,0.06320705941774692,0.00816746106932798,0.007870132296039145,0.0015275117402817804,0.001289985887738306,0.03791002359373652,0.0765241056835562,0.04547335553615596,0.20242045234654063,0.03984384855489926,0.03454440859563564,0.0720237384770428,0.0029965956212885444,0.0012913600080998696,0.005709788196302494,0.006868736759147323,0.025829928949007687,0.027796529979179193,0.026057639908548313,0.09876373561813052
17561022,end,0.0006981936030422639,0.0008735366796233794,0.02681137684495831,0.05390812479294593,0.022124978177384357,0.24340465221868227,0.10012932640756152,0.0089849068944346,0.008631412837202132,0.0011652470356338638,0.0014670146671881146,0.02985612248363278,0.08379221034274968,0.04296551436770558,0.13459545255929842,0.006884853921996779,0.17778727082406745,0.03793127695512568,0.024446707864902415,0.0008622135818404837,0.04926799979392995,0.014584011395679022,0.00605880667025755,0.003225860543499938,0.0018438573057003567,0.05512418139421076
17561022,middle,0.004997649860855367,0.0010295962724548619,0.004347928412711364,0.04503200417671645,0.0030907746602876767,0.18037571114280498,0.14168729778585373,0.0060887885196379225,0.005595412586882094,0.0015403191601223482,0.0013755738113635572,0.01531337552206061,0.03965098963237709,0.007232400882892266,0.12269532087328448,0.006261464672173246,0.24566588044256987,0.018107753915272133,0.00350567419568502,0.0011360477861729415,0.05565658455933447,0.021104737214340884,0.002938322511503028,0.0135332772660958,0.011807255822149292,0.061811340089546016
1756703,begin,0.02197009838960568,0.016386704407295415,0.0030615883804522947,0.10999051779237434,0.0035438650555843147,0.04631529045639067,0.11013451234784653,0.006070913508599665,0.005667553062202456,0.0014306453297347312,0.001329993150193171,0.01251221410618821,0.02856947546666233,0.009741183838400771,0.19878276076685847,0.012736990923423066,0.05977580819657811,0.06690570566410764,0.013300488253785422,0.003158676035918471,0.006496422687180733,0.03695269778909907,0.0014173750256914718,0.004760779131648475,0.0026537251422147027,0.13245171801401703
1756703,end,0.003367565310515879,0.0007466809676668731,0.012471341229668545,0.26069951642804684,0.010388014056372463,0.019882212303089793,0.03340962644603324,0.004152457899042819,0.003776293395607283,0.0011102347802502755,0.0008798103634888876,0.003621644557741652,0.015430372143930157,0.02456696539922031,0.19460352329670663,0.01916769268492172,0.030086657733438216,0.08868514599903672,0.016182347227664023,0.0030478559729065708,0.0057850672774659925,0.003385378627156552,0.011144598825685954,0.003667346772837199,0.0020596128333808133,0.11658909089112249
1756703,middle,0.005191577317540643,0.0007249286143670573,0.002197103984021005,0.2682371163946332,0.009888748508136648,0.030681985516459002,0.14639074656426115,0.0026476506804835554,0.002209862579027884,0.001038119131505914,0.0009379181840411175,0.003153640693257518,0.02271929142422683,0.004146305160605768,0.11642272184108715,0.012408614327078496,0.13480278746864496,0.040401710408735116,0.0025636582087969822,0.004633682815829192,0.023393238757639344,0.0033403838010814474,0.0008377756455736332,0.0030067752280292606,0.0016847244603623098,0.049863640479720306
18692741,begin,0.025187793781365014,0.021550422847193305,0.002949023456198907,0.05527139365304484,0.002878626062454169,0.01785589901014802,0.06660223585027189,0.02690522541298001,0.026603837619865543,0.001716621065261786,0.0012038824466556867,0.011000242270610458,0.11846916494336687,0.005395414277362596,0.4513736833383938,0.03103617515395746,0.07809441666888389,0.027602263800748594,0.0507608656378122,0.0013433675780345794,0.018176158504469513,0.02499524763856518,0.0017152016212279091,0.004289890378484175,0.002433163169086422,0.0569829073803978
18692741,end,0.011688907199576081,0.0005035414978414019,0.040689357320914984,0.05781012745409408,0.022742862205447346,0.11031554502146558,0.050082879066579225,0.006272674522557624,0.006050055668416437,0.001082831410521316,0.0007083206705639084,0.017409481573899516,0.10155414249333519,0.054066594405637006,0.5040348006027692,0.004911999646889755,0.02871335939226186,0.03351406175344335,0.0018315740086201685,0.0008348762537944737,0.01622461837318437,0.008639675410011658,0.018985415597745456,0.0028712102583615825,0.0016918994517146208,0.05774601148862124
18692741,middle,0.003990456974011285,0.056121498664985,0.021065497761074106,0.047122836175565605,0.0019359140700270258,0.17829722761579408,0.03712107721859811,0.006102166974918074,0.005871788165104547,0.0010815752435303018,0.0007714581992204275,0.027273359137093806,0.08362833922930728,0.02268077991011608,0.3588564964101652,0.004467236385410234,0.05137159938046419,0.04585962223216282,0.0019675977891912464,0.0008238032037820739,0.014176532027017073,0.04148208559575209,0.020197157829409115,0.04092982977656999,0.03972072851962949,0.04321295146606307
201413413,begin,0.0006729616658316223,0.0008856663994552076,0.005512045010860965,0.029236768495059,0.0026473173898314646,0.12414965628352276,0.03512066118722007,0.02872149248842245,0.02823921364903246,0.0011744592004354544,0.0012125173154080965,0.016571541501215044,0.028063162958794387,0.0074806633133451435,0.08628861613993015,0.006607326908941578,0.028702140807814167,0.08735836121092344,0.016661009022739856,0.0007406277066532412,0.005599754276419722,0.012783769363876754,0.00398606501386064,0.00366014710981569,0.0021998612499961145,0.03714297000332274
201413413,end,0.0009144359392933878,0.0012923894923940087,0.033621282492696726,0.049650324355506724,0.0034549670607867703,0.10615831433912648,0.07247028720555165,0.0052694328435069614,0.004535438852521757,0.0014928581073120812,0.0015046114244705185,0.015984266862736227,0.0478788164492803,0.05060536199166799,0.17567490965764432,0.007910071135457074,0.02725833253843564,0.037852357301004856,0.004348481953592626,0.0009651731068852666,0.007589616121425057,0.033816467269968085,0.03165570285912286,0.004804074117326194,0.0029008908045799245,0.05570707454466431
201413413,middle,0.0010096683199255644,0.026280188872849,0.010586050468351036,0.05918540965891722,0.01733244269013941,0.048701155888842836,0.036068582839378624,0.008158566710287689,0.007476814323409448,0.0015997065406255376,0.0016445943936107474,0.03070648030556532,0.06416032934951477,0.010693145894550973,0.1615927074796741,0.007747504230196894,0.03609680387246895,0.1623191544506374,0.004502127560241257,0.0010927601582032456,0.007974793876508271,0.054581955737571276,0.008599975423670471,0.004949762202131311,0.002907725336719957,0.10377057498272817
20346544,begin,0.0011074822882732667,0.0015322357466487405,0.005695648615725638,0.04398161585502381,0.004760519654826543,0.02630590099648119,0.3867191241061096,0.007520277954360189,0.006849726400543448,0.002304640748563208,0.002359230196464571,0.016799722156447428,0.3091406383706586,0.009647240472599792,0.2002680219143132,0.010694165388694655,0.40615806862805165,0.02217762896754902,0.025575073749961014,0.0016241694818067672,0.025255697071316127,0.007455178446527366,0.003328804051705332,0.006744574078299853,0.003963595237980958,0.04770115789442521
20346544,end,0.0009070128770035659,0.0010846715691461913,0.005259907373424807,0.0351863767975272,0.0033326783534619125,0.12339366868043698,0.15237528171750125,0.006123353197829727,0.005594228135566767,0.0014192181463672836,0.0018985361789744452,0.0037658763237761374,0.11292236269200802,0.008003909262796417,0.2805472265324174,0.011194146339194296,0.22234543400435286,0.030785289292768796,0.004243153774811525,0.000946533112823628,0.007144298847174288,0.034769092770884205,0.00345841273318218,0.021704184930529412,0.019876034906668012,0.09066419812291855
20346544,middle,0.0006326610646109851,0.0007165695197805801,0.042651250244033406,0.04216600035670303,0.019889303803547233,0.324985359964693,0.18544479629169663,0.008631401546947559,0.008313621664186692,0.0010555202558775627,0.0013872301305238985,0.01543029005913588,0.1697207911346394,0.04444748075341158,0.20461773194916233,0.006299329700688402,0.17826248060745584,0.011865697927997807,0.020772313027603653,0.0007356146730944887,0.02399593136037058,0.02046591410071446,0.02385738776113783,0.0031708617272223315,0.0018544959345001917,0.047566546711830415
208153130,begin,0.0018530158240621793,0.03277181643372435,0.015577834613114645,0.11445538381444965,0.01214079346786278,0.12609065696212693,0.06011373206762027,0.015188339063786438,0.006014610365040045,0.0007701614285886882,0.0003396913079513759,0.041765856785054394,0.08094577099657986,0.013206780493635915,0.18204006631392253,0.008085853196948376,0.02296864818937452,0.0593774106689573,0.039211579278944274,0.005059782858686371,0.014826881976363449,0.030338525756965946,0.004839768952344696,0.026988112422124764,0.01983463299254796,0.12486307052516762
208153130,end,0.0002829751860605347,0.03857655716669672,0.012096018508068108,0.11330087318554538,0.01080399289523379,0.11413299189657021,0.07278214873124673,0.007663119973833426,0.007653437163388388,0.0006827364181728151,0.0005240978679557319,0.02851502523291767,0.07860516924328566,0.021495577129331166,0.17530896661351777,0.006314124078557917,0.03214378165027673,0.041680118448391486,0.032200171703019226,0.02092487384482096,0.02714723239167157,0.04249597470442751,0.0026205923010113445,0.026970347838988558,0.012575262015345659,0.08761458142666523
208153130,middle,0.00016427220092356866,0.02334522231963244,0.012410403749043435,0.11493146522660833,0.015508174878061571,0.17806624272794694,0.034306734075217137,0.013688579094813174,0.0042099352713130915,0.0006906934385167208,0.00035997508196725645,0.007135389985554735,0.06621620438455834,0.016761791838804864,0.1865792307179444,0.019390201260395663,0.013749215543010354,0.03830744798654008,0.03193841504047727,0.02850187645234818,0.002345260675243676,0.02428465515742726,0.00241397332149474,0.04341725553106147,0.04272960553918407,0.05854645318853762
21787,begin,0.00028535589268792347,0.00031629899484845444,0.06364841946176888,0.09664042084067714,0.029188295507766446,0.2041982683000135,0.03523061684301844,0.002368101922151461,0.0022973000097900763,0.0005577385700967047,0.0005022995663149927,0.02631453380318736,0.10057473501172709,0.06468922096895102,0.18547804517773728,0.0021066236447010974,0.0717659512483663,0.046123365766686686,0.0268007860127384,0.0005869832120074766,0.038848118635950675,0.0017679558796970317,0.035058395604236604,0.0013407994375333465,0.0007337752765142551,0.05089431363653624
21787,end,0.0002187472584001004,0.00028481145082407934,0.0010509165438031458,0.08316266856753043,0.0012562556022816074,0.23652834287099136,0.03400339861467572,0.003227890131309962,0.0031864471595611653,0.0009171267035838473,0.0003081653253900871,0.0006258022264381594,0.07166231142127748,0.0023289004218226277,0.16208915541236524,0.001986399574010205,0.007881259894013429,0.010187139423998052,0.03841128871237508,0.0008892124751986264,0.0021504431420158896,0.012872736498757194,0.0007164945314727968,0.00197294183876858,0.001047142088394678,0.1187377485935132
21787,middle,0.0002507400522527336,0.1459904747250783,0.014600691379688429,0.01993425364072484,0.0005643870258135702,0.27679702275045553,0.05075492655885277,0.00973019892805232,0.009739877070123549,0.0002110603439871578,0.0002831460993992828,0.0007003124650006326,0.004807752571891724,0.048260604615291726,0.1042522919931307,0.0036771156006485456,0.01561477062032766,0.046371127192372345,0.000774458114584081,0.00021886565455208132,0.0014810559687417552,0.07121277277932016,0.014404551652123761,0.0006316624545837656,0.00028675786879597755,0.049327871562536034
22609391,begin,0.003402466221617671,0.026592147562315527,0.0024075762657943304,0.07120411256470911,0.0015973896090481924,0.05220080352041816,0.05427239104659409,0.021277490396708638,0.003633866010126361,0.0007988931168977516,0.029500351321818795,0.02462065067617828,0.05122004290661175,0.003772072393741268,0.1765003268401038,0.03567620698434191,0.04354687199225922,0.06094131995816992,0.04430912551055746,0.0006438001939797331,0.003548727662025742,0.004189027080315112,0.00164607463329715,0.02442238813201912,0.02344643532755351,0.0420304720560753
22609391,end,0.0005035279308724076,0.0004947262216516698,0.02078939639627203,0.07130738963865403,0.003637774798162938,0.03429136702052319,0.10103174705090134,0.004701723974558046,0.00547311383205744,0.001526734917759289,0.0008349655861602012,0.032023021450038755,0.04946006414186046,0.022959065646995923,0.2812263094687725,0.09843578511150386,0.040260115649705976,0.04658936193988567,0.0019591046701362418,0.00598782372384809,0.023683360851997754,0.02300527085741515,0.019953054087128143,0.002696884162562662,0.0014076024800156318,0.06240757687839148
22609391,middle,0.0035697546369114356,0.0005002828571032099,0.021040256336905216,0.06914314342885348,0.03549710663573693,0.032367114676160796,0.11973364779311968,0.001966720371153588,0.0017350169312892925,0.0006280282859680156,0.0006908631215744043,0.0011579366793916953,0.0549163317131853,0.028936464995160845,0.2764086065875969,0.05771760691926248,0.1044196152815378,0.10036246529439859,0.0016930304416444533,0.0014004657388284956,0.025831149336032817,0.0023098450559766643,0.0011750139484977822,0.020916531763892344,0.02013414616964235,0.029465330845431535
22707536,begin,0.00014720099300084393,0.0001775825830392262,0.004469442473827754,0.04893240044720649,0.015620218241424056,0.010944422833103056,0.05411460865520618,0.003263835611796071,0.0033338787300255255,0.04170679449806401,0.0003084660287224371,0.030676826412473015,0.099871909459651,0.003737188307942762,0.2720436191672371,0.021328594385280092,0.12085816212038214,0.057957827920798705,0.016804152459192166,0.05128741691081333,0.15246982411378984,0.051264563511778924,0.0042011240386374835,0.0015568882779473817,0.0008631658183989295,0.05321768996810876
22707536,end,0.00016625419969687743,0.00020992689814443842,0.0009305935469658304,0.09393015209248734,0.0012760931847744575,0.23868102072527442,0.011975553875841887,0.003300533383657258,0.0033033272022630154,0.00037005501858234887,0.0003092318409968158,0.010020758137206055,0.02029852462984364,0.00167532581197421,0.10695147444378143,0.001942588704337571,0.033314168692059824,0.052325237371823825,0.048738281124840736,0.041021969783504315,0.06343070163179433,0.013053972263138803,0.0006387227702379227,0.001820301069687639,0.0009809493516061145,0.0626912190156566
22707536,middle,0.003940460631210123,6.292417081884118e-05,0.001196562556788378,0.1680342492716214,0.0010302984533495565,0.1772407145045684,0.1525407482037246,0.00380339772657265,0.003869750782706298,0.0003762623532249733,0.00016713401691882928,0.02892501985945506,0.2135483768874798,0.0018629085528864497,0.2217988383456511,0.001980605923983123,0.03196555637236161,0.00628491615833659,0.00027850764423898854,0.05768424878629896,0.01443558331330768,0.001433937337197803,0.0010806283536641073,0.0015522234921299554,0.0008139214118636937,0.10039144270686559
23518136,begin,0.025496991567193462,0.0010691225725573705,0.08240463739870854,0.052774380331696055,0.06724251971092289,0.21076432326683736,0.10263440082086696,0.006128158307870108,0.005601306281310583,0.01491031342018683,0.0014732970181774983,0.008472312179282826,0.01922024885432197,0.06819939025823724,0.1805559827046298,0.02725840563939493,0.04611759102199133,0.056750505510151525,0.03576443123657761,0.0008196605160850783,0.006866132456942585,0.006605012430123662,0.026340692305582662,0.0029931625412427717,0.0015993332339999215,0.03086450840600742
23518136,end,0.0006496476737637853,0.03314705791107034,0.010154813121127483,0.08038707632029844,0.014726126712259698,0.1103423960963606,0.10344964730294334,0.007757467022358162,0.0073313014139515294,0.0008488859451486787,0.0010944789448800378,0.017626210390780002,0.06365039703329733,0.009235418380442735,0.21272059408443655,0.020472861774951986,0.09770083699957322,0.039600134530706495,0.0027965461681557615,0.0006233054222774241,0.048447478576038275,0.03880878377876898,0.009010798548478883,0.04279065642906898,0.041626067929601385,0.07357285048232924
23518136,middle,0.0007432293294017949,0.001013516377465688,0.029093638947946657,0.11494301611293571,0.01231443507318157,0.24022160828369155,0.07031812959793082,0.007604666879845404,0.007078068922691293,0.0014744069788369299,0.0013188563764238688,0.014793043190956586,0.048019821780481996,0.04989174051910143,0.15814315084702407,0.01903308212898896,0.10771956378638323,0.06136676566803326,0.003273847684718711,0.0011435391508545726,0.058102685682146216,0.00427805635753812,0.02588922639930683,0.003747154878527178,0.002060717880744969,0.0957051587314806
27394781,begin,0.0006855548397433622,0.06426025746606079,0.0020767440047330683,0.09342655805802907,0.0019567889276519944,0.0875322274621022,0.0803714570670022,0.003293718619716892,0.0030811010918759085,0.001071147341264889,0.0009135505790827501,0.06086639884138464,0.06868054831602881,0.003922724564864463,0.18760173823769805,0.0036323830108567316,0.04454762092401116,0.01810876464757441,0.0025227941231880133,0.0008281581590908201,0.05026181754471596,0.003281129077879972,0.001129083436990873,0.0027744918356896148,0.0014444670872262725,0.08213180104609275
27394781,end,0.009632936527112924,0.0006159204977799706,0.004290059669505631,0.07464293813338864,0.0023163007749058087,0.205602059153488,0.060074885717468655,0.0069814602805340535,0.006807728647175041,0.0015963006362696484,0.0008250077205799574,0.0022820192981758136,0.12933360302783845,0.006581138200920961,0.10572951192430664,0.006656971066582919,0.15981858982967442,0.10497421892162723,0.0023755648742116438,0.0013492323752828962,0.1204000858783085,0.004730901308007448,0.003411380834485452,0.003576599446598047,0.0018629669277075793,0.02429961965825945
27394781,middle,0.007514733684551528,0.052063197808020545,0.0020081624193536633,0.03987307946159622,0.00155788345382078,0.0664715187723826,0.035920560537381144,0.09327579068854953,0.002530523561686094,0.0007708606883709264,0.0009251538439283202,0.048775419601067266,0.1564581003745089,0.003525489521745052,0.18162901689411445,0.003000449135308087,0.036579963749648337,0.022550132124682175,0.07613206228717612,0.0006097008077211015,0.004844757949270688,0.003824120205286137,0.0011433858247827512,0.048097973699300085,0.046932563074412674,0.09150040105972601
28675670,begin,0.011724197303890285,0.029933575684454542,0.0022508456797469146,0.09774906942943751,0.010777528351993337,0.04253774248911082,0.08939327045908105,0.02217120120319674,0.0046029044760501,0.001053904414029414,0.0008711596720960483,0.017765597685949912,0.06945975373031031,0.018620715709914477,0.26616926395046653,0.015594237339535057,0.03114171575830684,0.04009751777152487,0.06017677486716443,0.009621811073952512,0.02611795536609497,0.07790285439759018,0.0014320220951881792,0.0024835709543324794,0.0013878841345878635,0.05877354954306966
28675670,end,0.041224202268149004,0.06157145362396694,0.005780752086700936,0.09301257383885697,0.0018665355602555862,0.04695493031815446,0.1081986143787019,0.0072066388952309966,0.007125769320726504,0.0010226687762390574,0.0005559524086004474,0.02021624506001895,0.04813784671222318,0.030233696918399666,0.13120888488922347,0.019812253838613045,0.0699089445431708,0.08836640787944755,0.01968617380297102,0.0009040537675624543,0.06064411339747594,0.06423220132945079,0.005210012902949769,0.0028165271015959466,0.0013989789649755204,0.05221167825126392
28675670,middle,0.00043745712477186584,0.025763246077976504,0.002466796953970951,0.14892033731347507,0.009222625075750088,0.06263515711669297,0.05421353021862192,0.0075054518895914454,0.007555971269317991,0.0019781981250710195,0.0005837196250089772,0.009035566165858282,0.08587520963652026,0.00586534776990133,0.16299458305151915,0.026352065928628866,0.06216013373820238,0.09754169147658481,0.015871296564286094,0.003878769736501502,0.031842541077200255,0.029631007111098322,0.0018868045376472693,0.019090344212171935,0.0172937066648276,0.04495980014477341
28869598,begin,0.0006692679935526757,0.032441673138134,0.0041520648006555475,0.08388324714982776,0.010047150964427157,0.15933553847468848,0.07288460188011882,0.0061239443823371854,0.005802754329095564,0.013701897126752169,0.0011479307584317815,0.03776880175196101,0.09968318882752447,0.008329921419386047,0.2405548053051481,0.0232437112849244,0.07676414661989903,0.06682672691219763,0.019235337613924132,0.0014038224093438436,0.0700574444106001,0.004902795284018497,0.0030682317433581114,0.0032620020995116493,0.0018216309573888202,0.1118594921815193
28869598,end,0.0005105602449169112,0.017691593168749506,0.0016670532250051369,0.0405815175745762,0.012130755264749238,0.09310817605341422,0.12952541899348116,0.002354429236474173,0.0021187473815228344,0.0005985539745126365,0.02602151764880508,0.0013441598590445835,0.04198543906519147,0.021847644031651542,0.30663091816289195,0.00400663524014563,0.020067481362063575,0.1627113233691529,0.014339724972040025,0.0016793412671831658,0.042615457734163364,0.04381136140252045,0.0009324148789146864,0.0018338255408803371,0.0009885588209495588,0.057894581126146386
28869598,middle,0.00045906760388575527,0.042305633647083236,0.021464027575674,0.03604284722323992,0.02932030604786364,0.14468936396588394,0.083922813183388,0.004074116432851528,0.0038682789649760025,0.0006758080160541315,0.0009801389179219817,0.023831823227962443,0.06724092698705594,0.023547994539878582,0.1476898453426298,0.00814796731867966,0.06404082144821202,0.03313549259974711,0.037051284451996666,0.0005172689049552975,0.03534802726859454,0.05344698102127356,0.0024948621087135026,0.00944981048111555,0.0009835940418799639,0.09947253696451655
28963772,begin,0.000828199717302737,0.0009535910923971294,0.0033881818820179566,0.12387693904174422,0.020165069416329402,0.03928023136241174,0.04567148698731027,0.005063692942132522,0.00455205505606599,0.0012477186640622408,0.0013864640309916017,0.003815815267404336,0.014735766975363126,0.005583961002163098,0.11789862281168768,0.005989073026143637,0.0332365189248145,0.10625660953643337,0.0033999860295078335,0.0008852417236283462,0.013669554979948616,0.005054354087765614,0.001866642510658426,0.03972258165237867,0.038182879755305224,0.026119421503162318
28963772,end,0.005769000522361534,0.03814627393830219,0.002495407399320174,0.038357491374976814,0.001650996366434828,0.07998239449029242,0.06179564623701572,0.003327491473204922,0.0029685730137357542,0.0006732200756803222,0.0006731432195602865,0.001182546010882799,0.008961838189738138,0.016242166039758903,0.13320903271125478,0.004653335473876388,0.07977377114867581,0.04818695060555066,0.0019668355275942787,0.005338818066633583,0.024879327367830523,0.07472898599989707,0.0015342560627644723,0.017621994076809474,0.01668067860697565,0.05645716164994356
28963772,middle,0.0004684590485274542,0.0005485074886516755,0.0016868440339645539,0.06895144629476509,0.0022412675062523256,0.09394960277875145,0.09243977206350906,0.0038053925178661973,0.0035635869214530784,0.0013332405265822982,0.0007660393919194773,0.01785086363952191,0.0977162461968715,0.003559423501306847,0.1442260869038739,0.010742018481896789,0.11850771678218669,0.11523091157332072,0.0023294837929427104,0.0014839785457208055,0.12061860571182748,0.027105560344270852,0.0007383667188436204,0.0033502577765323477,0.001828810549031745,0.03206251883735533
29424551,begin,0.003258209188469064,0.02445570127256326,0.017362767782878128,0.05750484766020332,0.0015677322742881491,0.10281644484403889,0.04973661012350609,0.005728110633073485,0.0057049569204235245,0.0009313217886631615,0.00032661696771305244,0.001563373350742253,0.03258518911675236,0.02365014805872239,0.26135011749967624,0.013111221298089518,0.05852542074890719,0.08845315085117612,0.04248017876123512,0.001593236942126933,0.026230002434884696,0.051879103599555956,0.017001276343798267,0.01877977525834003,0.017642719906198596,0.07651892030540183
29424551,end,0.0033673700774635713,0.000224044924627389,0.005682217413664329,0.06718621744701252,0.006526939558895102,0.06391130372190436,0.06735742591829405,0.007033030858205531,0.006945453969800415,0.013002265224931003,0.0005652107004100957,0.011553919234717273,0.035305029047979344,0.005037721337304978,0.16978195584590955,0.01184175885348505,0.05932688731538649,0.06226764603327767,0.02200814504066336,0.00035945814006939765,0.009074740236297589,0.02103667582507604,0.003962144776576413,0.021225741772323805,0.020707767042833416,0.05657702400243713
29424551,middle,0.002632375844347271,0.018934726227693675,0.0017249198620509054,0.08317096203652591,0.011059071191123983,0.09732641488640653,0.051771718258570444,0.00447281319885082,0.004460846845488375,0.0005936222017456258,0.0005749593520831232,0.0067021951213627395,0.019881807080184,0.0074099389542181746,0.1877330549528034,0.004769724634342015,0.0595241573608531,0.04895608835673703,0.0015259534852362163,0.001549748731769169,0.09421749056610813,0.03710561063482371,0.001266735397155205,0.039241041564299736,0.03809702106589179,0.031042625536122654
29939161,begin,2.3387967742959036e-05,4.4307420374667606e-05,0.0007644249009268801,0.03137109983693204,0.000506616599820128,0.06065960988717465,0.20940744459998226,0.0008916252019527241,0.0008808105227176473,0.026972841579782574,0.00023657666095045177,0.0002595798489838595,0.12348255533012382,0.0007478935803325773,0.3533266793355203,0.0067762965308400674,0.08079994672429552,0.12141544857766949,0.02431172373057422,0.039170271920133365,0.07647236603920524,0.0006817656858740854,0.0005229703470373534,0.07790617305310084,0.07769525498627496,0.050649384808363396
29939161,end,0.0048885624719125585,0.06192728696257735,0.0011647680304703722,0.11329437697901941,0.014123824080336864,0.039767712922311155,0.10854435326944782,0.003781553625665725,0.003749771476263659,0.022165365638655125,0.0012171610304427863,0.0008842072699887663,0.013757824070984139,0.011630240603029819,0.21624798944851917,0.014867861374044906,0.025235820600796394,0.13623505912467687,0.02151304482405678,0.04780111818606885,0.0028552805003645982,0.15323474037058743,0.0006572520151835633,0.0025184423843295626,0.0012653238518592455,0.010553669592276268
29939161,middle,0.021395759271793782,0.07185192969083803,0.0005250908012336735,0.21071065818401866,0.0012640956568062674,0.12762369625378991,0.04687545451749557,0.002687590365292736,0.002754153364597605,0.03113060881145865,0.0002645207543146134,0.0005052293519684854,0.08452300520775118,0.0010793627434459772,0.16672926140942543,0.03238208743546694,0.05325521277522558,0.08017351256068787,0.05442399754919729,0.03528431967809915,0.04612181926739328,0.07278074781203263,0.00025912067754786845,0.0017200398281609006,0.0009022735282004489,0.041188095375511595
30291077,begin,0.0004566201898900401,0.000484404553166251,0.027817464358201347,0.06343829276247319,0.01858354869100386,0.12641764029253252,0.05670083046096461,0.05058087685929189,0.03212776541058401,0.0014500517707480302,0.0007994564724234874,0.04305999495337597,0.0901120069765586,0.0627439587708024,0.2702574910733335,0.022097257598522622,0.03975497336886469,0.013658724479057164,0.0019476249294592776,0.0012839609213556717,0.07299054029812956,0.03420466614873753,0.02704400822751311,0.0033772785416731417,0.001832266642298832,0.1118492463449454
30291077,end,0.007325054969487808,0.0004128207850543548,0.02502507917699422,0.022104733365643302,0.0016652887096692988,0.14506429483983174,0.08408274861007622,0.004972587694388131,0.0048009779008298175,0.0008423864324983639,0.0010268264057236606,0.030135664423938967,0.04886168281940355,0.026311169327461605,0.29608822711335103,0.0044166095465897155,0.07574195407497039,0.08506725968751006,0.02170003757377449,0.0006592323625301271,0.04594491521175381,0.010653561586108962,0.02421883367708281,0.021522332179771564,0.0012519654103281227,0.045314904339047134
30291077,middle,0.0036244501251485386,0.00010899269136332823,0.022151754707081618,0.04814337874564033,0.0014569083564509853,0.23458567097040425,0.12604059288011793,0.027094808941246225,0.009471443056402129,0.00132415428846792,0.00027520041232034,0.021895694340970436,0.0712161571129816,0.023624024517346416,0.20823933853039817,0.024317231436322542,0.021966483772128516,0.018916101541746912,0.017370710896930132,0.0013742354825374025,0.0651476091580683,0.01660770440244301,0.021954774426260586,0.0025039713840952437,0.001304119623744316,0.0687165507088911
30618705,begin,0.00014357581237157692,0.06285244780382832,0.06774070492201273,0.034109625297583934,0.0006385531389605616,0.182473790266504,0.07263782898733653,0.005726476811320023,0.005586086205477746,0.0002708336523031947,0.0002640844978734952,0.0007417052524449915,0.017531878669303853,0.08926771847569541,0.1653381320261799,0.003951224173941837,0.07051238975734649,0.02505560727518446,0.019351820686381475,0.00015483391772266473,0.04143622376538186,0.045468437903980696,0.06734523108154779,0.0008000266521286893,0.0004737734286267636,0.06017414156484235
30618705,end,0.0004975844141291843,0.05536560920731032,0.0265522786736506,0.12961433260772387,0.0024937140716114648,0.08332203462243626,0.0437059007122443,0.009017822684466482,0.008915087308501091,0.001837653347955188,0.0008344765287989377,0.016505092792964988,0.07820630928986712,0.028956185339978718,0.14315312085370685,0.03025883270599826,0.1777027303998267,0.04218040141010547,0.020402597238381268,0.0016926873850542168,0.07852228484253745,0.058563655993332596,0.025840179762913636,0.003809753839377558,0.0020217636281824125,0.051820053541707295
30618705,middle,0.02210941502077908,0.00031416401326773643,0.0023702398007670418,0.021454748359852904,0.0019585636721170764,0.04171219891241222,0.046602969968554744,0.003962149656531467,0.003832052968831064,0.0011301165719554375,0.0011898769498355677,0.03321096152411,0.04214546381913683,0.0039004788039140566,0.08741512825954752,0.0034977115077797047,0.14527677615499135,0.07411343140978514,0.09092982613539456,0.0009315473497114921,0.004206545697952221,0.034747201383722504,0.0014241526121877512,0.039098093379849326,0.001289060840132982,0.0566163281249306
30627346,begin,0.0007725826488644595,0.0009626432918405785,0.008166352284363698,0.031482796773837814,0.017412212710623265,0.07678018721142586,0.10902394375950974,0.006557047393958113,0.006117208262205596,0.0012933596751042694,0.012814620409426856,0.018373494976934857,0.07094845544815996,0.022426933659003202,0.17741981786497008,0.007297774674824194,0.10592880878978322,0.06295867242859927,0.0036138453680268938,0.0008469219045983049,0.054719604976077536,0.012795700032256245,0.006691602954215191,0.003827200526826833,0.0022339525981854166,0.06718044303564517
30627346,end,0.0012205382091446098,0.0183678518327174,0.00520541269155303,0.06621205419401632,0.0024075070948479313,0.11323676301968638,0.07322761703228438,0.0049721764887822335,0.0044988998021967385,0.0009545347258987297,0.006558622879316721,0.001966550294030045,0.01802162240700067,0.03474220343022339,0.19102915214616165,0.027190998921878057,0.04857391168528698,0.03754205301451932,0.024446069556685424,0.0005743747753413847,0.005060956761548695,0.04632693297743848,0.003931620731732773,0.016010811652667798,0.001669591898739803,0.09069065608105635
30627346,middle,0.0008596253301848896,0.0011244451228401894,0.03385567158736716,0.06153684281974742,0.04227286754457878,0.11861739887138387,0.05206336813552728,0.026860602911014497,0.0069370874863043264,0.0018663492824739258,0.0018476465138919209,0.03683514501989345,0.11309543900312166,0.032598016359883505,0.22486538729028138,0.008189007363503685,0.048227215880992505,0.037833413269188,0.004119489211781048,0.0013838842020587876,0.022737303145872346,0.005439638786838006,0.006929752212115333,0.005728908989949157,0.003267324832770102,0.14289852838876724
306364,begin,0.0005673831411600947,0.0007691853169452144,0.0059500523534001095,0.18959360288064434,0.012658266457793216,0.044465823546147726,0.18455131424225515,0.027624929117206085,0.004984585791368504,0.01694144518207608,0.0011510375172754331,0.009959605762576628,0.04183298457146257,0.033369536277372394,0.18407108213056364,0.024747413825634043,0.10512043007147515,0.024811395045938933,0.01678160420750027,0.0010453699829613284,0.00553469607029659,0.003824772649034267,0.0034501751980726848,0.010721209461513092,0.008684710379216998,0.072134692910277
306364,end,0.0029037709558023222,0.0006207549914662045,0.22408142737037898,0.15600524677090805,0.022559565669517,0.02575586647263305,0.11077998606799849,0.0033848407693760625,0.0030239995988733115,0.0007110243422911923,0.0006491964110593692,0.001010366383694187,0.020739771463851742,0.042073345751110415,0.38050146262310625,0.006568137468218125,0.04881451280882818,0.04852023056096531,0.0018576198191848957,0.0031062552418182608,0.031154178567309388,0.0022369197219631676,0.0023806848390229606,0.029425879497090864,0.027996793421130425,0.0767865398152494
306364,middle,0.005372531813394688,0.009648549318606854,0.08046091873394648,0.12584083447679345,0.013382274874102545,0.06309665666184752,0.20513551209906591,0.0033016886533442837,0.0030771064658292827,0.000886401039507675,0.0008059994290012782,0.07184302150752014,0.04925041372849361,0.00916063600247179,0.19292240808617578,0.017757437288917464,0.10083501859151617,0.08527573999187635,0.028508171901426606,0.004505876921024311,0.027703923156130173,0.023713533947708143,0.0006850813705138434,0.022962595474967824,0.021630648420268284,0.09596836619839758
31276376,begin,0.02062350005068173,0.060103217803992005,0.0071159732390695335,0.1094889980448749,0.001489558653172699,0.14800287818642355,0.11371598267083313,0.006087661238659527,0.0061148292664706715,0.0007672955916951876,0.00031462484649835123,0.001416007806695151,0.06297743114406133,0.016523228640199575,0.18094389317121137,0.004141164292434795,0.07043574846935688,0.03205790080568564,0.02600513945841072,0.002082540138173722,0.026044318175386754,0.02922247849348701,0.004897936812779415,0.002268412748716937,0.0011718702478281885,0.09244742715617399
31276376,end,0.0004797051654050097,0.04657648305291574,0.05685111482930248,0.05543889666779177,0.05206713995891951,0.022514166181884423,0.06184422310706573,0.005021049773196611,0.004822107817374799,0.001178116152636892,0.0008582945791630197,0.014455304349486737,0.029985342064934233,0.06291245073212977,0.3200113513303899,0.04961574764045918,0.05048793945210106,0.05371926337111984,0.0021220165265386543,0.0010135831770081195,0.02379603722680585,0.04712359839266605,0.03236967840414248,0.05790505017068877,0.056504566041865496,0.07742462595882307
31276376,middle,0.0005415119909266474,0.00036792583804570094,0.004486074461616762,0.056084744470777985,0.001442722445088078,0.04659971308800606,0.16717686292671832,0.006753831501485141,0.0066805486619881775,0.0008782066896856715,0.0009224347524672627,0.0037557537229962732,0.021888680094858587,0.0061896424440859715,0.1896010184397276,0.024757767517255447,0.08643841484309123,0.03737246740802125,0.020339838124165153,0.00175509601409188,0.014578837162929544,0.03712222487653742,0.003812823395932017,0.029841686266508863,0.028762428651978825,0.0801829473872655
31424202,begin,0.00039401400503713064,0.00038636866790011504,0.0024262468214886856,0.12522038966939894,0.009513608530193264,0.10224327427648609,0.06046763967822403,0.006321138462061521,0.006276507009770521,0.018461315840724867,0.0006239254681033244,0.0014758644650856528,0.040463120039447645,0.026700463374963613,0.20409200460143487,0.024483523005323492,0.04156913444673191,0.06030716802018725,0.01874360047502581,0.0053584387874101875,0.009672182005279367,0.0025472262775744973,0.001781687586708796,0.003022062301958582,0.001541846314825851,0.06271735469756429
31424202,end,0.0028693439375685865,0.04629213583003603,0.0052156996696084024,0.14256900617242166,0.011114025959702036,0.17000960693618128,0.07299406143413681,0.010377527359315164,0.010222438142774896,0.001037751408328235,0.0006607099486859319,0.00962014202224079,0.05527139448333995,0.007005181065776932,0.14643474784092908,0.0074024893027747505,0.0709989179333163,0.037733437666982644,0.0016365001932609291,0.01619363746506438,0.003825369953367343,0.04967124623957441,0.004496139739307943,0.0029974060155449566,0.001573601809962309,0.05724950806926197
31424202,middle,0.003015849948710228,0.00019328235814442243,0.006932400239974067,0.14839119052051658,0.011792393683976977,0.11316661895529885,0.057479303549979766,0.004264835102339767,0.00417193687910524,0.0003025821292858842,0.000267212275808805,0.030134811398542124,0.07631726815159891,0.018725043506154143,0.12879624029628953,0.026824030218573523,0.07548311024966402,0.048947165746498614,0.057509472618331295,0.03153424899343039,0.04208409999880615,0.009635002333739448,0.006648015722361848,0.0008427611759652062,0.0004752821250784166,0.08333846576324645
31625455,begin,0.00027548244462777944,0.055938441747994276,0.010568401485138648,0.022999718172030566,0.0025853239670628335,0.05980807012715508,0.09692215505184132,0.013469283193751729,0.013394898065779917,0.0006014648875263766,0.0008326686170230448,0.007315538563680828,0.020411506933163102,0.0710331498026688,0.19718913973922603,0.003498426755405687,0.06839408637793995,0.010286713531238091,0.027821982022803546,0.0004782119417117021,0.04973495942763272,0.05994691907432639,0.009153553444294485,0.002351987537370935,0.001255632261764706,0.061718385132594276
31625455,end,0.0003835263319690741,0.0004965982900184546,0.0014421584047263742,0.10065484648352122,0.012917672970102718,0.1171958834017758,0.08097046218323256,0.0018345210138089065,0.0015965287379578583,0.0006399726232343692,0.004146131472465644,0.005071223486767948,0.057260080270907066,0.04626906540382286,0.1630493689378082,0.039051514690803715,0.03387514759361775,0.012179575132311512,0.020365947878368325,0.006424164880407472,0.02803165093183442,0.002357364092198446,0.0006589594010946919,0.027735261679963725,0.026971008412393645,0.03521486132886265
31625455,middle,0.00043815461370257265,0.13832396106680148,0.029423083634831218,0.0861392083641617,0.06300899702577659,0.11800122773810834,0.10334922245368545,0.002928056209757252,0.002702603860322398,0.0008869211444106381,0.0008507222763615746,0.02685475722619181,0.05378615259074439,0.053331501813632186,0.2079879706634329,0.0037674211298404678,0.05364801732669176,0.03451269990381908,0.007207172357912684,0.0009332601259426246,0.035846011581781176,0.005370682732735075,0.0009804269375463092,0.0023960589253796457,0.0013222201257135123,0.08085660033121951
32195234,begin,0.00012010159026253928,0.026909060794407504,0.0012920943300646862,0.09545668846813687,0.0009226212670361056,0.050182562207707004,0.06663430717934062,0.0021772027325213427,0.0021492705828818136,0.00043989180333233715,0.0253721737782569,0.012779881813656586,0.02411196616086119,0.04543778514327684,0.32848040614050134,0.002655540279337988,0.026117348857687194,0.03033865158767505,0.021544345709833785,0.02810091041003314,0.023437459144548034,0.0014177833456999096,0.0008779162754001971,0.04494344368229823,0.04445995706920886,0.03545090053237473
32195234,end,0.0003391445225333367,0.00035709510113200125,0.007569452950979153,0.09347443592985145,0.020530657031171587,0.2595638386914141,0.01510491451534482,0.03891742457424942,0.012595576570733883,0.022486980092962735,0.029804653820938592,0.02584639191210772,0.06154213151969352,0.016245630991745676,0.14609627326453875,0.003753709052138919,0.04350442180093244,0.06236271919193015,0.013607799877288534,0.001517716352237188,0.029432368485075744,0.012266295120604427,0.007006113025913777,0.0032647141893773785,0.001748685976204286,0.058135267650061
32195234,middle,0.0004812199436612233,0.00032535408577694883,0.0024069126455873303,0.0662670313779541,0.0020360582067270308,0.1983095414732795,0.1077558652396427,0.006035511509774339,0.005926067753201423,0.001951538095403968,0.0007069303183532824,0.014006178096930208,0.04633130656174991,0.005291818255033003,0.3120319579236709,0.006233677217979857,0.030529883097593344,0.09060502298167351,0.008908096389568645,0.0036325036610886804,0.029255635808858402,0.015605519882523565,0.0017246855118876526,0.003038245318716181,0.0015484267198815733,0.08666106759455551
33743772,begin,0.00024151322735670787,0.12717096981790402,0.009157119028443442,0.0487232901227661,0.03269270536544616,0.07292547686912136,0.11403797358583961,0.005212676633097636,0.005131425818641432,0.0015336771123075769,0.000511363622481378,0.0240890062381466,0.09665702424677818,0.0032274284745831,0.19649493999830725,0.0030332209450226358,0.07013979571563614,0.06483180333905472,0.025521759365847742,0.0014011153082627483,0.03127782350639352,0.12396674905392273,0.00684442263515942,0.003202601570351987,0.001736635975147594,0.05922243860982137
33743772,end,0.0037800320479111495,0.0003944485928808203,0.0020177642225313146,0.052707133797823005,0.02154740503316406,0.06376283365134952,0.023656319148046702,0.002641005266381917,0.0024411538004954626,0.0004980555416924299,0.0005795750526031162,0.0009903094996756253,0.03448281799651938,0.23944754907968474,0.13021048313093928,0.023790117419530063,0.1426707313035737,0.06687985725703978,0.0013846181571066727,0.005261699941778964,0.10018224888874694,0.002688120494925094,0.0014194322216921971,0.0013787789473790836,0.0007941197468501513,0.016214065747055643
33743772,middle,0.0005081155125930471,0.0005668222464650174,0.025424979337591802,0.1416612372826621,0.02416688517500776,0.046509465834720494,0.04793171265695385,0.005785198829545827,0.0055438871399170996,0.016132028903219364,0.0008824303162558658,0.012425707928026379,0.07891337183781374,0.14828927243021764,0.2210023863203439,0.004013124524022059,0.1263817780602583,0.03272992482375648,0.0020281353314934606,0.005916656509985735,0.08401561479149171,0.013791122620702038,0.002458109062969336,0.03142111510047199,0.03021650326201432,0.09421743435897885
34272677,begin,0.0002345620515589724,0.00021451362830731264,0.0010071329827512907,0.10258402520530367,0.0022422534618507695,0.0756673207938838,0.07390813798592659,0.004570155749181803,0.004609336930298347,0.00045600269714430463,0.00037555998085059934,0.06904429772921838,0.08118925710383185,0.0016683449872922816,0.14019007233892927,0.002741359319021932,0.007258056223044239,0.12897181094587784,0.05637535070256454,0.0015169982084437873,0.002950231493740033,0.0016279788462013737,0.00032003350907573383,0.002923983767194547,0.0014828362708210726,0.1515394753101481
34272677,end,7.055770680310625e-05,0.03433748254641914,0.00029637651513256475,0.17437297950466807,0.029552339490710056,0.5139671663346879,0.01534011762154334,0.007600588985377797,0.007870885860974878,0.0001644948259996363,0.0001301150330849541,0.00021843348185423818,0.07448766452053371,0.000586642553129587,0.10070712800643628,0.08759274472364291,0.004013370705084477,0.004027297283509643,0.0003637471884131863,0.008741631687950337,0.0027697834493263674,0.034708621443772646,0.00012978393789582588,0.00439093675469007,0.002315640448616797,0.06932728155081827
34272677,middle,0.00022698525147954438,0.0003630870447556211,0.00836179801829754,0.1202973287574309,0.0011289646274602056,0.3367957114211453,0.006926778724404863,0.0014892789285629452,0.0012980922541700661,0.0005041553964263742,0.0004212882139358646,0.000700052563437283,0.005129201883897637,0.06481879441682184,0.18933563363207243,0.04432931620297741,0.0618847740251702,0.0074454594329925,0.0011930924698041782,0.0017347114267133989,0.04138432705972835,0.001530119003951813,0.007805414686069003,0.0014629256744680696,0.0008360964998878761,0.0474770851316601
34322023,begin,0.0005345690516450323,0.0007383684375550469,0.024335593998659914,0.07440891928623351,0.030633766550809554,0.021147733826496654,0.061335269138901485,0.005112550400308972,0.004746159903182065,0.0009673474697665116,0.0011780485142715218,0.0020857769273846336,0.01821205273711633,0.026971199301309902,0.381983490232325,0.05081793264711235,0.045859088977839836,0.05271536831084925,0.0543482151667211,0.001558396344002326,0.03030697432417761,0.06922119736901602,0.0025851951720843444,0.03636219627906959,0.03518524094894814,0.03553403252231345
34322023,end,0.024635909915587728,0.014657113567762342,0.0028670041134574798,0.058620571595537976,0.01047710930761388,0.015339008673810257,0.08979857774899055,0.00424635547097787,0.0041127127802296475,0.0011657634681640568,0.0014086828519484472,0.0023426525730410536,0.06121814750021909,0.02938048390575525,0.26564098853565976,0.049175086390614894,0.08593509063752418,0.05847517008474245,0.029816701435308016,0.0008575425809380482,0.04885018773428834,0.046739413058549076,0.0015649457341185764,0.01004079398217068,0.0016756119600175219,0.04805234920019741
34322023,middle,0.00048683305292708117,0.0596239169727064,0.002994723711435425,0.08752816967091917,0.0016237341091319922,0.035831071780568914,0.05689776189043333,0.0039303811994465965,0.0037033622460140346,0.010453227790487109,0.0010276335772929951,0.010313020774986928,0.06910866276157068,0.030572750946909547,0.2325667767139197,0.08793400479329773,0.04434605161041423,0.0403916125829684,0.07307587052340919,0.004915285098895794,0.04087887285327527,0.04706859228386876,0.0021537459096125245,0.013802789665564096,0.001108022600785143,0.035223760895077096
34438741,begin,0.00999254914804822,0.018982098137787434,0.00697087533359159,0.12807008360292582,0.0015168097757689994,0.13483873926692166,0.06065500405829476,0.008476756928133697,0.008340835502922288,0.0007720580234981912,0.0007081762249898807,0.014881182334285302,0.04062706233022419,0.028747275520653787,0.19707767713715718,0.008499115356571822,0.05635667455936226,0.04905648611634018,0.06025838042948188,0.006620544714686936,0.007568287343312637,0.059801157988416585,0.00628237586277647,0.04791163662566974,0.04361772809294005,0.060482668165516715
34438741,end,0.00045523574060807965,0.02119263325562307,0.004201366962845711,0.09805390779054633,0.00237936371679051,0.09121959308691852,0.026367246815366792,0.007881949866023398,0.00778932005119784,0.0071598578018441964,0.0007382900431310523,0.01846272513454464,0.05038493145519521,0.01910590634783759,0.201050980395715,0.0067466040706155046,0.04533557673752767,0.039350623168515605,0.029140426749805395,0.01878105611174379,0.029478933715549032,0.04880812957250217,0.0034123163106088814,0.025147034668357316,0.023674927304232606,0.07767055794994998
34438741,middle,0.0033972949802051817,0.0006149345022906625,0.01612507063461918,0.13037925956658405,0.01903418348642473,0.22424776023804718,0.0611925093416069,0.02098305116723701,0.009659641848486873,0.0013824135566729346,0.0009389874297172214,0.016329737966592317,0.06438611839201722,0.023719726127801065,0.17888983752820345,0.023105313463148806,0.04350589263440853,0.015396689161021741,0.029466811556678837,0.02109974365372241,0.019913314033589098,0.01905996440127679,0.004212639765512712,0.014915542326523588,0.012858754389551613,0.06874826931751647
34812836,begin,0.03368180520346512,0.00027011866273282746,0.004134372217549674,0.12980671675970873,0.0013728776203702643,0.07771176704467271,0.03354062302332051,0.00772253378141998,0.007665564565456969,0.0009713599432173246,0.0005216554564997769,0.013063307823321938,0.04000037639457118,0.007532118204948319,0.2022938982835079,0.029514271440634163,0.0227044525110746,0.09771014179411092,0.0493049335632406,0.0031155658108040713,0.0026093808052660076,0.005528755418399422,0.0036713116001723055,0.002072977179715398,0.0010417143414203258,0.10353059638116172
34812836,end,0.0020569198503983814,0.0006071236473546789,0.026918068053062016,0.06628355898089815,0.027019950144952686,0.11399820897656739,0.0741909783486379,0.004863269415561771,0.0045763164442291105,0.01954686948445966,0.0008945884000306314,0.01743060692368964,0.0931362490388231,0.06521953742270245,0.22222132800687774,0.026144789481188833,0.10740313731293567,0.025303668937860586,0.05955057949198023,0.0006569326773612325,0.03427666563040128,0.0077162758612551756,0.0013240748208605596,0.030429247725275187,0.02911644634873483,0.11603832174086945
34812836,middle,0.004943535621388667,0.0004820547870383364,0.0013789626276083191,0.051856412562585774,0.01978179380626213,0.1238681541120861,0.10120954359155862,0.0041419083365148235,0.003921871767388734,0.017088389415680746,0.0006247702052188766,0.02671799020288094,0.09867511723027149,0.003994120759069704,0.270724526291011,0.027950389307620654,0.031109346447263146,0.03014166170771451,0.045715338858566615,0.0010773438233363443,0.0040708474578722825,0.0025778767526790517,0.000783358984554834,0.05694139455833774,0.05573873471819177,0.0982398821871286
35008850,begin,0.00019313779852840078,0.00022374431506027025,0.0009084402113139396,0.10446377094010798,0.001280402867859352,0.07500404749703068,0.06272188238082192,0.0028129137007383708,0.0027904033602737157,0.02302424050705719,0.00045936765650795983,0.04718336337638723,0.13074760961289078,0.0018010665980678243,0.2506790077346262,0.002369668119328588,0.02065607913682755,0.04241279526764008,0.049313972516368404,0.0022198670467288286,0.0020196118585785556,0.017046016344759055,0.0005399848063881725,0.0017613865285106517,0.0009347952554622645,0.11198712155408332
35008850,end,0.0002259312218996661,0.023256446879631087,0.0018360967427476238,0.13916567411088404,0.0017848316897729778,0.021089116899115204,0.02806860110077783,0.021606205714397198,0.00507045095480047,0.022990989618257376,0.0005795472213764854,0.010290863787376541,0.07216181394268864,0.014573243941451689,0.15734697038465564,0.004324990147365303,0.05089818224907332,0.08912514097119302,0.01640291329585777,0.0004289531207856386,0.012814727810749214,0.02771913998113317,0.0013223305635421036,0.017551828994966347,0.01643141540601647,0.0670969962683094
35008850,middle,0.006914087810620802,0.01866313120414629,0.021679645344105547,0.05352483446595428,0.0025016009654103576,0.09237573943309337,0.042457205855511854,0.012750879164709007,0.012570523318655548,0.0012059635951331912,0.0008231039912613156,0.0020973842081286557,0.01903538695650197,0.023489724290031294,0.14911302176594463,0.01815403733558708,0.04304097016747226,0.07220681314151281,0.00552792830310322,0.0016208842617854084,0.004375944777153564,0.02441001937941661,0.02084006548315781,0.003524454151677998,0.001885298130326224,0.05279247357222821
35053870,begin,0.0005820665457419406,0.0005854261780934971,0.030198066230276356,0.07814058896366012,0.03228315199492802,0.0285274588199654,0.08293660698991415,0.003362447537753525,0.003062812207977527,0.0008968850152018265,0.0013836867575259865,0.0016122228797520242,0.03182927377379498,0.038494982692814164,0.2549660633882269,0.022667060204359064,0.06727443492107095,0.048686596804852156,0.05919879930710539,0.0011520166395235629,0.031159002388296615,0.011006839549414659,0.008256049707037827,0.002575469318319581,0.0014139994940251836,0.14042442859421356
35053870,end,0.0005039158476141836,0.0007640986246177932,0.02433048244417223,0.06257764136192685,0.030200243845407107,0.0947196945455003,0.10027735821067618,0.0031395337623240545,0.0027595376008176086,0.0009481360219641744,0.0011726553826721085,0.0016898087445452318,0.05509437624563105,0.05316432977660339,0.23823452207441,0.012214089883097745,0.02675744694991121,0.03850299438899182,0.015380029355379257,0.06522973014783391,0.004649762893078443,0.01566682880479234,0.0011767082498205738,0.01526797390556612,0.014087646200257842,0.09005980220648195
35053870,middle,0.0004838468900388427,0.016181372172111835,0.0021306286844671118,0.05713149135690806,0.012274460627937965,0.10395695253996752,0.04477809902826777,0.003293713238291504,0.0031146918427946385,0.0008391111709768247,0.0010056200294053818,0.011942657249030103,0.06612415024244492,0.026167807015592348,0.20098481542210417,0.005128945520004949,0.044264730495463624,0.05510515027629945,0.043390671502313155,0.0017543338262013758,0.028320680671358983,0.018749130962451493,0.0012682713544007987,0.002403630961595613,0.0013455892104936116,0.15577193045852614
35109856,begin,0.00034948800894286854,0.02575209231479744,0.022383548398780546,0.0962386837704769,0.028688173021202953,0.06465092153932855,0.0637723956725691,0.004670943041718819,0.004478534534933077,0.0005813288955160269,0.01788928553356154,0.020467200512528507,0.02944748896627026,0.020910004314389365,0.28635558446361464,0.01292131405170002,0.0615104860056245,0.05103432073803808,0.01980557089054006,0.002399615367560079,0.0029772728154844738,0.031024446984339135,0.004071484579637515,0.0024188811998441012,0.0012716854539002373,0.05277778415596342
35109856,end,0.0004870302750095037,0.0005550804664681329,0.03164603065386913,0.10120353778911442,0.02837593912711249,0.0983538127669836,0.040109269256017606,0.0030104311148514743,0.0027876043830590267,0.0012811028755244458,0.0008544585544511797,0.002276532023364373,0.018910807437348784,0.05000294669022644,0.2673996274390848,0.006175341670361486,0.024432068825745747,0.018243739657943764,0.019772856771555252,0.0023600576281933025,0.003475215086364234,0.0035754611473068658,0.003956857643498315,0.050405408263285885,0.049508365624051816,0.09737205770357045
35109856,middle,0.019555500476478728,0.047578664741303185,0.005752226314846702,0.0939398711300566,0.002900480749776761,0.03483861128535159,0.0934918350048322,0.003270694049188321,0.0030034688500156777,0.000952045446855602,0.0011798961907430565,0.02108850046005059,0.08214653122435228,0.0040162964632504345,0.2948818585116193,0.034235687043531034,0.05985322187335272,0.028808395786838036,0.0406125999394663,0.004123148475384574,0.005708826639309079,0.05388017851824228,0.003918324276591392,0.028584671069328278,0.027360780498261787,0.07797482617772025
36429604,begin,0.0006288435672336638,0.0007678574755037227,0.00570553062162564,0.09912794453999245,0.003220133334452454,0.033988287639269824,0.11335880908955119,0.007698298429958128,0.007352919797358274,0.002076562093175063,0.0010592138752327307,0.0016007627732321586,0.10958530615469453,0.00840050702309141,0.2632987661854856,0.005989456082871735,0.14579795214170588,0.1196586084934718,0.0028577033139192383,0.0017008476482914983,0.13113702227137172,0.02086515744646565,0.00431718257569059,0.004811837769159633,0.002683495514761266,0.02141787280450562
36429604,end,0.0007151547562663371,0.0007974213249908202,0.0562761807705216,0.17620264241279548,0.0024602116794937515,0.0802071066867222,0.0194404440880568,0.006529374135544995,0.006133346643010727,0.001076499057336012,0.0011673869539754961,0.0017681542926085913,0.09333352891172482,0.058100026881242356,0.20689498518342336,0.005141687558722858,0.16589171147724457,0.1557522859241675,0.003084022071950663,0.0007048877187469911,0.15258946042085192,0.004091903311223353,0.05483076374058744,0.0032115937568328104,0.001854490783105394,0.015949336279296043
36429604,middle,0.00039172361240970223,0.0004044276154553786,0.003124137237473611,0.16561606670517615,0.018320839932559153,0.08437221150713681,0.0630005602257629,0.004727604164092149,0.004546101093125889,0.001120839814498223,0.0011270584069256755,0.01333520145013874,0.15340258827466918,0.004494077414452052,0.25622225737424403,0.004733322813408372,0.08583117149658834,0.18521165162621944,0.001722691626533979,0.000922300491509755,0.07336097562882453,0.05968457274158055,0.0022692797108587698,0.002536940503153135,0.0014136378789596346,0.032988193269399384
36437212,begin,0.0004467690272844039,0.0004725463251385987,0.002107549497333408,0.13417820371720404,0.052862050406817324,0.026585593137494524,0.027259276490682684,0.003975341079499802,0.0037713729881560013,0.001237745353653189,0.0009996868444328514,0.002306584930553298,0.01631109997873579,0.0039025678904439473,0.3198318923007873,0.005877249715879563,0.08911423236846185,0.012583190293052271,0.001991570569958062,0.0059867468072876155,0.003988195155193984,0.0035209455178726134,0.0012126898874605446,0.10040730601835055,0.09916130410699124,0.10909582184441916
36437212,end,8.734263413687279e-05,0.000149817109315421,0.0003418780250291346,0.12361653083539138,0.0003458854942091069,0.18452624892248448,0.0026228800013116255,0.000545322883040549,0.00046285557649076504,0.00011503744640506853,0.00015422765789261162,0.00025548158716677094,0.01508661527908587,0.000664407284695155,0.3841763688601841,0.0006058385076781035,0.0634868394056935,0.0014821214897362425,0.0004417882866961764,0.017132129093826113,0.061803581922693696,0.0797526865217903,0.00016490084246131742,0.0005216284673472685,0.0003034410114512394,0.21602029838838574
36437212,middle,0.0003409314302068485,0.00030604997216186693,0.001078393419318542,0.08080572178799907,0.0012988458049599603,0.2308726773330164,0.008144018114685077,0.0020586235680061776,0.0019054123750729631,0.0007183047334335535,0.0005620825893537019,0.0007991274866592343,0.12296869700382682,0.03136176869984248,0.0628597658443674,0.008371767740642643,0.19223458622277895,0.007752099514322446,0.0015700076811432612,0.016684560936612067,0.13561331479558983,0.002104585753339106,0.00046154739151182066,0.0016392270723715526,0.0008205472633390393,0.00988050119913998
36512901,begin,0.0003037052107720967,0.00022269739725953495,0.0021858554015373255,0.020686717040011376,0.026050124949992964,0.013110042601779108,0.040504544512607155,0.003800020079803729,0.003734865878318943,0.0009155940044078317,0.0009933874009088375,0.001532754227510625,0.010820448105015193,0.004787523476457846,0.6743201609298307,0.004892196431653764,0.049350214116845065,0.14787958611206342,0.0011048366216194162,0.0008277571680282168,0.030349147684804154,0.0026160932620283967,0.00169234960877167,0.0018977304594286022,0.00099412684634915,0.014480858319942728
36512901,end,0.0005100216260779019,0.055392537696679255,0.0028911350903601694,0.09101028801674628,0.0017724505491150057,0.08920025041883857,0.015699323094829683,0.004405134774167575,0.004283350162828857,0.0010572514044163567,0.0010913551865736038,0.0019482795533890282,0.06984124425869007,0.034965083288406286,0.4920847090167251,0.021339332178033812,0.016377868799611856,0.009639211264479978,0.0018091322571422328,0.0009199646824186834,0.004245944549893181,0.058691160580262414,0.0021015074643938496,0.028418425871789024,0.02729274629124474,0.017966287479901564
36512901,middle,0.00045304839045899115,0.00038116878569859677,0.005481822620628119,0.023734736463226037,0.0016883303936841292,0.03212890946078288,0.014202039633641183,0.006661691691831629,0.00651337306930746,0.0009534486317040234,0.0009658742719769022,0.0017309121682630617,0.010610538111965696,0.0067960938007681606,0.6711265582525177,0.004007874929635553,0.014709309590959962,0.06502038600526207,0.001743327977315008,0.0008062269117371922,0.0037627267344624545,0.04593749038883536,0.004681935685426401,0.0022515929446036455,0.0012053945857955428,0.0160752195522654
36564103,begin,0.007375213275338482,0.0002811243223947295,0.0008771882537197482,0.07524671511346807,0.0018364436559919742,0.0212898687913075,0.11498908464430671,0.02586124895837428,0.004291622543857157,0.0005199040272216508,0.01756670678154579,0.049430980761537145,0.0914931823931025,0.05000094116184569,0.20542155041043927,0.03404968657413482,0.06290717482254723,0.03295020173400475,0.09504897950142835,0.0021004636857196697,0.002654574830656637,0.0017220815991972928,0.0004768226859199478,0.014145367974319915,0.012850533508457976,0.13124980163426403
36564103,end,0.02294172798441008,0.020295815540275666,0.004004060302917782,0.1462636858741694,0.001871526391200212,0.1078792647321067,0.05908635521617628,0.005710108432494036,0.005625739632221558,0.013410944012134765,0.0006695011461520393,0.017302454481220815,0.1015307702198389,0.02543304631973563,0.19076344515734062,0.014661092225218228,0.07546063082674884,0.06209987897213919,0.022471578906455625,0.02829353870264385,0.04902939488503906,0.045632777433029466,0.0032825992496807715,0.002470147838490876,0.001233400952496864,0.10699332454958584
36564103,middle,0.00036529788868913606,0.04637431912217031,0.003552966361259754,0.15293486407566706,0.013708465117399551,0.03304730540287499,0.08431455132728,0.007539362250420674,0.0077228178762483515,0.0009011861385313312,0.0007053598652665755,0.0011881916482907803,0.0775025722653035,0.003561112279478779,0.2393009078931174,0.0046897529034919845,0.02453225859913743,0.10374664742848863,0.007081646706740513,0.004096420620015026,0.034989457922581436,0.0690675663541026,0.0027758590613896003,0.038789746415127536,0.037485033632028174,0.05522081880435316
36600859,begin,0.0003597702632706059,0.05551537823782091,0.0060830973617234324,0.026413572519950277,0.0012729258184823965,0.059655392540582206,0.009899901568417548,0.0013903325691324298,0.0011695638591317577,0.0005355442581542295,0.000555385640109696,0.0009435638145937619,0.06222765293773025,0.00230522061777547,0.12916217630418717,0.002700073782106008,0.035217294269947436,0.005966766558001409,0.03670264482644592,0.00031733233969932567,0.028631904392176152,0.09872919856452568,0.005358918170612805,0.0017041843849350772,0.0010234632505359026,0.007556782256947136
36600859,end,0.002845561295686855,0.05352931040922,0.005881467677293817,0.08406997299945704,0.0011516254726216882,0.010065037337929872,0.04878774412772111,0.0031245678340372338,0.0030797048037717184,0.0008144910364225613,0.00111543447980481,0.0012782386087718564,0.029052604526833895,0.002506402482437366,0.056067756582597356,0.0029053194571048778,0.018627478841254142,0.00597650556955273,0.0009318277054326598,0.0006963523645301945,0.0020142784132606588,0.0022078059912433094,0.005583352295624255,0.0017308256697566736,0.0009266744299577663,0.011418971104735868
36600859,middle,0.0010268258924587801,0.0013581653718787792,0.014863359474449977,0.030905794078691835,0.0036149185624202943,0.11247028063337373,0.029786946767635374,0.0046909959820861805,0.00412743228435759,0.0016174168142573412,0.0016733450359269148,0.0029042793585896554,0.016245802273882858,0.01766026777809956,0.15793186123179387,0.007834511688147278,0.029820557679541237,0.017402947718053743,0.004571925774496974,0.001044400542710005,0.008105457996338224,0.025305751444355047,0.012890652565100582,0.004846566724872138,0.002859253962133739,0.023779610467146387
36662463,begin,0.00021153082909858422,0.05002535856395434,0.10093839045757177,0.059637129201593427,0.052726643242942885,0.003276459429678794,0.042864548523756846,0.000936228090594447,0.0008875927809740933,0.0003102474620107722,0.000319386071581806,0.05699677853533443,0.05924668544921544,0.12926642473539202,0.2786131538375739,0.01656730703814824,0.03433812696180709,0.11259513133436765,0.04405986363243767,0.0002101692013338892,0.027769346616906575,0.06569112752747146,0.04849759945589359,0.05702157620507228,0.05661812064928103,0.060706182618104086
36662463,end,0.04004106091554336,0.025139580186963325,0.04068031614750401,0.04169463299090426,0.0007110246263625844,0.09791333903152642,0.07935773679567583,0.006669041769946596,0.0065967370948948525,0.000335193201906327,0.00035033963428251363,0.008839229731579929,0.025634442409853284,0.09632178917603401,0.15727825107561402,0.004198842443374828,0.12765121998863563,0.04681704901291409,0.05365443693501694,0.0002686544258650052,0.0015670536248348853,0.0038258603611796924,0.04034941753761733,0.0009936882201235287,0.0005505135893643485,0.05478354576090122
36662463,middle,8.009931675516458e-05,8.103857605673266e-05,0.09327039200531352,0.0624297736764892,0.0002637927120553601,0.29421241439948415,0.024016910567920137,0.001963577871795801,0.0019297190906629072,0.00012223050496619942,0.00013806759233393444,0.0002475320946738865,0.003919234446801241,0.0934730726881003,0.18179903831573044,0.0006883532887205699,0.00842354007830478,0.054481898138121466,0.11276718756096471,9.370263987521219e-05,0.0005742738287334072,0.033628085191185264,0.09313533604398463,0.00035510094867521294,0.00020395250966192917,0.09534693894339975
40131614,begin,0.00036257366493241814,0.021761646321626287,0.001197120926097597,0.115710835789882,0.014687461789471074,0.033106766065831225,0.08807986819733192,0.004284397299826877,0.004171099579536449,0.0009012408748091892,0.0005512667185672091,0.0009018159753885482,0.07890632062619861,0.00873329047137275,0.23285380183364582,0.003878756573810695,0.010623402172646412,0.09567249352361738,0.018376089715814694,0.0024388042561994195,0.02526854622514729,0.04839269111294439,0.0006293577609382168,0.002607700618090201,0.0013316034900781831,0.01840634669578419
40131614,end,0.012899277160272959,0.00021563821745363952,0.02098847376903362,0.12041875223324881,0.018347605260760465,0.06013304290272666,0.09480841770709793,0.002196360092909811,0.002102837856213839,0.0004829006701145922,0.0004279022703402842,0.012195790561018516,0.08765916483158012,0.019451399788380796,0.24121520200300836,0.035408806615873166,0.02112917740785463,0.04541142916312708,0.03443980349426835,0.011575791820934354,0.07269079187437874,0.06101424714613393,0.003122027799867174,0.03079059165928317,0.030279380588883825,0.07809143396432744
40131614,middle,0.0002969992486920142,0.023970936802232837,0.024608068372622145,0.09824326206046885,0.0231549238986123,0.06378386694983641,0.04235031772510042,0.004691387848955672,0.004574038005272814,0.0008732985233933851,0.0005447142446471464,0.0010821292196123865,0.052600952639605,0.024226875992535854,0.25653137580525015,0.04526920328943356,0.05069541141486261,0.05811503025588851,0.038074427325208264,0.0015370606289607514,0.03681651730300893,0.002805930396079676,0.0028258718147178255,0.020658832082701934,0.019358986338154655,0.07284767453321413
4066312,begin,0.01610865800626046,0.019507932267482805,0.0017190114094595423,0.049839848821777305,0.0019670540088667136,0.038224984048997074,0.06455654004721725,0.002386361238055923,0.0021057910347547118,0.0008894077474199894,0.0008589094771184055,0.0015867393922945128,0.026969039585793927,0.0037100883028406773,0.11250028613804411,0.006562562135269337,0.050297185140483834,0.11012779319836181,0.014639322055919385,0.0007045018580063684,0.04810875831867313,0.021953266402320554,0.00074416912423497,0.030404227530261237,0.02933656230400801,0.017985435853696406
4066312,end,0.0005853212128706795,0.0746931368190444,0.0020130310968597986,0.11652841150576948,0.0024587027375985297,0.028605576649673958,0.08788256569173498,0.0030542354100665426,0.002650773014108239,0.0010025398807614319,0.0009705557076524624,0.001592480145074326,0.0714524740404811,0.004131208182764846,0.11073405777711823,0.006671593146431278,0.07801225966231025,0.022121348204863944,0.042867692998587725,0.016546255277552734,0.044722851141175454,0.07547504806058107,0.000776715654589092,0.01578153066932745,0.014451468130439184,0.05824777919028084
4066312,middle,0.003535578509363883,0.015564953834553563,0.0037055873071811193,0.13402649593339402,0.0042549545718549,0.05647307560772222,0.08716188483465302,0.004826277221017249,0.0039318425342826,0.0018719832078629701,0.0018322813312438623,0.0033267022089280254,0.06633157400465084,0.02024304296174885,0.16432582738299786,0.02273729088154599,0.053632655308058885,0.06356447128599525,0.0170012484774706,0.001341204084987671,0.01937180142252957,0.020449295917404582,0.0013572324424897596,0.0046777381804276544,0.002519223890992568,0.040143013411967
40727118,begin,0.003880173874449439,0.021284808307127652,0.026854439296777527,0.15662390089821268,0.023413619862853407,0.03586692286978743,0.09784669088043603,0.002172986378666388,0.001929921811193834,0.000565597597195315,0.0005843003135546957,0.0009389951231919254,0.067293851012281,0.03146796354272678,0.23930942823523774,0.010518035523075491,0.09118731394933537,0.00736552856614002,0.08126606614470044,0.0008072976136696007,0.04080572637752595,0.023361033931916426,0.004004173109718632,0.08421644518016112,0.07310230891316291,0.1175150367500074
40727118,end,0.003814960607780183,0.0005076117350650789,0.01746816091277078,0.05799101772590226,0.04765331063674268,0.08633581372700275,0.0965183704223446,0.02938036326922497,0.012004882104233523,0.0010094630642985892,0.0008529282923083102,0.05389414891698997,0.12237798159520015,0.02199008887157687,0.23120642907603733,0.021286535554152018,0.0951887102638656,0.03702457610091195,0.046812893311832325,0.0007552108614833705,0.09353069237238464,0.003018634710609661,0.002565920622959817,0.020383510867323536,0.019258588344833044,0.13705431706038154
40727118,middle,0.005952450824798825,0.05204959364628836,0.0016499658384846604,0.11421975937042189,0.002224163673392953,0.11308083871262137,0.09004201797141036,0.005531289393318518,0.005391340085251049,0.0005771176851160766,0.015765416547040414,0.02528856160816218,0.06104756667965338,0.002725338623354508,0.18037111960376737,0.008122005352039288,0.10194634817175598,0.05884046752113938,0.04049801640161318,0.0068039550232674,0.0730770813095194,0.04720319242231403,0.0010640032608055746,0.003458334123932581,0.0018510661339735984,0.05042702881588229
42427664,begin,0.0036766327717571044,0.0564957222883756,0.004048376345295603,0.07530832734466401,0.0012950329676524191,0.06496888194421853,0.07397972367740892,0.003701566686397131,0.003459291759124089,0.0011224231824157225,0.000523569962760301,0.0009224877300461373,0.05895230591512027,0.02155669775298818,0.21066601284249534,0.005004627458539873,0.07374091458441534,0.08926713513515663,0.01552666433776405,0.0027815271191049514,0.06744731189981046,0.07068282595169147,0.003471503839684175,0.026113722044300777,0.025477217695610708,0.05251925380929784
42427664,end,0.0007244164104166375,0.000500582565960869,0.003690919761441275,0.07008562925137879,0.027888635529004877,0.03456662125774698,0.07418566565048568,0.0029061738672711843,0.0026943114759815476,0.0007892957231420435,0.003182345042895738,0.001190398699404722,0.057565435607198984,0.03426892320487377,0.20638130923816267,0.01945383387140927,0.07892372319309875,0.01656347621941513,0.05125937611435737,0.0014341681407953931,0.13625125577985112,0.01846405552656127,0.002838954456676121,0.0018659656345386114,0.0009656878882962414,0.06782497606963696
42427664,middle,0.003743120808040979,0.019668738626715414,0.004149784812022679,0.13530114140366162,0.0020376952255267977,0.11022059579269884,0.07110222282283216,0.002962510092756292,0.0026553391287157963,0.0009382199391585595,0.000862734009939842,0.0031828361298208204,0.015137297833142955,0.014032743307328259,0.2067720303919973,0.027204449627810143,0.027655350426540812,0.04574500811316775,0.021549959695290586,0.025116133379105503,0.010478716983175262,0.06792823030321123,0.0031111064894579093,0.041442081506349704,0.040191595743948566,0.052514897009326385
43728457,begin,0.0006622104699386727,0.0007617768955462202,0.006863626084306595,0.03670864318199655,0.0026724466547790255,0.13503734670332326,0.20137923493341087,0.004899814647662271,0.004544060593331137,0.0013351801287962285,0.0019331891121376955,0.013034802949445659,0.049257893370360885,0.021578632107714747,0.126260094484359,0.006578281198639863,0.18389933907686642,0.07929793604310793,0.0477332912830911,0.0009942559688140926,0.005572697130910903,0.007092416416834426,0.005567529436669351,0.05477876719142419,0.0532440013723781,0.03641988094661887
43728457,end,0.0005336085031054939,0.025422065394249568,0.002352136354929941,0.02553526166505723,0.001895798448877699,0.1611961507599411,0.34440620646637843,0.023663408766509866,0.0026738811631761075,0.0008326413875635072,0.001223650522985906,0.0271078363801902,0.21130198769364883,0.00385542737034887,0.06719438523530252,0.004306108382698841,0.31336177592506387,0.03983948452053503,0.03579676300690995,0.0005510423353304026,0.023621244018629264,0.0425123514914968,0.001324777957674002,0.0025240188108348167,0.0014781355790147123,0.05354767614319487
43728457,middle,0.004245104796526947,0.0004545292594052881,0.04053790787809416,0.05599900330246717,0.031928719982677004,0.31725145306778657,0.12971344209983898,0.004067593740228406,0.0038196074328215083,0.0007224274871872666,0.0007628447290126954,0.02534544299237625,0.05477351219305655,0.05942874541422381,0.19918775528647403,0.01246484145931524,0.04485445672554913,0.025078890455846877,0.0016102786916359596,0.00048648754894970163,0.04202263818956242,0.002088748414811956,0.018556228907158186,0.0023901142022615196,0.0011906676631931747,0.06579109133917903
44099084,begin,0.0006442395207013744,0.0007452813474196295,0.006430648228964737,0.15571164200791535,0.002864532831799592,0.11056497878779896,0.048913221017114906,0.007056207267157723,0.0068776924017728,0.0012550038112457383,0.00127811019645722,0.09625780867109177,0.17762061190256828,0.006297873617716425,0.13712598228739875,0.03244716353486176,0.05517123106161215,0.03726667499729347,0.0027384179674187353,0.003244280030425731,0.036545445584878225,0.005251765771913331,0.0053704894520844315,0.06250179020726573,0.06069588141530179,0.1523975451641779
44099084,end,0.07258164593362358,0.061636710170991815,0.002477683810930619,0.04289885229320166,0.01878320786637118,0.07532005601213738,0.11322390304217435,0.003792535638122745,0.025024208786766138,0.0006239510437674897,0.00072934344417179,0.005577150933825845,0.03899583841488938,0.003605494573467085,0.1663566550241554,0.004242791967369731,0.1254836234896869,0.007803187623464161,0.05484594884612152,0.00046178947527573353,0.03027456822627082,0.006191265287053783,0.0018584391604366361,0.026599512728215008,0.02580975443260519,0.01839305909029398
44099084,middle,0.0002194340286027533,5.7028333956292514e-05,0.003872585797033181,0.07167354685295711,0.001110606865298948,0.15006283144351495,0.07975311057782915,0.007384805073540229,0.007428802604923093,0.0009193476687720109,0.00047064504014918417,0.036063762018798795,0.04311878189699945,0.023384465550656198,0.11599384390898128,0.001895145417159643,0.08088068836293394,0.06555844740998473,0.017916718516657642,0.0009244817360844766,0.028566959303724947,0.0029523140120511506,0.0036407678956971745,0.0018030007623299556,0.0008794237709452826,0.050315159299253544
44168447,begin,0.0005727371095162895,0.0004988660309257232,0.041690985108091536,0.10236165597679207,0.002677606316006385,0.14527372064497138,0.025509681557638348,0.052482804145089657,0.012537733055327923,0.0021726001939547978,0.000781125928430375,0.024100018300256494,0.08564506419092442,0.04430933916423836,0.19563436156573302,0.004395692466963858,0.07654906059552276,0.016456579031533664,0.03347231253184067,0.0019430438616623814,0.07741840534038018,0.040668366792537866,0.040941080789606454,0.00435887053091703,0.0022357308553182464,0.07894243846877305
44168447,end,1.4503069626898604e-05,1.4200959826910968e-05,2.719700648314831e-05,0.18636161714712363,3.1120701733001094e-05,0.08542907620090175,0.0040963160037568854,0.05188780337848967,2.883386388270408e-05,8.311130089144647e-06,1.9882873601952643e-05,2.8156896024894837e-05,0.1653372121013607,0.03428419984900337,0.1252230492283284,6.794918512259794e-05,0.0972311116251094,0.10002824298968364,0.030801839866178734,6.9264190848319715e-06,0.09237013047129304,0.04793181941312698,1.0415271971075323e-05,3.592958849395842e-05,2.2380088677821755e-05,0.06538717370102724
44168447,middle,0.0002944728598187785,0.00037679505318264733,0.005037192137219425,0.15415734553421806,0.0015837560665062577,0.2923485584121153,0.03761262658181941,0.05271827103434404,0.052569889227172054,0.0011218359380886851,0.0008301070091247745,0.053363402931394764,0.0856979233331178,0.006442896489786728,0.07217964924774395,0.003539527687107691,0.03273738377636154,0.05955423688169746,0.001354165287075625,0.0012192307414636192,0.01345013132087224,0.0025856689408935915,0.004455326241323049,0.002469529243206404,0.0013787640179554557,0.06656983325979768
45156972,begin,0.0024687393717958634,0.03225682737553933,0.023322690506890578,0.1265970091901721,0.02094133610577934,0.08919868202321234,0.08441859520674173,0.005749697707074557,0.005640193116508076,0.008627531480406606,0.0006223755230035557,0.002515644351774006,0.040755508953166625,0.03840969281273551,0.2596145525199709,0.09146645710538835,0.04391402180250727,0.03295634060019011,0.028413789472585636,0.012454743415344768,0.003731970977871182,0.04906455057883961,0.004066942500278762,0.00334118665282041,0.0017696787955410948,0.06534062052684741
45156972,end,0.006289528339922773,0.027302862892728166,0.002759835662691693,0.09248729600874772,0.032796036377813136,0.05858195811115198,0.04358330303276547,0.013779733761011975,0.015034239981046792,0.0005390503697689658,0.0006152566745523812,0.0009210479190136057,0.044658415515856406,0.021435662885097538,0.2495699490490346,0.07626849456554707,0.04169061796150608,0.09150437258679231,0.03410869240503629,0.020125749580122653,0.005687989653621677,0.02547737959045175,0.0020761532720316753,0.0028316200971723595,0.0015543473875577565,0.06925106142728905
45156972,middle,0.0005344437179176201,0.011576498391341512,0.003954960808227562,0.11727844069090843,0.0027513156968167864,0.06154351527578665,0.05985569537128123,0.00427342888242822,0.003897079531534224,0.01026830131923261,0.0011433688356820544,0.013924010276296434,0.04423453786420827,0.011775114304154151,0.2915486885346422,0.12152809910477273,0.04092150823893861,0.07190710753296989,0.011837832999363505,0.002779240414557848,0.021741633884927065,0.024433058175171055,0.0027170433573557844,0.0359875213417034,0.0344595351032329,0.04687323217111546
45857023,begin,0.00023371406661536429,0.00026905322507478243,0.0032059293549638983,0.016657086017361347,0.012120235485960867,0.05423305375815501,0.044911984526139107,0.004276153853006768,0.00417178947130471,0.0005940926023682049,0.000602490217492606,0.022646337118866943,0.07573774959773133,0.00411508974058249,0.5245159318566283,0.010893531613880255,0.028833134024209194,0.028400901341694942,0.01644153328151873,0.00045196670821262303,0.00779758961557034,0.023858439696114266,0.0027784803321133735,0.01594443588317194,0.0007422844655682595,0.080630923017837
45857023,end,0.0002547259160588314,0.0003915976403283196,0.003941831447786755,0.022984302757203087,0.001571995509851994,0.06557502054368866,0.047496311407266824,0.004713651671812829,0.00452019613901772,0.0008274272273750297,0.001088109924567116,0.012491236946651614,0.03126358111736577,0.026907469873899404,0.4793266546670403,0.008046554805365057,0.03486094414881936,0.007999354157186415,0.06695948105852284,0.0006298607280664989,0.017369517398398582,0.003109205575393414,0.0031737992840433593,0.0021306864861308,0.0012462740534625787,0.05329758950510556
45857023,middle,0.00016820592127246716,0.0001931907629591603,0.019599925577939468,0.04068782352733945,0.010694417190696312,0.21745750986660595,0.012336000860026465,0.02591064266785664,0.02589254449524884,0.0006655124755326089,0.016139363488309594,0.0463250152141394,0.07540659842442035,0.018645974643974373,0.3659480041171403,0.007296501940364392,0.014508575373732652,0.02928688630229673,0.032435536291660114,0.0006166526503113566,0.001532204002445601,0.003566333031709645,0.019368804098396676,0.0014128797974146208,0.0007621641493123645,0.08391721278912337
46142566,begin,0.00025952970435628964,0.06030920035550098,0.047354744949932484,0.048039453961129644,0.0009802500769172608,0.1321584397227206,0.04544536071722902,0.0037936306223824677,0.003646185087589414,0.0004677808227826288,0.0004812892704334784,0.0124802127395079,0.030739564377574687,0.04903031767804914,0.18058854271192523,0.0029843756060121667,0.06353863009864888,0.05371292811310162,0.02743369974284588,0.0004151583442236958,0.012651713221633028,0.061904042232044376,0.04691889205295325,0.0012395225957355222,0.0006850399129048286,0.04402803471094819
46142566,end,0.00037245703408137246,0.0001876550139483593,0.03386824142094361,0.03762632562868085,0.03980622319725998,0.16120243343968413,0.05030854804238861,0.004608307301648236,0.004563686922211898,0.0005722303521982809,0.0005047982952425038,0.016060682331986185,0.027763654161439978,0.031391066008025076,0.3041462717219279,0.03587818221777603,0.04341083338873659,0.02619526645100436,0.0011999786964475073,0.0004686860878246862,0.004447435488231611,0.004111188704296751,0.00602356111999843,0.03576667191493518,0.03509024983835404,0.03143931663384202
46142566,middle,0.003914762727177337,0.0001316998162724338,0.006769772502239447,0.11932496774273744,0.001194572955959782,0.3052460580734719,0.022227574168199322,0.009367350120405448,0.009360013978247313,0.0010780660018674542,0.0006875056139438987,0.02707016054002416,0.04482647000866386,0.00794021950707411,0.111897695721007,0.0033003375257223046,0.02449701336857228,0.048569208048862625,0.02860192364715516,0.0010403052497227401,0.0017717598438947567,0.021676350776771564,0.006548517377453057,0.0020689134567238457,0.0011111537198035266,0.0415742170549765
48572514,begin,0.0044287331937310085,0.0005039012154630128,0.04014872736901316,0.046330627440324575,0.050804362609088924,0.05663562273354234,0.13369768398283957,0.005414849141669464,0.0051827557637595684,0.0009468473922821291,0.0008986061501402031,0.057164857569458896,0.09037215256100904,0.043979518604897905,0.3221283164806393,0.02338247149432688,0.16712384128508193,0.05080884201014601,0.055826488457499275,0.0007566833860231376,0.0539464769268274,0.05394512052362711,0.003370285146052095,0.0024172575426367852,0.001299294329055295,0.0922605061147946
48572514,end,0.0002448736119063736,0.0002402543471099295,0.011436676903310388,0.03502118855718312,0.000873104471322905,0.11070225275949461,0.2541679865032182,0.0029359597050216844,0.0028501578861086134,0.0004504793116764009,0.0013564551500808415,0.040875268613117674,0.04697613490563188,0.003122817070553415,0.11539542436046132,0.002035533256285838,0.17379102396128443,0.06113893434685007,0.01600950437003658,0.044094779605417925,0.009782458419826504,0.02081862048410615,0.010124597821722299,0.05235428023705288,0.05181730401707061,0.07108956477925991
48572514,middle,0.00048792660746498404,0.0006681955437616465,0.038689835580693534,0.05055819903508462,0.0017560738505397822,0.04662948070990547,0.16803883603106587,0.003735719627867195,0.003443063156562602,0.0007198418098765402,0.016177459699226213,0.011827857400748138,0.05638639516303498,0.025220481760016927,0.2519288686455517,0.006372550483300342,0.1393457684029722,0.06640116260588509,0.032959855463496085,0.001492570917177983,0.025404735725422234,0.0038175076547257284,0.03779396747448306,0.022014170865408102,0.02109363288072881,0.08051311655095952
49571946,begin,0.00021910812684633541,0.0002884098993066627,0.0040208920713093186,0.15105953440026984,0.0009378011779340946,0.22182734278910515,0.016404432932105372,0.0021175473241823724,0.001963593948472724,0.0004622332429764892,0.0004270839617932139,0.07905679459146994,0.12264082316936187,0.004813751417972946,0.07600632810517532,0.011778779442277194,0.0400946352954136,0.010203812855945345,0.007723286230241048,0.04640635974081025,0.03153971226354079,0.005000917375341738,0.003561345122016341,0.06348719323713345,0.0629298454237219,0.12234380806401253
49571946,end,0.00034074113175337057,0.00045517235911730794,0.0056081103739042595,0.15406081323113377,0.0012339133322999086,0.10844592962752599,0.06914663623289478,0.03414213330665494,0.0027952255280486713,0.019069165838955956,0.0005423970650552128,0.08303936683933932,0.11593388258301532,0.04584908013112525,0.13195681159500283,0.013339554419261525,0.03530355809033448,0.018358562569923187,0.0013641115497234758,0.022931006175799448,0.0685135736823224,0.02771247247420733,0.00510583756511406,0.03232892603539023,0.03164438345290452,0.12982143075320407
49571946,middle,0.005985072848169985,0.000551978672450734,0.0022610677078072133,0.12790605156171453,0.0018581077136594311,0.01843953565922484,0.06261666973799698,0.003770944903630445,0.003533658859201331,0.0018581679104831346,0.0008740672607816882,0.007879638188044125,0.10536363584138612,0.004733181996489485,0.282969885213133,0.03067935952049571,0.060650618871346935,0.08138336421625157,0.024172180262072337,0.002310193792133566,0.024340108491025525,0.003901733181114361,0.001404639943485407,0.03553580251975712,0.034521722698669356,0.09552913536773557
51208558,begin,0.00021305066508836419,0.11302903721703782,0.032029014486834574,0.03074546836629527,0.0575539092277742,0.08241798014286508,0.03702365456958314,0.011218057101020591,0.011193854304290214,0.0009976347731706268,0.0007202625462203584,0.03074555243903972,0.04692195574483352,0.033241536615311776,0.34593962255370925,0.003095323670086591,0.0535858052601235,0.013867187616240102,0.022315697613338625,0.0009203051326283257,0.009937951336081644,0.08387383778515109,0.007543826588765125,0.022687634094069927,0.021750022511782003,0.08184754961335987
51208558,end,0.028668581336251046,0.028872140499462927,0.021526903001841888,0.05313346659915252,0.0007633536533277637,0.07562318514087286,0.03646183579673535,0.005121067878775484,0.005110029974645219,0.0006000068729858674,0.0005331140279935182,0.06600178015830678,0.1047607427099443,0.0222366274365964,0.25073403420660706,0.0017294158300320808,0.09891783703423948,0.011415617626999738,0.01670308208695492,0.0005466527184871302,0.025555846289151803,0.017039830335208606,0.02131745992175039,0.026549955433771456,0.025923717233548412,0.08973762582921761
51208558,middle,0.00018065846574813073,3.851278455254001e-05,0.07426613788454345,0.02229035700845327,0.0012214499893520884,0.15630732538049663,0.0281030296510203,0.02861988790084624,0.006763600767466928,0.0012349975677599244,0.0006359596481926583,0.03763553270901614,0.07801369259206686,0.09001570492760719,0.3211822192054785,0.003032092328147602,0.024071418423839242,0.06698792618117322,0.020941307932105805,0.001191195843056765,0.009670148144654379,0.02776796978303742,0.07411468248829578,0.0022203377855930418,0.0011182178110169581,0.0637479271662117
51778361,begin,0.00029304316091071324,0.0004601506585636791,0.002580455659531787,0.11252284926530107,0.02667344387641031,0.07207937714049535,0.06975192480718816,0.00415842675309526,0.003975514985572348,0.0012924684114821413,0.0006169975381993259,0.026564612796782267,0.1269169247718061,0.004292746382416145,0.2664490043520039,0.028972507017771727,0.05642905746102494,0.04601093888773067,0.0014754827344718089,0.001975859755454215,0.07275385800437995,0.030256676630606223,0.0019461016374393452,0.025259506712587473,0.024462219050689876,0.0828030592257881
51778361,end,0.0003833668737286352,0.0003148331532440865,0.005815713973096028,0.13710955917719153,0.0614209658605617,0.047297324791610966,0.05873806156713269,0.06663826276124879,0.01096795376235536,0.017705705017983655,0.0006184654301967418,0.0482413866989594,0.12211555520581094,0.007388782080399118,0.21882578552481363,0.06446621489596886,0.06975400189202288,0.08650174511398684,0.0014615425559857246,0.0032967651392303626,0.017809487351104894,0.0036208332916793577,0.005164250280334282,0.0024740852353396267,0.0012567060526273187,0.14199243732095101
51778361,middle,0.0002455929954063368,0.00032590407113579806,0.0213965626507071,0.09804756481202855,0.034895097309169336,0.18686805327463768,0.054165885197459705,0.0031848764507777685,0.003126029019230302,0.0008112716985004234,0.00044676579685842344,0.031800980615458906,0.07340763638851822,0.02267874303410792,0.18757855840299018,0.006947579573060579,0.047052866601321,0.04315278366591334,0.0010522585558354395,0.026239042466654833,0.04129735178210109,0.026684388080332275,0.000763129010343995,0.0018002614128211178,0.000949467276507543,0.07640528517420744
53490997,begin,0.0027900543500959866,0.04359075961041614,0.00425420864580374,0.0773126354432653,0.0022007401521826836,0.1574492443920016,0.0637669439002435,0.005502616838893281,0.005226619601674973,0.010947876180982532,0.0010584840968558154,0.0015316942386592463,0.015542336593987665,0.015988793569211377,0.10199131000157732,0.004339308698932798,0.04621831341405907,0.032045454425094086,0.029291550653989095,0.0009085158255724322,0.008868489081446813,0.035112760446583825,0.0031791859981782997,0.016350592556544093,0.015002901070615995,0.0500043939614701
53490997,end,0.0005469578967787053,0.0005874764246780669,0.05808811868112682,0.06112319373042069,0.010565945908545135,0.12081183141554735,0.04764439097878353,0.004858951205656541,0.004618209388821562,0.0008826242463858119,0.000854753228218738,0.015235817562798798,0.043685907924766225,0.059523563205701506,0.1660284709792582,0.00470694085934939,0.029422558115625958,0.019060034744835936,0.015659953127190433,0.01728634735130588,0.015459599692019871,0.0048866292183125165,0.05712901260479723,0.0025110086011240693,0.0014531779418014577,0.03844819075722346
53490997,middle,0.0026015588772882823,0.02635791522109784,0.05534041337527433,0.062193501787354964,0.017908577263711443,0.17989863033909037,0.05797941477510618,0.016655441125864333,0.004665476688715905,0.0008260492864026168,0.0008634729337289419,0.023699100034743764,0.060757093801200424,0.0671252097007433,0.20403299605763356,0.011202121468003477,0.04035062539096968,0.07117608759711531,0.0020207229202374184,0.0006467720747286931,0.02813171032200556,0.044124316156537106,0.05455187346638468,0.03782903360057569,0.027167226428556495,0.07248945070912304
53491020,begin,0.029902728688571422,0.0006423143115101646,0.07469177947345565,0.15637768840579236,0.028204339120527503,0.02214701341529772,0.07584729274587834,0.006805698428334124,0.006702386496726527,0.001912697808782395,0.0008657882104367651,0.0014435015724629154,0.03285099876668701,0.08480926629835482,0.26017897167047377,0.033364054048088114,0.14427819203005438,0.052600900018001065,0.002117087941367065,0.0017549653173319915,0.0672973762306359,0.004197319704055859,0.07382856074264398,0.004159140574657563,0.0022513715699568533,0.09549860114028463
53491020,end,0.0008379936698002189,0.000886138289977462,0.03599197233544092,0.14441449644816437,0.002710178883433918,0.15498283593954443,0.08684154346682912,0.0036057559970849224,0.0031852261926073717,0.0011801628737973997,0.0013943348246135956,0.002020508543683615,0.029327606086909944,0.03803755075485223,0.2438068247736475,0.005899033790153307,0.05247136807326445,0.041820899336549346,0.00357084169842185,0.0007505021593168382,0.04673189406596682,0.03024231312386859,0.03443838069214708,0.003603827451336572,0.0021175695975435265,0.041035541447713736
53491020,middle,0.0008284765285362118,0.0008279158967419156,0.004211981666906279,0.1863558657072372,0.0031907838128181526,0.15398484189421868,0.10654665758152726,0.006542087462403094,0.006202874842554092,0.0017538375052475199,0.00183773499450977,0.04152718631152548,0.06925035421559553,0.006757729808048696,0.18677448639414707,0.007045467096329258,0.09555023846388765,0.019259238856182682,0.003474186796499127,0.0013950284894723045,0.06721409364316042,0.01820648967267625,0.0027046908898170864,0.004448181502555898,0.0025163626409990324,0.07157774242269505
53491063,begin,0.0006651437888291386,0.0005706457035167702,0.10968024099020705,0.3349591024793964,0.10781352413466748,0.046040430321692784,0.028480721013577532,0.009840564980447629,0.009690246081930634,0.0017770158757818985,0.001511647461310276,0.09228124223290515,0.11069391265251917,0.11219227124855871,0.19733635279207914,0.007193832352533407,0.030346927772423416,0.016174375925853357,0.0025793938373159333,0.0037024917653431725,0.005449615944264036,0.006246599938338115,0.00366867943116149,0.018937895252156212,0.017062544654104356,0.12238850549165001
53491063,end,0.0005587231030026337,0.000709664276407283,0.003038339489997874,0.19292285256411934,0.002018209060496146,0.42233520277731135,0.017154946976800183,0.0042121635795520865,0.003892987036838766,0.0009078106881672066,0.0010573779729688305,0.0016733455317316144,0.009235237254227483,0.004593092910236901,0.16918434598495657,0.004922745763115425,0.016421227396862026,0.01407657042170548,0.002674442640900887,0.0005206940042725462,0.004138176005408621,0.004012727163757474,0.0019491727259059051,0.0029254942423715268,0.0018177091991484636,0.015440969124251193
53491063,middle,0.0002902373272835884,0.0004481804495896905,0.00125216367606434,0.4513842565166564,0.0017680267539836403,0.021525134522460163,0.015461212405517321,0.0029506591025353465,0.0027336541440358643,0.0010385145469127392,0.0006001943203599322,0.07392461214052336,0.21921836124941138,0.0026372212738578083,0.052290733864696515,0.0037477990527298314,0.11566497294713805,0.007769907969878333,0.0015210638354198529,0.00322427197242729,0.10320929365904044,0.0019907060470054482,0.0005420702576675377,0.0025035400918817425,0.001386889429586774,0.08490939489579942
54474410,begin,0.004751341886241574,0.0002596940621385548,0.002825200517311554,0.12664757132979076,0.0007660342081044542,0.14985979401169533,0.10652109462697587,0.004816556965792155,0.004695224899179914,0.0003597132920121973,0.0003592892967220902,0.008553167441836502,0.06276449129430385,0.0065580225063167534,0.2577812221726211,0.011761858813488239,0.03463965689381971,0.0196685059211626,0.016969848284479477,0.004817988998064512,0.007216941916223501,0.028369854100644555,0.002472703726848338,0.0009027149359579005,0.00047486525709270285,0.058333190946821406
54474410,end,0.0021089422183092283,0.034134488030101336,0.002689747129590876,0.09063267969011131,0.0018397270621261959,0.18486281193498696,0.07480243978145369,0.006004674721457651,0.005960253233366409,0.01055955781165322,0.0005985158546433153,0.029161635376780563,0.05994267158356125,0.003831201939516102,0.1322016480653021,0.010263823396182769,0.062447721469213686,0.020433029701889913,0.018795408069718786,0.008570848676485533,0.03345786945502455,0.030745873512893648,0.0020936992795841146,0.016745920788268878,0.01555901465106088,0.08713326722506962
54474410,middle,0.01595745227203105,0.031155540215472254,0.003931351070443467,0.11720090368492549,0.002541014022395645,0.20456278184306254,0.053073271412193465,0.021193706703448154,0.009168263997936835,0.010622708564928614,0.0007712035455131889,0.01990461652543884,0.07556108486888241,0.0088251771679441,0.1390151205140353,0.006988033374408049,0.046645759707380684,0.07243906155724905,0.019592812515248456,0.021709458583579394,0.035876206082033964,0.04037515598555754,0.003187456050614885,0.021601148153207163,0.019832704813311085,0.0754469777464803
55538972,begin,0.0003130226754335432,0.02198136716493163,0.022482411294169623,0.07775002732826904,0.02967064097709432,0.06787988060022178,0.06509221308740606,0.003131736545997879,0.002955315269894217,0.0006469132568868911,0.0006627810653047788,0.04111301265040714,0.08047181849822939,0.023718573986951274,0.20854856410280342,0.003555585689612976,0.05256656768662845,0.05137332625746233,0.024066488614160164,0.0015387179900597512,0.03444067971803125,0.04964786880264732,0.0015987177721195791,0.001650744862265915,0.0009462025684814169,0.10953861401535096
55538972,end,0.00035301479000408674,0.06980886272686311,0.01915353634304845,0.09531373901028345,0.01715459518177284,0.03347947846272216,0.0805778005685459,0.0019296399528782144,0.0017486118627467238,0.0004771794173565781,0.001604001938150419,0.07076153954829066,0.06848694627866883,0.03173200020327914,0.18121673961446738,0.034090390924821565,0.03329860593782019,0.0664609240007006,0.027389240675261654,0.025598682122608782,0.03775025761004799,0.08855348341389291,0.002572712996808009,0.018675596593847977,0.01808177877464742,0.10335651521031726
55538972,middle,0.002622550077011409,0.0382087359320696,0.0025986074819752485,0.09543332767465691,0.002630139769578628,0.10042202276567781,0.060253289176667314,0.006407599351334152,0.006431586294572034,0.010095991257574634,0.0005515062467668013,0.03233309213958321,0.06791055880432992,0.028369273504725394,0.23089284012091082,0.005004678422605958,0.02617347620211232,0.02614076032578856,0.026541300183579135,0.026055473765925218,0.03889526766043912,0.0708925998371437,0.0015631829572270869,0.002956861777966347,0.0015614794013092367,0.11200610217623133
55583305,begin,0.005140807451366393,0.0004773650123163579,0.009464573964125957,0.07022178081263657,0.01383558085057103,0.06065120312070412,0.0738051598893314,0.0036118839818200027,0.0034942958816773714,0.0006103986150151525,0.0005854245941860983,0.001315677961689684,0.03228701223194372,0.0024837583051831396,0.245150380365669,0.020658168296199268,0.034297185726088905,0.0686578640050115,0.027979566399159227,0.007251806416429257,0.04032326637868741,0.03140473976221186,0.006795201228167431,0.03117008560299615,0.02987154343711684,0.035122681987778244
55583305,end,0.0010599420438368145,0.026896939828906476,0.0038044311128041302,0.1378035943805282,0.0034509842423213616,0.08250800838519019,0.06982993485950367,0.007379073253702061,0.007215139360545331,0.0013643998883446922,0.0015037443177946218,0.016713897824242208,0.03245249621185786,0.006604003227173333,0.27800194326030736,0.0403671814236347,0.041317249659793866,0.053144845551220524,0.023014102224804163,0.002014867408224301,0.03335185754690271,0.04659424967439488,0.0024489932356114423,0.00422004709171103,0.0022232514811882714,0.10334188579761751
55583305,middle,0.00039369786548627134,0.00045301885853182595,0.01886482640096382,0.14372116315505432,0.019038604528994883,0.11017487901697545,0.09225570343875587,0.03284282251128324,0.0018841137760695409,0.0006103906931026672,0.0006851685763926011,0.008493313265622028,0.03896818897566119,0.019210455407197645,0.1763687957182939,0.003559735284561195,0.04465182816562419,0.0402369190781774,0.002539980861275571,0.0008993704731635679,0.032473016135281293,0.051936786780660577,0.000563841754916075,0.027080054689806742,0.026257462162128018,0.03808175507676273
55590890,begin,0.003572137733746996,0.00040940857635471303,0.029267081247565593,0.18095984741067303,0.03990319928820651,0.021005994164463363,0.06870999988863383,0.02534151214578147,0.003148839884471045,0.0008534643418430216,0.0005628396690323045,0.009107163269965952,0.052914398668631325,0.050840070506402685,0.2378536610273085,0.0037095911777662157,0.034739914495295454,0.08559051218677245,0.06375981089639753,0.0006186842396203687,0.03504436900044492,0.0034611714063274,0.0011775063788965687,0.002159172018204204,0.0011506549597855296,0.03659771618621272
55590890,end,0.003376629498142072,0.00015913046582420072,0.0025997452453375403,0.1647278144694257,0.0005048013922042447,0.1076501167288468,0.07818735977203042,0.0008369896212485578,0.0007356011243410308,0.0002369587258525109,0.00021273854178564125,0.010519244362248782,0.04418828423787624,0.02057928844709396,0.20346258632237024,0.014967512423127723,0.06393444179007739,0.05189786926079675,0.0004763478280708319,0.04230085830832058,0.031902295956964866,0.02936807397926636,0.002369906125518422,0.04612870051348774,0.04585022441986213,0.02858147133683852
55590890,middle,0.00015984633205520866,0.00019800683639572755,0.0021511122833522186,0.20030168695517409,0.0010800813840461125,0.10374143751834516,0.03449377994545342,0.0035101278801027876,0.003451030572858503,0.0060105293341041225,0.0003110425995969586,0.0005342026178117301,0.035795835214530614,0.02988739042506126,0.28752632909429504,0.017019142085084434,0.016313097049698962,0.0417515649818018,0.057600431363191096,0.00532954476561753,0.010633737738908357,0.055325372745107695,0.0017142760180179008,0.001357752532658442,0.0007267503381564065,0.06834099623880281
55738401,begin,0.003957837699432522,0.00021657089009168514,0.03388074213383071,0.050882226396444,0.0011328332729159693,0.10022276374060668,0.11340332010314963,0.019064666804996296,0.01898113942690123,0.0005462287977018776,0.0006698871585406567,0.04717025064413445,0.09643147360408402,0.034640219310340066,0.2148822170446176,0.005826770940139124,0.048711663466516064,0.022157934513108022,0.023771586779206787,0.0004902113738890258,0.02652216406735515,0.03727761423420099,0.03333526912678198,0.024404938535402137,0.023777222117200045,0.12210221337895442
55738401,end,0.00028925098899928086,0.00032315629725011364,0.009681002486548629,0.07504705939808475,0.0012970349806298985,0.054971514994507496,0.11258160823079043,0.011288151901502388,0.011163431516362073,0.0006894724056162869,0.0006209998735574329,0.023057114666097313,0.08079834469445267,0.0076176001422446115,0.20847278703317484,0.031786153534792486,0.09341780159671519,0.100586230168054,0.006732041993362223,0.0006517623467252183,0.04499195005793005,0.015202892777768656,0.009121235567486544,0.05250674256040561,0.05179133792144598,0.03851661680919174
55738401,middle,0.004534906486281162,0.024848420799536405,0.0019245825672108956,0.045234677356741686,0.01418576917667536,0.18031844977326164,0.16574229348020608,0.00311436919462092,0.0029248056562111574,0.000581239221826395,0.0007971453529855036,0.049699365671606675,0.09942692860890043,0.0029553398191785665,0.14139036358005896,0.002954003701620773,0.07736794444814281,0.09832103742172635,0.0015828791683355546,0.0019345475595964716,0.08961758196607911,0.02741947824095313,0.001218896334894267,0.0015530588768267748,0.0008629752823442005,0.11046838224458404
55817097,begin,0.0006072248469168832,0.06639059655114768,0.0016213414896507777,0.05705459093606387,0.0029533058792544135,0.06167413479215144,0.11950592307874336,0.03397764809808983,0.033795980353747104,0.0012510780635939791,0.0009624612272874178,0.035446562832033894,0.09365166520960198,0.05332907968299861,0.22559508690711474,0.012224869905903006,0.0850255895588726,0.07853933244466728,0.047974080960043575,0.0010947316965512358,0.09135562124126423,0.03332093888067813,0.0006692286061513921,0.0039798173311156575,0.0020955883177592198,0.09954811446407347
55817097,end,0.0005125824213738493,0.000669117466265803,0.004564679021130439,0.0493962861503212,0.017110630987712566,0.10980715015362075,0.0937150065778821,0.05675352577205273,0.042994406754736474,0.0008226242333224594,0.0009190219812539444,0.05651700640412521,0.03361613380626074,0.004311462013401359,0.17463477625689736,0.015754243543407008,0.08403084186375227,0.03628744665830091,0.0327072734727861,0.0007776983252570466,0.06886190470752439,0.005406428160446181,0.0035188750303654604,0.04838694995626799,0.02904980489036191,0.09828388590609097
55817097,middle,0.000397200184634393,0.05445590303222017,0.024182515557716493,0.07628257833074828,0.032982735749828754,0.06561765671200052,0.04917249870618256,0.004546825452716331,0.004221140694193876,0.0007726871603247202,0.0006906795710630571,0.011144025199124183,0.05379386866178366,0.03713210078961039,0.1522141699179522,0.017378839786954554,0.0897465813417296,0.04858364556235773,0.007035607917783697,0.0005407210030008048,0.09994634263530483,0.029753279958445903,0.004113240864065268,0.0025314881103505617,0.0014354118585920667,0.06432335946790824
55849103,begin,0.009497978099437473,0.05685832940059709,0.03280478536744955,0.15278441570746054,0.03701711751178986,0.05952571792290214,0.1010975557301186,0.005004603576748121,0.005064037413622198,0.0010412704010145202,0.0005155491022782907,0.0017940507801059201,0.00960926798491259,0.029602640924938247,0.18787775033218018,0.016917260698390404,0.040002616698623504,0.058623531738978295,0.023600536746488373,0.00504272224810502,0.011732361429576243,0.06495971501781912,0.005762529607806752,0.0029176777597187437,0.0013096890432791595,0.023863018575658985
55849103,end,0.0012811380875552732,0.03350898189101078,0.0064003057793029375,0.10992257222767765,0.002942767088266956,0.09240953329732168,0.056553732025842296,0.005653964255266376,0.005592828487108939,0.0017117044305075516,0.0013598141922463117,0.018265908800981088,0.05546544089413344,0.006190081728156961,0.21917702623664093,0.06214303387648428,0.04154310971344916,0.08405688759093663,0.010647077002019974,0.0033261012177836433,0.006108056417798985,0.04283762836810697,0.004928539319595856,0.003967825157729821,0.0016287360582998055,0.07508974998239094
55849103,middle,0.017671129825047396,0.028121380117638393,0.028211727631048986,0.07083497046309407,0.013884430998180795,0.06793507614968625,0.03656978284141858,0.05792350744582843,0.03442102086103663,0.0010912917054971842,0.001087244227965607,0.01408686840022589,0.07301523697574797,0.04788728724609897,0.18736647853354452,0.05849681289134442,0.08086070480606905,0.014424085044052735,0.005478014460319725,0.0008905193075189014,0.11138863184404897,0.03208029028186476,0.02712275100040672,0.00542521598914569,0.004080034680520094,0.10658924071686295
56916467,begin,0.026184630768818103,0.05917975754093814,0.0025062168430727023,0.061242119198451586,0.0015679993906832148,0.019632155395342306,0.1184179726931237,0.0023991338219054355,0.002223069157393549,0.0007921089613936016,0.0008343432188995083,0.022190187956572984,0.06172614141932715,0.003558056527488851,0.14379507327517063,0.010969230153558466,0.06486928051294139,0.05331630898660445,0.026202936290239086,0.0005573447956259731,0.0317260852750701,0.037960875849766484,0.0017067159690060034,0.03359830407751497,0.032759470920556935,0.08190969976445736
56916467,end,0.0003869300170490935,0.04504568055166244,0.0026249069786753927,0.08077650672689612,0.0014565634411122233,0.02986594537900033,0.13463525338208185,0.00398570003926925,0.0037713166498773674,0.0006561588383902962,0.0008032930624228621,0.022500811946514574,0.05455492515851808,0.003767504220019829,0.20227391032419947,0.010520410025972374,0.06250815098443945,0.03670083091972854,0.026761000343334628,0.000488828943643328,0.012299458859799828,0.06977895416564754,0.0018971217545045956,0.001790845379879433,0.0010059148410481392,0.049882619556582596
56916467,middle,0.02332614106996819,0.00034956388913300344,0.030679974401878675,0.046195924074145,0.02870855149798403,0.07717385843740342,0.06269463652345177,0.03234813347045049,0.007126739015495974,0.0009965615628350017,0.0011040322177549916,0.01737515358899769,0.10308962060420976,0.029654454097298222,0.2795634210801194,0.0035632751341200812,0.019868492545657448,0.035220219205344724,0.029996622351590854,0.007896076191458476,0.004243744554937482,0.030324632047661317,0.003924475529052765,0.006003098937777844,0.004299782640278726,0.11063324905670631
57200226,begin,0.0035263534059854643,0.01821688939214695,0.041375736043379456,0.08566368364135153,0.03826911127370045,0.02971374180338148,0.06915768092724892,0.004603438263087193,0.0041981010146619506,0.0012374797430593214,0.013689152713357642,0.02159741258747666,0.053459648165380944,0.0960814816216066,0.294242660170928,0.029876819422874797,0.04988067624061229,0.05989672677553977,0.020000096959558778,0.001187532612844354,0.010006536473679285,0.005981631553431573,0.004517468682174177,0.010578176014423436,0.008985922259064067,0.06653250347677693
57200226,end,0.00030407532083000753,0.028467322293119365,0.003347507820084994,0.06217995863720209,0.002577630181264636,0.06565165749795027,0.07265474257741249,0.0054571863058184514,0.005226885437093164,0.001041696199015816,0.0007125017785821238,0.005733000948271427,0.02395494154351651,0.1472583670186318,0.36279526104335613,0.017356321978995132,0.03039008060592576,0.010112409544917269,0.024755134574670802,0.022427741043349058,0.013053031653147548,0.08003286252691848,0.002550409699750558,0.026518211197852748,0.02486319304452646,0.03479366263763779
57200226,middle,0.00512020909569627,0.03097424863654552,0.0013173711516751303,0.08838590518450601,0.0010737299204715222,0.13532738744568293,0.05341001046406369,0.0158322716244908,0.0014162172706992117,0.015824948836815095,0.0005194537032326773,0.005269685331070486,0.0717954218328117,0.09322724769283502,0.18904558483886863,0.04251657817654389,0.04238791709961276,0.0703561293461589,0.003680047818591803,0.039235210150861705,0.024949128957834233,0.04549111948679675,0.0007370672424958651,0.029876537550861417,0.02929126456778335,0.029700775917871694
57216633,begin,0.01573644163675068,7.00230193958979e-05,0.061021038573683205,0.070057714126041,0.07731789662415947,0.12045482834034629,0.019134385037431992,0.06293616286069735,0.0038787226062828714,0.000310445864344042,0.00031830162384336683,0.0004107781675555817,0.07028505264213748,0.05656640030824597,0.15059134708841687,0.023428706682811065,0.03355903444273595,0.07006688570129645,0.1241736567300967,0.000288792682773534,0.020616817994011275,0.0014901634170149515,0.005506228030568643,0.0020454120300724527,0.0009954061903432276,0.02805764543592997
57216633,end,0.00550293187914712,0.0005056174974080908,0.003983440860820643,0.16805292436998523,0.0014975112248224545,0.24182798552674245,0.07633556171411615,0.005664511692597285,0.005429114003070897,0.0005940468058825263,0.0007924949227268488,0.047998207238232046,0.08465055823998724,0.005315170916425434,0.12331953599762055,0.004869115595724163,0.03133806952586822,0.040094748873554284,0.001637751915327044,0.0008308440910629272,0.04247884599011045,0.005155888230461476,0.003285850036414785,0.03933607894072729,0.038539881583140236,0.15570022543268477
57216633,middle,0.0009096413920466761,0.05119197650119999,0.004187641432276702,0.07323978196810683,0.004466849072778525,0.14183825293346955,0.12567577333387125,0.00799415113780057,0.007307787847556756,0.0024447481670279835,0.0017870265615917917,0.00641524216808462,0.04959901571663784,0.00799344811990272,0.20674698816094672,0.01297396975891936,0.027869157210587175,0.0505522146545131,0.0046499162898108685,0.004269556910335425,0.00852086466868405,0.05630887423653211,0.0022451458531065993,0.006149783426825945,0.0035134346752933436,0.0366144340566336
58013278,begin,0.0009584246264345037,0.0010429462894731613,0.0034548074435648063,0.16389989998182472,0.003248639818985444,0.02890351363295974,0.025280332672210224,0.005377431035588991,0.005071726627132431,0.0013428028876547524,0.001500783434182259,0.0033563116552603836,0.02517233766084797,0.006419629954197729,0.09996178866280546,0.008860334657937737,0.07181927283130232,0.04205980780542813,0.0038896285076026435,0.004158520158768492,0.07429397699568446,0.006076003998568976,0.0020006161238302032,0.0038389963225981026,0.001992789323963642,0.044207124576733224
58013278,end,0.00037013544318258563,0.0004590793918313825,0.0018483649234178924,0.29068614435178153,0.0015238117223765261,0.1542508382713359,0.011668202864635694,0.002603815336536686,0.0023833830887132488,0.0007050031190640897,0.0007548125725125999,0.0013338265602171717,0.1326527257695658,0.003269287464304536,0.053671123821132795,0.003797950792658654,0.01171760641027595,0.03888295708001932,0.0017138541083518907,0.0011123161384212978,0.00309888058630174,0.0027281527810964143,0.0010745289310544498,0.001931805984859984,0.0010822866591945553,0.02592287325307855
58013278,middle,0.0010139022160484343,0.0009345803053777016,0.006614679718274113,0.1895618953668264,0.0036934513914472274,0.14259944035401503,0.03084775854501451,0.01169104938409347,0.011381514074864919,0.001985978006455034,0.002066504832710165,0.011988796281344527,0.0499593617125897,0.009873482867859598,0.37282260515015225,0.016781418570795473,0.03270522798341508,0.08120182479506949,0.004039220301310224,0.0027933990324040393,0.007552946452572991,0.07314230579145932,0.004963964547138925,0.004806963691737549,0.002598464883455581,0.0902854175065989
58995736,begin,0.021316084632958913,0.019787252599397558,0.015606172524044143,0.08085240776751641,0.015112143385251681,0.03416427201304082,0.1466000915081929,0.004506036351011687,0.004278020908576979,0.0008744856535014597,0.0023332820671278665,0.055868784003869354,0.09344619631320628,0.02127307793120506,0.2354860690042777,0.006537723620759712,0.11152894890622225,0.06842372392720818,0.014210017233665447,0.0011069987253685264,0.012610317539379664,0.030041307407842503,0.0017287533097975892,0.0029189713027468,0.001677958497701273,0.09866468771484503
58995736,end,0.0002511046388507344,0.016544451808115385,0.0023559532894888444,0.1460559115392439,0.0011190215374766131,0.17230100002970505,0.046311760683654855,0.0037561227425990953,0.003563392825450942,0.0005591348448338641,0.00046319246468841553,0.011328075957699192,0.03822072237198531,0.0032032337671015648,0.15803811228864875,0.01975019905296397,0.023800364348939496,0.0416956254623217,0.027678869873628248,0.02446086736200552,0.054172119822178746,0.04553491365394139,0.00181655959728685,0.0014493334725661402,0.0008033512167247859,0.0646277307329444
58995736,middle,0.0005036934183925523,0.0004356530174299087,0.003982361777344698,0.07599314937383109,0.0016209705451171333,0.1512037256009732,0.06517094621819265,0.003858323428102815,0.00362709861588824,0.0008140133584585495,0.0007947641127439906,0.02300978032003512,0.06936341018209945,0.008941643131066209,0.13570984318876483,0.007897858910256005,0.04625762386028857,0.08654169226848409,0.01701958431056986,0.0015324241830990762,0.02984092752971134,0.009636651888158172,0.003135584522748389,0.02879764248370933,0.01697760188238385,0.07374783440846863
60217302,begin,0.0003866596902019489,0.0005472758978069097,0.03350224825167971,0.0674760112324191,0.03306917639209707,0.06227272926871933,0.06554851595993072,0.022232595949676914,0.003357443263009836,0.0011001914219136546,0.0007048949913596002,0.019219893767634524,0.10833854257117614,0.045588590603192945,0.20235981497129657,0.009540845441914947,0.07660007291072668,0.037565356114606284,0.0017267747272192153,0.0010855298300576283,0.0698392189930596,0.015896509035565744,0.0004934651246068969,0.009810448590513388,0.008621855762340258,0.06411517947420403
60217302,end,0.0005910212683601926,0.016898108468863127,0.028160290318879396,0.045638598457529544,0.028780024773110757,0.05896454145305108,0.11792981388024178,0.006617059276609438,0.006086192539183717,0.0011162937195682602,0.0012784812023989831,0.022131968011711533,0.062302894053324114,0.039138201608149764,0.22119132437330916,0.031981244440870325,0.08606690284208197,0.0852860603958489,0.10187849558451659,0.0009282649698713562,0.09099359203539811,0.05713424884725756,0.0012863339014169794,0.003981553177548493,0.002180138263140516,0.05863851263765816
60217302,middle,0.0006585998696355686,0.0010271604117168022,0.036381223208619015,0.09726772292108984,0.03602936593827634,0.14888093243815032,0.04909457277519023,0.007915516444229654,0.007375857549197095,0.0016727695187000386,0.0011930527015510373,0.0021657776063486907,0.04232918553075815,0.04003209134506518,0.21228017618567005,0.014814074647783261,0.1305876188868113,0.056707332739065044,0.0031226035254817873,0.003576828862336796,0.11894793666091329,0.037690638770015994,0.002318970100681341,0.004177218460428571,0.0022608555086680443,0.028110130768105465
60416566,begin,0.0038527671652576214,0.00040851091255113823,0.0041607942253086005,0.07187241897717457,0.002004659529104876,0.08023248365956272,0.062405380289265025,0.005848694313216555,0.005810667879150959,0.029369633943062818,0.0005451577334721086,0.0060981823046482265,0.015602364027999981,0.016142470445334713,0.12873315581285627,0.01351313645884322,0.05390973267623482,0.0830556607602608,0.033842793531978624,0.001543733423281483,0.03497322901482391,0.02104533585312463,0.00364538622680833,0.0027599877354001568,0.0014893446122763636,0.03587248592453726
60416566,end,0.0003391325883700728,0.04047582723379166,0.023822542634039406,0.14733979801636835,0.021152587865437892,0.11375124265753103,0.10975411515648267,0.024135657180164104,0.002462939093153709,0.010660978137581543,0.0006116262611154376,0.023456380114906153,0.07329618631267071,0.03690554117610134,0.2048761722939301,0.00382803367841186,0.03661620403105362,0.027131205282362146,0.0022067408454158016,0.05595431106080589,0.021177046932421437,0.042986041596626945,0.0034702305821694445,0.00187820138446288,0.0010162811318442644,0.04419490342291372
60416566,middle,0.0003778235606802971,0.0005007325267580446,0.0015345812344269574,0.18175424609840324,0.0028476745588072346,0.11896088944808629,0.05717917682770976,0.006012203684558602,0.0058600879459430105,0.0012218531552824032,0.0007017006676015547,0.0010471680516542221,0.13796627448067575,0.017766993793394414,0.18885162915452092,0.02152657972610609,0.022787968340702843,0.0900080662338828,0.0019264458838681266,0.06315460224215658,0.013201107147283534,0.0026267126309332885,0.0007472632013295334,0.003980776636599413,0.002126767934167083,0.08265368555525736
60576722,begin,0.0005091700138239061,0.03371983802888246,0.004641425146497527,0.0597716639734855,0.0025889271216645174,0.08175983837949091,0.06638589379421812,0.007938317912669917,0.006957017392721492,0.0008808474148160186,0.001144566336434316,0.043045521009398645,0.12442539447900805,0.003430866915155559,0.22009453129344342,0.02582028615488388,0.11132215008048907,0.058680101300832066,0.007911828007814635,0.000779074112848767,0.04515587411489152,0.014794036625533427,0.003884951909568822,0.003202838876622145,0.0016354881497173733,0.09802267616316503
60576722,end,0.038687663359969815,0.027515961004536856,0.05407452394861084,0.039859128078565065,0.040402694668461775,0.04316803762281346,0.11300746383373204,0.002575641296044532,0.0024504592587728637,0.0005239198821448399,0.0005688965861959405,0.0010020818601876131,0.032650173208819806,0.05050115870650727,0.28639794356637116,0.014323072925798402,0.1182804672534297,0.07225781481685317,0.018883539504555312,0.0003920397601865201,0.030010941923684843,0.0928762167451768,0.025732206752632568,0.0014024685529392053,0.0007148566500542347,0.017155722957660137
60576722,middle,0.0036847180999300074,0.05361629602776114,0.02063990755045236,0.09005416247153322,0.04342902458985545,0.14026139798321902,0.07056548289834602,0.00460011903465419,0.004289591924379908,0.021579971317345386,0.0008961714775986808,0.0220310654415168,0.016297999141741275,0.022095189752546016,0.25718487609170765,0.026019648402621456,0.04414648611133703,0.07641440298669754,0.002498186153316381,0.005775594436560222,0.015091758575899705,0.07792515657809909,0.001969723327708018,0.0022338207765095455,0.001165008412779419,0.045872486106492576
60686882,begin,0.025868318934043878,0.023228756861253492,0.023180616369001025,0.08560894132000878,0.03742464483023405,0.05367012844043288,0.06953253811554803,0.01045910142268766,0.009564011074381925,0.0015799482431272309,0.0009106662351239295,0.0026475347505509053,0.03956500825312046,0.04163942790733151,0.22736375694516847,0.013713094673151564,0.062079447049405746,0.1055223160839621,0.01965439210926047,0.021372459835072053,0.03408579100794963,0.02854198476280041,0.0022421211789273097,0.004729104081007094,0.002874463101669924,0.045267173395559905
60686882,end,0.00491969086694225,0.02757889286718951,0.032865987262483964,0.12519683458753444,0.027434064300893762,0.029089435632381727,0.038303242247897704,0.006251330614278291,0.005312034044316581,0.0009927578828771394,0.0009101542058069782,0.0014890654193888669,0.018029108581756537,0.029840266200174055,0.21423656132355037,0.01815984067199548,0.04299976665053837,0.1136437428143807,0.02967279939388108,0.0032326541623077447,0.02475283761565423,0.03162221011822296,0.006751630656157217,0.014599455667710003,0.013288805534124691,0.08182125727345851
60686882,middle,0.005156896925798204,0.0192439842032806,0.006705664232897987,0.055332643814318176,0.0018886358953611798,0.07116027039099662,0.10285392223989338,0.006711435478375598,0.0067035085666256305,0.000753535675410396,0.000750537559978995,0.015229601193254054,0.04665937739076576,0.025577600548515517,0.28655312981405495,0.006195829201815736,0.03687413589895835,0.07695048650086117,0.03951428045764999,0.02472292383196207,0.003489982279758196,0.02388335292233846,0.0061723848198346806,0.0025206588428356123,0.001318815236973077,0.06781800394530502
60797616,begin,0.016117525578546333,0.056989141095765604,0.036874182474677095,0.09981996746144128,0.03762903681578345,0.12024172498719371,0.07930625464991238,0.005687945405661805,0.005425241905145377,0.0013931631385589948,0.0009617040833267677,0.023013595533729576,0.0224805872368258,0.0383409006111103,0.1777975384948031,0.004844339297008764,0.05684783916242288,0.03233468726952915,0.0031390602727257647,0.0018754972202974446,0.023727565387416417,0.036256483555786714,0.0010963102508181762,0.03401650179100921,0.03217167973148003,0.044410523634280115
60797616,end,0.00041359585534614434,0.029344864605748974,0.031593054671695424,0.04853049138349651,0.02778632661406745,0.25369340216190617,0.055093750282209926,0.008885585531357047,0.008794225925781607,0.0010979651828176976,0.0011766987274741238,0.010486899040677651,0.023711952245612775,0.03881651942988876,0.2558096753747778,0.005815045032304892,0.08177098719385212,0.014564846985763817,0.0022254457556967065,0.002473744636158353,0.016769148799761675,0.07402399626060983,0.005387385960156518,0.05223944830136494,0.01722662341060612,0.05488735627698707
60797616,middle,0.00044665370321004524,0.0003715766726635015,0.006210277128354932,0.26882429850528805,0.0014470502988511939,0.189934063554845,0.04347388275055415,0.01071539309899323,0.010561462601610649,0.000701679912374709,0.0007123965445939351,0.017485831611840464,0.05765398748316946,0.007596223100061539,0.1193257046546874,0.02191721317391504,0.032420613516913305,0.05844288237825787,0.016097093619635357,0.02885086926157352,0.0029041230202129136,0.0029228214683604268,0.005510871498122897,0.01708129327662236,0.0009207614285284332,0.06650315978181334
60809640,begin,0.0032411444786237752,0.0006289812953749249,0.003117930972384917,0.10623881389282447,0.001914089612244438,0.08348167281969625,0.09556750093156906,0.005109735241387381,0.0049184974506507485,0.0007052922921604548,0.0009239820043210455,0.006514004919368484,0.03774937882091302,0.005257493778832028,0.1684801797606872,0.02636807596967246,0.08854568205051101,0.03593066772414407,0.036998702040462295,0.013871994878533694,0.018481879684685263,0.003429698405786389,0.0022972242988859967,0.01770691412908998,0.016607148341537016,0.0549739842921754
60809640,end,0.011356724799975215,0.019492865288632782,0.013254442666192924,0.05273340068292121,0.010640637835339344,0.22244895448814075,0.0611946629787114,0.004083670741874426,0.0038654567856776,0.0010162433713867655,0.0008254556532591971,0.0057292596965815715,0.07124265755621091,0.04112772853280117,0.21271008423210858,0.004532499993563682,0.06044222267915783,0.05244805784580652,0.01374624823403261,0.0010402038197701935,0.022272901979790885,0.05423178302351903,0.012496421268852127,0.01837608230448411,0.017240767126294,0.05740994969898408
60809640,middle,0.0005553657251951406,0.03345715965026522,0.0030342935634862477,0.08238442443746172,0.008226185249644203,0.07257663355884657,0.08022474666792762,0.017237416017373778,0.017030149336268643,0.010308635711024562,0.0010921218283373574,0.011150335272626252,0.06340940879848321,0.025448716587147664,0.1927788865845409,0.011330784068774505,0.08083622499966367,0.0741192784371498,0.01647552566907606,0.006508667308282949,0.04462555468094433,0.005054159941073711,0.0020956088066973423,0.01439175281877153,0.0013274665159423052,0.05582987227071182
61229235,begin,0.041645792751991,0.02082405062481045,0.002659533799821624,0.07468215909606064,0.002791473156303997,0.03282132640948285,0.23037782021857295,0.002893521716260696,0.0023224371285579673,0.0011797019291063578,0.0012807434214326938,0.0019242102325291248,0.03301214883996638,0.004712082087901017,0.09708111033507591,0.03660321021774157,0.12715962034995437,0.07112684101614947,0.0212580762604669,0.0006583308397379132,0.039289629267387986,0.02545207921546661,0.0011088107535039001,0.05060689787167384,0.049118778093747664,0.038286884903608084
61229235,end,0.02448701794225221,0.023196757073960385,0.0024275707848370473,0.09038979023363437,0.01087426931190036,0.03512433271743853,0.28695909617655263,0.0038890710126063964,0.003576693914069844,0.0009919570456893782,0.0010636984489861708,0.0017354870671147824,0.01599788301651132,0.030775355795491986,0.12328929999852771,0.060446200481133715,0.2171830125718673,0.06341222556699508,0.05990824534960839,0.0007537776090710712,0.020985995660936164,0.030476724078212603,0.0015227356978650892,0.002676369653887506,0.0014979417199359891,0.04992286811154675
61229235,middle,0.0028519111733144023,0.0005883726170824881,0.002126436460377517,0.05341288856843664,0.014614644341821326,0.1284488472230567,0.3397116307373194,0.0027638763113601787,0.002428520561178747,0.0008932335353203714,0.0010187811693975022,0.007136280090082072,0.046647038847830835,0.017361970747052514,0.12592998468540167,0.004995353804239807,0.2267096685123118,0.0225929782207068,0.02338134171546309,0.0043191595681751245,0.019616048462375604,0.004791327931012743,0.0011559035837836401,0.011945855316228758,0.010865429231028024,0.019425328614212423
61273778,begin,0.0003508149825053507,0.00025960548961143526,0.0019158475384916478,0.1686738454620685,0.011741347702418456,0.10610443143548984,0.011698933772378935,0.0043732397440538265,0.004357634358747233,0.0009801333593778944,0.0006441440747838982,0.0009057104251850169,0.039607612825946284,0.0038988587101494486,0.16044882201961683,0.07359534255153168,0.013915943980914714,0.1027062710744854,0.026415322337078564,0.005779515182475051,0.028748387480098444,0.00317122535808496,0.001356211099330249,0.01842421893821434,0.0010611291670798886,0.06580456178928004
61273778,end,0.000301184194723144,0.0004166154445739929,0.0023949605906875174,0.16388631164119088,0.00254744454553222,0.026171377692316727,0.11250279074150658,0.00659653843747224,0.006573742975483765,0.0005708977192117926,0.0005743631665525361,0.0025635953197545433,0.03832532988803772,0.10180579934362449,0.19482550278817676,0.08491258163680172,0.10853008015615509,0.08773342056435998,0.0014315763484110797,0.0012868791623315689,0.011182401894275868,0.025287533260240688,0.0017572095122435898,0.03648456094922496,0.01319292194379163,0.06747881928098737
61273778,middle,0.0005783909852275328,0.0007690554031312776,0.0046544403346955995,0.2266181964308235,0.014799632818641259,0.15860225208557927,0.031798493027597956,0.007050577761134351,0.00670660581256142,0.0012460886319486057,0.0011318477326090514,0.015482261248349808,0.03806022401230199,0.006565155041077089,0.23087830334763743,0.19649195429073565,0.06069131326525325,0.043227874773534264,0.023893020234112255,0.0009093706872333139,0.04273437614272347,0.032534593018694005,0.0032823193472956277,0.003447027956037196,0.0018943472344035617,0.04338568295640608
62316382,begin,0.08884922309336178,0.0008452520533664006,0.021463341186119308,0.20614784101704434,0.019382892373287473,0.08789278949310146,0.053041492070408376,0.01935047799584583,0.0026088033923351173,0.013031424315401456,0.0013002945965818631,0.0018827599062117087,0.028297516968459925,0.021475520091390848,0.1158759232169022,0.01026475123619258,0.039001151978711464,0.04463819137701241,0.017904135411826855,0.0011680496361459068,0.030838308706200523,0.009142974098669526,0.003215244593765375,0.058998048870235284,0.05760106355565831,0.03529431830137752
62316382,end,0.0007039229066923608,0.045782748259980424,0.025438404068527785,0.07011159671719051,0.020701169529955345,0.11994875594883793,0.07415582750050352,0.021758405982839117,0.0026296406220045025,0.001007026320236521,0.02167847300505577,0.048189425028884465,0.07435113686577133,0.03552754031055619,0.1292934951944371,0.005274246696342272,0.04639937223545292,0.05689621338853701,0.002903796783687355,0.0005854451702849645,0.017055095030553535,0.04691435340868739,0.0057897326019561764,0.0029860174264676725,0.001797989937791845,0.06611769169697206
62316382,middle,0.020139395560584288,0.0005329941810332157,0.008967433420079092,0.1615885569130944,0.0018823379207462674,0.1479313951680925,0.09228760421563523,0.010809307154413934,0.01058175418331302,0.0009367860966167743,0.0010374133991560674,0.018092020650888777,0.04163566236448494,0.021456084044762354,0.17148361382303628,0.041530326437117605,0.032762805898354855,0.036900167258102405,0.02717732811038488,0.0006438723933166489,0.020858343819959754,0.01964642289697614,0.008006170875540636,0.002625008261333378,0.0015627620897949747,0.08165517730464415
62322599,begin,0.0005908229257172952,0.05235320714069422,0.006680994732201274,0.14399558318775746,0.002455238888719122,0.1007013806797439,0.09921896703391254,0.006008168479629215,0.005806118945718308,0.000997774008233847,0.0011955979519568734,0.0027536469683962814,0.03231205362598951,0.005879263601623062,0.27365514067305585,0.030706383566603046,0.07092330989195186,0.018603052137424154,0.0027580544374105555,0.0014324200564302609,0.0051027894409104955,0.06446932616718976,0.005511767785461877,0.010949825454302358,0.00964361276604594,0.12977723453486192
62322599,end,0.000385537103313813,0.05370938990098935,0.005829265417513911,0.08497538725628688,0.00230538225741316,0.1319338333071509,0.03110857530032652,0.011423667741728762,0.011219117701849472,0.0015739828496149385,0.0010246585004901332,0.04311264794841006,0.05413083894530995,0.03292700751648456,0.16513674656926794,0.02141431443130195,0.04481694080409353,0.0562752746678329,0.0017460463295495934,0.0013072939826143158,0.01716261395734074,0.003168307206426593,0.0050605019726076405,0.0035580500227982664,0.0019810308081728263,0.0847892925318252
62322599,middle,0.0002635894770743394,0.05544957265550578,0.023109435479627377,0.10009107125217714,0.023406415103462225,0.23413731388359782,0.07083833189160749,0.025792757710049824,0.005022415970936416,0.0004230179249566522,0.000469026251408438,0.0008719704033867367,0.112756876731564,0.031180768627114358,0.1950705776934604,0.0027127918668726236,0.060958682877608576,0.01773390777154057,0.001220595693532266,0.0018000905099733173,0.04375243214772972,0.04795797133172935,0.0010829520793461506,0.0027559147818924526,0.0015390083306685552,0.0799842399904272
62626163,begin,0.0225238645526046,0.0006674784240213788,0.0033440053405740747,0.08211128598245086,0.026233537402170326,0.024741075662765597,0.04742596986798105,0.0045420970108856415,0.004337718037224858,0.02345970047145256,0.0011286947882295185,0.028367014920492872,0.08368201450966009,0.015014480748077985,0.1950549362296232,0.018991449799260023,0.08003781544784563,0.14050985043946077,0.03993437718295826,0.0016344565608695672,0.015932678048585926,0.01595864192449349,0.001370785889679658,0.023721234205651125,0.017045643914497473,0.07811674955154939
62626163,end,0.0019880378770383636,0.00036179391112254645,0.004924358086576489,0.07921623691138409,0.0015199713276217571,0.23386880299974014,0.05748594793250554,0.0041058918385011856,0.004005652556885987,0.0007036444546725891,0.0004893538592848532,0.04322884416898993,0.04994913364922906,0.02815305971566774,0.20453210136419986,0.003882424262789384,0.03553890649055921,0.05029710119757135,0.021882515317311405,0.0012925106771430057,0.01803434493403762,0.0028204105149386783,0.004407083708177389,0.014063826377975625,0.01310357111843766,0.08680179367810573
62626163,middle,0.005269694976980864,0.03317793872937874,0.0052629033396698385,0.1046073222053898,0.0023458646279447782,0.07490111658511288,0.0583418476186781,0.006197949270402968,0.005820062435006859,0.0009452528323404394,0.0011987645232389094,0.027044210454210477,0.08935209435996158,0.006102185904366124,0.1888650925054127,0.024595752495149552,0.07576495077590217,0.11249028782177584,0.06060776128195018,0.014701789237111847,0.05365178461814768,0.06017150447988196,0.004125279254153075,0.003439085344565168,0.0018930477299370953,0.08606888027252117
63046139,begin,0.0007308147095003359,0.0011049604209605066,0.0025296328585699955,0.048130676759027505,0.0031062837188508357,0.14078949161793028,0.02007683332271714,0.0030553752708357925,0.0024547788412617884,0.001206959267717012,0.0014605364746402803,0.0021611989862563856,0.02331908718182116,0.005458529855029368,0.20824669130484583,0.0053029679144094505,0.06901045080477276,0.015659268057910482,0.003553574694387585,0.014374484344227733,0.05566697166124361,0.004534622258574082,0.0008481324641311657,0.003468669833114335,0.001942092805884983,0.016270636922108634
63046139,end,0.00045752956301474727,0.0007142531447444368,0.0020804268273137633,0.18121346183103687,0.003556455629479565,0.0959072056308177,0.03879321139916766,0.00623251504554691,0.005971684009727364,0.0010626397085507894,0.0009592278542767625,0.0013991302952617553,0.02235435407940801,0.07034936664928133,0.1350064989794527,0.005128788683325581,0.02278506784432879,0.011548172560967579,0.0024159901072914715,0.013789999035787726,0.005623071701730173,0.0031090741762910047,0.0007757864337025627,0.004858447543734176,0.002619723905746768,0.060326016812389735
63046139,middle,1.484974668424995e-08,2.396991128750563e-08,6.407272288303086e-08,0.0035355214240082654,0.03934921383151633,0.09675652236928231,0.014286358751366331,0.0031937158216563104,0.00328543280060593,3.2892652632934435e-08,6.0483518934075375e-06,4.586107379127767e-08,0.0020147429303159557,1.1455029699068529e-07,0.097106107730955,1.5209899161384008e-07,0.0009341845757677247,0.12472191812297859,7.832981942464704e-08,0.09158404153479295,0.0010251092511331084,1.0019001342764329e-07,2.7577835702479966e-08,0.0018858745753155325,0.0009897841152929233,0.00203024297311637
63095160,begin,0.006409092473957843,0.0008502958144511687,0.007675954013878204,0.202436168474273,0.00300844991204319,0.05509967616667223,0.05601368547645457,0.024786675558278282,0.008427051315303366,0.00124643031122067,0.0013568749637338207,0.011754911129085045,0.03794285584631888,0.008872185461567417,0.18119085747937058,0.2282658605367461,0.07727834230654865,0.0475810891569621,0.050700151124865436,0.0018628995331779565,0.014512809674028682,0.022448635890471372,0.0062776780784018875,0.003992663185949569,0.00233335815797829,0.035528001606166267
63095160,end,0.03680853647255321,0.00054744158512635,0.0061551821467490525,0.23335569503215975,0.0017652947823858561,0.1079702158954511,0.09772293850539314,0.005088907069272328,0.004822642210469548,0.0008507111979926621,0.000915144200839611,0.00218674602549278,0.04937442702868474,0.0059466663505897185,0.25838174120140855,0.2369830201265968,0.06648963086164356,0.03952959293551734,0.002207561259890978,0.0006064731514021754,0.0036589595794602587,0.018644173641650115,0.005220334931843184,0.037182166352549624,0.036227099507732105,0.03680160719462196
63095160,middle,0.0006482266367637225,0.018584752820772255,0.007493136962959328,0.23049215691459576,0.008602497685734846,0.07655793718927024,0.04399504588289839,0.009026870806365337,0.008714712651256735,0.012281174053646966,0.0008919263720821791,0.0360923092559256,0.06410198050309196,0.021529645455268167,0.23951514338842464,0.28045078953778313,0.03570536620474964,0.04352277980888914,0.04407276149195032,0.0026518972592026297,0.020068116252952517,0.008951779396940997,0.006513908078215016,0.013476740758262919,0.0015538746710998365,0.07158759707220273
63130875,begin,0.004586072487435634,0.0004841618149246965,0.0192862289003803,0.06538208376572664,0.020947142672821967,0.05690483089999054,0.07806107330057459,0.002793479267629926,0.002579913230244847,0.000786715138651465,0.0007569123295100336,0.018006223857638077,0.07592879231151163,0.0205354239949512,0.20935183054211132,0.008394396292539128,0.07755007044251788,0.0887410896414803,0.006913607904851407,0.0018410531151119547,0.0370612321547559,0.03648520677869869,0.0010427568291946666,0.04555818450594622,0.030172522166744768,0.05128726059286958
63130875,end,0.000567028182897556,0.00034051545256963585,0.005410492754029231,0.11746472209883473,0.001791311471187905,0.04539423358552219,0.08902494657029339,0.0062342478567479305,0.006151188675397544,0.011109736075963378,0.0006707592358644802,0.05723194598600936,0.11871814519277189,0.004416306675125731,0.18635805691042973,0.004517324381736407,0.09912218289127392,0.02542257714044872,0.020065926659627545,0.000567599756518031,0.04880333411769028,0.017595764266437455,0.004739051396489441,0.018534270131064717,0.001216126169002833,0.11509679625017992
63130875,middle,0.00028293296024297417,0.01558042952898706,0.0015660475946141813,0.09832260214657469,0.0015500490228135227,0.1684936394065862,0.08975770233195486,0.0038329285893060104,0.003715648530676804,0.0011211819008716522,0.0007188422070703612,0.0011237045613318054,0.052032205832929654,0.003063335806865974,0.23298062094342517,0.0031228364939571937,0.041122255510331655,0.03654278892826282,0.01902337813239044,0.001256464644197369,0.021836338472922313,0.04455271178752146,0.0010268033771316648,0.002124704242823234,0.0011294513020577734,0.04605769335671506
63830782,begin,0.0003250063537719079,0.04048880387367746,0.0012379360635991026,0.0834286981958972,0.03692465127103282,0.03756388340460194,0.08550415253618485,0.004629977698124696,0.004392494573987528,0.0008020535786336927,0.0006303484332764248,0.028602043439017233,0.05614392952848007,0.003450462199441157,0.2123037799290688,0.018261821352396606,0.07411912920107838,0.1341542718130373,0.01922971951515448,0.0010084093663839458,0.015239157004891654,0.018731804984843937,0.000512198163902072,0.022448557227910712,0.020663423011378808,0.12400514327004057
63830782,end,0.014425617117494996,0.0006526499257122145,0.0024770526479519325,0.04950074420242524,0.01099708041281356,0.12123751160899664,0.04454756245352929,0.004271183464358114,0.0039733863963885025,0.0013642888452815134,0.0009490256657427743,0.0015266599072403277,0.029294917794439008,0.009155209692589459,0.17730079052507391,0.01628197277418937,0.04765670209630241,0.13427423997867968,0.022503062684038833,0.004701262187873961,0.004474407943756167,0.026624474941842384,0.001299701010267955,0.024465131564323676,0.022805524737036637,0.0312956019834873
63830782,middle,0.00043411849122907396,0.021475104141545798,0.0028110510900309425,0.08903828787316542,0.022530778388998834,0.11944591723971106,0.040937350200338625,0.005330640136190159,0.004910584901001288,0.0014597608864975163,0.0008961438382185816,0.011807714076227337,0.04684382333292165,0.01526966517664363,0.21970002287338639,0.00696371863903295,0.03399440223285725,0.10209016003857048,0.018128240897884482,0.026179930451297198,0.03057362037357886,0.06854883557356206,0.0016825173466355743,0.0036622488471800383,0.0019819008710352443,0.07706569391679827
75599070,begin,0.0006687832854176207,0.0005459713797616062,0.009155258815437675,0.13662014637173872,0.009023872420737176,0.045029558244706024,0.029713823965498164,0.013478178932203334,0.013432862293592349,0.00324326896358741,0.0011530798040933874,0.05759818023768413,0.08141464555992976,0.008396806419303423,0.16024425988792307,0.00778495810646037,0.03344357453718903,0.2023897335024505,0.007923662893224197,0.0042898664377772145,0.011441818199164733,0.010212986017606295,0.003300128888576429,0.006717379671654291,0.003532328554935599,0.09478624431589401
75599070,end,0.0003553818940969642,0.0003691589310677131,0.0026528265095563924,0.1430704393567861,0.0011679308163445052,0.18123185833019634,0.03341111971168874,0.004275732708919658,0.0041315875735155345,0.0005275903665839899,0.0006046607301993347,0.001140155366467166,0.015161603947551679,0.003556970167973985,0.4966247135599451,0.0029219082403531198,0.010637152899029412,0.006202828081891153,0.0014463099852923631,0.009064486810082241,0.017919489198691577,0.1190588434222016,0.002069957879884488,0.0015763448463423616,0.0009034573325684076,0.23385424618807338
75599070,middle,0.00022140924986833023,0.00020499121915728983,0.006572430531793534,0.1754662191508936,0.0035403938427393394,0.08838824789643365,0.20244848790201816,0.017008256334682406,0.017346470595321347,0.0003041296507270649,0.0003838374834223014,0.0009381251009044911,0.027083582730353595,0.007115586319320317,0.177516977243483,0.12842175526507837,0.19353270713088028,0.023775366491820105,0.0008384211078234333,0.016549031281084873,0.003751585208977039,0.007167362555451594,0.006245826469791351,0.005280673145522977,0.002801945518415458,0.04756800489862273
8686068,begin,0.0004952969956488093,0.09153396165114436,0.08112358541385478,0.05034432066528992,0.07839302737976715,0.08299612133994749,0.012019513610517441,0.0088548381023279,0.008995283761140192,0.0003727072650014546,0.0005592817102507624,0.0016707790394590877,0.08457541643546333,0.08538867058569106,0.21469127640578076,0.004596478274074469,0.053878865112628335,0.1287907511608456,0.0015276393526980675,0.0036798437275235205,0.0029764299878094584,0.09725653998009584,0.0038667230036631616,0.03715941663675581,0.03590895874069786,0.0969689434345605
8686068,end,0.08280216682892419,0.0005399099882288962,0.002424731261870994,0.03724921897780816,0.0018686258281477822,0.20555977066935993,0.21547141022645983,0.004476458630497635,0.0042604036727948505,0.0009512117357927771,0.0008631757081192964,0.19119934455931306,0.06015563749379086,0.004196690174256469,0.12150740676783806,0.004037965295010526,0.06070608777677556,0.09345082262659778,0.0020337156672496034,0.0010674922745124603,0.0037968713183019723,0.003404961576114207,0.0015942482307184165,0.0025378712170387708,0.0014247262886661028,0.21129878536020943
8686068,middle,0.0005222437693942727,0.0005452749471636677,0.0020728827557184564,0.14910419873877243,0.0030639572979030256,0.4141362924287955,0.014436786018162185,0.008098788376055512,0.008197440400369353,0.0009129316148506286,0.0006886535739603981,0.028747595473164914,0.04939928507625818,0.003614458463501261,0.05879527338786632,0.005711073185102484,0.017085876901901442,0.08369701622161803,0.002279835710786098,0.014133922302756452,0.0053689744184058545,0.004009919194250646,0.0013351773204175559,0.004525216867049876,0.002223192126948565,0.050333582081084106
