topic_id,keywords,num_keywords,all_keywords,label,scene_summary,primary_categories,secondary_categories,label_is_noise,label_rationale,taxonomy_main_id,taxonomy_main_name,taxonomy_main_group,taxonomy_secondary_id,taxonomy_secondary_name,taxonomy_secondary_group,taxonomy_confidence,taxonomy_is_noise,radway_main_id,radway_main_name,radway_secondary_id,radway_phase,radway_phase_name,radway_is_none,radway_confidence,radway_rationale
1,"kissed, hips, tongue, breasts, mouth, body, arms, slid, neck, thighs",27,"['kissed', 'hips', 'tongue', 'breasts', 'mouth', 'body', 'arms', 'slid', 'neck', 'thighs', 'nipples', 'moved', 'thrust', 'stroked', 'hand', 'nipple', 'wrapped', 'clit', 'pressed', 'cupped', 'leaned', 'gently', 'waist', 'legs', 'flesh', 'pulled', 'pleasure']",Intimate Breast And Nipple Kissing,He gently kisses her breasts and nipples while she responds with soft moans.,"physical_affection, sexual_content","setting:bedroom, activity:kissing",False,"The top keywords 'breasts', 'mouth', 'nipples' and the snippets describing kissing and responding indicate a scene of intimate breast and nipple kissing.",2.3,Explicit Sexual Acts,"Sexuality, Attraction & Intimacy",,,,high,False,R12,Heroine responds sexually and emotionally,,III,Commitment & Restoration,False,high,"The topic's main_category of 'Explicit Sexual Acts' and the representative snippets describing kisses and oral sex indicate that this topic primarily realizes Radway's function R12, where the heroine responds sexually and emotionally to the hero."
2,"clit, pussy, tongue, hips, legs, mouth, neck, pull, lip, lower",27,"['clit', 'pussy', 'tongue', 'hips', 'legs', 'mouth', 'neck', 'pull', 'lip', 'lower', 'thighs', 'waist', 'hair', 'hand', 'thumb', 'arms', 'grip', 'slide', 'moans', 'thrust', 'nipple', 'press', 'suck', 'inside', 'wrap', 'closer', 'body']",Clitoral Stimulation During Foreplay,"She spreads her legs, allowing him to run his tongue along her clit as she moans into his neck.","sexual_content, romance_core","setting:bedroom, activity:oral_sex, sexual:clitoral_stimulation",False,"The top keywords 'clit', 'tongue', 'hips', 'legs', and 'mouth' clearly indicate explicit sexual activity. The snippets confirm this, describing a man stimulating a woman's clitoris with his tongue during foreplay.",2.3,Explicit Sexual Acts,"Sexuality, Attraction & Intimacy",,,,high,False,R12,Heroine responds sexually and emotionally,,III,Commitment & Restoration,False,high,"The topic keywords and representative snippets explicitly describe sexual acts, including oral sex and penetration, which align with Radway's function R12. The main taxonomy ID of 2.3 further confirms this, as it falls under 'Explicit Sexual Acts'."
6,"wine, sip, bottle, drunk, whiskey, waiter, scotch, alcohol, drinking, poured",27,"['wine', 'sip', 'bottle', 'drunk', 'whiskey', 'waiter', 'scotch', 'alcohol', 'drinking', 'poured', 'cup', 'drinks', 'sips', 'glasses', 'drank', 'pour', 'tea', 'mug', 'bar', 'liquor', 'table', 'vodka', 'tequila', 'took', 'beers', 'set', 'tray']",Wine-drinking At Table,"The couple sits at a table, sipping wine from their glasses.","social_setting, physical_affection","setting:table, activity:drinking_wine",False,"The top keywords 'wine', 'sip', 'bottle', and 'drunk' indicate a scene centered around drinking wine. The snippets show characters engaging in this activity at a table, supporting the label and chosen categories.",5.2,Friends & Social Circles,Social World Outside Couple,,,,high,False,none,None of the above,,NA,Not a narrative function,True,high,"The topic keywords and representative snippets focus on the heroine's actions with wine, which do not directly relate to the heroine–hero relationship or any of Radway's 13 functions. The Stage 2 taxonomy group 'Friends & Social Circles' further supports that this topic is about the heroine's social world outside the couple, not the core romance narrative."
9,"married, wedding, marriage, marry, divorce, marrying, divorced, engaged, getting, ceremony",27,"['married', 'wedding', 'marriage', 'marry', 'divorce', 'marrying', 'divorced', 'engaged', 'getting', 'ceremony', 'planner', 'wea', 'arranged', 'honeymoon', 'youa', 'want', 'planning', 'papers', 'annulled', 'groom', 'engagement', 'soon', 'years', 'months', 'isna', 'weeks', 'vegas']",Marriage Ceremony Planning,"The couple plans their wedding ceremony, discussing details and arrangements.","romance_core, domestic_life","setting:wedding_planning, activity:planning",False,"The top keywords 'married', 'wedding', 'marriage', 'ceremony', 'planner' indicate a focus on wedding planning. The snippets discuss marriage and planning, supporting the label and categories.",4.5,"Reconciliation, Commitments & HEA",Relationship Trajectory (Main Couple),8.2,Public & Leisure Spaces,"Spaces, Time, Activities & Objects",high,False,R13,Heroine's identity is restored,,III,Commitment & Restoration,False,high,"The topic keywords and representative snippets all revolve around the concept of marriage, which is a clear indicator of the heroine's identity being restored (R13) in the heroine–hero romance arc. The main taxonomy ID of 4.5 further supports this, as it falls under 'Reconciliation, Commitments & HEA'."
10,"door, doors, opens, opened, knock, hallway, stairs, elevators, floor, doorbell",27,"['door', 'doors', 'opens', 'opened', 'knock', 'hallway', 'stairs', 'elevators', 'floor', 'doorbell', 'shut', 'lock', 'closed', 'button', 'lobby', 'doorway', 'corridor', 'walk', 'doorman', 'closes', 'hall', 'office', 'foyer', 'building', 'step', 'walked', 'opening']",Knocking On Door,Someone hesitates before knocking on a door in a hallway.,"domestic_life, social_setting","setting:hallway, activity:knocking",False,"The top keywords 'door', 'doors', 'knock', 'hallway' indicate a scene centered around knocking on a door. The snippets confirm this, with phrases like 'can you open the door?' and 'is he coming out the front door?' supporting the label and scene summary.",8.1,Domestic Spaces & Routines,"Spaces, Time, Activities & Objects",,,,high,False,none,None of the above,,NA,Not a narrative function,True,high,"The topic revolves around domestic spaces and routines, specifically doors, which are not central to the heroine–hero relationship. It does not primarily realise any of Radway's 13 functions."
11,"wine, kitchen, plate, sip, waitress, bottle, cup, mug, dinner, food",27,"['wine', 'kitchen', 'plate', 'sip', 'waitress', 'bottle', 'cup', 'mug', 'dinner', 'food', 'eat', 'table', 'tea', 'salad', 'sipped', 'breakfast', 'counter', 'cream', 'lunch', 'bowl', 'fork', 'ice', 'poured', 'took', 'tray', 'sandwich', 'drinks']",Wine Tasting At Dinner,"The couple sits at a dinner table, sipping wine and waiting for their food.","social_setting, romance_core","setting:restaurant, activity:dinner, activity:wine_tasting",False,"The top keywords 'wine', 'dinner', 'food', and 'waitress' indicate a social setting involving a meal. The verb 'sip' suggests wine tasting, which is supported by the snippets mentioning wine glasses and bottles.",8.2,Public & Leisure Spaces,"Spaces, Time, Activities & Objects",,,,high,False,none,None of the above,,NA,Not a narrative function,True,high,"The topic focuses on actions in a public space, specifically involving wine, which is not directly related to the heroine–hero relationship or its narrative arc. It does not primarily realise any of Radway's 13 functions."
13,"smiled, smile, smiles, laugh, laughs, laughed, grinned, grin, eyebrows, giggles",27,"['smiled', 'smile', 'smiles', 'laugh', 'laughs', 'laughed', 'grinned', 'grin', 'eyebrows', 'giggles', 'giggled', 'grins', 'laughter', 'gave', 'small', 'giggle', 'eyebrow', 'bright', 'smirk', 'smirks', 'amused', 'cheeks', 'gives', 'turned', 'looks', 'brightly', 'sweetly']",Playful Laughter And Smiles,The couple shares playful laughter and smiles while looking at each other.,"romance_core, physical_affection","setting:living_room, activity:laughing",False,"The top keywords 'smile', 'laugh', 'laughs', and 'laughter' indicate a joyful, playful mood. The snippets show a mutual exchange of smiles and laughter between two people, suggesting a romantic, affectionate scene.",2.2,Kissing & Non-Explicit Affection,"Sexuality, Attraction & Intimacy",,,,high,False,R8,Hero treats heroine tenderly,R9,II,Turning Point & Recognition,False,high,"The topic's keywords and representative snippets focus on smiling, a non-verbal expression of affection and joy, which is a tender gesture from the hero and a warm response from the heroine. This aligns with Radway's functions R8 (Hero treats heroine tenderly) and R9 (Heroine responds warmly to hero's tenderness)."
14,"smile, smiles, grin, smiled, laugh, grinned, grins, laughed, laughs, smirked",27,"['smile', 'smiles', 'grin', 'smiled', 'laugh', 'grinned', 'grins', 'laughed', 'laughs', 'smirked', 'chuckled', 'laughter', 'amused', 'gleam', 'curved', 'corners', 'flashed', 'widens', 'proudly', 'crooked', 'smirk', 'genuine', 'broadly', 'mouth', 'gives', 'slow', 'dimple']",Playful Smiling Interactions,The couple exchanges playful smiles and laughter while interacting.,"romance_core, physical_affection","setting:various, activity:smiling, activity:laughing",False,"The top keywords 'smile', 'smiles', 'laughter', and 'gleam' are all related to positive, playful expressions. The snippets show characters smiling at each other in various situations, indicating a romantic, affectionate scene.",4.2,"Bonding, Everyday Intimacy & Growth",Relationship Trajectory (Main Couple),,,,high,False,R9,Heroine responds warmly to hero's tenderness,,II,Turning Point & Recognition,False,high,"The topic's representative snippets all depict the heroine smiling at the hero, indicating a warm response to him. This aligns with Radway's function R9, which describes the heroine responding warmly to the hero's tenderness."
15,"clit, hips, pussy, legs, thighs, erection, waist, thigh, panties, pulls",27,"['clit', 'hips', 'pussy', 'legs', 'thighs', 'erection', 'waist', 'thigh', 'panties', 'pulls', 'hand', 'slides', 'arm', 'thumb', 'arms', 'wrap', 'tongue', 'leg', 'grabs', 'hip', 'inside', 'sliding', 'knees', 'shoulders', 'body', 'grip', 'pushes']",Clitoral Stimulation During Foreplay,He rubs her clit with his hand while they make out in the elevator.,"sexual_content, romance_core","setting:elevator, activity:making_out, sexual:clitoral_stimulation",False,"Top keywords include 'clit', 'hand', and 'elevator'. Snippets describe a man stimulating a woman's clitoris with his hand in an elevator, indicating a sexual scene with clear physical affection.",2.3,Explicit Sexual Acts,"Sexuality, Attraction & Intimacy",,,,high,False,R12,Heroine responds sexually and emotionally,,III,Commitment & Restoration,False,high,"The topic keywords and representative snippets explicitly describe sexual acts, including clitoral stimulation, which is a clear indicator of R12. The main taxonomy ID of 2.3 further supports this, as it falls under 'Explicit Sexual Acts'."
16,"fathera, parents, died, dada, older, fathers, children, kids, grandson, hea",27,"['fathera', 'parents', 'died', 'dada', 'older', 'fathers', 'children', 'kids', 'grandson', 'hea', 'years', 'uncles', 'youngest', 'brothera', 'dads', 'nephew', 'age', 'didna', 'familya', 'grandpaa', 'passed', 'youa', 'tell', 'having', 'kind', 'wasna', 'want']",Intergenerational Family Bonding,"The youngest grandson sits with his older uncles, reminiscing about their fathers' shared history.","domestic_life, relationship_conflict","setting:home, activity:reminiscing",False,"The keywords 'parents', 'fathers', 'children', and 'years' indicate a focus on family history. The snippets show characters discussing and remembering their fathers, suggesting a scene of intergenerational bonding and shared memories.",5.1,Family & Kinship,Social World Outside Couple,,,,high,False,none,None of the above,,NA,Not a narrative function,True,high,"The topic focuses on the hero's family and past, not the heroine–hero relationship, so it does not primarily realise any of Radway's 13 functions."
19,"stomach, chest, blood, veins, temples, spine, belly, adrenaline, heartbeat, beating",27,"['stomach', 'chest', 'blood', 'veins', 'temples', 'spine', 'belly', 'adrenaline', 'heartbeat', 'beating', 'tingle', 'races', 'begins', 'shiver', 'beat', 'pounds', 'beats', 'racing', 'flutters', 'thuds', 'rate', 'thud', 'stabs', 'endings', 'pounding', 'knots', 'twists']",Adrenaline-fueled game,She feels her heart race and stomach flutter as he traces her veins with his fingers during intense foreplay.,"sexual_content, romance_core","setting:bedroom, activity:foreplay, sexual:touching",False,"The keywords 'stomach', 'chest', 'blood', 'veins', 'adrenaline', and 'tingle' suggest a heightened emotional and physical state. The snippets confirm this, mentioning heart racing and stomach fluttering, indicating intense arousal and foreplay.",2.3,Explicit Sexual Acts,"Sexuality, Attraction & Intimacy",,,,high,False,R12,Heroine responds sexually and emotionally,,III,Commitment & Restoration,False,high,"The topic's main category of 'Explicit Sexual Acts' directly corresponds to Radway's function R12, which involves explicit sexual and emotional union between the hero and heroine. The representative snippets, such as 'my stomach feels like it's carrying a cannonball' and 'my heart hammers in my chest', suggest a strong emotional response accompanying the sexual act, further supporting R12."
24,"rings, buzzes, pocket, rang, screen, cellphone, nightstand, ringing, message, purse",27,"['rings', 'buzzes', 'pocket', 'rang', 'screen', 'cellphone', 'nightstand', 'ringing', 'message', 'purse', 'buzzed', 'phones', 'vibrates', 'messages', 'dialed', 'grab', 'pinged', 'dings', 'app', 'blackberry', 'pull', 'pick', 'bag', 'beeps', 'check', 'desk', 'checked']",Phone Notifications During Night,"She's about to fall asleep when her phone buzzes on the nightstand, lighting up the screen with an incoming message.","domestic_life, relationship_conflict","setting:bedroom, activity:texting",False,"The top keywords 'phone', 'buzzes', 'nightstand', and 'message' indicate that the topic revolves around phone notifications during nighttime. The snippets confirm this, showing characters reacting to their phones buzzing or vibrating at night.",8.1,Domestic Spaces & Routines,"Spaces, Time, Activities & Objects",,,,high,False,none,None of the above,,NA,Not a narrative function,True,high,"The topic is about a phone buzzing, which is a background context and not directly related to the heroine–hero relationship. It does not correspond to any of Radway's 13 functions."
27,"door, doors, opened, car, stairs, shut, stepped, purse, headed, walked",27,"['door', 'doors', 'opened', 'car', 'stairs', 'shut', 'stepped', 'purse', 'headed', 'walked', 'unlocked', 'hall', 'opens', 'closed', 'button', 'knocked', 'elevators', 'lock', 'knob', 'climbed', 'hallway', 'doorway', 'pulled', 'passenger', 'inside', 'slammed', 'entrance']",Exiting Through Doorways,"She opened the door and stepped out into the hallway, leaving him behind in the car.","domestic_life, social_setting","setting:doorway, activity:exiting",False,"The top keywords 'door', 'doors', 'car', and 'stairs' indicate a scene of exiting through doorways. The snippets confirm this, showing characters opening doors and leaving through them.",8.1,Domestic Spaces & Routines,"Spaces, Time, Activities & Objects",,,,high,False,none,None of the above,,NA,Not a narrative function,True,high,"The topic focuses on mundane actions and objects, not the heroine–hero relationship. It lacks keywords, labels, or summaries related to romance or conflict, and its taxonomy group is 'Domestic Spaces & Routines', which is not central to the heroine–hero arc."
29,"minutes, weeks, months, days, week, hours, years, month, seconds, hour",27,"['minutes', 'weeks', 'months', 'days', 'week', 'hours', 'years', 'month', 'seconds', 'hour', 'ago', 'longer', 'ita', 'couple', 'minute', 'passed', 'longest', 'decades', 'later', 'maybe', 'weeksa', 'eta', 'half', 'took', 'lasted', 'counting', 'need']",Time Perception Distortion,"She felt like hours had passed, but it was only minutes.","romance_core, relationship_conflict","setting:undefined, activity:waiting",False,"The top keywords 'minutes', 'hours', and 'seconds' indicate a focus on time perception. The snippets show this time being experienced as distorted, with 'sixty minutes of your time' and 'the minutes feel like hours'. This label captures the typical scene of time passing differently due to emotional state.",3.1,Positive Emotions & Security,"Emotions, Cognition & Inner Life",,,,high,False,none,None of the above,,NA,Not a narrative function,True,high,"The topic lacks keywords, labels, or summaries related to the heroine–hero relationship, and it's not categorized under romance_core or relationship dynamics. It only discusses time duration, which is not a narrative function in Radway's taxonomy."
30,"game, hockey, puck, players, games, play, player, teams, goalie, goal",27,"['game', 'hockey', 'puck', 'players', 'games', 'play', 'player', 'teams', 'goalie', 'goal', 'offs', 'baseball', 'season', 'stadium', 'football', 'series', 'basketball', 'playoffs', 'sports', 'overtime', 'league', 'playing', 'period', 'nhl', 'teama', 'net', 'fans']",Hockey Game Action,"The couple watches a hockey game, focusing on the players and the puck.","social_setting, romance_core","setting:sports_event, activity:watching_game",False,"The top keywords 'game', 'hockey', 'puck', 'players' indicate a focus on a hockey game. The snippets confirm this, with phrases like 'game on.' and '[NAME] is looking at me with his hockey game face.' This topic describes a social setting where the couple engages in shared interest and bonding over a hockey game.",8.2,Public & Leisure Spaces,"Spaces, Time, Activities & Objects",,,,high,False,none,None of the above,,NA,Not a narrative function,True,high,"The topic keywords and representative snippets focus on a 'game' context, which is not directly related to the heroine–hero relationship or their emotional journey. The Stage 2 taxonomy group 'Public & Leisure Spaces' further confirms this topic's background nature."
32,"firmly, offense, answered, youa, say, flatly, problem, replied, saying, wona",27,"['firmly', 'offense', 'answered', 'youa', 'say', 'flatly', 'problem', 'replied', 'saying', 'wona', 'shook', 'ita', 'answer', 'reply', 'quickly', 'did', 'head', 'worries', 'dona', 'want', 'intercourse', 'thata', 'plans', 'countered', 'asked', 'says', 'didna']",Argument About Saying No,She argues with him about not having a say in the matter.,"relationship_conflict, domestic_life","setting:home, activity:arguing",False,"The top keywords 'say', 'no', 'answer', and 'hesitation' along with the snippets showing a back-and-forth argument support the label and categories.",4.4,"Conflict, Distance & Breakup Threats",Relationship Trajectory (Main Couple),,,,high,False,R2,Heroine reacts antagonistically to the hero,,I,Initial Conflict & Isolation,False,high,"The topic revolves around arguments and resistance from the heroine, which is characteristic of Radway's R2 function. The snippets show the heroine pushing back against the hero with obstinacy and refusal to listen, aligning with the antagonistic response described in R2."
33,"business, company, dollars, pay, job, million, thousand, paid, investment, cost",27,"['business', 'company', 'dollars', 'pay', 'job', 'million', 'thousand', 'paid', 'investment', 'cost', 'profit', 'paycheck', 'billion', 'income', 'bank', 'buy', 'companies', 'lot', 'dollar', 'moneya', 'account', 'arrangement', 'deal', 'bucks', 'paying', 'companya', 'transaction']",Business Discussion,The couple discusses business matters at the dinner table.,"domestic_life, work_or_school","setting:dinner_table, activity:discussion",False,"The top keywords 'business', 'company', and 'job' indicate a business context. The snippets show a conversation happening, likely at a dinner table, as suggested by the phrase 'âyour new business.â he deflated.'",6.1,Hero's Elite Work & Business World,"Work, Wealth, Status & Institutions",,,,high,False,none,None of the above,,NA,Not a narrative function,True,high,"The topic keywords and representative snippets focus on the hero's business world, which is not directly related to the heroine–hero relationship. It does not primarily realise any of Radway's 13 functions."
42,"sexual, intimate, virginity, intimacy, having, sexually, blowing, sexa, sexuality, just",27,"['sexual', 'intimate', 'virginity', 'intimacy', 'having', 'sexually', 'blowing', 'sexa', 'sexuality', 'just', 'unprotected', 'havena', 'meaningless', 'sexiest', 'thing', 'experience', 'ita', 'feels', 'affair', 'best', 'aspect', 'chemistry', 'sexier', 'rule', 'virgins', 'physical', 'isna']",Exploring Virginity,She tentatively explores her virginity with him.,"romance_core, sexual_content","setting:bedroom, activity:exploring_virginity",False,"The top keywords 'virginity', 'sexual', and 'intimacy' indicate a scene focused on exploring virginity. The snippets confirm this, mentioning 'sexual' and 'dirty mind', suggesting a sexual context. The label 'Exploring Virginity' and the scene summary capture this theme, with the secondary categories specifying the bedroom setting and the sexual activity.",2.3,Explicit Sexual Acts,"Sexuality, Attraction & Intimacy",,,,high,False,R12,Heroine responds sexually and emotionally,,III,Commitment & Restoration,False,high,"The topic's main category 'Explicit Sexual Acts' directly corresponds to Radway's R12, as it describes sexual acts and foreplay, combining erotic fulfilment and emotional acceptance."
49,"babysitter, babya, born, babysit, healthy, having, want, infant, raise, youa",27,"['babysitter', 'babya', 'born', 'babysit', 'healthy', 'having', 'want', 'infant', 'raise', 'youa', 'months', 'harming', 'need', 'thata', 'outsiders', 'dona', 'fetal', 'epidural', 'unprotected', 'inflated', 'coos', 'hold', 'raising', 'health', 'newborn', 'adopt', 'term']",Hiring A Babysitter,She realizes she needs a babysitter for her infant.,"domestic_life, social_setting","setting:home, activity:calling",False,"The top keyword 'babysitter' and snippet 'i need a babysitter.' indicate the main action. The keyword 'infant' and snippet '[NAME] just called' suggest the context is domestic life, with the setting being at home. The keyword 'outsiders' and snippet 'i had no idea what a babysitter would charge' imply a social setting, as she's dealing with an external service.",5.2,Friends & Social Circles,Social World Outside Couple,,,,high,False,none,None of the above,,NA,Not a narrative function,True,high,"The topic keywords and representative snippets indicate that this topic is about finding a babysitter, which is a practical task related to the heroine's daily life but not directly tied to her relationship with the hero. It does not primarily realise any of Radway's 13 functions in the heroine–hero romance arc."
51,"maddiea, sama, karaa, clinic, answered, didn, tremulous, couldn, friend, sighed",27,"['maddiea', 'sama', 'karaa', 'clinic', 'answered', 'didn', 'tremulous', 'couldn', 'friend', 'sighed', 'wasn', 'sister', 'physician', 'rolled', 'results', 'unable', 'hugged', 'expression', 'smiled', 'knew', 'shamed', 'later', 'melted', 'released', 'wept', 'lost', 'wedged']",Emotional Support At Clinic,"She sat trembling in the clinic, her sister beside her, as they awaited the physician's results.","romance_core, relationship_conflict","setting:clinic, activity:awaiting_results",False,"The keywords 'clinic', 'tremulous', 'friend', 'sister', and 'results' indicate a medical setting with emotional tension. The snippets show a character awaiting news, supported by a sibling, which suggests emotional bonding and relationship conflict.",5.2,Friends & Social Circles,Social World Outside Couple,3.2,Negative Emotions & Distress,"Emotions, Cognition & Inner Life",high,False,none,None of the above,,NA,Not a narrative function,True,high,"The topic keywords and snippets do not relate to the heroine–hero relationship, focusing instead on the heroine's interactions with her friend Maddie and her own internal thoughts. The Stage 2 taxonomy groups it under 'Friends & Social Circles' and 'Negative Emotions & Distress', further emphasizing its peripheral role in the romance narrative."
54,"rang, dialed, message, texted, screen, picked, pocket, texting, checked, rings",27,"['rang', 'dialed', 'message', 'texted', 'screen', 'picked', 'pocket', 'texting', 'checked', 'rings', 'hung', 'buzzed', 'texts', 'ear', 'pulled', 'pulls', 'ringing', 'numbers', 'voicemail', 'called', 'sent', 'phonea', 'purse', 'tracking', 'picture', 'messages', 'app']",Phone Ringing And Answering,"The phone rings, and someone picks it up.","domestic_life, social_setting","setting:phone, activity:answering",False,"The top keywords 'rang', 'ringing', 'phone', and 'picked' indicate a repeated action of the phone ringing and being answered. The snippets confirm this action in different contexts, with 'mama' and '[NAME]' picking up the phone.",8.2,Public & Leisure Spaces,"Spaces, Time, Activities & Objects",,,,high,False,none,None of the above,,NA,Not a narrative function,True,high,"The topic keywords and representative snippets indicate that this topic is about phone calls, which is a background context and not directly related to the heroine–hero relationship. It does not belong to the 'Relationship Trajectory (Main Couple)' or 'Sexuality, Attraction & Intimacy' taxonomy groups, and it does not involve any emotional, sexual, or conflict-related content between the heroine and the hero."
55,"wants, want, knows, needs, need, hera, needed, teach, ita, likes",27,"['wants', 'want', 'knows', 'needs', 'need', 'hera', 'needed', 'teach', 'ita', 'likes', 'dona', 'think', 'thata', 'gratification', 'wantsa', 'cana', 'definitely', 'wanted', 'includes', 'doga', 'tell', 'gets', 'belong', 'possess', 'means', 'course', 'desires']",Dominatrix Session,"A dominatrix guides her client through a BDSM session, focusing on her desires and means of gratification.","sexual_content, domestic_life","setting:bedroom, activity:BDSM, sexual:dominatrix",False,"The top keywords 'dominatrix', 'gratification', 'means', and 'sexual' indicate a sexual scenario involving a dominatrix. The snippets confirm this, showing the client's desire to please the dominatrix and her control over the situation.",2.3,Explicit Sexual Acts,"Sexuality, Attraction & Intimacy",8.1,Domestic Spaces & Routines,"Spaces, Time, Activities & Objects",high,False,R12,Heroine responds sexually and emotionally,,III,Commitment & Restoration,False,high,"The topic's main category, 'Explicit Sexual Acts', directly corresponds to Radway's function R12, which involves explicit sexual and emotional union between the hero and heroine. The representative snippets also suggest a focus on the heroine's desires and the hero's willingness to fulfill them, which is a common theme in union scenes."
56,"sleep, asleep, slept, nap, hours, wake, night, woke, nighta, fall",27,"['sleep', 'asleep', 'slept', 'nap', 'hours', 'wake', 'night', 'woke', 'nighta', 'fall', 'lack', 'tired', 'nights', 'fallen', 'hour', 'couldna', 'insomnia', 'havena', 'need', 'sleepa', 'bed', 'middle', 'drifted', 'drift', 'exhausted', 'sleeps', 'cana']",Sleep Deprivation,"She tosses and turns, unable to find rest in the quiet bedroom.","romance_core, domestic_life","setting:bedroom, activity:sleeping",False,"The top keywords 'sleep', 'asleep', 'nap', 'hours', and 'night' indicate a focus on sleep. The snippets describe struggles with sleep, such as 'it was the sweetest sleep i ever had' and 'i never sleep this late'. This topic represents a common experience in romantic fiction, where characters' sleep patterns are affected by stress or emotional turmoil.",3.2,Negative Emotions & Distress,"Emotions, Cognition & Inner Life",,,,high,False,none,None of the above,,NA,Not a narrative function,True,high,"The topic lacks keywords, label, or scene summary, and it's not categorized under romance_core or any main couple relationship trajectory. It's about sleep, which is a background context, not a central part of the heroine–hero relationship arc."
57,"shower, bathroom, bath, tub, toilet, bathtub, showers, restroom, showering, showered",27,"['shower', 'bathroom', 'bath', 'tub', 'toilet', 'bathtub', 'showers', 'restroom', 'showering', 'showered', 'spray', 'stall', 'quick', 'showerhead', 'toilets', 'towel', 'use', 'jacuzzi', 'walk', 'bathrooms', 'running', 'turn', 'robe', 'clothes', 'need', 'washing', 'suite']",Shower Hygiene,"The couple heads into the bathroom, with one of them taking a shower.","domestic_life, physical_affection","setting:bathroom, activity:showering",False,"The top keywords 'shower', 'bathroom', and 'bathtub' indicate a scene centered around showering. The snippets confirm this, with characters either taking a shower or preparing to do so.",8.1,Domestic Spaces & Routines,"Spaces, Time, Activities & Objects",,,,high,False,none,None of the above,,NA,Not a narrative function,True,high,"The topic is about daily routines and activities, specifically showering, which is not a narrative function in the heroine–hero romance arc."
58,"look, youa, stunning, seen, attractive, sweeter, breathtakingly, absolutely, utterly, looks",27,"['look', 'youa', 'stunning', 'seen', 'attractive', 'sweeter', 'breathtakingly', 'absolutely', 'utterly', 'looks', 'theya', 'ita', 'spectator', 'sweetness', 'ly', 'talented', 'think', 'wonderful', 'thing', 'aesthetic', 'beautifula', 'elegance', 'extravagant', 'thank', 'goofy', 'outfit', 'incredibly']",Compliments And Flirting,She receives compliments about her appearance from him.,"romance_core, physical_affection","setting:public, activity:flirting",False,"The top keywords 'stunning', 'attractive', 'sweet', and 'wonderful' indicate admiration and attraction. The snippets show a man complimenting a woman, suggesting a romantic or flirtatious scene.",2.1,Attraction & Sexual Tension,"Sexuality, Attraction & Intimacy",,,,high,False,R4,Heroine interprets hero's behaviour as purely sexual interest,,I,Initial Conflict & Isolation,False,high,"The topic's keywords and representative snippets ('you look good', 'you look beautiful', 'you'll look hot') indicate early attraction and flirtation, which is typical of Phase I in the romance arc. The heroine interprets the hero's behaviour as purely sexual interest, fitting Radway's function R4."
60,"bossa, ceos, employee, bosses, board, company, manager, job, hea, youa",27,"['bossa', 'ceos', 'employee', 'bosses', 'board', 'company', 'manager', 'job', 'hea', 'youa', 'chief', 'rule', 'technically', 'appoint', 'work', 'secretary', 'national', 'paints', 'position', 'role', 'appointed', 'employees', 'operations', 'leader', 'dictator', 'bossman', 'description']",Boss's Boss Interaction,The employee interacts with their boss's boss in a professional setting.,"work_or_school, relationship_conflict","setting:office, activity:discussion",False,"The top keywords 'ceos', 'employee', 'bosses', 'board', 'company' indicate a business context. The snippets mention interactions with the boss's boss, suggesting a professional relationship dynamic. The label and scene summary reflect this, with primary categories of 'work_or_school' and 'relationship_conflict'.",6.1,Hero's Elite Work & Business World,"Work, Wealth, Status & Institutions",,,,high,False,none,None of the above,,NA,Not a narrative function,True,high,"The topic keywords and representative snippets focus on work hierarchy and professional relationships, not the heroine–hero romance arc. The Stage 2 taxonomy confirms this, placing the topic under 'Hero's Elite Work & Business World'."
69,"hurts, guilt, painful, hurting, experiencing, painkillers, guilty, injury, agony, inflict",27,"['hurts', 'guilt', 'painful', 'hurting', 'experiencing', 'painkillers', 'guilty', 'injury', 'agony', 'inflict', 'caused', 'ache', 'physical', 'gut', 'pierced', 'wona', 'feeling', 'cana', 'pricks', 'pleasure', 'hits', 'dulled', 'ached', 'helps', 'alive', 'slices', 'palpable']",Painful Emotional Burden,She struggles with the emotional pain and guilt that weigh heavily on her heart.,"romance_core, relationship_conflict","setting:mind, activity:struggling",False,"The top keywords 'hurts', 'guilt', 'painful', and 'injury' indicate emotional distress. The snippets confirm this, with phrases like 'it fucking hurts' and 'this hurts'. The lack of explicit sexual terms and the focus on emotional pain lead to a non-sexual label and romance-focused categories.",3.2,Negative Emotions & Distress,"Emotions, Cognition & Inner Life",,,,high,False,R1,Heroine's social identity is destroyed,,I,Initial Conflict & Isolation,False,high,"The topic's representative snippets repeatedly express pain and distress, indicating a major blow to the heroine's emotional state, which is characteristic of Radway's R1 function. The lack of keywords, label, or scene summary, and the absence of romance_core or relevant taxonomy groups further support this interpretation."
72,"natea, hockey, game, bankers, router, weirdly, corporate, general, famously, teama",27,"['natea', 'hockey', 'game', 'bankers', 'router', 'weirdly', 'corporate', 'general', 'famously', 'teama', 'offer', 'box', 'says', 'division', 'jinxing', 'checkpoint', 'ignores', 'travel', 'furthera', 'stunned', 'player', 'whisking', 'manager', 'offs', 'ibits', 'humor', 'gulfstream']",Hockey Game Action,"The couple watches a hockey game together, cheering for their team.","romance_core, social_setting","setting:sports_event, activity:cheering",False,"The top keyword 'hockey' and the snippet '[NAME] a good guy.' indicate a shared interest in hockey. The snippets '[NAME] assistant must be in.' and 'but i donât let go of [NAME] hand.' suggest they are watching the game together, supporting the label 'Hockey Game Action'.",8.2,Public & Leisure Spaces,"Spaces, Time, Activities & Objects",,,,high,False,none,None of the above,,NA,Not a narrative function,True,high,"The topic lacks romance-specific keywords, has no label or scene summary, and falls under 'Public & Leisure Spaces', which typically doesn't drive the heroine-hero narrative."
79,"daisya, rule, replies, grandmother, whispers, says, remya, needs, cries, freezes",27,"['daisya', 'rule', 'replies', 'grandmother', 'whispers', 'says', 'remya', 'needs', 'cries', 'freezes', 'staring', 'puts', 'wide', 'makes', 'asks', 'saucers', 'kansas', 'dicka', 'moment', 'passes', 'personality', 'swallows', 'appears', 'mutters', 'chairs', 'awesome', 'shrieks']",Grandmother's Tears,"The grandmother cries wide-eyed, muttering to herself in the kitchen chairs.","romance_core, domestic_life","setting:kitchen, activity:crying",False,"The top keywords 'grandmother', 'cries', 'wide', 'saucers', and 'moment' all point to a scene involving the grandmother crying. The snippets confirm this, with 'daisyâs not in the house.', 'daisyâ[NAME]youâre an idiot.', and 'but daisyâs eyes are still on me.' all describing the grandmother's emotional state.",5.1,Family & Kinship,Social World Outside Couple,,,,high,False,none,None of the above,,NA,Not a narrative function,True,high,"The topic keywords and representative snippets do not contain any direct references to the heroine or hero, their relationship, or any narrative events involving them. The Stage 2 taxonomy classification of 'Family & Kinship (Social World Outside Couple)' further supports that this topic is not a central part of the heroine–hero romance arc."
81,"parents, children, kids, families, familya, aunts, uncles, parentsa, theya, grow",27,"['parents', 'children', 'kids', 'families', 'familya', 'aunts', 'uncles', 'parentsa', 'theya', 'grow', 'member', 'want', 'parent', 'raise', 'parenting', 'adopt', 'inherit', 'traditional', 'cousins', 'important', 'conceive', 'dona', 'stability', 'someday', 'raising', 'dada', 'relatives']",Family Discussion Around Table,"The family sits around the table, discussing their wants and needs.","domestic_life, relationship_conflict","setting:kitchen, activity:discussion",False,"The top keywords 'parents', 'children', 'kids', 'families', and 'want' indicate a family discussion. The snippets 'your parents?', 'what about your parents?', and 'my parents.' confirm this, showing the topic revolves around family conversations.",5.1,Family & Kinship,Social World Outside Couple,,,,high,False,none,None of the above,,NA,Not a narrative function,True,high,"The topic keywords and representative snippets focus on parents, indicating a topic about family and kinship, which is not a central narrative function in the heroine–hero romance arc."
83,"goats, dogs, animal, puppies, animals, sheep, pet, lion, pets, hound",27,"['goats', 'dogs', 'animal', 'puppies', 'animals', 'sheep', 'pet', 'lion', 'pets', 'hound', 'herd', 'videos', 'doga', 'shepherd', 'retriever', 'barking', 'bulldog', 'tail', 'remove', 'sing', 'labrador', 'pit', 'pigs', 'german', 'paws', 'lamb', 'submissive']",Animal Farm Visit,"The couple visits a farm filled with goats, dogs, and other animals.","domestic_life, social_setting","setting:farm, activity:visiting_animals",False,"The top keywords 'goats', 'dogs', 'animal', and 'pets' indicate a focus on animals. The snippets mention visiting and interacting with these animals, suggesting a scene at an animal farm.",8.2,Public & Leisure Spaces,"Spaces, Time, Activities & Objects",,,,high,False,none,None of the above,,NA,Not a narrative function,True,high,"The topic keywords and representative snippets focus on goats and related humor, with no direct connection to the heroine–hero relationship or romance arc. The main taxonomy category 'Public & Leisure Spaces' further supports this, as it indicates a background setting rather than a central narrative function."
85,"did, tried, thought, try, trya, course, dida, really, wona, hoped",27,"['did', 'tried', 'thought', 'try', 'trya', 'course', 'dida', 'really', 'wona', 'hoped', 'honest', 'finalists', 'snatchers', 'soldiered', 'think', 'victories', 'brigham', 'yesss', 'somebody', 'convert', 'famished', 'glorified', 'maybe', 'wimp', 'orchestrated', 'best', 'doing']",Pride In Accomplishments,She proudly reflects on her achievements.,"romance_core, domestic_life","setting:home, activity:reflecting",False,"The top keyword 'course' and the snippets 'i did it.', 'i did all that.', and 'i did amount to something.' indicate a character reflecting on their accomplishments, supporting the label 'Pride In Accomplishments'. The use of 'home' in the snippets justifies the 'setting:home' secondary category.",3.1,Positive Emotions & Security,"Emotions, Cognition & Inner Life",,,,high,False,R13,Heroine's identity is restored,,III,Commitment & Restoration,False,high,"The topic's keywords and representative snippets ('i did it.', 'i did all that.', 'i did amount to something.') suggest a sense of accomplishment and self-worth, which aligns with the heroine's identity restoration in Phase III of Radway's narrative functions."
86,"york, rent, lease, city, rental, pay, live, monthly, renting, montha",27,"['york', 'rent', 'lease', 'city', 'rental', 'pay', 'live', 'monthly', 'renting', 'montha', 'landlord', 'week', 'orleans', 'yorker', 'moved', 'chicago', 'space', 'moving', 'lived', 'paying', 'month', 'place', 'credit', 'midtown', 'established', 'nyc', 'angeles']",City Apartment Lease Negotiation,"The couple sits around a table in their New York City rental, discussing the terms of their lease with their landlord.","domestic_life, work_or_school","setting:city, setting:apartment, activity:negotiating",False,"The top keywords 'rent', 'lease', 'city', 'monthly', and 'landlord' indicate a focus on apartment leasing. The snippets confirm this, showing conversations about New York City rentals and lease terms.",6.4,"Money, Housing & Economic Security","Work, Wealth, Status & Institutions",8.1,Domestic Spaces & Routines,"Spaces, Time, Activities & Objects",high,False,none,None of the above,,NA,Not a narrative function,True,high,"The topic keywords and representative snippets focus on the location 'New York', which is a setting rather than a narrative function in the heroine–hero romance arc. It does not primarily realise any of Radway's 13 functions."
87,"leave, leaving, walk, left, need, leta, run, needed, fleeing, unscathed",27,"['leave', 'leaving', 'walk', 'left', 'need', 'leta', 'run', 'needed', 'fleeing', 'unscathed', 'turn', 'escape', 'caveman', 'running', 'solve', 'just', 'league', 'noa', 'getting', 'unfulfilled', 'outlast', 'dole', 'reiterated', 'unsolicited', 'detectives', 'cana', 'inner']",Unclear Relationship Feelings,The couple argues about their relationship status in the kitchen.,"romance_core, relationship_conflict","setting:kitchen, activity:arguing",False,"The keywords 'unsolicited', 'unmade', and 'relationship' suggest an unresolved relationship issue. The snippets show a couple discussing their feelings, supporting the label and categories.",4.4,"Conflict, Distance & Breakup Threats",Relationship Trajectory (Main Couple),,,,high,False,R7,Hero and heroine are physically or emotionally separated,,I,Initial Conflict & Isolation,False,high,"The topic's representative snippets ('you should leave.', 'leave them.', 'after we leave.') all suggest a separation or breakup threat, fitting Radway's R7 function of physical or emotional separation."
90,"hospital, surgeon, surgery, doctors, trauma, doctora, medical, appointment, er, clinic",27,"['hospital', 'surgeon', 'surgery', 'doctors', 'trauma', 'doctora', 'medical', 'appointment', 'er', 'clinic', 'operating', 'specialist', 'patients', 'hospitals', 'nurses', 'tests', 'attending', 'anesthesiologist', 'visit', 'spoke', 'personnel', 'paged', 'physician', 'consult', 'room', 'results', 'scrubs']",Medical Appointment At Hospital,"The couple finds themselves in the hospital, discussing their medical appointment.","domestic_life, social_setting","setting:hospital, activity:discussion",False,"The top keywords 'hospital', 'appointment', and 'medical' indicate a medical setting. The snippets confirm this, with 'in the hospital' and 'i see it all the time at the hospital' suggesting a scene at a hospital. The label 'Medical Appointment At Hospital' reflects this, and the primary categories 'domestic_life' and 'social_setting' are chosen because the scene involves a couple discussing their medical appointment, which is a part of their daily life and occurs in a social setting.",6.5,"Law, Medicine, Education & Formal Institutions","Work, Wealth, Status & Institutions",,,,high,False,none,None of the above,,NA,Not a narrative function,True,high,"The topic keywords and representative snippets indicate that this topic is about the heroine's work environment, specifically a hospital. It does not primarily realise any of Radway's 13 functions in the heroine–hero romance arc."
92,"furniture, fireplace, ceiling, windows, chairs, floors, wood, walls, floor, ceilings",27,"['furniture', 'fireplace', 'ceiling', 'windows', 'chairs', 'floors', 'wood', 'walls', 'floor', 'ceilings', 'leather', 'rugs', 'room', 'decorated', 'marble', 'balcony', 'castle', 'huge', 'modern', 'large', 'sofa', 'rooms', 'area', 'chandelier', 'plush', 'couches', 'mansion']",Luxury Hotel Suite,"The couple explores a lavish hotel suite, admiring the beige furniture, brown wood tables, and floor-to-ceiling windows.","domestic_life, social_setting","setting:hotel_suite, activity:exploring",False,"The top keywords 'furniture', 'fireplace', 'ceiling', 'windows', and 'chairs' describe the interior of a hotel suite. The snippets confirm this, mentioning details like 'matching beige furniture', 'floor-to-ceiling windows', and 'hunter-green' paint. The label and categories reflect this setting and the activity of exploring it.",8.1,Domestic Spaces & Routines,"Spaces, Time, Activities & Objects",,,,high,False,none,None of the above,,NA,Not a narrative function,True,high,"The topic focuses on describing physical spaces and furniture, which is background context for the romance narrative. It does not directly involve the heroine–hero relationship or their emotional journey."
98,"dantea, engagement, pudding, glinted, granite, excused, growled, parents, assault, warning",27,"['dantea', 'engagement', 'pudding', 'glinted', 'granite', 'excused', 'growled', 'parents', 'assault', 'warning', 'europe', 'conversation', 'ugliest', 'engaged', 'shut', 'kaia', 'di', 'discussed', 'pickles', 'fianca', 'woulda', 'hadna', 'shards', 'touched', 'topic', 'musta', 'arranged']",Parental Warning About Engagement,"Dante's parents warn him about his engagement, expressing their concerns.","relationship_conflict, domestic_life","setting:home, activity:warning",False,The top keyword 'engagement' and the snippets mentioning 'Dante's parents' and 'warning' indicate a scene where parents are expressing their concerns about their son's engagement.,5.1,Family & Kinship,Social World Outside Couple,4.3,"Secrets, Misunderstandings & Hidden Information",Relationship Trajectory (Main Couple),high,False,none,None of the above,,NA,Not a narrative function,True,high,"The topic keywords and representative snippets focus on characters outside the main couple (Dante's mother, his butler), and the main taxonomy category is 'Family & Kinship (Social World Outside Couple)', indicating that this topic does not primarily realise any of Radway's 13 functions in the heroine–hero romance arc."
101,"gretchena, bronta, library, letter, letters, kleenex, headed, writer, gave, racked",27,"['gretchena', 'bronta', 'library', 'letter', 'letters', 'kleenex', 'headed', 'writer', 'gave', 'racked', 'sister', 'cheerfully', 'sighed', 'began', 'comebacks', 'acerbic', 'widened', 'bit', 'pert', 'tragic', 'raised', 'vibrant', 'likes', 'greenhouse', 'frowned', 'weeping', 'unable']",Sister's Tragic Letters,The writer reads his sister's tragic letters in the library.,"romance_core, relationship_conflict","setting:library, activity:reading",False,"The top keywords 'library', 'letters', and 'sister' indicate a scene centered around reading letters. The keyword 'tragic' suggests emotional content, leading to the 'romance_core' and 'relationship_conflict' primary categories. The scene summary reflects the most typical scenario implied by the keywords and snippets.",5.1,Family & Kinship,Social World Outside Couple,,,,high,False,none,None of the above,,NA,Not a narrative function,True,high,"The topic has no keywords, label, or scene summary, and it's not assigned any primary or secondary categories. It's not part of the 'Relationship Trajectory (Main Couple)' or 'Sexuality, Attraction & Intimacy' taxonomy groups, so it doesn't primarily realise any of Radway's 13 functions in the heroine–hero romance arc."
102,"hair, strands, brushes, grip, strand, handful, hand, runs, threads, gently",27,"['hair', 'strands', 'brushes', 'grip', 'strand', 'handful', 'hand', 'runs', 'threads', 'gently', 'tugs', 'strokes', 'run', 'drags', 'grabs', 'tangled', 'pushes', 'threading', 'ran', 'gripping', 'lock', 'pulling', 'locks', 'threaded', 'tightening', 'forehead', 'gripped']",Hair Tugging During game,"He grips her hair, tugging gently as they kiss passionately.","sexual_content, romance_core","setting:bedroom, activity:kissing, sexual:hair_pulling",False,"The top keywords 'hair', 'strands', 'grip', and 'tugs' along with the snippets showing hair being grabbed during intimate moments support the label and categories.",2.3,Explicit Sexual Acts,"Sexuality, Attraction & Intimacy",,,,high,False,R12,Heroine responds sexually and emotionally,,III,Commitment & Restoration,False,high,"The topic's main category of 'Explicit Sexual Acts' directly corresponds to Radway's function R12, which involves explicit sexual and emotional union between the hero and heroine. The representative snippets, such as 'his hands were in my hair again, and his lips were on mine', clearly depict a sexual encounter, making R12 the most fitting function."
103,"nude, nudes, seen, completely, nakedness, standing, stark, gloriously, wet, half",27,"['nude', 'nudes', 'seen', 'completely', 'nakedness', 'standing', 'stark', 'gloriously', 'wet', 'half', 'lying', 'alleged', 'underneath', 'bed', 'tub', 'prefer', 'conveniently', 'youa', 'body', 'clothes', 'sheet', 'fully', 'adama', 'display', 'blush', 'practically', 'desperate']",Nude Bed Scene,"She stands naked in the bedroom, her body glistening with sweat.","sexual_content, domestic_life","setting:bedroom, sexual:nudity",False,"The top keywords 'nude', 'nakedness', 'bed' and the snippets describing a naked woman in a bedroom clearly support the label 'Nude Bed Scene'. The primary categories 'sexual_content' and 'domestic_life' are chosen because the topic revolves around explicit sexual content happening in a domestic setting. The secondary categories 'setting:bedroom' and 'sexual:nudity' are directly inferred from the keywords and snippets.",2.3,Explicit Sexual Acts,"Sexuality, Attraction & Intimacy",8.1,Domestic Spaces & Routines,"Spaces, Time, Activities & Objects",high,False,R12,Heroine responds sexually and emotionally,,III,Commitment & Restoration,False,high,"The topic's keywords and representative snippets ('nude', 'pleasure-filled nude', 'beautiful nude body') explicitly describe sexual acts and the heroine's body, indicating a union scene (R12). The main taxonomy category 'Explicit Sexual Acts' further supports this. There's no indication of early attraction or conflict, making R4 less suitable."
109,"wealthy, richest, millionaire, eligible, billionairea, wealthiest, wealth, worlda, billion, world",27,"['wealthy', 'richest', 'millionaire', 'eligible', 'billionairea', 'wealthiest', 'wealth', 'worlda', 'billion', 'world', 'businessman', 'male', 'dollar', 'net', 'envied', 'bachelor', 'businessmen', 'article', 'spoiled', 'lifestyle', 'folks', 'cocky', 'planet', 'royalty', 'leslienorthbooks', 'overachieving', 'lifestyles']",Wealthy Businessman's Lifestyle,The wealthy businessman discusses business deals over dinner at an upscale restaurant.,"social_setting, romance_core","setting:restaurant, activity:discussing_business",False,"The top keywords 'wealthy', 'businessman', and 'world' indicate a focus on the businessman's lifestyle. The snippets mention dinner and business discussions, supporting the 'social_setting' and 'romance_core' categories.",6.1,Hero's Elite Work & Business World,"Work, Wealth, Status & Institutions",,,,high,False,none,None of the above,,NA,Not a narrative function,True,high,"The topic keywords and representative snippets focus on wealth and status, which are not central to the heroine–hero relationship arc. They do not primarily realise any of Radway's 13 functions."
112,"rain, winter, wet, raining, chilly, icy, snowing, rained, flakes, freezing",27,"['rain', 'winter', 'wet', 'raining', 'chilly', 'icy', 'snowing', 'rained', 'flakes', 'freezing', 'colder', 'glacier', 'weather', 'outside', 'sky', 'snowy', 'rainstorm', 'skies', 'wind', 'air', 'rains', 'soaked', 'umbrella', 'temperature', 'snowflakes', 'sheets', 'wetter']",Snowy Winter Walk,"The couple walks through the snowy streets, flakes falling around them.","romance_core, domestic_life","setting:outdoors, activity:walking",False,"The top keywords 'rain', 'winter', 'snowy', 'flakes' indicate a snowy setting. The snippets like 'make it rain' and '[NAME] i ask' suggest a couple engaged in an activity together, likely walking given no other specific actions are mentioned.",8.2,Public & Leisure Spaces,"Spaces, Time, Activities & Objects",,,,high,False,none,None of the above,,NA,Not a narrative function,True,high,"The topic keywords and representative snippets ('rain.', 'make it rain.', 'the [NAME] i ask.') do not contain any direct references to the heroine, hero, or their relationship. The main taxonomy category 'Public & Leisure Spaces' further supports this, as it indicates the topic is about general environments or activities, not the core romance narrative."
118,"holta, donovana, doesna, zullya, addressing, lets, publicity, finds, knows, forthcoming",27,"['holta', 'donovana', 'doesna', 'zullya', 'addressing', 'lets', 'publicity', 'finds', 'knows', 'forthcoming', 'horsea', 'gives', 'deal', 'turns', 'escorting', 'coaching', 'michaela', 'hea', 'presumably', 'position', 'impression', 'steelea', 'realize', 'isna', 'rarely', 'board', 'antics']",Boardroom Negotiation,"The couple sits across from each other at a boardroom table, discussing a business deal.","romance_core, work_or_school","setting:boardroom, activity:negotiating",False,"The top keywords 'board', 'deal', and 'position' indicate a business negotiation setting. The snippets confirm this, with 'Holtâs arm' referring to a position at the board and '[NAME] recalls the first time he met holtâs father, [NAME].', suggesting a business or work context.",6.1,Hero's Elite Work & Business World,"Work, Wealth, Status & Institutions",,,,high,False,none,None of the above,,NA,Not a narrative function,True,high,"The topic keywords and representative snippets focus on the hero's work and family background, which is peripheral to the heroine–hero relationship. It does not primarily realise any of Radway's 13 functions."
124,"viviana, shallowed, ante, returned, engagement, stunt, instances, cheeks, ex, flushed",27,"['viviana', 'shallowed', 'ante', 'returned', 'engagement', 'stunt', 'instances', 'cheeks', 'ex', 'flushed', 'tensed', 'parents', 'surprise', 'figuratively', 'wouldna', 'weakness', 'fianca', 'surfaced', 'relationship', 'mention', 'didna', 'th', 'interruption', 'soft', 'originally', 'fathera', 'followed']",Engagement Surprise,"The couple's parents, surprised, learn about their engagement.","relationship_conflict, domestic_life","setting:home, activity:argument",False,"The top keyword 'engagement' indicates a significant relationship event. The keywords 'parents', 'surprise', and 'ex' suggest a scene involving family reaction. Snippets like 'vivianâs voice rose to match mine' and 'vivianâs gone' imply an argumentative scene at home.",5.1,Family & Kinship,Social World Outside Couple,,,,high,False,none,None of the above,,NA,Not a narrative function,True,high,"The topic is about the heroine's parents and does not directly involve the heroine-hero relationship, making it background context rather than a narrative function in the romance arc."
133,"nipple, nipples, breasts, breast, cups, pinches, sucking, thumbs, tongue, thumb",27,"['nipple', 'nipples', 'breasts', 'breast', 'cups', 'pinches', 'sucking', 'thumbs', 'tongue', 'thumb', 'mouth', 'hardened', 'pinching', 'teeth', 'releases', 'brushing', 'gasp', 'bends', 'pinched', 'squeezing', 'kneading', 'erect', 'moves', 'suck', 'hand', 'cupping', 'harden']",Breast And Nipple Play,He teases her nipples with his thumbs and tongue.,"sexual_content, physical_affection","setting:bedroom, activity:nipple_play",False,"Top keywords include 'nipple', 'nipples', 'breasts', 'breast', 'thumbs', 'tongue', all indicating explicit physical intimacy. Snippets confirm this, describing actions like 'pinch my nipple' and 'bit my nipple, teasing it with his teeth and tongue'.",2.3,Explicit Sexual Acts,"Sexuality, Attraction & Intimacy",,,,high,False,R12,Heroine responds sexually and emotionally,,III,Commitment & Restoration,False,high,"The topic keywords and representative snippets explicitly describe sexual acts (biting, pinching nipples), which align with Radway's function R12 - Heroine responds sexually and emotionally. The main taxonomy category 'Explicit Sexual Acts' further supports this classification."
135,"sun, sky, beach, clouds, horizon, sand, ocean, sunset, orange, cloud",27,"['sun', 'sky', 'beach', 'clouds', 'horizon', 'sand', 'ocean', 'sunset', 'orange', 'cloud', 'suna', 'sea', 'breeze', 'light', 'stars', 'trees', 'setting', 'wind', 'glow', 'river', 'descent', 'rays', 'skies', 'impossibly', 'shining', 'crisp', 'reflecting']",Sunset Beach Walk,"The couple walks along the beach, watching the sun set over the ocean.","romance_core, domestic_life","setting:beach, activity:walking",False,"The keywords 'sun', 'sky', 'beach', 'ocean', and 'sunset' clearly indicate a beach scene at sunset. The snippets confirm this, with phrases like 'you're the sun' and 'the sun rose' suggesting a romantic context. The label 'Sunset Beach Walk' captures this scene, with 'romance_core' and 'domestic_life' as primary categories due to the emotional and shared activity aspects.",8.2,Public & Leisure Spaces,"Spaces, Time, Activities & Objects",,,,high,False,none,None of the above,,NA,Not a narrative function,True,high,"The topic keywords and representative snippets do not relate to the heroine–hero relationship or any of Radway's 13 functions. They are about the sun, which is a public and leisure space, fitting the main taxonomy category. Therefore, this topic is 'none of the above'."
138,"sailora, sailors, archery, promised, sparrowa, cards, tapes, arrows, broccoli, pact",27,"['sailora', 'sailors', 'archery', 'promised', 'sparrowa', 'cards', 'tapes', 'arrows', 'broccoli', 'pact', 'wit', 'olympics', 'bostona', 'huntera', 'lived', 'feisty', 'trainer', 'capable', 'charity', 'hhh', 'ship', 'picture', 'human', 'loan', 'regarding', 'class', 'husbanda']",Archery Practice,The couple practices archery together at a range.,"domestic_life, physical_affection","setting:archery_range, activity:archery",False,"The top keywords 'archery', 'sailors', and 'trainer' suggest a shared activity involving archery. The snippets mention 'âs eyes' and 'iâd ever seen', indicating a couple or two people together, supporting the 'physical_affection' category. The setting is clearly an archery range, as suggested by the keyword 'archery' and the snippet 'or was sheâ[NAME] sailorâs situation suddenly came into sharp relief'.",1.5,Exercise & Physical Activity,Embodied & Sensory Experience,,,,high,False,none,None of the above,,NA,Not a narrative function,True,high,"The topic keywords and representative snippets do not contain any elements related to the heroine–hero relationship, romance, or the heroine's personal growth. Instead, they focus on physical appearance and sensory experiences, which are not central to the heroine–hero narrative arc."
146,"bed, mattress, bedroom, sheets, covers, climb, lay, edge, blankets, pillow",27,"['bed', 'mattress', 'bedroom', 'sheets', 'covers', 'climb', 'lay', 'edge', 'blankets', 'pillow', 'blanket', 'legs', 'knees', 'comforter', 'climbed', 'sat', 'kneel', 'crawls', 'pull', 'arms', 'scoop', 'pulled', 'facing', 'snuggle', 'pajamas', 'crawled', 'crawl']",Bedtime Routine,"She gets into her own bed, turning right around after a long day.","domestic_life, romance_core","setting:bedroom, activity:bedtime",False,"The top keywords 'bed', 'mattress', 'bedroom', and 'sheets' indicate a scene centered around bedtime. The snippets confirm this, with phrases like 'her bed' and 'should turn right around and head back up to bed'. This topic describes a typical domestic scene in a romantic relationship, hence the primary categories of 'domestic_life' and 'romance_core'. The secondary categories of 'setting:bedroom' and 'activity:bedtime' further specify the location and action taking place.",8.1,Domestic Spaces & Routines,"Spaces, Time, Activities & Objects",,,,high,False,none,None of the above,,NA,Not a narrative function,True,high,"The topic is about the heroine's bed and sleep, which is a domestic space and routine but does not directly relate to the heroine–hero relationship or their narrative arc."
147,"luck, luckiest, perfection, perfectly, fortunate, fit, solution, unlucky, today, miracle",27,"['luck', 'luckiest', 'perfection', 'perfectly', 'fortunate', 'fit', 'solution', 'unlucky', 'today', 'miracle', 'consider', 'tricked', 'immaculate', 'guess', 'nonexistent', 'absolutely', 'freed', 'setup', 'blazer', 'overtime', 'incredibly', 'streak', 'ita', 'believe', 'thousands', 'place', 'scrunched']",Good Luck Wishes,Friends or family members wish someone good luck before an important event.,social_setting,"setting:group_of_people, activity:wishing_good_luck",False,"The top keywords 'luck', 'good luck', and 'today' indicate a scene centered around wishing someone good fortune. The snippets 'well, good luck.' and 'good luck with everything.' confirm this, showing people expressing their hopes for someone's success.",5.2,Friends & Social Circles,Social World Outside Couple,,,,high,False,none,None of the above,,NA,Not a narrative function,True,high,"The topic keywords and representative snippets ('good luck', 'well, good luck') suggest a general expression of well-wishing, not tied to any specific romantic narrative function. The Stage 2 taxonomy group 'Friends & Social Circles' further supports this, as it's about social interactions outside the main couple's relationship."
148,"merry, holiday, parties, holidays, yeara, partya, december, partying, presents, christmases",27,"['merry', 'holiday', 'parties', 'holidays', 'yeara', 'partya', 'december', 'partying', 'presents', 'christmases', 'celebration', 'gala', 'attend', 'towna', 'decorations', 'victorian', 'annual', 'music', 'partygoers', 'festive', 'early', 'handmade', 'ita', 'gifts', 'lights', 'complement', 'shopping']",Holiday Celebration,The couple enjoys a festive holiday party together.,"romance_core, social_setting","setting:party, activity:celebrating",False,"The top keywords 'holiday', 'parties', 'celebration', and 'presents' indicate a festive event. The snippets confirm this, mentioning holidays and celebrations, supporting the label 'Holiday Celebration'.",5.3,"Community, Norms & Social Events",Social World Outside Couple,,,,high,False,none,None of the above,,NA,Not a narrative function,True,high,"The topic keywords and representative snippets focus on general conversations about holidays, which is not directly related to the heroine–hero relationship or its narrative arc. It belongs to the 'Community, Norms & Social Events' category, further emphasizing its peripheral role in the romance narrative."
151,"leta, shall, suggested, leave, says, talk, walk, outside, trickle, technique",27,"['leta', 'shall', 'suggested', 'leave', 'says', 'talk', 'walk', 'outside', 'trickle', 'technique', 'deal', 'strategy', 'cool', 'auction', 'straight', 'just', 'handled', 'hypotheticals', 'wantina', 'training', 'suspend', 'aids', 'levvetora', 'say', 'lecturer', 'preconceived', 'tennessee']",Negotiating Business Deal,"The couple sits around a table, discussing strategies and terms for a business deal.","domestic_life, work_or_school","setting:table, activity:discussing",False,"The keywords 'deal', 'strategy', 'negotiating', and 'auction' indicate a business context. The snippets show characters discussing and making decisions, which supports the 'domestic_life' and 'work_or_school' categories.",6.1,Hero's Elite Work & Business World,"Work, Wealth, Status & Institutions",,,,high,False,none,None of the above,,NA,Not a narrative function,True,high,"The topic keywords and representative snippets ('leta's go') do not contain any romantic or relationship-related content, and the Stage 2 taxonomy places it in the 'Hero's Elite Work & Business World'. Therefore, this topic does not primarily realise any of Radway's 13 functions and is best classified as 'none of the above'."
154,"pregnancy, test, unplanned, weeks, months, fianca, birth, conception, injection, childbirth",27,"['pregnancy', 'test', 'unplanned', 'weeks', 'months', 'fianca', 'birth', 'conception', 'injection', 'childbirth', 'gyn', 'maternity', 'month', 'vitamins', 'lines', 'clause', 'class', 'immaculate', 'early', 'youa', 'unless', 'science', 'told', 'unlikely', 'guess', 'faking', 'percent']",Unexpected Pregnancy,"She realizes she's pregnant, grappling with the unplanned news.","relationship_conflict, domestic_life","setting:home, activity:realization",False,"Keywords 'pregnancy', 'unplanned', 'weeks', 'months' indicate an unexpected pregnancy. Snippets show characters grappling with this news, supporting 'relationship_conflict' and 'domestic_life'.",5.1,Family & Kinship,Social World Outside Couple,3.2,Negative Emotions & Distress,"Emotions, Cognition & Inner Life",high,False,none,None of the above,,NA,Not a narrative function,True,high,"This topic focuses on the heroine's pregnancy, which is a social world outside the couple's relationship, not directly related to the heroine–hero narrative arc. It does not primarily realise any of Radway's 13 functions."
160,"gasped, tears, panic, cheeks, stomach, tear, hips, winced, wiped, belly",27,"['gasped', 'tears', 'panic', 'cheeks', 'stomach', 'tear', 'hips', 'winced', 'wiped', 'belly', 'unshed', 'welled', 'shivers', 'sprang', 'filled', 'flowed', 'corners', 'brimmed', 'shiver', 'spine', 'tense', 'spilled', 'shocked', 'pricked', 'streamed', 'churned', 'burst']",Emotional Panic Attack,"She gasps repeatedly, tears streaming down her cheeks, as panic surges through her body.","romance_core, relationship_conflict","setting:bedroom, activity:gasping",False,"The keywords 'tears', 'panic', 'gasps', and 'cheeks' are repeated and supported by the snippets, indicating a scene of intense emotional distress. The label and scene_summary capture this specific moment, avoiding vagueness.",3.2,Negative Emotions & Distress,"Emotions, Cognition & Inner Life",,,,high,False,none,None of the above,,NA,Not a narrative function,True,high,"The topic's keywords and snippets ('she gasped', 'they both gasped') do not relate to any specific interaction between the heroine and hero, nor do they indicate any emotional state or action that would correspond to Radway's functions. They are merely expressions of surprise or shock, which could occur in any context, making 'none' the appropriate choice."
162,"skirt, dress, breasts, nipples, curves, fabric, wore, panties, lace, blouse",27,"['skirt', 'dress', 'breasts', 'nipples', 'curves', 'fabric', 'wore', 'panties', 'lace', 'blouse', 'hugged', 'thigh', 'waist', 'material', 'underwear', 'legs', 'shirt', 'sandals', 'cleavage', 'worn', 'straps', 'tight', 'fitted', 'heels', 'length', 'gown', 'curve']",Breast And Nipple Foreplay,"She teasingly caresses her breasts and nipples, her partner watching intently.","sexual_content, romance_core","setting:bedroom, activity:teasing",False,"The top keywords 'breasts', 'nipples', 'caress', and 'tease' are supported by snippets like 'her fingers caressed her nipples' and 'she teased him with her breasts'. This topic clearly describes a sexual scene with breast and nipple play as the central activity.",2.3,Explicit Sexual Acts,"Sexuality, Attraction & Intimacy",,,,high,False,R12,Heroine responds sexually and emotionally,,III,Commitment & Restoration,False,high,"The topic's main category of 'Explicit Sexual Acts' directly corresponds to Radway's function R12, which involves explicit sexual and emotional union between the hero and heroine. The representative snippets, focusing on the heroine's skirt and its description, suggest a scene of intimacy and sexual tension, fitting well into the commitment and restoration phase (Phase III) of the romance narrative."
163,"yoursa, youa, whata, redemption, contemporary, blur, favorite, covet, steal, tylera",27,"['yoursa', 'youa', 'whata', 'redemption', 'contemporary', 'blur', 'favorite', 'covet', 'steal', 'tylera', 'alleged', 'orgies', 'ridea', 'princely', 'inch', 'thata', 'steamroll', 'duckling', 'cries', 'braina', 'claim', 'thisa', 'normala', 'himselfa', 'duchess', 'fodder', 'eternally']",Redemption Pursuit,"He returns, determined to win her back, no matter what it takes.","romance_core, relationship_conflict","setting:city, activity:determined_pursuit",False,"Top keywords 'redemption', 'contemporary', 'back' indicate a romantic pursuit. Snippets confirm he's returning to win her, supporting 'romance_core' and 'relationship_conflict'. The phrase 'whatever it takes' suggests determination, fitting 'activity:determined_pursuit'.",4.5,"Reconciliation, Commitments & HEA",Relationship Trajectory (Main Couple),,,,high,False,R11,Hero declares love and demonstrates commitment,,III,Commitment & Restoration,False,high,"The topic's main_category of 'Reconciliation, Commitments & HEA' directly indicates that this topic typically enacts Radway's function R11, where the hero declares love and demonstrates commitment. The representative snippets, 'iâm back, and iâll do whatever it takes to make you mine â[NAME]â and 'iâm yoursâ[NAME] and you?' further emphasize the hero's commitment and declaration of love, solidifying R11 as the most fitting Radway function for this topic."
167,"orgasms, climax, rips, orgasmic, orgasmed, body, intense, wave, explodes, orgasma",27,"['orgasms', 'climax', 'rips', 'orgasmic', 'orgasmed', 'body', 'intense', 'wave', 'explodes', 'orgasma', 'pulses', 'pleasure', 'shuddering', 'waves', 'induced', 'pulsing', 'fireworks', 'brink', 'impending', 'rockets', 'orgasming', 'woozy', 'given', 'clench', 'dissolving', 'onslaught', 'freight']",Intense Orgasmic Waves,She experiences intense orgasmic waves throughout their passionate encounter.,"sexual_content, romance_core","setting:bedroom, sexual:waves_of_orgasm",False,"The top keywords 'orgasms', 'climax', 'orgasmic', 'waves' clearly indicate intense sexual experiences. The snippets confirm these orgasms are a central part of the scene, making 'Intense Orgasmic Waves' an appropriate label. The primary categories reflect the sexual and romantic nature of the topic, while the secondary categories specify the bedroom setting and the specific sexual act.",2.3,Explicit Sexual Acts,"Sexuality, Attraction & Intimacy",,,,high,False,R12,Heroine responds sexually and emotionally,,III,Commitment & Restoration,False,high,"The topic's main category is 'Explicit Sexual Acts', and the representative snippets explicitly mention orgasms, indicating a sexual union scene between the hero and heroine. This aligns with Radway's function R12, which combines erotic fulfillment and emotional acceptance."
173,"friendship, friend, buddies, benefits, friendships, acquaintances, wea, friendsa, slowlya, school",27,"['friendship', 'friend', 'buddies', 'benefits', 'friendships', 'acquaintances', 'wea', 'friendsa', 'slowlya', 'school', 'inseparable', 'best', 'freshman', 'symbol', 'high', 'lives', 'mutual', 'trust', 'theya', 'frienda', 'coworkersa', 'commonality', 'guess', 'exist', 'decade', 'remain', 'stayed']",Friendship Bonding,"The couple, inseparable since freshman year, shares laughter and stories in their dorm room.","romance_core, domestic_life","setting:dorm_room, activity:laughing_and_talking",False,"The top keyword 'friendship' and snippets mentioning 'brand-new friendship' and 'inseparable' indicate a strong bond between characters. The label 'Friendship Bonding' captures this, with the scene summary describing a typical interaction in their shared living space.",5.2,Friends & Social Circles,Social World Outside Couple,,,,high,False,none,None of the above,,NA,Not a narrative function,True,high,"The topic keywords and representative snippets indicate that this topic is about friendship, which is not a central element of the heroine–hero relationship arc. It belongs to the 'Friends & Social Circles' category, further emphasizing its peripheral role in the romance narrative."
177,"staying, command, strong, youa, cana, stays, willing, stayed, longer, cosmos",27,"['staying', 'command', 'strong', 'youa', 'cana', 'stays', 'willing', 'stayed', 'longer', 'cosmos', 'approves', 'want', 'place', 'situationa', 'enforcer', 'forwarda', 'remembera', 'sort', 'cobra', 'whirls', 'indefinitely', 'problematic', 'dinnertime', 'filming', 'preference', 'proceedings', 'oceanside']",Stubborn Resistance,"He refuses to back down, standing his ground in the face of her persistent requests.","relationship_conflict, domestic_life","setting:living_room, activity:arguing",False,"The keywords 'command', 'strong', 'willing', 'place', and 'enforcer' suggest a power struggle. The snippets indicate a repeated phrase ('youâre staying'), implying resistance or refusal, which fits the label 'Stubborn Resistance'. The setting is likely indoors ('place'), and the activity is arguing, as suggested by the keywords 'sort' and 'cobra' (possibly a metaphor for stubbornness).",4.4,"Conflict, Distance & Breakup Threats",Relationship Trajectory (Main Couple),,,,high,False,R7,Hero and heroine are physically or emotionally separated,,I,Initial Conflict & Isolation,False,high,"The topic keywords and representative snippets all revolve around the heroine's decision to stay with someone, which is a clear indication of a separation or breakup threat in the relationship trajectory of the main couple. This aligns with Radway's function R7, where the hero and heroine are physically or emotionally separated."
178,"happiness, happier, make, makes, satisfaction, happily, deserve, cheerful, tools, percent",27,"['happiness', 'happier', 'make', 'makes', 'satisfaction', 'happily', 'deserve', 'cheerful', 'tools', 'percent', 'endings', 'centre', 'want', 'outpouring', 'shouldna', 'deliriously', 'torrential', 'parameters', 'joys', 'dictator', 'facet', 'attitudes', 'proudest', 'victories', 'ohhhh', 'afters', 'disasters']",Pursuit Of Happiness,"The couple reflects on their journey together, finding happiness in each other's company.","romance_core, domestic_life","setting:home, activity:reflection",False,"The top keywords 'happiness', 'happier', and 'satisfaction' indicate a focus on emotional well-being. The snippets 'happiness.', 'and happiness.', and 'a chance to find my own happiness.' suggest a scene where the couple is reflecting on their shared happiness, supporting the label 'Pursuit Of Happiness'. The primary categories 'romance_core' and 'domestic_life' capture the emotional bonding and daily life aspects of the scene. The secondary categories 'setting:home' and 'activity:reflection' are directly supported by the keywords and snippets.",3.1,Positive Emotions & Security,"Emotions, Cognition & Inner Life",,,,high,False,R13,Heroine's identity is restored,,III,Commitment & Restoration,False,high,"The topic's focus on 'happiness' and 'finding my own happiness' suggests a resolution and fulfillment of the heroine's journey, indicating a restoration of her identity (R13). The positive emotions and security taxonomy further supports this interpretation."
182,"tough, umma, jerky, battle, dig, cheeks, theya, talk, getting, ita",27,"['tough', 'umma', 'jerky', 'battle', 'dig', 'cheeks', 'theya', 'talk', 'getting', 'ita', '', '', '', '', '', '', '', '', '', '', '', '', '', '', '', '', '']",Cheek Heating Conversation,"She blushes, her cheeks heating up as she discusses something personal with him.","romance_core, social_setting","setting:conversation, activity:discussing_personal",False,"The keyword 'cheeks' and the phrase 'cheeks heat' in the snippets indicate a blush response, suggesting an emotional or embarrassing conversation. The keyword 'tough' implies a challenging or serious topic being discussed.",3.1,Positive Emotions & Security,"Emotions, Cognition & Inner Life",,,,high,False,none,None of the above,,NA,Not a narrative function,True,high,"The topic contains no keywords, no label or scene summary, and no primary or secondary categories related to the heroine–hero relationship. The representative snippets are not related to the heroine or hero's actions or emotions, and do not fit any of Radway's functions."
187,"plan, plans, work, united, conditions, figure, suited, states, planning, bantered",27,"['plan', 'plans', 'work', 'united', 'conditions', 'figure', 'suited', 'states', 'planning', 'bantered', 'arena', 'natyaa', 'pledged', 'hardball', 'reconsidered', 'feasible', 'successor', 'action', 'ohhhh', 'bide', 'politicians', 'envision', 'ahhh', 'plural', 'earnestly', 'form', 'affecting']",Political Planning Session,"Politicians gather around a table, discussing feasible action plans and conditions.","domestic_life, work_or_school","setting:table, activity:planning",False,"The top keywords 'plan', 'plans', 'conditions', 'planning', and 'action' indicate a focus on strategic decision-making. The snippets confirm this, showing characters engaged in planning and discussing conditions.",6.1,Hero's Elite Work & Business World,"Work, Wealth, Status & Institutions",,,,high,False,none,None of the above,,NA,Not a narrative function,True,high,"The topic keywords and representative snippets do not contain any direct references to the heroine, hero, or their relationship. The Stage 2 taxonomy places the topic in the 'Hero's Elite Work & Business World', indicating a focus on the hero's work life rather than the romantic narrative."
191,"eddiea, wasn, onboarding, didn, couldn, blinked, mitchella, meeting, complied, karaoke",27,"['eddiea', 'wasn', 'onboarding', 'didn', 'couldn', 'blinked', 'mitchella', 'meeting', 'complied', 'karaoke', 'concluded', 'grinned', 'client', 'privately', 'remark', 'receiving', 'approved', 'unexpectedly', 'agreed', 'clapped', 'ear', 'shouldn', 'exclaimed', 'appreciate', 'orbiting', 'ddie', 'gamely']",Business Meeting With Client,"Eddie meets with a client in an office, discussing business and his role in the company.","romance_core, work_or_school","setting:office, activity:discussing_business",False,The top keyword 'meeting' and the snippets mentioning 'eddieâs role in the company' indicate a business meeting. The keyword 'client' and the office setting in the snippets support this label and categories.,6.1,Hero's Elite Work & Business World,"Work, Wealth, Status & Institutions",,,,high,False,none,None of the above,,NA,Not a narrative function,True,high,"The topic keywords and representative snippets focus on Eddie's professional life and status, with no direct reference to the heroine or the romantic relationship. The Stage 2 taxonomy also places it under 'Hero's Elite Work & Business World', further emphasizing its non-central role in the heroine-hero narrative arc."
193,"patricka, yells, dopey, friend, nervously, announces, nudging, presents, birthday, wasted",27,"['patricka', 'yells', 'dopey', 'friend', 'nervously', 'announces', 'nudging', 'presents', 'birthday', 'wasted', 'greet', 'instigating', 'shrugged', 'punched', 'dovey', 'lovey', 'shot', 'falls', 'wondered', 'asked', 'chasing', 'best', 'babes', 'trailed', 'visitorsa', 'antagonistic', 'chickenshit']",Birthday Surprise For Friend,She excitedly plans and executes a surprise birthday party for her friend.,"romance_core, social_setting","setting:party, activity:planning_surprise",False,"The top keyword 'birthday' indicates a central event, while 'surprise' and 'friend' suggest a social setting with emotional bonding. The snippets show planning and execution of this surprise, fitting the label and chosen categories.",5.2,Friends & Social Circles,Social World Outside Couple,,,,high,False,none,None of the above,,NA,Not a narrative function,True,high,"The topic focuses on a social interaction between the heroine and a friend named Patrick, with no direct involvement or interaction with the hero. It does not primarily realise any of Radway's 13 functions in the heroine–hero romance arc."
194,"authors, acknowledgments, authora, reviews, reading, purchase, series, thank, authorized, fiction",27,"['authors', 'acknowledgments', 'authora', 'reviews', 'reading', 'purchase', 'series', 'thank', 'authorized', 'fiction', 'novella', 'read', 'permission', 'writing', 'review', 'editors', 'write', 'mate', 'novel', 'electronic', 'publisher', 'pc', 'culture', 'supports', 'distributed', 'supporting', 'tweet']",Author Acknowledgment Section,The author thanks readers and acknowledges supporters in the acknowledgments section of their novel.,nonfiction_or_technical,"setting:novel, activity:thanking",True,"The top keywords 'acknowledgments', 'authors', and 'reviews' directly relate to the non-fiction aspects of publishing. The snippets confirm this, mentioning 'acknowledgments sections' and 'reading this book', indicating a meta-level discussion rather than a narrative scene.",noise,Noise / Technical / Paratext,Special,,,,high,True,none,None of the above,,NA,Not a narrative function,True,high,"The topic is about author acknowledgments and reviews, which are not central to the heroine–hero romance arc. It belongs to the 'noise' category and does not realise any of Radway's functions."
195,"spoke, asked, cartera, walked, reservation, blakea, noraa, smiled, pro, standards",27,"['spoke', 'asked', 'cartera', 'walked', 'reservation', 'blakea', 'noraa', 'smiled', 'pro', 'standards', 'talk', 'decision', 'selling', 'capitalizing', 'finale', 'looked', 'live', 'knows', 'gritted', 'discourage', 'tarnish', 'mcs', 'approached', 'breakthrough', 'recollection', 'knockout', 'hoot']",Business Deal Negotiation,"The couple, seated around a table, engages in intense negotiations over a business deal.","romance_core, domestic_life","setting:table, activity:negotiating",False,"The top keywords 'standards', 'decision', 'deal', 'room' suggest a business setting. The verb 'gritted' implies determination or tension, fitting a negotiation scene. Snippets like 'jamieson spoke' and 'the doctor spoke' indicate dialogue, likely part of the negotiation.",6.1,Hero's Elite Work & Business World,"Work, Wealth, Status & Institutions",,,,high,False,none,None of the above,,NA,Not a narrative function,True,high,"The topic keywords and representative snippets do not contain any direct references to the heroine, hero, or their relationship. The topic is about a business or work setting, with no clear connection to the romance narrative arc. Therefore, it does not primarily realise any of Radway's 13 functions and is best classified as 'none of the above'."
200,"sister, sistera, partnera, niece, daughter, older, disclosure, mask, members, sibling",27,"['sister', 'sistera', 'partnera', 'niece', 'daughter', 'older', 'disclosure', 'mask', 'members', 'sibling', 'friend', 'compare', 'dangerous', 'won', 'chinned', 'card', 'think', 'disarmingly', 'syringe', 'shouldna', 'non', 'geeky', 'best', 'moma', 'overachieving', 'genaa', 'constipated']",Siblings' Confusing Disclosure,A sister and her older sibling have a tense conversation about a hidden truth.,"relationship_conflict, domestic_life","setting:home, activity:arguing",False,"The keywords 'sister', 'niece', 'daughter', 'older', 'disclosure', and 'mask' suggest a family relationship with a hidden secret. The snippets confirm this, showing characters asking about or revealing something, indicating a conflictual scene.",5.1,Family & Kinship,Social World Outside Couple,,,,high,False,none,None of the above,,NA,Not a narrative function,True,high,"The topic keywords and representative snippets focus on family and kinship, specifically the heroine's sister. This topic does not primarily realise any of Radway's 13 functions in the heroine–hero romance arc, as it is about the social world outside the couple."
205,"fuckup, rule, horny, rules, hint, rest, half, job, world, maybe",27,"['fuckup', 'rule', 'horny', 'rules', 'hint', 'rest', 'half', 'job', 'world', 'maybe', 'just', '', '', '', '', '', '', '', '', '', '', '', '', '', '', '', '']",Rule-breaking Encounter,"She defies the rules, leading to a passionate encounter in the car.","romance_core, sexual_content","setting:car, activity:kissing, sexual:oral_sex",False,"The keywords 'rule', 'fuckup', and 'horny' suggest a rule-breaking scenario with sexual undertones. The snippets confirm this, showing a rule being broken ('rule #22: fuck.') and a sexual encounter ('the fuckup.').",2.3,Explicit Sexual Acts,"Sexuality, Attraction & Intimacy",4.2,"Bonding, Everyday Intimacy & Growth",Relationship Trajectory (Main Couple),high,False,R12,Heroine responds sexually and emotionally,,III,Commitment & Restoration,False,high,"The topic's main category of 'Explicit Sexual Acts' and the representative snippets ('rule #22: fuck.', 'the fuckup.') clearly indicate a sexual union scene, which is a key part of Phase III in Radway's narrative functions."
207,"scent, cologne, smell, smells, smelled, soap, musk, sandalwood, cedar, masculine",27,"['scent', 'cologne', 'smell', 'smells', 'smelled', 'soap', 'musk', 'sandalwood', 'cedar', 'masculine', 'earthy', 'aftershave', 'smelling', 'clean', 'whiff', 'edgy', 'male', 'leather', 'woodsy', 'fresh', 'inhaled', 'perfume', 'spicy', 'familiar', 'expensive', 'scents', 'delicious']",Scent-induced Arousal,"She closes her eyes, inhaling deeply, as his masculine scent fills her nostrils, igniting a wave of desire in the bedroom.","sexual_content, romance_core","setting:bedroom, activity:scent_smelling",False,"The top keywords 'scent', 'cologne', 'smell', and 'musky' indicate a focus on smell. The verb 'smelling' and adjective 'earthy' suggest an arousing effect. Snippets like 'i want to smell his scent forever' and 'hell, the scent of him is enough to turn me on' confirm that this topic revolves around scent-induced arousal.",2.1,Attraction & Sexual Tension,"Sexuality, Attraction & Intimacy",,,,high,False,R4,Heroine interprets hero's behaviour as purely sexual interest,,I,Initial Conflict & Isolation,False,high,"The topic revolves around the heroine's intense attraction to the hero's scent, which she finds intoxicating and arousing. This is a clear example of the heroine interpreting the hero's behaviour as purely sexual interest, fitting Radway's function R4."
208,"wants, wanted, want, badly, astonishingly, desperate, bluest, harem, alwaysa, empowering",27,"['wants', 'wanted', 'want', 'badly', 'astonishingly', 'desperate', 'bluest', 'harem', 'alwaysa', 'empowering', 'desperately', 'hima', 'explicit', 'brightest', 'wanting', 'depraved', 'correction', 'ruled', 'heavens', 'freely', 'leverage', 'anythinga', 'possess', 'owning', 'indulge', 'desired', 'reward']",Desperate Harem Offer,"She, desperate for his affection, offers herself to him in a harem-like setting.","romance_core, sexual_content","setting:harem, activity:offering",False,"The top keyword 'desperate' and snippets like 'he wants me as much as i want him' and 'i want him to do whatever the hell he wants with me' indicate a scene of intense desire and offering. The keyword 'harem' suggests a specific setting, and the presence of 'offer' in the POS cues confirms the central action.",2.3,Explicit Sexual Acts,"Sexuality, Attraction & Intimacy",,,,high,False,R12,Heroine responds sexually and emotionally,,III,Commitment & Restoration,False,high,"The topic's main category of 'Explicit Sexual Acts' directly corresponds to Radway's function R12, which involves explicit sexual and emotional union. The representative snippets ('he wants me as much as i want him', 'i want him to do whatever the hell he wants with me') further emphasize the sexual tension and desire, supporting the choice of R12."
212,"desk, screen, laptop, monitor, office, stare, papers, drawer, chair, paperweight",27,"['desk', 'screen', 'laptop', 'monitor', 'office', 'stare', 'papers', 'drawer', 'chair', 'paperweight', 'lean', 'seat', 'mahogany', 'shuffle', 'grab', 'turn', 'checkbook', 'powerpoint', 'remote', 'grabbing', 'folder', 'work', 'monitors', 'stared', 'pad', 'walk', 'tap']",Office Work At Desk,"She sits at her desk in the office, staring at her computer screen.","domestic_life, work_or_school","setting:office, activity:working",False,"The top keywords 'desk', 'screen', 'laptop', 'monitor', and 'office' indicate a work setting. The snippets show a consistent scene of sitting at a desk and looking at a screen, suggesting focused work.",6.3,Shared Workplaces & Professional Interaction,"Work, Wealth, Status & Institutions",,,,high,False,none,None of the above,,NA,Not a narrative function,True,high,"The topic is about a workplace setting and a desk, with no mention of the heroine or hero. It does not primarily realise any of Radway's 13 functions in the heroine–hero narrative arc."
213,"breath, hitches, breathes, deep, breathing, groans, sucked, throat, lungs, blew",27,"['breath', 'hitches', 'breathes', 'deep', 'breathing', 'groans', 'sucked', 'throat', 'lungs', 'blew', 'blows', 'ragged', 'shaky', 'noise', 'took', 'catches', 'breaths', 'moans', 'whimpers', 'coughed', 'exhale', 'gurgling', 'takes', 'heavily', 'exhales', 'inhales', 'shallow']",Deep Breaths During Emotional Moment,"She takes deep, ragged breaths to calm herself during an emotional conversation.","romance_core, relationship_conflict","setting:conversation, activity:emotional_talk",False,"The top keywords 'breath', 'hitches', 'deep', 'breathing', 'ragged' indicate a character taking deep breaths. The snippets show this happening during emotional moments, such as 'she sucks in a breath' and 'âoh, okay.â she sucks in a breath'. This suggests a scene where someone is trying to manage their emotions through their breathing.",3.2,Negative Emotions & Distress,"Emotions, Cognition & Inner Life",,,,high,False,none,None of the above,,NA,Not a narrative function,True,high,"The topic's keywords and representative snippets do not indicate any specific interaction or development between the heroine and hero. The topic focuses solely on the heroine's brief, isolated reaction, which does not drive the narrative of their relationship forward."
218,"pigeon, birds, duck, duckling, chirping, wings, speculate, pecking, crows, antics",27,"['pigeon', 'birds', 'duck', 'duckling', 'chirping', 'wings', 'speculate', 'pecking', 'crows', 'antics', 'feathers', 'lizards', 'squawking', 'carnivorous', 'vulture', 'flight', 'birdwatching', 'squawked', 'feeding', 'overhead', 'goose', 'feathered', 'rescue', 'mercenary', 'beings', 'flap', 'peacock']",Birdwatching In Park,"The couple sits on a bench in the park, watching birds and ducks.","romance_core, domestic_life","setting:park, activity:birdwatching",False,"The top keywords 'pigeon', 'birds', 'duckling', 'chirping', and 'wings' indicate a scene involving birds. The snippets mention a pigeon with a difficult past and someone asking if another is a pigeon, suggesting a conversation about birds. The label 'Birdwatching In Park' reflects this, and the scene summary captures the typical scene implied by the topic.",8.1,Domestic Spaces & Routines,"Spaces, Time, Activities & Objects",,,,high,False,none,None of the above,,NA,Not a narrative function,True,high,"The topic is about pigeons and their treatment, with no direct relation to the heroine–hero relationship. It doesn't fit any of Radway's functions and is more about a side character or a metaphor, not the main narrative arc."
219,"assignment, humans, course, actuality, picturea, enviable, did, par, fixture, represented",27,"['assignment', 'humans', 'course', 'actuality', 'picturea', 'enviable', 'did', 'par', 'fixture', 'represented', 'zing', 'principle', 'endearment', 'rig', 'outdoors', 'bravado', 'depended', 'extent', 'apparent', 'epic', 'palpable', 'thing', 'altogether', 'point', 'unknown', 'sort', 'counted']",Human Nature Reflection,She contemplates the complexities of human nature.,"romance_core, relationship_conflict","setting:thoughts, activity:reflecting",False,"The top keyword 'humans' and the repeated phrase 'that was the thing about humans' in the snippets indicate a topic focused on reflecting on human nature. The label and scene_summary capture this introspective scene, and the primary categories 'romance_core' and 'relationship_conflict' are chosen because this reflection is likely tied to her relationships and emotions, even if not explicitly stated.",3.4,"Beliefs, Values & Moral Reflection","Emotions, Cognition & Inner Life",,,,high,False,none,None of the above,,NA,Not a narrative function,True,high,"The topic lacks keywords, label, scene summary, and category signals, making it impossible to map to any Radway function. It appears to be a placeholder or an error in the data."
221,"shower, bathroom, bath, towel, restroom, toilet, showered, tub, towels, quick",27,"['shower', 'bathroom', 'bath', 'towel', 'restroom', 'toilet', 'showered', 'tub', 'towels', 'quick', 'showers', 'washed', 'headed', 'wash', 'bathed', 'soaking', 'wrapped', 'climbed', 'clinic', 'bathtub', 'shampoo', 'soak', 'womena', 'flushed', 'robe', 'clad', 'shuts']",Quick Shower Hygiene,She leads her into the bathroom and turns on the hot water for a quick shower.,"domestic_life, physical_affection","setting:bathroom, activity:showering",False,"The top keywords 'shower', 'bathroom', 'towel', and 'quick' indicate a scene focused on showering. The snippets confirm this, showing characters leading each other into the bathroom and turning on the water for a shower.",8.1,Domestic Spaces & Routines,"Spaces, Time, Activities & Objects",,,,high,False,none,None of the above,,NA,Not a narrative function,True,high,"The topic is about showering, a domestic activity, and does not directly relate to the heroine–hero relationship or narrative arc. It is not one of Radway's 13 functions."
223,"wea, work, need, talked, presentation, whatevera, talk, discuss, adults, handle",27,"['wea', 'work', 'need', 'talked', 'presentation', 'whatevera', 'talk', 'discuss', 'adults', 'handle', 'expectations', 'undies', 'guggenheim', 'def', 'research', 'awe', 'definitely', 'constructing', 'niche', 'says', 'school', 'nuances', 'iota', 'plansa', 'things', 'achieving', 'hopefully']",Work-related Presentation,The couple discusses work and expectations in the office before the presentation.,"romance_core, domestic_life","setting:office, activity:discussing",False,"The top keywords 'work', 'presentation', 'adults', and 'expectations' indicate a professional context. The snippets show a couple discussing and reassuring each other about the presentation, suggesting a romantic support dynamic.",6.1,Hero's Elite Work & Business World,"Work, Wealth, Status & Institutions",,,,high,False,none,None of the above,,NA,Not a narrative function,True,high,"The topic keywords and representative snippets ('weâll make it work.', 'weâll have to work on that.') suggest a focus on problem-solving or determination, but they do not relate to the heroine–hero relationship or any of Radway's 13 functions. The Stage 2 taxonomy group 'Hero's Elite Work & Business World' further supports this, as it's about the hero's work and business, not the romance arc."
231,"sweat, beads, sweating, trickles, sweaty, palms, bead, forehead, skin, spine",27,"['sweat', 'beads', 'sweating', 'trickles', 'sweaty', 'palms', 'bead', 'forehead', 'skin', 'spine', 'sheen', 'slides', 'starting', 'drenched', 'wipe', 'temple', 'begin', 'temples', 'flushed', 'trickle', 'perspiration', 'dampens', 'heats', 'neck', 'blades', 'dripped', 'legs']",Sweaty Forehead During Intimacy,She notices beads of sweat trickling down his forehead as they grow closer.,"romance_core, physical_affection","setting:bedroom, activity:kissing",False,"The top keywords 'sweat', 'beads', 'sweating', and 'forehead' indicate a sweaty scene. The snippets suggest intimacy, with 'fuck, it is sweat' and 'heat and sweat?' implying sweating during a romantic encounter.",1.1,Body Parts & Physical Reactions,Embodied & Sensory Experience,,,,high,False,none,None of the above,,NA,Not a narrative function,True,high,"The topic keywords and representative snippets focus on physical sensations of heat and sweat, which are not directly related to the heroine–hero relationship or any of Radway's 13 functions. Therefore, it is best classified as 'none of the above'."
243,"charlottea, answer, answered, reply, epitome, ladies, stammer, acknowledges, deteriorated, helloa",27,"['charlottea', 'answer', 'answered', 'reply', 'epitome', 'ladies', 'stammer', 'acknowledges', 'deteriorated', 'helloa', 'husked', 'mio', 'outspoken', 'sophistication', 'replaceable', 'missa', 'mushrooms', 'argues', 'scrambles', 'employeea', 'fearless', 'gauge', 'touch', 'reasoning', 'drawl', 'subtly', 'midst']",Fearless Ladies Conversation,The fearless ladies engage in an outspoken conversation around the table.,"romance_core, social_setting","setting:table, activity:conversation",False,"The top keywords 'fearless', 'ladies', 'outspoken', and 'conversation' are all present in the snippets, indicating a scene of women having a bold discussion. The phrase 'around the table' from one snippet supports the secondary category 'setting:table'.",5.2,Friends & Social Circles,Social World Outside Couple,,,,high,False,none,None of the above,,NA,Not a narrative function,True,high,"This topic focuses on friends and social circles, which are not central to the heroine–hero relationship. It does not primarily realise any of Radway's 13 functions."
244,"cordless, drill, didn, accomplished, reassuring, results, oldest, strides, homebody, maybach",27,"['cordless', 'drill', 'didn', 'accomplished', 'reassuring', 'results', 'oldest', 'strides', 'homebody', 'maybach', 'according', 'letdown', 'inexorable', 'jus', 'screwdriver', 'couldn', 'vanishing', 'paternal', 'savagery', 'equaled', 'sophistication', 'listless', 'experimental', 'amaze', 'thumps', 'phobia', 'prodigy']",Age Gap Roleplay,"Gage, the older man, assumes a paternal role with Haven, intervening on her behalf and remembering details about people they meet.","romance_core, domestic_life","setting:social_setting, activity:intervening",False,"The keywords 'cordless', 'drill', 'results', and 'homebody' suggest a domestic setting, while 'inexorable' and 'letdown' imply a power dynamic. The snippets show Gage taking care of Haven, which supports the label 'Age Gap Roleplay' and the chosen categories.",5.1,Family & Kinship,Social World Outside Couple,,,,high,False,none,None of the above,,NA,Not a narrative function,True,high,"The topic keywords and representative snippets focus on Gage's role as a father figure and his interactions with others, not with the heroine. It does not primarily realise any of Radway's 13 functions in the heroine–hero romance arc."
245,"clock, nightstand, ticking, glanced, digital, glance, ticked, midnight, countdown, hour",27,"['clock', 'nightstand', 'ticking', 'glanced', 'digital', 'glance', 'ticked', 'midnight', 'countdown', 'hour', 'clocka', 'noon', 'clocks', 'timer', 'clockwork', 'wall', 'glancing', 'bedside', 'ticks', 'alarm', 'checked', 'minutes', 'quarter', 'noted', 'counted', 'kidnapper', 'biological']",Midnight Clock Glance,"She glances at the digital clock on the nightstand, watching the hour hand tick towards midnight.","domestic_life, relationship_conflict","setting:bedroom, activity:glancing_at_clock",False,"The top keyword 'clock' and 'midnight' indicate a focus on time, while 'nightstand' and 'digital' specify the setting and type of clock. The snippets confirm this, with 'six o-clock.', 'twelve o'clock.', and 'eight o'clock.' showing a pattern of clock-glancing at different hours.",8.4,"Time, Seasons & Temporal Framing","Spaces, Time, Activities & Objects",,,,high,False,none,None of the above,,NA,Not a narrative function,True,high,"The topic is about specific times of the day, which does not directly relate to the heroine–hero relationship or narrative arc. It's more about background context."
247,"statue, earnestly, ora, gently, sister, piranhas, outpouring, slept, cornbread, lavishing",27,"['statue', 'earnestly', 'ora', 'gently', 'sister', 'piranhas', 'outpouring', 'slept', 'cornbread', 'lavishing', 'revolutionary', 'northeast', 'alertly', 'chiding', 'hurry', 'interrupted', 'intervened', 'arose', 'garner', 'particulars', 'wholesome', 'bulls', 'hairstylist', 'departed', 'born', 'skittish', 'inferior']",Statue Of Liberty Visit,She excitedly points out the Statue of Liberty during their boat ride.,"social_setting, romance_core","setting:boat, activity:pointing",False,"The top keyword 'statue' and all snippets mention the Statue of Liberty, which is a clear and unique setting. The label and scene_summary reflect this, using neutral, non-sexual language as no explicit sexual terms were present.",5.3,"Community, Norms & Social Events",Social World Outside Couple,,,,high,False,none,None of the above,,NA,Not a narrative function,True,high,"The topic revolves around the Statue of Liberty, which is a social world outside the couple's relationship. It does not directly relate to the heroine–hero narrative arc, thus it's 'none of the above'."
248,"happened, happen, happening, did, just, going, interpretation, darlin, doom, gone",27,"['happened', 'happen', 'happening', 'did', 'just', 'going', 'interpretation', 'darlin', 'doom', 'gone', 'brownstone', 'barn', 'wrong', 'comprehend', 'impending', 'failure', 'flung', 'fucked', 'afterward', 'incident', 'somethinga', 'nowa', 'whata', 'hat', 'gallery', 'created', 'realizing']",Doomsday Incident Discussion,The couple discusses the impending doom and failure of an incident in the gallery.,"relationship_conflict, domestic_life","setting:gallery, activity:discussing",False,"The top keywords 'interpretation', 'doom', 'impending', 'failure', 'incident' and 'gallery' are all present in the snippets, indicating a discussion about a serious event. The label and scene_summary reflect this, with the scene_summary including details from the snippets ('what happened?', 'gallery').",4.4,"Conflict, Distance & Breakup Threats",Relationship Trajectory (Main Couple),,,,high,False,R7,Hero and heroine are physically or emotionally separated,,I,Initial Conflict & Isolation,False,high,"The topic's keywords and representative snippets ('what the hell happened?', 'what the fuck happened?') indicate a situation where something has gone wrong in the relationship, likely leading to a breakup or separation. This aligns with Radway's function R7, where the hero and heroine are physically or emotionally separated."
249,"believe, admit, cana, expect, macka, validity, scotcha, ehh, prophecy, laminate",27,"['believe', 'admit', 'cana', 'expect', 'macka', 'validity', 'scotcha', 'ehh', 'prophecy', 'laminate', 'garage', 'olda', 'tell', 'recount', 'manure', 'unfiltered', 'acknowledgement', 'beinga', 'incentive', 'significance', 'gush', 'references', 'strongest', 'fulfilling', 'paigea', 'constricts', 'fiber']",Belief Discussion,The couple discusses their beliefs in the garage.,"romance_core, domestic_life","setting:garage, activity:discussion",False,"The top keywords 'belief', 'can you believe that?', and 'discussion' are supported by the snippets, which all involve the couple discussing their beliefs. The garage setting is mentioned in one snippet and implied in others.",3.4,"Beliefs, Values & Moral Reflection","Emotions, Cognition & Inner Life",,,,high,False,none,None of the above,,NA,Not a narrative function,True,high,"The topic contains no keywords, no label, no scene summary, and no category signals related to the heroine–hero relationship. The representative snippets are generic expressions of disbelief, not tied to any specific narrative function in the romance arc."
251,"georgiaa, thosea, press, conference, yelped, scolded, giggled, cursing, laughed, called",27,"['georgiaa', 'thosea', 'press', 'conference', 'yelped', 'scolded', 'giggled', 'cursing', 'laughed', 'called', 'mojo', 'oversharing', 'metabolism', 'fetches', 'genuineness', 'guys', 'whata', 'instinctual', 'associating', 'tampaa', 'convo', 'condone', 'tigers', 'encountering', 'foresee', 'cameraman', 'insightful']",Press Conference Speech,She confidently delivers her speech at a press conference.,"social_setting, romance_core","setting:press_conference, activity:speech",False,"The top keyword 'press' and the snippet 'georgiaâs press conference is starting' indicate a press conference setting. The keyword 'speech' and the snippet '[NAME] mean, hold all of georgiaâs calls!' suggest she is delivering a speech, making 'Press Conference Speech' an appropriate label.",5.3,"Community, Norms & Social Events",Social World Outside Couple,,,,high,False,none,None of the above,,NA,Not a narrative function,True,high,"The topic keywords and representative snippets focus on external communication and events unrelated to the heroine–hero relationship, making it a background topic that does not primarily realise any of Radway's 13 functions."
255,"hotter, smoking, hots, hottest, really, extremely, totally, scorpion, empathetic, ceaseless",27,"['hotter', 'smoking', 'hots', 'hottest', 'really', 'extremely', 'totally', 'scorpion', 'empathetic', 'ceaseless', 'zillion', 'wtf', 'wowa', 'ballsy', 'incredibly', 'coals', 'inducing', 'almosta', 'noaha', 'ita', 'hotly', 'hottie', 'speeds', 'hotness', 'solace', 'skimpy', 'kimbera']",Hot And Heavy Flirting,"She blushes, playfully teasing him about being the 'hottest' person she's ever met.","romance_core, physical_affection","setting:kitchen, activity:teasing, activity:flirting",False,"The keywords 'hotter', 'hots', 'hottest', and 'hottie' indicate a focus on heat and attraction. The snippets show a back-and-forth conversation about who is hotter, suggesting playful flirting. The kitchen setting is implied in one snippet ('don't make it any hotter').",2.1,Attraction & Sexual Tension,"Sexuality, Attraction & Intimacy",,,,high,False,R4,Heroine interprets hero's behaviour as purely sexual interest,,I,Initial Conflict & Isolation,False,high,"The topic's keywords and representative snippets focus on sexual attraction and tension, with phrases like 'hotter' and 'no one is hotter than you'. This aligns with Radway's function R4, where the heroine interprets the hero's behaviour as purely sexual interest."
259,"desk, laptop, papers, office, cubicle, stack, screen, paper, chair, seat",27,"['desk', 'laptop', 'papers', 'office', 'cubicle', 'stack', 'screen', 'paper', 'chair', 'seat', 'typing', 'desks', 'beige', 'pad', 'typed', 'documents', 'walked', 'sitting', 'walks', 'popping', 'paperweight', 'hesitates', 'folder', 'tabloid', 'hopped', 'edge', 'sheet']",Work At Desk,"She sits behind her desk, worried, as she waits for news on her computer.","domestic_life, work_or_school","setting:office, activity:waiting",False,"The top keywords 'desk', 'laptop', 'office', and 'waiting' indicate a scene of someone working at their desk. The snippets show a woman sitting at her desk, worried about something, which supports the label 'Work At Desk' and the primary categories of 'domestic_life' and 'work_or_school'. The secondary categories of 'setting:office' and 'activity:waiting' are directly supported by the keywords and snippets.",6.2,Heroine's Work & Professional Identity,"Work, Wealth, Status & Institutions",,,,high,False,none,None of the above,,NA,Not a narrative function,True,high,"The topic keywords and representative snippets focus on the heroine's workplace and professional identity, with no direct interaction or conflict with the hero. Therefore, it does not primarily realise any of Radway's 13 functions in the heroine–hero romance arc."
265,"just, checking, saya, practicing, record, careful, tune, curveball, easy, peasy",27,"['just', 'checking', 'saya', 'practicing', 'record', 'careful', 'tune', 'curveball', 'easy', 'peasy', 'listen', 'tonight', 'fucked', 'snob', 'madder', 'vertical', 'feelsa', 'gettina', 'bases', 'brainstorming', 'protocol', 'suites', 'talents', 'observant', 'inflection', 'persuade', 'cocka']",Careful Tune-up Before Night Out,She carefully checks and tunes her car before their night out.,"domestic_life, social_setting","setting:car, activity:checking, activity:tuning",False,"The top keywords 'checking', 'record', 'careful', 'tune' indicate a meticulous preparation process. The snippets confirm this, showing a character preparing for an upcoming event, likely a night out as hinted by 'tonight'. The label and scene summary capture this preparation scene in the car.",8.1,Domestic Spaces & Routines,"Spaces, Time, Activities & Objects",,,,high,False,none,None of the above,,NA,Not a narrative function,True,high,"The topic has no keywords, label, or scene summary, and it's not categorized under romance_core or any relationship-related taxonomy group. It's likely background context, not part of the heroine–hero narrative arc."
270,"cried, tears, sobbing, sobbed, bawling, weep, stop, whatsoever, feminine, start",27,"['cried', 'tears', 'sobbing', 'sobbed', 'bawling', 'weep', 'stop', 'whatsoever', 'feminine', 'start', 'undone', 'sob', 'tearsa', 'crya', 'prettily', 'hiccupping', 'ugly', 'messily', 'upholstery', 'sexless', 'guacamole', 'wracked', 'snot', 'weepy', 'depleted', 'sniffle', 'supermodels']",Tearful Sobbing,"She sat alone, tears streaming down her face, sobbing uncontrollably.","romance_core, relationship_conflict","setting:solitary, activity:crying",False,"The top keywords 'tears', 'sobbing', 'bawling', and 'sob' clearly indicate intense crying. The snippets confirm this, with phrases like 'i cried.', 'and i cried out.', and 'and still, i cried on.' The label and scene_summary reflect this emotional outpouring.",3.2,Negative Emotions & Distress,"Emotions, Cognition & Inner Life",,,,high,False,R1,Heroine's social identity is destroyed,,I,Initial Conflict & Isolation,False,high,"The topic's representative snippets repeatedly mention crying, indicating distress and emotional turmoil. This aligns with Radway's R1 function, where the heroine experiences a major blow to her social identity or self-concept, leading to isolation and distress."
272,"answered, says, told, tell, quickly, asks, assured, reada, girlfriend, introduce",27,"['answered', 'says', 'told', 'tell', 'quickly', 'asks', 'assured', 'reada', 'girlfriend', 'introduce', 'prettily', 'risotto', 'sounding', 'chastise', 'decisively', 'summoning', 'instructs', 'talk', 'grieve', 'conspiratorially', 'passage', 'exclamation', 'curious', 'upgraded', 'ta', 'vessel', 'assurance']",Reluctant Relationship Talk,"She hesitates, then says 'no' to his advances, sparking a conversation about their relationship.","relationship_conflict, romance_core","setting:bedroom, activity:talking",False,"The keywords 'girlfriend', 'talk', 'exclamation', and 'problem' indicate a conversation about their relationship. The snippets show her reluctance and his persistence, leading to a discussion about their relationship status.",4.4,"Conflict, Distance & Breakup Threats",Relationship Trajectory (Main Couple),,,,high,False,R7,Hero and heroine are physically or emotionally separated,,I,Initial Conflict & Isolation,False,high,"The topic's representative snippets repeatedly show the heroine refusing or rejecting the hero's advances, indicating a physical or emotional separation between them. This aligns with Radway's function R7, which describes such separations."
273,"sorry, apologize, apology, ia, apologized, whispered, ruined, apologizing, truly, hastily",27,"['sorry', 'apologize', 'apology', 'ia', 'apologized', 'whispered', 'ruined', 'apologizing', 'truly', 'hastily', 'apologetic', 'accept', 'stammer', 'tears', 'reopened', 'accident', 'whisper', 'sounding', 'lack', 'disruption', 'trotting', 'robotic', 'contrite', 'decisively', 'spiking', 'diverted', 'whispers']",Tearful Apology,"She, tears streaming down her face, apologizes to him in a soft, contrite voice.","romance_core, relationship_conflict","setting:bedroom, activity:apologizing",False,"The top keywords 'sorry', 'apology', 'tears', and 'contrite' indicate a scene of remorse and apology. The snippets show a character expressing regret, supporting the label 'Tearful Apology'. The primary categories reflect the emotional core of the scene and the conflict resolution aspect. The secondary categories specify the setting and action based on the keywords and snippets.",4.4,"Conflict, Distance & Breakup Threats",Relationship Trajectory (Main Couple),,,,high,False,R10,Heroine reinterprets hero's behaviour as result of previous hurt,,II,Turning Point & Recognition,False,high,"The topic's representative snippets repeatedly show characters apologizing, indicating a turning point in their relationship. This aligns with R10, where the heroine reinterprets the hero's behavior based on past hurts, leading to recognition and growth in their relationship."
274,"clubs, members, exclusive, cluba, stag, wilder, restaurants, member, strip, whores",27,"['clubs', 'members', 'exclusive', 'cluba', 'stag', 'wilder', 'restaurants', 'member', 'strip', 'whores', 'frequent', 'voyeur', 'nightclub', 'guys', 'joining', 'mission', 'mile', 'miracle', 'alliances', 'congregated', 'bound', 'demographic', 'high', 'lives', 'moulin', 'masquerading', 'crannies']",Exclusive Club Nights,"The couple frequents exclusive clubs, engaging in wild nights out.","social_setting, sexual_content","setting:club, activity:partying",False,"The top keywords 'clubs', 'exclusive', and 'wilder' indicate frequenting exclusive clubs. The snippets confirm these are not casual clubs but specific, exclusive ones, with the couple engaging in wild nights out.",5.3,"Community, Norms & Social Events",Social World Outside Couple,2.1,Attraction & Sexual Tension,"Sexuality, Attraction & Intimacy",high,False,none,None of the above,,NA,Not a narrative function,True,high,"The topic keywords and snippets focus on clubs and social events, not on the heroine–hero relationship. It belongs to the 'Community, Norms & Social Events' main category, which is not part of the main couple's relationship trajectory."
276,"anger, rage, furious, burning, dense, disrespectful, temper, thrums, bitterness, rising",27,"['anger', 'rage', 'furious', 'burning', 'dense', 'disrespectful', 'temper', 'thrums', 'bitterness', 'rising', 'boiling', 'witha', 'surface', 'depths', 'capitalizing', 'consumed', 'replaced', 'wane', 'inciting', 'grants', 'avalanche', 'flashing', 'forward', 'transforms', 'incandescent', 'humored', 'clued']",Angry Argument,"She glared at him, her anger rising as she accused him of being disrespectful.",,,False,,4.4,"Conflict, Distance & Breakup Threats",Relationship Trajectory (Main Couple),,,,high,False,R2,Heroine reacts antagonistically to the hero,,I,Initial Conflict & Isolation,False,high,"The topic's keywords and representative snippets revolve around anger and resentment, which are typical of the heroine reacting antagonistically to the hero in Phase I of the romance narrative. The main taxonomy category 'Conflict, Distance & Breakup Threats' further supports this interpretation."
277,"company, buy, profits, business, companies, funds, paid, businesses, successes, millions",27,"['company', 'buy', 'profits', 'business', 'companies', 'funds', 'paid', 'businesses', 'successes', 'millions', 'owes', 'leech', 'pay', 'huge', 'owed', 'dollar', 'contributed', 'loan', 'costing', 'industry', 'corporations', 'bills', 'debts', 'afloat', 'lowest', 'gambling', 'struggling']",Business Deal Negotiation,"He sits across the table, negotiating business terms with a potential investor.","business_or_work, social_setting","setting:office, activity:negotiating",False,"The top keywords 'company', 'buy', 'profits', 'business' indicate a business context. The snippets show someone discussing or asking about a company, suggesting a negotiation scene.",6.1,Hero's Elite Work & Business World,"Work, Wealth, Status & Institutions",,,,high,False,none,None of the above,,NA,Not a narrative function,True,high,"The topic keywords and representative snippets focus on the hero's business world, which is not directly related to the heroine–hero relationship. It does not primarily realise any of Radway's 13 functions."
278,"gracea, asked, paged, liked, avoid, east, ways, preface, enlisted, restart",27,"['gracea', 'asked', 'paged', 'liked', 'avoid', 'east', 'ways', 'preface', 'enlisted', 'restart', 'welfare', 'reconsidering', 'streeta', 'artista', 'interpreted', 'reinvent', 'avoiding', 'spoke', 'aneurysm', 'wtf', 'clienta', 'angiea', 'preview', 'deny', 'paddles', 'upper', 'paramedic']",Medical Emergency Response,"A paramedic rushes to the aid of a patient in distress, using paddles to revive them.","domestic_life, sexual_tension","setting:hospital, activity:medical_emergency",False,"The keywords 'paramedic', 'paddles', and 'upper' (referring to the chest) indicate a medical emergency. The snippets describe a situation where someone is in need of medical assistance, leading to the label 'Medical Emergency Response'. The primary categories 'domestic_life' and 'sexual_tension' are chosen because medical emergencies can happen at home and can also create tension between partners. The secondary categories 'setting:hospital' and 'activity:medical_emergency' are directly supported by the keywords and snippets.",6.5,"Law, Medicine, Education & Formal Institutions","Work, Wealth, Status & Institutions",,,,high,False,none,None of the above,,NA,Not a narrative function,True,high,"The topic keywords and representative snippets focus on Grace's interactions with others, not with a hero. The Stage 2 taxonomy places it under 'Law, Medicine, Education & Formal Institutions', further emphasizing its non-romance narrative function."
281,"sleep, asleep, slept, night, woke, fell, sleeps, woken, wake, bed",27,"['sleep', 'asleep', 'slept', 'night', 'woke', 'fell', 'sleeps', 'woken', 'wake', 'bed', 'inertia', 'exhausted', 'hours', 'nights', 'slumber', 'drifted', 'hea', 'nephew', 'tucked', 'wiping', 'sleepy', 'cocooned', 'dozes', 'lay', 'getting', 'chamomile', 'gone']",Sleeping Together,"She watches him sleep, exhausted from the night's activities.","romance_core, domestic_life","setting:bed, activity:sleeping",False,"Keywords 'sleep', 'asleep', 'night', 'bed' indicate a scene of sleeping. Snippets show a character observing another sleeping, suggesting a romantic or domestic context.",8.1,Domestic Spaces & Routines,"Spaces, Time, Activities & Objects",,,,high,False,none,None of the above,,NA,Not a narrative function,True,high,"The topic revolves around domestic spaces and sleep, which are not central to the heroine–hero relationship arc. It does not primarily realise any of Radway's 13 functions."
282,"loved, respect, grandparentsa, outlast, interfered, woolton, mortgage, exceptions, grandkids, utmost",27,"['loved', 'respect', 'grandparentsa', 'outlast', 'interfered', 'woolton', 'mortgage', 'exceptions', 'grandkids', 'utmost', 'promise', 'gloriously', 'bathrobe', 'outta', 'album', 'mediaa', 'impossible', 'lifts', 'labored', 'aww', 'rougher', 'sweeter', 'scares', 'cynical', 'married', 'expense', 'tiles']",Emotional Love Confession,"She told him she loved him, hoping for a reciprocated declaration.","romance_core, relationship_conflict","setting:bedroom, activity:confessing_love",False,"The top keyword 'respect' and the snippets '[NAME] told you i loved you' indicate a romantic confession scene. The keyword 'utmost' suggests emotional intensity, and the phrase 'âi just fucking told you i loved you!' implies conflict or tension in the confession.",4.2,"Bonding, Everyday Intimacy & Growth",Relationship Trajectory (Main Couple),,,,high,False,R11,Hero declares love and demonstrates commitment,,III,Commitment & Restoration,False,high,"The topic revolves around the hero explicitly declaring his love for the heroine, which is a key moment in the commitment phase of the romance narrative. The representative snippets all convey this declaration, making 'R11 - Hero declares love and demonstrates commitment' the most fitting Radway function."
284,"whines, maxa, answered, bounds, wriggles, perplexed, barks, outmaneuvered, rigidly, extremes",27,"['whines', 'maxa', 'answered', 'bounds', 'wriggles', 'perplexed', 'barks', 'outmaneuvered', 'rigidly', 'extremes', 'ability', 'curated', 'client', 'hone', 'mustards', 'stoically', 'punctuate', 'blends', 'novelty', 'diabolical', 'seena', 'revised', 'statement', 'kryptonite', 'projecting', 'mercifully', 'expressive']",Dog Whining,The dog whines repeatedly from the back of the room.,domestic_life,"setting:room, activity:whining",False,"The top keywords 'whines', 'barks', and 'dog' indicate a dog making noise. The snippets confirm this, with '[NAME] whines' appearing multiple times.",8.1,Domestic Spaces & Routines,"Spaces, Time, Activities & Objects",,,,high,False,none,None of the above,,NA,Not a narrative function,True,high,"The topic keywords and representative snippets ('whines', 'whines again', 'whines from the back') suggest that this topic is about a minor character's repetitive, annoying behavior, which does not primarily realise any of Radway's 13 functions in the heroine–hero romance arc. The Stage 2 taxonomy classification of 'Domestic Spaces & Routines' further supports this, as it indicates a focus on background context rather than the main couple's relationship."
286,"zanea, shrugged, trevilloa, krissana, supreme, shouldered, glare, priest, flashed, folded",27,"['zanea', 'shrugged', 'trevilloa', 'krissana', 'supreme', 'shouldered', 'glare', 'priest', 'flashed', 'folded', 'chuckling', 'twisted', 'smirked', 'raised', 'glanced', 'crew', 'natalioa', 'fight', 'obdurate', 'reform', 'conjecture', 'tossed', 'pleading', 'informed', 'sighed', 'unpunished', 'gracias']",Angry Glare During Argument,"The couple, standing in the kitchen, glares at each other during an intense argument.","relationship_conflict, domestic_life","setting:kitchen, activity:arguing",False,"The top keywords 'glare', 'fight', and 'obdurate' indicate a conflict. The snippets show characters glaring at each other in an argument, supporting the label and categories.",7.2,"Violence, Threats & Coercion","Conflict, Risk & Harm",4.4,"Conflict, Distance & Breakup Threats",Relationship Trajectory (Main Couple),high,False,R7,Hero and heroine are physically or emotionally separated,,I,Initial Conflict & Isolation,False,high,"The topic revolves around glares and tension between characters, indicating conflict and distance. The representative snippets show characters glaring at each other, with one character's anger directed towards the heroine's interaction with another character, suggesting a threat of separation or breakup."
290,"nipples, nipple, hardened, harden, breasts, pebble, fabric, tighten, puckered, firm",27,"['nipples', 'nipple', 'hardened', 'harden', 'breasts', 'pebble', 'fabric', 'tighten', 'puckered', 'firm', 'erect', 'tightened', 'painfully', 'lace', 'clamps', 'nubs', 'tingle', 'points', 'pucker', 'skin', 'beneath', 'beaded', 'fondling', 'blouse', 'chill', 'clenches', 'complaints']",Breast And Nipple Play,"She gently caresses and stimulates her partner's nipples with her fingers, feeling them harden under her touch.","sexual_content, romance_core","setting:bedroom, activity:nipple_play",False,"The top keywords 'nipples', 'nipple', 'breasts', and 'clamps' clearly indicate breast and nipple play. The snippets 'nipples.', 'your nipples are hard.', and 'i can feel it from my nipples to my toes.' confirm this activity.",2.3,Explicit Sexual Acts,"Sexuality, Attraction & Intimacy",,,,high,False,R12,Heroine responds sexually and emotionally,,III,Commitment & Restoration,False,high,"The topic's focus on explicit sexual acts (nipple play, physical sensation) aligns with Radway's R12, which describes sexual and emotional union between the hero and heroine after commitment."
291,"breath, exhales, blew, breathing, deep, ragged, exhaled, intake, blows, inhales",27,"['breath', 'exhales', 'blew', 'breathing', 'deep', 'ragged', 'exhaled', 'intake', 'blows', 'inhales', 'breaths', 'labored', 'heavy', 'deeply', 'inhale', 'exhale', 'slowly', 'sucked', 'heavily', 'inhaled', 'took', 'lungs', 'released', 'whoosh', 'spotting', 'lets', 'sharply']",Deep Breaths During Emotional Moment,"She takes deep, ragged breaths, trying to calm herself as she processes her emotions.","romance_core, emotional_content","setting:private_space, activity:emotional_processing",False,"The top keywords 'breath', 'breathing', 'deep', 'ragged', 'intake', and 'exhale' all relate to the act of breathing heavily due to emotion. The snippets confirm this, showing characters taking deep breaths in emotional moments.",3.2,Negative Emotions & Distress,"Emotions, Cognition & Inner Life",,,,high,False,none,None of the above,,NA,Not a narrative function,True,high,"The topic's keywords and representative snippets ('he let out a long puff of breath.', 'he was out of breath.', 'he sucks in a breath.') do not relate to any specific interaction between the heroine and hero, nor do they evoke emotions tied to their relationship. Instead, they describe physical reactions that could occur in any context, making them background details rather than narrative functions in the heroine–hero arc."
292,"shower, bathroom, towel, bath, tub, restroom, toilet, walks, towels, shirt",27,"['shower', 'bathroom', 'towel', 'bath', 'tub', 'restroom', 'toilet', 'walks', 'towels', 'shirt', 'washing', 'showered', 'running', 'bathtub', 'undressed', 'sink', 'rinsing', 'wet', 'adjoining', 'waist', 'sleeves', 'grabs', 'wiped', 'reaches', 'showers', 'scrubbing', 'wall']",Shower Hygiene,"He steps into the shower, turning on the water and washing himself.","domestic_life, physical_affection","setting:bathroom, activity:showering",False,"The top keywords 'shower', 'bathroom', 'towel', 'bath', and 'tub' indicate a scene centered around showering. The snippets confirm this, showing characters stepping into the shower, turning on the water, and washing themselves.",8.1,Domestic Spaces & Routines,"Spaces, Time, Activities & Objects",,,,high,False,none,None of the above,,NA,Not a narrative function,True,high,"The topic focuses on physical spaces and activities, specifically the shower, without any significant interaction or emotional content between the hero and heroine. It does not primarily realise any of Radway's 13 functions in the heroine–hero narrative arc."
296,"meeting, office, meetings, board, offices, conference, tomorrow, engineering, noon, business",27,"['meeting', 'office', 'meetings', 'board', 'offices', 'conference', 'tomorrow', 'engineering', 'noon', 'business', 'paperwork', 'today', 'monday', 'discuss', 'boardroom', 'reports', 'week', 'staff', 'roaches', 'paging', 'set', 'afternoon', 'introduce', 'interview', 'quickies', 'disobedient', 'slots']",Business Meeting Negotiation,The couple discusses business terms in an office setting.,"domestic_life, sexual_content","setting:office, activity:negotiating",False,"The top keywords 'meeting', 'office', 'business' indicate a business negotiation setting. The snippets confirm this, with phrases like 'come to my office after your meeting' and 'âbut how about after your meeting?'. The label and scene_summary reflect this, with a focus on the negotiation activity and the office setting.",6.1,Hero's Elite Work & Business World,"Work, Wealth, Status & Institutions",4.1,"Meeting, First Impressions & Setup",Relationship Trajectory (Main Couple),high,False,none,None of the above,,NA,Not a narrative function,True,high,"The topic is about work and meetings, which are not central to the heroine–hero relationship. It belongs to the 'Hero's Elite Work & Business World' category and does not contain any romance-core or relationship-trajectory keywords."
298,"aren, jail, nightlife, means, fatherless, haired, undisclosed, lizards, derision, inspires",27,"['aren', 'jail', 'nightlife', 'means', 'fatherless', 'haired', 'undisclosed', 'lizards', 'derision', 'inspires', 'speculatively', 'solver', 'skitter', 'subsidiary', 'edgier', 'colorado', 'stocky', 'inherently', 'placate', 'doubt', 'overdone', 'goaded', 'novelty', 'courting', 'bumpy', 'lately', 'dues']",Business Expansion Negotiation,"The stocky, brown-haired man, Travis, negotiates a business deal in his office, aiming to launch himself into the top ranks of Texas developers.","business_or_work, domestic_life","setting:office, activity:negotiating",False,"The top keywords 'jail', 'nightlife', 'fatherless', and 'haired' suggest a character named Travis who is expanding his business. The snippets describe him negotiating deals and launching projects, indicating a business-focused scene.",6.1,Hero's Elite Work & Business World,"Work, Wealth, Status & Institutions",,,,high,False,none,None of the above,,NA,Not a narrative function,True,high,"The topic focuses on the hero's business and professional achievements, which is not directly related to the heroine–hero relationship or the heroine's arc. It's about the hero's work, wealth, and status, not about the romance narrative."
301,"erotic, sexytimes, dangerously, alluring, unnatural, attractive, desired, seductive, sensual, lingerie",27,"['erotic', 'sexytimes', 'dangerously', 'alluring', 'unnatural', 'attractive', 'desired', 'seductive', 'sensual', 'lingerie', 'twig', 'curvesa', 'burlesque', 'husky', 'enhances', 'scientists', 'babes', 'strive', 'dirtiest', 'degradation', 'teensy', 'look', 'showy', 'advantages', 'blot', 'succulent', 'slurping']",Erotic Lingerie Show,"She seductively models lingerie, twirling and posing for him in the bedroom.","sexual_content, domestic_life","setting:bedroom, activity:seductive_modeling",False,"The top keywords 'erotic', 'lingerie', 'seductive', and 'twig' (as a euphemism for pole dancing) suggest a sexual scene. The snippets confirm this, with 'erotic' repeated and 'itâs so erotic' implying a performance for someone else.",2.3,Explicit Sexual Acts,"Sexuality, Attraction & Intimacy",8.1,Domestic Spaces & Routines,"Spaces, Time, Activities & Objects",high,False,R12,Heroine responds sexually and emotionally,,III,Commitment & Restoration,False,high,"The topic's main category of 'Explicit Sexual Acts' clearly places it in the 'Commitment & Restoration' phase of the romance narrative. The representative snippets explicitly describe erotic acts, which aligns with Radway's function R12, 'Heroine responds sexually and emotionally'."
302,"gun, weapon, bullets, pistol, guns, barrel, rifle, gunshot, aimed, shotgun",27,"['gun', 'weapon', 'bullets', 'pistol', 'guns', 'barrel', 'rifle', 'gunshot', 'aimed', 'shotgun', 'trigger', 'weapons', 'loaded', 'shot', 'lung', 'fired', 'disposal', 'shooting', 'pressed', 'holding', 'tuck', 'mana', 'trained', 'metallic', 'hundredth', 'tarona', 'dodged']",Gun Threat During Argument,He raises his gun towards her during an intense argument.,"relationship_conflict, domestic_life","setting:home, activity:arguing",False,"The top keywords 'gun', 'weapon', 'pistol', 'shotgun' indicate a clear focus on guns. The snippets show a man raising a gun during an argument, supporting the label 'Gun Threat During Argument'. The primary categories 'relationship_conflict' and 'domestic_life' are chosen because the scene involves a conflict in a home setting.",7.2,"Violence, Threats & Coercion","Conflict, Risk & Harm",,,,high,False,R6,Hero retaliates or punishes heroine,,I,Initial Conflict & Isolation,False,high,"The topic revolves around violence and threats, which typically escalates conflict and inequality between the hero and heroine in Phase I of the romance narrative. This aligns with Radway's function R6, where the hero retaliates or punishes the heroine."
308,"hea, confidence, preferred, redesigned, jugular, react, truest, amped, advertised, correct",27,"['hea', 'confidence', 'preferred', 'redesigned', 'jugular', 'react', 'truest', 'amped', 'advertised', 'correct', 'reclusive', 'mcs', 'coddled', 'ruined', 'canal', 'clienta', 'summed', 'arguably', 'owned', 'wrong', 'horsea', 'wondera', 'checkbook', 'proverbial', 'bobs', 'gutted', 'feat']",Clitoral Stimulation During game,"He gently caresses her clitoris as they lie on the bed, building anticipation before going further.","sexual_content, romance_core","setting:bedroom, activity:foreplay, sexual:clitoral_stimulation",False,"The top keyword 'clit' and snippets like 'heâd done it, too' and 'heâd have to be blind not to know' suggest explicit sexual activity. The label and scene_summary reflect this, using clear language about clitoral stimulation during foreplay.",2.3,Explicit Sexual Acts,"Sexuality, Attraction & Intimacy",,,,high,False,R12,Heroine responds sexually and emotionally,,III,Commitment & Restoration,False,high,"The topic's main category of 'Explicit Sexual Acts' directly corresponds to Radway's function R12, which involves explicit sexual and emotional union between the hero and heroine. The representative snippets ('heâd done it, too.', 'heâd had the day before.') suggest sexual encounters, confirming R12."
309,"contract, signed, contracts, sign, clause, dalliances, promissory, signing, read, contracta",27,"['contract', 'signed', 'contracts', 'sign', 'clause', 'dalliances', 'promissory', 'signing', 'read', 'contracta', 'supplier', 'terms', 'agreement', 'semantics', 'nondisclosure', 'reviewed', 'binding', 'contracted', 'disclosure', 'finalized', 'competitor', 'valid', 'negotiate', 'guarantee', 'stated', 'backing', 'gd']",Contract Negotiation,The couple discusses and negotiates the terms of a contract around a table.,,,False,,6.1,Hero's Elite Work & Business World,"Work, Wealth, Status & Institutions",,,,high,False,none,None of the above,,NA,Not a narrative function,True,high,"The topic keywords and representative snippets focus on a contract, which is not a central element of the heroine–hero relationship. It belongs to the 'Hero's Elite Work & Business World' taxonomy, further indicating it's not part of the romantic arc."
311,"wea, shared, downs, cycle, yearlong, created, worked, years, squared, accidentally",27,"['wea', 'shared', 'downs', 'cycle', 'yearlong', 'created', 'worked', 'years', 'squared', 'accidentally', 'thousands', 'provided', 'arrived', 'crashed', 'holiday', 'spent', 'lived', 'times', 'managed', 'connected', 'restoration', 'tennessee', 'iowa', 'apart', 'london', 'chemists', 'phases']",Yearlong Relationship Reflection,"The couple, sitting at a table, reflects on their thousands of times together over the yearlong cycle of their relationship.","romance_core, relationship_conflict","setting:table, activity:reflecting",False,"Top keywords 'yearlong', 'cycle', 'times' indicate a long-term relationship. 'Reflection' is supported by snippets like 'weâve known each other for a long time' and 'weâve done this, hy'.",3.4,"Beliefs, Values & Moral Reflection","Emotions, Cognition & Inner Life",,,,high,False,none,None of the above,,NA,Not a narrative function,True,high,"The topic lacks keywords, label, or scene summary, and it has no primary or secondary categories. It does not belong to the 'Relationship Trajectory (Main Couple)' or 'Sexuality, Attraction & Intimacy' taxonomy groups. Therefore, it does not primarily realise any of Radway's 13 functions in the heroine–hero romance arc."
312,"hair, stubble, shaved, forehead, tousled, shaven, shave, mussed, scruff, shadow",27,"['hair', 'stubble', 'shaved', 'forehead', 'tousled', 'shaven', 'shave', 'mussed', 'scruff', 'shadow', 'slicked', 'trimmed', 'usual', 'comb', 'cropped', 'collar', 'haircut', 'styled', 'jaw', 'perfection', 'facial', 'curled', 'sides', 'strands', 'dusting', 'combed', 'rumpled']",Stubble And Tousled Hair,"He runs a hand through his tousled hair, dark stubble dappling his chin.","romance_core, physical_affection","setting:bedroom, activity:grooming",False,"Top keywords 'hair', 'stubble', 'tousled' indicate a focus on appearance. Snippets describe a man's grooming habits, with 'dark stubble' and 'tousled hair' recurring, suggesting a romantic or intimate setting.",1.1,Body Parts & Physical Reactions,Embodied & Sensory Experience,,,,high,False,none,None of the above,,NA,Not a narrative function,True,high,"The topic focuses solely on physical descriptions of the hero's appearance, specifically his facial hair and hairstyle. It does not involve any interaction, emotion, or relationship development between the hero and heroine, making it unrelated to Radway's narrative functions."
313,"race, frowns, begins, starts, racing, brace, races, deluge, prebuyers, thoroughbred",27,"['race', 'frowns', 'begins', 'starts', 'racing', 'brace', 'races', 'deluge', 'prebuyers', 'thoroughbred', 'adrenaline', 'makes', 'runners', 'humbling', 'erected', 'whirring', 'lacing', 'wantsa', 'armpits', 'scold', 'nuzzles', 'hollows', 'downs', 'forbid', 'desirable', 'tenth', 'sweat']",Adrenaline-fueled Racing,The couple's hearts race as they watch thoroughbreds compete in a thrilling race.,"domestic_life, physical_affection","setting:race_track, activity:racing",False,"The top keywords 'race', 'racing', 'races', 'adrenaline' and the representative snippets ('my heart begins to race') indicate a scene centered around racing, with the shared emotion of adrenaline. This is not a sexual or explicitly romantic scene, but rather a shared activity that brings the couple together.",1.5,Exercise & Physical Activity,Embodied & Sensory Experience,,,,high,False,none,None of the above,,NA,Not a narrative function,True,high,"The topic keywords and representative snippets ('my heart begins to race.') suggest a physiological response, not a narrative function in the heroine–hero arc. The main taxonomy category 'Exercise & Physical Activity' further supports this, as it's about embodied experience, not romance dynamics."
315,"jaxa, questioned, dereka, replied, answered, heck, rolled, eliminating, egged, slapped",27,"['jaxa', 'questioned', 'dereka', 'replied', 'answered', 'heck', 'rolled', 'eliminating', 'egged', 'slapped', 'burr', 'meaner', 'sidetracked', 'swooping', 'tagging', 'gardener', 'mellowed', 'instrumental', 'controller', 'treasures', 'tuxes', 'trail', 'disgustingly', 'appeared', 'barbeque', 'forge', 'dang']",Intense Argument With Glare,"He glared menacingly, his eyes reflecting anger and tension as they argued heatedly in the dimly lit room.","relationship_conflict, domestic_life","setting:room, activity:arguing",False,"The keywords 'heck', 'meaner', 'dang', and 'glare' indicate a heated argument. The snippets describe a confrontational scene with a man glaring, supporting the label and categories.",4.4,"Conflict, Distance & Breakup Threats",Relationship Trajectory (Main Couple),,,,high,False,R7,Hero and heroine are physically or emotionally separated,,I,Initial Conflict & Isolation,False,high,"The topic's main category 'Conflict, Distance & Breakup Threats' and the representative snippets ('growled', 'meaner than jax's', 'slapped jax's hand') suggest a conflict or breakup threat, fitting R7 (separation)."
316,"desk, papers, sitting, sits, office, sat, chair, seated, monitor, walks",27,"['desk', 'papers', 'sitting', 'sits', 'office', 'sat', 'chair', 'seated', 'monitor', 'walks', 'screen', 'files', 'deska', 'paper', 'stack', 'leans', 'seat', 'staring', 'desks', 'gestured', 'tapped', 'stands', 'hidden', 'intercom', 'edge', 'organized', 'documents']",Office Work At Desk,"He sits behind his desk, focused on work-related tasks.","domestic_life, work_or_school","setting:office, activity:working",False,"The top keywords 'desk', 'office', 'chair', 'monitor', and 'files' indicate a work setting. The verb 'stack' suggests an action related to work. The snippets confirm a man sitting at his desk, engaged in office tasks.",6.2,Heroine's Work & Professional Identity,"Work, Wealth, Status & Institutions",,,,high,False,none,None of the above,,NA,Not a narrative function,True,high,"The topic keywords and representative snippets focus on the hero's workspace, specifically his desk, which is not a central element of the heroine–hero relationship arc. It does not primarily realise any of Radway's 13 functions."
318,"feels, felt, gooda, inconveniently, sign, overwhelmingly, marvelous, bloodthirsty, jury, otherworldly",27,"['feels', 'felt', 'gooda', 'inconveniently', 'sign', 'overwhelmingly', 'marvelous', 'bloodthirsty', 'jury', 'otherworldly', 'feelinga', 'blowjob', 'productive', 'bettera', 'darlina', 'heavens', 'wickedly', 'feeling', 'accomplished', 'lovea', 'mutual', 'satisfying', 'standard', 'aches', 'foreign', 'ridiculously', 'solution']",Mutual Clitoral Stimulation,"She and he mutually stimulate each other's clitoris, expressing mutual pleasure.","sexual_content, romance_core","setting:bedroom, activity:mutual_stimulation",False,The keywords 'mutual' and 'feeling' along with the snippets 'it feels good' and 'that feels so good' indicate mutual pleasure and stimulation. The label 'Mutual Clitoral Stimulation' is supported by the presence of 'clitoris' in the POS cues and the repeated mention of feeling good in the snippets.,2.3,Explicit Sexual Acts,"Sexuality, Attraction & Intimacy",,,,high,False,R12,Heroine responds sexually and emotionally,,III,Commitment & Restoration,False,high,"The topic's representative snippets explicitly describe sexual pleasure and satisfaction, which aligns with Radway's R12 function of sexual and emotional union after commitment."
323,"cameras, photos, pictures, photographers, camera, sign, photo, photoshoot, note, images",27,"['cameras', 'photos', 'pictures', 'photographers', 'camera', 'sign', 'photo', 'photoshoot', 'note', 'images', 'photograph', 'shoot', 'messily', 'tripod', 'editing', 'clicked', 'paper', 'journalists', 'picture', 'accompanying', 'signs', 'scribbled', 'pic', 'backup', 'notes', 'publicity', 'hidden']",Photography Session,"A couple poses for a photoshoot in a studio, with cameras capturing their intimate moments.","romance_core, physical_affection","setting:studio, activity:posing",False,"The top keywords 'cameras', 'photos', 'pictures', and 'photographers' indicate a photography session. The snippets like 'security cameras' and ''the cameras'' further support this label. The scene involves a couple, as suggested by the keyword 'note' (implying a shared activity), and the activity is physical affection, as indicated by the verb 'shoot'.",8.2,Public & Leisure Spaces,"Spaces, Time, Activities & Objects",,,,high,False,none,None of the above,,NA,Not a narrative function,True,high,"The topic is about 'security cameras' and 'cameras' in general, which are objects in public and leisure spaces. It does not primarily realise any of Radway's 13 functions in the heroine–hero romance arc."
326,"calling, called, anytime, earliest, calls, later, convenience, alright, pressa, newsa",27,"['calling', 'called', 'anytime', 'earliest', 'calls', 'later', 'convenience', 'alright', 'pressa', 'newsa', 'callers', 'uh', 'formalities', 'need', 'brystina', 'caviar', 'kiddo', 'branding', 'soon', 'visit', 'happens', 'class', 'booty', 'speaking', 'compete', 'bout', 'monsters']",Business Call Negotiation,The couple discusses business terms over the phone in their home office.,"domestic_life, work_or_school","setting:home_office, activity:phone_call",False,"Keywords 'calls', 'convenience', 'formalities' indicate a business negotiation. Snippets show phone calls ('up for me calling?', 'I've been calling you.') and a home setting ('mine', 'home'). The label and scene_summary reflect this business negotiation happening at home over the phone.",6.1,Hero's Elite Work & Business World,"Work, Wealth, Status & Institutions",,,,high,False,none,None of the above,,NA,Not a narrative function,True,high,"The topic keywords and representative snippets ('the fuck am i calling mine?', 'up for me calling?', 'iâve been calling you.') suggest that this topic is about communication, specifically phone calls, which is not a central narrative function in the heroine–hero romance arc. It does not relate to any of Radway's 13 functions and is more about background context."
328,"moan, groaned, scream, screamed, whimper, moans, whimpered, moaned, inwardly, quivering",27,"['moan', 'groaned', 'scream', 'screamed', 'whimper', 'moans', 'whimpered', 'moaned', 'inwardly', 'quivering', 'loud', 'moaning', 'groan', 'pitifully', 'louder', 'escaped', 'comes', 'fray', 'unintelligible', 'frustration', 'prolonged', 'salvation', 'shrieking', 'unattractive', 'shrank', 'relentlessly', 'grounded']",Intense Moaning During Foreplay,"She moans loudly, her body tensing as he stimulates her clitoris with his fingers.","sexual_content, romance_core","setting:bedroom, activity:foreplay, sexual:clitoral_stimulation",False,"The top keywords 'moan', 'moaning', 'loud' and snippets like 'i moan' and 'âplease,â i moan' indicate intense sexual arousal. The keyword 'fray' suggests foreplay, and the lack of explicit penetration terms keeps the label focused on foreplay. The label and scene_summary reflect this intense, sexual activity.",2.3,Explicit Sexual Acts,"Sexuality, Attraction & Intimacy",,,,high,False,R12,Heroine responds sexually and emotionally,,III,Commitment & Restoration,False,high,"The topic's main_category of 'Explicit Sexual Acts' and the representative snippets containing explicit sexual language ('moan', 'fill me up') indicate that this topic primarily realizes Radway's function R12, which involves explicit sexual and emotional union between the hero and heroine."
329,"remya, dependable, coos, wails, parenting, competent, guardian, having, raise, formula",27,"['remya', 'dependable', 'coos', 'wails', 'parenting', 'competent', 'guardian', 'having', 'raise', 'formula', 'squeals', 'faking', 'grandmothera', 'diaper', 'rights', 'grow', 'sake', 'suspicion', 'fans', 'hours', 'parent', 'loves', 'waves', 'daisya', 'teammatesa', 'temporary', 'slugger']",Parenting And Care Routine,"The couple ensures their child is safe and cared for, preparing formula and putting them to sleep.","domestic_life, relationship_conflict","setting:bedroom, activity:parenting, relationship:family",False,"The top keywords 'parenting', 'diaper', 'formula', and 'sleeping' indicate a scene focused on caring for a child. The snippets confirm this, showing the couple's actions to ensure their child is safe and cared for.",5.1,Family & Kinship,Social World Outside Couple,,,,high,False,none,None of the above,,NA,Not a narrative function,True,high,"The topic keywords and snippets do not contain any information about the heroine or hero, their relationship, or any narrative events involving them. The topic is about a character named Remya and her safety and sleep status, which is not part of the heroine–hero romance arc."
333,"marca, weapons, compare, threats, sworn, cubicle, hadn, york, affair, conscious",27,"['marca', 'weapons', 'compare', 'threats', 'sworn', 'cubicle', 'hadn', 'york', 'affair', 'conscious', 'spat', 'prima', 'ex', 'threat', 'blanching', 'bolster', 'extremes', 'similarities', 'gentlest', 'couldn', 'tenants', 'materialize', 'belittle', 'confiding', 'manicurist', 'ruined', 'mannequin']",Threatening Affair Disclosure,"In the cubicle, Vanessa threatens to reveal their affair to Mark's ex-wife.","relationship_conflict, sexual_content","setting:office, activity:threatening, sexual:affair",False,"The keywords 'weapons', 'threats', 'cubicle', 'affair' and 'ex' directly relate to the scene of a threatening affair disclosure. The snippets confirm this, with Vanessa making accusations and threats in a workplace setting.",4.4,"Conflict, Distance & Breakup Threats",Relationship Trajectory (Main Couple),7.2,"Violence, Threats & Coercion","Conflict, Risk & Harm",high,False,R7,Hero and heroine are physically or emotionally separated,,I,Initial Conflict & Isolation,False,high,"The topic's main_category 'Conflict, Distance & Breakup Threats' and the representative snippets ('divorced', 'accusations', 'lawyers', 'agreed with jake') indicate a clear threat of separation or breakup, fitting R7."
338,"freshman, comes, roommate, ey, breasta, earful, doesna, thankfully, offer, shrine",27,"['freshman', 'comes', 'roommate', 'ey', 'breasta', 'earful', 'doesna', 'thankfully', 'offer', 'shrine', 'outrun', 'speculating', 'tries', 'messages', 'stand', 'awakening', 'ditching', 'looms', 'makes', 'losers', 'path', 'wanting', 'standalone', 'indecent', 'latera', 'simmer', 'slits']",Freshman Roommate Awakening,"A freshman roommate, Paige, is sexually awakened by her new roommate's advances in their dorm room.","romance_core, sexual_content","setting:dorm_room, activity:sexual_awakening",False,"The keywords 'freshman', 'roommate', 'awakening', and 'indecent' suggest a sexual awakening scene. The snippets describe Paige's sexual awakening by her roommate, supporting the label and categories.",2.3,Explicit Sexual Acts,"Sexuality, Attraction & Intimacy",4.1,"Meeting, First Impressions & Setup",Relationship Trajectory (Main Couple),high,False,R12,Heroine responds sexually and emotionally,,III,Commitment & Restoration,False,high,"The topic's main_category of 'Explicit Sexual Acts' and representative snippets describing sexual acts ('hot, clenching center', 'indecent proposal') clearly place it in Phase III. It realizes Radway's function R12, as it focuses on explicit sexual union scenes."
341,"leaving, mirandaa, disrespectful, hadna, replacement, coolly, reunion, bogged, realizations, supplication",27,"['leaving', 'mirandaa', 'disrespectful', 'hadna', 'replacement', 'coolly', 'reunion', 'bogged', 'realizations', 'supplication', 'threat', 'slumming', 'coquettish', 'irritation', 'bye', 'issue', 'left', 'wherea', 'change', 'eardrums', 'bossing', 'messages', 'headspace', 'solidified', 'recognize', 'beings', 'sizing']",Reunion After Argument,"After a heated argument, he hesitates but ultimately decides not to leave her.","relationship_conflict, romance_core","setting:home, activity:arguing, activity:reunion",False,"The top keywords 'leaving', 'reunion', 'supplication', and 'threat' suggest a conflict followed by a change of heart. The snippets confirm this, showing the man deciding not to leave the woman, indicating a reunion after an argument.",4.4,"Conflict, Distance & Breakup Threats",Relationship Trajectory (Main Couple),,,,high,False,R7,Hero and heroine are physically or emotionally separated,,I,Initial Conflict & Isolation,False,high,"The topic revolves around the hero's decision to leave the heroine, indicating a physical or emotional separation, which is characteristic of Radway's function R7."
342,"wrong, somethinga, terribly, wrongs, feels, harbinger, critics, uncharacteristic, peculiar, event",27,"['wrong', 'somethinga', 'terribly', 'wrongs', 'feels', 'harbinger', 'critics', 'uncharacteristic', 'peculiar', 'event', 'horribly', 'westa', 'gentlemen', 'levels', 'righta', 'mistaken', 'case', 'gone', 'scenario', 'article', 'aa', 'ladies', 'surely', 'ita', 'behavior', 'adds', 'attitude']",Mistaken Accusations,"A couple argues heatedly, each convinced the other has done something wrong.","relationship_conflict, domestic_life","setting:living_room, activity:arguing",False,"The top keywords 'wrong', 'wrongs', 'mistaken' indicate a central conflict. Snippets like 'this is wrong.' and 'this is all coming out wrong.' confirm an argument about perceived mistakes. The label and scene_summary capture this recurring theme.",4.4,"Conflict, Distance & Breakup Threats",Relationship Trajectory (Main Couple),,,,high,False,R2,Heroine reacts antagonistically to the hero,,I,Initial Conflict & Isolation,False,high,"The topic's keywords and representative snippets ('this is wrong.', 'wrong.') indicate the heroine's resistance and disapproval, which is characteristic of Radway's R2 function where the heroine reacts antagonistically to the hero."
343,"navy, tie, wearing, crisp, shirt, tailored, charcoal, perfectly, custom, wore",27,"['navy', 'tie', 'wearing', 'crisp', 'shirt', 'tailored', 'charcoal', 'perfectly', 'custom', 'wore', 'suits', 'expensive', 'necktie', 'usual', 'maroon', 'decked', 'fitted', 'broad', 'looks', 'striped', 'muscular', 'fit', 'piece', 'bow', 'hea', 'customary', 'fits']",Business Attire In Office,"He, dressed in a crisp navy suit and tie, stands in his office, negotiating a business deal.","business_setting, romance_core","setting:office, activity:negotiating",False,"The top keywords 'navy', 'tie', 'crisp', 'shirt', 'tailored', 'charcoal', 'suits' all point to formal business attire. The snippets describe a man dressed in this manner, suggesting a professional setting. The label and scene_summary reflect this, with the primary categories indicating a business setting and core romantic relationship dynamics.",6.1,Hero's Elite Work & Business World,"Work, Wealth, Status & Institutions",,,,high,False,none,None of the above,,NA,Not a narrative function,True,high,"The topic focuses on the hero's clothing, specifically his suits and ties, which is not a central aspect of the heroine–hero relationship arc. It provides background detail about the hero's professional appearance but does not drive the narrative forward."
348,"seminar, swallowed, received, geniuses, brochures, slackened, clients, spiel, didn, pharmaceuticals",27,"['seminar', 'swallowed', 'received', 'geniuses', 'brochures', 'slackened', 'clients', 'spiel', 'didn', 'pharmaceuticals', 'wasn', 'brothel', 'backfired', 'brochure', 'challenge', 'confuse', 'sifted', 'inflection', 'fired', 'hasty', 'vp', 'slimy', 'cleared', 'hoped', 'remembered', 'fellow', 'information']",Seminar Networking,Business-minded attendees connect and discuss opportunities during a seminar.,"social_setting, work_or_school","setting:seminar, activity:discussing",False,"The top keywords 'seminar', 'clients', 'spiel' indicate a business context. The snippets mention meetings, talking numbers, and networking, supporting the label 'Seminar Networking'.",6.1,Hero's Elite Work & Business World,"Work, Wealth, Status & Institutions",5.2,Friends & Social Circles,Social World Outside Couple,high,False,none,None of the above,,NA,Not a narrative function,True,high,"The topic keywords and representative snippets focus on a business seminar and professional interactions, which do not directly involve the heroine-hero relationship. Therefore, it does not primarily realise any of Radway's 13 functions and is best classified as 'none'."
350,"didn, wasn, won, sell, childhood, months, guarded, defensive, sister, problemsa",27,"['didn', 'wasn', 'won', 'sell', 'childhood', 'months', 'guarded', 'defensive', 'sister', 'problemsa', 'clinic', 'bleakly', 'permission', 'wasteland', 'decisions', 'called', 'sympathize', 'goddesses', 'bashful', 'shape', 'gone', 'cabbage', 'lattes', 'survivors', 'told', 'vacation', 'violate']",Sisters Reflecting On Childhood,"The sisters sit together, reflecting on their shared childhood experiences and its lasting impact on their lives.","romance_core, domestic_life","setting:home, activity:reflecting_on_past",False,"The keywords 'childhood', 'months', 'sister', and 'decisions' indicate a focus on past experiences. The snippets show both sisters engaging in introspection and discussing their shared history, leading to the label and categories chosen.",3.4,"Beliefs, Values & Moral Reflection","Emotions, Cognition & Inner Life",,,,high,False,R1,Heroine's social identity is destroyed,,I,Initial Conflict & Isolation,False,high,"The topic revolves around Tara's emotional journey and self-reflection, triggered by her past traumas and current situation. This process of introspection and coming to terms with her past is a major blow to her social identity and self-concept, fitting Radway's R1 function."
351,"pool, swimming, swim, scum, gene, float, swimmer, cabana, jell, indoor",27,"['pool', 'swimming', 'swim', 'scum', 'gene', 'float', 'swimmer', 'cabana', 'jell', 'indoor', 'rebuild', 'waterfall', 'olympic', 'edge', 'pools', 'dive', 'dipping', 'instructora', 'voices', 'leap', 'jousting', 'aah', 'temperate', 'jonathana', 'toe', 'swimmers', 'fencing']",Indoor Pool Swimming,"She dives into the indoor pool, swimming laps while he watches from the cabana.","romance_core, physical_affection","setting:pool, activity:swimming",False,"The top keywords 'pool', 'swimming', 'indoor', and 'waterfall' indicate a scene centered around a pool. The snippets 'into the pool.' and 'sheâs at the dick pool.' support this, showing characters interacting with the pool. The label and scene summary reflect this, with no explicit sexual content indicated by the keywords or snippets.",1.5,Exercise & Physical Activity,Embodied & Sensory Experience,,,,high,False,none,None of the above,,NA,Not a narrative function,True,high,"The topic keywords and representative snippets ('pool', 'swimming') suggest a focus on physical activity or location, which does not primarily realise any of Radway's 13 narrative functions in the heroine–hero romance arc."
353,"regret, regrets, regretted, regretfully, regretting, happened, wona, realizations, validity, runny",27,"['regret', 'regrets', 'regretted', 'regretfully', 'regretting', 'happened', 'wona', 'realizations', 'validity', 'runny', 'acted', 'entree', 'dona', 'bring', 'live', 'profoundly', 'eon', 'later', 'scandals', 'liable', 'remedy', 'voicing', 'things', 'doubles', 'elicited', 'guilt', 'immense']",Regretful Realizations,"She sits alone, eyes closed, regretting past actions.","romance_core, relationship_conflict","setting:solitude, activity:reflecting",False,"Top keywords 'regret', 'regrets', 'realizations' indicate emotional reflection. Snippets like 'regret.', 'i close my eyes in regret.' confirm this interpretation.",3.2,Negative Emotions & Distress,"Emotions, Cognition & Inner Life",,,,high,False,R1,Heroine's social identity is destroyed,,I,Initial Conflict & Isolation,False,high,"The topic's keyword 'regret' and representative snippets ('i close my eyes in regret', 'is there regret there?') indicate that the heroine is experiencing regret, which is a major blow to her social identity or self-concept, fitting Radway's R1 function."
355,"cheeks, flush, flushes, sears, burn, floods, redden, flushed, burns, hotter",27,"['cheeks', 'flush', 'flushes', 'sears', 'burn', 'floods', 'redden', 'flushed', 'burns', 'hotter', 'flaming', 'forest', 'warmed', 'crawled', 'flare', 'sunburned', 'patronize', 'decree', 'plank', 'blush', 'sama', 'nauseating', 'blossoming', 'redder', 'overlooks', 'fills', 'rising']",Blushing Cheeks Conversation,She felt her cheeks heat as she struggled to express her feelings.,"romance_core, relationship_conflict","setting:around_table, activity:conversation",False,"The keywords 'cheeks', 'flush', 'blush', and 'heat' indicate a focus on facial expressions, while the nouns 'plank' and 'decree' suggest a structured setting like a table or a formal situation. The snippets confirm that the topic revolves around a conversation where the speaker's cheeks heat up, implying emotional intensity.",3.1,Positive Emotions & Security,"Emotions, Cognition & Inner Life",,,,high,False,none,None of the above,,NA,Not a narrative function,True,high,"The topic's keywords and snippets focus on the heroine's physical reaction ('heat rose into my cheeks'), which is a minor emotional response but not a central narrative function in the heroine–hero arc."
356,"fight, fighting, fought, battle, fights, battles, dragons, feud, war, confrontation",27,"['fight', 'fighting', 'fought', 'battle', 'fights', 'battles', 'dragons', 'feud', 'war', 'confrontation', 'fighter', 'supremacy', 'blowback', 'losing', 'martial', 'gigia', 'disagreements', 'stronga', 'staked', 'rebels', 'injure', 'sullenly', 'reconciliation', 'dissipates', 'inner', 'diffuse', 'sparring']",Intense Argument About Feud,The couple argues heatedly about their long-standing feud in the living room.,"relationship_conflict, domestic_life","setting:living_room, activity:arguing",False,"Top keywords 'fight', 'battle', 'feud', 'war' indicate a heated argument. Snippets like 'fight!', 'any fight.', 'a fight in them.' confirm this. The label and scene_summary reflect the central action and setting, supported by the keywords and snippets.",7.2,"Violence, Threats & Coercion","Conflict, Risk & Harm",4.4,"Conflict, Distance & Breakup Threats",Relationship Trajectory (Main Couple),high,False,R7,Hero and heroine are physically or emotionally separated,,I,Initial Conflict & Isolation,False,high,"The topic's keywords and representative snippets ('fight!', 'any fight.', 'a fight in them') all suggest conflict, which typically leads to separation or distance between the hero and heroine in Phase I of the romance narrative. The secondary category 'Conflict, Distance & Breakup Threats' further supports this interpretation."
357,"wasn, couldn, hungover, recognized, didn, innocently, indicated, whats, accordion, herculean",27,"['wasn', 'couldn', 'hungover', 'recognized', 'didn', 'innocently', 'indicated', 'whats', 'accordion', 'herculean', 'personality', 'announced', 'decadence', 'read', 'protest', 'translated', 'jest', 'killed', 'tv', 'gallop', 'chalk', 'ensued', 'sizing', 'disrupt', 'imitation', 'hadn', 'offend']",Annie's Gossip Reading,Annie reads gossip magazines in her living room to stay updated on social trends.,"domestic_life, social_setting","setting:living_room, activity:reading",False,"The top keyword 'gossips' and both snippets explicitly mention Annie reading gossip magazines. This topic describes a specific, recurring activity in her domestic life.",8.2,Public & Leisure Spaces,"Spaces, Time, Activities & Objects",,,,high,False,none,None of the above,,NA,Not a narrative function,True,high,"The topic focuses on the heroine's interest in gossip to maintain social status, which is not a central narrative function in the heroine–hero arc. It's more about her social environment and insecurities."
362,"adorable, cutest, nephew, cutes, absolutely, schnoodle, easter, whitea, beinga, incredibly",27,"['adorable', 'cutest', 'nephew', 'cutes', 'absolutely', 'schnoodle', 'easter', 'whitea', 'beinga', 'incredibly', 'sincea', 'juvenile', 'amazingly', 'human', 'cuddled', 'littlea', 'girly', 'immature', 'clarified', 'puke', 'shops', 'olivera', 'lethal', 'omg', 'innocently', 'whistle', 'carefree']",Adorable Nephew And Schnoodle,"The couple coos over their adorable nephew and his schnoodle, finding them absolutely adorable.","domestic_life, social_setting","setting:home, activity:cooing",False,"The top keywords 'adorable', 'cutest', 'nephew', and 'schnoodle' are all about finding something adorable. The snippets 'it was adorable.' and 'they were adorable, smart, and sweet.' confirm this. The label and scene_summary reflect this cuteness, with the scene_summary including the nephew and his schnoodle as the focus of the couple's adoration.",5.2,Friends & Social Circles,Social World Outside Couple,,,,high,False,none,None of the above,,NA,Not a narrative function,True,high,"The topic keywords and representative snippets focus on the couple's adorableness and sweetness, which is more descriptive than narrative-functional. The Stage 2 taxonomy group 'Friends & Social Circles' further confirms that this topic is about the couple's social circle, not their relationship progression."
365,"mirror, reflection, bathroom, stare, survey, mirrors, glance, length, studied, look",27,"['mirror', 'reflection', 'bathroom', 'stare', 'survey', 'mirrors', 'glance', 'length', 'studied', 'look', 'tuck', 'haggard', 'inspected', 'checked', 'reflecting', 'sink', 'hoodie', 'stared', 'restroom', 'blink', 'catch', 'dresser', 'appearance', 'looked', 'visor', 'armoire', 'walk']",Morning Grooming In Bathroom,"She looks at her reflection in the bathroom mirror, her eyes meeting her own as she prepares for the day.","domestic_life, physical_affection","setting:bathroom, activity:grooming",False,"The keywords 'mirror', 'reflection', 'bathroom', and 'look' indicate a scene centered around grooming in the bathroom. The snippets confirm this, with 'our eyes met in the mirror' and 'youâre a mirror.â âam i?' suggesting a morning routine involving looking in the mirror.",8.1,Domestic Spaces & Routines,"Spaces, Time, Activities & Objects",,,,high,False,none,None of the above,,NA,Not a narrative function,True,high,"The topic keywords and representative snippets focus on mirrors as objects, not on the heroine–hero relationship. The Stage 2 taxonomy group 'Domestic Spaces & Routines' further confirms this topic is about background context, not the main romance narrative."
