topic_id,keywords,num_keywords,all_keywords,label,scene_summary,primary_categories,secondary_categories,label_is_noise,label_rationale,taxonomy_main_id,taxonomy_main_name,taxonomy_main_group,taxonomy_secondary_id,taxonomy_secondary_name,taxonomy_secondary_group,taxonomy_confidence,taxonomy_is_noise,radway_main_id,radway_main_name,radway_secondary_id,radway_phase,radway_phase_name,radway_is_none,radway_confidence,radway_rationale
6,"wine, sip, bottle, drunk, whiskey, waiter, scotch, alcohol, drinking, poured",27,"['wine', 'sip', 'bottle', 'drunk', 'whiskey', 'waiter', 'scotch', 'alcohol', 'drinking', 'poured', 'cup', 'drinks', 'sips', 'glasses', 'drank', 'pour', 'tea', 'mug', 'bar', 'liquor', 'table', 'vodka', 'tequila', 'took', 'beers', 'set', 'tray']",Wine-drinking At Table,"The couple sits at a table, sipping wine from their glasses.","social_setting, physical_affection","setting:table, activity:drinking_wine",False,"The top keywords 'wine', 'sip', 'bottle', and 'drunk' indicate a scene centered around drinking wine. The snippets show characters engaging in this activity at a table, supporting the label and chosen categories.",5.2,Friends & Social Circles,Social World Outside Couple,,,,high,False,none,None of the above,,NA,Not a narrative function,True,high,"The topic keywords and representative snippets focus on the heroine's actions with wine, which do not directly relate to the heroine–hero relationship or any of Radway's 13 functions. The Stage 2 taxonomy group 'Friends & Social Circles' further supports that this topic is about the heroine's social world outside the couple, not the core romance narrative."
10,"door, doors, opens, opened, knock, hallway, stairs, elevators, floor, doorbell",27,"['door', 'doors', 'opens', 'opened', 'knock', 'hallway', 'stairs', 'elevators', 'floor', 'doorbell', 'shut', 'lock', 'closed', 'button', 'lobby', 'doorway', 'corridor', 'walk', 'doorman', 'closes', 'hall', 'office', 'foyer', 'building', 'step', 'walked', 'opening']",Knocking On Door,Someone hesitates before knocking on a door in a hallway.,"domestic_life, social_setting","setting:hallway, activity:knocking",False,"The top keywords 'door', 'doors', 'knock', 'hallway' indicate a scene centered around knocking on a door. The snippets confirm this, with phrases like 'can you open the door?' and 'is he coming out the front door?' supporting the label and scene summary.",8.1,Domestic Spaces & Routines,"Spaces, Time, Activities & Objects",,,,high,False,none,None of the above,,NA,Not a narrative function,True,high,"The topic revolves around domestic spaces and routines, specifically doors, which are not central to the heroine–hero relationship. It does not primarily realise any of Radway's 13 functions."
11,"wine, kitchen, plate, sip, waitress, bottle, cup, mug, dinner, food",27,"['wine', 'kitchen', 'plate', 'sip', 'waitress', 'bottle', 'cup', 'mug', 'dinner', 'food', 'eat', 'table', 'tea', 'salad', 'sipped', 'breakfast', 'counter', 'cream', 'lunch', 'bowl', 'fork', 'ice', 'poured', 'took', 'tray', 'sandwich', 'drinks']",Wine Tasting At Dinner,"The couple sits at a dinner table, sipping wine and waiting for their food.","social_setting, romance_core","setting:restaurant, activity:dinner, activity:wine_tasting",False,"The top keywords 'wine', 'dinner', 'food', and 'waitress' indicate a social setting involving a meal. The verb 'sip' suggests wine tasting, which is supported by the snippets mentioning wine glasses and bottles.",8.2,Public & Leisure Spaces,"Spaces, Time, Activities & Objects",,,,high,False,none,None of the above,,NA,Not a narrative function,True,high,"The topic focuses on actions in a public space, specifically involving wine, which is not directly related to the heroine–hero relationship or its narrative arc. It does not primarily realise any of Radway's 13 functions."
16,"fathera, parents, died, dada, older, fathers, children, kids, grandson, hea",27,"['fathera', 'parents', 'died', 'dada', 'older', 'fathers', 'children', 'kids', 'grandson', 'hea', 'years', 'uncles', 'youngest', 'brothera', 'dads', 'nephew', 'age', 'didna', 'familya', 'grandpaa', 'passed', 'youa', 'tell', 'having', 'kind', 'wasna', 'want']",Intergenerational Family Bonding,"The youngest grandson sits with his older uncles, reminiscing about their fathers' shared history.","domestic_life, relationship_conflict","setting:home, activity:reminiscing",False,"The keywords 'parents', 'fathers', 'children', and 'years' indicate a focus on family history. The snippets show characters discussing and remembering their fathers, suggesting a scene of intergenerational bonding and shared memories.",5.1,Family & Kinship,Social World Outside Couple,,,,high,False,none,None of the above,,NA,Not a narrative function,True,high,"The topic focuses on the hero's family and past, not the heroine–hero relationship, so it does not primarily realise any of Radway's 13 functions."
24,"rings, buzzes, pocket, rang, screen, cellphone, nightstand, ringing, message, purse",27,"['rings', 'buzzes', 'pocket', 'rang', 'screen', 'cellphone', 'nightstand', 'ringing', 'message', 'purse', 'buzzed', 'phones', 'vibrates', 'messages', 'dialed', 'grab', 'pinged', 'dings', 'app', 'blackberry', 'pull', 'pick', 'bag', 'beeps', 'check', 'desk', 'checked']",Phone Notifications During Night,"She's about to fall asleep when her phone buzzes on the nightstand, lighting up the screen with an incoming message.","domestic_life, relationship_conflict","setting:bedroom, activity:texting",False,"The top keywords 'phone', 'buzzes', 'nightstand', and 'message' indicate that the topic revolves around phone notifications during nighttime. The snippets confirm this, showing characters reacting to their phones buzzing or vibrating at night.",8.1,Domestic Spaces & Routines,"Spaces, Time, Activities & Objects",,,,high,False,none,None of the above,,NA,Not a narrative function,True,high,"The topic is about a phone buzzing, which is a background context and not directly related to the heroine–hero relationship. It does not correspond to any of Radway's 13 functions."
27,"door, doors, opened, car, stairs, shut, stepped, purse, headed, walked",27,"['door', 'doors', 'opened', 'car', 'stairs', 'shut', 'stepped', 'purse', 'headed', 'walked', 'unlocked', 'hall', 'opens', 'closed', 'button', 'knocked', 'elevators', 'lock', 'knob', 'climbed', 'hallway', 'doorway', 'pulled', 'passenger', 'inside', 'slammed', 'entrance']",Exiting Through Doorways,"She opened the door and stepped out into the hallway, leaving him behind in the car.","domestic_life, social_setting","setting:doorway, activity:exiting",False,"The top keywords 'door', 'doors', 'car', and 'stairs' indicate a scene of exiting through doorways. The snippets confirm this, showing characters opening doors and leaving through them.",8.1,Domestic Spaces & Routines,"Spaces, Time, Activities & Objects",,,,high,False,none,None of the above,,NA,Not a narrative function,True,high,"The topic focuses on mundane actions and objects, not the heroine–hero relationship. It lacks keywords, labels, or summaries related to romance or conflict, and its taxonomy group is 'Domestic Spaces & Routines', which is not central to the heroine–hero arc."
29,"minutes, weeks, months, days, week, hours, years, month, seconds, hour",27,"['minutes', 'weeks', 'months', 'days', 'week', 'hours', 'years', 'month', 'seconds', 'hour', 'ago', 'longer', 'ita', 'couple', 'minute', 'passed', 'longest', 'decades', 'later', 'maybe', 'weeksa', 'eta', 'half', 'took', 'lasted', 'counting', 'need']",Time Perception Distortion,"She felt like hours had passed, but it was only minutes.","romance_core, relationship_conflict","setting:undefined, activity:waiting",False,"The top keywords 'minutes', 'hours', and 'seconds' indicate a focus on time perception. The snippets show this time being experienced as distorted, with 'sixty minutes of your time' and 'the minutes feel like hours'. This label captures the typical scene of time passing differently due to emotional state.",3.1,Positive Emotions & Security,"Emotions, Cognition & Inner Life",,,,high,False,none,None of the above,,NA,Not a narrative function,True,high,"The topic lacks keywords, labels, or summaries related to the heroine–hero relationship, and it's not categorized under romance_core or relationship dynamics. It only discusses time duration, which is not a narrative function in Radway's taxonomy."
30,"game, hockey, puck, players, games, play, player, teams, goalie, goal",27,"['game', 'hockey', 'puck', 'players', 'games', 'play', 'player', 'teams', 'goalie', 'goal', 'offs', 'baseball', 'season', 'stadium', 'football', 'series', 'basketball', 'playoffs', 'sports', 'overtime', 'league', 'playing', 'period', 'nhl', 'teama', 'net', 'fans']",Hockey Game Action,"The couple watches a hockey game, focusing on the players and the puck.","social_setting, romance_core","setting:sports_event, activity:watching_game",False,"The top keywords 'game', 'hockey', 'puck', 'players' indicate a focus on a hockey game. The snippets confirm this, with phrases like 'game on.' and '[NAME] is looking at me with his hockey game face.' This topic describes a social setting where the couple engages in shared interest and bonding over a hockey game.",8.2,Public & Leisure Spaces,"Spaces, Time, Activities & Objects",,,,high,False,none,None of the above,,NA,Not a narrative function,True,high,"The topic keywords and representative snippets focus on a 'game' context, which is not directly related to the heroine–hero relationship or their emotional journey. The Stage 2 taxonomy group 'Public & Leisure Spaces' further confirms this topic's background nature."
33,"business, company, dollars, pay, job, million, thousand, paid, investment, cost",27,"['business', 'company', 'dollars', 'pay', 'job', 'million', 'thousand', 'paid', 'investment', 'cost', 'profit', 'paycheck', 'billion', 'income', 'bank', 'buy', 'companies', 'lot', 'dollar', 'moneya', 'account', 'arrangement', 'deal', 'bucks', 'paying', 'companya', 'transaction']",Business Discussion,The couple discusses business matters at the dinner table.,"domestic_life, work_or_school","setting:dinner_table, activity:discussion",False,"The top keywords 'business', 'company', and 'job' indicate a business context. The snippets show a conversation happening, likely at a dinner table, as suggested by the phrase 'âyour new business.â he deflated.'",6.1,Hero's Elite Work & Business World,"Work, Wealth, Status & Institutions",,,,high,False,none,None of the above,,NA,Not a narrative function,True,high,"The topic keywords and representative snippets focus on the hero's business world, which is not directly related to the heroine–hero relationship. It does not primarily realise any of Radway's 13 functions."
49,"babysitter, babya, born, babysit, healthy, having, want, infant, raise, youa",27,"['babysitter', 'babya', 'born', 'babysit', 'healthy', 'having', 'want', 'infant', 'raise', 'youa', 'months', 'harming', 'need', 'thata', 'outsiders', 'dona', 'fetal', 'epidural', 'unprotected', 'inflated', 'coos', 'hold', 'raising', 'health', 'newborn', 'adopt', 'term']",Hiring A Babysitter,She realizes she needs a babysitter for her infant.,"domestic_life, social_setting","setting:home, activity:calling",False,"The top keyword 'babysitter' and snippet 'i need a babysitter.' indicate the main action. The keyword 'infant' and snippet '[NAME] just called' suggest the context is domestic life, with the setting being at home. The keyword 'outsiders' and snippet 'i had no idea what a babysitter would charge' imply a social setting, as she's dealing with an external service.",5.2,Friends & Social Circles,Social World Outside Couple,,,,high,False,none,None of the above,,NA,Not a narrative function,True,high,"The topic keywords and representative snippets indicate that this topic is about finding a babysitter, which is a practical task related to the heroine's daily life but not directly tied to her relationship with the hero. It does not primarily realise any of Radway's 13 functions in the heroine–hero romance arc."
51,"maddiea, sama, karaa, clinic, answered, didn, tremulous, couldn, friend, sighed",27,"['maddiea', 'sama', 'karaa', 'clinic', 'answered', 'didn', 'tremulous', 'couldn', 'friend', 'sighed', 'wasn', 'sister', 'physician', 'rolled', 'results', 'unable', 'hugged', 'expression', 'smiled', 'knew', 'shamed', 'later', 'melted', 'released', 'wept', 'lost', 'wedged']",Emotional Support At Clinic,"She sat trembling in the clinic, her sister beside her, as they awaited the physician's results.","romance_core, relationship_conflict","setting:clinic, activity:awaiting_results",False,"The keywords 'clinic', 'tremulous', 'friend', 'sister', and 'results' indicate a medical setting with emotional tension. The snippets show a character awaiting news, supported by a sibling, which suggests emotional bonding and relationship conflict.",5.2,Friends & Social Circles,Social World Outside Couple,3.2,Negative Emotions & Distress,"Emotions, Cognition & Inner Life",high,False,none,None of the above,,NA,Not a narrative function,True,high,"The topic keywords and snippets do not relate to the heroine–hero relationship, focusing instead on the heroine's interactions with her friend Maddie and her own internal thoughts. The Stage 2 taxonomy groups it under 'Friends & Social Circles' and 'Negative Emotions & Distress', further emphasizing its peripheral role in the romance narrative."
54,"rang, dialed, message, texted, screen, picked, pocket, texting, checked, rings",27,"['rang', 'dialed', 'message', 'texted', 'screen', 'picked', 'pocket', 'texting', 'checked', 'rings', 'hung', 'buzzed', 'texts', 'ear', 'pulled', 'pulls', 'ringing', 'numbers', 'voicemail', 'called', 'sent', 'phonea', 'purse', 'tracking', 'picture', 'messages', 'app']",Phone Ringing And Answering,"The phone rings, and someone picks it up.","domestic_life, social_setting","setting:phone, activity:answering",False,"The top keywords 'rang', 'ringing', 'phone', and 'picked' indicate a repeated action of the phone ringing and being answered. The snippets confirm this action in different contexts, with 'mama' and '[NAME]' picking up the phone.",8.2,Public & Leisure Spaces,"Spaces, Time, Activities & Objects",,,,high,False,none,None of the above,,NA,Not a narrative function,True,high,"The topic keywords and representative snippets indicate that this topic is about phone calls, which is a background context and not directly related to the heroine–hero relationship. It does not belong to the 'Relationship Trajectory (Main Couple)' or 'Sexuality, Attraction & Intimacy' taxonomy groups, and it does not involve any emotional, sexual, or conflict-related content between the heroine and the hero."
56,"sleep, asleep, slept, nap, hours, wake, night, woke, nighta, fall",27,"['sleep', 'asleep', 'slept', 'nap', 'hours', 'wake', 'night', 'woke', 'nighta', 'fall', 'lack', 'tired', 'nights', 'fallen', 'hour', 'couldna', 'insomnia', 'havena', 'need', 'sleepa', 'bed', 'middle', 'drifted', 'drift', 'exhausted', 'sleeps', 'cana']",Sleep Deprivation,"She tosses and turns, unable to find rest in the quiet bedroom.","romance_core, domestic_life","setting:bedroom, activity:sleeping",False,"The top keywords 'sleep', 'asleep', 'nap', 'hours', and 'night' indicate a focus on sleep. The snippets describe struggles with sleep, such as 'it was the sweetest sleep i ever had' and 'i never sleep this late'. This topic represents a common experience in romantic fiction, where characters' sleep patterns are affected by stress or emotional turmoil.",3.2,Negative Emotions & Distress,"Emotions, Cognition & Inner Life",,,,high,False,none,None of the above,,NA,Not a narrative function,True,high,"The topic lacks keywords, label, or scene summary, and it's not categorized under romance_core or any main couple relationship trajectory. It's about sleep, which is a background context, not a central part of the heroine–hero relationship arc."
57,"shower, bathroom, bath, tub, toilet, bathtub, showers, restroom, showering, showered",27,"['shower', 'bathroom', 'bath', 'tub', 'toilet', 'bathtub', 'showers', 'restroom', 'showering', 'showered', 'spray', 'stall', 'quick', 'showerhead', 'toilets', 'towel', 'use', 'jacuzzi', 'walk', 'bathrooms', 'running', 'turn', 'robe', 'clothes', 'need', 'washing', 'suite']",Shower Hygiene,"The couple heads into the bathroom, with one of them taking a shower.","domestic_life, physical_affection","setting:bathroom, activity:showering",False,"The top keywords 'shower', 'bathroom', and 'bathtub' indicate a scene centered around showering. The snippets confirm this, with characters either taking a shower or preparing to do so.",8.1,Domestic Spaces & Routines,"Spaces, Time, Activities & Objects",,,,high,False,none,None of the above,,NA,Not a narrative function,True,high,"The topic is about daily routines and activities, specifically showering, which is not a narrative function in the heroine–hero romance arc."
60,"bossa, ceos, employee, bosses, board, company, manager, job, hea, youa",27,"['bossa', 'ceos', 'employee', 'bosses', 'board', 'company', 'manager', 'job', 'hea', 'youa', 'chief', 'rule', 'technically', 'appoint', 'work', 'secretary', 'national', 'paints', 'position', 'role', 'appointed', 'employees', 'operations', 'leader', 'dictator', 'bossman', 'description']",Boss's Boss Interaction,The employee interacts with their boss's boss in a professional setting.,"work_or_school, relationship_conflict","setting:office, activity:discussion",False,"The top keywords 'ceos', 'employee', 'bosses', 'board', 'company' indicate a business context. The snippets mention interactions with the boss's boss, suggesting a professional relationship dynamic. The label and scene summary reflect this, with primary categories of 'work_or_school' and 'relationship_conflict'.",6.1,Hero's Elite Work & Business World,"Work, Wealth, Status & Institutions",,,,high,False,none,None of the above,,NA,Not a narrative function,True,high,"The topic keywords and representative snippets focus on work hierarchy and professional relationships, not the heroine–hero romance arc. The Stage 2 taxonomy confirms this, placing the topic under 'Hero's Elite Work & Business World'."
72,"natea, hockey, game, bankers, router, weirdly, corporate, general, famously, teama",27,"['natea', 'hockey', 'game', 'bankers', 'router', 'weirdly', 'corporate', 'general', 'famously', 'teama', 'offer', 'box', 'says', 'division', 'jinxing', 'checkpoint', 'ignores', 'travel', 'furthera', 'stunned', 'player', 'whisking', 'manager', 'offs', 'ibits', 'humor', 'gulfstream']",Hockey Game Action,"The couple watches a hockey game together, cheering for their team.","romance_core, social_setting","setting:sports_event, activity:cheering",False,"The top keyword 'hockey' and the snippet '[NAME] a good guy.' indicate a shared interest in hockey. The snippets '[NAME] assistant must be in.' and 'but i donât let go of [NAME] hand.' suggest they are watching the game together, supporting the label 'Hockey Game Action'.",8.2,Public & Leisure Spaces,"Spaces, Time, Activities & Objects",,,,high,False,none,None of the above,,NA,Not a narrative function,True,high,"The topic lacks romance-specific keywords, has no label or scene summary, and falls under 'Public & Leisure Spaces', which typically doesn't drive the heroine-hero narrative."
79,"daisya, rule, replies, grandmother, whispers, says, remya, needs, cries, freezes",27,"['daisya', 'rule', 'replies', 'grandmother', 'whispers', 'says', 'remya', 'needs', 'cries', 'freezes', 'staring', 'puts', 'wide', 'makes', 'asks', 'saucers', 'kansas', 'dicka', 'moment', 'passes', 'personality', 'swallows', 'appears', 'mutters', 'chairs', 'awesome', 'shrieks']",Grandmother's Tears,"The grandmother cries wide-eyed, muttering to herself in the kitchen chairs.","romance_core, domestic_life","setting:kitchen, activity:crying",False,"The top keywords 'grandmother', 'cries', 'wide', 'saucers', and 'moment' all point to a scene involving the grandmother crying. The snippets confirm this, with 'daisyâs not in the house.', 'daisyâ[NAME]youâre an idiot.', and 'but daisyâs eyes are still on me.' all describing the grandmother's emotional state.",5.1,Family & Kinship,Social World Outside Couple,,,,high,False,none,None of the above,,NA,Not a narrative function,True,high,"The topic keywords and representative snippets do not contain any direct references to the heroine or hero, their relationship, or any narrative events involving them. The Stage 2 taxonomy classification of 'Family & Kinship (Social World Outside Couple)' further supports that this topic is not a central part of the heroine–hero romance arc."
81,"parents, children, kids, families, familya, aunts, uncles, parentsa, theya, grow",27,"['parents', 'children', 'kids', 'families', 'familya', 'aunts', 'uncles', 'parentsa', 'theya', 'grow', 'member', 'want', 'parent', 'raise', 'parenting', 'adopt', 'inherit', 'traditional', 'cousins', 'important', 'conceive', 'dona', 'stability', 'someday', 'raising', 'dada', 'relatives']",Family Discussion Around Table,"The family sits around the table, discussing their wants and needs.","domestic_life, relationship_conflict","setting:kitchen, activity:discussion",False,"The top keywords 'parents', 'children', 'kids', 'families', and 'want' indicate a family discussion. The snippets 'your parents?', 'what about your parents?', and 'my parents.' confirm this, showing the topic revolves around family conversations.",5.1,Family & Kinship,Social World Outside Couple,,,,high,False,none,None of the above,,NA,Not a narrative function,True,high,"The topic keywords and representative snippets focus on parents, indicating a topic about family and kinship, which is not a central narrative function in the heroine–hero romance arc."
83,"goats, dogs, animal, puppies, animals, sheep, pet, lion, pets, hound",27,"['goats', 'dogs', 'animal', 'puppies', 'animals', 'sheep', 'pet', 'lion', 'pets', 'hound', 'herd', 'videos', 'doga', 'shepherd', 'retriever', 'barking', 'bulldog', 'tail', 'remove', 'sing', 'labrador', 'pit', 'pigs', 'german', 'paws', 'lamb', 'submissive']",Animal Farm Visit,"The couple visits a farm filled with goats, dogs, and other animals.","domestic_life, social_setting","setting:farm, activity:visiting_animals",False,"The top keywords 'goats', 'dogs', 'animal', and 'pets' indicate a focus on animals. The snippets mention visiting and interacting with these animals, suggesting a scene at an animal farm.",8.2,Public & Leisure Spaces,"Spaces, Time, Activities & Objects",,,,high,False,none,None of the above,,NA,Not a narrative function,True,high,"The topic keywords and representative snippets focus on goats and related humor, with no direct connection to the heroine–hero relationship or romance arc. The main taxonomy category 'Public & Leisure Spaces' further supports this, as it indicates a background setting rather than a central narrative function."
86,"york, rent, lease, city, rental, pay, live, monthly, renting, montha",27,"['york', 'rent', 'lease', 'city', 'rental', 'pay', 'live', 'monthly', 'renting', 'montha', 'landlord', 'week', 'orleans', 'yorker', 'moved', 'chicago', 'space', 'moving', 'lived', 'paying', 'month', 'place', 'credit', 'midtown', 'established', 'nyc', 'angeles']",City Apartment Lease Negotiation,"The couple sits around a table in their New York City rental, discussing the terms of their lease with their landlord.","domestic_life, work_or_school","setting:city, setting:apartment, activity:negotiating",False,"The top keywords 'rent', 'lease', 'city', 'monthly', and 'landlord' indicate a focus on apartment leasing. The snippets confirm this, showing conversations about New York City rentals and lease terms.",6.4,"Money, Housing & Economic Security","Work, Wealth, Status & Institutions",8.1,Domestic Spaces & Routines,"Spaces, Time, Activities & Objects",high,False,none,None of the above,,NA,Not a narrative function,True,high,"The topic keywords and representative snippets focus on the location 'New York', which is a setting rather than a narrative function in the heroine–hero romance arc. It does not primarily realise any of Radway's 13 functions."
90,"hospital, surgeon, surgery, doctors, trauma, doctora, medical, appointment, er, clinic",27,"['hospital', 'surgeon', 'surgery', 'doctors', 'trauma', 'doctora', 'medical', 'appointment', 'er', 'clinic', 'operating', 'specialist', 'patients', 'hospitals', 'nurses', 'tests', 'attending', 'anesthesiologist', 'visit', 'spoke', 'personnel', 'paged', 'physician', 'consult', 'room', 'results', 'scrubs']",Medical Appointment At Hospital,"The couple finds themselves in the hospital, discussing their medical appointment.","domestic_life, social_setting","setting:hospital, activity:discussion",False,"The top keywords 'hospital', 'appointment', and 'medical' indicate a medical setting. The snippets confirm this, with 'in the hospital' and 'i see it all the time at the hospital' suggesting a scene at a hospital. The label 'Medical Appointment At Hospital' reflects this, and the primary categories 'domestic_life' and 'social_setting' are chosen because the scene involves a couple discussing their medical appointment, which is a part of their daily life and occurs in a social setting.",6.5,"Law, Medicine, Education & Formal Institutions","Work, Wealth, Status & Institutions",,,,high,False,none,None of the above,,NA,Not a narrative function,True,high,"The topic keywords and representative snippets indicate that this topic is about the heroine's work environment, specifically a hospital. It does not primarily realise any of Radway's 13 functions in the heroine–hero romance arc."
92,"furniture, fireplace, ceiling, windows, chairs, floors, wood, walls, floor, ceilings",27,"['furniture', 'fireplace', 'ceiling', 'windows', 'chairs', 'floors', 'wood', 'walls', 'floor', 'ceilings', 'leather', 'rugs', 'room', 'decorated', 'marble', 'balcony', 'castle', 'huge', 'modern', 'large', 'sofa', 'rooms', 'area', 'chandelier', 'plush', 'couches', 'mansion']",Luxury Hotel Suite,"The couple explores a lavish hotel suite, admiring the beige furniture, brown wood tables, and floor-to-ceiling windows.","domestic_life, social_setting","setting:hotel_suite, activity:exploring",False,"The top keywords 'furniture', 'fireplace', 'ceiling', 'windows', and 'chairs' describe the interior of a hotel suite. The snippets confirm this, mentioning details like 'matching beige furniture', 'floor-to-ceiling windows', and 'hunter-green' paint. The label and categories reflect this setting and the activity of exploring it.",8.1,Domestic Spaces & Routines,"Spaces, Time, Activities & Objects",,,,high,False,none,None of the above,,NA,Not a narrative function,True,high,"The topic focuses on describing physical spaces and furniture, which is background context for the romance narrative. It does not directly involve the heroine–hero relationship or their emotional journey."
95,"harpera, spoke, worlds, asked, spending, personal, client, consult, consolidate, fib",27,"['harpera', 'spoke', 'worlds', 'asked', 'spending', 'personal', 'client', 'consult', 'consolidate', 'fib', 'work', 'daughtera', 'helped', 'revised', 'trauma', 'dissolve', 'collide', 'tyrant', 'evening', 'best', 'called', 'months', 'tell', 'saving', 'presenting', 'daughter', 'pitch']",Work-related Evening Call,She makes a work-related call in the evening.,"domestic_life, work_or_school","setting:evening, activity:calling",False,"The top keyword 'evening' and snippet 'harperâs gone to call him.' indicate a typical evening scene. The keyword 'work' suggests a work-related activity, which is further supported by the snippet 'of course harperâs going to make it.' The label and categories reflect this specific, non-sexual scene.",6.4,"Money, Housing & Economic Security","Work, Wealth, Status & Institutions",,,,medium,False,none,None of the above,,NA,Not a narrative function,True,high,"The topic's keywords and representative snippets focus on a character named Harper, but do not mention the heroine or hero, or any romantic interaction. The Stage 2 taxonomy places it under 'Money, Housing & Economic Security', further indicating it's not part of the heroine–hero narrative arc."
98,"dantea, engagement, pudding, glinted, granite, excused, growled, parents, assault, warning",27,"['dantea', 'engagement', 'pudding', 'glinted', 'granite', 'excused', 'growled', 'parents', 'assault', 'warning', 'europe', 'conversation', 'ugliest', 'engaged', 'shut', 'kaia', 'di', 'discussed', 'pickles', 'fianca', 'woulda', 'hadna', 'shards', 'touched', 'topic', 'musta', 'arranged']",Parental Warning About Engagement,"Dante's parents warn him about his engagement, expressing their concerns.","relationship_conflict, domestic_life","setting:home, activity:warning",False,The top keyword 'engagement' and the snippets mentioning 'Dante's parents' and 'warning' indicate a scene where parents are expressing their concerns about their son's engagement.,5.1,Family & Kinship,Social World Outside Couple,4.3,"Secrets, Misunderstandings & Hidden Information",Relationship Trajectory (Main Couple),high,False,none,None of the above,,NA,Not a narrative function,True,high,"The topic keywords and representative snippets focus on characters outside the main couple (Dante's mother, his butler), and the main taxonomy category is 'Family & Kinship (Social World Outside Couple)', indicating that this topic does not primarily realise any of Radway's 13 functions in the heroine–hero romance arc."
99,"loved, loves, adored, utterly, madly, vacuum, told, despite, desperately, falling",27,"['loved', 'loves', 'adored', 'utterly', 'madly', 'vacuum', 'told', 'despite', 'desperately', 'falling', 'truly', 'denying', 'cared', 'completely', 'thought', 'really', 'learning', 'matter', 'mezcal', 'pangs', 'turd', 'damned', 'unravels', 'doted', 'bossing', 'irrevocably', 'abashed']",Desire And Regret Conversation,"The couple, sitting at the table, discusses their feelings of desire and regret from the past.","romance_core, relationship_conflict","setting:table, activity:discussing_feelings",False,"The keywords 'desirable', 'understandable', 'wishes', and 'regret' along with the snippets mentioning love and confusion about feelings support a label focused on a conversation about desire and regret. The setting around a table and the activity of discussing feelings are clearly indicated in the snippets.",3.2,Negative Emotions & Distress,"Emotions, Cognition & Inner Life",,,,medium,False,none,None of the above,,NA,Not a narrative function,True,high,"The topic has no keywords, label, or scene summary, and it's not categorized under romance_core or relationship dynamics. It's about general emotions, not specifically related to the heroine–hero arc."
101,"gretchena, bronta, library, letter, letters, kleenex, headed, writer, gave, racked",27,"['gretchena', 'bronta', 'library', 'letter', 'letters', 'kleenex', 'headed', 'writer', 'gave', 'racked', 'sister', 'cheerfully', 'sighed', 'began', 'comebacks', 'acerbic', 'widened', 'bit', 'pert', 'tragic', 'raised', 'vibrant', 'likes', 'greenhouse', 'frowned', 'weeping', 'unable']",Sister's Tragic Letters,The writer reads his sister's tragic letters in the library.,"romance_core, relationship_conflict","setting:library, activity:reading",False,"The top keywords 'library', 'letters', and 'sister' indicate a scene centered around reading letters. The keyword 'tragic' suggests emotional content, leading to the 'romance_core' and 'relationship_conflict' primary categories. The scene summary reflects the most typical scenario implied by the keywords and snippets.",5.1,Family & Kinship,Social World Outside Couple,,,,high,False,none,None of the above,,NA,Not a narrative function,True,high,"The topic has no keywords, label, or scene summary, and it's not assigned any primary or secondary categories. It's not part of the 'Relationship Trajectory (Main Couple)' or 'Sexuality, Attraction & Intimacy' taxonomy groups, so it doesn't primarily realise any of Radway's 13 functions in the heroine–hero romance arc."
104,"kelseya, asks, says, pigeon, uh, helpful, sustainable, excited, cork, answers",27,"['kelseya', 'asks', 'says', 'pigeon', 'uh', 'helpful', 'sustainable', 'excited', 'cork', 'answers', 'indecent', 'think', 'pitiful', 'looks', 'absolutely', 'reverse', 'chimes', 'say', 'declined', 'sister', 'turns', 'type', 'claps', 'trying', 'beaming', 'shouts', 'thata']",Sister's Confusing Admissions,"Kelsea struggles to understand her sister's cryptic, emotional admissions.","relationship_conflict, domestic_life","setting:home, activity:confession",False,"The keywords 'sister', 'indecent', 'pitiful', and 'chimes' suggest a tense, emotional conversation. The snippets show Kelsea trying to make sense of her sister's unclear feelings, indicating a scene of relationship conflict within the home.",5.1,Family & Kinship,Social World Outside Couple,3.2,Negative Emotions & Distress,"Emotions, Cognition & Inner Life",medium,False,none,None of the above,,NA,Not a narrative function,True,high,"This topic lacks keywords, label, or scene summary, and its Stage 1 categories are empty. The Stage 2 taxonomy places it in 'Family & Kinship' and 'Negative Emotions & Distress', which are not central to the heroine–hero romance arc. The snippets do not suggest any clear narrative function between the heroine and hero."
109,"wealthy, richest, millionaire, eligible, billionairea, wealthiest, wealth, worlda, billion, world",27,"['wealthy', 'richest', 'millionaire', 'eligible', 'billionairea', 'wealthiest', 'wealth', 'worlda', 'billion', 'world', 'businessman', 'male', 'dollar', 'net', 'envied', 'bachelor', 'businessmen', 'article', 'spoiled', 'lifestyle', 'folks', 'cocky', 'planet', 'royalty', 'leslienorthbooks', 'overachieving', 'lifestyles']",Wealthy Businessman's Lifestyle,The wealthy businessman discusses business deals over dinner at an upscale restaurant.,"social_setting, romance_core","setting:restaurant, activity:discussing_business",False,"The top keywords 'wealthy', 'businessman', and 'world' indicate a focus on the businessman's lifestyle. The snippets mention dinner and business discussions, supporting the 'social_setting' and 'romance_core' categories.",6.1,Hero's Elite Work & Business World,"Work, Wealth, Status & Institutions",,,,high,False,none,None of the above,,NA,Not a narrative function,True,high,"The topic keywords and representative snippets focus on wealth and status, which are not central to the heroine–hero relationship arc. They do not primarily realise any of Radway's 13 functions."
112,"rain, winter, wet, raining, chilly, icy, snowing, rained, flakes, freezing",27,"['rain', 'winter', 'wet', 'raining', 'chilly', 'icy', 'snowing', 'rained', 'flakes', 'freezing', 'colder', 'glacier', 'weather', 'outside', 'sky', 'snowy', 'rainstorm', 'skies', 'wind', 'air', 'rains', 'soaked', 'umbrella', 'temperature', 'snowflakes', 'sheets', 'wetter']",Snowy Winter Walk,"The couple walks through the snowy streets, flakes falling around them.","romance_core, domestic_life","setting:outdoors, activity:walking",False,"The top keywords 'rain', 'winter', 'snowy', 'flakes' indicate a snowy setting. The snippets like 'make it rain' and '[NAME] i ask' suggest a couple engaged in an activity together, likely walking given no other specific actions are mentioned.",8.2,Public & Leisure Spaces,"Spaces, Time, Activities & Objects",,,,high,False,none,None of the above,,NA,Not a narrative function,True,high,"The topic keywords and representative snippets ('rain.', 'make it rain.', 'the [NAME] i ask.') do not contain any direct references to the heroine, hero, or their relationship. The main taxonomy category 'Public & Leisure Spaces' further supports this, as it indicates the topic is about general environments or activities, not the core romance narrative."
113,"daphnea, audreya, drugs, curious, sister, shrugged, volunteer, continued, suspected, labela",27,"['daphnea', 'audreya', 'drugs', 'curious', 'sister', 'shrugged', 'volunteer', 'continued', 'suspected', 'labela', 'wiped', 'sad', 'gave', 'determined', 'irritably', 'skinny', 'incidents', 'clean', 'cigarette', 'tabloid', 'gone', 'relished', 'look', 'furious', 'staggered', 'troubled', 'sizes']",Sister's Drug Struggle,"The sister, determined to help, visits Daphne in her apartment.","relationship_conflict, domestic_life","setting:apartment, activity:visiting",False,"The keywords 'sister', 'drugs', and 'daphne' indicate a relationship focus. The snippets show the sister's determination to help Daphne, placing this topic in 'relationship_conflict' and 'domestic_life'. The setting is Daphne's apartment, as shown in the snippets.",5.1,Family & Kinship,Social World Outside Couple,,,,medium,False,none,None of the above,,NA,Not a narrative function,True,high,"The topic keywords and representative snippets indicate that this topic is about the heroine's relationship with her family or friends, not her romantic partner. It does not primarily realise any of Radway's 13 functions in the heroine–hero romance arc."
118,"holta, donovana, doesna, zullya, addressing, lets, publicity, finds, knows, forthcoming",27,"['holta', 'donovana', 'doesna', 'zullya', 'addressing', 'lets', 'publicity', 'finds', 'knows', 'forthcoming', 'horsea', 'gives', 'deal', 'turns', 'escorting', 'coaching', 'michaela', 'hea', 'presumably', 'position', 'impression', 'steelea', 'realize', 'isna', 'rarely', 'board', 'antics']",Boardroom Negotiation,"The couple sits across from each other at a boardroom table, discussing a business deal.","romance_core, work_or_school","setting:boardroom, activity:negotiating",False,"The top keywords 'board', 'deal', and 'position' indicate a business negotiation setting. The snippets confirm this, with 'Holtâs arm' referring to a position at the board and '[NAME] recalls the first time he met holtâs father, [NAME].', suggesting a business or work context.",6.1,Hero's Elite Work & Business World,"Work, Wealth, Status & Institutions",,,,high,False,none,None of the above,,NA,Not a narrative function,True,high,"The topic keywords and representative snippets focus on the hero's work and family background, which is peripheral to the heroine–hero relationship. It does not primarily realise any of Radway's 13 functions."
124,"viviana, shallowed, ante, returned, engagement, stunt, instances, cheeks, ex, flushed",27,"['viviana', 'shallowed', 'ante', 'returned', 'engagement', 'stunt', 'instances', 'cheeks', 'ex', 'flushed', 'tensed', 'parents', 'surprise', 'figuratively', 'wouldna', 'weakness', 'fianca', 'surfaced', 'relationship', 'mention', 'didna', 'th', 'interruption', 'soft', 'originally', 'fathera', 'followed']",Engagement Surprise,"The couple's parents, surprised, learn about their engagement.","relationship_conflict, domestic_life","setting:home, activity:argument",False,"The top keyword 'engagement' indicates a significant relationship event. The keywords 'parents', 'surprise', and 'ex' suggest a scene involving family reaction. Snippets like 'vivianâs voice rose to match mine' and 'vivianâs gone' imply an argumentative scene at home.",5.1,Family & Kinship,Social World Outside Couple,,,,high,False,none,None of the above,,NA,Not a narrative function,True,high,"The topic is about the heroine's parents and does not directly involve the heroine-hero relationship, making it background context rather than a narrative function in the romance arc."
130,"says, told, argues, replied, offered, asked, promised, prospect, unconvinced, panted",27,"['says', 'told', 'argues', 'replied', 'offered', 'asked', 'promised', 'prospect', 'unconvinced', 'panted', 'protested', 'thought', 'admitted', 'news', 'stamina', 'appreciate', 'implying', 'replies', 'bring', 'admits', 'spoke', 'want', 'practice', 'sister', 'wona', 'burden', 'carry']",Sister's Confusing Admissions,"The sister confesses her struggles and secrets to her sibling in a quiet, intense conversation.","relationship_conflict, domestic_life","setting:home, activity:confession",False,"The top keywords 'sister', 'confession', and 'admissions' along with the snippets indicating intense conversations and admissions of struggles support the label 'Sister's Confusing Admissions'. The primary categories 'relationship_conflict' and 'domestic_life' are chosen because the topic revolves around family relationships and emotional conflicts within the home.",5.1,Family & Kinship,Social World Outside Couple,,,,medium,False,none,None of the above,,NA,Not a narrative function,True,high,"The topic has no keywords, label, or scene summary, and it's not categorized under any romance-related stage 1 or stage 2 categories. Therefore, it does not primarily realize any of Radway's 13 functions in the heroine–hero romance arc."
135,"sun, sky, beach, clouds, horizon, sand, ocean, sunset, orange, cloud",27,"['sun', 'sky', 'beach', 'clouds', 'horizon', 'sand', 'ocean', 'sunset', 'orange', 'cloud', 'suna', 'sea', 'breeze', 'light', 'stars', 'trees', 'setting', 'wind', 'glow', 'river', 'descent', 'rays', 'skies', 'impossibly', 'shining', 'crisp', 'reflecting']",Sunset Beach Walk,"The couple walks along the beach, watching the sun set over the ocean.","romance_core, domestic_life","setting:beach, activity:walking",False,"The keywords 'sun', 'sky', 'beach', 'ocean', and 'sunset' clearly indicate a beach scene at sunset. The snippets confirm this, with phrases like 'you're the sun' and 'the sun rose' suggesting a romantic context. The label 'Sunset Beach Walk' captures this scene, with 'romance_core' and 'domestic_life' as primary categories due to the emotional and shared activity aspects.",8.2,Public & Leisure Spaces,"Spaces, Time, Activities & Objects",,,,high,False,none,None of the above,,NA,Not a narrative function,True,high,"The topic keywords and representative snippets do not relate to the heroine–hero relationship or any of Radway's 13 functions. They are about the sun, which is a public and leisure space, fitting the main taxonomy category. Therefore, this topic is 'none of the above'."
137,"knows, understood, surely, means, did, goes, understanding, understanda, offspring, reynarda",27,"['knows', 'understood', 'surely', 'means', 'did', 'goes', 'understanding', 'understanda', 'offspring', 'reynarda', 'protocol', 'oblige', 'publicist', 'want', 'realize', 'doora', 'yeah', 'understandable', 'hmmm', 'thing', 'qualified', 'apparent', 'blessed', 'awfully', 'guarantee', 'fairly', 'busy']",Generous Offspring Circumstances,The couple discusses their generous offspring and the apparent circumstances around them.,"relationship_conflict, domestic_life","setting:home, activity:discussion",False,"The top keywords 'offspring', 'protocol', 'publicist', and 'circumstances' indicate a conversation about children. The repeated phrase 'who knows?' in the snippets suggests a discussion or argument, and the adjective 'generous' implies a conflict or disagreement about the topic at hand.",5.1,Family & Kinship,Social World Outside Couple,,,,medium,False,none,None of the above,,NA,Not a narrative function,True,high,"The topic has no keywords, label, or scene summary, and it's not assigned any categories in Stage 1. Its Stage 2 taxonomy places it in 'Family & Kinship', which is not a central part of the heroine–hero romance arc. Therefore, it does not primarily realise any of Radway's 13 functions."
138,"sailora, sailors, archery, promised, sparrowa, cards, tapes, arrows, broccoli, pact",27,"['sailora', 'sailors', 'archery', 'promised', 'sparrowa', 'cards', 'tapes', 'arrows', 'broccoli', 'pact', 'wit', 'olympics', 'bostona', 'huntera', 'lived', 'feisty', 'trainer', 'capable', 'charity', 'hhh', 'ship', 'picture', 'human', 'loan', 'regarding', 'class', 'husbanda']",Archery Practice,The couple practices archery together at a range.,"domestic_life, physical_affection","setting:archery_range, activity:archery",False,"The top keywords 'archery', 'sailors', and 'trainer' suggest a shared activity involving archery. The snippets mention 'âs eyes' and 'iâd ever seen', indicating a couple or two people together, supporting the 'physical_affection' category. The setting is clearly an archery range, as suggested by the keyword 'archery' and the snippet 'or was sheâ[NAME] sailorâs situation suddenly came into sharp relief'.",1.5,Exercise & Physical Activity,Embodied & Sensory Experience,,,,high,False,none,None of the above,,NA,Not a narrative function,True,high,"The topic keywords and representative snippets do not contain any elements related to the heroine–hero relationship, romance, or the heroine's personal growth. Instead, they focus on physical appearance and sensory experiences, which are not central to the heroine–hero narrative arc."
146,"bed, mattress, bedroom, sheets, covers, climb, lay, edge, blankets, pillow",27,"['bed', 'mattress', 'bedroom', 'sheets', 'covers', 'climb', 'lay', 'edge', 'blankets', 'pillow', 'blanket', 'legs', 'knees', 'comforter', 'climbed', 'sat', 'kneel', 'crawls', 'pull', 'arms', 'scoop', 'pulled', 'facing', 'snuggle', 'pajamas', 'crawled', 'crawl']",Bedtime Routine,"She gets into her own bed, turning right around after a long day.","domestic_life, romance_core","setting:bedroom, activity:bedtime",False,"The top keywords 'bed', 'mattress', 'bedroom', and 'sheets' indicate a scene centered around bedtime. The snippets confirm this, with phrases like 'her bed' and 'should turn right around and head back up to bed'. This topic describes a typical domestic scene in a romantic relationship, hence the primary categories of 'domestic_life' and 'romance_core'. The secondary categories of 'setting:bedroom' and 'activity:bedtime' further specify the location and action taking place.",8.1,Domestic Spaces & Routines,"Spaces, Time, Activities & Objects",,,,high,False,none,None of the above,,NA,Not a narrative function,True,high,"The topic is about the heroine's bed and sleep, which is a domestic space and routine but does not directly relate to the heroine–hero relationship or their narrative arc."
147,"luck, luckiest, perfection, perfectly, fortunate, fit, solution, unlucky, today, miracle",27,"['luck', 'luckiest', 'perfection', 'perfectly', 'fortunate', 'fit', 'solution', 'unlucky', 'today', 'miracle', 'consider', 'tricked', 'immaculate', 'guess', 'nonexistent', 'absolutely', 'freed', 'setup', 'blazer', 'overtime', 'incredibly', 'streak', 'ita', 'believe', 'thousands', 'place', 'scrunched']",Good Luck Wishes,Friends or family members wish someone good luck before an important event.,social_setting,"setting:group_of_people, activity:wishing_good_luck",False,"The top keywords 'luck', 'good luck', and 'today' indicate a scene centered around wishing someone good fortune. The snippets 'well, good luck.' and 'good luck with everything.' confirm this, showing people expressing their hopes for someone's success.",5.2,Friends & Social Circles,Social World Outside Couple,,,,high,False,none,None of the above,,NA,Not a narrative function,True,high,"The topic keywords and representative snippets ('good luck', 'well, good luck') suggest a general expression of well-wishing, not tied to any specific romantic narrative function. The Stage 2 taxonomy group 'Friends & Social Circles' further supports this, as it's about social interactions outside the main couple's relationship."
148,"merry, holiday, parties, holidays, yeara, partya, december, partying, presents, christmases",27,"['merry', 'holiday', 'parties', 'holidays', 'yeara', 'partya', 'december', 'partying', 'presents', 'christmases', 'celebration', 'gala', 'attend', 'towna', 'decorations', 'victorian', 'annual', 'music', 'partygoers', 'festive', 'early', 'handmade', 'ita', 'gifts', 'lights', 'complement', 'shopping']",Holiday Celebration,The couple enjoys a festive holiday party together.,"romance_core, social_setting","setting:party, activity:celebrating",False,"The top keywords 'holiday', 'parties', 'celebration', and 'presents' indicate a festive event. The snippets confirm this, mentioning holidays and celebrations, supporting the label 'Holiday Celebration'.",5.3,"Community, Norms & Social Events",Social World Outside Couple,,,,high,False,none,None of the above,,NA,Not a narrative function,True,high,"The topic keywords and representative snippets focus on general conversations about holidays, which is not directly related to the heroine–hero relationship or its narrative arc. It belongs to the 'Community, Norms & Social Events' category, further emphasizing its peripheral role in the romance narrative."
151,"leta, shall, suggested, leave, says, talk, walk, outside, trickle, technique",27,"['leta', 'shall', 'suggested', 'leave', 'says', 'talk', 'walk', 'outside', 'trickle', 'technique', 'deal', 'strategy', 'cool', 'auction', 'straight', 'just', 'handled', 'hypotheticals', 'wantina', 'training', 'suspend', 'aids', 'levvetora', 'say', 'lecturer', 'preconceived', 'tennessee']",Negotiating Business Deal,"The couple sits around a table, discussing strategies and terms for a business deal.","domestic_life, work_or_school","setting:table, activity:discussing",False,"The keywords 'deal', 'strategy', 'negotiating', and 'auction' indicate a business context. The snippets show characters discussing and making decisions, which supports the 'domestic_life' and 'work_or_school' categories.",6.1,Hero's Elite Work & Business World,"Work, Wealth, Status & Institutions",,,,high,False,none,None of the above,,NA,Not a narrative function,True,high,"The topic keywords and representative snippets ('leta's go') do not contain any romantic or relationship-related content, and the Stage 2 taxonomy places it in the 'Hero's Elite Work & Business World'. Therefore, this topic does not primarily realise any of Radway's 13 functions and is best classified as 'none of the above'."
154,"pregnancy, test, unplanned, weeks, months, fianca, birth, conception, injection, childbirth",27,"['pregnancy', 'test', 'unplanned', 'weeks', 'months', 'fianca', 'birth', 'conception', 'injection', 'childbirth', 'gyn', 'maternity', 'month', 'vitamins', 'lines', 'clause', 'class', 'immaculate', 'early', 'youa', 'unless', 'science', 'told', 'unlikely', 'guess', 'faking', 'percent']",Unexpected Pregnancy,"She realizes she's pregnant, grappling with the unplanned news.","relationship_conflict, domestic_life","setting:home, activity:realization",False,"Keywords 'pregnancy', 'unplanned', 'weeks', 'months' indicate an unexpected pregnancy. Snippets show characters grappling with this news, supporting 'relationship_conflict' and 'domestic_life'.",5.1,Family & Kinship,Social World Outside Couple,3.2,Negative Emotions & Distress,"Emotions, Cognition & Inner Life",high,False,none,None of the above,,NA,Not a narrative function,True,high,"This topic focuses on the heroine's pregnancy, which is a social world outside the couple's relationship, not directly related to the heroine–hero narrative arc. It does not primarily realise any of Radway's 13 functions."
160,"gasped, tears, panic, cheeks, stomach, tear, hips, winced, wiped, belly",27,"['gasped', 'tears', 'panic', 'cheeks', 'stomach', 'tear', 'hips', 'winced', 'wiped', 'belly', 'unshed', 'welled', 'shivers', 'sprang', 'filled', 'flowed', 'corners', 'brimmed', 'shiver', 'spine', 'tense', 'spilled', 'shocked', 'pricked', 'streamed', 'churned', 'burst']",Emotional Panic Attack,"She gasps repeatedly, tears streaming down her cheeks, as panic surges through her body.","romance_core, relationship_conflict","setting:bedroom, activity:gasping",False,"The keywords 'tears', 'panic', 'gasps', and 'cheeks' are repeated and supported by the snippets, indicating a scene of intense emotional distress. The label and scene_summary capture this specific moment, avoiding vagueness.",3.2,Negative Emotions & Distress,"Emotions, Cognition & Inner Life",,,,high,False,none,None of the above,,NA,Not a narrative function,True,high,"The topic's keywords and snippets ('she gasped', 'they both gasped') do not relate to any specific interaction between the heroine and hero, nor do they indicate any emotional state or action that would correspond to Radway's functions. They are merely expressions of surprise or shock, which could occur in any context, making 'none' the appropriate choice."
173,"friendship, friend, buddies, benefits, friendships, acquaintances, wea, friendsa, slowlya, school",27,"['friendship', 'friend', 'buddies', 'benefits', 'friendships', 'acquaintances', 'wea', 'friendsa', 'slowlya', 'school', 'inseparable', 'best', 'freshman', 'symbol', 'high', 'lives', 'mutual', 'trust', 'theya', 'frienda', 'coworkersa', 'commonality', 'guess', 'exist', 'decade', 'remain', 'stayed']",Friendship Bonding,"The couple, inseparable since freshman year, shares laughter and stories in their dorm room.","romance_core, domestic_life","setting:dorm_room, activity:laughing_and_talking",False,"The top keyword 'friendship' and snippets mentioning 'brand-new friendship' and 'inseparable' indicate a strong bond between characters. The label 'Friendship Bonding' captures this, with the scene summary describing a typical interaction in their shared living space.",5.2,Friends & Social Circles,Social World Outside Couple,,,,high,False,none,None of the above,,NA,Not a narrative function,True,high,"The topic keywords and representative snippets indicate that this topic is about friendship, which is not a central element of the heroine–hero relationship arc. It belongs to the 'Friends & Social Circles' category, further emphasizing its peripheral role in the romance narrative."
182,"tough, umma, jerky, battle, dig, cheeks, theya, talk, getting, ita",27,"['tough', 'umma', 'jerky', 'battle', 'dig', 'cheeks', 'theya', 'talk', 'getting', 'ita', '', '', '', '', '', '', '', '', '', '', '', '', '', '', '', '', '']",Cheek Heating Conversation,"She blushes, her cheeks heating up as she discusses something personal with him.","romance_core, social_setting","setting:conversation, activity:discussing_personal",False,"The keyword 'cheeks' and the phrase 'cheeks heat' in the snippets indicate a blush response, suggesting an emotional or embarrassing conversation. The keyword 'tough' implies a challenging or serious topic being discussed.",3.1,Positive Emotions & Security,"Emotions, Cognition & Inner Life",,,,high,False,none,None of the above,,NA,Not a narrative function,True,high,"The topic contains no keywords, no label or scene summary, and no primary or secondary categories related to the heroine–hero relationship. The representative snippets are not related to the heroine or hero's actions or emotions, and do not fit any of Radway's functions."
187,"plan, plans, work, united, conditions, figure, suited, states, planning, bantered",27,"['plan', 'plans', 'work', 'united', 'conditions', 'figure', 'suited', 'states', 'planning', 'bantered', 'arena', 'natyaa', 'pledged', 'hardball', 'reconsidered', 'feasible', 'successor', 'action', 'ohhhh', 'bide', 'politicians', 'envision', 'ahhh', 'plural', 'earnestly', 'form', 'affecting']",Political Planning Session,"Politicians gather around a table, discussing feasible action plans and conditions.","domestic_life, work_or_school","setting:table, activity:planning",False,"The top keywords 'plan', 'plans', 'conditions', 'planning', and 'action' indicate a focus on strategic decision-making. The snippets confirm this, showing characters engaged in planning and discussing conditions.",6.1,Hero's Elite Work & Business World,"Work, Wealth, Status & Institutions",,,,high,False,none,None of the above,,NA,Not a narrative function,True,high,"The topic keywords and representative snippets do not contain any direct references to the heroine, hero, or their relationship. The Stage 2 taxonomy places the topic in the 'Hero's Elite Work & Business World', indicating a focus on the hero's work life rather than the romantic narrative."
191,"eddiea, wasn, onboarding, didn, couldn, blinked, mitchella, meeting, complied, karaoke",27,"['eddiea', 'wasn', 'onboarding', 'didn', 'couldn', 'blinked', 'mitchella', 'meeting', 'complied', 'karaoke', 'concluded', 'grinned', 'client', 'privately', 'remark', 'receiving', 'approved', 'unexpectedly', 'agreed', 'clapped', 'ear', 'shouldn', 'exclaimed', 'appreciate', 'orbiting', 'ddie', 'gamely']",Business Meeting With Client,"Eddie meets with a client in an office, discussing business and his role in the company.","romance_core, work_or_school","setting:office, activity:discussing_business",False,The top keyword 'meeting' and the snippets mentioning 'eddieâs role in the company' indicate a business meeting. The keyword 'client' and the office setting in the snippets support this label and categories.,6.1,Hero's Elite Work & Business World,"Work, Wealth, Status & Institutions",,,,high,False,none,None of the above,,NA,Not a narrative function,True,high,"The topic keywords and representative snippets focus on Eddie's professional life and status, with no direct reference to the heroine or the romantic relationship. The Stage 2 taxonomy also places it under 'Hero's Elite Work & Business World', further emphasizing its non-central role in the heroine-hero narrative arc."
193,"patricka, yells, dopey, friend, nervously, announces, nudging, presents, birthday, wasted",27,"['patricka', 'yells', 'dopey', 'friend', 'nervously', 'announces', 'nudging', 'presents', 'birthday', 'wasted', 'greet', 'instigating', 'shrugged', 'punched', 'dovey', 'lovey', 'shot', 'falls', 'wondered', 'asked', 'chasing', 'best', 'babes', 'trailed', 'visitorsa', 'antagonistic', 'chickenshit']",Birthday Surprise For Friend,She excitedly plans and executes a surprise birthday party for her friend.,"romance_core, social_setting","setting:party, activity:planning_surprise",False,"The top keyword 'birthday' indicates a central event, while 'surprise' and 'friend' suggest a social setting with emotional bonding. The snippets show planning and execution of this surprise, fitting the label and chosen categories.",5.2,Friends & Social Circles,Social World Outside Couple,,,,high,False,none,None of the above,,NA,Not a narrative function,True,high,"The topic focuses on a social interaction between the heroine and a friend named Patrick, with no direct involvement or interaction with the hero. It does not primarily realise any of Radway's 13 functions in the heroine–hero romance arc."
194,"authors, acknowledgments, authora, reviews, reading, purchase, series, thank, authorized, fiction",27,"['authors', 'acknowledgments', 'authora', 'reviews', 'reading', 'purchase', 'series', 'thank', 'authorized', 'fiction', 'novella', 'read', 'permission', 'writing', 'review', 'editors', 'write', 'mate', 'novel', 'electronic', 'publisher', 'pc', 'culture', 'supports', 'distributed', 'supporting', 'tweet']",Author Acknowledgment Section,The author thanks readers and acknowledges supporters in the acknowledgments section of their novel.,nonfiction_or_technical,"setting:novel, activity:thanking",True,"The top keywords 'acknowledgments', 'authors', and 'reviews' directly relate to the non-fiction aspects of publishing. The snippets confirm this, mentioning 'acknowledgments sections' and 'reading this book', indicating a meta-level discussion rather than a narrative scene.",noise,Noise / Technical / Paratext,Special,,,,high,True,none,None of the above,,NA,Not a narrative function,True,high,"The topic is about author acknowledgments and reviews, which are not central to the heroine–hero romance arc. It belongs to the 'noise' category and does not realise any of Radway's functions."
195,"spoke, asked, cartera, walked, reservation, blakea, noraa, smiled, pro, standards",27,"['spoke', 'asked', 'cartera', 'walked', 'reservation', 'blakea', 'noraa', 'smiled', 'pro', 'standards', 'talk', 'decision', 'selling', 'capitalizing', 'finale', 'looked', 'live', 'knows', 'gritted', 'discourage', 'tarnish', 'mcs', 'approached', 'breakthrough', 'recollection', 'knockout', 'hoot']",Business Deal Negotiation,"The couple, seated around a table, engages in intense negotiations over a business deal.","romance_core, domestic_life","setting:table, activity:negotiating",False,"The top keywords 'standards', 'decision', 'deal', 'room' suggest a business setting. The verb 'gritted' implies determination or tension, fitting a negotiation scene. Snippets like 'jamieson spoke' and 'the doctor spoke' indicate dialogue, likely part of the negotiation.",6.1,Hero's Elite Work & Business World,"Work, Wealth, Status & Institutions",,,,high,False,none,None of the above,,NA,Not a narrative function,True,high,"The topic keywords and representative snippets do not contain any direct references to the heroine, hero, or their relationship. The topic is about a business or work setting, with no clear connection to the romance narrative arc. Therefore, it does not primarily realise any of Radway's 13 functions and is best classified as 'none of the above'."
200,"sister, sistera, partnera, niece, daughter, older, disclosure, mask, members, sibling",27,"['sister', 'sistera', 'partnera', 'niece', 'daughter', 'older', 'disclosure', 'mask', 'members', 'sibling', 'friend', 'compare', 'dangerous', 'won', 'chinned', 'card', 'think', 'disarmingly', 'syringe', 'shouldna', 'non', 'geeky', 'best', 'moma', 'overachieving', 'genaa', 'constipated']",Siblings' Confusing Disclosure,A sister and her older sibling have a tense conversation about a hidden truth.,"relationship_conflict, domestic_life","setting:home, activity:arguing",False,"The keywords 'sister', 'niece', 'daughter', 'older', 'disclosure', and 'mask' suggest a family relationship with a hidden secret. The snippets confirm this, showing characters asking about or revealing something, indicating a conflictual scene.",5.1,Family & Kinship,Social World Outside Couple,,,,high,False,none,None of the above,,NA,Not a narrative function,True,high,"The topic keywords and representative snippets focus on family and kinship, specifically the heroine's sister. This topic does not primarily realise any of Radway's 13 functions in the heroine–hero romance arc, as it is about the social world outside the couple."
209,"fitzpatricka, brennana, eldest, clan, ireland, unwarranted, obsession, wing, adoptive, squash",27,"['fitzpatricka', 'brennana', 'eldest', 'clan', 'ireland', 'unwarranted', 'obsession', 'wing', 'adoptive', 'squash', 'blooded', 'reins', 'generation', 'daughter', 'richer', 'gutter', 'bostona', 'sailora', 'sole', 'lavish', 'cufflinks', 'successfully', 'household', 'history', 'youngest', 'enemy', 'class']",Clan Heir's Obsession,"The eldest son of a powerful clan is consumed by an unwarranted obsession with his adoptive sister, leading to intense, often inappropriate interactions.",,,False,,5.1,Family & Kinship,Social World Outside Couple,4.3,"Secrets, Misunderstandings & Hidden Information",Relationship Trajectory (Main Couple),medium,False,none,None of the above,,NA,Not a narrative function,True,high,"The topic keywords and snippets suggest this topic is about a character's family and their interactions, not directly involving the heroine or hero. It does not primarily realise any of Radway's 13 functions in the heroine–hero romance arc."
212,"desk, screen, laptop, monitor, office, stare, papers, drawer, chair, paperweight",27,"['desk', 'screen', 'laptop', 'monitor', 'office', 'stare', 'papers', 'drawer', 'chair', 'paperweight', 'lean', 'seat', 'mahogany', 'shuffle', 'grab', 'turn', 'checkbook', 'powerpoint', 'remote', 'grabbing', 'folder', 'work', 'monitors', 'stared', 'pad', 'walk', 'tap']",Office Work At Desk,"She sits at her desk in the office, staring at her computer screen.","domestic_life, work_or_school","setting:office, activity:working",False,"The top keywords 'desk', 'screen', 'laptop', 'monitor', and 'office' indicate a work setting. The snippets show a consistent scene of sitting at a desk and looking at a screen, suggesting focused work.",6.3,Shared Workplaces & Professional Interaction,"Work, Wealth, Status & Institutions",,,,high,False,none,None of the above,,NA,Not a narrative function,True,high,"The topic is about a workplace setting and a desk, with no mention of the heroine or hero. It does not primarily realise any of Radway's 13 functions in the heroine–hero narrative arc."
213,"breath, hitches, breathes, deep, breathing, groans, sucked, throat, lungs, blew",27,"['breath', 'hitches', 'breathes', 'deep', 'breathing', 'groans', 'sucked', 'throat', 'lungs', 'blew', 'blows', 'ragged', 'shaky', 'noise', 'took', 'catches', 'breaths', 'moans', 'whimpers', 'coughed', 'exhale', 'gurgling', 'takes', 'heavily', 'exhales', 'inhales', 'shallow']",Deep Breaths During Emotional Moment,"She takes deep, ragged breaths to calm herself during an emotional conversation.","romance_core, relationship_conflict","setting:conversation, activity:emotional_talk",False,"The top keywords 'breath', 'hitches', 'deep', 'breathing', 'ragged' indicate a character taking deep breaths. The snippets show this happening during emotional moments, such as 'she sucks in a breath' and 'âoh, okay.â she sucks in a breath'. This suggests a scene where someone is trying to manage their emotions through their breathing.",3.2,Negative Emotions & Distress,"Emotions, Cognition & Inner Life",,,,high,False,none,None of the above,,NA,Not a narrative function,True,high,"The topic's keywords and representative snippets do not indicate any specific interaction or development between the heroine and hero. The topic focuses solely on the heroine's brief, isolated reaction, which does not drive the narrative of their relationship forward."
218,"pigeon, birds, duck, duckling, chirping, wings, speculate, pecking, crows, antics",27,"['pigeon', 'birds', 'duck', 'duckling', 'chirping', 'wings', 'speculate', 'pecking', 'crows', 'antics', 'feathers', 'lizards', 'squawking', 'carnivorous', 'vulture', 'flight', 'birdwatching', 'squawked', 'feeding', 'overhead', 'goose', 'feathered', 'rescue', 'mercenary', 'beings', 'flap', 'peacock']",Birdwatching In Park,"The couple sits on a bench in the park, watching birds and ducks.","romance_core, domestic_life","setting:park, activity:birdwatching",False,"The top keywords 'pigeon', 'birds', 'duckling', 'chirping', and 'wings' indicate a scene involving birds. The snippets mention a pigeon with a difficult past and someone asking if another is a pigeon, suggesting a conversation about birds. The label 'Birdwatching In Park' reflects this, and the scene summary captures the typical scene implied by the topic.",8.1,Domestic Spaces & Routines,"Spaces, Time, Activities & Objects",,,,high,False,none,None of the above,,NA,Not a narrative function,True,high,"The topic is about pigeons and their treatment, with no direct relation to the heroine–hero relationship. It doesn't fit any of Radway's functions and is more about a side character or a metaphor, not the main narrative arc."
219,"assignment, humans, course, actuality, picturea, enviable, did, par, fixture, represented",27,"['assignment', 'humans', 'course', 'actuality', 'picturea', 'enviable', 'did', 'par', 'fixture', 'represented', 'zing', 'principle', 'endearment', 'rig', 'outdoors', 'bravado', 'depended', 'extent', 'apparent', 'epic', 'palpable', 'thing', 'altogether', 'point', 'unknown', 'sort', 'counted']",Human Nature Reflection,She contemplates the complexities of human nature.,"romance_core, relationship_conflict","setting:thoughts, activity:reflecting",False,"The top keyword 'humans' and the repeated phrase 'that was the thing about humans' in the snippets indicate a topic focused on reflecting on human nature. The label and scene_summary capture this introspective scene, and the primary categories 'romance_core' and 'relationship_conflict' are chosen because this reflection is likely tied to her relationships and emotions, even if not explicitly stated.",3.4,"Beliefs, Values & Moral Reflection","Emotions, Cognition & Inner Life",,,,high,False,none,None of the above,,NA,Not a narrative function,True,high,"The topic lacks keywords, label, scene summary, and category signals, making it impossible to map to any Radway function. It appears to be a placeholder or an error in the data."
221,"shower, bathroom, bath, towel, restroom, toilet, showered, tub, towels, quick",27,"['shower', 'bathroom', 'bath', 'towel', 'restroom', 'toilet', 'showered', 'tub', 'towels', 'quick', 'showers', 'washed', 'headed', 'wash', 'bathed', 'soaking', 'wrapped', 'climbed', 'clinic', 'bathtub', 'shampoo', 'soak', 'womena', 'flushed', 'robe', 'clad', 'shuts']",Quick Shower Hygiene,She leads her into the bathroom and turns on the hot water for a quick shower.,"domestic_life, physical_affection","setting:bathroom, activity:showering",False,"The top keywords 'shower', 'bathroom', 'towel', and 'quick' indicate a scene focused on showering. The snippets confirm this, showing characters leading each other into the bathroom and turning on the water for a shower.",8.1,Domestic Spaces & Routines,"Spaces, Time, Activities & Objects",,,,high,False,none,None of the above,,NA,Not a narrative function,True,high,"The topic is about showering, a domestic activity, and does not directly relate to the heroine–hero relationship or narrative arc. It is not one of Radway's 13 functions."
223,"wea, work, need, talked, presentation, whatevera, talk, discuss, adults, handle",27,"['wea', 'work', 'need', 'talked', 'presentation', 'whatevera', 'talk', 'discuss', 'adults', 'handle', 'expectations', 'undies', 'guggenheim', 'def', 'research', 'awe', 'definitely', 'constructing', 'niche', 'says', 'school', 'nuances', 'iota', 'plansa', 'things', 'achieving', 'hopefully']",Work-related Presentation,The couple discusses work and expectations in the office before the presentation.,"romance_core, domestic_life","setting:office, activity:discussing",False,"The top keywords 'work', 'presentation', 'adults', and 'expectations' indicate a professional context. The snippets show a couple discussing and reassuring each other about the presentation, suggesting a romantic support dynamic.",6.1,Hero's Elite Work & Business World,"Work, Wealth, Status & Institutions",,,,high,False,none,None of the above,,NA,Not a narrative function,True,high,"The topic keywords and representative snippets ('weâll make it work.', 'weâll have to work on that.') suggest a focus on problem-solving or determination, but they do not relate to the heroine–hero relationship or any of Radway's 13 functions. The Stage 2 taxonomy group 'Hero's Elite Work & Business World' further supports this, as it's about the hero's work and business, not the romance arc."
225,"early, latea, ita, minutes, bylaws, wasn, stipulate, realized, mosquitoes, technically",27,"['early', 'latea', 'ita', 'minutes', 'bylaws', 'wasn', 'stipulate', 'realized', 'mosquitoes', 'technically', 'arises', 'votes', 'leave', 'unreliable', 'alerting', 'furtive', 'ifs', 'percentage', 'conference', 'alas', 'diagnosis', 'attendees', 'transportation', 'dunno', 'wedged', 'clarify', 'chap']",Early Morning Hesitation,"She hesitates, unsure if it's too early to share her feelings.","romance_core, relationship_conflict","setting:morning, activity:hesitating",False,"The keywords 'early', 'minutes', and 'too early' indicate a time-related hesitation. The snippets show a character struggling with whether it's the right moment to express their feelings, suggesting a romantic conflict.",3.2,Negative Emotions & Distress,"Emotions, Cognition & Inner Life",,,,medium,False,none,None of the above,,NA,Not a narrative function,True,high,"The topic keywords and representative snippets do not contain any elements related to the heroine or hero, nor do they describe any events or emotions that would typically occur in the heroine–hero romance arc. The Stage 2 taxonomy classification further supports this, as the topic falls under 'Negative Emotions & Distress' in the 'Emotions, Cognition & Inner Life' group, which is not directly related to the main couple's relationship trajectory."
231,"sweat, beads, sweating, trickles, sweaty, palms, bead, forehead, skin, spine",27,"['sweat', 'beads', 'sweating', 'trickles', 'sweaty', 'palms', 'bead', 'forehead', 'skin', 'spine', 'sheen', 'slides', 'starting', 'drenched', 'wipe', 'temple', 'begin', 'temples', 'flushed', 'trickle', 'perspiration', 'dampens', 'heats', 'neck', 'blades', 'dripped', 'legs']",Sweaty Forehead During Intimacy,She notices beads of sweat trickling down his forehead as they grow closer.,"romance_core, physical_affection","setting:bedroom, activity:kissing",False,"The top keywords 'sweat', 'beads', 'sweating', and 'forehead' indicate a sweaty scene. The snippets suggest intimacy, with 'fuck, it is sweat' and 'heat and sweat?' implying sweating during a romantic encounter.",1.1,Body Parts & Physical Reactions,Embodied & Sensory Experience,,,,high,False,none,None of the above,,NA,Not a narrative function,True,high,"The topic keywords and representative snippets focus on physical sensations of heat and sweat, which are not directly related to the heroine–hero relationship or any of Radway's 13 functions. Therefore, it is best classified as 'none of the above'."
234,"winniea, witch, laughed, asked, murdering, flared, chided, sitter, daughter, chimed",27,"['winniea', 'witch', 'laughed', 'asked', 'murdering', 'flared', 'chided', 'sitter', 'daughter', 'chimed', 'looked', 'excitedly', 'forth', 'georgiaa', 'didna', 'fanatic', 'mitten', 'wanted', 'sighed', 'falsehood', 'barelya', 'valentines', 'pja', 'affectiona', 'sat', 'mea', 'postcoital']",Witch's Daughter Murder Plot,The witch's daughter plans to murder someone while her mother is away.,"relationship_conflict, domestic_life","setting:home, activity:planning_murder",False,"The top keyword 'witch' and 'murdering' indicate a plot involving a witch and murder. The snippets show the daughter's intention to commit the act, making 'Witch's Daughter Murder Plot' an appropriate label. The primary categories 'relationship_conflict' and 'domestic_life' are chosen due to the familial relationship and the plot unfolding at home.",5.1,Family & Kinship,Social World Outside Couple,4.3,"Secrets, Misunderstandings & Hidden Information",Relationship Trajectory (Main Couple),medium,False,none,None of the above,,NA,Not a narrative function,True,high,"The topic keywords and representative snippets focus on the heroine's interactions with her family member (Winnie), not with the hero. The main taxonomy category 'Family & Kinship' further confirms this is not a heroine–hero narrative function."
242,"davea, elliea, says, asks, clasps, sadiea, class, gives, handshake, lottiea",27,"['davea', 'elliea', 'says', 'asks', 'clasps', 'sadiea', 'class', 'gives', 'handshake', 'lottiea', 'glad', 'approaching', 'told', 'fondles', 'cutes', 'thrilled', 'excited', 'hug', 'toneya', 'humane', 'contort', 'exceeded', 'audacious', 'deliberating', 'robotic', 'biscuit', 'stiffness']",Awkward Handshake Introduction,"Ellie hesitates before extending her hand to Lottie, who looks uncertain about the gesture.","social_setting, relationship_conflict","setting:office, activity:handshake",False,"The top keywords 'handshake', 'class', and 'glad' suggest a formal introduction setting. The snippets show Ellie being hesitant and Lottie looking uncertain, indicating an awkward social interaction.",5.2,Friends & Social Circles,Social World Outside Couple,,,,medium,False,none,None of the above,,NA,Not a narrative function,True,high,"The topic keywords and representative snippets do not mention the hero or heroine, and the Stage 2 taxonomy places it in the 'Social World Outside Couple' category. Therefore, this topic does not primarily realise any of Radway's 13 functions and is best classified as 'none'."
243,"charlottea, answer, answered, reply, epitome, ladies, stammer, acknowledges, deteriorated, helloa",27,"['charlottea', 'answer', 'answered', 'reply', 'epitome', 'ladies', 'stammer', 'acknowledges', 'deteriorated', 'helloa', 'husked', 'mio', 'outspoken', 'sophistication', 'replaceable', 'missa', 'mushrooms', 'argues', 'scrambles', 'employeea', 'fearless', 'gauge', 'touch', 'reasoning', 'drawl', 'subtly', 'midst']",Fearless Ladies Conversation,The fearless ladies engage in an outspoken conversation around the table.,"romance_core, social_setting","setting:table, activity:conversation",False,"The top keywords 'fearless', 'ladies', 'outspoken', and 'conversation' are all present in the snippets, indicating a scene of women having a bold discussion. The phrase 'around the table' from one snippet supports the secondary category 'setting:table'.",5.2,Friends & Social Circles,Social World Outside Couple,,,,high,False,none,None of the above,,NA,Not a narrative function,True,high,"This topic focuses on friends and social circles, which are not central to the heroine–hero relationship. It does not primarily realise any of Radway's 13 functions."
244,"cordless, drill, didn, accomplished, reassuring, results, oldest, strides, homebody, maybach",27,"['cordless', 'drill', 'didn', 'accomplished', 'reassuring', 'results', 'oldest', 'strides', 'homebody', 'maybach', 'according', 'letdown', 'inexorable', 'jus', 'screwdriver', 'couldn', 'vanishing', 'paternal', 'savagery', 'equaled', 'sophistication', 'listless', 'experimental', 'amaze', 'thumps', 'phobia', 'prodigy']",Age Gap Roleplay,"Gage, the older man, assumes a paternal role with Haven, intervening on her behalf and remembering details about people they meet.","romance_core, domestic_life","setting:social_setting, activity:intervening",False,"The keywords 'cordless', 'drill', 'results', and 'homebody' suggest a domestic setting, while 'inexorable' and 'letdown' imply a power dynamic. The snippets show Gage taking care of Haven, which supports the label 'Age Gap Roleplay' and the chosen categories.",5.1,Family & Kinship,Social World Outside Couple,,,,high,False,none,None of the above,,NA,Not a narrative function,True,high,"The topic keywords and representative snippets focus on Gage's role as a father figure and his interactions with others, not with the heroine. It does not primarily realise any of Radway's 13 functions in the heroine–hero romance arc."
245,"clock, nightstand, ticking, glanced, digital, glance, ticked, midnight, countdown, hour",27,"['clock', 'nightstand', 'ticking', 'glanced', 'digital', 'glance', 'ticked', 'midnight', 'countdown', 'hour', 'clocka', 'noon', 'clocks', 'timer', 'clockwork', 'wall', 'glancing', 'bedside', 'ticks', 'alarm', 'checked', 'minutes', 'quarter', 'noted', 'counted', 'kidnapper', 'biological']",Midnight Clock Glance,"She glances at the digital clock on the nightstand, watching the hour hand tick towards midnight.","domestic_life, relationship_conflict","setting:bedroom, activity:glancing_at_clock",False,"The top keyword 'clock' and 'midnight' indicate a focus on time, while 'nightstand' and 'digital' specify the setting and type of clock. The snippets confirm this, with 'six o-clock.', 'twelve o'clock.', and 'eight o'clock.' showing a pattern of clock-glancing at different hours.",8.4,"Time, Seasons & Temporal Framing","Spaces, Time, Activities & Objects",,,,high,False,none,None of the above,,NA,Not a narrative function,True,high,"The topic is about specific times of the day, which does not directly relate to the heroine–hero relationship or narrative arc. It's more about background context."
247,"statue, earnestly, ora, gently, sister, piranhas, outpouring, slept, cornbread, lavishing",27,"['statue', 'earnestly', 'ora', 'gently', 'sister', 'piranhas', 'outpouring', 'slept', 'cornbread', 'lavishing', 'revolutionary', 'northeast', 'alertly', 'chiding', 'hurry', 'interrupted', 'intervened', 'arose', 'garner', 'particulars', 'wholesome', 'bulls', 'hairstylist', 'departed', 'born', 'skittish', 'inferior']",Statue Of Liberty Visit,She excitedly points out the Statue of Liberty during their boat ride.,"social_setting, romance_core","setting:boat, activity:pointing",False,"The top keyword 'statue' and all snippets mention the Statue of Liberty, which is a clear and unique setting. The label and scene_summary reflect this, using neutral, non-sexual language as no explicit sexual terms were present.",5.3,"Community, Norms & Social Events",Social World Outside Couple,,,,high,False,none,None of the above,,NA,Not a narrative function,True,high,"The topic revolves around the Statue of Liberty, which is a social world outside the couple's relationship. It does not directly relate to the heroine–hero narrative arc, thus it's 'none of the above'."
249,"believe, admit, cana, expect, macka, validity, scotcha, ehh, prophecy, laminate",27,"['believe', 'admit', 'cana', 'expect', 'macka', 'validity', 'scotcha', 'ehh', 'prophecy', 'laminate', 'garage', 'olda', 'tell', 'recount', 'manure', 'unfiltered', 'acknowledgement', 'beinga', 'incentive', 'significance', 'gush', 'references', 'strongest', 'fulfilling', 'paigea', 'constricts', 'fiber']",Belief Discussion,The couple discusses their beliefs in the garage.,"romance_core, domestic_life","setting:garage, activity:discussion",False,"The top keywords 'belief', 'can you believe that?', and 'discussion' are supported by the snippets, which all involve the couple discussing their beliefs. The garage setting is mentioned in one snippet and implied in others.",3.4,"Beliefs, Values & Moral Reflection","Emotions, Cognition & Inner Life",,,,high,False,none,None of the above,,NA,Not a narrative function,True,high,"The topic contains no keywords, no label, no scene summary, and no category signals related to the heroine–hero relationship. The representative snippets are generic expressions of disbelief, not tied to any specific narrative function in the romance arc."
251,"georgiaa, thosea, press, conference, yelped, scolded, giggled, cursing, laughed, called",27,"['georgiaa', 'thosea', 'press', 'conference', 'yelped', 'scolded', 'giggled', 'cursing', 'laughed', 'called', 'mojo', 'oversharing', 'metabolism', 'fetches', 'genuineness', 'guys', 'whata', 'instinctual', 'associating', 'tampaa', 'convo', 'condone', 'tigers', 'encountering', 'foresee', 'cameraman', 'insightful']",Press Conference Speech,She confidently delivers her speech at a press conference.,"social_setting, romance_core","setting:press_conference, activity:speech",False,"The top keyword 'press' and the snippet 'georgiaâs press conference is starting' indicate a press conference setting. The keyword 'speech' and the snippet '[NAME] mean, hold all of georgiaâs calls!' suggest she is delivering a speech, making 'Press Conference Speech' an appropriate label.",5.3,"Community, Norms & Social Events",Social World Outside Couple,,,,high,False,none,None of the above,,NA,Not a narrative function,True,high,"The topic keywords and representative snippets focus on external communication and events unrelated to the heroine–hero relationship, making it a background topic that does not primarily realise any of Radway's 13 functions."
259,"desk, laptop, papers, office, cubicle, stack, screen, paper, chair, seat",27,"['desk', 'laptop', 'papers', 'office', 'cubicle', 'stack', 'screen', 'paper', 'chair', 'seat', 'typing', 'desks', 'beige', 'pad', 'typed', 'documents', 'walked', 'sitting', 'walks', 'popping', 'paperweight', 'hesitates', 'folder', 'tabloid', 'hopped', 'edge', 'sheet']",Work At Desk,"She sits behind her desk, worried, as she waits for news on her computer.","domestic_life, work_or_school","setting:office, activity:waiting",False,"The top keywords 'desk', 'laptop', 'office', and 'waiting' indicate a scene of someone working at their desk. The snippets show a woman sitting at her desk, worried about something, which supports the label 'Work At Desk' and the primary categories of 'domestic_life' and 'work_or_school'. The secondary categories of 'setting:office' and 'activity:waiting' are directly supported by the keywords and snippets.",6.2,Heroine's Work & Professional Identity,"Work, Wealth, Status & Institutions",,,,high,False,none,None of the above,,NA,Not a narrative function,True,high,"The topic keywords and representative snippets focus on the heroine's workplace and professional identity, with no direct interaction or conflict with the hero. Therefore, it does not primarily realise any of Radway's 13 functions in the heroine–hero romance arc."
265,"just, checking, saya, practicing, record, careful, tune, curveball, easy, peasy",27,"['just', 'checking', 'saya', 'practicing', 'record', 'careful', 'tune', 'curveball', 'easy', 'peasy', 'listen', 'tonight', 'fucked', 'snob', 'madder', 'vertical', 'feelsa', 'gettina', 'bases', 'brainstorming', 'protocol', 'suites', 'talents', 'observant', 'inflection', 'persuade', 'cocka']",Careful Tune-up Before Night Out,She carefully checks and tunes her car before their night out.,"domestic_life, social_setting","setting:car, activity:checking, activity:tuning",False,"The top keywords 'checking', 'record', 'careful', 'tune' indicate a meticulous preparation process. The snippets confirm this, showing a character preparing for an upcoming event, likely a night out as hinted by 'tonight'. The label and scene summary capture this preparation scene in the car.",8.1,Domestic Spaces & Routines,"Spaces, Time, Activities & Objects",,,,high,False,none,None of the above,,NA,Not a narrative function,True,high,"The topic has no keywords, label, or scene summary, and it's not categorized under romance_core or any relationship-related taxonomy group. It's likely background context, not part of the heroine–hero narrative arc."
274,"clubs, members, exclusive, cluba, stag, wilder, restaurants, member, strip, whores",27,"['clubs', 'members', 'exclusive', 'cluba', 'stag', 'wilder', 'restaurants', 'member', 'strip', 'whores', 'frequent', 'voyeur', 'nightclub', 'guys', 'joining', 'mission', 'mile', 'miracle', 'alliances', 'congregated', 'bound', 'demographic', 'high', 'lives', 'moulin', 'masquerading', 'crannies']",Exclusive Club Nights,"The couple frequents exclusive clubs, engaging in wild nights out.","social_setting, sexual_content","setting:club, activity:partying",False,"The top keywords 'clubs', 'exclusive', and 'wilder' indicate frequenting exclusive clubs. The snippets confirm these are not casual clubs but specific, exclusive ones, with the couple engaging in wild nights out.",5.3,"Community, Norms & Social Events",Social World Outside Couple,2.1,Attraction & Sexual Tension,"Sexuality, Attraction & Intimacy",high,False,none,None of the above,,NA,Not a narrative function,True,high,"The topic keywords and snippets focus on clubs and social events, not on the heroine–hero relationship. It belongs to the 'Community, Norms & Social Events' main category, which is not part of the main couple's relationship trajectory."
277,"company, buy, profits, business, companies, funds, paid, businesses, successes, millions",27,"['company', 'buy', 'profits', 'business', 'companies', 'funds', 'paid', 'businesses', 'successes', 'millions', 'owes', 'leech', 'pay', 'huge', 'owed', 'dollar', 'contributed', 'loan', 'costing', 'industry', 'corporations', 'bills', 'debts', 'afloat', 'lowest', 'gambling', 'struggling']",Business Deal Negotiation,"He sits across the table, negotiating business terms with a potential investor.","business_or_work, social_setting","setting:office, activity:negotiating",False,"The top keywords 'company', 'buy', 'profits', 'business' indicate a business context. The snippets show someone discussing or asking about a company, suggesting a negotiation scene.",6.1,Hero's Elite Work & Business World,"Work, Wealth, Status & Institutions",,,,high,False,none,None of the above,,NA,Not a narrative function,True,high,"The topic keywords and representative snippets focus on the hero's business world, which is not directly related to the heroine–hero relationship. It does not primarily realise any of Radway's 13 functions."
278,"gracea, asked, paged, liked, avoid, east, ways, preface, enlisted, restart",27,"['gracea', 'asked', 'paged', 'liked', 'avoid', 'east', 'ways', 'preface', 'enlisted', 'restart', 'welfare', 'reconsidering', 'streeta', 'artista', 'interpreted', 'reinvent', 'avoiding', 'spoke', 'aneurysm', 'wtf', 'clienta', 'angiea', 'preview', 'deny', 'paddles', 'upper', 'paramedic']",Medical Emergency Response,"A paramedic rushes to the aid of a patient in distress, using paddles to revive them.","domestic_life, sexual_tension","setting:hospital, activity:medical_emergency",False,"The keywords 'paramedic', 'paddles', and 'upper' (referring to the chest) indicate a medical emergency. The snippets describe a situation where someone is in need of medical assistance, leading to the label 'Medical Emergency Response'. The primary categories 'domestic_life' and 'sexual_tension' are chosen because medical emergencies can happen at home and can also create tension between partners. The secondary categories 'setting:hospital' and 'activity:medical_emergency' are directly supported by the keywords and snippets.",6.5,"Law, Medicine, Education & Formal Institutions","Work, Wealth, Status & Institutions",,,,high,False,none,None of the above,,NA,Not a narrative function,True,high,"The topic keywords and representative snippets focus on Grace's interactions with others, not with a hero. The Stage 2 taxonomy places it under 'Law, Medicine, Education & Formal Institutions', further emphasizing its non-romance narrative function."
281,"sleep, asleep, slept, night, woke, fell, sleeps, woken, wake, bed",27,"['sleep', 'asleep', 'slept', 'night', 'woke', 'fell', 'sleeps', 'woken', 'wake', 'bed', 'inertia', 'exhausted', 'hours', 'nights', 'slumber', 'drifted', 'hea', 'nephew', 'tucked', 'wiping', 'sleepy', 'cocooned', 'dozes', 'lay', 'getting', 'chamomile', 'gone']",Sleeping Together,"She watches him sleep, exhausted from the night's activities.","romance_core, domestic_life","setting:bed, activity:sleeping",False,"Keywords 'sleep', 'asleep', 'night', 'bed' indicate a scene of sleeping. Snippets show a character observing another sleeping, suggesting a romantic or domestic context.",8.1,Domestic Spaces & Routines,"Spaces, Time, Activities & Objects",,,,high,False,none,None of the above,,NA,Not a narrative function,True,high,"The topic revolves around domestic spaces and sleep, which are not central to the heroine–hero relationship arc. It does not primarily realise any of Radway's 13 functions."
284,"whines, maxa, answered, bounds, wriggles, perplexed, barks, outmaneuvered, rigidly, extremes",27,"['whines', 'maxa', 'answered', 'bounds', 'wriggles', 'perplexed', 'barks', 'outmaneuvered', 'rigidly', 'extremes', 'ability', 'curated', 'client', 'hone', 'mustards', 'stoically', 'punctuate', 'blends', 'novelty', 'diabolical', 'seena', 'revised', 'statement', 'kryptonite', 'projecting', 'mercifully', 'expressive']",Dog Whining,The dog whines repeatedly from the back of the room.,domestic_life,"setting:room, activity:whining",False,"The top keywords 'whines', 'barks', and 'dog' indicate a dog making noise. The snippets confirm this, with '[NAME] whines' appearing multiple times.",8.1,Domestic Spaces & Routines,"Spaces, Time, Activities & Objects",,,,high,False,none,None of the above,,NA,Not a narrative function,True,high,"The topic keywords and representative snippets ('whines', 'whines again', 'whines from the back') suggest that this topic is about a minor character's repetitive, annoying behavior, which does not primarily realise any of Radway's 13 functions in the heroine–hero romance arc. The Stage 2 taxonomy classification of 'Domestic Spaces & Routines' further supports this, as it indicates a focus on background context rather than the main couple's relationship."
291,"breath, exhales, blew, breathing, deep, ragged, exhaled, intake, blows, inhales",27,"['breath', 'exhales', 'blew', 'breathing', 'deep', 'ragged', 'exhaled', 'intake', 'blows', 'inhales', 'breaths', 'labored', 'heavy', 'deeply', 'inhale', 'exhale', 'slowly', 'sucked', 'heavily', 'inhaled', 'took', 'lungs', 'released', 'whoosh', 'spotting', 'lets', 'sharply']",Deep Breaths During Emotional Moment,"She takes deep, ragged breaths, trying to calm herself as she processes her emotions.","romance_core, emotional_content","setting:private_space, activity:emotional_processing",False,"The top keywords 'breath', 'breathing', 'deep', 'ragged', 'intake', and 'exhale' all relate to the act of breathing heavily due to emotion. The snippets confirm this, showing characters taking deep breaths in emotional moments.",3.2,Negative Emotions & Distress,"Emotions, Cognition & Inner Life",,,,high,False,none,None of the above,,NA,Not a narrative function,True,high,"The topic's keywords and representative snippets ('he let out a long puff of breath.', 'he was out of breath.', 'he sucks in a breath.') do not relate to any specific interaction between the heroine and hero, nor do they evoke emotions tied to their relationship. Instead, they describe physical reactions that could occur in any context, making them background details rather than narrative functions in the heroine–hero arc."
292,"shower, bathroom, towel, bath, tub, restroom, toilet, walks, towels, shirt",27,"['shower', 'bathroom', 'towel', 'bath', 'tub', 'restroom', 'toilet', 'walks', 'towels', 'shirt', 'washing', 'showered', 'running', 'bathtub', 'undressed', 'sink', 'rinsing', 'wet', 'adjoining', 'waist', 'sleeves', 'grabs', 'wiped', 'reaches', 'showers', 'scrubbing', 'wall']",Shower Hygiene,"He steps into the shower, turning on the water and washing himself.","domestic_life, physical_affection","setting:bathroom, activity:showering",False,"The top keywords 'shower', 'bathroom', 'towel', 'bath', and 'tub' indicate a scene centered around showering. The snippets confirm this, showing characters stepping into the shower, turning on the water, and washing themselves.",8.1,Domestic Spaces & Routines,"Spaces, Time, Activities & Objects",,,,high,False,none,None of the above,,NA,Not a narrative function,True,high,"The topic focuses on physical spaces and activities, specifically the shower, without any significant interaction or emotional content between the hero and heroine. It does not primarily realise any of Radway's 13 functions in the heroine–hero narrative arc."
296,"meeting, office, meetings, board, offices, conference, tomorrow, engineering, noon, business",27,"['meeting', 'office', 'meetings', 'board', 'offices', 'conference', 'tomorrow', 'engineering', 'noon', 'business', 'paperwork', 'today', 'monday', 'discuss', 'boardroom', 'reports', 'week', 'staff', 'roaches', 'paging', 'set', 'afternoon', 'introduce', 'interview', 'quickies', 'disobedient', 'slots']",Business Meeting Negotiation,The couple discusses business terms in an office setting.,"domestic_life, sexual_content","setting:office, activity:negotiating",False,"The top keywords 'meeting', 'office', 'business' indicate a business negotiation setting. The snippets confirm this, with phrases like 'come to my office after your meeting' and 'âbut how about after your meeting?'. The label and scene_summary reflect this, with a focus on the negotiation activity and the office setting.",6.1,Hero's Elite Work & Business World,"Work, Wealth, Status & Institutions",4.1,"Meeting, First Impressions & Setup",Relationship Trajectory (Main Couple),high,False,none,None of the above,,NA,Not a narrative function,True,high,"The topic is about work and meetings, which are not central to the heroine–hero relationship. It belongs to the 'Hero's Elite Work & Business World' category and does not contain any romance-core or relationship-trajectory keywords."
298,"aren, jail, nightlife, means, fatherless, haired, undisclosed, lizards, derision, inspires",27,"['aren', 'jail', 'nightlife', 'means', 'fatherless', 'haired', 'undisclosed', 'lizards', 'derision', 'inspires', 'speculatively', 'solver', 'skitter', 'subsidiary', 'edgier', 'colorado', 'stocky', 'inherently', 'placate', 'doubt', 'overdone', 'goaded', 'novelty', 'courting', 'bumpy', 'lately', 'dues']",Business Expansion Negotiation,"The stocky, brown-haired man, Travis, negotiates a business deal in his office, aiming to launch himself into the top ranks of Texas developers.","business_or_work, domestic_life","setting:office, activity:negotiating",False,"The top keywords 'jail', 'nightlife', 'fatherless', and 'haired' suggest a character named Travis who is expanding his business. The snippets describe him negotiating deals and launching projects, indicating a business-focused scene.",6.1,Hero's Elite Work & Business World,"Work, Wealth, Status & Institutions",,,,high,False,none,None of the above,,NA,Not a narrative function,True,high,"The topic focuses on the hero's business and professional achievements, which is not directly related to the heroine–hero relationship or the heroine's arc. It's about the hero's work, wealth, and status, not about the romance narrative."
309,"contract, signed, contracts, sign, clause, dalliances, promissory, signing, read, contracta",27,"['contract', 'signed', 'contracts', 'sign', 'clause', 'dalliances', 'promissory', 'signing', 'read', 'contracta', 'supplier', 'terms', 'agreement', 'semantics', 'nondisclosure', 'reviewed', 'binding', 'contracted', 'disclosure', 'finalized', 'competitor', 'valid', 'negotiate', 'guarantee', 'stated', 'backing', 'gd']",Contract Negotiation,The couple discusses and negotiates the terms of a contract around a table.,,,False,,6.1,Hero's Elite Work & Business World,"Work, Wealth, Status & Institutions",,,,high,False,none,None of the above,,NA,Not a narrative function,True,high,"The topic keywords and representative snippets focus on a contract, which is not a central element of the heroine–hero relationship. It belongs to the 'Hero's Elite Work & Business World' taxonomy, further indicating it's not part of the romantic arc."
311,"wea, shared, downs, cycle, yearlong, created, worked, years, squared, accidentally",27,"['wea', 'shared', 'downs', 'cycle', 'yearlong', 'created', 'worked', 'years', 'squared', 'accidentally', 'thousands', 'provided', 'arrived', 'crashed', 'holiday', 'spent', 'lived', 'times', 'managed', 'connected', 'restoration', 'tennessee', 'iowa', 'apart', 'london', 'chemists', 'phases']",Yearlong Relationship Reflection,"The couple, sitting at a table, reflects on their thousands of times together over the yearlong cycle of their relationship.","romance_core, relationship_conflict","setting:table, activity:reflecting",False,"Top keywords 'yearlong', 'cycle', 'times' indicate a long-term relationship. 'Reflection' is supported by snippets like 'weâve known each other for a long time' and 'weâve done this, hy'.",3.4,"Beliefs, Values & Moral Reflection","Emotions, Cognition & Inner Life",,,,high,False,none,None of the above,,NA,Not a narrative function,True,high,"The topic lacks keywords, label, or scene summary, and it has no primary or secondary categories. It does not belong to the 'Relationship Trajectory (Main Couple)' or 'Sexuality, Attraction & Intimacy' taxonomy groups. Therefore, it does not primarily realise any of Radway's 13 functions in the heroine–hero romance arc."
312,"hair, stubble, shaved, forehead, tousled, shaven, shave, mussed, scruff, shadow",27,"['hair', 'stubble', 'shaved', 'forehead', 'tousled', 'shaven', 'shave', 'mussed', 'scruff', 'shadow', 'slicked', 'trimmed', 'usual', 'comb', 'cropped', 'collar', 'haircut', 'styled', 'jaw', 'perfection', 'facial', 'curled', 'sides', 'strands', 'dusting', 'combed', 'rumpled']",Stubble And Tousled Hair,"He runs a hand through his tousled hair, dark stubble dappling his chin.","romance_core, physical_affection","setting:bedroom, activity:grooming",False,"Top keywords 'hair', 'stubble', 'tousled' indicate a focus on appearance. Snippets describe a man's grooming habits, with 'dark stubble' and 'tousled hair' recurring, suggesting a romantic or intimate setting.",1.1,Body Parts & Physical Reactions,Embodied & Sensory Experience,,,,high,False,none,None of the above,,NA,Not a narrative function,True,high,"The topic focuses solely on physical descriptions of the hero's appearance, specifically his facial hair and hairstyle. It does not involve any interaction, emotion, or relationship development between the hero and heroine, making it unrelated to Radway's narrative functions."
313,"race, frowns, begins, starts, racing, brace, races, deluge, prebuyers, thoroughbred",27,"['race', 'frowns', 'begins', 'starts', 'racing', 'brace', 'races', 'deluge', 'prebuyers', 'thoroughbred', 'adrenaline', 'makes', 'runners', 'humbling', 'erected', 'whirring', 'lacing', 'wantsa', 'armpits', 'scold', 'nuzzles', 'hollows', 'downs', 'forbid', 'desirable', 'tenth', 'sweat']",Adrenaline-fueled Racing,The couple's hearts race as they watch thoroughbreds compete in a thrilling race.,"domestic_life, physical_affection","setting:race_track, activity:racing",False,"The top keywords 'race', 'racing', 'races', 'adrenaline' and the representative snippets ('my heart begins to race') indicate a scene centered around racing, with the shared emotion of adrenaline. This is not a sexual or explicitly romantic scene, but rather a shared activity that brings the couple together.",1.5,Exercise & Physical Activity,Embodied & Sensory Experience,,,,high,False,none,None of the above,,NA,Not a narrative function,True,high,"The topic keywords and representative snippets ('my heart begins to race.') suggest a physiological response, not a narrative function in the heroine–hero arc. The main taxonomy category 'Exercise & Physical Activity' further supports this, as it's about embodied experience, not romance dynamics."
316,"desk, papers, sitting, sits, office, sat, chair, seated, monitor, walks",27,"['desk', 'papers', 'sitting', 'sits', 'office', 'sat', 'chair', 'seated', 'monitor', 'walks', 'screen', 'files', 'deska', 'paper', 'stack', 'leans', 'seat', 'staring', 'desks', 'gestured', 'tapped', 'stands', 'hidden', 'intercom', 'edge', 'organized', 'documents']",Office Work At Desk,"He sits behind his desk, focused on work-related tasks.","domestic_life, work_or_school","setting:office, activity:working",False,"The top keywords 'desk', 'office', 'chair', 'monitor', and 'files' indicate a work setting. The verb 'stack' suggests an action related to work. The snippets confirm a man sitting at his desk, engaged in office tasks.",6.2,Heroine's Work & Professional Identity,"Work, Wealth, Status & Institutions",,,,high,False,none,None of the above,,NA,Not a narrative function,True,high,"The topic keywords and representative snippets focus on the hero's workspace, specifically his desk, which is not a central element of the heroine–hero relationship arc. It does not primarily realise any of Radway's 13 functions."
323,"cameras, photos, pictures, photographers, camera, sign, photo, photoshoot, note, images",27,"['cameras', 'photos', 'pictures', 'photographers', 'camera', 'sign', 'photo', 'photoshoot', 'note', 'images', 'photograph', 'shoot', 'messily', 'tripod', 'editing', 'clicked', 'paper', 'journalists', 'picture', 'accompanying', 'signs', 'scribbled', 'pic', 'backup', 'notes', 'publicity', 'hidden']",Photography Session,"A couple poses for a photoshoot in a studio, with cameras capturing their intimate moments.","romance_core, physical_affection","setting:studio, activity:posing",False,"The top keywords 'cameras', 'photos', 'pictures', and 'photographers' indicate a photography session. The snippets like 'security cameras' and ''the cameras'' further support this label. The scene involves a couple, as suggested by the keyword 'note' (implying a shared activity), and the activity is physical affection, as indicated by the verb 'shoot'.",8.2,Public & Leisure Spaces,"Spaces, Time, Activities & Objects",,,,high,False,none,None of the above,,NA,Not a narrative function,True,high,"The topic is about 'security cameras' and 'cameras' in general, which are objects in public and leisure spaces. It does not primarily realise any of Radway's 13 functions in the heroine–hero romance arc."
325,"owl, leta, herea, repeats, elf, alternatives, feed, presentable, watercolor, hopelessness",27,"['owl', 'leta', 'herea', 'repeats', 'elf', 'alternatives', 'feed', 'presentable', 'watercolor', 'hopelessness', 'traps', 'glum', 'badger', 'flounced', 'trotting', 'passageway', 'instructs', 'prod', 'discuss', 'meatball', 'merit', 'bluffing', 'preference', 'complied', 'backstory', 'granddaughter', 'grin']",Owl Observation,She watches an elf owl perched on a branch.,"romance_core, domestic_life","setting:outdoors, activity:observing",False,"The top keyword 'owl' and the representative snippets ('an elf owl.', 'an owl: grrowl.') indicate a scene where someone is observing an owl. The keyword 'presentable' suggests it's a moment of calm, likely in a domestic setting, hence the primary categories.",3.2,Negative Emotions & Distress,"Emotions, Cognition & Inner Life",,,,medium,False,none,None of the above,,NA,Not a narrative function,True,high,"This topic lacks keywords, label, or summary related to the heroine–hero relationship. It's about an owl and a corner with watercolor pens, which doesn't fit any Radway function."
326,"calling, called, anytime, earliest, calls, later, convenience, alright, pressa, newsa",27,"['calling', 'called', 'anytime', 'earliest', 'calls', 'later', 'convenience', 'alright', 'pressa', 'newsa', 'callers', 'uh', 'formalities', 'need', 'brystina', 'caviar', 'kiddo', 'branding', 'soon', 'visit', 'happens', 'class', 'booty', 'speaking', 'compete', 'bout', 'monsters']",Business Call Negotiation,The couple discusses business terms over the phone in their home office.,"domestic_life, work_or_school","setting:home_office, activity:phone_call",False,"Keywords 'calls', 'convenience', 'formalities' indicate a business negotiation. Snippets show phone calls ('up for me calling?', 'I've been calling you.') and a home setting ('mine', 'home'). The label and scene_summary reflect this business negotiation happening at home over the phone.",6.1,Hero's Elite Work & Business World,"Work, Wealth, Status & Institutions",,,,high,False,none,None of the above,,NA,Not a narrative function,True,high,"The topic keywords and representative snippets ('the fuck am i calling mine?', 'up for me calling?', 'iâve been calling you.') suggest that this topic is about communication, specifically phone calls, which is not a central narrative function in the heroine–hero romance arc. It does not relate to any of Radway's 13 functions and is more about background context."
329,"remya, dependable, coos, wails, parenting, competent, guardian, having, raise, formula",27,"['remya', 'dependable', 'coos', 'wails', 'parenting', 'competent', 'guardian', 'having', 'raise', 'formula', 'squeals', 'faking', 'grandmothera', 'diaper', 'rights', 'grow', 'sake', 'suspicion', 'fans', 'hours', 'parent', 'loves', 'waves', 'daisya', 'teammatesa', 'temporary', 'slugger']",Parenting And Care Routine,"The couple ensures their child is safe and cared for, preparing formula and putting them to sleep.","domestic_life, relationship_conflict","setting:bedroom, activity:parenting, relationship:family",False,"The top keywords 'parenting', 'diaper', 'formula', and 'sleeping' indicate a scene focused on caring for a child. The snippets confirm this, showing the couple's actions to ensure their child is safe and cared for.",5.1,Family & Kinship,Social World Outside Couple,,,,high,False,none,None of the above,,NA,Not a narrative function,True,high,"The topic keywords and snippets do not contain any information about the heroine or hero, their relationship, or any narrative events involving them. The topic is about a character named Remya and her safety and sleep status, which is not part of the heroine–hero romance arc."
336,"alternatives, automatically, beg, thanks, answer, hear, looking, make, say, way",27,"['alternatives', 'automatically', 'beg', 'thanks', 'answer', 'hear', 'looking', 'make', 'say', 'way', 'want', 'dona', 'just', 'ia', '', '', '', '', '', '', '', '', '', '', '', '', '']",Polite Conversations,"She asks, he answers politely.","social_setting, romance_core","setting:restaurant, activity:dinner",False,"Top keywords 'thanks', 'answer', and 'way' suggest a polite conversation. Snippets show a back-and-forth exchange ('âfine, thanks.', 'âfine, but iâm looking into alternatives, anyway.') in a social setting, likely a restaurant (implied by 'dinner' in one snippet).",5.2,Friends & Social Circles,Social World Outside Couple,,,,medium,False,none,None of the above,,NA,Not a narrative function,True,high,"The topic's keywords and snippets do not indicate any direct interaction or conflict between the heroine and hero. The topic's main category, 'Friends & Social Circles', further supports that this topic is not a central part of the heroine–hero narrative arc."
343,"navy, tie, wearing, crisp, shirt, tailored, charcoal, perfectly, custom, wore",27,"['navy', 'tie', 'wearing', 'crisp', 'shirt', 'tailored', 'charcoal', 'perfectly', 'custom', 'wore', 'suits', 'expensive', 'necktie', 'usual', 'maroon', 'decked', 'fitted', 'broad', 'looks', 'striped', 'muscular', 'fit', 'piece', 'bow', 'hea', 'customary', 'fits']",Business Attire In Office,"He, dressed in a crisp navy suit and tie, stands in his office, negotiating a business deal.","business_setting, romance_core","setting:office, activity:negotiating",False,"The top keywords 'navy', 'tie', 'crisp', 'shirt', 'tailored', 'charcoal', 'suits' all point to formal business attire. The snippets describe a man dressed in this manner, suggesting a professional setting. The label and scene_summary reflect this, with the primary categories indicating a business setting and core romantic relationship dynamics.",6.1,Hero's Elite Work & Business World,"Work, Wealth, Status & Institutions",,,,high,False,none,None of the above,,NA,Not a narrative function,True,high,"The topic focuses on the hero's clothing, specifically his suits and ties, which is not a central aspect of the heroine–hero relationship arc. It provides background detail about the hero's professional appearance but does not drive the narrative forward."
348,"seminar, swallowed, received, geniuses, brochures, slackened, clients, spiel, didn, pharmaceuticals",27,"['seminar', 'swallowed', 'received', 'geniuses', 'brochures', 'slackened', 'clients', 'spiel', 'didn', 'pharmaceuticals', 'wasn', 'brothel', 'backfired', 'brochure', 'challenge', 'confuse', 'sifted', 'inflection', 'fired', 'hasty', 'vp', 'slimy', 'cleared', 'hoped', 'remembered', 'fellow', 'information']",Seminar Networking,Business-minded attendees connect and discuss opportunities during a seminar.,"social_setting, work_or_school","setting:seminar, activity:discussing",False,"The top keywords 'seminar', 'clients', 'spiel' indicate a business context. The snippets mention meetings, talking numbers, and networking, supporting the label 'Seminar Networking'.",6.1,Hero's Elite Work & Business World,"Work, Wealth, Status & Institutions",5.2,Friends & Social Circles,Social World Outside Couple,high,False,none,None of the above,,NA,Not a narrative function,True,high,"The topic keywords and representative snippets focus on a business seminar and professional interactions, which do not directly involve the heroine-hero relationship. Therefore, it does not primarily realise any of Radway's 13 functions and is best classified as 'none'."
349,"shoulders, raise, hunch, slump, square, straighten, weight, roll, dignity, bunch",27,"['shoulders', 'raise', 'hunch', 'slump', 'square', 'straighten', 'weight', 'roll', 'dignity', 'bunch', 'muster', 'squaring', 'relax', 'loosen', 'stiffen', 'somethinga', 'lifted', 'shoulder', 'beachside', 'springa', 'dredge', 'fall', 'steadies', 'deflate', 'abashed', 'droop', 'slumping']",Shoulder Burden,"She raises her shoulders, carrying a heavy burden on the beachside.","romance_core, relationship_conflict","setting:beachside, activity:shoulder_raising",False,"The top keywords 'shoulders', 'weight', 'burden' and 'beachside' are consistently present. The snippets show a repeated action of raising shoulders, suggesting a physical manifestation of emotional burden. The beachside setting provides a specific location for this scene.",3.2,Negative Emotions & Distress,"Emotions, Cognition & Inner Life",,,,medium,False,none,None of the above,,NA,Not a narrative function,True,high,"The topic's keywords and snippets ('i raise my shoulders.') do not relate to the heroine–hero relationship or any of Radway's functions. It seems to be about a minor, non-verbal action, not central to the romance narrative."
351,"pool, swimming, swim, scum, gene, float, swimmer, cabana, jell, indoor",27,"['pool', 'swimming', 'swim', 'scum', 'gene', 'float', 'swimmer', 'cabana', 'jell', 'indoor', 'rebuild', 'waterfall', 'olympic', 'edge', 'pools', 'dive', 'dipping', 'instructora', 'voices', 'leap', 'jousting', 'aah', 'temperate', 'jonathana', 'toe', 'swimmers', 'fencing']",Indoor Pool Swimming,"She dives into the indoor pool, swimming laps while he watches from the cabana.","romance_core, physical_affection","setting:pool, activity:swimming",False,"The top keywords 'pool', 'swimming', 'indoor', and 'waterfall' indicate a scene centered around a pool. The snippets 'into the pool.' and 'sheâs at the dick pool.' support this, showing characters interacting with the pool. The label and scene summary reflect this, with no explicit sexual content indicated by the keywords or snippets.",1.5,Exercise & Physical Activity,Embodied & Sensory Experience,,,,high,False,none,None of the above,,NA,Not a narrative function,True,high,"The topic keywords and representative snippets ('pool', 'swimming') suggest a focus on physical activity or location, which does not primarily realise any of Radway's 13 narrative functions in the heroine–hero romance arc."
355,"cheeks, flush, flushes, sears, burn, floods, redden, flushed, burns, hotter",27,"['cheeks', 'flush', 'flushes', 'sears', 'burn', 'floods', 'redden', 'flushed', 'burns', 'hotter', 'flaming', 'forest', 'warmed', 'crawled', 'flare', 'sunburned', 'patronize', 'decree', 'plank', 'blush', 'sama', 'nauseating', 'blossoming', 'redder', 'overlooks', 'fills', 'rising']",Blushing Cheeks Conversation,She felt her cheeks heat as she struggled to express her feelings.,"romance_core, relationship_conflict","setting:around_table, activity:conversation",False,"The keywords 'cheeks', 'flush', 'blush', and 'heat' indicate a focus on facial expressions, while the nouns 'plank' and 'decree' suggest a structured setting like a table or a formal situation. The snippets confirm that the topic revolves around a conversation where the speaker's cheeks heat up, implying emotional intensity.",3.1,Positive Emotions & Security,"Emotions, Cognition & Inner Life",,,,high,False,none,None of the above,,NA,Not a narrative function,True,high,"The topic's keywords and snippets focus on the heroine's physical reaction ('heat rose into my cheeks'), which is a minor emotional response but not a central narrative function in the heroine–hero arc."
357,"wasn, couldn, hungover, recognized, didn, innocently, indicated, whats, accordion, herculean",27,"['wasn', 'couldn', 'hungover', 'recognized', 'didn', 'innocently', 'indicated', 'whats', 'accordion', 'herculean', 'personality', 'announced', 'decadence', 'read', 'protest', 'translated', 'jest', 'killed', 'tv', 'gallop', 'chalk', 'ensued', 'sizing', 'disrupt', 'imitation', 'hadn', 'offend']",Annie's Gossip Reading,Annie reads gossip magazines in her living room to stay updated on social trends.,"domestic_life, social_setting","setting:living_room, activity:reading",False,"The top keyword 'gossips' and both snippets explicitly mention Annie reading gossip magazines. This topic describes a specific, recurring activity in her domestic life.",8.2,Public & Leisure Spaces,"Spaces, Time, Activities & Objects",,,,high,False,none,None of the above,,NA,Not a narrative function,True,high,"The topic focuses on the heroine's interest in gossip to maintain social status, which is not a central narrative function in the heroine–hero arc. It's more about her social environment and insecurities."
362,"adorable, cutest, nephew, cutes, absolutely, schnoodle, easter, whitea, beinga, incredibly",27,"['adorable', 'cutest', 'nephew', 'cutes', 'absolutely', 'schnoodle', 'easter', 'whitea', 'beinga', 'incredibly', 'sincea', 'juvenile', 'amazingly', 'human', 'cuddled', 'littlea', 'girly', 'immature', 'clarified', 'puke', 'shops', 'olivera', 'lethal', 'omg', 'innocently', 'whistle', 'carefree']",Adorable Nephew And Schnoodle,"The couple coos over their adorable nephew and his schnoodle, finding them absolutely adorable.","domestic_life, social_setting","setting:home, activity:cooing",False,"The top keywords 'adorable', 'cutest', 'nephew', and 'schnoodle' are all about finding something adorable. The snippets 'it was adorable.' and 'they were adorable, smart, and sweet.' confirm this. The label and scene_summary reflect this cuteness, with the scene_summary including the nephew and his schnoodle as the focus of the couple's adoration.",5.2,Friends & Social Circles,Social World Outside Couple,,,,high,False,none,None of the above,,NA,Not a narrative function,True,high,"The topic keywords and representative snippets focus on the couple's adorableness and sweetness, which is more descriptive than narrative-functional. The Stage 2 taxonomy group 'Friends & Social Circles' further confirms that this topic is about the couple's social circle, not their relationship progression."
365,"mirror, reflection, bathroom, stare, survey, mirrors, glance, length, studied, look",27,"['mirror', 'reflection', 'bathroom', 'stare', 'survey', 'mirrors', 'glance', 'length', 'studied', 'look', 'tuck', 'haggard', 'inspected', 'checked', 'reflecting', 'sink', 'hoodie', 'stared', 'restroom', 'blink', 'catch', 'dresser', 'appearance', 'looked', 'visor', 'armoire', 'walk']",Morning Grooming In Bathroom,"She looks at her reflection in the bathroom mirror, her eyes meeting her own as she prepares for the day.","domestic_life, physical_affection","setting:bathroom, activity:grooming",False,"The keywords 'mirror', 'reflection', 'bathroom', and 'look' indicate a scene centered around grooming in the bathroom. The snippets confirm this, with 'our eyes met in the mirror' and 'youâre a mirror.â âam i?' suggesting a morning routine involving looking in the mirror.",8.1,Domestic Spaces & Routines,"Spaces, Time, Activities & Objects",,,,high,False,none,None of the above,,NA,Not a narrative function,True,high,"The topic keywords and representative snippets focus on mirrors as objects, not on the heroine–hero relationship. The Stage 2 taxonomy group 'Domestic Spaces & Routines' further confirms this topic is about background context, not the main romance narrative."
