topic_id,keywords,num_keywords,all_keywords,label,scene_summary,primary_categories,secondary_categories,label_is_noise,label_rationale,taxonomy_main_id,taxonomy_main_name,taxonomy_main_group,taxonomy_secondary_id,taxonomy_secondary_name,taxonomy_secondary_group,taxonomy_confidence,taxonomy_is_noise,radway_main_id,radway_main_name,radway_secondary_id,radway_phase,radway_phase_name,radway_is_none,radway_confidence,radway_rationale
0,"ita, ia, need, say, want, going, dona, means, think, idea",27,"['ita', 'ia', 'need', 'say', 'want', 'going', 'dona', 'means', 'think', 'idea', 'thought', 'cana', 'says', 'promise', 'work', 'told', 'youa', 'help', 'better', 'really', 'true', 'just', 'deal', 'tell', 'make', 'didna', 'wona']",Negotiating Deal,The couple discusses terms and expectations for their relationship.,"relationship_conflict, domestic_life","setting:living_room, activity:discussion",False,"The top keywords 'means', 'deal', 'today' and 'work' suggest a negotiation. The snippets show a conversation between two people, indicating a domestic life scene with relationship conflict.",4.3,"Secrets, Misunderstandings & Hidden Information",Relationship Trajectory (Main Couple),,,,medium,False,R2,Heroine reacts antagonistically to the hero,,I,Initial Conflict & Isolation,False,medium,"The topic revolves around hidden information and misunderstandings, which often lead to conflict and antagonism between the hero and heroine in Phase I of the romance narrative. The snippets suggest a tense exchange, with the heroine pushing back against the hero's advances, fitting R2."
4,"seen, felt, ia, wanted, hea, experienced, loved, dated, thought, told",27,"['seen', 'felt', 'ia', 'wanted', 'hea', 'experienced', 'loved', 'dated', 'thought', 'told', 'bothered', 'knew', 'let', 'forgive', 'cared', 'way', 'leave', 'shoulda', 'expected', 'certainly', 'years', 'happen', 'given', 'vowed', 'lived', 'matter', 'things']",Unclear Relationship Feelings,The couple expresses confusion about their relationship status and past behavior.,"romance_core, relationship_conflict","setting:home, activity:conversation",False,"The top keywords 'relationship', 'feelings', and 'years' indicate a focus on emotional dynamics. The snippets describe characters expressing surprise at each other's behavior, suggesting uncertainty about their relationship status.",4.3,"Secrets, Misunderstandings & Hidden Information",Relationship Trajectory (Main Couple),,,,medium,False,R7,Hero and heroine are physically or emotionally separated,,I,Initial Conflict & Isolation,False,medium,"The topic revolves around secrets and hidden information, suggesting a separation or distance between the hero and heroine. The keywords 'never seen' imply a lack of familiarity or shared history, which is characteristic of Phase I separation. There are no clear signs of tenderness, recognition, or commitment, so it's not fitting for Phase II or III."
5,"gone, gotten, given, week, trying, years, learned, seen, maybe, hea",27,"['gone', 'gotten', 'given', 'week', 'trying', 'years', 'learned', 'seen', 'maybe', 'hea', 'wondered', 'think', 'hadna', 'lost', 'job', 'thought', 'fallen', 'ago', 'left', 'way', 'probably', 'wanted', 'going', 'working', 'tried', 'days', 'just']",Long-term Relationship Struggles,"She reflects on their years together, wondering if she's lost her way.","romance_core, relationship_conflict","setting:home, relationship:long_term",False,"The keywords 'years', 'times', and 'things' indicate a long-term relationship. The snippets suggest reflection and uncertainty, supporting the label and categories.",3.2,Negative Emotions & Distress,"Emotions, Cognition & Inner Life",,,,high,False,R7,Hero and heroine are physically or emotionally separated,,I,Initial Conflict & Isolation,False,medium,"The topic revolves around the heroine's departure, leaving the heroine–hero relationship in limbo. This aligns with R7, as the couple is physically or emotionally separated. The snippets 'sheâs gone' and 'maybe sheâs gone back to her ex-fiancã©' suggest a break or separation, not just an argument or emotional withdrawal."
7,"didn, won, therea, doesn, aren, thata, isn, mattered, shouldn, problem",27,"['didn', 'won', 'therea', 'doesn', 'aren', 'thata', 'isn', 'mattered', 'shouldn', 'problem', 'matter', 'deal', 'idea', 'ita', 'wasn', 'matters', 'absolutely', 'point', 'luck', 'choice', 'true', 'fault', 'necessary', 'say', 'need', 'want', 'reason']",Relationship Ambiguity Conversation,"The couple sits together, struggling to express their feelings and clarify their relationship status.","romance_core, relationship_conflict","setting:living_room, activity:conversation",False,"The keywords 'problem', 'deal', 'idea', 'point', and 'need' suggest a conversation about a relationship issue. The snippets show the couple discussing their feelings without resolution, indicating ambiguity and conflict.",4.3,"Secrets, Misunderstandings & Hidden Information",Relationship Trajectory (Main Couple),,,,medium,False,R7,Hero and heroine are physically or emotionally separated,,I,Initial Conflict & Isolation,False,medium,"The topic revolves around secrets and misunderstandings, which often lead to separation or distance between the hero and heroine. The snippets suggest a lack of communication and understanding, which is typical of Phase I in Radway's functions."
8,"didna, didn, hadna, couldna, wasna, wanted, wasn, wouldna, knew, blame",27,"['didna', 'didn', 'hadna', 'couldna', 'wasna', 'wanted', 'wasn', 'wouldna', 'knew', 'blame', 'couldn', 'needed', 'hadn', 'did', 'really', 'let', 'want', 'wrong', 'wouldn', 'cared', 'anymore', 'lose', 'thought', 'expected', 'going', 'able', 'maybe']",Unclear Relationship Feelings,"She struggles with her feelings, unsure about her relationship.","romance_core, relationship_conflict","setting:none, activity:thinking",False,"The keywords 'feelings', 'thought', and 'deal' indicate internal conflict and uncertainty. The snippets show a woman grappling with her emotions, supporting the label and categories.",3.2,Negative Emotions & Distress,"Emotions, Cognition & Inner Life",,,,high,False,R2,Heroine reacts antagonistically to the hero,,I,Initial Conflict & Isolation,False,medium,"The topic's keywords and representative snippets ('she didnat understand.', 'what if she didnat like him?', 'she really didn't want to do this.') suggest the heroine is reacting antagonistically to the hero, expressing her uncertainty or dislike, which aligns with Radway's R2 function."
20,"gaze, stare, staring, looks, stares, look, stared, glares, glances, looked",27,"['gaze', 'stare', 'staring', 'looks', 'stares', 'look', 'stared', 'glares', 'glances', 'looked', 'eye', 'glance', 'watches', 'meet', 'looking', 'features', 'search', 'peer', 'glare', 'glanced', 'watching', 'expression', 'hold', 'narrowed', 'darken', 'gazed', 'turned']",Eye Contact And Staring,"The couple's gazes meet and hold, their expressions intense.","romance_core, physical_affection","setting:face_to_face, activity:staring",False,"The top keywords 'gaze', 'stare', 'eye' indicate a focus on looking at each other. The snippets show this happening in a romantic context, with 'meet his gaze' and 'gaze on my face'.",2.1,Attraction & Sexual Tension,"Sexuality, Attraction & Intimacy",,,,high,False,R4,Heroine interprets hero's behaviour as purely sexual interest,,I,Initial Conflict & Isolation,False,medium,"The topic keywords and representative snippets ('meet his gaze', 'he met my gaze', 'gaze on my face') suggest a focus on eye contact and mutual attention, which is a common indicator of early attraction and sexual tension between the hero and heroine. This aligns with Radway's function R4, where the heroine interprets the hero's behavior as purely sexual interest."
22,"didna, couldna, wasna, hadna, wouldna, control, fucked, want, expecting, anymore",27,"['didna', 'couldna', 'wasna', 'hadna', 'wouldna', 'control', 'fucked', 'want', 'expecting', 'anymore', 'think', 'expected', 'cared', 'honestly', 'did', 'thought', 'really', 'wanted', 'wasn', 'shouldna', 'noticed', 'thing', 'mind', 'prepared', 'complaining', 'believe', 'matter']",Resisting Temptation,"She struggles with her desire, trying to make the right choice.","romance_core, relationship_conflict","setting:mind, activity:thought",False,"The keywords 'control', 'thought', 'choice', and 'problem' indicate internal conflict. The snippets show her resisting, suggesting a struggle with temptation or making a difficult decision.",3.3,Ambivalence & Internal Conflict,"Emotions, Cognition & Inner Life",,,,high,False,R5,Heroine responds with anger or coldness,,I,Initial Conflict & Isolation,False,medium,"The topic revolves around the heroine's internal conflict and resistance, which is often expressed through coldness or emotional withdrawal (R5). The topic keywords and snippets ('didnat care', 'didnat like it') suggest a guarded, defensive response, fitting Phase I of the romance arc."
28,"dona, want, say, need, think, talk, really, anymore, anybody, flatter",27,"['dona', 'want', 'say', 'need', 'think', 'talk', 'really', 'anymore', 'anybody', 'flatter', 'tell', 'expect', 'complication', 'act', 'choice', 'means', 'respond', 'ta', 'engage', 'react', 'whata', 'thing', 'guacamole', 'die', 'belong', 'mind', 'shh']",Unclear Feelings Conversation,"The couple sits at a table, struggling to express their feelings.","romance_core, relationship_conflict","setting:table, activity:conversation",False,"The keywords 'complication', 'choice', 'question', and 'fact' suggest a complex situation. The snippets show the couple trying to communicate, indicating a romantic conflict.",4.4,"Conflict, Distance & Breakup Threats",Relationship Trajectory (Main Couple),,,,medium,False,R7,Hero and heroine are physically or emotionally separated,,I,Initial Conflict & Isolation,False,medium,"The topic's keywords and representative snippets ('i donat care.', 'i donat know why.', 'oh, no, you donat.') suggest a lack of interest, indifference, or even resistance, which could indicate a separation or breakup threat in the relationship. The main taxonomy category 'Conflict, Distance & Breakup Threats' further supports this interpretation."
32,"firmly, offense, answered, youa, say, flatly, problem, replied, saying, wona",27,"['firmly', 'offense', 'answered', 'youa', 'say', 'flatly', 'problem', 'replied', 'saying', 'wona', 'shook', 'ita', 'answer', 'reply', 'quickly', 'did', 'head', 'worries', 'dona', 'want', 'intercourse', 'thata', 'plans', 'countered', 'asked', 'says', 'didna']",Argument About Saying No,She argues with him about not having a say in the matter.,"relationship_conflict, domestic_life","setting:home, activity:arguing",False,"The top keywords 'say', 'no', 'answer', and 'hesitation' along with the snippets showing a back-and-forth argument support the label and categories.",4.4,"Conflict, Distance & Breakup Threats",Relationship Trajectory (Main Couple),,,,high,False,R2,Heroine reacts antagonistically to the hero,,I,Initial Conflict & Isolation,False,high,"The topic revolves around arguments and resistance from the heroine, which is characteristic of Radway's R2 function. The snippets show the heroine pushing back against the hero with obstinacy and refusal to listen, aligning with the antagonistic response described in R2."
35,"silent, fell, remained, beat, stays, descends, awkward, stretched, stretches, moment",27,"['silent', 'fell', 'remained', 'beat', 'stays', 'descends', 'awkward', 'stretched', 'stretches', 'moment', 'deafening', 'descended', 'unspoken', 'minutes', 'eerily', 'uncomfortable', 'falls', 'stayed', 'drove', 'passed', 'companionable', 'drive', 'ride', 'volumes', 'therea', 'sat', 'room']",Silent Ride Together,"The couple sits silently together in a car, each lost in their own thoughts.","romance_core, domestic_life","setting:car, activity:silent",False,"The top keywords 'silent', 'ride', and 'moment' indicate a shared, silent activity. The snippets confirm this, showing characters being silent together in a car.",4.2,"Bonding, Everyday Intimacy & Growth",Relationship Trajectory (Main Couple),,,,high,False,R5,Heroine responds with anger or coldness,,I,Initial Conflict & Isolation,False,low,"The topic's keywords and snippets suggest a heroine who is silent or withdrawn, which could indicate emotional withdrawal or coldness towards the hero, fitting R5. However, the lack of explicit context makes this a low confidence match."
37,"ridiculous, insane, bullshit, fool, dumbass, outrageous, assholes, insanity, idiots, stupidest",27,"['ridiculous', 'insane', 'bullshit', 'fool', 'dumbass', 'outrageous', 'assholes', 'insanity', 'idiots', 'stupidest', 'thata', 'complete', 'absurd', 'dumbest', 'foolish', 'ludicrous', 'vain', 'utter', 'total', 'lame', 'youa', 'thing', 'stupidity', 'totally', 'ita', 'ignorant', 'idiotic']",Insane Arguments,"The couple, exasperated, argues ridiculously in the kitchen.","relationship_conflict, domestic_life","setting:kitchen, activity:arguing",False,"The top keywords 'ridiculous', 'insane', 'fool', 'dumbass', 'outrageous', 'assholes', 'insanity', 'idiots', 'stupidest', 'absurd' indicate intense, absurd arguments. The snippets confirm this, with phrases like 'ridiculous.', 'this is ridiculous.', and 'fucking ridiculous'. The setting is implied by the keyword 'kitchen' and the activity by the repeated use of argument-related terms.",4.4,"Conflict, Distance & Breakup Threats",Relationship Trajectory (Main Couple),8.1,Domestic Spaces & Routines,"Spaces, Time, Activities & Objects",high,False,R7,Hero and heroine are physically or emotionally separated,,I,Initial Conflict & Isolation,False,medium,"The topic's keywords and representative snippets ('ridiculous', 'how fucking great is that? fucking ridiculous') suggest a negative, dismissive, or sarcastic attitude, which could indicate a breakup or separation (R7). The main taxonomy category 'Conflict, Distance & Breakup Threats' also supports this interpretation."
38,"looks, gaze, stares, glare, stare, look, glances, looked, glanced, staring",27,"['looks', 'gaze', 'stares', 'glare', 'stare', 'look', 'glances', 'looked', 'glanced', 'staring', 'turns', 'glance', 'stared', 'sees', 'expression', 'wide', 'looking', 'chin', 'blinks', 'widen', 'meet', 'eye', 'peer', 'head', 'brows', 'glares', 'brow']",Eye Contact And Staring,"She stares up at him, holding his gaze, as he looks down at her.","romance_core, physical_affection","setting:bedroom, activity:staring",False,"The top keywords 'gaze', 'glare', 'look', 'stare' and the snippets show characters looking at each other, emphasizing eye contact and staring. This is a common romantic scene where characters connect emotionally.",2.1,Attraction & Sexual Tension,"Sexuality, Attraction & Intimacy",,,,high,False,R4,Heroine interprets hero's behaviour as purely sexual interest,,I,Initial Conflict & Isolation,False,medium,"The topic's keywords and representative snippets focus on eye contact and gazing between the hero and heroine, indicating sexual tension and attraction. This is before any commitment or union scene, so it fits Radway's function R4 - Heroine interprets hero's behaviour as purely sexual interest."
40,"loves, doesna, needs, says, miaa, wants, left, likes, lot, job",27,"['loves', 'doesna', 'needs', 'says', 'miaa', 'wants', 'left', 'likes', 'lot', 'job', 'obviously', 'wona', 'upset', 'gets', 'hasna', 'ago', 'told', 'comes', 'wut', 'yeah', 'isna', 'knows', 'community', 'did', 'works', 'manager', 'awesome']",Upset About Job,"She struggles with her feelings about her job, confiding in a friend.","relationship_conflict, domestic_life","setting:home, activity:confiding",False,"Keywords 'job', 'upset', 'friend' indicate a conflict related to work. Snippets show her expressing her feelings, suggesting a scene of emotional struggle and confiding in someone close.",3.2,Negative Emotions & Distress,"Emotions, Cognition & Inner Life",,,,medium,False,R2,Heroine reacts antagonistically to the hero,,I,Initial Conflict & Isolation,False,low,"The topic revolves around the heroine expressing love for the hero, which could be interpreted as antagonistic behavior in the initial stages of the romance, as she may be pushing back against his advances or expressing her feelings despite his initial coldness or ambiguity."
41,"ia, used, going, complaining, anymore, ready, heartless, ashamed, wrong, doing",27,"['ia', 'used', 'going', 'complaining', 'anymore', 'ready', 'heartless', 'ashamed', 'wrong', 'doing', 'scared', 'asking', 'picky', 'leaving', 'type', 'saying', 'exactly', 'wired', 'allowed', 'anythinga', 'hardly', 'acting', 'human', 'bombing', 'trying', 'proud', 'cleaners']",Confused About Feelings,"She sits alone, confused about her feelings for him.","romance_core, relationship_conflict","setting:solo, activity:reflecting",False,"The top keywords 'confused', 'feelings', and 'human' indicate a state of emotional turmoil. The snippets show a character grappling with their emotions, with no clear action or setting beyond their internal state.",3.2,Negative Emotions & Distress,"Emotions, Cognition & Inner Life",,,,high,False,R2,Heroine reacts antagonistically to the hero,,I,Initial Conflict & Isolation,False,medium,"The topic's keywords and representative snippets ('twerps', 'confused', 'not as long as I'm here') suggest a heroine reacting antagonistically to the hero, fitting R2. The negative emotions and distress taxonomy group further supports this, as it often indicates conflict or resistance in the heroine–hero relationship."
44,"mothera, moma, stepmother, died, mamaa, moms, motherhood, telling, tell, traumatizing",27,"['mothera', 'moma', 'stepmother', 'died', 'mamaa', 'moms', 'motherhood', 'telling', 'tell', 'traumatizing', 'wouldna', 'jackass', 'calling', 'dealt', 'asked', 'proud', 'mammaa', 'youa', 'children', 'isna', 'adopting', 'ass', 'realizea', 'make', 'think', 'undivided', 'heard']",Mother-player Relationship Struggles,the player struggles with his mother's expectations and emotional state in their home.,"romance_core, relationship_conflict","setting:home, activity:arguing",False,"The keywords 'stepmother', 'moms', 'motherhood', and 'children' indicate a focus on the mother-son relationship. The snippets show a son dealing with his mother's emotional state and expectations, supporting the labels and categories chosen.",5.1,Family & Kinship,Social World Outside Couple,4.4,"Conflict, Distance & Breakup Threats",Relationship Trajectory (Main Couple),high,False,R7,Hero and heroine are physically or emotionally separated,,I,Initial Conflict & Isolation,False,medium,"The topic revolves around the heroine's mother, creating conflict and distance in the relationship. This is a common narrative function in Phase I, where the heroine and hero are separated or threatened by external factors."
45,"want, need, wanted, needed, thata, exactly, isna, wanting, tell, just",27,"['want', 'need', 'wanted', 'needed', 'thata', 'exactly', 'isna', 'wanting', 'tell', 'just', 'thisa', 'thing', 'desperately', 'toa', 'badly', 'say', 'things', 'decide', 'whata', 'isn', 'jus', 'cajoled', 'really', 'demand', 'bearded', 'needing', 'stuff']",Wanting Something,"She wants something, expressing her desire.","romance_core, relationship_conflict","setting:none, activity:expressing_desire",False,"The top keyword 'want' and the snippets 'to want me.', 'to want.', 'i want one.' indicate a scene where someone is expressing their desire for something. This is a core romantic scene as it involves expressing feelings, which is the focus of the 'romance_core' category. The 'relationship_conflict' category is included because the topic could involve conflict or tension around what is being wanted.",3.2,Negative Emotions & Distress,"Emotions, Cognition & Inner Life",,,,medium,False,R4,Heroine interprets hero's behaviour as purely sexual interest,,I,Initial Conflict & Isolation,False,low,"The topic's keywords ('want', 'want me') suggest the heroine's perception of the hero's interest, which is likely interpreted as purely sexual before any commitment, fitting R4."
46,"didn, hardya, wasn, murmured, looked, pickup, wondered, couldn, heard, gave",27,"['didn', 'hardya', 'wasn', 'murmured', 'looked', 'pickup', 'wondered', 'couldn', 'heard', 'gave', 'spoke', 'oaks', 'knew', 'saw', 'lifted', 'glanced', 'came', 'replied', 'linemen', 'glance', 'wouldn', 'understood', 'stood', 'grinned', 'scoundrel', 'gaze', 'attraction']",Attraction At First Glance,"She notices him across the room, their eyes meeting briefly before she looks away, feeling a spark of attraction.","romance_core, physical_affection","setting:room, activity:eye_contact",False,"The keywords 'glance', 'gaze', 'attraction' and 'scoundrel' suggest a moment of initial attraction. The snippets confirm this, with phrases like 'didn't think i was idealizing hardy' and 'she didn't ask about hardy', indicating a brief, fleeting moment of interest.",2.1,Attraction & Sexual Tension,"Sexuality, Attraction & Intimacy",,,,high,False,R4,Heroine interprets hero's behaviour as purely sexual interest,,I,Initial Conflict & Isolation,False,medium,"The topic's keywords and snippets focus on the heroine's thoughts about the hero (Hardy), suggesting she's interpreting his behavior primarily through a sexual or romantic lens, which aligns with R4 (Heroine interprets hero's behavior as purely sexual interest). The lack of explicit sexual acts or commitment discussions rules out R12 or R11. The topic's placement in the 'Attraction & Sexual Tension' category further supports this interpretation."
50,"didna, didn, wasna, wouldna, couldna, hadna, wasn, couldn, idea, hadn",27,"['didna', 'didn', 'wasna', 'wouldna', 'couldna', 'hadna', 'wasn', 'couldn', 'idea', 'hadn', 'used', 'hoped', 'help', 'bother', 'clue', 'mind', 'simply', 'problem', 'thought', 'knew', 'stir', 'control', 'want', 'explain', 'mentioned', 'wouldn', 'wrong']",Unclear Relationship Feelings,"The couple sits in the car, struggling to express their uncertain emotions.","romance_core, relationship_conflict","setting:car, activity:discussion",False,"The keywords 'idea', 'help', 'clue', and 'problem' suggest a situation where the couple is trying to figure something out. The snippets 'he didnât' and 'he didnât get hard' imply a lack of clarity or progress in their relationship, supported by the nouns 'problem' and 'control'.",4.4,"Conflict, Distance & Breakup Threats",Relationship Trajectory (Main Couple),,,,medium,False,R7,Hero and heroine are physically or emotionally separated,,I,Initial Conflict & Isolation,False,medium,"The topic's main category 'Conflict, Distance & Breakup Threats' and the representative snippets ('he didnât', 'one he didnât have', 'he didnât get hard') suggest a physical or emotional separation between the hero and heroine, fitting Radway's function R7."
52,"sama, www, didn, event, mocking, muttered, answered, masculine, shattering, unethical",27,"['sama', 'www', 'didn', 'event', 'mocking', 'muttered', 'answered', 'masculine', 'shattering', 'unethical', 'nerd', 'won', 'barked', 'argue', 'networking', 'hima', 'completely', 'chuckled', 'appeared', 'completing', 'plenty', 'discard', 'graveled', 'couldn', 'groaned', 'hadn', 'didna']",Unclear Relationship Feelings,"He wanted to understand everything about her, but her past caught up with them at home.","romance_core, relationship_conflict","setting:home, activity:investigation",False,"The keywords 'event', 'problem', 'thought', and 'home' suggest a situation where he is trying to understand her, but her past ('unethical', 'sins') is causing issues. The snippets confirm this, showing his desire to learn about her ('he wanted to find out everything he could') and the consequences of her past actions ('samâs sins finally caught up with him').",4.3,"Secrets, Misunderstandings & Hidden Information",Relationship Trajectory (Main Couple),3.3,Ambivalence & Internal Conflict,"Emotions, Cognition & Inner Life",medium,False,R3,Hero responds ambiguously to heroine,,I,Initial Conflict & Isolation,False,medium,"The topic revolves around secrets and hidden information, which often leads to misunderstandings and ambiguous behaviour from the hero. This ambiguity can create confusion and tension in the heroine, fitting Radway's function R3 (Hero responds ambiguously to heroine)."
58,"look, youa, stunning, seen, attractive, sweeter, breathtakingly, absolutely, utterly, looks",27,"['look', 'youa', 'stunning', 'seen', 'attractive', 'sweeter', 'breathtakingly', 'absolutely', 'utterly', 'looks', 'theya', 'ita', 'spectator', 'sweetness', 'ly', 'talented', 'think', 'wonderful', 'thing', 'aesthetic', 'beautifula', 'elegance', 'extravagant', 'thank', 'goofy', 'outfit', 'incredibly']",Compliments And Flirting,She receives compliments about her appearance from him.,"romance_core, physical_affection","setting:public, activity:flirting",False,"The top keywords 'stunning', 'attractive', 'sweet', and 'wonderful' indicate admiration and attraction. The snippets show a man complimenting a woman, suggesting a romantic or flirtatious scene.",2.1,Attraction & Sexual Tension,"Sexuality, Attraction & Intimacy",,,,high,False,R4,Heroine interprets hero's behaviour as purely sexual interest,,I,Initial Conflict & Isolation,False,high,"The topic's keywords and representative snippets ('you look good', 'you look beautiful', 'you'll look hot') indicate early attraction and flirtation, which is typical of Phase I in the romance arc. The heroine interprets the hero's behaviour as purely sexual interest, fitting Radway's function R4."
59,"tristana, smiles, replies, broadly, laughs, puts, glares, mutters, harrya, asks",27,"['tristana', 'smiles', 'replies', 'broadly', 'laughs', 'puts', 'glares', 'mutters', 'harrya', 'asks', 'says', 'deadpan', 'widen', 'pulls', 'looks', 'glance', 'listens', 'calls', 'turns', 'stares', 'takeover', 'snaps', 'goofily', 'horror', 'sits', 'watches', 'whispers']",Silent Staring Conversation,"The couple sits silently, staring at each other, trying to read each other's expressions.","romance_core, relationship_conflict","setting:living_room, activity:staring",False,"The keywords 'smiles', 'replies', 'laughs', 'glares', 'mutters', 'looks', 'listens', 'calls', 'stares' and the snippets indicate a scene where characters are communicating non-verbally through facial expressions and body language, suggesting a romantic or conflictual relationship moment.",4.4,"Conflict, Distance & Breakup Threats",Relationship Trajectory (Main Couple),,,,medium,False,R7,Hero and heroine are physically or emotionally separated,,I,Initial Conflict & Isolation,False,medium,"The topic revolves around conflict and distance, with the heroine worrying about whether to speak up and the heroine's eyes avoiding the hero's. This suggests a separation or breakup threat, fitting R7."
62,"josha, declana, woulda, didna, months, med, frienda, chess, situation, careful",27,"['josha', 'declana', 'woulda', 'didna', 'months', 'med', 'frienda', 'chess', 'situation', 'careful', 'announced', 'ago', 'opposite', 'drawled', 'lessons', 'imposter', 'days', 'central', 'hea', 'wouldna', 'lie', 'knew', 'month', 'farewell', 'devona', 'nowa', 'half']",Months Of Careful Lies,"He carefully lies about his past, trying to hide his true self from her.","relationship_conflict, domestic_life","setting:home, activity:lying",False,"The keywords 'months', 'careful', 'lie' indicate a prolonged period of deception. The snippets show a character hiding aspects of their life, creating conflict in their relationship.",4.3,"Secrets, Misunderstandings & Hidden Information",Relationship Trajectory (Main Couple),,,,high,False,R7,Hero and heroine are physically or emotionally separated,,I,Initial Conflict & Isolation,False,medium,"The topic revolves around misunderstandings and hidden information between the characters, which often leads to separation or distance in the relationship. The mention of Josh's name causing a flinch and the drastic difference in their collections suggest emotional distance and lack of understanding, fitting R7."
63,"lie, lied, lying, lies, deception, truths, outright, omission, liara, believe",27,"['lie', 'lied', 'lying', 'lies', 'deception', 'truths', 'outright', 'omission', 'liara', 'believe', 'falsely', 'wasna', 'liea', 'wona', 'deceive', 'total', 'consummate', 'cana', 'deceived', 'cheater', 'faults', 'knew', 'youa', 'blurring', 'tell', 'motives', 'dona']",Deceptive Relationship,"She lies to him about her whereabouts, trying to hide her true feelings.","romance_core, relationship_conflict","setting:home, activity:lying",False,"The top keywords 'lie', 'lies', 'deception', and 'truths' indicate a focus on dishonesty. The snippets show a character hiding something, which supports the label 'Deceptive Relationship'. The primary categories 'romance_core' and 'relationship_conflict' are chosen because the topic revolves around emotional bonding and tension in a relationship. The secondary categories 'setting:home' and 'activity:lying' are based on the keyword 'home' and the action implied by the keywords 'lie' and 'lies'.",4.3,"Secrets, Misunderstandings & Hidden Information",Relationship Trajectory (Main Couple),,,,high,False,R7,Hero and heroine are physically or emotionally separated,,I,Initial Conflict & Isolation,False,medium,"The topic revolves around secrets and lies, which often lead to misunderstandings and separations in romance narratives. The phrase 'but why lie?' suggests a conflict that could lead to a breakup or physical separation, fitting R7."
64,"huxleya, says, asks, lottiea, secure, questions, jpa, davea, glance, stands",27,"['huxleya', 'says', 'asks', 'lottiea', 'secure', 'questions', 'jpa', 'davea', 'glance', 'stands', 'looks', 'answers', 'murder', 'builds', 'request', 'lifts', 'showing', 'say', 'adds', 'observing', 'door', 'shuts', 'youa', 'did', 'going', 'doing', 'fianca']",Doorway Questions And Answers,"The couple pauses at the door, asking and answering questions before moving on.","romance_core, social_setting","setting:doorway, activity:questioning",False,"The top keywords 'questions', 'answers', 'door' indicate a repeated pattern of questioning at doorways. The snippets show characters asking and answering questions as they move through doorways together.",4.1,"Meeting, First Impressions & Setup",Relationship Trajectory (Main Couple),,,,high,False,R1,Heroine's social identity is destroyed,,I,Initial Conflict & Isolation,False,low,"The topic's main category 'Meeting, First Impressions & Setup' suggests initial conflict or isolation, fitting R1. However, the lack of keywords and snippets makes the confidence low."
65,"excuse, aye, alright, look, ew, excellent, bye, called, lottiea, buta",27,"['excuse', 'aye', 'alright', 'look', 'ew', 'excellent', 'bye', 'called', 'lottiea', 'buta', 'correct', 'redemption', 'er', 'district', 'corrects', 'blackmail', 'funny', 'explosion', 'explains', 'fascinating', 'equally', 'lovebites', 'blinda', 'eagles', 'chutiya', 'coined', 'gardnera']",Apologetic Excuse Me,"She hesitates, then says 'excuse me' in a soft, uncertain voice.","relationship_conflict, romance_core","setting:none, activity:saying_sorry",False,"The keyword 'excuse me' appears repeatedly in the snippets, indicating an apology. The label and categories reflect this conflict and emotional core of the topic.",4.4,"Conflict, Distance & Breakup Threats",Relationship Trajectory (Main Couple),,,,medium,False,R7,Hero and heroine are physically or emotionally separated,,I,Initial Conflict & Isolation,False,medium,"The topic's main category 'Conflict, Distance & Breakup Threats' and the representative snippets ('âexcuse me?', repeated) suggest a separation or breakup threat, fitting R7."
66,"didn, couldn, swallowed, glanced, nodded, hadn, giggled, wasn, despite, friend",27,"['didn', 'couldn', 'swallowed', 'glanced', 'nodded', 'hadn', 'giggled', 'wasn', 'despite', 'friend', 'wouldn', 'sighed', 'blushed', 'smiled', 'sucked', 'breath', 'isn', 'thought', 'whispered', 'shrugged', 'cringed', 'buckles', 'wore', 'wiggled', 'numb', 'moan', 'vulgar']",Bluffing About Feelings,Abbey struggles to understand and express her feelings while interacting with someone.,"relationship_conflict, romance_core","setting:conversation, activity:arguing",False,"The keywords 'bluff', 'feelings', and 'didn't care' along with the snippets indicating Abbey's confusion and lack of understanding support the label 'Bluffing About Feelings'. The primary categories 'relationship_conflict' and 'romance_core' are chosen because the topic revolves around Abbey's emotional struggle in a relationship context.",3.2,Negative Emotions & Distress,"Emotions, Cognition & Inner Life",,,,medium,False,R5,Heroine responds with anger or coldness,,I,Initial Conflict & Isolation,False,medium,"The topic's representative snippets show Abbey's emotional withdrawal and guardedness, which aligns with R5 - Heroine responds with anger or coldness. The main taxonomy group 'Negative Emotions & Distress' also supports this interpretation."
68,"percent, thousand, ninety, scale, eighty, fourth, century, quarter, grand, seventh",27,"['percent', 'thousand', 'ninety', 'scale', 'eighty', 'fourth', 'century', 'quarter', 'grand', 'seventh', 'knocks', 'strive', 'seventy', 'sixa', 'counted', 'fifth', 'pounds', 'ninth', 'rule', 'years', 'million', 'letters', 'exact', 'maybe', 'quarters', 'rows', 'words']",Percentage-based Assurance,"She confidently states, 'one hundred percent.'","romance_core, relationship_conflict","setting:conversation, activity:assertion",False,"The top keyword 'percent' and snippets like 'one hundred percent.' and 'a hundred fucking percent.' indicate a scene where someone is expressing confidence or certainty. The use of percentages suggests a quantitative or comparative aspect to this assurance, hence the label 'Percentage-based Assurance'. The primary categories 'romance_core' and 'relationship_conflict' are chosen because this topic likely revolves around expressing feelings or resolving disagreements in a relationship context.",4.4,"Conflict, Distance & Breakup Threats",Relationship Trajectory (Main Couple),,,,medium,False,R7,Hero and heroine are physically or emotionally separated,,I,Initial Conflict & Isolation,False,medium,"The topic's keywords and representative snippets ('one hundred percent.', 'a hundred fucking percent.', 'forty-five percent?') suggest a conflict or tension in the relationship, with the heroine or hero expressing doubt or uncertainty. This aligns with the narrative function of physical or emotional separation (R7) in Phase I of Radway's model."
69,"hurts, guilt, painful, hurting, experiencing, painkillers, guilty, injury, agony, inflict",27,"['hurts', 'guilt', 'painful', 'hurting', 'experiencing', 'painkillers', 'guilty', 'injury', 'agony', 'inflict', 'caused', 'ache', 'physical', 'gut', 'pierced', 'wona', 'feeling', 'cana', 'pricks', 'pleasure', 'hits', 'dulled', 'ached', 'helps', 'alive', 'slices', 'palpable']",Painful Emotional Burden,She struggles with the emotional pain and guilt that weigh heavily on her heart.,"romance_core, relationship_conflict","setting:mind, activity:struggling",False,"The top keywords 'hurts', 'guilt', 'painful', and 'injury' indicate emotional distress. The snippets confirm this, with phrases like 'it fucking hurts' and 'this hurts'. The lack of explicit sexual terms and the focus on emotional pain lead to a non-sexual label and romance-focused categories.",3.2,Negative Emotions & Distress,"Emotions, Cognition & Inner Life",,,,high,False,R1,Heroine's social identity is destroyed,,I,Initial Conflict & Isolation,False,high,"The topic's representative snippets repeatedly express pain and distress, indicating a major blow to the heroine's emotional state, which is characteristic of Radway's R1 function. The lack of keywords, label, or scene summary, and the absence of romance_core or relevant taxonomy groups further support this interpretation."
73,"simona, karaa, answered, completely, rarity, loved, desolate, special, happiness, emotionally",27,"['simona', 'karaa', 'answered', 'completely', 'rarity', 'loved', 'desolate', 'special', 'happiness', 'emotionally', 'informing', 'nearly', 'insane', 'sama', 'superficial', 'cared', 'acquaintances', 'comment', 'emotions', 'deserved', 'devotion', 'wasna', 'male', 'friend', 'needed', 'involved', 'stubborn']",Desolate Emotional Conversation,"In a desolate setting, two acquaintances engage in an emotional conversation about their feelings.","romance_core, relationship_conflict","setting:desolate, activity:conversation",False,"The top keywords 'desolate', 'emotions', and 'acquaintances' suggest a scene of emotional exchange between people who are not close. The repeated snippet 'how did you get by simonâs security?' implies a conversation about feelings or past experiences, supporting the 'romance_core' and 'relationship_conflict' categories.",4.4,"Conflict, Distance & Breakup Threats",Relationship Trajectory (Main Couple),3.2,Negative Emotions & Distress,"Emotions, Cognition & Inner Life",medium,False,R7,Hero and heroine are physically or emotionally separated,,I,Initial Conflict & Isolation,False,medium,"The topic revolves around a security breach, suggesting a conflict or separation between the hero and heroine. The main taxonomy category 'Conflict, Distance & Breakup Threats' further supports this interpretation."
74,"emmetta, britta, fact, grin, smirked, second, snorted, fuckina, laughed, amazed",27,"['emmetta', 'britta', 'fact', 'grin', 'smirked', 'second', 'snorted', 'fuckina', 'laughed', 'amazed', 'night', 'asked', 'giggled', 'grinned', 'usually', 'processing', 'years', 'zipped', 'eyebrows', 'did', 'inwardly', 'drifted', 'couldna', 'game', 'ago', 'suddenly', 'stunned']",Confused About Relationship Feelings,"The couple sits in a stadium, stunned and amazed, trying to understand their complex feelings for each other.","romance_core, relationship_conflict","setting:stadium, activity:discussion",False,"The keywords 'feeling', 'years', and 'relationship' suggest a focus on emotions and relationships. The snippets show a conversation about feelings, supporting the label and categories.",3.3,Ambivalence & Internal Conflict,"Emotions, Cognition & Inner Life",,,,medium,False,R3,Hero responds ambiguously to heroine,,I,Initial Conflict & Isolation,False,low,"The topic's keywords and snippets suggest internal conflict and uncertainty, which could be interpreted as the hero's behaviour being mixed or ambiguous towards the heroine, fitting R3."
76,"whisper, whispered, murmur, whispers, whata, breathy, shh, contorting, conceited, meek",27,"['whisper', 'whispered', 'murmur', 'whispers', 'whata', 'breathy', 'shh', 'contorting', 'conceited', 'meek', 'sacred', 'overthink', 'remia', 'hear', 'dona', 'stumbling', 'hoarsely', 'half', 'stop', 'lavender', 'freezing', 'yeah', 'relax', 'moat', 'steam', 'disaster', 'wrong']",Whispered Secrets,She whispers secrets to him in the dimly lit bedroom.,"romance_core, relationship_conflict","setting:bedroom, activity:whispering",False,"The top keywords 'whisper', 'whispers', and 'meek' indicate whispered conversations. The snippets show her whispering to him, suggesting a secretive, intimate scene. The use of 'sacred' and 'lavender' hints at a romantic or emotional context.",4.3,"Secrets, Misunderstandings & Hidden Information",Relationship Trajectory (Main Couple),,,,high,False,R7,Hero and heroine are physically or emotionally separated,,I,Initial Conflict & Isolation,False,medium,"The topic revolves around whispered conversations, suggesting secrecy and potential misunderstandings between the hero and heroine. This aligns with R7 as it often indicates a separation or hidden information that could lead to a breakup or physical separation."
77,"asks, asked, replies, whata, doing, says, answered, demanded, howa, tone",27,"['asks', 'asked', 'replies', 'whata', 'doing', 'says', 'answered', 'demanded', 'howa', 'tone', 'inquired', 'perusing', 'answer', 'snaps', 'paged', 'plans', 'hopefully', 'spoke', 'puzzled', 'replied', 'arena', 'question', 'casually', 'matter', 'answers', 'proved', 'alright']",Puzzled Decision Making,"He puzzles over a decision, today's paperwork causing concern.","romance_core, relationship_conflict","setting:home, activity:decision_making",False,"The top keywords 'puzzled', 'decision', 'today', and 'concern' indicate a character grappling with a choice. The snippets show him asking questions, suggesting he's trying to figure something out. The label and scene_summary reflect this internal struggle.",3.3,Ambivalence & Internal Conflict,"Emotions, Cognition & Inner Life",,,,medium,False,R3,Hero responds ambiguously to heroine,,I,Initial Conflict & Isolation,False,low,"The topic's keywords and snippets suggest a mixed or ambiguous behavior from the hero, as indicated by the use of question marks and the repetition of 'he asks'. This ambiguity could create confusion and tension in the heroine's interpretation of the hero's behavior, fitting Radway's function R3 (Hero responds ambiguously to heroine). However, the low confidence is due to the lack of explicit context or keywords that strongly support this interpretation."
80,"laurena, hockey, mikea, players, natea, agreed, suddenly, reminding, began, goalie",27,"['laurena', 'hockey', 'mikea', 'players', 'natea', 'agreed', 'suddenly', 'reminding', 'began', 'goalie', 'fired', 'scrum', 'beccaa', 'reminded', 'heh', 'offs', 'reminders', 'drained', 'spirited', 'traveling', 'millionth', 'hedged', 'wondered', 'office', 'lovesick', 'degree', 'managera']",Hockey Player's Lovesick Reminders,"The hockey player, lovesick, recalls reminders of his past with Laurena.","romance_core, relationship_conflict","setting:office, activity:remembering_past",False,"The top keywords 'hockey', 'players', 'lovesick', and 'reminders' indicate a romantic context. The snippets describe the hockey player's emotional state and memories of Laurena, supporting the label and chosen categories.",3.2,Negative Emotions & Distress,"Emotions, Cognition & Inner Life",,,,medium,False,R1,Heroine's social identity is destroyed,,I,Initial Conflict & Isolation,False,medium,"The topic's focus on the heroine's emotional distress and past life suggests a major blow to her social identity or self-concept, fitting R1. The lack of keywords and the negative emotion category further support this interpretation."
82,"scared, afraid, sad, terrifying, scary, scare, scares, frightening, frightened, fears",27,"['scared', 'afraid', 'sad', 'terrifying', 'scary', 'scare', 'scares', 'frightening', 'frightened', 'fears', 'sadness', 'dreading', 'phobia', 'fright', 'horror', 'makes', 'shitless', 'althougha', 'freaked', 'doubt', 'depraved', 'ia', 'die', 'depressed', 'scaring', 'thrilling', 'thingsa']",Frightened Admissions,"She admits her fears and insecurities to him in a quiet, intimate setting.","romance_core, relationship_conflict","setting:quiet_intimate, activity:admitting_fears",False,"The top keywords 'scared', 'afraid', 'frightened', and 'sad' indicate emotional vulnerability. The snippets show a character expressing their fears, supporting the label 'Frightened Admissions'. The setting is implied to be quiet and intimate, as suggested by the lack of noise or distractions in the snippets.",3.2,Negative Emotions & Distress,"Emotions, Cognition & Inner Life",,,,high,False,R1,Heroine's social identity is destroyed,,I,Initial Conflict & Isolation,False,medium,"The topic revolves around the heroine expressing fear, which is a common emotion experienced by the heroine in Phase I of the romance narrative. This fear often stems from a major blow to her social identity or self-concept, leaving her isolated and distressed, as described in Radway's function R1."
84,"didn, wasn, nicka, couldn, wouldn, flinched, doesn, frowned, struggled, shook",27,"['didn', 'wasn', 'nicka', 'couldn', 'wouldn', 'flinched', 'doesn', 'frowned', 'struggled', 'shook', 'behavior', 'fought', 'wondered', 'narcissistic', 'drama', 'seminar', 'used', 'blinked', 'afraid', 'marriage', 'swallowed', 'muttered', 'lack', 'told', 'tolerate', 'times', 'resisted']",Emotional Burden About Marriage,"She sat alone, afraid and unsure about her marriage.","romance_core, relationship_conflict","setting:solo, activity:thinking",False,"The keywords 'afraid', 'marriage', 'lack' and 'times' indicate emotional struggle in a long-term relationship. The snippets show a character grappling with these feelings alone.",7.2,"Violence, Threats & Coercion","Conflict, Risk & Harm",3.2,Negative Emotions & Distress,"Emotions, Cognition & Inner Life",high,False,R2,Heroine reacts antagonistically to the hero,,I,Initial Conflict & Isolation,False,medium,"The topic's keywords and snippets suggest a tense atmosphere, with the heroine avoiding eye contact and not wanting to think about something. This aligns with the heroine reacting antagonistically to the hero, as indicated by her avoidance and negative emotions."
87,"leave, leaving, walk, left, need, leta, run, needed, fleeing, unscathed",27,"['leave', 'leaving', 'walk', 'left', 'need', 'leta', 'run', 'needed', 'fleeing', 'unscathed', 'turn', 'escape', 'caveman', 'running', 'solve', 'just', 'league', 'noa', 'getting', 'unfulfilled', 'outlast', 'dole', 'reiterated', 'unsolicited', 'detectives', 'cana', 'inner']",Unclear Relationship Feelings,The couple argues about their relationship status in the kitchen.,"romance_core, relationship_conflict","setting:kitchen, activity:arguing",False,"The keywords 'unsolicited', 'unmade', and 'relationship' suggest an unresolved relationship issue. The snippets show a couple discussing their feelings, supporting the label and categories.",4.4,"Conflict, Distance & Breakup Threats",Relationship Trajectory (Main Couple),,,,high,False,R7,Hero and heroine are physically or emotionally separated,,I,Initial Conflict & Isolation,False,high,"The topic's representative snippets ('you should leave.', 'leave them.', 'after we leave.') all suggest a separation or breakup threat, fitting Radway's R7 function of physical or emotional separation."
88,"missed, misses, missing, forgot, performance, sorry, did, ia, train, memo",27,"['missed', 'misses', 'missing', 'forgot', 'performance', 'sorry', 'did', 'ia', 'train', 'memo', 'winniea', 'today', 'opportunity', 'anniversaries', 'perfection', 'tartare', 'chang', 'realms', 'dank', 'missus', 'structural', 'ching', 'whisper', 'confesses', 'inquire', 'anybodya', 'havena']",Missed Opportunity Regret,"She laments, 'I missed it.'","romance_core, relationship_conflict","setting:none, activity:regret_expression",False,"The top keyword 'missed' and snippets 'i missed it.', 'fuck, i missed that .', 'i've missed you, dane.' indicate a regretful moment. The lack of explicit sexual terms and the focus on emotional expression suggest a core romantic scene with relationship conflict.",3.2,Negative Emotions & Distress,"Emotions, Cognition & Inner Life",,,,high,False,R5,Heroine responds with anger or coldness,,I,Initial Conflict & Isolation,False,medium,"The topic's keywords and representative snippets ('missed', 'fuck', 'i've missed you') suggest emotional withdrawal and guarded responses, fitting Radway's R5 function. The main taxonomy category of 'Negative Emotions & Distress' further supports this interpretation."
89,"hate, hated, loathe, hating, hates, loathed, dislike, shopping, method, survival",27,"['hate', 'hated', 'loathe', 'hating', 'hates', 'loathed', 'dislike', 'shopping', 'method', 'survival', 'despised', 'hatea', 'truly', 'perverse', 'word', 'absolutely', 'person', 'things', 'particular', 'despise', 'uniform', 'resort', 'beaten', 'hatred', 'loved', 'baking', 'guts']",Emotional Argument,The couple argues heatedly in their living room.,,,False,,4.4,"Conflict, Distance & Breakup Threats",Relationship Trajectory (Main Couple),,,,high,False,R7,Hero and heroine are physically or emotionally separated,,I,Initial Conflict & Isolation,False,medium,"The topic revolves around expressions of hatred and dislike, suggesting a conflict or separation between the heroine and hero. The main taxonomy category 'Conflict, Distance & Breakup Threats' further supports this interpretation."
91,"memories, remember, memory, remembered, remembering, childhood, amnesia, vivid, recall, ones",27,"['memories', 'remember', 'memory', 'remembered', 'remembering', 'childhood', 'amnesia', 'vivid', 'recall', 'ones', 'flashback', 'repressed', 'years', 'newer', 'reliving', 'events', 'tales', 'mind', 'memoriesa', 'retrograde', 'times', 'fragments', 'plagued', 'losing', 'replace', 'forget', 'list']",Vivid Childhood Memories,"She recalled vivid memories of her childhood, reliving past events that had been repressed for years.","romance_core, domestic_life","setting:memory, activity:remembering",False,"The top keywords 'memories', 'memory', 'childhood', and 'flashback' indicate a focus on past events. The snippets confirm these are vivid, repressed memories that the character is recalling.",3.2,Negative Emotions & Distress,"Emotions, Cognition & Inner Life",,,,high,False,R1,Heroine's social identity is destroyed,,I,Initial Conflict & Isolation,False,medium,"The topic's focus on 'memories' and 'would stay with me forever' suggests a regret or loss that the heroine is experiencing, which aligns with R1 - Heroine's social identity is destroyed. The lack of keywords and previous label/scene summary makes it difficult to be more confident, but the topic's placement in the 'Negative Emotions & Distress' category supports this interpretation."
94,"anger, rage, simmering, blood, frustration, enraged, temper, veins, boiled, surges",27,"['anger', 'rage', 'simmering', 'blood', 'frustration', 'enraged', 'temper', 'veins', 'boiled', 'surges', 'stomach', 'burns', 'begins', 'cooled', 'laces', 'guts', 'flares', 'rises', 'inside', 'replaced', 'explodes', 'spine', 'boil', 'pulses', 'irrational', 'boiling', 'rages']",Anger Management In Relationship,The couple struggles with managing their anger towards each other during an argument.,"relationship_conflict, domestic_life","setting:kitchen, activity:arguing",False,"The keywords 'anger', 'rage', and 'frustration' indicate a high emotional state, while 'relationship' suggests a romantic context. The snippets confirm an argumentative scene, with 'there was real anger there' and 'is it anger or is it tension?' supporting the label and categories.",7.2,"Violence, Threats & Coercion","Conflict, Risk & Harm",4.4,"Conflict, Distance & Breakup Threats",Relationship Trajectory (Main Couple),high,False,R2,Heroine reacts antagonistically to the hero,,I,Initial Conflict & Isolation,False,medium,"The topic keywords and snippets suggest anger or tension between the hero and heroine, which is a common narrative function in Phase I of Radway's model. The topic's placement under 'Conflict, Distance & Breakup Threats' in the Stage 2 taxonomy further supports this interpretation."
107,"wasna, didna, matter, sense, true, couldna, happen, happening, hadna, mattered",27,"['wasna', 'didna', 'matter', 'sense', 'true', 'couldna', 'happen', 'happening', 'hadna', 'mattered', 'wasn', 'werena', 'didn', 'work', 'add', 'pundits', 'spoiler', 'make', 'worked', 'strangely', 'case', 'difference', 'shouldna', 'failure', 'alert', 'figure', 'reason']",Unclear Relationship Feelings,"The couple sits at the table, struggling to express their true feelings.","romance_core, relationship_conflict","setting:table, activity:discussion",False,"The keywords 'matter', 'sense', 'true', and 'work' suggest a struggle to understand or express feelings. The snippets show a couple trying to communicate but falling short, indicating unclear relationship feelings.",4.4,"Conflict, Distance & Breakup Threats",Relationship Trajectory (Main Couple),,,,medium,False,R7,Hero and heroine are physically or emotionally separated,,I,Initial Conflict & Isolation,False,medium,"The topic's keywords and representative snippets ('wasnat', 'until it wasnat', 'still wasnat close enough') suggest a physical or emotional separation between the hero and heroine. The Stage 2 taxonomy group 'Conflict, Distance & Breakup Threats' further supports this interpretation, indicating that the topic typically realises Radway's function R7 in the romance narrative."
111,"dreams, nightmare, dreamed, dreaming, nightmares, true, wake, worst, vivid, fantasies",27,"['dreams', 'nightmare', 'dreamed', 'dreaming', 'nightmares', 'true', 'wake', 'worst', 'vivid', 'fantasies', 'dreamt', 'pipe', 'memoriesa', 'dreamy', 'moonstar', 'remember', 'imagined', 'vision', 'wildest', 'waterfront', 'awoke', 'having', 'fantasy', 'remembered', 'journal', 'currently', 'years']",Nightmare Confessions,The couple shares their deepest fears and insecurities while lying in bed at night.,"romance_core, relationship_conflict","setting:bedroom, activity:confessing",False,"The top keywords 'dreams', 'nightmare', 'dreaming', and 'nightmares' indicate a focus on dreams and fears. The snippets show a conversation about dreams, suggesting emotional intimacy and potential conflict.",3.2,Negative Emotions & Distress,"Emotions, Cognition & Inner Life",,,,high,False,R2,Heroine reacts antagonistically to the hero,,I,Initial Conflict & Isolation,False,medium,"The topic revolves around the heroine's distress and anger, expressed through accusations and blame ('why are you ruining my dreams?'), which aligns with Radway's R2 function of the heroine reacting antagonistically to the hero."
114,"taga, asked, drewa, wasna, replied, enthralled, hadna, kadea, choices, deter",27,"['taga', 'asked', 'drewa', 'wasna', 'replied', 'enthralled', 'hadna', 'kadea', 'choices', 'deter', 'brothera', 'reluctance', 'scaring', 'didna', 'grumbled', 'ideal', 'brief', 'disagree', 'isaa', 'assessing', 'approved', 'assistants', 'saved', 'believed', 'gut', 'cheated', 'tequila']",Reluctant Relationship Choices,"Isa hesitates to share her top choices for Eli's new PA, causing tension with Melanie.","relationship_conflict, domestic_life","setting:home, activity:arguing",False,"The keywords 'choices', 'reluctance', 'expectations', and 'approval' suggest a conflict over decisions. The snippets show a disagreement between characters about who should be chosen for a role, creating tension in their relationship.",4.3,"Secrets, Misunderstandings & Hidden Information",Relationship Trajectory (Main Couple),5.2,Friends & Social Circles,Social World Outside Couple,medium,False,R7,Hero and heroine are physically or emotionally separated,,I,Initial Conflict & Isolation,False,medium,"The topic revolves around a promise made by the hero (Isa) to the heroine (Melanie) regarding their child's nanny, which is later revealed to be broken. This revelation leads to a separation or misunderstanding between the couple, fitting R7 (separation). The topic's placement under 'Secrets, Misunderstandings & Hidden Information' in the taxonomy further supports this interpretation."
117,"hated, hate, hates, hating, despised, loathe, loathed, dislike, disliked, hatred",27,"['hated', 'hate', 'hates', 'hating', 'despised', 'loathe', 'loathed', 'dislike', 'disliked', 'hatred', 'gravity', 'despise', 'loved', 'smoked', 'littlea', 'resented', 'condescending', 'mainly', 'hima', 'knows', 'regardless', 'guts', 'shortly', 'mention', 'badmouthing', 'instantly', 'constant']",Constant Hate And Dislike,He constantly expresses his hatred and dislike for something or someone.,"relationship_conflict, domestic_life","setting:home, activity:arguing",False,"The top keywords 'hate', 'dislike', 'hatred', and 'constant' clearly indicate a recurring negative emotion. The snippets show this emotion being expressed, supporting the label 'Constant Hate And Dislike'. The primary categories 'relationship_conflict' and 'domestic_life' are chosen because the topic revolves around persistent negative feelings, likely within a relationship or family setting.",4.4,"Conflict, Distance & Breakup Threats",Relationship Trajectory (Main Couple),,,,high,False,R7,Hero and heroine are physically or emotionally separated,,I,Initial Conflict & Isolation,False,medium,"The topic revolves around the hero's hatred, which could be directed at the heroine or their situation, creating conflict and distance. This typically leads to separation or breakup threats, fitting R7."
122,"lewisa, mission, asked, information, hunting, informant, descriptions, saved, friend, helping",27,"['lewisa', 'mission', 'asked', 'information', 'hunting', 'informant', 'descriptions', 'saved', 'friend', 'helping', 'couldna', 'mandya', 'fight', 'originally', 'stood', 'didna', 'poetry', 'saw', 'wouldna', 'gun', 'contracts', 'handling', 'conscience', 'watched', 'fund', 'eye', 'wasna']",Serious Conversation About Relationship,"She looked into his eyes, ready to discuss their uncertain relationship.","romance_core, relationship_conflict","setting:bedroom, activity:discussion",False,"Keywords 'relationship', 'talk', 'discussion' indicate a serious conversation. Snippets show a couple discussing something important, likely their relationship status or feelings.",7.2,"Violence, Threats & Coercion","Conflict, Risk & Harm",4.4,"Conflict, Distance & Breakup Threats",Relationship Trajectory (Main Couple),high,False,R7,Hero and heroine are physically or emotionally separated,,I,Initial Conflict & Isolation,False,medium,"The topic revolves around Mandy's decision to stay with Lewis, indicating a physical separation or distance between them. The serious tone of Lewis's voice in the last snippet suggests a potential breakup threat, which aligns with R7."
123,"police, cops, guard, cop, ambulance, guards, paramedics, station, officers, uniform",27,"['police', 'cops', 'guard', 'cop', 'ambulance', 'guards', 'paramedics', 'station', 'officers', 'uniform', 'bodyguards', 'personnel', 'gate', 'systems', 'arrest', 'called', 'building', 'fund', 'peephole', 'arrived', 'complaint', 'brandishing', 'local', 'escort', 'raiser', 'rayforda', 'earpiece']",Police Involvement,The couple considers or involves the police in their situation.,"relationship_conflict, social_setting","setting:police_station, activity:calling_police",False,"The top keywords 'police', 'cops', 'guard', and 'officers' indicate police presence. The snippets 'could i call the police?' and 'i should call the police.' confirm that the topic revolves around involving the police in a situation.",7.1,Interpersonal Non-Romantic Conflict,"Conflict, Risk & Harm",,,,high,False,R2,Heroine reacts antagonistically to the hero,,I,Initial Conflict & Isolation,False,medium,"The topic's keywords and snippets revolve around conflict and threat, suggesting the heroine's antagonistic reaction to the hero or a threat, fitting R2. The main taxonomy category of Interpersonal Non-Romantic Conflict further supports this interpretation."
126,"murmured, replied, wouldn, jackass, glanced, hog, easily, informed, sardonic, ruefully",27,"['murmured', 'replied', 'wouldn', 'jackass', 'glanced', 'hog', 'easily', 'informed', 'sardonic', 'ruefully', 'isn', 'heard', 'didn', 'remembers', 'shot', 'stand', 'asked', 'retorted', 'hadn', 'loyal', 'saw', 'told', 'blinked', 'protested', 'glance', 'brows', 'stopped']",Sardonic Glances During Argument,"The couple, seated at a table, exchanges sardonic glances during an intense argument.","relationship_conflict, domestic_life","setting:table, activity:arguing",False,"The top keywords 'jackass', 'sardonic', 'glance', and 'arguing' from the snippets indicate a conflict scene. The use of 'sardonic' and 'glance' suggests a specific emotional tone, which is reflected in the label.",4.4,"Conflict, Distance & Breakup Threats",Relationship Trajectory (Main Couple),,,,high,False,R7,Hero and heroine are physically or emotionally separated,,I,Initial Conflict & Isolation,False,medium,"The topic's main category 'Conflict, Distance & Breakup Threats' and the representative snippets ('let me, [NAME], and came to my side of the table.', 'go on, then, [NAME].') suggest a physical or emotional separation between the hero and heroine, fitting R7."
127,"panic, emotions, emotional, attack, emotionally, attacks, hysteria, unease, excited, panicking",27,"['panic', 'emotions', 'emotional', 'attack', 'emotionally', 'attacks', 'hysteria', 'unease', 'excited', 'panicking', 'dread', 'sadness', 'feelings', 'nervousa', 'breakdown', 'anxious', 'surface', 'manipulation', 'sudden', 'feeling', 'depression', 'nervousness', 'sole', 'anguish', 'dose', 'fills', 'intensified']",Emotional Panic Attacks,"She struggles with sudden, intense feelings of panic and dread.","romance_core, relationship_conflict","setting:mind, activity:emotional_struggle",False,"The top keywords 'panic', 'emotions', 'attack', 'attacks', 'hysteria', 'unease', 'dread' and the snippets repeatedly mention panic, indicating intense emotional distress. The label and categories reflect this internal struggle, with no clear external setting or activity.",7.2,"Violence, Threats & Coercion","Conflict, Risk & Harm",3.2,Negative Emotions & Distress,"Emotions, Cognition & Inner Life",high,False,R2,Heroine reacts antagonistically to the hero,,I,Initial Conflict & Isolation,False,medium,"The topic's focus on 'panic' suggests a state of distress or fear, which could be a reaction to the hero's actions, indicating a conflict or misunderstanding between the heroine and the hero, fitting R2."
129,"condom, condoms, wrapper, packet, wallet, nightstand, expired, drawer, pocket, rolled",27,"['condom', 'condoms', 'wrapper', 'packet', 'wallet', 'nightstand', 'expired', 'drawer', 'pocket', 'rolled', 'dispose', 'tore', 'package', 'quickly', 'grabbed', 'box', 'use', 'sheathed', 'discarded', 'rolls', 'length', 'tearing', 'disposed', 'used', 'pulls', 'drugstore', 'pulled']",Condom Check Before Sex,"He reaches into his wallet, pulling out a condom packet to check its expiration before they proceed.","sexual_content, domestic_life","setting:bedroom, activity:checking_condom",False,"The top keywords 'condom', 'condoms', 'wrapper', 'packet', 'wallet' all relate to the act of checking a condom before sex. The snippets confirm this, with phrases like 'i've never done it without a condom' and 'condom' directly referencing the act.",2.1,Attraction & Sexual Tension,"Sexuality, Attraction & Intimacy",,,,high,False,R4,Heroine interprets hero's behaviour as purely sexual interest,,I,Initial Conflict & Isolation,False,medium,"The topic revolves around the heroine's concern about safe sex, which is often a source of tension or misunderstanding in the early stages of a romance. This topic typically realises Radway's function R4, where the heroine interprets the hero's behaviour as purely sexual interest, focusing on physical attraction and tension."
131,"aresa, grunts, walks, wraps, says, lose, ravena, tenses, entwining, inhales",27,"['aresa', 'grunts', 'walks', 'wraps', 'says', 'lose', 'ravena', 'tenses', 'entwining', 'inhales', 'values', 'honesty', 'shakes', 'pleads', 'leans', 'morals', 'merger', 'joined', 'wona', 'runs', 'bodyguards', 'asks', 'inherit', 'stares', 'arm', 'expression', 'greek']",Honest Emotional Conversation,"The couple, their eyes locked, honestly discusses their feelings and values in a tense moment.","romance_core, relationship_conflict","setting:bedroom, activity:discussing_feelings",False,"The keywords 'honesty', 'values', 'pleads', and 'morals' indicate an emotional conversation. The snippets show a couple discussing feelings ('aresâs words', 'aresâs eyes heated as he reaches for me') in a bedroom setting ('in aresâs eyes?').",4.4,"Conflict, Distance & Breakup Threats",Relationship Trajectory (Main Couple),,,,high,False,R7,Hero and heroine are physically or emotionally separated,,I,Initial Conflict & Isolation,False,medium,"The topic revolves around conflict and distance in the relationship, as indicated by the main taxonomy category. The snippets suggest a separation or threat of separation ('aresa's words', 'aresa's eyes are heated as he reaches for me'), which aligns with R7."
134,"cadea, audreya, archera, necks, daphnea, glanced, told, curious, breakthroughs, campus",27,"['cadea', 'audreya', 'archera', 'necks', 'daphnea', 'glanced', 'told', 'curious', 'breakthroughs', 'campus', 'crush', 'sister', 'philanthropist', 'factored', 'demeanor', 'friendly', 'debt', 'friend', 'spending', 'wouldna', 'discussed', 'hacked', 'withering', 'drugs', 'looked', 'shitty', 'bit']",Sister's Confusing Admissions,The sister confesses her feelings and secrets to her player sibling in a private conversation.,"relationship_conflict, domestic_life","setting:private_conversation, activity:confessing",False,"The top keyword 'sister' and the snippets mentioning 'cadeâs name' and 'reaction to audrey' indicate a conversation between sisters. The keyword 'curious' suggests the content of this conversation is revealing or confusing, leading to the label 'Sister's Confusing Admissions'. The primary categories 'relationship_conflict' and 'domestic_life' are chosen because the topic revolves around family relationships and emotional conversations.",5.1,Family & Kinship,Social World Outside Couple,4.3,"Secrets, Misunderstandings & Hidden Information",Relationship Trajectory (Main Couple),medium,False,R7,Hero and heroine are physically or emotionally separated,,I,Initial Conflict & Isolation,False,medium,"The topic revolves around the mention of 'cade's name and his reaction, suggesting a separation or distance between him and Audrey. This aligns with R7, as it indicates a physical or emotional separation between the hero and heroine."
139,"asked, asks, doing, replied, whata, demanded, prompted, says, suspiciously, uh",27,"['asked', 'asks', 'doing', 'replied', 'whata', 'demanded', 'prompted', 'says', 'suspiciously', 'uh', 'softly', 'brass', 'spoke', 'stammers', 'weakly', 'insisted', 'curiously', 'bending', 'thatcha', 'english', 'chomped', 'problem', 'timidly', 'accusingly', 'sounding', 'questions', 'whatcha']",Awkward Questions At Door,"She hesitates at the door, asking him 'What is it?' with a stammer.","relationship_conflict, domestic_life","setting:doorway, activity:asking_questions",False,"The keywords 'door', 'asked', and 'stammer' along with the snippets showing her asking questions at the door support this label and these categories.",4.4,"Conflict, Distance & Breakup Threats",Relationship Trajectory (Main Couple),,,,medium,False,R7,Hero and heroine are physically or emotionally separated,,I,Initial Conflict & Isolation,False,medium,"The topic's main category 'Conflict, Distance & Breakup Threats' and the representative snippets ('she asked', 'what is it?') suggest a conversation leading to conflict or separation, fitting R7."
141,"rush, , , , , , , , , ",27,"['rush', '', '', '', '', '', '', '', '', '', '', '', '', '', '', '', '', '', '', '', '', '', '', '', '', '', '']",Hurried Conversations,"The couple, in a hurry, has a brief, intense conversation in the doorway.","romance_core, relationship_conflict","setting:doorway, activity:argument",False,"The top keyword 'rush' and the repeated phrase 'âno.' in the snippets indicate a hurried situation. The doorway setting and the phrase 'âno rush.' suggest a brief, intense conversation happening at a door. The conflict implied by 'no.' places this topic under 'relationship_conflict'.",4.2,"Bonding, Everyday Intimacy & Growth",Relationship Trajectory (Main Couple),,,,medium,False,R5,Heroine responds with anger or coldness,,I,Initial Conflict & Isolation,False,medium,"The topic's representative snippets ('no.', 'no rush.') suggest the heroine is expressing resistance or coldness towards the hero, fitting Radway's function R5. The main taxonomy group 'Bonding, Everyday Intimacy & Growth' also supports this, as it often involves the heroine setting boundaries or expressing her feelings."
145,"knows, course, doing, options, wants, did, hea, somethinga, needed, supplication",27,"['knows', 'course', 'doing', 'options', 'wants', 'did', 'hea', 'somethinga', 'needed', 'supplication', 'revolutionary', 'adversary', 'supposed', 'truly', 'wanted', 'individuals', 'represents', 'purpose', 'recognizes', 'implies', 'enthralled', 'country', 'era', 'champ', 'accomplishments', 'observant', 'literally']",Knowing Glance Conversation,"He knows something, and she knows he knows.","romance_core, relationship_conflict","setting:conversation, activity:knowing_glance",False,"The top keyword 'knows' is repeated in all snippets, indicating a central theme of mutual awareness. The POS cues confirm 'knows' as a noun, suggesting it's a key concept. The snippets imply a tense, knowing glance between two people, likely romantic partners, hinting at unspoken tension or conflict.",4.3,"Secrets, Misunderstandings & Hidden Information",Relationship Trajectory (Main Couple),,,,medium,False,R7,Hero and heroine are physically or emotionally separated,,I,Initial Conflict & Isolation,False,medium,"The topic revolves around the hero knowing something, which could be a secret that creates distance or misunderstanding between the hero and heroine. This often leads to separation or tension in the relationship, fitting R7. The lack of keywords and previous label/summary makes the confidence medium."
149,"logana, bronta, grunted, suspected, manager, pursued, recall, populara, manya, buddies",27,"['logana', 'bronta', 'grunted', 'suspected', 'manager', 'pursued', 'recall', 'populara', 'manya', 'buddies', 'frowned', 'relieved', 'conjure', 'begun', 'gathering', 'triumphant', 'dejected', 'moment', 'gem', 'oddly', 'wealthy', 'friend', 'distraction', 'awoke', 'admirable', 'gaze', 'rumor']",Manager's Disappointed Moment,"The manager, dejected, frowns at a gathering of friends who seem distracted.","relationship_conflict, domestic_life","setting:gathering, activity:frowning",False,"The top keyword 'manager' and the verb 'frowned' indicate a person in authority feeling disappointed. The noun 'gathering' and the adjective 'dejected' suggest a social setting where the manager is not engaged or happy. The snippets confirm this scene with 'logana's eyes were on her again' and 'bronta's heart was complete now that logana's was whispering back', showing a moment of emotional disconnect.",4.4,"Conflict, Distance & Breakup Threats",Relationship Trajectory (Main Couple),,,,medium,False,R7,Hero and heroine are physically or emotionally separated,,I,Initial Conflict & Isolation,False,medium,"The topic's main category 'Conflict, Distance & Breakup Threats' and the representative snippets suggesting a lack of communication ('you?') and heartbreak ('her heart was complete now that') indicate a separation or breakup threat, fitting R7."
150,"industries, fault, dona, anythinga, avaa, aa, shoulda, dramatic, stop, consented",27,"['industries', 'fault', 'dona', 'anythinga', 'avaa', 'aa', 'shoulda', 'dramatic', 'stop', 'consented', 'objectifying', 'skincare', 'type', 'leta', 'thata', 'youa', 'thanks', 'icily', 'indulgently', 'bootha', 'successfula', 'detour', 'sa', 'crap', 'donating', 'flashback', 'princesses']",Deflecting Blame,"He tries to deflect blame for a past mistake, but she insists it's not his fault.","relationship_conflict, domestic_life","setting:home, activity:argument",False,"Keywords 'fault', 'deflect', 'not your fault' indicate a conflict where blame is being shifted. Snippets show a conversation where he apologizes and she reassures him it's not his fault, supporting the label and categories.",4.4,"Conflict, Distance & Breakup Threats",Relationship Trajectory (Main Couple),,,,medium,False,R7,Hero and heroine are physically or emotionally separated,,I,Initial Conflict & Isolation,False,medium,"The topic's main category 'Conflict, Distance & Breakup Threats' and the representative snippets ('sorry', 'not your fault', 'don't see anything', 'dogshit') suggest a conflict or separation between the hero and heroine, fitting Radway's R7 function."
152,"valentinaa, valentinoa, looks, smiles, gaze, hesitates, nod, grandmother, stares, market",27,"['valentinaa', 'valentinoa', 'looks', 'smiles', 'gaze', 'hesitates', 'nod', 'grandmother', 'stares', 'market', 'glances', 'chastising', 'annoys', 'brings', 'moment', 'photo', 'marry', 'appointed', 'widen', 'walks', 'settling', 'hint', 'nods', 'mere', 'blushes', 'breaking', 'overflowing']",Hesitant Glances At Market,"She hesitates, her gaze lingering on him as he walks away from the market.","romance_core, social_setting","setting:market, activity:staring",False,"Top keywords 'gaze', 'hesitates', 'market', 'glances' indicate a scene of someone looking at another person. Snippets confirm this, showing Valentina's gaze following [NAME] and her expression changing upon seeing him.",4.2,"Bonding, Everyday Intimacy & Growth",Relationship Trajectory (Main Couple),,,,medium,False,R2,Heroine reacts antagonistically to the hero,,I,Initial Conflict & Isolation,False,medium,"The topic's snippets show the heroine's cold or distant behavior towards the hero, which is characteristic of R2. Her eyes following the hero and her smile melting off suggest antagonism or withdrawal, fitting Phase I of the romance arc."
153,"odd, confusing, complicated, weirdest, creepy, surprising, feels, strangest, weirdo, peculiar",27,"['odd', 'confusing', 'complicated', 'weirdest', 'creepy', 'surprising', 'feels', 'strangest', 'weirdo', 'peculiar', 'oddly', 'ita', 'bizarre', 'ironic', 'thing', 'weirdness', 'unusual', 'weirder', 'enigma', 'sensuous', 'acting', 'strangely', 'thata', 'isn', 'unnatural', 'weirdly', 'downright']",Confusing Conversations,"The couple struggles to understand each other in a series of odd, confusing conversations.","relationship_conflict, domestic_life","setting:kitchen, activity:arguing",False,"The top keywords 'odd', 'confusing', 'complicated' and the representative snippets ('that's odd.', 'it's odd, you know?') suggest a topic centered around confusing conversations. The secondary categories reflect the setting of these conversations in the kitchen and the activity of arguing, as indicated by snippets like 'itâs odd, that duality.' and 'itâs odd, you know?'.",4.4,"Conflict, Distance & Breakup Threats",Relationship Trajectory (Main Couple),,,,medium,False,R7,Hero and heroine are physically or emotionally separated,,I,Initial Conflict & Isolation,False,medium,"The topic's main category 'Conflict, Distance & Breakup Threats' and the representative snippets ('odd', 'duality') suggest a sense of unease or tension in the relationship, which is characteristic of R7 (separation). The lack of keywords and previous LLM label/summary makes it difficult to be more specific, but the topic's placement in the 'Relationship Trajectory (Main Couple)' taxonomy group confirms its relevance to the heroine–hero arc."
165,"cracks, trails, muffled, murmur, shaky, sounds, soft, intended, breaking, strangled",27,"['cracks', 'trails', 'muffled', 'murmur', 'shaky', 'sounds', 'soft', 'intended', 'breaking', 'strangled', 'sound', 'louder', 'emerges', 'say', 'breaks', 'low', 'huskier', 'gravelly', 'lower', 'cracked', 'rough', 'placid', 'loud', 'harsher', 'trembling', 'manage', 'tone']",Emotional Voice Cracks,"She struggles to hold back tears, her voice cracking with emotion.","romance_core, relationship_conflict","setting:conversation, activity:emotional_talk",False,"The keywords 'cracks', 'muffled', 'murmur', 'shaky', and 'breaks' indicate emotional distress, while 'soft' and 'low' suggest a quiet, intimate setting. The snippets show a character's voice cracking during an emotional moment, supporting the label and categories.",3.2,Negative Emotions & Distress,"Emotions, Cognition & Inner Life",,,,high,False,R5,Heroine responds with anger or coldness,,I,Initial Conflict & Isolation,False,medium,"The topic's keyword 'my voice cracks' suggests emotional distress, which is a common response from the heroine when she's feeling vulnerable or upset, often in reaction to the hero's actions. This aligns with Radway's R5 function, where the heroine responds with coldness or anger to the hero's interest."
166,"shouted, yelled, yell, yells, yelling, bellowed, shouting, exasperation, jump, shouts",27,"['shouted', 'yelled', 'yell', 'yells', 'yelling', 'bellowed', 'shouting', 'exasperation', 'jump', 'shouts', 'sirens', 'ran', 'valentinea', 'anger', 'startling', 'goddammit', 'ambulance', 'echoing', 'kidding', 'alright', 'clad', 'exclaimed', 'motherfucker', 'heard', 'counterpart', 'catnap', 'bathroom']",Angry Shouting Match,"She shouts in exasperation, her voice echoing in the bathroom as he stands there, unmoved.","relationship_conflict, domestic_life","setting:bathroom, activity:arguing",False,"Top keywords 'yell', 'shouting', 'exasperation' indicate intense arguing. Snippets show a woman shouting at a man in a bathroom setting, supporting 'Angry Shouting Match' label and related categories.",4.4,"Conflict, Distance & Breakup Threats",Relationship Trajectory (Main Couple),,,,high,False,R7,Hero and heroine are physically or emotionally separated,,I,Initial Conflict & Isolation,False,medium,"The topic's representative snippets all involve shouting, which suggests a high level of conflict or tension. The main taxonomy category 'Conflict, Distance & Breakup Threats' further supports this. Therefore, the most likely Radway function is R7, where the hero and heroine are physically or emotionally separated."
168,"changed, change, changes, everythinga, mind, topic, things, subject, revise, transformation",27,"['changed', 'change', 'changes', 'everythinga', 'mind', 'topic', 'things', 'subject', 'revise', 'transformation', 'dynamics', 'priorities', 'thingsa', 'chop', 'lot', 'years', 'ago', 'different', 'lives', 'areaa', 'realities', 'behavior', 'irrevocably', 'drastically', 'incomprehensible', 'whiz', 'adapt']",Changes In Relationship Dynamics,The couple discusses the changes in their relationship over time.,"relationship_conflict, romance_core","setting:living_room, activity:discussion",False,"The top keywords 'change', 'changes', 'mind', and 'topic' indicate a focus on transformation. The snippets show a conversation about what has changed, suggesting a discussion about relationship dynamics.",4.3,"Secrets, Misunderstandings & Hidden Information",Relationship Trajectory (Main Couple),,,,medium,False,R7,Hero and heroine are physically or emotionally separated,,I,Initial Conflict & Isolation,False,medium,"The topic's keywords and snippets suggest a focus on change and hidden information, which often signals a separation or shift in the relationship. The main_category 'Secrets, Misunderstandings & Hidden Information' further supports this interpretation. The topic does not explicitly mention a breakup or separation, but the phrase 'it would have changed everything for you' implies a significant shift in the relationship, fitting R7."
169,"risky, stake, low, far, risk, responsibility, temptation, expensive, busy, toodles",27,"['risky', 'stake', 'low', 'far', 'risk', 'responsibility', 'temptation', 'expensive', 'busy', 'toodles', 'squabbling', 'influences', 'ita', 'footprint', 'starch', 'restrictive', 'consumption', 'way', 'hiccupping', 'adulting', 'chickenshit', 'dispute', 'processes', 'seriously', 'overkill', 'corny', 'scandals']",Risky Business Decision,The couple argues in the kitchen about a risky business move.,"relationship_conflict, domestic_life","setting:kitchen, activity:arguing",False,"The keywords 'risky', 'stake', 'responsibility', and 'temptation' suggest a high-stakes decision. The snippets show the couple discussing this risk, indicating a conflict within their relationship, likely in their home kitchen as suggested by the POS cue 'kitchen' and the snippet 'too risky.'",4.4,"Conflict, Distance & Breakup Threats",Relationship Trajectory (Main Couple),,,,high,False,R7,Hero and heroine are physically or emotionally separated,,I,Initial Conflict & Isolation,False,medium,"The topic revolves around the idea of something being 'too risky', which suggests a conflict or threat in the relationship, likely leading to separation or distance between the hero and heroine. This aligns with Radway's function R7, where the couple is physically or emotionally separated."
172,"stellaa, avaa, resurfaced, julesa, unrecognizable, musta, bridgeta, widened, parted, woulda",27,"['stellaa', 'avaa', 'resurfaced', 'julesa', 'unrecognizable', 'musta', 'bridgeta', 'widened', 'parted', 'woulda', 'twisted', 'exception', 'rational', 'deepened', 'creative', 'loosened', 'fraction', 'lit', 'scrambled', 'sweep', 'attending', 'visited', 'furrowed', 'stalker', 'collection', 'existed', 'echoed']",Unclear Relationship Feelings,Stella and the unnamed narrator exchange uncertain glances and have a conversation about their relationship.,"romance_core, relationship_conflict","setting:kitchen, activity:conversation",False,"The keywords 'unrecognizable', 'rational', 'feelings', and 'relationship' suggest a scene of emotional uncertainty. The snippets show Stella and the narrator having conversations, with Stella's gaze meeting the narrator's, indicating a focus on their relationship.",4.3,"Secrets, Misunderstandings & Hidden Information",Relationship Trajectory (Main Couple),,,,medium,False,R2,Heroine reacts antagonistically to the hero,,I,Initial Conflict & Isolation,False,medium,"The topic revolves around Stella's suspicious and guarded behavior towards the hero, indicated by her narrowed eyes and evasive gaze. This suggests a hostile or antagonistic reaction, fitting R2. The lack of keywords and previous label/scene summary makes it difficult to be more confident."
174,"worse, worst, happen, things, terrible, far, horrible, despicable, scenario, times",27,"['worse', 'worst', 'happen', 'things', 'terrible', 'far', 'horrible', 'despicable', 'scenario', 'times', 'drivers', 'infinitely', 'thing', 'gets', 'lot', 'possible', 'circumstances', 'ala', 'ways', 'lived', 'trolls', 'worsta', 'worlda', 'possibility', 'nightsa', 'offender', 'abominable']",Despairing About Worst Scenarios,"She sat alone, contemplating the worst-case scenarios that could possibly happen.","romance_core, relationship_conflict","setting:solo, activity:worrying",False,"The keywords 'worse', 'worst', 'terrible', 'horrible', and 'despicable' indicate a focus on negative outcomes. The snippets show a character reflecting on these scenarios, suggesting a scene of introspection and worry.",3.2,Negative Emotions & Distress,"Emotions, Cognition & Inner Life",,,,high,False,R1,Heroine's social identity is destroyed,,I,Initial Conflict & Isolation,False,medium,"The topic revolves around distress and worsening situations, which aligns with the heroine's social identity being destroyed (R1) in the initial conflict and isolation phase of the romance narrative."
176,"throat, lump, clear, dries, swallowed, bile, tight, knot, clogged, cough",27,"['throat', 'lump', 'clear', 'dries', 'swallowed', 'bile', 'tight', 'knot', 'clogged', 'cough', 'tightness', 'swallowing', 'dry', 'gagging', 'lodged', 'burns', 'constricted', 'clearing', 'grows', 'sudden', 'coughed', 'cords', 'feels', 'reflex', 'sob', 'thickness', 'fumes']",Emotional Throat Tightness,"She struggles to hold back tears, feeling a lump in her throat as she tries to express her emotions.","romance_core, relationship_conflict","setting:conversation, activity:emotional_expression",False,"The keywords 'throat', 'lump', 'tight', and 'gagging' indicate emotional struggle. The snippets show a character trying to express feelings, with physical symptoms like a tight throat and lump in the throat.",3.2,Negative Emotions & Distress,"Emotions, Cognition & Inner Life",,,,high,False,R5,Heroine responds with anger or coldness,,I,Initial Conflict & Isolation,False,low,"The topic's representative snippets repeatedly mention 'swallowing a lump in the throat', suggesting emotional withdrawal or suppression of tears, which aligns with R5 - Heroine responds with anger or coldness."
177,"staying, command, strong, youa, cana, stays, willing, stayed, longer, cosmos",27,"['staying', 'command', 'strong', 'youa', 'cana', 'stays', 'willing', 'stayed', 'longer', 'cosmos', 'approves', 'want', 'place', 'situationa', 'enforcer', 'forwarda', 'remembera', 'sort', 'cobra', 'whirls', 'indefinitely', 'problematic', 'dinnertime', 'filming', 'preference', 'proceedings', 'oceanside']",Stubborn Resistance,"He refuses to back down, standing his ground in the face of her persistent requests.","relationship_conflict, domestic_life","setting:living_room, activity:arguing",False,"The keywords 'command', 'strong', 'willing', 'place', and 'enforcer' suggest a power struggle. The snippets indicate a repeated phrase ('youâre staying'), implying resistance or refusal, which fits the label 'Stubborn Resistance'. The setting is likely indoors ('place'), and the activity is arguing, as suggested by the keywords 'sort' and 'cobra' (possibly a metaphor for stubbornness).",4.4,"Conflict, Distance & Breakup Threats",Relationship Trajectory (Main Couple),,,,high,False,R7,Hero and heroine are physically or emotionally separated,,I,Initial Conflict & Isolation,False,high,"The topic keywords and representative snippets all revolve around the heroine's decision to stay with someone, which is a clear indication of a separation or breakup threat in the relationship trajectory of the main couple. This aligns with Radway's function R7, where the hero and heroine are physically or emotionally separated."
179,"heidia, asked, cried, soa, applies, bathing, engage, pouted, insisted, labor",27,"['heidia', 'asked', 'cried', 'soa', 'applies', 'bathing', 'engage', 'pouted', 'insisted', 'labor', 'overton', 'trunk', 'compartmentalize', 'treaded', 'muttered', 'grin', 'crier', 'cutoffs', 'hopped', 'stresses', 'officially', 'presently', 'enviable', 'im', 'eliminate', 'happened', 'conversation']",Harem Conversation,"Heidia's boyfriends show up unexpectedly during a conversation, causing tension and stress.","relationship_conflict, domestic_life","setting:home, activity:argument",False,"The keywords 'harem', 'conversation', and 'stresses' along with the snippets mentioning multiple boyfriends and tension indicate a scene of conflict within a polyamorous or open relationship setting.",4.4,"Conflict, Distance & Breakup Threats",Relationship Trajectory (Main Couple),5.2,Friends & Social Circles,Social World Outside Couple,medium,False,R7,Hero and heroine are physically or emotionally separated,,I,Initial Conflict & Isolation,False,medium,"The topic revolves around external threats to the relationship, with boyfriends showing up and friends obsessing over the heroine's date. This creates conflict and distance, which is characteristic of Phase I in Radway's functions, specifically R7 - Hero and heroine are physically or emotionally separated."
181,"lovelloa, released, grunt, expressionless, strides, remained, chuckled, halted, song, shifted",27,"['lovelloa', 'released', 'grunt', 'expressionless', 'strides', 'remained', 'chuckled', 'halted', 'song', 'shifted', 'glower', 'heaved', 'heavenward', 'trevilloa', 'doubt', 'unfathomable', 'implacable', 'glacial', 'butted', 'exasperated', 'sonuvabitch', 'incredulity', 'redirected', 'nicolea', 'agitation', 'gave', 'lip']",Exasperated Conversations,"He glowered, exasperated, as she tried to explain herself.","relationship_conflict, domestic_life","setting:home, activity:arguing",False,"The keywords 'grunt', 'glower', 'exasperated' and 'expressionless' indicate a conflictual scene. The snippets show a couple in a tense conversation, with one person being exasperated and the other trying to explain something.",4.4,"Conflict, Distance & Breakup Threats",Relationship Trajectory (Main Couple),,,,high,False,R7,Hero and heroine are physically or emotionally separated,,I,Initial Conflict & Isolation,False,medium,"The topic revolves around conflict and distance in the relationship, with the heroine feeling hurt and the hero pulling away. The keyword 'now is not the right time' and the hero turning away from the heroine indicate a separation threat, fitting R7."
188,"feels, deal, authentic, stuff, isna, happening, whats, believe, struggle, realness",27,"['feels', 'deal', 'authentic', 'stuff', 'isna', 'happening', 'whats', 'believe', 'struggle', 'realness', 'wily', 'ita', 'connectiona', 'bots', 'leta', 'scumbag', 'regular', 'thing', 'novelty', 'doubtfully', 'faraway', 'thisa', 'letters', 'mindfuck', 'screenshot', 'carbon', 'realtor']",Struggling With Authentic Feelings,"She grapples with the authenticity of her emotions, repeatedly telling herself it's not real, yet feeling its intensity.","romance_core, relationship_conflict","setting:internal_monologue, activity:reflecting_on_emotions",False,"The keywords 'deal', 'authentic', 'struggle', 'realness' indicate a focus on authentic emotions. The snippets show a character grappling with these feelings, supporting the label and categories.",3.2,Negative Emotions & Distress,"Emotions, Cognition & Inner Life",,,,high,False,R5,Heroine responds with anger or coldness,,I,Initial Conflict & Isolation,False,medium,"The topic's keywords and representative snippets suggest the heroine is experiencing distress and emotional withdrawal, which is characteristic of R5. She is trying to convince herself that her feelings are not real, indicating a guarded response to the hero, fitting Phase I of the romance narrative."
196,"attractive, hea, incredibly, refined, devastatingly, handsomeness, irresistible, looks, endowed, looked",27,"['attractive', 'hea', 'incredibly', 'refined', 'devastatingly', 'handsomeness', 'irresistible', 'looks', 'endowed', 'looked', 'seen', 'quite', 'objectively', 'extremely', 'lookeda', 'looking', 'physically', 'attracted', 'features', 'stunning', 'charmed', 'wickedly', 'hollywood', 'magnificent', 'photos', 'movie', 'unquestionably']",Admiring Handsome Man,She admires his stunning features and irresistible looks in a luxurious hotel suite.,"romance_core, physical_affection","setting:hotel_suite, activity:admiring",False,"The top keywords 'attractive', 'handsomeness', 'irresistible', 'looks', and 'stunning' indicate admiration for the man's appearance. The snippets describe her attraction to him, supporting the label and categories.",2.1,Attraction & Sexual Tension,"Sexuality, Attraction & Intimacy",,,,high,False,R4,Heroine interprets hero's behaviour as purely sexual interest,,I,Initial Conflict & Isolation,False,medium,"The topic's keywords and snippets focus on the hero's attractiveness, which the heroine interprets as purely sexual interest, fitting Radway's function R4 (Heroine interprets hero's behaviour as purely sexual interest)."
197,"breakera, asks, closure, margaritas, refer, rule, joins, numbers, says, uh",27,"['breakera', 'asks', 'closure', 'margaritas', 'refer', 'rule', 'joins', 'numbers', 'says', 'uh', 'breakup', 'facts', 'ciders', 'decade', 'texting', 'aah', 'ehh', 'yeah', 'switch', 'oooo', 'things', 'term', 'catatonic', 'wattage', 'thoughtless', 'uhha', 'lends']",Breakup Reflection,"She sits alone, margarita in hand, reflecting on their breakup and the decade they spent together.","romance_core, relationship_conflict","setting:bar, activity:reflecting",False,"The keywords 'closure', 'breakup', 'decade', and 'margarita' indicate a scene of reflection after a breakup. The snippets confirm this, with repeated mentions of the breakup and her thoughts about it.",3.2,Negative Emotions & Distress,"Emotions, Cognition & Inner Life",,,,high,False,R2,Heroine reacts antagonistically to the hero,,I,Initial Conflict & Isolation,False,medium,"The topic revolves around the heroine's distress and anger towards the hero (Breaker), as indicated by the repeated mention of his words 'hitting' her hard and her refusal to talk to him. This aligns with Radway's R2 function, where the heroine reacts antagonistically to the hero."
199,"liaa, case, password, owners, kick, danish, perking, disappear, ehhh, happening",27,"['liaa', 'case', 'password', 'owners', 'kick', 'danish', 'perking', 'disappear', 'ehhh', 'happening', 'figurative', 'shall', 'chafing', 'raisin', 'camel', 'soulmates', 'convincingly', 'uh', 'oua', 'apprehensive', 'satisfactory', 'say', 'listen', 'entail', 'charmingly', 'suffice', 'thata']",Apprehensive Password Exchange,"She hesitates before sharing her password, feeling apprehensive about the figurative implications.","relationship_conflict, domestic_life","setting:laptop_or_phone, activity:hesitating",False,"The keywords 'password', 'apprehensive', and 'figurative' suggest a scene where someone is hesitant to share sensitive information, likely due to emotional reasons. The snippets confirm this, showing characters communicating about passwords in an uncertain manner.",4.3,"Secrets, Misunderstandings & Hidden Information",Relationship Trajectory (Main Couple),,,,medium,False,R7,Hero and heroine are physically or emotionally separated,,I,Initial Conflict & Isolation,False,medium,"The topic's keywords and snippets suggest a lack of communication and understanding between the characters, indicated by questions, snorts, and texts. This aligns with the function of physical or emotional separation (R7) in the initial conflict phase of the romance narrative."
201,"jealous, jealousy, tribute, irrationally, envious, mediocre, elderly, envy, girlfriend, pang",27,"['jealous', 'jealousy', 'tribute', 'irrationally', 'envious', 'mediocre', 'elderly', 'envy', 'girlfriend', 'pang', 'ridiculous', 'pays', 'irrational', 'reacted', 'mana', 'replies', 'pangs', 'dona', 'shake', 'cana', 'act', 'protective', 'obviouslya', 'thirdly', 'ia', 'advertised', 'lunacy']",Jealousy Conversation,The couple discusses their feelings of jealousy and irrational thoughts.,"relationship_conflict, domestic_life","setting:living_room, activity:arguing",False,"The top keywords 'jealous', 'jealousy', 'girlfriend', and 'ridiculous' indicate a conversation centered around jealousy. The snippets show a dialogue about jealousy, supporting the label 'Jealousy Conversation'. The setting is likely the living room, as suggested by the keyword 'mediocre' (possibly referring to a mediocre interior design choice). The activity is arguing, as indicated by the keywords 'jealous', 'ridiculous', and 'irrational'.",4.4,"Conflict, Distance & Breakup Threats",Relationship Trajectory (Main Couple),,,,high,False,R2,Heroine reacts antagonistically to the hero,,I,Initial Conflict & Isolation,False,medium,"The topic's representative snippets revolve around jealousy, which is a common source of conflict and antagonism in the initial stages of a romance. The heroine's jealousy of the hero's attention towards someone else can lead to arguments and tension, fitting Radway's function R2."
202,"hated, hate, hates, despised, disliked, hating, represented, despise, history, hatred",27,"['hated', 'hate', 'hates', 'despised', 'disliked', 'hating', 'represented', 'despise', 'history', 'hatred', 'shed', 'reminded', 'affected', 'modern', 'toilet', 'loved', 'thinking', 'idea', 'having', 'dissertation', 'victories', 'comedies', 'relies', 'algebra', 'unbroken', 'bestowed', 'agnesa']",Hatred-fueled Argument,"She and he argue heatedly in the kitchen, fueled by long-standing hatred.","relationship_conflict, domestic_life","setting:kitchen, activity:arguing",False,The top keyword 'hatred' and snippets like 'he hated her' and 'he hated this for elsa' indicate a strong emotional conflict. The keyword 'kitchen' and the phrase 'in the kitchen' from the snippets suggest a specific setting for this argument.,4.4,"Conflict, Distance & Breakup Threats",Relationship Trajectory (Main Couple),,,,high,False,R7,Hero and heroine are physically or emotionally separated,,I,Initial Conflict & Isolation,False,medium,"The topic's main category 'Conflict, Distance & Breakup Threats' and the representative snippets ('he hated her', 'she hated that part') suggest a separation or breakup threat, fitting R7. The lack of keywords and previous labels/summaries doesn't contradict this interpretation."
203,"bronta, sharona, revulsion, guests, creature, evacuated, register, doubted, funa, minibar",27,"['bronta', 'sharona', 'revulsion', 'guests', 'creature', 'evacuated', 'register', 'doubted', 'funa', 'minibar', 'sight', 'bahamas', 'incessant', 'coworker', 'broccoli', 'pity', 'stared', 'stayed', 'sank', 'cheerful', 'crossed', 'approved', 'gave', 'sounded', 'liked', 'ignoring', 'dazed']",Incessant Complaints About Broccoli,"The couple, at a restaurant in the Bahamas, argues incessantly about the broccoli on their plates.","relationship_conflict, domestic_life","setting:restaurant, activity:arguing",False,"The top keyword 'incessant' and the snippets mentioning 'arguing' and 'broccoli' suggest a recurring conflict over a seemingly trivial matter, which is typical of domestic life and relationship conflict.",4.4,"Conflict, Distance & Breakup Threats",Relationship Trajectory (Main Couple),,,,high,False,R7,Hero and heroine are physically or emotionally separated,,I,Initial Conflict & Isolation,False,medium,"The topic's main taxonomy category 'Conflict, Distance & Breakup Threats' suggests a separation or threat of separation between the hero and heroine, which aligns with Radway's R7 function. The representative snippets do not indicate any explicit breakup or separation, but the mention of 'mysterious [NAME]' could imply a threat to the relationship, supporting R7."
206,"hadn, didn, audience, couldn, lavishing, blinked, glanced, wouldn, formidable, compact",27,"['hadn', 'didn', 'audience', 'couldn', 'lavishing', 'blinked', 'glanced', 'wouldn', 'formidable', 'compact', 'concluded', 'authors', 'wondered', 'accepted', 'amusement', 'rival', 'sheepish', 'nodded', 'sultry', 'authority', 'quirked', 'withdrew', 'wasn', 'moaned', 'laughed', 'rise', 'decision']",Audience-focused Decision,"Poppy, on stage, considers her audience's reaction before turning back to her rival.","romance_core, relationship_conflict","setting:stage, activity:decision_making",False,The keyword 'audience' and the snippets mentioning Poppy's focus on them and her rival suggest a scene where Poppy is making a decision based on her audience's reaction. The keyword 'decision' supports this interpretation.,4.3,"Secrets, Misunderstandings & Hidden Information",Relationship Trajectory (Main Couple),,,,medium,False,R7,Hero and heroine are physically or emotionally separated,,I,Initial Conflict & Isolation,False,medium,"The topic revolves around Poppy's unexpected encounters with [NAME], suggesting a physical or emotional separation between them. The topic's placement under 'Secrets, Misunderstandings & Hidden Information' further supports this, as it implies a separation due to hidden information or misunderstandings."
207,"scent, cologne, smell, smells, smelled, soap, musk, sandalwood, cedar, masculine",27,"['scent', 'cologne', 'smell', 'smells', 'smelled', 'soap', 'musk', 'sandalwood', 'cedar', 'masculine', 'earthy', 'aftershave', 'smelling', 'clean', 'whiff', 'edgy', 'male', 'leather', 'woodsy', 'fresh', 'inhaled', 'perfume', 'spicy', 'familiar', 'expensive', 'scents', 'delicious']",Scent-induced Arousal,"She closes her eyes, inhaling deeply, as his masculine scent fills her nostrils, igniting a wave of desire in the bedroom.","sexual_content, romance_core","setting:bedroom, activity:scent_smelling",False,"The top keywords 'scent', 'cologne', 'smell', and 'musky' indicate a focus on smell. The verb 'smelling' and adjective 'earthy' suggest an arousing effect. Snippets like 'i want to smell his scent forever' and 'hell, the scent of him is enough to turn me on' confirm that this topic revolves around scent-induced arousal.",2.1,Attraction & Sexual Tension,"Sexuality, Attraction & Intimacy",,,,high,False,R4,Heroine interprets hero's behaviour as purely sexual interest,,I,Initial Conflict & Isolation,False,high,"The topic revolves around the heroine's intense attraction to the hero's scent, which she finds intoxicating and arousing. This is a clear example of the heroine interpreting the hero's behaviour as purely sexual interest, fitting Radway's function R4."
214,"lottiea, asks, says, question, questiona, omg, connect, answer, say, whata",27,"['lottiea', 'asks', 'says', 'question', 'questiona', 'omg', 'connect', 'answer', 'say', 'whata', 'naughtiest', 'domesticated', 'defiled', 'oooo', 'thankfully', 'second', 'scapegoat', 'yessss', 'extras', 'fazed', 'woulda', 'questions', 'adds', 'treasures', 'funnya', 'nag', 'important']",Evasive Answers,"She asks him questions, but he evades giving direct answers.","relationship_conflict, domestic_life","setting:kitchen, activity:questioning",False,"The top keywords 'question', 'answer', 'evasive' indicate a scene where someone is being asked questions but avoiding giving clear responses. The snippets show a character ('lottie') asking questions and another character ('he') evading them, supporting the label 'Evasive Answers'. The setting of the kitchen is implied by the snippet 'âuh, over to lottieâs.' and the activity of questioning is clear from the keywords and snippets.",4.4,"Conflict, Distance & Breakup Threats",Relationship Trajectory (Main Couple),,,,medium,False,R7,Hero and heroine are physically or emotionally separated,,I,Initial Conflict & Isolation,False,medium,"The topic revolves around a conversation between the hero and heroine that seems to be a moment of tension or disagreement, indicated by the phrase 'one thing you need to get straight, lottie'. This suggests a separation or breakup threat, fitting R7. The main_category of 4.4 also supports this, as it falls under 'Conflict, Distance & Breakup Threats'."
215,"shocked, dona, stunned, worrying, upset, worries, ia, aback, rattled, shockeda",27,"['shocked', 'dona', 'stunned', 'worrying', 'upset', 'worries', 'ia', 'aback', 'rattled', 'shockeda', 'shock', 'firma', 'honestly', 'taser', 'worrya', 'clouding', 'obnoxiously', 'intoa', 'ogre', 'sixa', 'completely', 'hugely', 'need', 'promise', 'ta', 'wona', 'bigger']",Overprotective Ogre's Sudden Outburst,"An enraged ogre, overprotective of his loved one, suddenly lashes out in a shocking display of anger.","relationship_conflict, domestic_life","setting:home, activity:arguing",False,"The top keywords 'upset', 'enraged', 'overprotective', and 'ogre' indicate a sudden, intense emotional outburst. The snippets confirm this, showing characters expressing shock at the unexpected display of anger.",4.4,"Conflict, Distance & Breakup Threats",Relationship Trajectory (Main Couple),7.2,"Violence, Threats & Coercion","Conflict, Risk & Harm",high,False,R7,Hero and heroine are physically or emotionally separated,,I,Initial Conflict & Isolation,False,medium,"The topic's main_category 'Conflict, Distance & Breakup Threats' and secondary_category 'Violence, Threats & Coercion' suggest a separation or threat of separation between the hero and heroine. The representative snippets ('shocked', 'impressed') imply a reaction to a surprising or intense event, which could be a breakup or a threat to their relationship, fitting R7."
216,"die, dead, died, deaths, killed, dying, mortification, murdered, murder, kills",27,"['die', 'dead', 'died', 'deaths', 'killed', 'dying', 'mortification', 'murdered', 'murder', 'kills', 'mortifying', 'lifeless', 'alive', 'suicide', 'dies', 'mortified', 'suffer', 'anniversaries', 'gonna', 'thousand', 'mea', 'poorer', 'bareback', 'tunneled', 'purgatory', 'caesar', 'diabetes']",Death And Suicide Conversations,The couple discusses their fears and past experiences with death and suicide.,"relationship_conflict, domestic_life","setting:bedroom, activity:discussion",False,"The keywords 'death', 'suicide', and 'mortification' indicate a serious topic. The snippets show conversations about death and suicide, supporting the label and categories.",3.2,Negative Emotions & Distress,"Emotions, Cognition & Inner Life",,,,high,False,R1,Heroine's social identity is destroyed,,I,Initial Conflict & Isolation,False,medium,"The topic revolves around death and distress, which often triggers the heroine's social identity destruction in romance narratives. The topic keywords and representative snippets suggest a major blow to the heroine's emotional state, leaving her isolated and distressed."
217,"snarky, innit, arouses, raincheck, hangina, bye, tough, frisky, naw, sidekick",27,"['snarky', 'innit', 'arouses', 'raincheck', 'hangina', 'bye', 'tough', 'frisky', 'naw', 'sidekick', 'listen', 'havena', 'calls', 'deflecting', 'obedient', 'dope', 'showa', 'peg', 'hoo', 'mornina', 'coerce', 'called', 'careful', 'endearment', 'conventional', 'tomorrow', 'coaxed']",Snarky Banter In Morning,She teases him with snarky remarks as they wake up together in the morning.,"romance_core, physical_affection","setting:bedroom, activity:teasing, relationship:long_term",False,"Top keywords 'snarky', 'morning', and 'frisky' indicate a playful, romantic scene. Snippets show a woman using snarky comments to engage with a man in the morning, suggesting a long-term relationship with physical affection.",4.4,"Conflict, Distance & Breakup Threats",Relationship Trajectory (Main Couple),,,,medium,False,R7,Hero and heroine are physically or emotionally separated,,I,Initial Conflict & Isolation,False,medium,"The topic revolves around conflict and tension in the relationship, with the heroine feeling uncomfortable and defensive. The use of 'sweetheart' as a sarcastic or dismissive term by the hero suggests a lack of warmth and emotional connection, indicating a separation or threat of separation (R7)."
220,"margota, eddiea, couldn, didn, wasn, blinked, moment, raised, boat, inspiration",27,"['margota', 'eddiea', 'couldn', 'didn', 'wasn', 'blinked', 'moment', 'raised', 'boat', 'inspiration', 'bucked', 'consultant', 'months', 'evening', 'arched', 'understood', 'momentarily', 'grimace', 'cared', 'remembered', 'hummed', 'houseful', 'changea', 'levelled', 'relaxing', 'gazed', 'wonderment']",Evening Boat Ride,"The couple relaxes on a boat, enjoying the evening and each other's company.","romance_core, domestic_life","setting:boat, activity:relaxing",False,"The keywords 'moment', 'boat', 'evening', and 'relaxing' suggest a scene involving a couple on a boat in the evening. The snippets support this, mentioning thoughts about work and certainty, which could be interpreted as a couple taking a break from their daily lives to spend time together.",4.2,"Bonding, Everyday Intimacy & Growth",Relationship Trajectory (Main Couple),,,,high,False,R7,Hero and heroine are physically or emotionally separated,,I,Initial Conflict & Isolation,False,medium,"The topic revolves around the hero's actions that lead to separation from the heroine, such as taking work off her plate and being certain about his actions without her input. The representative snippet '[NAME] in jail' also suggests a physical separation. This fits R7 as the couple is separated due to the hero's actions."
222,"yeah, benjamina, aftera, trial, hauled, sale, rode, goda, wella, sistera",27,"['yeah', 'benjamina', 'aftera', 'trial', 'hauled', 'sale', 'rode', 'goda', 'wella', 'sistera', 'trash', 'announced', 'mana', 'fianca', 'sake', 'rule', 'broke', 'thanks', 'stopped', 'wants', 'heard', 'thata', 'theya', 'help', 'says', 'wea', 'going']",Trash Can Trial,The couple argues near the trash can during a heated discussion.,"relationship_conflict, domestic_life","setting:kitchen, activity:arguing",False,"The keywords 'trial', 'trash', and 'thanks' suggest a conflict situation. The snippets ('âyeah.' repeated) indicate an argument, which is supported by the 'thanks' keyword. The 'trash' keyword implies a domestic setting, likely a kitchen.",4.4,"Conflict, Distance & Breakup Threats",Relationship Trajectory (Main Couple),8.1,Domestic Spaces & Routines,"Spaces, Time, Activities & Objects",high,False,R7,Hero and heroine are physically or emotionally separated,,I,Initial Conflict & Isolation,False,medium,"The topic's main category 'Conflict, Distance & Breakup Threats' and the lack of keywords or previous label/summary suggest a scenario where the hero and heroine are separated or experiencing tension, fitting R7. The 'yeah.' snippets could indicate brief, non-committal responses, which might be due to distance or conflict."
227,"emersona, feels, scuffle, replies, destructive, cra, voyeur, involves, announces, filing",27,"['emersona', 'feels', 'scuffle', 'replies', 'destructive', 'cra', 'voyeur', 'involves', 'announces', 'filing', 'sona', 'attached', 'hardly', 'broadly', 'seventy', 'races', 'thinking', 'makes', 'looks', 'clearly', 'vibrator', 'traveling', 'strangers', 'minimally', 'dona', 'intend', 'prick']",Voyeuristic Secretary,"A secretary, feeling watched by her boss, struggles with her emotions while working late.","romance_core, sexual_tension","setting:office, activity:working, sexual:eyes_on_me",False,"The keywords 'voyeur', 'secretary', and 'feel' indicate a scene where the secretary feels observed. The snippets confirm this, with phrases like 'feel like the most important thing' and 'feel Emersonas eyes on me'.",2.1,Attraction & Sexual Tension,"Sexuality, Attraction & Intimacy",8.1,Domestic Spaces & Routines,"Spaces, Time, Activities & Objects",medium,False,R4,Heroine interprets hero's behaviour as purely sexual interest,,I,Initial Conflict & Isolation,False,medium,"The topic's keywords and snippets focus on the heroine's feelings of attraction and desire for the hero, Emerson. The heroine feels the hero's attention and eyes on her, indicating sexual tension and attraction, which is typical of Radway's function R4."
229,"widens, narrowed, gaze, widened, widen, tilts, narrows, brows, tilted, furrowed",27,"['widens', 'narrowed', 'gaze', 'widened', 'widen', 'tilts', 'narrows', 'brows', 'tilted', 'furrowed', 'wide', 'brighter', 'head', 'brow', 'fascinating', 'fraction', 'brightens', 'shining', 'raised', 'trepidation', 'looks', 'features', 'steely', 'bright', 'hooded', 'mischievous', 'angles']",Fascinated Gaze,"She looks at him, her gaze widening with fascination.","romance_core, physical_affection","setting:face_to_face, activity:staring",False,"The top keywords 'gaze', 'widen', 'fascinating', and 'brightens' all relate to her intense, admiring look. The snippets consistently show her gaze widening, indicating a moment of captivation.",2.1,Attraction & Sexual Tension,"Sexuality, Attraction & Intimacy",,,,high,False,R4,Heroine interprets hero's behaviour as purely sexual interest,,I,Initial Conflict & Isolation,False,medium,"The topic's keyword 'her gaze widens' suggests a moment of attraction or tension between the heroine and hero, which is a common narrative function in Phase I of Radway's model. This topic does not describe any explicit sexual acts or commitment, so R4 (Heroine interprets hero's behaviour as purely sexual interest) is the most fitting function."
235,"henrya, dennya, turns, smuckersa, gaze, spins, narrows, everybody, defray, gets",27,"['henrya', 'dennya', 'turns', 'smuckersa', 'gaze', 'spins', 'narrows', 'everybody', 'defray', 'gets', 'owns', 'remnant', 'goes', 'annoyance', 'apparently', 'conversed', 'menswear', 'assemble', 'kingly', 'peasy', 'meaner', 'yesss', 'votes', 'rata', 'clone', 'snout', 'achieving']",Imperious Gaze,"He stares imperiously at her, his gaze intense and commanding.","romance_core, sexual_tension","setting:bedroom, activity:staring",False,"The top keyword 'gaze' and snippet '[NAME] staring imperiously at me.' indicate a scene of intense, commanding staring, suggesting sexual tension. The keyword 'bedroom' in another snippet ('henryâs made so many things new for me.') places this scene in a bedroom setting.",2.1,Attraction & Sexual Tension,"Sexuality, Attraction & Intimacy",,,,high,False,R4,Heroine interprets hero's behaviour as purely sexual interest,,I,Initial Conflict & Isolation,False,medium,"The topic's keywords and snippets ('staring imperiously', 'henryâs on fire') suggest a power dynamic and intense attraction, which the heroine might interpret as purely sexual interest (R4). The lack of explicit sexual acts or commitment language makes R12 less likely."
236,"joke, funny, jokea, whata, amusing, isna, sick, sarcasm, somethinga, freakin",27,"['joke', 'funny', 'jokea', 'whata', 'amusing', 'isna', 'sick', 'sarcasm', 'somethinga', 'freakin', 'fantastically', 'evaded', 'ita', 'thata', 'proclivities', 'starting', 'soooo', 'gargoyle', 'heh', 'funnier', 'think', 'assholt', 'anybodya', 'teaches', 'funnya', 'vastly', 'accepts']",Sarcastic Jokes,"She laughs at his sarcastic jokes, but feels uncomfortable with their lack of genuine humor.","romance_core, relationship_conflict","setting:conversation, activity:sarcasm",False,"The top keywords 'joke', 'funny', 'sarcasm' and the snippets indicate a scene where humor is used, but the snippets also show discomfort, suggesting a conflict in the relationship. The label 'Sarcastic Jokes' captures this mix of humor and discomfort.",4.4,"Conflict, Distance & Breakup Threats",Relationship Trajectory (Main Couple),,,,medium,False,R7,Hero and heroine are physically or emotionally separated,,I,Initial Conflict & Isolation,False,medium,"The topic revolves around a joke that isn't funny, suggesting a lack of connection or understanding between the hero and heroine. This dynamic often leads to conflict, distance, or breakup threats, fitting R7 (Conflict, Distance & Breakup Threats)."
237,"knew, exactly, happen, bastiana, rioting, volley, did, forte, meticulously, starred",27,"['knew', 'exactly', 'happen', 'bastiana', 'rioting', 'volley', 'did', 'forte', 'meticulously', 'starred', 'nfl', 'knewa', 'inkling', 'firsthand', 'true', 'aha', 'special', 'reference', 'archery', 'fence', 'clap', 'trigger', 'pry', 'deep', 'throne', 'reacted', 'applied']",Triggered Argument,"The couple argues in the living room, triggered by a sudden remark.","relationship_conflict, domestic_life","setting:living_room, activity:arguing",False,"The keywords 'rioting' and 'trigger' suggest conflict, while 'volley' implies a back-and-forth argument. The snippets ('i knew that now.', 'now i knew.', 'i knew that right then and there.') show a realization or revelation leading to an argument.",4.4,"Conflict, Distance & Breakup Threats",Relationship Trajectory (Main Couple),,,,high,False,R7,Hero and heroine are physically or emotionally separated,,I,Initial Conflict & Isolation,False,low,"The topic's keywords and representative snippets ('i knew that now.', 'now i knew.', 'i knew that right then and there.') suggest a moment of realization or acceptance, which could indicate a separation or breakup threat, fitting R7."
238,"rumbles, load, huh, point, isna, things, asked, , , ",27,"['rumbles', 'load', 'huh', 'point', 'isna', 'things', 'asked', '', '', '', '', '', '', '', '', '', '', '', '', '', '', '', '', '', '', '', '']",Clarifying Conversation,"The couple sits at a table, trying to understand each other's perspective.","romance_core, relationship_conflict","setting:table, activity:conversation",False,"The top keywords 'load', 'point', and 'things' suggest a conversation where the couple is trying to clarify their situation. The snippets show them asking each other questions and trying to understand each other's viewpoints, supporting the label 'Clarifying Conversation'.",4.4,"Conflict, Distance & Breakup Threats",Relationship Trajectory (Main Couple),,,,high,False,R7,Hero and heroine are physically or emotionally separated,,I,Initial Conflict & Isolation,False,medium,"The topic's main category 'Conflict, Distance & Breakup Threats' and the representative snippets suggesting a conversation about a potential issue ('what is it?', 'what load?') indicate a separation or threat of separation, fitting R7."
239,"tears, prick, wipe, blink, cheeks, tear, leak, sting, stung, welled",27,"['tears', 'prick', 'wipe', 'blink', 'cheeks', 'tear', 'leak', 'sting', 'stung', 'welled', 'stream', 'corners', 'burned', 'fall', 'vision', 'unshed', 'spill', 'pooled', 'pricking', 'streaming', 'blurred', 'quickly', 'angrily', 'start', 'roll', 'gushed', 'sprung']",Tearful Emotional Moment,"She struggles to hold back tears, her eyes welling up as she grapples with her emotions.","romance_core, relationship_conflict","setting:bedroom, activity:crying",False,"The top keywords 'tears', 'eyes', and 'well' indicate a strong emotional state. The snippets confirm this, showing a character struggling to hold back tears, which supports the label 'Tearful Emotional Moment'. The primary categories 'romance_core' and 'relationship_conflict' are chosen because the topic revolves around emotional bonding and potential relationship tension. The secondary categories 'setting:bedroom' and 'activity:crying' are based on the repeated mention of eyes filling with tears in an indoor setting.",3.2,Negative Emotions & Distress,"Emotions, Cognition & Inner Life",,,,high,False,R1,Heroine's social identity is destroyed,,I,Initial Conflict & Isolation,False,medium,"The topic's representative snippets repeatedly mention the heroine's tears, indicating distress and emotional turmoil, which aligns with the heroine's social identity being destroyed (R1)."
240,"ia, worked, applied, developed, years, tasked, built, research, achieved, deal",27,"['ia', 'worked', 'applied', 'developed', 'years', 'tasked', 'built', 'research', 'achieved', 'deal', 'learned', 'lasting', 'expected', 'thought', 'gotten', 'given', 'printed', 'career', 'attempted', 'booked', 'industry', 'opportunity', 'consequences', 'lost', 'elections', 'sic', 'spent']",Career-focused Relationship Struggles,She thought about their relationship while booking a flight for her career opportunity.,"romance_core, relationship_conflict","setting:office, activity:thinking, relationship:long_term",False,"The keywords 'years', 'career', 'research', and 'opportunity' suggest a long-term relationship with career-related challenges. The snippets show her making decisions that affect their relationship, indicating internal conflict.",4.3,"Secrets, Misunderstandings & Hidden Information",Relationship Trajectory (Main Couple),6.2,Heroine's Work & Professional Identity,"Work, Wealth, Status & Institutions",medium,False,R7,Hero and heroine are physically or emotionally separated,,I,Initial Conflict & Isolation,False,medium,"The topic revolves around the heroine's decision to leave or separate from the hero, as indicated by the phrase 'iâd had enough.' This aligns with Radway's function R7, where the couple is physically or emotionally separated."
241,"okaya, wella, arranged, start, yeah, let, ita, ia, , ",27,"['okaya', 'wella', 'arranged', 'start', 'yeah', 'let', 'ita', 'ia', '', '', '', '', '', '', '', '', '', '', '', '', '', '', '', '', '', '', '']",Starting Conversation,"She hesitates, then starts the conversation with him in the car.","romance_core, social_setting","setting:car, activity:conversation",False,The keyword 'start' and the snippets showing hesitant conversations in a car support this label and these categories.,4.1,"Meeting, First Impressions & Setup",Relationship Trajectory (Main Couple),,,,high,False,R1,Heroine's social identity is destroyed,,I,Initial Conflict & Isolation,False,low,"The topic's keywords and snippets suggest a lack of context or development, but the main_category 'Meeting, First Impressions & Setup' implies initial contact, which could lead to a major blow to the heroine's social identity or self-concept, fitting R1."
248,"happened, happen, happening, did, just, going, interpretation, darlin, doom, gone",27,"['happened', 'happen', 'happening', 'did', 'just', 'going', 'interpretation', 'darlin', 'doom', 'gone', 'brownstone', 'barn', 'wrong', 'comprehend', 'impending', 'failure', 'flung', 'fucked', 'afterward', 'incident', 'somethinga', 'nowa', 'whata', 'hat', 'gallery', 'created', 'realizing']",Doomsday Incident Discussion,The couple discusses the impending doom and failure of an incident in the gallery.,"relationship_conflict, domestic_life","setting:gallery, activity:discussing",False,"The top keywords 'interpretation', 'doom', 'impending', 'failure', 'incident' and 'gallery' are all present in the snippets, indicating a discussion about a serious event. The label and scene_summary reflect this, with the scene_summary including details from the snippets ('what happened?', 'gallery').",4.4,"Conflict, Distance & Breakup Threats",Relationship Trajectory (Main Couple),,,,high,False,R7,Hero and heroine are physically or emotionally separated,,I,Initial Conflict & Isolation,False,high,"The topic's keywords and representative snippets ('what the hell happened?', 'what the fuck happened?') indicate a situation where something has gone wrong in the relationship, likely leading to a breakup or separation. This aligns with Radway's function R7, where the hero and heroine are physically or emotionally separated."
252,"westona, growls, straightens, cautions, scowls, movea, retorts, turns, smoldering, oops",27,"['westona', 'growls', 'straightens', 'cautions', 'scowls', 'movea', 'retorts', 'turns', 'smoldering', 'oops', 'coaxing', 'warns', 'drawls', 'forward', 'harden', 'manner', 'heck', 'uma', 'frowns', 'features', 'glare', 'grabs', 'hurls', 'dicking', 'talks', 'glances', 'maxa']",Argument With Glare,"He glares at her, voice hard, as she retorts with a smirk.","relationship_conflict, domestic_life","setting:home, activity:arguing",False,"Top keywords 'retorts', 'glare', 'harden' indicate a conflict. Snippets show a back-and-forth exchange with hard voices and glares, suggesting an argument in a domestic setting.",4.4,"Conflict, Distance & Breakup Threats",Relationship Trajectory (Main Couple),,,,high,False,R7,Hero and heroine are physically or emotionally separated,,I,Initial Conflict & Isolation,False,medium,"The topic's main category 'Conflict, Distance & Breakup Threats' and the representative snippets ('westonâs dog-sitting') suggest a physical or emotional separation between the hero and heroine, fitting R7. The lack of keywords and previous labels/summaries makes the confidence 'medium'."
253,"doing, demanded, asked, going, shrug, stammer, supremacy, question, sacrilege, chides",27,"['doing', 'demanded', 'asked', 'going', 'shrug', 'stammer', 'supremacy', 'question', 'sacrilege', 'chides', 'questionsa', 'plumbing', 'estimate', 'ungodly', 'assortment', 'buttons', 'confusion', 'divorcing', 'lacing', 'talents', 'murmur', 'dilemma', 'unlocking', 'stalling', 'questiona', 'christosa', 'gravity']",Confused Conversations,"She looks at him, confused, as he stutters and struggles to explain his actions.","relationship_conflict, domestic_life","setting:home, activity:arguing",False,"The top keywords 'confusion', 'question', 'stammer' indicate a scene of confusion and unclear communication. The snippets show characters asking questions and expressing confusion, supporting the label 'Confused Conversations'. The primary categories 'relationship_conflict' and 'domestic_life' are chosen because the topic revolves around relationship dynamics and home settings.",4.4,"Conflict, Distance & Breakup Threats",Relationship Trajectory (Main Couple),,,,medium,False,R7,Hero and heroine are physically or emotionally separated,,I,Initial Conflict & Isolation,False,medium,"The topic's keywords and representative snippets ('what are you doing?', 'what in the hell are you doing?', 'what are you all doing here?') suggest confusion and confrontation, which are typical of a separation or breakup threat in the relationship. The main taxonomy category 'Conflict, Distance & Breakup Threats' also supports this interpretation."
254,"mistake, wrong, mistakes, faulty, huge, foolish, make, undo, horny, trafficked",27,"['mistake', 'wrong', 'mistakes', 'faulty', 'huge', 'foolish', 'make', 'undo', 'horny', 'trafficked', 'costly', 'luv', 'jangle', 'penalties', 'knew', 'flagging', 'repeated', 'flaw', 'correcting', 'flawed', 'scene', 'eavesdropping', 'amateur', 'wronga', 'everybodya', 'outs', 'purposeful']",Regretful Mistake Admission,"She admits her mistake, wishing she could take it back.","romance_core, relationship_conflict","setting:conversation, activity:admitting_mistake",False,"Top keywords 'mistake', 'wrong', 'regret' indicate a scene of admitting a mistake. Snippets confirm this, with 'this was a mistake' and 'i should have been the one to see it was a mistake'. The label and scene_summary reflect this admission of regret.",3.2,Negative Emotions & Distress,"Emotions, Cognition & Inner Life",,,,medium,False,R5,Heroine responds with anger or coldness,,I,Initial Conflict & Isolation,False,medium,"The topic revolves around the heroine's regret and realization of a mistake, which is a defensive response to the hero, fitting R5. The lack of keywords and previous labels/summaries makes the confidence medium."
255,"hotter, smoking, hots, hottest, really, extremely, totally, scorpion, empathetic, ceaseless",27,"['hotter', 'smoking', 'hots', 'hottest', 'really', 'extremely', 'totally', 'scorpion', 'empathetic', 'ceaseless', 'zillion', 'wtf', 'wowa', 'ballsy', 'incredibly', 'coals', 'inducing', 'almosta', 'noaha', 'ita', 'hotly', 'hottie', 'speeds', 'hotness', 'solace', 'skimpy', 'kimbera']",Hot And Heavy Flirting,"She blushes, playfully teasing him about being the 'hottest' person she's ever met.","romance_core, physical_affection","setting:kitchen, activity:teasing, activity:flirting",False,"The keywords 'hotter', 'hots', 'hottest', and 'hottie' indicate a focus on heat and attraction. The snippets show a back-and-forth conversation about who is hotter, suggesting playful flirting. The kitchen setting is implied in one snippet ('don't make it any hotter').",2.1,Attraction & Sexual Tension,"Sexuality, Attraction & Intimacy",,,,high,False,R4,Heroine interprets hero's behaviour as purely sexual interest,,I,Initial Conflict & Isolation,False,high,"The topic's keywords and representative snippets focus on sexual attraction and tension, with phrases like 'hotter' and 'no one is hotter than you'. This aligns with Radway's function R4, where the heroine interprets the hero's behaviour as purely sexual interest."
257,"smell, scent, perfume, smells, smelled, air, scents, smelling, distillery, lavender",27,"['smell', 'scent', 'perfume', 'smells', 'smelled', 'air', 'scents', 'smelling', 'distillery', 'lavender', 'envelops', 'whiff', 'nose', 'diesel', 'doo', 'farts', 'deodorant', 'dried', 'cloves', 'hay', 'pheromones', 'sandalwood', 'maple', 'pussies', 'filled', 'spices', 'earthy']",Scent-induced Arousal,"She notices his captivating scent, feeling a sudden surge of arousal.","romance_core, sexual_tension","setting:distillery, activity:sensing",False,"The top keyword 'smell' and the verb 'smells' indicate a focus on scent perception. The snippets 'you smell amazing.' and 'i can still smell it.' suggest that this scent is having an effect on someone, likely causing arousal as implied by the keyword 'arousal'.",2.1,Attraction & Sexual Tension,"Sexuality, Attraction & Intimacy",,,,high,False,R4,Heroine interprets hero's behaviour as purely sexual interest,,I,Initial Conflict & Isolation,False,medium,"The topic's keywords and snippets revolve around scent, which can be a powerful tool for attraction and tension in romance. The heroine or hero might be using scent to express attraction or repulsion, which fits R4 - Heroine interprets hero's behaviour as purely sexual interest."
261,"doesn, introduce, cajoled, disarming, sangria, teaches, uncompromising, tendencies, horizontal, protocol",27,"['doesn', 'introduce', 'cajoled', 'disarming', 'sangria', 'teaches', 'uncompromising', 'tendencies', 'horizontal', 'protocol', 'darlin', 'allowance', 'reassuringly', 'severely', 'embedded', 'mexico', 'nuzzle', 'pardon', 'sedan', 'conventional', 'sleepless', 'prettier', 'relax', 'judgmental', 'passport', 'gonna', 'shita']",Car Ride Negotiation,"She sits in the passenger seat, trying to reason with him as he drives.","romance_core, relationship_conflict","setting:car, activity:arguing",False,"The keywords 'sedan', 'negotiation', and 'uncompromising' suggest a tense conversation happening in a car. The snippets confirm this, showing a woman trying to reason with a man while he's driving.",4.4,"Conflict, Distance & Breakup Threats",Relationship Trajectory (Main Couple),,,,high,False,R2,Heroine reacts antagonistically to the hero,,I,Initial Conflict & Isolation,False,medium,"The topic revolves around Ella's frustration and anger towards Dane, suggesting a narrative function of reacting antagonistically to the hero (R2). The snippets show Ella fuming at Dane's chauvinistic tendencies and teaching him a lesson, indicating conflict and resistance, which are characteristic of Phase I."
262,"imply, clever, honestly, gives, , , , , , ",27,"['imply', 'clever', 'honestly', 'gives', '', '', '', '', '', '', '', '', '', '', '', '', '', '', '', '', '', '', '', '', '', '', '']",Clever Insults During Argument,"She glares at him, retorting with a clever insult as they argue in the kitchen.","relationship_conflict, domestic_life","setting:kitchen, activity:arguing",False,"The top keyword 'clever' and snippets like 'âhonestly, who gives a fuck?' and 'the clever fuck.' suggest a scene where clever insults are exchanged during an argument. The keyword 'fuck' and the phrase 'fuck and imply.' indicate a conflictual scene, while the lack of explicit sexual terms keeps the label neutral.",4.4,"Conflict, Distance & Breakup Threats",Relationship Trajectory (Main Couple),,,,high,False,R7,Hero and heroine are physically or emotionally separated,,I,Initial Conflict & Isolation,False,medium,"The topic's keywords and representative snippets suggest a conflict or threat to the relationship, with phrases like 'fuck and imply' and 'who gives a fuck' indicating a lack of concern or care. The Stage 2 taxonomy also places it under 'Conflict, Distance & Breakup Threats', suggesting a separation or breakup is imminent or occurring, fitting R7."
264,"lilliea, rubya, daughtera, holds, daughter, squeeze, starts, dumpling, eleanora, school",27,"['lilliea', 'rubya', 'daughtera', 'holds', 'daughter', 'squeeze', 'starts', 'dumpling', 'eleanora', 'school', 'lilies', 'gives', 'remia', 'joins', 'curl', 'shouts', 'contrast', 'middle', 'melee', 'teacher', 'sing', 'jumps', 'playdate', 'dozes', 'pick', 'pet', 'decide']",Schoolyard Argument,The daughter and her friends argue loudly in the schoolyard.,"relationship_conflict, social_setting","setting:school, activity:arguing",False,"The top keywords 'daughter', 'school', 'shouts', and 'melee' indicate a conflict in a school setting. The snippets confirm this, with phrases like 'lillieâs right behind her' and 'tres ?â lillieâs voice is pouty' suggesting an argument among girls at school.",5.1,Family & Kinship,Social World Outside Couple,4.4,"Conflict, Distance & Breakup Threats",Relationship Trajectory (Main Couple),high,False,R7,Hero and heroine are physically or emotionally separated,,I,Initial Conflict & Isolation,False,medium,"The topic's keywords and representative snippets suggest physical separation or distance between the heroine and hero, as indicated by phrases like 'lillieâs right behind her'. The secondary category 'Conflict, Distance & Breakup Threats' also supports this interpretation. Therefore, the topic typically realizes Radway's function R7 in the heroine–hero romance arc."
266,"shots, client, grinned, wouldn, compromising, photos, assured, meridian, explicit, le",27,"['shots', 'client', 'grinned', 'wouldn', 'compromising', 'photos', 'assured', 'meridian', 'explicit', 'le', 'didn', 'friend', 'sleazy', 'zoomed', 'purposes', 'puffed', 'undress', 'juicy', 'clothed', 'couldn', 'wasn', 'crept', 'receive', 'collect', 'cheating', 'stressed', 'shiftless']",Compromising Photoshoot,Abbey positions a man for incriminating photos while her accomplice captures the shots.,"sexual_content, domestic_life","setting:outdoors, activity:photography, sexual:compromising_positions",False,"The top keywords 'shots', 'photos', 'compromising', and 'purposes' indicate a sexual context, while 'friend' and 'client' suggest a domestic or work setting. The snippets confirm Abbey's role in staging compromising photos, making this a meaningful narrative pattern.",7.2,"Violence, Threats & Coercion","Conflict, Risk & Harm",,,,high,False,R6,Hero retaliates or punishes heroine,,I,Initial Conflict & Isolation,False,medium,"The topic revolves around the heroine being coerced into compromising situations by a third party, which can be seen as the hero retaliating or punishing her, thus escalating conflict and inequality (R6). The main taxonomy group 'Violence, Threats & Coercion' further supports this interpretation."
267,"nods, smirks, smirk, knowingly, solemnly, fuss, politely, broaden, fixed, amused",27,"['nods', 'smirks', 'smirk', 'knowingly', 'solemnly', 'fuss', 'politely', 'broaden', 'fixed', 'amused', 'pleased', 'bares', 'billboard', 'recommendation', 'dutifully', 'conceited', 'cunning', 'nod', 'tyrant', 'reveling', 'cleared', 'alsoa', 'stills', 'stalks', 'apparently', 'injuries', 'morphed']",Cocky Smirk During Argument,He smirks cockily at her during an intense argument.,"relationship_conflict, physical_affection","setting:kitchen, activity:arguing",False,"The top keyword 'smirk' is repeated in the snippets, indicating a recurring action. The keyword 'argument' suggests conflict, and 'cocky' implies a confident, almost taunting attitude. The snippets show a repeated action ('he nods') during this argument, which supports the label and scene summary.",4.4,"Conflict, Distance & Breakup Threats",Relationship Trajectory (Main Couple),,,,high,False,R7,Hero and heroine are physically or emotionally separated,,I,Initial Conflict & Isolation,False,low,"The topic's representative snippets ('he nods.') suggest a lack of communication or engagement, which could indicate a separation or distance between the hero and heroine. However, the lack of keywords and previous label/summary makes this interpretation uncertain."
268,"ameliea, diary, frowns, tosses, widens, pouts, gaze, glances, breaks, props",27,"['ameliea', 'diary', 'frowns', 'tosses', 'widens', 'pouts', 'gaze', 'glances', 'breaks', 'props', 'ignores', 'snickers', 'stiffens', 'huffs', 'waves', 'turns', 'jumps', 'slackens', 'bourbona', 'flounces', 'broadens', 'rubs', 'clustered', 'forward', 'frothy', 'crosses', 'grasp']",Emotional Conversation Around Table,"The couple sits at a table, engaged in a deep, emotional conversation.","romance_core, relationship_conflict","setting:table, activity:conversation",False,"The keywords 'table', 'conversation', and 'emotional' indicate a scene where the couple is engaged in an emotional discussion. The snippets show characters sitting at a table and having conversations, supporting the label and categories chosen.",4.4,"Conflict, Distance & Breakup Threats",Relationship Trajectory (Main Couple),,,,medium,False,R7,Hero and heroine are physically or emotionally separated,,I,Initial Conflict & Isolation,False,medium,"The topic's main category 'Conflict, Distance & Breakup Threats' and the representative snippets mentioning 'you and amelieâ[NAME]?' suggest a separation or breakup threat, fitting R7."
269,"jacksona, looked, boudreauxa, eloquently, selflessness, chuckled, growled, sideways, stony, turned",27,"['jacksona', 'looked', 'boudreauxa', 'eloquently', 'selflessness', 'chuckled', 'growled', 'sideways', 'stony', 'turned', 'violence', 'appeared', 'burning', 'stood', 'ranch', 'intrigued', 'maa', 'spray', 'panhandlers', 'shored', 'throttling', 'served', 'pacing', 'standing', 'readiness', 'condescendingly', 'unappreciated']",Urban Threat Assessment,"The couple, in their car on a city boulevard, assesses potential threats from panhandlers and considers regulatory responses.","domestic_life, relationship_conflict","setting:car, setting:city, activity:threat_assessment",False,"The keywords 'sideways', 'stony', 'violence', 'threat', and 'regulation' indicate a scene of threat assessment. The snippets mention 'jacksonâs eyes' and looking over his shoulder, suggesting a couple in a car, which is supported by the keyword 'boulevard'.",4.4,"Conflict, Distance & Breakup Threats",Relationship Trajectory (Main Couple),7.2,"Violence, Threats & Coercion","Conflict, Risk & Harm",high,False,R7,Hero and heroine are physically or emotionally separated,,I,Initial Conflict & Isolation,False,medium,"The topic's main_category of 'Conflict, Distance & Breakup Threats' and the representative snippets suggesting a physical separation ('looked over jacksonâs shoulder') indicate that this topic typically realises R7 - Hero and heroine are physically or emotionally separated."
270,"cried, tears, sobbing, sobbed, bawling, weep, stop, whatsoever, feminine, start",27,"['cried', 'tears', 'sobbing', 'sobbed', 'bawling', 'weep', 'stop', 'whatsoever', 'feminine', 'start', 'undone', 'sob', 'tearsa', 'crya', 'prettily', 'hiccupping', 'ugly', 'messily', 'upholstery', 'sexless', 'guacamole', 'wracked', 'snot', 'weepy', 'depleted', 'sniffle', 'supermodels']",Tearful Sobbing,"She sat alone, tears streaming down her face, sobbing uncontrollably.","romance_core, relationship_conflict","setting:solitary, activity:crying",False,"The top keywords 'tears', 'sobbing', 'bawling', and 'sob' clearly indicate intense crying. The snippets confirm this, with phrases like 'i cried.', 'and i cried out.', and 'and still, i cried on.' The label and scene_summary reflect this emotional outpouring.",3.2,Negative Emotions & Distress,"Emotions, Cognition & Inner Life",,,,high,False,R1,Heroine's social identity is destroyed,,I,Initial Conflict & Isolation,False,high,"The topic's representative snippets repeatedly mention crying, indicating distress and emotional turmoil. This aligns with Radway's R1 function, where the heroine experiences a major blow to her social identity or self-concept, leading to isolation and distress."
271,"sama, couldn, didn, sculpted, conquest, labor, charmed, insisting, advantage, defenses",27,"['sama', 'couldn', 'didn', 'sculpted', 'conquest', 'labor', 'charmed', 'insisting', 'advantage', 'defenses', 'yearning', 'physical', 'appeared', 'karaa', 'resist', 'discarded', 'hadn', 'feminine', 'couldna', 'moment', 'coast', 'asymmetry', 'haunted', 'softened', 'impressivea', 'sacrilege', 'texting']",Physical Labor And Attraction,She remembered his sculpted body from years of construction work as they stood close in the kitchen.,"romance_core, physical_affection","setting:kitchen, activity:remembering_past",False,"The top keyword 'labor' and both snippets mention 'construction' and 'sculpted body', indicating a focus on physical labor. The keyword 'moment' and the repeated mention of 'years ago' suggest a romantic or nostalgic context. The setting in the snippets is consistently in the kitchen, leading to the chosen label and categories.",2.1,Attraction & Sexual Tension,"Sexuality, Attraction & Intimacy",,,,medium,False,R4,Heroine interprets hero's behaviour as purely sexual interest,,I,Initial Conflict & Isolation,False,medium,"The topic's keywords and representative snippets focus on the hero's physical attractiveness, which the heroine likely interprets as purely sexual interest, fitting R4."
272,"answered, says, told, tell, quickly, asks, assured, reada, girlfriend, introduce",27,"['answered', 'says', 'told', 'tell', 'quickly', 'asks', 'assured', 'reada', 'girlfriend', 'introduce', 'prettily', 'risotto', 'sounding', 'chastise', 'decisively', 'summoning', 'instructs', 'talk', 'grieve', 'conspiratorially', 'passage', 'exclamation', 'curious', 'upgraded', 'ta', 'vessel', 'assurance']",Reluctant Relationship Talk,"She hesitates, then says 'no' to his advances, sparking a conversation about their relationship.","relationship_conflict, romance_core","setting:bedroom, activity:talking",False,"The keywords 'girlfriend', 'talk', 'exclamation', and 'problem' indicate a conversation about their relationship. The snippets show her reluctance and his persistence, leading to a discussion about their relationship status.",4.4,"Conflict, Distance & Breakup Threats",Relationship Trajectory (Main Couple),,,,high,False,R7,Hero and heroine are physically or emotionally separated,,I,Initial Conflict & Isolation,False,high,"The topic's representative snippets repeatedly show the heroine refusing or rejecting the hero's advances, indicating a physical or emotional separation between them. This aligns with Radway's function R7, which describes such separations."
276,"anger, rage, furious, burning, dense, disrespectful, temper, thrums, bitterness, rising",27,"['anger', 'rage', 'furious', 'burning', 'dense', 'disrespectful', 'temper', 'thrums', 'bitterness', 'rising', 'boiling', 'witha', 'surface', 'depths', 'capitalizing', 'consumed', 'replaced', 'wane', 'inciting', 'grants', 'avalanche', 'flashing', 'forward', 'transforms', 'incandescent', 'humored', 'clued']",Angry Argument,"She glared at him, her anger rising as she accused him of being disrespectful.",,,False,,4.4,"Conflict, Distance & Breakup Threats",Relationship Trajectory (Main Couple),,,,high,False,R2,Heroine reacts antagonistically to the hero,,I,Initial Conflict & Isolation,False,high,"The topic's keywords and representative snippets revolve around anger and resentment, which are typical of the heroine reacting antagonistically to the hero in Phase I of the romance narrative. The main taxonomy category 'Conflict, Distance & Breakup Threats' further supports this interpretation."
279,"mile, dishing, pilot, london, precautions, losing, wolves, trek, booking, competitors",27,"['mile', 'dishing', 'pilot', 'london', 'precautions', 'losing', 'wolves', 'trek', 'booking', 'competitors', 'visitors', 'yards', 'stammers', 'half', 'today', 'wants', 'stock', 'circling', 'likes', 'southwest', 'banal', 'grading', 'months', 'reputations', 'alexandera', 'piggyback', 'use']",Pilot's Mileage Concerns,"The pilot worries about the miles they've flown, fearing the loss of their co-pilot.","relationship_conflict, domestic_life","setting:cockpit, activity:worrying",False,"The top keyword 'mile' and the repeated phrase 'miles, whatever youâre dishing out' indicate a focus on distance or mileage. The keyword 'pilot' suggests an aviation context, and the concern expressed in the snippets ('isnât half as bad as losing him') points to a conflict or worry within a relationship, likely between the pilot and their co-pilot. The label and scene_summary reflect this specific scene of a pilot worrying about mileage and its implications for their relationship.",3.2,Negative Emotions & Distress,"Emotions, Cognition & Inner Life",,,,medium,False,R5,Heroine responds with anger or coldness,,I,Initial Conflict & Isolation,False,medium,"The topic revolves around negative emotions and distress, with the representative snippets suggesting the heroine's emotional withdrawal and guarded response ('whatever youâre dishing out isnât half as bad as losing him'). This aligns with R5, where the heroine meets the hero's interest with emotional withdrawal and guarded responses."
280,"growls, groans, growl, rumbles, growling, rips, low, snarls, grunts, rumble",27,"['growls', 'groans', 'growl', 'rumbles', 'growling', 'rips', 'low', 'snarls', 'grunts', 'rumble', 'ears', 'moans', 'deep', 'throaty', 'guttural', 'vibration', 'hisses', 'hoarse', 'noise', 'sound', 'grinding', 'rough', 'screams', 'clamor', 'ear', 'movements', 'monosyllabic']",Growling During Intimacy,He growls deeply as they make out in the bedroom.,"sexual_content, domestic_life","setting:bedroom, activity:kissing",False,"The top keywords 'growls', 'groans', 'growling', and 'grunts' along with the representative snippets ('âyes what?â he growls.', 'âten,â he growls.') indicate a scene of intimacy where a man is expressing his desire or pleasure through growling.",2.1,Attraction & Sexual Tension,"Sexuality, Attraction & Intimacy",,,,high,False,R4,Heroine interprets hero's behaviour as purely sexual interest,,I,Initial Conflict & Isolation,False,medium,"The topic's keywords and representative snippets focus on the hero's growling responses to the heroine, indicating sexual tension and attraction. This aligns with Radway's function R4, where the heroine interprets the hero's behavior as purely sexual interest."
285,"bigger, huge, size, solid, heavy, geometry, massive, inch, large, larger",27,"['bigger', 'huge', 'size', 'solid', 'heavy', 'geometry', 'massive', 'inch', 'large', 'larger', 'bulge', 'smootha', 'hulking', 'materiala', 'girdle', 'groused', 'grows', 'stronger', 'weighty', 'orgies', 'harsh', 'unbreakable', 'rebar', 'massively', 'bio', 'study', 'weighted']",Size Comparison Conversation,"The couple compares the size of objects, leading to flirtatious banter.","romance_core, physical_affection","setting:bedroom, activity:comparing_sizes",False,"The top keywords 'bigger', 'huge', 'size', 'solid', 'heavy', 'massive' indicate a focus on size comparison. The snippets ('this is bigger than that.', 'this one was bigger.') confirm this is a recurring conversation topic, not just a one-off mention.",2.2,Kissing & Non-Explicit Affection,"Sexuality, Attraction & Intimacy",,,,high,False,R4,Heroine interprets hero's behaviour as purely sexual interest,,I,Initial Conflict & Isolation,False,low,"Heuristic fallback: original classification was 'none', but taxonomy and primary_categories indicate a romance-core topic in group 'Sexuality, Attraction & Intimacy'. Reassigned to R4 (Heroine interprets hero's behaviour as purely sexual interest)."
286,"zanea, shrugged, trevilloa, krissana, supreme, shouldered, glare, priest, flashed, folded",27,"['zanea', 'shrugged', 'trevilloa', 'krissana', 'supreme', 'shouldered', 'glare', 'priest', 'flashed', 'folded', 'chuckling', 'twisted', 'smirked', 'raised', 'glanced', 'crew', 'natalioa', 'fight', 'obdurate', 'reform', 'conjecture', 'tossed', 'pleading', 'informed', 'sighed', 'unpunished', 'gracias']",Angry Glare During Argument,"The couple, standing in the kitchen, glares at each other during an intense argument.","relationship_conflict, domestic_life","setting:kitchen, activity:arguing",False,"The top keywords 'glare', 'fight', and 'obdurate' indicate a conflict. The snippets show characters glaring at each other in an argument, supporting the label and categories.",7.2,"Violence, Threats & Coercion","Conflict, Risk & Harm",4.4,"Conflict, Distance & Breakup Threats",Relationship Trajectory (Main Couple),high,False,R7,Hero and heroine are physically or emotionally separated,,I,Initial Conflict & Isolation,False,high,"The topic revolves around glares and tension between characters, indicating conflict and distance. The representative snippets show characters glaring at each other, with one character's anger directed towards the heroine's interaction with another character, suggesting a threat of separation or breakup."
288,"mornings, early, morninga, omg, righta, routine, noon, overnight, oj, tomorrow",27,"['mornings', 'early', 'morninga', 'omg', 'righta', 'routine', 'noon', 'overnight', 'oj', 'tomorrow', 'inspirational', 'ne', 'nce', 'albany', 'wake', 'locally', 'chirp', 'workweek', 'read', 'ideally', 'horrendous', 'mondays', 'coordinated', 'appalling', 'dc', 'crowed', 'dreary']",Morning Routine Struggles,"She dreads the early mornings, finding it hard to start her workweek.","romance_core, domestic_life","setting:mornings, activity:struggling",False,"The keywords 'mornings', 'workweek', and 'mondays' indicate a recurring daily routine. The adjective 'horrendous' suggests struggle or dislike, which is supported by the snippets mentioning 'early mornings were not my thing' and 'and mornings, too'.",3.2,Negative Emotions & Distress,"Emotions, Cognition & Inner Life",,,,medium,False,R5,Heroine responds with anger or coldness,,I,Initial Conflict & Isolation,False,medium,"The topic revolves around the heroine's discomfort and distress with early mornings, which can be interpreted as her emotional withdrawal or coldness (R5) towards the hero, especially if this discomfort is related to his presence or actions."
293,"jensena, fixer, total, complaining, pained, adviser, outmaneuvered, rewritten, flittered, spat",27,"['jensena', 'fixer', 'total', 'complaining', 'pained', 'adviser', 'outmaneuvered', 'rewritten', 'flittered', 'spat', 'elimination', 'guessed', 'dissertation', 'tarnished', 'charity', 'primarily', 'forte', 'damaging', 'shaping', 'talk', 'solving', 'unfortunately', 'checking', 'ditching', 'percentage', 'meansa', 'warnings']",Talking About Relationship,"The couple sits at a table, discussing their relationship dynamics and feelings.","romance_core, relationship_conflict","setting:table, activity:talking",False,"The top keywords 'talk', 'relationship', and 'feelings' indicate a conversation about the relationship. The snippets show a dialogue happening around a table, supporting the label and chosen categories.",4.4,"Conflict, Distance & Breakup Threats",Relationship Trajectory (Main Couple),,,,high,False,R7,Hero and heroine are physically or emotionally separated,,I,Initial Conflict & Isolation,False,medium,"The topic's main category 'Conflict, Distance & Breakup Threats' and the representative snippets ('jensenas face when he saw me in it', 'but jensenas that was a different story') suggest a separation or threat of separation between the hero and heroine, fitting R7."
294,"embarrassing, embarrassed, humiliating, shame, humiliated, embarrassment, ashamed, pity, embarrassinga, spare",27,"['embarrassing', 'embarrassed', 'humiliating', 'shame', 'humiliated', 'embarrassment', 'ashamed', 'pity', 'embarrassinga', 'spare', 'disgust', 'glutton', 'utterly', 'abject', 'areaa', 'swapping', 'presentable', 'unflattering', 'worse', 'needna', 'smudge', 'handmade', 'incomprehensible', 'appalling', 'demeaning', 'embarrassingly', 'socially']",Embarrassing Admissions,"She cringes, admitting her embarrassing moments to him in the kitchen.","relationship_conflict, domestic_life","setting:kitchen, activity:admitting_embarrassing_moments",False,"The top keywords 'embarrassing', 'embarrassed', 'ashamed' indicate admissions of embarrassing moments. The snippets show a person admitting these moments, likely in a domestic setting like the kitchen, as suggested by the POS cue 'setting' and the snippet 'in the kitchen'.",4.4,"Conflict, Distance & Breakup Threats",Relationship Trajectory (Main Couple),,,,high,False,R7,Hero and heroine are physically or emotionally separated,,I,Initial Conflict & Isolation,False,medium,"The topic revolves around embarrassment, which often leads to emotional distance or separation in romance narratives. The main keyword 'embarrassing' suggests a negative emotion that could drive a wedge between the heroine and hero, fitting R7 - separation."
295,"alexaa, spell, bookcrazy, execute, spells, explosion, grateful, shared, friend, dazed",27,"['alexaa', 'spell', 'bookcrazy', 'execute', 'spells', 'explosion', 'grateful', 'shared', 'friend', 'dazed', 'proved', 'played', 'rhonaa', 'searched', 'lifted', 'aloud', 'realized', 'pusher', 'scrooge', 'cast', 'sheer', 'command', 'extinguisher', 'muck', 'carpet', 'premonition', 'trump']",Argument About Betrayal,"He bit back the words about Alex's betrayal, his heart sinking as he followed her mother into the house.","relationship_conflict, domestic_life","setting:home, activity:argument",False,"The top keywords 'betrayal', 'heart', 'sank' and the snippets about Alex's betrayal and his emotional response indicate a scene of conflict and emotional turmoil within a domestic setting.",4.4,"Conflict, Distance & Breakup Threats",Relationship Trajectory (Main Couple),,,,high,False,R7,Hero and heroine are physically or emotionally separated,,I,Initial Conflict & Isolation,False,medium,"The topic revolves around conflict and tension in the relationship, with Alex's betrayal and the subsequent emotional distance. The representative snippets show Alex's heart sinking and him avoiding her, indicating a physical or emotional separation, fitting R7."
297,"arrogance, cocky, smack, hea, insufferable, jerks, pompous, decides, jerky, sleazebag",27,"['arrogance', 'cocky', 'smack', 'hea', 'insufferable', 'jerks', 'pompous', 'decides', 'jerky', 'sleazebag', 'guya', 'prick', 'burta', 'scrooge', 'stubborn', 'arrogantly', 'teaches', 'liea', 'ass', 'imperious', 'grifter', 'scheming', 'merciless', 'minions', 'absurdly', 'passive', 'reveals']",Arrogant Man's Behavior,A woman notices and reacts to the arrogance of a man.,"relationship_conflict, domestic_life","setting:home, activity:argument",False,"The top keywords 'arrogance', 'arrogant', 'insufferable', 'jerks', 'pomposity' clearly indicate a conflictual relationship dynamic. The snippets 'the arrogance of the man.', 'arrogance personified.', 'and that arrogance of his?' confirm this interpretation, showing that the topic revolves around a woman's perception and reaction to a man's arrogant behavior.",4.4,"Conflict, Distance & Breakup Threats",Relationship Trajectory (Main Couple),,,,medium,False,R2,Heroine reacts antagonistically to the hero,,I,Initial Conflict & Isolation,False,medium,"The topic's keywords and representative snippets repeatedly mention 'arrogance', suggesting the heroine's antagonistic reaction to the hero's perceived arrogance, fitting Radway's R2 function."
300,"buts, steadied, tycoon, claraa, heidia, arguments, contracts, central, maa, argument",27,"['buts', 'steadied', 'tycoon', 'claraa', 'heidia', 'arguments', 'contracts', 'central', 'maa', 'argument', 'success', 'ugh', 'matter', 'justa', 'board', 'gives', 'answered', 'eye', 'answer', 'need', 'really', 'ita', 'ia', '', '', '', '']",Argument About Saying No,She argues with him about setting boundaries in their relationship.,"relationship_conflict, domestic_life","setting:kitchen, activity:arguing",False,"The top keywords 'buts', 'arguments', and 'need' indicate a conflict, while 'central' suggests it's a core relationship issue. The snippets show a back-and-forth exchange, supporting the label and scene summary.",4.4,"Conflict, Distance & Breakup Threats",Relationship Trajectory (Main Couple),,,,high,False,R7,Hero and heroine are physically or emotionally separated,,I,Initial Conflict & Isolation,False,medium,"The topic's main category 'Conflict, Distance & Breakup Threats' and the representative snippets ('no more', 'no buts') suggest a separation or breakup threat, fitting R7. The lack of keywords and previous label/scene summary makes the confidence medium."
302,"gun, weapon, bullets, pistol, guns, barrel, rifle, gunshot, aimed, shotgun",27,"['gun', 'weapon', 'bullets', 'pistol', 'guns', 'barrel', 'rifle', 'gunshot', 'aimed', 'shotgun', 'trigger', 'weapons', 'loaded', 'shot', 'lung', 'fired', 'disposal', 'shooting', 'pressed', 'holding', 'tuck', 'mana', 'trained', 'metallic', 'hundredth', 'tarona', 'dodged']",Gun Threat During Argument,He raises his gun towards her during an intense argument.,"relationship_conflict, domestic_life","setting:home, activity:arguing",False,"The top keywords 'gun', 'weapon', 'pistol', 'shotgun' indicate a clear focus on guns. The snippets show a man raising a gun during an argument, supporting the label 'Gun Threat During Argument'. The primary categories 'relationship_conflict' and 'domestic_life' are chosen because the scene involves a conflict in a home setting.",7.2,"Violence, Threats & Coercion","Conflict, Risk & Harm",,,,high,False,R6,Hero retaliates or punishes heroine,,I,Initial Conflict & Isolation,False,high,"The topic revolves around violence and threats, which typically escalates conflict and inequality between the hero and heroine in Phase I of the romance narrative. This aligns with Radway's function R6, where the hero retaliates or punishes the heroine."
304,"jar, barista, trance, suggests, georgiaa, taffy, saltwater, supplement, local, mileage",27,"['jar', 'barista', 'trance', 'suggests', 'georgiaa', 'taffy', 'saltwater', 'supplement', 'local', 'mileage', 'rankled', 'colora', 'recycling', 'goo', 'monkeys', 'ok', 'minty', 'nectar', 'sampling', 'bees', 'insomnia', 'vinegar', 'word', 'kellya', 'twentieth', 'fondly', 'entangled']",Local Honey Accident,"She drops a jar of local honey, startling her mother who was behind her.","domestic_life, relationship_conflict","setting:kitchen, activity:accident",False,"The keywords 'jar', 'honey', 'local', and 'drop' indicate an accident involving a jar of local honey. The snippets describe the accident and the reaction of the mother, supporting the label 'Local Honey Accident' and the categories 'domestic_life' and 'relationship_conflict'.",4.3,"Secrets, Misunderstandings & Hidden Information",Relationship Trajectory (Main Couple),,,,medium,False,R7,Hero and heroine are physically or emotionally separated,,I,Initial Conflict & Isolation,False,medium,"The topic revolves around secrets and misunderstandings, which often lead to separation or distance between the hero and heroine. The representative snippets suggest tension and conflict, hinting at a potential break or separation."
310,"foremost, tend, feminine, ama, ladies, feminist, conscious, especially, godawful, experience",27,"['foremost', 'tend', 'feminine', 'ama', 'ladies', 'feminist', 'conscious', 'especially', 'godawful', 'experience', 'materiala', 'needier', 'calcium', 'demographic', 'rarer', 'politically', 'liberation', 'subservient', 'estrogen', 'scientists', 'effect', 'genteel', 'complicated', 'fledged', 'curvier', 'user', 'female']",Feminist Identity Affirmation,She asserts her identity and purpose as a woman.,"romance_core, domestic_life","setting:home, activity:affirmation",False,"The top keyword 'feminine' and the repeated phrase 'live first and foremost to be the woman I am meant to be' indicate a scene where the protagonist is affirming her identity as a woman. The use of 'conscious' and 'needier' suggest a focus on personal growth and emotional well-being, which are core aspects of romance and domestic life.",3.4,"Beliefs, Values & Moral Reflection","Emotions, Cognition & Inner Life",,,,high,False,R1,Heroine's social identity is destroyed,,I,Initial Conflict & Isolation,False,medium,"The topic revolves around the heroine's self-reflection and personal values, indicating a struggle with her identity, which is a key aspect of R1 - Heroine's social identity is destroyed. The phrase 'i live first and foremost to be the woman i am meant to be' suggests a sense of purpose and self-discovery, often triggered by a major blow to her social identity or self-concept."
315,"jaxa, questioned, dereka, replied, answered, heck, rolled, eliminating, egged, slapped",27,"['jaxa', 'questioned', 'dereka', 'replied', 'answered', 'heck', 'rolled', 'eliminating', 'egged', 'slapped', 'burr', 'meaner', 'sidetracked', 'swooping', 'tagging', 'gardener', 'mellowed', 'instrumental', 'controller', 'treasures', 'tuxes', 'trail', 'disgustingly', 'appeared', 'barbeque', 'forge', 'dang']",Intense Argument With Glare,"He glared menacingly, his eyes reflecting anger and tension as they argued heatedly in the dimly lit room.","relationship_conflict, domestic_life","setting:room, activity:arguing",False,"The keywords 'heck', 'meaner', 'dang', and 'glare' indicate a heated argument. The snippets describe a confrontational scene with a man glaring, supporting the label and categories.",4.4,"Conflict, Distance & Breakup Threats",Relationship Trajectory (Main Couple),,,,high,False,R7,Hero and heroine are physically or emotionally separated,,I,Initial Conflict & Isolation,False,high,"The topic's main category 'Conflict, Distance & Breakup Threats' and the representative snippets ('growled', 'meaner than jax's', 'slapped jax's hand') suggest a conflict or breakup threat, fitting R7 (separation)."
320,"feelsa, feela, better, feels, felta, feeling, soa, makes, felt, queasy",27,"['feelsa', 'feela', 'better', 'feels', 'felta', 'feeling', 'soa', 'makes', 'felt', 'queasy', 'define', 'make', 'somethinga', 'holda', 'shittier', 'delusion', 'energized', 'feelings', 'devastation', 'corset', 'liberating', 'expressing', 'tingly', 'vu', 'pointy', 'territorial', 'reallya']",Emotional Delusion Conversation,She struggles to express her confusing feelings about their relationship while he listens intently.,"romance_core, relationship_conflict","setting:living_room, activity:emotional_talk",False,"The keywords 'feeling', 'delusion', 'feels', and 'energized' suggest a conversation centered around emotions. The snippets show a character trying to express their feelings, indicating a romantic or relationship-focused scene.",3.2,Negative Emotions & Distress,"Emotions, Cognition & Inner Life",,,,high,False,R5,Heroine responds with anger or coldness,,I,Initial Conflict & Isolation,False,low,"The topic's keywords and snippets suggest emotional distress and negative feelings, which could indicate the heroine's guarded or defensive response to the hero, fitting R5. However, the lack of specific context makes the confidence low."
321,"cilliana, antidote, maine, evon, unlike, entertainment, spent, footed, entailed, tolerant",27,"['cilliana', 'antidote', 'maine', 'evon', 'unlike', 'entertainment', 'spent', 'footed', 'entailed', 'tolerant', 'limped', 'dala', 'belonged', 'terrorist', 'endorsement', 'detonate', 'barbed', 'buffer', 'groupies', 'icily', 'nines', 'chalked', 'discussions', 'regaining', 'finesse', 'pathetically', 'wilting']",Emotional Relationship Delusion,"She struggles to understand her confusing feelings about their relationship, sitting alone in her room.","romance_core, relationship_conflict","setting:bedroom, activity:reflecting",False,"Top keywords 'relationship', 'feelings', 'years' indicate a focus on emotional confusion. Snippets mention 'confused about feelings', 'emotional delusion conversation', and 'emotional burden about marriage', supporting the label and categories.",3.2,Negative Emotions & Distress,"Emotions, Cognition & Inner Life",,,,high,False,R1,Heroine's social identity is destroyed,,I,Initial Conflict & Isolation,False,medium,"The topic's keywords and snippets suggest a heroine (Cilliana) feeling discarded, humored, and used, leading to distress and negative emotions. This aligns with Radway's R1 function, where the heroine experiences a major blow to her social identity or self-concept, leaving her isolated and distressed."
322,"shook, head, shaking, dislodge, scornful, lockdown, graying, slightly, behavior, chortled",27,"['shook', 'head', 'shaking', 'dislodge', 'scornful', 'lockdown', 'graying', 'slightly', 'behavior', 'chortled', 'fuzz', 'fumed', 'heavily', 'eldona', 'confronting', 'honked', 'redirected', 'vulgar', 'slowly', 'artificial', 'compressed', 'problem', 'sighed', 'began', 'melancholy', 'road', 'whiskers']",Scornful Head Shaking,He scornfully shakes his head at her.,"relationship_conflict, domestic_life","setting:home, activity:arguing",False,"The top keyword 'head' and both snippets 'he shook his head' indicate a repeated action of head shaking. The adjective 'scornful' suggests a negative emotion, likely during an argument. The lack of explicit sexual terms and the presence of 'home' in the POS cues suggest a domestic setting, supporting the primary categories.",4.4,"Conflict, Distance & Breakup Threats",Relationship Trajectory (Main Couple),,,,high,False,R7,Hero and heroine are physically or emotionally separated,,I,Initial Conflict & Isolation,False,low,"The topic's keyword 'he shook his head' suggests a negative or dismissive response from the hero, which could indicate a separation or conflict in the relationship. However, the lack of other keywords and context makes this interpretation uncertain."
324,"sensory, overreacting, ita, discussion, bravely, overreaction, va, overeager, cultural, overanalyzing",27,"['sensory', 'overreacting', 'ita', 'discussion', 'bravely', 'overreaction', 'va', 'overeager', 'cultural', 'overanalyzing', 'overdone', 'overkill', 'songa', 'trials', 'vu', 'overload', 'seminar', 'charts', 'happens', 'overwhelm', 'scenarios', 'overbearing', 'differences', 'overa', 'ade', 'faa', 'heavens']",Overreacting Conversation,She accuses him of overreacting during their heated argument in the kitchen.,"relationship_conflict, domestic_life","setting:kitchen, activity:arguing",False,"The top keywords 'overreacting' and 'discussion' are supported by all snippets, which depict an argumentative conversation. The setting is implied by the keyword 'kitchen' and the activity is clearly arguing, as seen in all snippets.",4.4,"Conflict, Distance & Breakup Threats",Relationship Trajectory (Main Couple),,,,high,False,R7,Hero and heroine are physically or emotionally separated,,I,Initial Conflict & Isolation,False,medium,"The topic's keywords and representative snippets ('overreacting', 'Conflict, Distance & Breakup Threats') suggest a separation or threat of separation between the hero and heroine, fitting R7."
331,"biancaa, jambalaya, tremulous, egotistical, presumptuous, enzoa, scooping, muttered, shark, vows",27,"['biancaa', 'jambalaya', 'tremulous', 'egotistical', 'presumptuous', 'enzoa', 'scooping', 'muttered', 'shark', 'vows', 'hardwicka', 'cocky', 'ass', 'birthright', 'shitty', 'looked', 'overachieving', 'startled', 'dictated', 'bullshita', 'marrying', 'heartily', 'robust', 'handshakes', 'tackling', 'endowed', 'cackle']",Cocky Shark's Vows,"In a tense moment, Bianca's eyes widen as the cocky shark vows to run, leaving her uncertain about their relationship.","relationship_conflict, sexual_tension","setting:argument, activity:vowing",False,"The keywords 'shark', 'vows', 'cocky', and 'run' suggest a tense, conflictual scene. The snippets confirm this, showing Bianca's reaction to the shark's vow, indicating sexual tension and relationship ambiguity.",4.4,"Conflict, Distance & Breakup Threats",Relationship Trajectory (Main Couple),,,,high,False,R7,Hero and heroine are physically or emotionally separated,,I,Initial Conflict & Isolation,False,medium,"The topic revolves around a threat to the relationship, with the heroine expressing a desire to 'run' and keep the truth hidden from others, indicating a physical or emotional separation. The main taxonomy group 'Conflict, Distance & Breakup Threats' further supports this interpretation."
332,"secrets, confidential, secrecy, keeping, secretive, discreet, kept, identity, sneaking, spilling",27,"['secrets', 'confidential', 'secrecy', 'keeping', 'secretive', 'discreet', 'kept', 'identity', 'sneaking', 'spilling', 'sandcastle', 'secretly', 'covet', 'kinds', 'closest', 'thomasa', 'reputations', 'inundated', 'carea', 'knows', 'amendment', 'confidentiality', 'exposed', 'revelations', 'uncover', 'bolder', 'leaks']",Keeping Secrets,"The couple exchanges furtive glances and hushed words, guarding their secret from prying eyes.",,,False,,4.3,"Secrets, Misunderstandings & Hidden Information",Relationship Trajectory (Main Couple),,,,high,False,R7,Hero and heroine are physically or emotionally separated,,I,Initial Conflict & Isolation,False,medium,"The topic revolves around secrets between the couple, which often leads to misunderstandings and separation, fitting R7. The keywords 'secrets' and 'we had secrets' suggest hidden information that could drive a wedge between the hero and heroine."
333,"marca, weapons, compare, threats, sworn, cubicle, hadn, york, affair, conscious",27,"['marca', 'weapons', 'compare', 'threats', 'sworn', 'cubicle', 'hadn', 'york', 'affair', 'conscious', 'spat', 'prima', 'ex', 'threat', 'blanching', 'bolster', 'extremes', 'similarities', 'gentlest', 'couldn', 'tenants', 'materialize', 'belittle', 'confiding', 'manicurist', 'ruined', 'mannequin']",Threatening Affair Disclosure,"In the cubicle, Vanessa threatens to reveal their affair to Mark's ex-wife.","relationship_conflict, sexual_content","setting:office, activity:threatening, sexual:affair",False,"The keywords 'weapons', 'threats', 'cubicle', 'affair' and 'ex' directly relate to the scene of a threatening affair disclosure. The snippets confirm this, with Vanessa making accusations and threats in a workplace setting.",4.4,"Conflict, Distance & Breakup Threats",Relationship Trajectory (Main Couple),7.2,"Violence, Threats & Coercion","Conflict, Risk & Harm",high,False,R7,Hero and heroine are physically or emotionally separated,,I,Initial Conflict & Isolation,False,high,"The topic's main_category 'Conflict, Distance & Breakup Threats' and the representative snippets ('divorced', 'accusations', 'lawyers', 'agreed with jake') indicate a clear threat of separation or breakup, fitting R7."
335,"harrya, cries, snaps, whispers, bowed, redder, moans, yells, angrily, speeding",27,"['harrya', 'cries', 'snaps', 'whispers', 'bowed', 'redder', 'moans', 'yells', 'angrily', 'speeding', 'sighs', 'commanded', 'rolls', 'glares', 'sardine', 'recites', 'moot', 'mentiona', 'enlisted', 'deflects', 'bitters', 'crossed', 'mutters', 'fistfight', 'moviea', 'aide', 'ale']",Intense Argument With Glare,"He glares at her, his voice rising as she defiantly meets his gaze.","relationship_conflict, domestic_life","setting:kitchen, activity:arguing",False,"Keywords 'yells', 'mutters', 'orders' and 'fistfight' indicate a heated argument. Snippets show characters exchanging intense lines, with 'harryâs eyes widen in horror' and 'harryâs eyes widen in excitement' suggesting a back-and-forth of strong emotions.",4.4,"Conflict, Distance & Breakup Threats",Relationship Trajectory (Main Couple),,,,high,False,R7,Hero and heroine are physically or emotionally separated,,I,Initial Conflict & Isolation,False,medium,"The topic's main category 'Conflict, Distance & Breakup Threats' and the representative snippets showing Harry's reactions to unwanted situations (excitement turning to horror) suggest a narrative function of separation or threat of separation, fitting R7."
339,"wait, waiting, ipo, cowering, waits, pumps, elections, stand, beat, dissipate",27,"['wait', 'waiting', 'ipo', 'cowering', 'waits', 'pumps', 'elections', 'stand', 'beat', 'dissipate', 'tandem', 'bated', 'join', 'reviewing', 'cucumber', 'complimentary', 'descend', 'courtneya', 'displeased', 'longer', 'sorted', 'risks', 'backup', 'rescued', 'finish', 'hopping', 'wordlessly']",Prolonged Waiting,"She waits patiently, her mind racing with anticipation.","romance_core, domestic_life","setting:home, activity:waiting",False,"The top keyword 'waits' is repeated and supported by all snippets. The label and scene_summary capture the typical scene of waiting, which is a common romantic scenario. The primary categories reflect the emotional core of the scene and the domestic setting.",3.2,Negative Emotions & Distress,"Emotions, Cognition & Inner Life",,,,medium,False,R1,Heroine's social identity is destroyed,,I,Initial Conflict & Isolation,False,low,"The topic's keywords and snippets suggest a state of waiting, which could indicate distress or isolation, fitting R1. However, the lack of explicit context makes this a low confidence assignment."
340,"reida, ha, mouths, samuela, fortunately, denial, minimized, texta, punched, guarda",27,"['reida', 'ha', 'mouths', 'samuela', 'fortunately', 'denial', 'minimized', 'texta', 'punched', 'guarda', 'woes', 'impropriety', 'uha', 'tolerant', 'diligently', 'itches', 'discovers', 'hypocrisy', 'secreta', 'cringes', 'employers', 'nugget', 'alwaysa', 'wonderland', 'safest', 'reynarda', 'cruising']",Emotional Denial Conversation,"She struggles to express her feelings, making him cringe with frustration.","romance_core, relationship_conflict","setting:bedroom, activity:arguing",False,"The keywords 'denial', 'woes', 'impropriety', and 'cringes' suggest a conflicted emotional state. The snippets show a struggle to express feelings, which fits the label and categories.",4.4,"Conflict, Distance & Breakup Threats",Relationship Trajectory (Main Couple),,,,medium,False,R7,Hero and heroine are physically or emotionally separated,,I,Initial Conflict & Isolation,False,medium,"The topic revolves around the hero's absence and the heroine's frustration, indicating a physical or emotional separation between the couple. The topic's placement under 'Conflict, Distance & Breakup Threats' in the taxonomy further supports this interpretation."
341,"leaving, mirandaa, disrespectful, hadna, replacement, coolly, reunion, bogged, realizations, supplication",27,"['leaving', 'mirandaa', 'disrespectful', 'hadna', 'replacement', 'coolly', 'reunion', 'bogged', 'realizations', 'supplication', 'threat', 'slumming', 'coquettish', 'irritation', 'bye', 'issue', 'left', 'wherea', 'change', 'eardrums', 'bossing', 'messages', 'headspace', 'solidified', 'recognize', 'beings', 'sizing']",Reunion After Argument,"After a heated argument, he hesitates but ultimately decides not to leave her.","relationship_conflict, romance_core","setting:home, activity:arguing, activity:reunion",False,"The top keywords 'leaving', 'reunion', 'supplication', and 'threat' suggest a conflict followed by a change of heart. The snippets confirm this, showing the man deciding not to leave the woman, indicating a reunion after an argument.",4.4,"Conflict, Distance & Breakup Threats",Relationship Trajectory (Main Couple),,,,high,False,R7,Hero and heroine are physically or emotionally separated,,I,Initial Conflict & Isolation,False,high,"The topic revolves around the hero's decision to leave the heroine, indicating a physical or emotional separation, which is characteristic of Radway's function R7."
342,"wrong, somethinga, terribly, wrongs, feels, harbinger, critics, uncharacteristic, peculiar, event",27,"['wrong', 'somethinga', 'terribly', 'wrongs', 'feels', 'harbinger', 'critics', 'uncharacteristic', 'peculiar', 'event', 'horribly', 'westa', 'gentlemen', 'levels', 'righta', 'mistaken', 'case', 'gone', 'scenario', 'article', 'aa', 'ladies', 'surely', 'ita', 'behavior', 'adds', 'attitude']",Mistaken Accusations,"A couple argues heatedly, each convinced the other has done something wrong.","relationship_conflict, domestic_life","setting:living_room, activity:arguing",False,"The top keywords 'wrong', 'wrongs', 'mistaken' indicate a central conflict. Snippets like 'this is wrong.' and 'this is all coming out wrong.' confirm an argument about perceived mistakes. The label and scene_summary capture this recurring theme.",4.4,"Conflict, Distance & Breakup Threats",Relationship Trajectory (Main Couple),,,,high,False,R2,Heroine reacts antagonistically to the hero,,I,Initial Conflict & Isolation,False,high,"The topic's keywords and representative snippets ('this is wrong.', 'wrong.') indicate the heroine's resistance and disapproval, which is characteristic of Radway's R2 function where the heroine reacts antagonistically to the hero."
345,"dona, coy, daft, tramp, start, naa, pffft, dreamsa, downplay, maserati",27,"['dona', 'coy', 'daft', 'tramp', 'start', 'naa', 'pffft', 'dreamsa', 'downplay', 'maserati', 'obtuse', 'say', 'doma', 'charmer', 'jinx', 'donovana', 'architectural', 'underestimate', 'dense', 'conclusions', 'flatter', 'jump', 'glowering', 'intentionally', 'defending', 'en', 'warns']",Firm Rejections,She firmly rejects his advances in the dimly lit room.,"relationship_conflict, domestic_life","setting:bedroom, activity:rejecting",False,"The keywords 'firm', 'reject', and 'dense' suggest a scene of resistance. The snippets show repeated use of 'donât' and imply a refusal of some kind.",4.4,"Conflict, Distance & Breakup Threats",Relationship Trajectory (Main Couple),,,,high,False,R7,Hero and heroine are physically or emotionally separated,,I,Initial Conflict & Isolation,False,medium,"The topic's keywords and snippets suggest a conflict or threat to the relationship, with the heroine telling the hero 'don't do that' or 'don't activate these'. This aligns with R7, as it indicates a potential separation or breakup threat in the relationship trajectory."
346,"clairea, admirable, passionate, unenthusiastically, shortcuts, abysmally, verb, anxiousness, horrors, nonnegotiable",27,"['clairea', 'admirable', 'passionate', 'unenthusiastically', 'shortcuts', 'abysmally', 'verb', 'anxiousness', 'horrors', 'nonnegotiable', 'meet', 'fascinate', 'postal', 'marshaa', 'mutters', 'conferences', 'gasps', 'reply', 'pending', 'coldhearted', 'growls', 'screw', 'milaa', 'born', 'tenacious', 'mischievously', 'conference']",Anxious Voice Hearing,"She hears her name called, feeling anxious and uncertain about the voice's source.","relationship_conflict, domestic_life","setting:home, activity:listening",False,The top keyword 'anxiousness' and snippets like 'i hear claireâs voice.' indicate a scene of someone hearing a voice and feeling anxious. The label and scene_summary reflect this specific situation.,3.2,Negative Emotions & Distress,"Emotions, Cognition & Inner Life",,,,medium,False,R2,Heroine reacts antagonistically to the hero,,I,Initial Conflict & Isolation,False,medium,"The topic's keywords and representative snippets suggest a negative emotion or distress, which is often associated with the heroine reacting antagonistically to the hero in Phase I of the romance narrative. The snippets 'i hear claireâs voice' and 'claireâs got this' imply a tense or hostile situation, fitting R2."
350,"didn, wasn, won, sell, childhood, months, guarded, defensive, sister, problemsa",27,"['didn', 'wasn', 'won', 'sell', 'childhood', 'months', 'guarded', 'defensive', 'sister', 'problemsa', 'clinic', 'bleakly', 'permission', 'wasteland', 'decisions', 'called', 'sympathize', 'goddesses', 'bashful', 'shape', 'gone', 'cabbage', 'lattes', 'survivors', 'told', 'vacation', 'violate']",Sisters Reflecting On Childhood,"The sisters sit together, reflecting on their shared childhood experiences and its lasting impact on their lives.","romance_core, domestic_life","setting:home, activity:reflecting_on_past",False,"The keywords 'childhood', 'months', 'sister', and 'decisions' indicate a focus on past experiences. The snippets show both sisters engaging in introspection and discussing their shared history, leading to the label and categories chosen.",3.4,"Beliefs, Values & Moral Reflection","Emotions, Cognition & Inner Life",,,,high,False,R1,Heroine's social identity is destroyed,,I,Initial Conflict & Isolation,False,high,"The topic revolves around Tara's emotional journey and self-reflection, triggered by her past traumas and current situation. This process of introspection and coming to terms with her past is a major blow to her social identity and self-concept, fitting Radway's R1 function."
352,"fired, lawyers, attorney, terminated, termination, resign, assets, case, getting, temping",27,"['fired', 'lawyers', 'attorney', 'terminated', 'termination', 'resign', 'assets', 'case', 'getting', 'temping', 'prosecution', 'wrongful', 'attorneya', 'hire', 'disinherited', 'banker', 'shortening', 'notified', 'job', 'editors', 'mindset', 'standby', 'incriminating', 'sued', 'finalize', 'deserved', 'davea']",Wrongful Termination Discussion,A lawyer and a client discuss the details of a wrongful termination case in a law office.,"relationship_conflict, work_or_school","setting:office, activity:discussion",False,"The top keywords 'lawyers', 'attorney', 'termination', 'case' indicate a legal context. The snippets 'fired' and 'you're fired' suggest a discussion about termination. The label and scene_summary reflect this specific conflict, with the primary categories capturing the relationship conflict and work setting.",4.3,"Secrets, Misunderstandings & Hidden Information",Relationship Trajectory (Main Couple),6.1,Hero's Elite Work & Business World,"Work, Wealth, Status & Institutions",medium,False,R7,Hero and heroine are physically or emotionally separated,,I,Initial Conflict & Isolation,False,medium,"The topic revolves around the hero firing the heroine, which is a clear instance of separation and conflict in the relationship, fitting R7. The lack of keywords and previous labels/summaries doesn't contradict this interpretation."
353,"regret, regrets, regretted, regretfully, regretting, happened, wona, realizations, validity, runny",27,"['regret', 'regrets', 'regretted', 'regretfully', 'regretting', 'happened', 'wona', 'realizations', 'validity', 'runny', 'acted', 'entree', 'dona', 'bring', 'live', 'profoundly', 'eon', 'later', 'scandals', 'liable', 'remedy', 'voicing', 'things', 'doubles', 'elicited', 'guilt', 'immense']",Regretful Realizations,"She sits alone, eyes closed, regretting past actions.","romance_core, relationship_conflict","setting:solitude, activity:reflecting",False,"Top keywords 'regret', 'regrets', 'realizations' indicate emotional reflection. Snippets like 'regret.', 'i close my eyes in regret.' confirm this interpretation.",3.2,Negative Emotions & Distress,"Emotions, Cognition & Inner Life",,,,high,False,R1,Heroine's social identity is destroyed,,I,Initial Conflict & Isolation,False,high,"The topic's keyword 'regret' and representative snippets ('i close my eyes in regret', 'is there regret there?') indicate that the heroine is experiencing regret, which is a major blow to her social identity or self-concept, fitting Radway's R1 function."
354,"really, happening, necessarily, anymore, depress, minion, faintest, freckle, objected, problem",27,"['really', 'happening', 'necessarily', 'anymore', 'depress', 'minion', 'faintest', 'freckle', 'objected', 'problem', 'canada', 'dodge', 'intentionally', 'chimes', 'cranea', 'usually', 'precisely', 'types', 'slightest', 'furiously', 'argued', 'timing', 'interrupt', 'discussed', 'assured', 'drugs', 'threatening']",Timing Discussion About Relationship,"The couple sits at a table, discussing their relationship's future and past.","romance_core, relationship_conflict","setting:table, activity:discussion",False,"The keywords 'timing', 'relationship', and 'problem' indicate a conversation about their relationship. The snippets show a repeated phrase 'not really.', suggesting hesitation or disagreement, which fits the 'relationship_conflict' category.",4.4,"Conflict, Distance & Breakup Threats",Relationship Trajectory (Main Couple),,,,high,False,R7,Hero and heroine are physically or emotionally separated,,I,Initial Conflict & Isolation,False,medium,"The topic's main taxonomy group 'Conflict, Distance & Breakup Threats' and the representative snippets ('ânot really.' repeated) suggest a separation or breakup threat, fitting R7."
356,"fight, fighting, fought, battle, fights, battles, dragons, feud, war, confrontation",27,"['fight', 'fighting', 'fought', 'battle', 'fights', 'battles', 'dragons', 'feud', 'war', 'confrontation', 'fighter', 'supremacy', 'blowback', 'losing', 'martial', 'gigia', 'disagreements', 'stronga', 'staked', 'rebels', 'injure', 'sullenly', 'reconciliation', 'dissipates', 'inner', 'diffuse', 'sparring']",Intense Argument About Feud,The couple argues heatedly about their long-standing feud in the living room.,"relationship_conflict, domestic_life","setting:living_room, activity:arguing",False,"Top keywords 'fight', 'battle', 'feud', 'war' indicate a heated argument. Snippets like 'fight!', 'any fight.', 'a fight in them.' confirm this. The label and scene_summary reflect the central action and setting, supported by the keywords and snippets.",7.2,"Violence, Threats & Coercion","Conflict, Risk & Harm",4.4,"Conflict, Distance & Breakup Threats",Relationship Trajectory (Main Couple),high,False,R7,Hero and heroine are physically or emotionally separated,,I,Initial Conflict & Isolation,False,high,"The topic's keywords and representative snippets ('fight!', 'any fight.', 'a fight in them') all suggest conflict, which typically leads to separation or distance between the hero and heroine in Phase I of the romance narrative. The secondary category 'Conflict, Distance & Breakup Threats' further supports this interpretation."
364,"hannaha, isna, merely, hurting, distance, excuses, easier, designed, retake, nod",27,"['hannaha', 'isna', 'merely', 'hurting', 'distance', 'excuses', 'easier', 'designed', 'retake', 'nod', 'hasna', 'reminder', 'created', 'bridging', 'role', 'choice', 'existent', 'doubt', 'lectured', 'outrun', 'pasting', 'herea', 'lacks', 'bode', 'recluse', 'warehouses', 'fictional']",Role Reversal In Warehouse,"She takes on the role of the recluse, exploring the vast, empty warehouse that was once his domain.","romance_core, domestic_life","setting:warehouse, activity:exploring",False,"The keywords 'distance', 'role', 'warehouses', and 'recluse' suggest a scenario where one person takes on a new role in a previously familiar setting. The snippets confirm this, with phrases like 'it's very much hannaha's style' and 'this isna't what i woulda've created for myself' indicating a change in perspective and environment.",4.3,"Secrets, Misunderstandings & Hidden Information",Relationship Trajectory (Main Couple),8.1,Domestic Spaces & Routines,"Spaces, Time, Activities & Objects",medium,False,R7,Hero and heroine are physically or emotionally separated,,I,Initial Conflict & Isolation,False,medium,"The topic revolves around the heroine feeling like she's taking the hero's late wife's place, emphasizing her sense of displacement and separation from the hero. This aligns with R7, as it highlights the emotional and physical separation between the heroine and the hero."
366,"scowl, beeping, beeps, beeped, crews, frowning, galloped, spelling, bees, mango",27,"['scowl', 'beeping', 'beeps', 'beeped', 'crews', 'frowning', 'galloped', 'spelling', 'bees', 'mango', 'smoothie', 'avocado', 'bananas', 'emitted', 'crackers', 'gimme', 'midway', 'stings', 'filtered', 'cord', 'intervention', 'littlea', 'loafers', 'faster', 'headphones', 'mashed', 'meltdown']",Scowling At Beeps,"She scowls at the beeping sounds, her expression smooth like the avocado she's slicing for smoothies.","relationship_conflict, domestic_life","setting:kitchen, activity:scowling",False,"The top keywords 'scowl', 'beeping', and 'beeps' indicate a clear action and sound. The snippets confirm this action is performed by 'she', making the scene specific and relatable to a domestic setting, as hinted by 'avocado' and 'smoothie'.",4.4,"Conflict, Distance & Breakup Threats",Relationship Trajectory (Main Couple),8.1,Domestic Spaces & Routines,"Spaces, Time, Activities & Objects",medium,False,R2,Heroine reacts antagonistically to the hero,,I,Initial Conflict & Isolation,False,high,"The topic's representative snippets ('i scowl', 'i scowl, ""fucking saint.""') indicate the heroine's antagonistic response to the hero, fitting Radway's R2 function. The Stage 2 taxonomy group 'Conflict, Distance & Breakup Threats' further supports this interpretation."
367,"privacy, safer, protected, protect, invasion, protection, safety, safea, duty, secure",27,"['privacy', 'safer', 'protected', 'protect', 'invasion', 'protection', 'safety', 'safea', 'duty', 'secure', 'aina', 'youa', 'footprint', 'unwritten', 'humbly', 'identities', 'excusing', 'secreta', 'unharmed', 'crisply', 'violation', 'precautions', 'kidnappers', 'bachelorette', 'significantly', 'word', 'confidential']",Privacy Concerns Conversation,The couple discusses their privacy concerns in a quiet setting.,"romance_core, relationship_conflict","setting:quiet, activity:discussing",False,"The top keywords 'privacy', 'invasion', 'protection', and 'safety' indicate a focus on privacy concerns. The snippets show characters expressing their desire for privacy ('some privacy please?', 'i care about my privacy.') and discussing it ('ptlptl ""privacy.""'), supporting the label and categories chosen.",4.3,"Secrets, Misunderstandings & Hidden Information",Relationship Trajectory (Main Couple),,,,medium,False,R7,Hero and heroine are physically or emotionally separated,,I,Initial Conflict & Isolation,False,medium,"The topic's focus on privacy and secrecy suggests a desire for distance or separation, which is common in Phase I of the romance narrative arc. The heroine may be trying to keep the hero at arm's length or hide something from him, leading to physical or emotional separation."
