book_id,composite_key,pc1,pc2
104659050,A1_commitment_vows,3.3618676688338947,1.488272114200355
11266880,A1_commitment_vows,0.1557964411783986,0.2911105455917669
123257687,A1_commitment_vows,1.1017647855023145,0.5723629894275193
123446478,A1_commitment_vows,1.236989893241008,1.999033065653929
127305713,A1_commitment_vows,-0.7950948431596642,0.7822458815646227
149105520,A1_commitment_vows,-0.4375842889773492,-0.25219037038562314
15197,A1_commitment_vows,-0.22339986932632536,-1.3208562791111964
161913,A1_commitment_vows,-0.602872457271017,-0.4839978083089922
17561022,A1_commitment_vows,-1.5414429918406949,0.0269770265625329
1756703,A1_commitment_vows,0.531346631268463,-1.04818825270519
18692741,A1_commitment_vows,-0.702820748766975,0.23710993624941692
201413413,A1_commitment_vows,-0.10661577118183613,-0.835075316267823
20346544,A1_commitment_vows,-1.1883125764329197,0.1676545449454873
208153130,A1_commitment_vows,-0.35746553469581827,1.1577937919655306
21787,A1_commitment_vows,-0.6913746499905232,-0.7225760986584226
22609391,A1_commitment_vows,-0.871291519445407,-0.1279608222496915
22707536,A1_commitment_vows,-1.4037201861174615,0.8823277698374079
23518136,A1_commitment_vows,0.06385292561754084,0.5119348405699797
27394781,A1_commitment_vows,-0.5121190973832737,-0.19822247612323532
28675670,A1_commitment_vows,-0.13688985661153016,0.5445481308842754
28869598,A1_commitment_vows,-0.5511531776618313,-0.5302769164153711
28963772,A1_commitment_vows,-0.37568504272386205,-0.3508379865929465
29424551,A1_commitment_vows,-1.1216393686682513,0.08934570153756313
29939161,A1_commitment_vows,-0.42488237431639886,-0.9923314998959533
30291077,A1_commitment_vows,-0.7716676273059994,-0.05483359482085518
30618705,A1_commitment_vows,0.4046086767619481,-0.3835258849342016
30627346,A1_commitment_vows,-0.5062563197928656,-1.4265002673433704
306364,A1_commitment_vows,-0.055510035307664185,-0.18410224472487355
31276376,A1_commitment_vows,-0.5213277778607233,0.2992890346621685
31424202,A1_commitment_vows,0.06023016622475899,0.9600709506627817
31625455,A1_commitment_vows,0.14110179754962074,0.08742713173377364
32195234,A1_commitment_vows,-0.8695574435264313,1.1575761806983031
33743772,A1_commitment_vows,-0.04019031543155516,-0.0954023441953287
34272677,A1_commitment_vows,-1.5245277766997458,-0.5081269290799956
34322023,A1_commitment_vows,0.8238822481685837,0.4859570021437298
34438741,A1_commitment_vows,0.6560303511722071,1.9703319001239914
34812836,A1_commitment_vows,2.5999587003058777,-0.47228435475140546
35008850,A1_commitment_vows,0.8985631573494796,-1.5645858288636167
35053870,A1_commitment_vows,0.05071902880382521,-1.5117270985935243
35109856,A1_commitment_vows,-1.233252465928868,-0.7041477507792173
36429604,A1_commitment_vows,-0.11419780318872348,-1.4802951394660562
36437212,A1_commitment_vows,-1.933590460201825,0.79246408679864
36512901,A1_commitment_vows,1.9629411818501614,0.8130590365125461
36564103,A1_commitment_vows,0.6588199874900217,-1.23030208092706
36600859,A1_commitment_vows,0.02833269041044615,-1.1018074899484214
36662463,A1_commitment_vows,0.3892165946776822,-0.6603575658222348
40131614,A1_commitment_vows,-0.026108066864919902,-1.3297496564282423
4066312,A1_commitment_vows,0.5101531781534625,-0.2986539772807724
40727118,A1_commitment_vows,-0.606048117450402,0.12714907638426554
42427664,A1_commitment_vows,0.283582268856758,0.5447809656037945
43728457,A1_commitment_vows,-1.1826755735902472,-0.9357093352061597
44099084,A1_commitment_vows,1.8702260192969666,-1.87641461797683
44168447,A1_commitment_vows,-1.061110608415243,-0.7132937694682538
45156972,A1_commitment_vows,-1.0589640742139124,-0.3202876773115758
45857023,A1_commitment_vows,-1.280484705703895,0.24210108968230015
46142566,A1_commitment_vows,0.24268225885209738,0.06682991811081665
48572514,A1_commitment_vows,-0.34797113608189034,1.566462490372713
49571946,A1_commitment_vows,0.4766666302339844,-0.6566055461455885
51208558,A1_commitment_vows,-0.4948593821034926,-0.27083784711846975
51778361,A1_commitment_vows,0.17900783312062607,-0.8014096398706386
53490997,A1_commitment_vows,-0.3411474619018437,0.95586628162286
53491020,A1_commitment_vows,2.091485888215379,3.13119169782429
53491063,A1_commitment_vows,-1.3526269362044105,-0.8581969941982293
54474410,A1_commitment_vows,-0.0891552407828845,0.5095817685610555
55538972,A1_commitment_vows,-0.04028096001101019,-0.10734835716306028
55583305,A1_commitment_vows,-0.8150908087511736,-0.5494286235504938
55590890,A1_commitment_vows,-1.083931233553898,-0.03096547053161846
55738401,A1_commitment_vows,-0.2614891110122313,0.25957717506487094
55817097,A1_commitment_vows,-0.5898526665065849,2.549436958042734
55849103,A1_commitment_vows,-0.9165400357513105,-0.7567832195111653
56916467,A1_commitment_vows,3.0003615645092694,-1.1906719174960527
57200226,A1_commitment_vows,-0.8957842505621832,0.07889861012931437
57216633,A1_commitment_vows,-0.9339122341558675,0.5723115983445127
58013278,A1_commitment_vows,-0.8889230537582001,1.0978352671368234
58995736,A1_commitment_vows,-0.14537818322481977,0.008092430681252713
60217302,A1_commitment_vows,-0.4402162130440753,-0.180661973707816
60416566,A1_commitment_vows,-0.38942500585778556,0.13569864053922623
60576722,A1_commitment_vows,1.4086312218981556,-0.5218787615156604
60686882,A1_commitment_vows,0.15366871443669994,0.2945640934946187
60797616,A1_commitment_vows,-0.0635810673670126,-1.8561455957828807
60809640,A1_commitment_vows,-0.06382632065688802,-1.0127951943106515
61229235,A1_commitment_vows,0.7991239287490417,0.3376748431649089
61273778,A1_commitment_vows,-0.20077418894757143,-0.9178084520916937
62316382,A1_commitment_vows,4.904583705120775,-0.25421883624846814
62322599,A1_commitment_vows,-0.40354461246368795,0.23494579690949358
62626163,A1_commitment_vows,2.0611075582604936,-0.34949327555774107
63046139,A1_commitment_vows,-0.9335692103800861,2.53068666943304
63095160,A1_commitment_vows,3.187618152958871,-0.17652702789676886
63130875,A1_commitment_vows,1.510002635881316,0.8772091249007835
63830782,A1_commitment_vows,0.7409498460683333,-0.42364418306957774
75599070,A1_commitment_vows,-0.5240822830011196,3.1786966666058407
8686068,A1_commitment_vows,-1.5000792088842747,0.013559525467176673
104659050,A2_emotional_safety,-0.6871822824023475,0.8061408357087241
11266880,A2_emotional_safety,-0.15682710876498265,-1.5384724777363026
123257687,A2_emotional_safety,1.1651935785592202,-0.7910397587288791
123446478,A2_emotional_safety,1.3488610500493532,0.714074889446859
127305713,A2_emotional_safety,0.957491373171689,-1.785925521763735
149105520,A2_emotional_safety,2.109986249541243,-0.2039997459986354
15197,A2_emotional_safety,2.0340598671091374,0.15347480697752597
161913,A2_emotional_safety,-0.9400499888658258,-0.13396467536117923
17561022,A2_emotional_safety,-2.4618675498965734,-0.7628808960235539
1756703,A2_emotional_safety,0.7404159434647519,-0.9431564092256304
18692741,A2_emotional_safety,-2.668611598945366,-0.478483826536181
201413413,A2_emotional_safety,-3.6939985312963506,-1.11208791611352
20346544,A2_emotional_safety,-4.032109978586175,-0.6117899201976807
208153130,A2_emotional_safety,0.9231002512655078,1.308539020138747
21787,A2_emotional_safety,-2.4093426963644915,0.15002592479157476
22609391,A2_emotional_safety,-0.4834336930103696,0.10056550669737578
22707536,A2_emotional_safety,1.4278244992712184,-0.1646397472012057
23518136,A2_emotional_safety,-1.8981258666766943,-1.8723737721566764
27394781,A2_emotional_safety,-1.2641346766672865,-1.7362030136879287
28675670,A2_emotional_safety,1.029809316876716,0.7296245627765304
28869598,A2_emotional_safety,-1.0970397436025128,-1.2452389437382736
28963772,A2_emotional_safety,0.4126184705670708,-0.802784307993291
29424551,A2_emotional_safety,0.4350927901235399,-0.19063647967796518
29939161,A2_emotional_safety,3.1766319682288504,1.13710645866071
30291077,A2_emotional_safety,-1.4968933093093422,-0.9131601332343148
30618705,A2_emotional_safety,-2.163759475257116,-0.12325795216142846
30627346,A2_emotional_safety,-0.7206507511666674,0.009026114161741875
306364,A2_emotional_safety,0.5452239056650436,-0.9117512140455271
31276376,A2_emotional_safety,0.5693226926425331,-2.2260708620889176
31424202,A2_emotional_safety,0.05108985351534095,0.5524194880377427
31625455,A2_emotional_safety,-0.697448473656164,0.4026139602145041
32195234,A2_emotional_safety,-1.0323485251481916,1.6649641951225163
33743772,A2_emotional_safety,0.23900169301938315,0.4301754278631896
34272677,A2_emotional_safety,0.6889099230670367,0.6945153461471136
34322023,A2_emotional_safety,0.5264004475026318,0.41325819211739795
34438741,A2_emotional_safety,0.5464257728323483,1.0135578962818756
34812836,A2_emotional_safety,-0.06682284554248924,-1.2133489609961519
35008850,A2_emotional_safety,0.76648599985822,0.8344078554146346
35053870,A2_emotional_safety,1.318007228875236,-1.3502985748246876
35109856,A2_emotional_safety,0.4934881696386097,0.5582906493159029
36429604,A2_emotional_safety,-4.091567467283967,-0.7120149655019358
36437212,A2_emotional_safety,1.6874195435349815,0.23722324922526022
36512901,A2_emotional_safety,-3.361514969677591,1.1762126851354184
36564103,A2_emotional_safety,1.8166372722001014,0.015987322818592165
36600859,A2_emotional_safety,-1.1653274640283304,-1.6852764969628493
36662463,A2_emotional_safety,-0.22091999074557309,1.1011435289514424
40131614,A2_emotional_safety,2.8380686044491323,-0.244650957622199
4066312,A2_emotional_safety,1.6586283379072957,-0.08133786013131714
40727118,A2_emotional_safety,2.4022115661710886,-1.0913780974962153
42427664,A2_emotional_safety,1.2221747792979591,0.8111007339278469
43728457,A2_emotional_safety,-2.688624674287122,-0.8457855178153105
44099084,A2_emotional_safety,0.20636458400693827,0.14138539432815755
44168447,A2_emotional_safety,-1.5153768558410037,-2.25371468651196
45156972,A2_emotional_safety,1.2615197193688803,-0.4882461502647007
45857023,A2_emotional_safety,-2.0245478801961134,0.08210196829826558
46142566,A2_emotional_safety,-1.8387467818816825,0.1911160247250555
48572514,A2_emotional_safety,2.1967453958362397,-1.8007500652099127
49571946,A2_emotional_safety,1.2915904693717075,2.973855897434916
51208558,A2_emotional_safety,-2.6161594633640792,-0.5352635944066568
51778361,A2_emotional_safety,0.5339307204135428,0.7981225126839547
53490997,A2_emotional_safety,-2.5811912955481637,0.18646249094996317
53491020,A2_emotional_safety,-1.6930839627843095,-1.64153176035556
53491063,A2_emotional_safety,-2.4116850153386307,4.104790371780335
54474410,A2_emotional_safety,1.9911670077226824,0.43636041306054263
55538972,A2_emotional_safety,2.0019191328978785,0.573294196518399
55583305,A2_emotional_safety,2.6100648427543924,0.7928126538303729
55590890,A2_emotional_safety,2.730844163221335,0.5754627229054516
55738401,A2_emotional_safety,-0.5206925009041569,-0.09424225839193852
55817097,A2_emotional_safety,1.9288718147028616,-0.35884168193039084
55849103,A2_emotional_safety,1.8787568112483304,1.1428438657294075
56916467,A2_emotional_safety,0.9845281351278825,0.7456258660659008
57200226,A2_emotional_safety,0.2592923293215839,-0.36662329657943993
57216633,A2_emotional_safety,1.7552205969466015,-1.5844011406302825
58013278,A2_emotional_safety,-2.554949146899368,0.013227817415587944
58995736,A2_emotional_safety,0.9073247262403332,0.32767836365560643
60217302,A2_emotional_safety,3.3751493266671257,-0.7086778898572457
60416566,A2_emotional_safety,-1.4122319540358983,-0.30448248545300655
60576722,A2_emotional_safety,1.8121458195255586,1.3623891532906924
60686882,A2_emotional_safety,1.1543067462353571,-1.2455313710458815
60797616,A2_emotional_safety,-0.5278648841496916,0.10003236316956055
60809640,A2_emotional_safety,0.9965730492064592,0.2480302590399853
61229235,A2_emotional_safety,0.9898414937442808,0.022237601949133042
61273778,A2_emotional_safety,0.7293148901921122,0.19409257253368806
62316382,A2_emotional_safety,-2.0644182840447116,-1.0791020187479554
62322599,A2_emotional_safety,-0.2657801643804612,0.8843578920961177
62626163,A2_emotional_safety,0.5144434200364288,0.16472286914625858
63046139,A2_emotional_safety,-0.23787262037028115,0.45647816337618125
63095160,A2_emotional_safety,-0.8464422836716028,0.5443921295279898
63130875,A2_emotional_safety,1.3821419315200658,-0.36867420781051313
63830782,A2_emotional_safety,0.7377723212787534,0.023749514561770123
75599070,A2_emotional_safety,-2.9931156478530703,7.112998466374957
8686068,A2_emotional_safety,-1.7576501935478217,-0.6109785821645322
104659050,A3_everyday_tenderness,0.1735184453113405,-0.6427414644163724
11266880,A3_everyday_tenderness,0.6285539652183996,-0.06120743336271889
123257687,A3_everyday_tenderness,-0.8259400115585743,-0.33651466716156525
123446478,A3_everyday_tenderness,-0.18804485179821265,-0.1275448035752099
127305713,A3_everyday_tenderness,-0.3981295331501522,0.007035450615216286
149105520,A3_everyday_tenderness,-0.9371270197288194,-0.44926055214831906
15197,A3_everyday_tenderness,-0.24212621850731786,-0.3269804174741906
161913,A3_everyday_tenderness,1.4120254391222515,-0.5872566376020639
17561022,A3_everyday_tenderness,1.4304091757898987,-0.11787499695844292
1756703,A3_everyday_tenderness,-0.4723479732128774,1.8502998398249302
18692741,A3_everyday_tenderness,2.267592995460608,0.26688822724761
201413413,A3_everyday_tenderness,0.9930417248502145,-0.4905192720664536
20346544,A3_everyday_tenderness,1.7305813564558794,-0.06221795870220722
208153130,A3_everyday_tenderness,-0.2548459748508591,-0.4853013063999019
21787,A3_everyday_tenderness,2.666062495479087,0.33714975022993837
22609391,A3_everyday_tenderness,-0.09060944445244105,-0.24297108118641894
22707536,A3_everyday_tenderness,-0.7936579539417787,-0.7709757879725216
23518136,A3_everyday_tenderness,2.0160410336652923,-0.042881428007970575
27394781,A3_everyday_tenderness,0.6307470558838968,-0.5265041993994514
28675670,A3_everyday_tenderness,-0.10039437316893811,0.13508347817654284
28869598,A3_everyday_tenderness,0.750371825651326,0.7245855003116679
28963772,A3_everyday_tenderness,-0.3419909534600254,-0.043543279502221775
29424551,A3_everyday_tenderness,-0.8986546940838206,-0.2702298804234796
29939161,A3_everyday_tenderness,-0.9411740725390151,-0.46067143991116155
30291077,A3_everyday_tenderness,1.0864884641896237,-0.22388981957972648
30618705,A3_everyday_tenderness,2.2493820290979865,0.4185924529649349
30627346,A3_everyday_tenderness,1.0889664218517663,0.34201858624580705
306364,A3_everyday_tenderness,-0.7123530343655312,-0.11609774639461633
31276376,A3_everyday_tenderness,-0.9529795475065891,-0.07270205690260223
31424202,A3_everyday_tenderness,-0.3283057951959859,-0.6369492338466578
31625455,A3_everyday_tenderness,0.10316493470455759,0.12264417865835137
32195234,A3_everyday_tenderness,-1.173638443227784,2.6619480188887663
33743772,A3_everyday_tenderness,-0.15330847760141703,-0.6399992087481033
34272677,A3_everyday_tenderness,0.37371302321780125,0.167945041474807
34322023,A3_everyday_tenderness,-0.06350775648123395,-0.30703479305947345
34438741,A3_everyday_tenderness,-0.4013872109352462,-0.2682776562877758
34812836,A3_everyday_tenderness,-1.2679511224542745,-1.4856890572723824
35008850,A3_everyday_tenderness,-0.19694390175250304,-0.29080042934993067
35053870,A3_everyday_tenderness,-0.47781712576788987,0.13371153172975037
35109856,A3_everyday_tenderness,-0.5805581906575269,-0.6586701489898159
36429604,A3_everyday_tenderness,0.40922557108783175,0.5716513929580674
36437212,A3_everyday_tenderness,-3.3374580817034674,-2.9236668679050184
36512901,A3_everyday_tenderness,1.29952971186544,-0.6022988260825243
36564103,A3_everyday_tenderness,-1.0637060394108886,1.0716732735919159
36600859,A3_everyday_tenderness,-0.11260083013365177,-1.0779998803455633
36662463,A3_everyday_tenderness,0.9311717339140089,3.6406008168462383
40131614,A3_everyday_tenderness,-0.40869217531885516,0.09151991176813357
4066312,A3_everyday_tenderness,-0.3369839499653735,-0.17700373296254565
40727118,A3_everyday_tenderness,-0.3960302369662699,1.9849594247872824
42427664,A3_everyday_tenderness,-0.526006676684633,-0.45278789146265613
43728457,A3_everyday_tenderness,2.295474248458708,0.37376886472314846
44099084,A3_everyday_tenderness,0.07227231251417066,-0.2542261936555555
44168447,A3_everyday_tenderness,0.9391022181323969,0.11941228559560939
45156972,A3_everyday_tenderness,-0.47435327423304013,-0.37030332828499013
45857023,A3_everyday_tenderness,1.8044679069363074,0.16050005735864392
46142566,A3_everyday_tenderness,1.4489743657095915,-0.843269443710368
48572514,A3_everyday_tenderness,-1.4517080869789518,0.9749120731344367
49571946,A3_everyday_tenderness,0.1232351439826922,1.0196680206888586
51208558,A3_everyday_tenderness,2.3771993103577778,0.7138963003774379
51778361,A3_everyday_tenderness,-1.2263813403823132,-0.2582207548129489
53490997,A3_everyday_tenderness,2.155821785638587,-0.10225901307457125
53491020,A3_everyday_tenderness,1.4230452030672758,-0.17649189566346185
53491063,A3_everyday_tenderness,1.328010638781292,0.14463119767918636
54474410,A3_everyday_tenderness,-0.6493238308233017,-0.9006158558159656
55538972,A3_everyday_tenderness,-1.2467424875440392,-1.1857080857120021
55583305,A3_everyday_tenderness,-0.33625070756332587,2.9214692304592145
55590890,A3_everyday_tenderness,-0.3561791730130222,-0.4726933280356041
55738401,A3_everyday_tenderness,-0.22518324548726623,-0.06772057165390837
55817097,A3_everyday_tenderness,-0.24097879686788012,0.35015987236046187
55849103,A3_everyday_tenderness,-0.9354770334768224,-0.503382793358275
56916467,A3_everyday_tenderness,-0.2505660159422921,-0.004983028239412955
57200226,A3_everyday_tenderness,-0.6722491825500633,-0.333531135300988
57216633,A3_everyday_tenderness,0.3821613978813437,0.8459263155833597
58013278,A3_everyday_tenderness,0.9918283084379753,0.0463221894718573
58995736,A3_everyday_tenderness,-0.8302537537386337,-0.5766152145886019
60217302,A3_everyday_tenderness,-0.48485965487674737,-0.13796460824207635
60416566,A3_everyday_tenderness,-0.9120956079116418,0.8196888185839232
60576722,A3_everyday_tenderness,-1.0407251741276307,-1.0325366836806342
60686882,A3_everyday_tenderness,-0.580578175757556,-0.14468671598956126
60797616,A3_everyday_tenderness,-3.845530857604172,5.383806272375707
60809640,A3_everyday_tenderness,-0.3233038810474441,0.023013643275003878
61229235,A3_everyday_tenderness,0.043325794852853004,0.2155935100632596
61273778,A3_everyday_tenderness,-0.19578132732320924,-0.23950095881865033
62316382,A3_everyday_tenderness,0.17152658195623346,-0.4085801663634433
62322599,A3_everyday_tenderness,0.03393295893794484,-0.1909895189129843
62626163,A3_everyday_tenderness,-0.3812568181081772,-0.35624318918164344
63046139,A3_everyday_tenderness,-1.6993403605456066,-0.7084677324026513
63095160,A3_everyday_tenderness,0.17362899946847585,-0.3807440006140996
63130875,A3_everyday_tenderness,0.19122859763391678,-0.18230494412529644
63830782,A3_everyday_tenderness,-1.2913365088639286,-1.2642692182533188
75599070,A3_everyday_tenderness,1.341869770578486,-0.2571565405066935
8686068,A3_everyday_tenderness,-0.9119659807942213,-1.3085466535922998
104659050,B1_attraction_chemistry,-0.7856083329649415,3.9373063442431615
11266880,B1_attraction_chemistry,1.783200938620383,-1.4225351080143143
123257687,B1_attraction_chemistry,0.3740544265353165,-0.9581356270018323
123446478,B1_attraction_chemistry,-0.4242943977338431,0.3200707923916841
127305713,B1_attraction_chemistry,0.963866073137277,-1.4707951037835152
149105520,B1_attraction_chemistry,5.487058727898502,-0.7157639506726268
15197,B1_attraction_chemistry,0.9799589492680973,1.6310350900050088
161913,B1_attraction_chemistry,-3.9686145426100494,-0.838105984181369
17561022,B1_attraction_chemistry,-3.9471145139500927,-0.076833413232038
1756703,B1_attraction_chemistry,2.171850782807332,-1.6858903518820967
18692741,B1_attraction_chemistry,-3.9551743572356797,-0.1713738634739983
201413413,B1_attraction_chemistry,-3.788125644792166,-1.2004431527715982
20346544,B1_attraction_chemistry,-4.686153705783523,-1.4950731026762338
208153130,B1_attraction_chemistry,2.9145724872139445,3.766846123421269
21787,B1_attraction_chemistry,-4.471186334338329,-0.36119346312730705
22609391,B1_attraction_chemistry,-0.8745765231129549,-1.031647408568043
22707536,B1_attraction_chemistry,4.226166729244564,-0.9964275450432855
23518136,B1_attraction_chemistry,-4.465018984214502,-1.7462743477395033
27394781,B1_attraction_chemistry,-3.872172912549329,-0.2342379163212795
28675670,B1_attraction_chemistry,1.325426380247093,0.11601528203548132
28869598,B1_attraction_chemistry,-2.254952608663332,-1.9112693053156675
28963772,B1_attraction_chemistry,0.8218747795400984,-0.9102837143140518
29424551,B1_attraction_chemistry,0.018783084837656453,-0.4982296526253398
29939161,B1_attraction_chemistry,5.25071686273811,-2.2846042937548354
30291077,B1_attraction_chemistry,-3.7535203083385444,-0.4943607499292978
30618705,B1_attraction_chemistry,-3.8861957426168305,-0.22796264424886883
30627346,B1_attraction_chemistry,-2.6688269880831044,-1.6661378344513365
306364,B1_attraction_chemistry,2.5374154781245606,-2.0481815033837023
31276376,B1_attraction_chemistry,-0.9910408370021982,0.22134008704262503
31424202,B1_attraction_chemistry,1.5190562668207515,1.7978830871103717
31625455,B1_attraction_chemistry,-1.0799845848920655,-0.11424272004881117
32195234,B1_attraction_chemistry,0.40363012587879105,2.289001369512652
33743772,B1_attraction_chemistry,-5.04520060606065e-05,-0.13471189400995068
34272677,B1_attraction_chemistry,10.002751630169369,-1.1286820369504147
34322023,B1_attraction_chemistry,-1.263769446917592,-1.3520177862804452
34438741,B1_attraction_chemistry,2.727124904633984,4.065319734610776
34812836,B1_attraction_chemistry,-0.5867829059226475,-1.1831500092565383
35008850,B1_attraction_chemistry,1.6737490378718276,0.8464971471239393
35053870,B1_attraction_chemistry,0.9955820651259852,-1.3071362015240504
35109856,B1_attraction_chemistry,-1.064333277212379,-1.136997048341964
36429604,B1_attraction_chemistry,-3.4341962975673908,-4.003839045163657
36437212,B1_attraction_chemistry,4.268545736909951,-0.5555044587191318
36512901,B1_attraction_chemistry,-4.385523042031158,-1.221329649771455
36564103,B1_attraction_chemistry,4.956910552688591,-0.6319169009162395
36600859,B1_attraction_chemistry,-3.7855960614731363,-1.0141201242051652
36662463,B1_attraction_chemistry,-4.593443267518136,2.381767045989552
40131614,B1_attraction_chemistry,4.761201495145446,-0.38325137904821255
4066312,B1_attraction_chemistry,2.227728299897421,-2.132601419891163
40727118,B1_attraction_chemistry,0.3642390206206547,-1.5722414967773488
42427664,B1_attraction_chemistry,3.4260016081895626,-1.9350918889714934
43728457,B1_attraction_chemistry,-4.539316462656713,-0.40335648143640007
44099084,B1_attraction_chemistry,-0.8968963451218304,1.3514703467873062
44168447,B1_attraction_chemistry,-3.8817368211988565,-0.5866658071504215
45156972,B1_attraction_chemistry,4.4350887053224275,-1.8058001660722713
45857023,B1_attraction_chemistry,-3.720885558885939,0.23110715071623658
46142566,B1_attraction_chemistry,-4.4936797739336996,1.6850815383614333
48572514,B1_attraction_chemistry,-0.7636122235895286,-1.3905697684815643
49571946,B1_attraction_chemistry,5.006447561114535,0.0910359182713557
51208558,B1_attraction_chemistry,-4.911625954491909,1.4077133585763562
51778361,B1_attraction_chemistry,2.0227858241055787,0.05240673427280471
53490997,B1_attraction_chemistry,-3.488476442759253,-0.6295793819959057
53491020,B1_attraction_chemistry,-3.367263483010519,-2.078791958066491
53491063,B1_attraction_chemistry,-0.5363366516155234,6.748861070012778
54474410,B1_attraction_chemistry,2.2612756789744033,4.164243471706014
55538972,B1_attraction_chemistry,1.5541370126161251,0.004634426771542934
55583305,B1_attraction_chemistry,2.1274070915278993,-0.6659256344556511
55590890,B1_attraction_chemistry,1.452196095325402,-0.3099335861070654
55738401,B1_attraction_chemistry,-0.13314213448381967,1.9880223284588119
55817097,B1_attraction_chemistry,1.1319556595619842,-0.866221531386037
55849103,B1_attraction_chemistry,1.0788728404485093,-0.04247487432323587
56916467,B1_attraction_chemistry,-0.3610060857473165,0.6150695588668326
57200226,B1_attraction_chemistry,3.860830547665812,-1.4930437472754838
57216633,B1_attraction_chemistry,-0.8931060871359172,-0.6829167380786457
58013278,B1_attraction_chemistry,2.004028000904062,6.673420606681469
58995736,B1_attraction_chemistry,-1.1050323101158204,-0.4802059124237658
60217302,B1_attraction_chemistry,0.6179779449309145,-0.7088176612362578
60416566,B1_attraction_chemistry,3.409202335292961,-0.14967885418492677
60576722,B1_attraction_chemistry,0.048090179390169505,1.712821809106302
60686882,B1_attraction_chemistry,-0.8601167714405136,-0.49598114846685587
60797616,B1_attraction_chemistry,-0.9274041150756683,1.4976333585219035
60809640,B1_attraction_chemistry,1.1883671443802162,-0.5317810089723293
61229235,B1_attraction_chemistry,0.38807826600509576,-1.201106383468227
61273778,B1_attraction_chemistry,0.4925021874286343,-0.13728504163318003
62316382,B1_attraction_chemistry,-3.185485366751294,1.8722451992856726
62322599,B1_attraction_chemistry,0.9587293524031155,2.023558244377282
62626163,B1_attraction_chemistry,0.2551156372856889,0.22807720241191956
63046139,B1_attraction_chemistry,3.880904194575549,-3.107532936373926
63095160,B1_attraction_chemistry,-0.682409325052822,3.9648658476385843
63130875,B1_attraction_chemistry,-1.4711679468847525,-0.11640934247849336
63830782,B1_attraction_chemistry,1.868668896892334,-1.3755767402645027
75599070,B1_attraction_chemistry,2.0705205299249663,2.981619321948778
8686068,B1_attraction_chemistry,0.9103077992400342,2.8452792044599153
104659050,B2_emotional_intimacy,0.08036609251835597,-0.12193701221761663
11266880,B2_emotional_intimacy,-0.4379820786637029,0.036787466613678474
123257687,B2_emotional_intimacy,1.0803400061027375,0.09213248591592724
123446478,B2_emotional_intimacy,0.05432239825122582,-0.18129822075721455
127305713,B2_emotional_intimacy,-0.15556268871960247,0.12712377111802461
149105520,B2_emotional_intimacy,0.9325237825050711,0.34781745473688086
15197,B2_emotional_intimacy,0.6243931353365741,0.17978328715830322
161913,B2_emotional_intimacy,-0.9777779995463807,-0.415464593783933
17561022,B2_emotional_intimacy,-1.7457998115385431,-0.05682027623256866
1756703,B2_emotional_intimacy,-0.547876489903627,0.08618579023555928
18692741,B2_emotional_intimacy,-2.354520250732631,-0.060120841227309874
201413413,B2_emotional_intimacy,-1.8707500933368912,-0.6535906436515948
20346544,B2_emotional_intimacy,-1.8933468913768017,0.07164201037757463
208153130,B2_emotional_intimacy,0.5604134863661319,-0.4428054382422198
21787,B2_emotional_intimacy,-1.2428541832395872,0.223560386218254
22609391,B2_emotional_intimacy,-0.28950702710536574,0.20591210461883896
22707536,B2_emotional_intimacy,1.1798300058326656,-0.4638128340572769
23518136,B2_emotional_intimacy,-1.4406390653021008,0.022399365858459218
27394781,B2_emotional_intimacy,-0.8898352213335626,-0.20266419710829317
28675670,B2_emotional_intimacy,0.5604348807402497,0.3950102472712821
28869598,B2_emotional_intimacy,-0.47400440531483207,1.0565504342982934
28963772,B2_emotional_intimacy,-0.03352360706110606,-0.12557553120307632
29424551,B2_emotional_intimacy,1.6359336862549183,0.9287778977871357
29939161,B2_emotional_intimacy,1.3167513129756345,-0.05915492063514388
30291077,B2_emotional_intimacy,-0.6815681247026081,0.523357000786584
30618705,B2_emotional_intimacy,-2.2863563227164456,0.36249171864322116
30627346,B2_emotional_intimacy,-1.603168891491743,0.2108057463391626
306364,B2_emotional_intimacy,0.18398051011747021,-0.196439468964375
31276376,B2_emotional_intimacy,0.08921257309430333,-0.23335904555341408
31424202,B2_emotional_intimacy,0.11413440417497613,-0.34533916092142075
31625455,B2_emotional_intimacy,-0.08063154248759913,0.30729416703261814
32195234,B2_emotional_intimacy,0.015846405940198587,-0.9599891303005298
33743772,B2_emotional_intimacy,0.44163900060617517,-0.024439201232904287
34272677,B2_emotional_intimacy,-0.9547832899500422,0.5253685140787686
34322023,B2_emotional_intimacy,0.03882801591435336,-0.014068146563945118
34438741,B2_emotional_intimacy,0.8058816057296457,-0.09854084043922838
34812836,B2_emotional_intimacy,1.5237405648170403,-0.4762701562919448
35008850,B2_emotional_intimacy,0.7116490858498099,-0.4258220636929707
35053870,B2_emotional_intimacy,-0.3946463383873297,0.13370735459711167
35109856,B2_emotional_intimacy,0.7666391624383493,-0.2878791017052544
36429604,B2_emotional_intimacy,-1.6204321266238486,-0.42981988624672357
36437212,B2_emotional_intimacy,3.9894184197041094,-2.32908351472466
36512901,B2_emotional_intimacy,-1.5333278508005914,-0.5053958699393526
36564103,B2_emotional_intimacy,0.5286267792363886,-0.25149681202791896
36600859,B2_emotional_intimacy,-0.8075188491498858,-0.9347719483378111
36662463,B2_emotional_intimacy,-0.9418981290952317,0.18051851554202497
40131614,B2_emotional_intimacy,1.2279436415999279,-0.3493879793407666
4066312,B2_emotional_intimacy,0.3385039104721856,0.09638834477358162
40727118,B2_emotional_intimacy,-0.02545286517198689,0.5048473078463094
42427664,B2_emotional_intimacy,0.6821040522368296,0.2472503214047065
43728457,B2_emotional_intimacy,-1.6066813911789664,0.24835574679245465
44099084,B2_emotional_intimacy,0.5620724310758506,0.006121234927321569
44168447,B2_emotional_intimacy,-1.3812597122435413,-0.09604876981196513
45156972,B2_emotional_intimacy,0.31339188734664714,-0.6094565905346336
45857023,B2_emotional_intimacy,-1.202774435142693,0.3783808276394105
46142566,B2_emotional_intimacy,-1.0732886656813427,-0.7334000404224047
48572514,B2_emotional_intimacy,0.6355497927307253,0.15491352976146264
49571946,B2_emotional_intimacy,0.03625669716829926,-0.09260767078792485
51208558,B2_emotional_intimacy,-1.58699229515934,0.3336401332671739
51778361,B2_emotional_intimacy,3.7596835141944425,-1.6090201588679065
53490997,B2_emotional_intimacy,-1.1858761674366938,0.020688034398767072
53491020,B2_emotional_intimacy,-1.3593534558195508,-0.08167534453717917
53491063,B2_emotional_intimacy,-2.591884110771829,-0.8816234658768516
54474410,B2_emotional_intimacy,1.707441237030774,-0.6210038379769476
55538972,B2_emotional_intimacy,1.7868661841517908,-0.4227250405639884
55583305,B2_emotional_intimacy,1.0695066349716615,-0.25283455684926864
55590890,B2_emotional_intimacy,1.6621405577365904,-0.1950640607314699
55738401,B2_emotional_intimacy,-0.10177555301119012,-0.43554656095486727
55817097,B2_emotional_intimacy,0.7504468709020928,0.49730861192012166
55849103,B2_emotional_intimacy,2.5687757150513915,0.4489473583921761
56916467,B2_emotional_intimacy,0.2429465180803616,-0.013439037222701991
57200226,B2_emotional_intimacy,0.46118040793473797,-0.4506707958842871
57216633,B2_emotional_intimacy,-0.0041231161859766555,0.4772842559442602
58013278,B2_emotional_intimacy,-1.4698401425284984,0.051005055654778246
58995736,B2_emotional_intimacy,0.7887998143501272,0.20474674361272152
60217302,B2_emotional_intimacy,1.6734170115235596,-0.09912008945812258
60416566,B2_emotional_intimacy,-0.2945903215518045,1.7035175762511114
60576722,B2_emotional_intimacy,1.2446542962134237,-0.8543974757434426
60686882,B2_emotional_intimacy,0.36131239167606927,0.6860767912932402
60797616,B2_emotional_intimacy,1.1382734973217474,8.23786436934396
60809640,B2_emotional_intimacy,-0.4724699186626396,-0.36863782968938436
61229235,B2_emotional_intimacy,0.3239035773447251,0.19236230187962347
61273778,B2_emotional_intimacy,-0.510498004565121,-0.15708929178194922
62316382,B2_emotional_intimacy,-1.3285511743329894,-0.5357253744591557
62322599,B2_emotional_intimacy,-0.7306706365895255,-0.2212835438778305
62626163,B2_emotional_intimacy,0.1609763328299412,-0.08341018137876297
63046139,B2_emotional_intimacy,2.6809416401056363,1.2091206443741143
63095160,B2_emotional_intimacy,-0.6267238937241956,0.07917281111607061
63130875,B2_emotional_intimacy,-0.4390195870501058,0.1725738883431143
63830782,B2_emotional_intimacy,1.2784828845858909,-0.44958220756919604
75599070,B2_emotional_intimacy,-2.5011864227115375,-1.287505530080288
8686068,B2_emotional_intimacy,1.0608463349577733,-0.7705773177041859
104659050,C_explicit_eroticism,0.18086876508416147,1.6326698011693268
11266880,C_explicit_eroticism,-1.6765169836583367,-1.2436384033732084
123257687,C_explicit_eroticism,-0.7274284830600132,-1.0022710194186315
123446478,C_explicit_eroticism,-0.30588821574447733,0.4747857514926371
127305713,C_explicit_eroticism,-0.7679690245814563,-0.614506728563661
149105520,C_explicit_eroticism,-2.4721547335373666,0.07179043174100105
15197,C_explicit_eroticism,0.12655488671471649,2.505998070772353
161913,C_explicit_eroticism,2.508366832026916,-0.9930895580915613
17561022,C_explicit_eroticism,4.08181739180769,-0.2792726895588698
1756703,C_explicit_eroticism,-1.7858565957839279,-0.6261821995172463
18692741,C_explicit_eroticism,3.5724869634341676,-0.4965401131314811
201413413,C_explicit_eroticism,3.2981821839961802,-0.8228459488545619
20346544,C_explicit_eroticism,4.3392892490546355,-0.4812753531304617
208153130,C_explicit_eroticism,-1.461211301691595,1.3695932274185536
21787,C_explicit_eroticism,5.230886753136345,0.2952442732236113
22609391,C_explicit_eroticism,0.09711749718156976,-0.2945971533425796
22707536,C_explicit_eroticism,-5.964212885462081,1.653713677620281
23518136,C_explicit_eroticism,4.056631503640584,-0.4481152171301308
27394781,C_explicit_eroticism,4.013321089456137,-1.4967983546709354
28675670,C_explicit_eroticism,-2.112973525781665,-0.7578956548392415
28869598,C_explicit_eroticism,1.6622460302975937,-1.8119933712041723
28963772,C_explicit_eroticism,-1.8758531077905327,-1.041956464459589
29424551,C_explicit_eroticism,-1.0163085434565018,-0.32714816706790484
29939161,C_explicit_eroticism,-2.2656631313363396,-0.401125592526942
30291077,C_explicit_eroticism,3.3112032894373886,-0.4882424708733786
30618705,C_explicit_eroticism,3.8142754586017524,-0.1885538561921858
30627346,C_explicit_eroticism,2.557793807775196,-1.0947956253965438
306364,C_explicit_eroticism,-0.6792803143723556,-0.49207399465291896
31276376,C_explicit_eroticism,-0.8704805906732925,-1.2652881342713536
31424202,C_explicit_eroticism,-2.394613700540406,3.2817206364964946
31625455,C_explicit_eroticism,-0.579383051209679,-0.5262206246214859
32195234,C_explicit_eroticism,-0.04491275988210951,4.510746211865122
33743772,C_explicit_eroticism,-0.9449722365757768,-0.40145132381727516
34272677,C_explicit_eroticism,-5.552204843697295,3.4347856936407513
34322023,C_explicit_eroticism,0.38960653047551475,-0.20128675356478543
34438741,C_explicit_eroticism,-1.3554659067035502,1.6572932167099206
34812836,C_explicit_eroticism,-0.1743371002071669,-0.09268898643116036
35008850,C_explicit_eroticism,-0.6540366776151605,-0.03678448037076545
35053870,C_explicit_eroticism,-0.35128616332716023,-0.7989139532637862
35109856,C_explicit_eroticism,-0.7302164345927576,-0.7476440549186038
36429604,C_explicit_eroticism,2.295515954457146,-1.6122710978127615
36437212,C_explicit_eroticism,-5.089310547876886,-0.5161648631793988
36512901,C_explicit_eroticism,4.322589973961646,0.6678597692419255
36564103,C_explicit_eroticism,-2.371773674886563,-1.56603822500699
36600859,C_explicit_eroticism,2.9514827430912476,-0.5863440327778435
36662463,C_explicit_eroticism,3.927443800479225,0.4855338550011336
40131614,C_explicit_eroticism,-2.5776166250414727,0.15988100016854168
4066312,C_explicit_eroticism,-0.7512440612882708,-0.2602984555902063
40727118,C_explicit_eroticism,-0.9156461201208677,-0.6744032187207275
42427664,C_explicit_eroticism,-1.5686182228094623,-0.7293544496456853
43728457,C_explicit_eroticism,3.735680459537485,-0.6804394036655121
44099084,C_explicit_eroticism,-0.16751364736122445,-0.6086377949207264
44168447,C_explicit_eroticism,3.9462258463831277,0.2051437632403488
45156972,C_explicit_eroticism,-2.0665198388701786,-1.1334703790858849
45857023,C_explicit_eroticism,3.7297042615206397,-0.059175811624476445
46142566,C_explicit_eroticism,3.4781772249472795,-0.6528339355350102
48572514,C_explicit_eroticism,-0.2078457615786201,-1.2882190583077093
49571946,C_explicit_eroticism,-2.69235765348718,0.3816532802880875
51208558,C_explicit_eroticism,3.3940448636066174,-0.4073135279037886
51778361,C_explicit_eroticism,-1.455338107467998,1.130242734000188
53490997,C_explicit_eroticism,3.370469810907598,-1.1416559541461637
53491020,C_explicit_eroticism,3.202105585380062,-0.6918518344242967
53491063,C_explicit_eroticism,0.7187929092061333,4.661844688032003
54474410,C_explicit_eroticism,-1.4179604329433426,0.821184034330637
55538972,C_explicit_eroticism,-0.17371186833037064,-0.5198827904467964
55583305,C_explicit_eroticism,-0.8756552504947385,0.43379317175595233
55590890,C_explicit_eroticism,-0.8340859492403737,0.5893162811877876
55738401,C_explicit_eroticism,-0.13907455794418422,1.467304341622745
55817097,C_explicit_eroticism,-1.8870150881499401,-1.2412764505668479
55849103,C_explicit_eroticism,-1.9704277690006584,-0.8282900114147485
56916467,C_explicit_eroticism,-0.16129485950602002,-0.6548621907057747
57200226,C_explicit_eroticism,-1.6198486558459921,-0.8362123105994269
57216633,C_explicit_eroticism,-2.608358981850461,-1.3921214979493546
58013278,C_explicit_eroticism,1.0064080057318872,3.542809785629763
58995736,C_explicit_eroticism,-1.0212330265721663,-1.2635797007832292
60217302,C_explicit_eroticism,-1.370459186859982,-1.1349760828989177
60416566,C_explicit_eroticism,-3.046924771038021,-0.14290143974333022
60576722,C_explicit_eroticism,-0.24097573744770204,-0.5998029310265459
60686882,C_explicit_eroticism,0.2629673941714665,-0.8999827789459308
60797616,C_explicit_eroticism,-1.129318332763131,-0.25293108899882255
60809640,C_explicit_eroticism,-1.4940326506382224,-0.9407893918927805
61229235,C_explicit_eroticism,-0.7530995544395603,-0.431944998865288
61273778,C_explicit_eroticism,-1.8129515784806736,-1.5687501062175468
62316382,C_explicit_eroticism,2.0624538212863213,1.7645380785110834
62322599,C_explicit_eroticism,-0.5960604208668958,1.6105798398494253
62626163,C_explicit_eroticism,-1.229788791451395,-0.13719208867754545
63046139,C_explicit_eroticism,-6.282244579584031,-3.015786246100459
63095160,C_explicit_eroticism,0.657789599633033,2.2033936967698735
63130875,C_explicit_eroticism,0.4407197920543445,1.0997445365598688
63830782,C_explicit_eroticism,-2.2519640669817025,-1.234336777298396
75599070,C_explicit_eroticism,1.5991214046918156,2.547305683769097
8686068,C_explicit_eroticism,1.2011549993316728,4.516817640625839
104659050,D_power_wealth_luxury,-0.263168378667768,2.274184790427254
11266880,D_power_wealth_luxury,-0.3385483863592777,-0.9106599576800611
123257687,D_power_wealth_luxury,2.2496988769799984,-1.3087819372374017
123446478,D_power_wealth_luxury,0.41071249126148424,1.2819830473599156
127305713,D_power_wealth_luxury,2.586834571827374,-1.1949437983093083
149105520,D_power_wealth_luxury,0.6437076962731905,-1.5588517881684485
15197,D_power_wealth_luxury,0.3176211109226385,-0.20107141627715208
161913,D_power_wealth_luxury,-1.1593039062484012,1.9546375809608276
17561022,D_power_wealth_luxury,-2.7197759405940087,0.4513223520457144
1756703,D_power_wealth_luxury,1.5522361578868455,-2.710698424181665
18692741,D_power_wealth_luxury,-1.608709997047767,0.49462692963652577
201413413,D_power_wealth_luxury,-3.373330916650264,0.026113759725980765
20346544,D_power_wealth_luxury,-3.5944020844473767,1.315981868573626
208153130,D_power_wealth_luxury,-0.9022176691335805,-1.568460943782872
21787,D_power_wealth_luxury,-2.021057855391361,1.2994929564901836
22609391,D_power_wealth_luxury,0.3753848461908304,-1.4874464193599999
22707536,D_power_wealth_luxury,-0.4086681811558698,-1.5935910711074488
23518136,D_power_wealth_luxury,-1.9801799846093062,1.7512301566210797
27394781,D_power_wealth_luxury,-1.6581798287526432,2.924372276940286
28675670,D_power_wealth_luxury,0.7660172904672831,-0.427878227791564
28869598,D_power_wealth_luxury,-1.6911886861345629,-0.6495785239900227
28963772,D_power_wealth_luxury,1.1981132756693411,-1.4237287562693481
29424551,D_power_wealth_luxury,0.06811630841361102,0.8252698523686626
29939161,D_power_wealth_luxury,1.3245350524128723,-3.7176158150767904
30291077,D_power_wealth_luxury,-1.6803511887997076,0.24310582395231584
30618705,D_power_wealth_luxury,0.41712816058923935,0.8532882882627032
30627346,D_power_wealth_luxury,-0.27260081635360783,0.3763470563025922
306364,D_power_wealth_luxury,3.623327796036963,-1.5486971741170754
31276376,D_power_wealth_luxury,1.868410131321226,1.9553496352164577
31424202,D_power_wealth_luxury,1.4398896994844468,0.19676313813212168
31625455,D_power_wealth_luxury,1.0540340221156375,0.12253912354914173
32195234,D_power_wealth_luxury,-1.2826156958194945,1.1445696195647896
33743772,D_power_wealth_luxury,-0.9228316693964634,0.3688228276716629
34272677,D_power_wealth_luxury,1.4994253079602864,0.4078523551647644
34322023,D_power_wealth_luxury,-0.16734334941678117,-1.0857794146380428
34438741,D_power_wealth_luxury,-1.4752067928901087,-0.49141841438738776
34812836,D_power_wealth_luxury,-0.14395851463398618,-0.31053921101851334
35008850,D_power_wealth_luxury,1.8349899399915865,-0.9331344532138106
35053870,D_power_wealth_luxury,-0.303946930752636,-0.41826307462743534
35109856,D_power_wealth_luxury,-0.7198246917923627,-1.8771930972664692
36429604,D_power_wealth_luxury,-0.7598649414868798,-1.4188272381054856
36437212,D_power_wealth_luxury,-0.5819445687483967,-3.1062432404037907
36512901,D_power_wealth_luxury,-1.0604675759708229,2.1724124843674923
36564103,D_power_wealth_luxury,1.0745859613387994,-2.6965584109465928
36600859,D_power_wealth_luxury,-2.167124805949757,0.5419796183582783
36662463,D_power_wealth_luxury,-2.83298402962958,1.6928320692411505
40131614,D_power_wealth_luxury,0.2412169529645687,-1.626259293953561
4066312,D_power_wealth_luxury,2.7608153762462853,-0.8091154453681184
40727118,D_power_wealth_luxury,3.545720370999908,-0.5975920283148425
42427664,D_power_wealth_luxury,0.9502574922496956,-2.515826398488509
43728457,D_power_wealth_luxury,-2.68326520822863,0.7583809207092828
44099084,D_power_wealth_luxury,2.457623214767841,0.44401612206916763
44168447,D_power_wealth_luxury,-2.3351344222956314,1.4896133459353023
45156972,D_power_wealth_luxury,-0.6926725025740338,-2.1358302501382918
45857023,D_power_wealth_luxury,-1.7193589926938644,-0.4315068815829117
46142566,D_power_wealth_luxury,-2.0527561181319935,0.8493600538463462
48572514,D_power_wealth_luxury,10.416208877902154,6.151244072717264
49571946,D_power_wealth_luxury,-0.8429933837541592,-0.72995014970012
51208558,D_power_wealth_luxury,-0.33200241614097264,2.2308990788174072
51778361,D_power_wealth_luxury,-0.3100382149089366,0.25120886402927733
53490997,D_power_wealth_luxury,-2.3507990433673625,1.256726672890236
53491020,D_power_wealth_luxury,-3.360818691860719,1.5148409225510766
53491063,D_power_wealth_luxury,-3.8485109589703885,0.3350562834299237
54474410,D_power_wealth_luxury,-1.1656286479523357,-0.8141317302011158
55538972,D_power_wealth_luxury,-1.7618700145256583,-0.1800605937630897
55583305,D_power_wealth_luxury,-0.41003139488566165,-1.6982934658321804
55590890,D_power_wealth_luxury,-0.4904493054326142,-0.059586643471720005
55738401,D_power_wealth_luxury,0.2790667603100288,0.7412694798471733
55817097,D_power_wealth_luxury,1.5510484595207623,-0.6802634840532178
55849103,D_power_wealth_luxury,0.3194004890493627,0.48389141910358063
56916467,D_power_wealth_luxury,2.3046865586164444,-0.5076483216360946
57200226,D_power_wealth_luxury,-1.0612451297597572,-1.6683524398913623
57216633,D_power_wealth_luxury,2.5182681234815,1.0085335168191862
58013278,D_power_wealth_luxury,-2.045532324065785,2.4064996894863833
58995736,D_power_wealth_luxury,0.7454848595038934,-0.7602360816993369
60217302,D_power_wealth_luxury,0.7606545760878861,-1.4131420025074195
60416566,D_power_wealth_luxury,-0.644107886642065,-1.093557477186514
60576722,D_power_wealth_luxury,1.9281589290805912,-0.5572269150516501
60686882,D_power_wealth_luxury,3.368487950184973,0.4730769555075507
60797616,D_power_wealth_luxury,-0.9269085740112645,0.023395561157301795
60809640,D_power_wealth_luxury,1.0527938141415163,-3.0246385261897797
61229235,D_power_wealth_luxury,0.5175932924562122,-0.9081998780657579
61273778,D_power_wealth_luxury,0.42677123976885134,-0.3356049742409166
62316382,D_power_wealth_luxury,0.9951262956789789,3.18669964679502
62322599,D_power_wealth_luxury,1.335320301787075,2.746380187962806
62626163,D_power_wealth_luxury,0.8183579523455916,-1.237904932704472
63046139,D_power_wealth_luxury,-0.822245477062152,-1.5248198381452138
63095160,D_power_wealth_luxury,-0.27943580068099616,1.3286105130336572
63130875,D_power_wealth_luxury,2.9216379643910018,1.2302542883538763
63830782,D_power_wealth_luxury,0.7145344587310588,-1.0911745042113934
75599070,D_power_wealth_luxury,-0.9255660774298708,2.275579727330778
8686068,D_power_wealth_luxury,-0.08283503520220724,3.1802681310281478
104659050,E_coercion_brutality_danger,0.9645246932455617,-0.35662852249355537
11266880,E_coercion_brutality_danger,1.6090768225340233,-0.2021605239489151
123257687,E_coercion_brutality_danger,0.9430625706691649,0.016914439282440363
123446478,E_coercion_brutality_danger,0.2287804366841859,-0.5709230773234998
127305713,E_coercion_brutality_danger,0.03235928687360753,0.8286535842810349
149105520,E_coercion_brutality_danger,1.6556009623970123,-0.08306004747619797
15197,E_coercion_brutality_danger,0.17689783134509537,0.22329788497211944
161913,E_coercion_brutality_danger,-0.6787471008132381,-0.8155557599394122
17561022,E_coercion_brutality_danger,-2.0542344735407996,0.7785604101702458
1756703,E_coercion_brutality_danger,1.5974664347706733,0.4925068997336488
18692741,E_coercion_brutality_danger,-2.557605074267605,0.42688207104406256
201413413,E_coercion_brutality_danger,-2.6510247594096095,-0.566488757255736
20346544,E_coercion_brutality_danger,-2.36956042511152,-0.0033997071737658347
208153130,E_coercion_brutality_danger,1.4929068433422017,-0.43174813037295406
21787,E_coercion_brutality_danger,-2.234250839619991,0.7505209775172805
22609391,E_coercion_brutality_danger,-0.657659279829171,-0.1722026823540863
22707536,E_coercion_brutality_danger,1.427572902821513,0.9037004419047984
23518136,E_coercion_brutality_danger,-1.7075475339172381,1.9592536788524917
27394781,E_coercion_brutality_danger,-1.937853812032272,0.09804181259304255
28675670,E_coercion_brutality_danger,0.6873767549336292,-0.7540450790307399
28869598,E_coercion_brutality_danger,-0.9980770682457653,0.8872573751188977
28963772,E_coercion_brutality_danger,-0.8672129041805932,0.24163495654895412
29424551,E_coercion_brutality_danger,-0.49735287380725357,0.6557124128466139
29939161,E_coercion_brutality_danger,1.6344465127018217,-1.4267971873788305
30291077,E_coercion_brutality_danger,-1.7270441437743227,1.7097631426928759
30618705,E_coercion_brutality_danger,-1.7847629973554864,-0.5275281384301055
30627346,E_coercion_brutality_danger,-2.0944260524291463,-0.16394635524461088
306364,E_coercion_brutality_danger,1.2608954031098933,-0.3163189846039169
31276376,E_coercion_brutality_danger,0.9080643715715342,-0.03045856756681205
31424202,E_coercion_brutality_danger,0.40909373490063483,-0.20274137481922486
31625455,E_coercion_brutality_danger,-1.3177018815413022,0.47647740576476016
32195234,E_coercion_brutality_danger,1.209635327830951,1.304179785425294
33743772,E_coercion_brutality_danger,-0.31568625333548966,-0.2636974919363167
34272677,E_coercion_brutality_danger,0.5364618410739761,0.5623062820791778
34322023,E_coercion_brutality_danger,0.32958508641213086,-0.6861045090960942
34438741,E_coercion_brutality_danger,1.9472215746024044,0.06885046172326831
34812836,E_coercion_brutality_danger,-0.46349352315979475,-0.5431424685322305
35008850,E_coercion_brutality_danger,0.03961638791942292,0.5361376676667954
35053870,E_coercion_brutality_danger,0.6389706608027831,-0.5208788399078954
35109856,E_coercion_brutality_danger,1.3587506145798987,1.2264950132721746
36429604,E_coercion_brutality_danger,-2.1421704458926505,-0.1517124725916905
36437212,E_coercion_brutality_danger,-1.0259264900019671,1.8957620313202495
36512901,E_coercion_brutality_danger,-3.5951615059848874,-0.9077437156266515
36564103,E_coercion_brutality_danger,1.4614358782084407,0.7410585540042736
36600859,E_coercion_brutality_danger,-2.6301958073790663,-0.5985315665280337
36662463,E_coercion_brutality_danger,-1.5105252637342106,0.5217478537245998
40131614,E_coercion_brutality_danger,1.7662074514538317,-0.44462489747993506
4066312,E_coercion_brutality_danger,0.15304803574953546,-0.020515560965379962
40727118,E_coercion_brutality_danger,1.242258585130898,4.394750403294128
42427664,E_coercion_brutality_danger,2.152908099015286,1.292397775809333
43728457,E_coercion_brutality_danger,-2.64957255868514,-1.2063574396306722
44099084,E_coercion_brutality_danger,-0.3216040618975523,-0.6964873791990661
44168447,E_coercion_brutality_danger,-2.658243882758614,0.11625097920669006
45156972,E_coercion_brutality_danger,1.1088234763194489,0.5315545418801639
45857023,E_coercion_brutality_danger,-1.99248095501285,0.6803822122294519
46142566,E_coercion_brutality_danger,-1.0241008797898483,-0.512190612713365
48572514,E_coercion_brutality_danger,0.9839778578120695,0.810561942823786
49571946,E_coercion_brutality_danger,0.5742662354625989,-0.4108740421220036
51208558,E_coercion_brutality_danger,-3.143261736917803,-1.6446891734684042
51778361,E_coercion_brutality_danger,0.45598469808447867,0.95883196993522
53490997,E_coercion_brutality_danger,-0.7939182916035794,-1.2278662046982027
53491020,E_coercion_brutality_danger,-1.063918428869477,-1.247595506920654
53491063,E_coercion_brutality_danger,1.3736050873447898,-3.431088099847772
54474410,E_coercion_brutality_danger,1.453244297266287,-1.5181364649839455
55538972,E_coercion_brutality_danger,1.2841611782293267,0.7940785312141628
55583305,E_coercion_brutality_danger,0.8709743240933698,-0.5827770684905389
55590890,E_coercion_brutality_danger,1.6082776431916406,0.12177512390223778
55738401,E_coercion_brutality_danger,-0.28173998509291615,0.10894879543462997
55817097,E_coercion_brutality_danger,4.6505540409333666,0.05019269456145588
55849103,E_coercion_brutality_danger,0.21920892628561772,1.434140386226329
56916467,E_coercion_brutality_danger,-0.3300170294373546,0.566121203772802
57200226,E_coercion_brutality_danger,1.4576773360407058,-0.6714377075430151
57216633,E_coercion_brutality_danger,-0.5511062462185682,-0.5611772297866526
58013278,E_coercion_brutality_danger,-1.0959177562315656,-2.2792556114185256
58995736,E_coercion_brutality_danger,0.5469082100437574,-0.21165508456693433
60217302,E_coercion_brutality_danger,2.3432461906549373,-0.35946320080189187
60416566,E_coercion_brutality_danger,1.2706702242472636,-0.8520300491514635
60576722,E_coercion_brutality_danger,1.4868111663806232,-1.847675905098356
60686882,E_coercion_brutality_danger,0.584711624007147,-0.2635219606179636
60797616,E_coercion_brutality_danger,0.5795368885479761,-0.4445870711532444
60809640,E_coercion_brutality_danger,1.4991581762164201,-1.119237726312259
61229235,E_coercion_brutality_danger,-0.10255880203264434,0.4071064443818583
61273778,E_coercion_brutality_danger,-0.5014849959721968,-0.43106073554673735
62316382,E_coercion_brutality_danger,-0.6638416695128736,-0.3419821760560509
62322599,E_coercion_brutality_danger,2.926662486729724,-0.5274393691990905
62626163,E_coercion_brutality_danger,0.7496597784148687,-0.6039541508924291
63046139,E_coercion_brutality_danger,0.1798808949084708,0.703751664195472
63095160,E_coercion_brutality_danger,-0.27094449573094764,0.18736047447963683
63130875,E_coercion_brutality_danger,-0.13099729213858044,0.36167399136230594
63830782,E_coercion_brutality_danger,1.505858497830533,0.29457081084153164
75599070,E_coercion_brutality_danger,-1.632612592291436,0.0477464794315324
8686068,E_coercion_brutality_danger,-0.5515421741682046,2.585582820774004
104659050,F1_sadness_grief,0.16296566365212523,1.4872179757888038
11266880,F1_sadness_grief,0.7875537167195307,2.1056036304547323
123257687,F1_sadness_grief,1.3239134444715597,-0.6866032727174688
123446478,F1_sadness_grief,-0.07536614556036084,-0.15083088126350597
127305713,F1_sadness_grief,0.11503539205450979,-0.17205703770893427
149105520,F1_sadness_grief,2.5848984263528876,0.20940900647593408
15197,F1_sadness_grief,0.580822630580618,-0.37465859165021237
161913,F1_sadness_grief,-2.110698857226588,0.10803859022213078
17561022,F1_sadness_grief,-2.1659678964985773,0.3879287733093857
1756703,F1_sadness_grief,1.7733929512962434,0.669431968402039
18692741,F1_sadness_grief,-2.5782597412911663,-0.06608706107840312
201413413,F1_sadness_grief,-2.1870661508984055,0.4775362056320097
20346544,F1_sadness_grief,-2.444693888746884,-0.6882280696104959
208153130,F1_sadness_grief,1.028296248786007,0.4662020742334794
21787,F1_sadness_grief,-2.5771163946733604,0.22961919221294527
22609391,F1_sadness_grief,-0.7287699836901553,-0.373945986243331
22707536,F1_sadness_grief,1.2440086401498531,-1.4261704914418138
23518136,F1_sadness_grief,-2.647901128126404,-0.27138656199825073
27394781,F1_sadness_grief,-1.8718718198259992,0.12439212200925241
28675670,F1_sadness_grief,0.3480661224120989,0.3552286965689769
28869598,F1_sadness_grief,-1.8751673529967086,-0.29948019746493565
28963772,F1_sadness_grief,-0.26631420076538936,-0.6718498926954922
29424551,F1_sadness_grief,-0.33902645521200353,-0.7214415086957268
29939161,F1_sadness_grief,1.1723398967968874,-0.34845734136661355
30291077,F1_sadness_grief,-2.722919475808681,0.025545966531913846
30618705,F1_sadness_grief,-1.9739711524398968,-0.2567863742486766
30627346,F1_sadness_grief,-2.256764261532773,-0.3132925148579084
306364,F1_sadness_grief,0.9009399442896772,0.869621760841364
31276376,F1_sadness_grief,0.6043813912340258,0.8227625511059248
31424202,F1_sadness_grief,0.59331689318291,0.35094796007716184
31625455,F1_sadness_grief,-0.5352639379787961,-0.9242368432497419
32195234,F1_sadness_grief,0.4816102911767528,1.5474957613598117
33743772,F1_sadness_grief,0.00925145288305862,0.8355875870450699
34272677,F1_sadness_grief,1.5315483461976964,-1.7573470732981566
34322023,F1_sadness_grief,-0.17475178471330358,-0.156167120660692
34438741,F1_sadness_grief,2.412667772859626,0.19429343682087347
34812836,F1_sadness_grief,-0.4529590384585111,-0.25157504162780076
35008850,F1_sadness_grief,0.8995122798880021,-0.44915460862744633
35053870,F1_sadness_grief,0.23346336750114777,0.14538285010532237
35109856,F1_sadness_grief,0.14520264883118578,0.7373953377130804
36429604,F1_sadness_grief,-2.1013760845716707,-0.7180542029424047
36437212,F1_sadness_grief,1.4649222209736978,-2.0653660458332856
36512901,F1_sadness_grief,-3.303531172423841,-0.2063079043408432
36564103,F1_sadness_grief,1.4549302374440114,-0.1314688999640621
36600859,F1_sadness_grief,-2.272759694680803,-0.6520299157160575
36662463,F1_sadness_grief,-2.3513103817620276,0.5845234525738682
40131614,F1_sadness_grief,2.361302212294707,-0.4344215743631487
4066312,F1_sadness_grief,0.21768692835019568,0.06851650441612529
40727118,F1_sadness_grief,1.2019686075454143,0.1343029760873228
42427664,F1_sadness_grief,3.5398895100486523,-0.3599151071099189
43728457,F1_sadness_grief,-2.3708711941894447,0.17671283994003273
44099084,F1_sadness_grief,0.4390454405969133,0.7489346631871311
44168447,F1_sadness_grief,-2.435497796916484,0.025155798697015577
45156972,F1_sadness_grief,2.4026745922922537,-1.1540871108242874
45857023,F1_sadness_grief,-2.4045696910976315,-0.07349699752927541
46142566,F1_sadness_grief,-2.347952394927219,0.47381506546780394
48572514,F1_sadness_grief,0.4325124100743258,-0.09741486474783988
49571946,F1_sadness_grief,1.4802501701330446,0.6383973852506419
51208558,F1_sadness_grief,-3.2714052197057732,0.18058263954130743
51778361,F1_sadness_grief,1.287314289847678,-0.6889965493372695
53490997,F1_sadness_grief,-1.8056718188082643,0.4656578798312784
53491020,F1_sadness_grief,-1.6489435082762325,0.4939616271599252
53491063,F1_sadness_grief,0.5259654339665272,0.2986278191907549
54474410,F1_sadness_grief,1.3281527226285743,-0.5076910171998519
55538972,F1_sadness_grief,1.0870894751800124,-0.09324648629952859
55583305,F1_sadness_grief,0.5226979350796034,0.8353112459006268
55590890,F1_sadness_grief,1.074982695778093,1.6642064317868472
55738401,F1_sadness_grief,1.008280639725759,-0.7126134764010128
55817097,F1_sadness_grief,4.427952891166367,1.584780382618966
55849103,F1_sadness_grief,-0.4091596799501869,-0.04330474622713114
56916467,F1_sadness_grief,0.7082844226882763,-0.6176607470681011
57200226,F1_sadness_grief,3.2656268537896214,-2.130641367999173
57216633,F1_sadness_grief,-0.16463077721351246,-0.3823724543435827
58013278,F1_sadness_grief,-0.3904465213079047,-0.974982694483786
58995736,F1_sadness_grief,-0.3699287351580462,-0.04283416816496043
60217302,F1_sadness_grief,1.9727865286965072,0.3557903047992143
60416566,F1_sadness_grief,0.9495048927901588,-0.7452641817219469
60576722,F1_sadness_grief,1.0181293411551895,2.880140134221488
60686882,F1_sadness_grief,0.8063369245397212,0.2596761364672047
60797616,F1_sadness_grief,0.6493984770600414,-0.031696133197083025
60809640,F1_sadness_grief,0.7515748604793001,0.4009489834689723
61229235,F1_sadness_grief,0.9633872753069986,-0.40801294854618364
61273778,F1_sadness_grief,-0.13273894501445738,-0.4166412715898485
62316382,F1_sadness_grief,-1.0431148706175264,0.060151344828965815
62322599,F1_sadness_grief,1.0960093125639505,1.686593545733624
62626163,F1_sadness_grief,0.8097691442565171,0.09281496487654807
63046139,F1_sadness_grief,0.6907365025753472,-0.7051158841093143
63095160,F1_sadness_grief,-0.4696035176703733,0.06469076883429528
63130875,F1_sadness_grief,0.03041871415994851,-0.41686032163048103
63830782,F1_sadness_grief,1.0035355780183428,0.38076186858037786
75599070,F1_sadness_grief,-1.9753704662301381,-0.6253213094631677
8686068,F1_sadness_grief,1.347427374443349,-0.9091213587113974
104659050,F2_anger_frustration,-1.2471403605027727,1.4206539076987195
11266880,F2_anger_frustration,-1.2119631206420123,1.7436279193982684
123257687,F2_anger_frustration,-1.8108634398927637,0.5218783153667597
123446478,F2_anger_frustration,-1.2270016989126453,2.133527227562645
127305713,F2_anger_frustration,-1.7384137002199884,0.7898814374116879
149105520,F2_anger_frustration,-2.9066367054550635,-0.4136940872108281
15197,F2_anger_frustration,-0.7539774001246584,-0.406786827489616
161913,F2_anger_frustration,3.280313638977376,-0.381326329469007
17561022,F2_anger_frustration,4.680447902240881,0.059062125466045945
1756703,F2_anger_frustration,-1.4670772980529567,-1.7821382653856224
18692741,F2_anger_frustration,4.719548214551647,0.2531543770673393
201413413,F2_anger_frustration,5.858234660658586,-1.7829002114188572
20346544,F2_anger_frustration,5.360116674285434,-0.7093358373757809
208153130,F2_anger_frustration,-1.750660049762558,-1.2737671266462922
21787,F2_anger_frustration,4.214574467827014,1.2583779813437697
22609391,F2_anger_frustration,-0.06394315564291564,0.5276139933699889
22707536,F2_anger_frustration,-1.820859427497927,-1.885676436844152
23518136,F2_anger_frustration,3.603764984312533,0.3237902284543736
27394781,F2_anger_frustration,1.8295928711896732,3.881747809316657
28675670,F2_anger_frustration,-2.2559952208715814,-0.03729945519020335
28869598,F2_anger_frustration,2.206178075815123,0.08893679370313723
28963772,F2_anger_frustration,-0.47148793251883964,0.8619910359487862
29424551,F2_anger_frustration,-1.2994036381289404,0.6047141032035701
29939161,F2_anger_frustration,-3.1802068771250895,-1.5056940843355675
30291077,F2_anger_frustration,3.909380779644668,1.2114851617861224
30618705,F2_anger_frustration,3.972115516935069,0.6550952328297228
30627346,F2_anger_frustration,2.8888269702986653,-0.8647862203030332
306364,F2_anger_frustration,-0.7821101601614998,-1.75813861592607
31276376,F2_anger_frustration,-0.6691487571156463,-0.30656064600561544
31424202,F2_anger_frustration,-1.08028869481832,-1.6109357426773254
31625455,F2_anger_frustration,0.17526858570489842,0.41326184444101366
32195234,F2_anger_frustration,0.5528052904194878,-0.6670247933143264
33743772,F2_anger_frustration,0.2247653079678328,0.9415011925982725
34272677,F2_anger_frustration,-3.6077421957241853,-0.09857456114154747
34322023,F2_anger_frustration,-1.676823059977888,-0.43031889225592207
34438741,F2_anger_frustration,-2.0776812795622823,-1.7918684149796975
34812836,F2_anger_frustration,0.47898524593476643,0.4239744725766522
35008850,F2_anger_frustration,-0.9344403852526267,1.1209515481578827
35053870,F2_anger_frustration,-0.7353148731882053,-2.1088342759253322
35109856,F2_anger_frustration,-1.8777403459892301,0.5828607919898143
36429604,F2_anger_frustration,2.9524940812820666,-2.759203550831867
36437212,F2_anger_frustration,-3.702954453326754,1.3815427354597576
36512901,F2_anger_frustration,5.400098711088478,-1.1497195461376557
36564103,F2_anger_frustration,-4.184768925974815,-0.22921049034429977
36600859,F2_anger_frustration,3.1756645563088965,-2.3096029701967664
36662463,F2_anger_frustration,3.700971772353176,1.8586225552318005
40131614,F2_anger_frustration,-3.6592382800385743,1.1597830862381058
4066312,F2_anger_frustration,-0.15859989594252483,-1.3207255562840934
40727118,F2_anger_frustration,-1.2775059644393876,0.1873802947716024
42427664,F2_anger_frustration,-4.3785823108275315,2.4197647709599277
43728457,F2_anger_frustration,5.144687868111936,-0.40087065671401445
44099084,F2_anger_frustration,-1.1982904861490549,-0.32877150261838833
44168447,F2_anger_frustration,3.7426078957281574,-0.34707577879688256
45156972,F2_anger_frustration,-1.0837971742499921,-2.051408688625905
45857023,F2_anger_frustration,4.938252080844515,0.7205245907150437
46142566,F2_anger_frustration,2.974903273936957,-0.46103046683491894
48572514,F2_anger_frustration,-0.7013505303676856,-1.4681083585389056
49571946,F2_anger_frustration,-1.69012790955844,0.6552716281434084
51208558,F2_anger_frustration,3.326474060690469,2.42197287274981
51778361,F2_anger_frustration,-2.5338787459388854,-1.9553095876498838
53490997,F2_anger_frustration,3.242274857106073,-0.05490709106703317
53491020,F2_anger_frustration,3.3506283539497996,0.8055744009556376
53491063,F2_anger_frustration,-0.1370783949169768,-1.3773654176007215
54474410,F2_anger_frustration,-2.0830618496799227,-2.494032021767223
55538972,F2_anger_frustration,-1.6488048348756925,-0.04426041976827167
55583305,F2_anger_frustration,-0.8353530994255168,0.9532204591227006
55590890,F2_anger_frustration,-0.6640333370564807,0.04854421551007494
55738401,F2_anger_frustration,0.82597398763714,-0.29696448937914227
55817097,F2_anger_frustration,-5.586122736911881,4.300390454709727
55849103,F2_anger_frustration,-1.2706767304266098,0.35590749605135324
56916467,F2_anger_frustration,-1.0482359773959808,0.521203769200642
57200226,F2_anger_frustration,-1.5491974217762248,-2.2142165260586335
57216633,F2_anger_frustration,0.05643602347791384,0.2435817560956022
58013278,F2_anger_frustration,0.5099344152197528,-0.8162879052608507
58995736,F2_anger_frustration,-0.5566433447904594,-0.041408906291353735
60217302,F2_anger_frustration,-2.5405572401132126,1.0366508248155355
60416566,F2_anger_frustration,-2.6960118113344014,0.5656527752516487
60576722,F2_anger_frustration,-0.6844854600089235,1.6325147042854589
60686882,F2_anger_frustration,-0.8432165695905087,-1.694974396079575
60797616,F2_anger_frustration,0.6401325373721746,0.47881575009371896
60809640,F2_anger_frustration,-0.5633361106256901,-1.2168530161149838
61229235,F2_anger_frustration,-1.622095077313788,-2.214506741952317
61273778,F2_anger_frustration,-0.6012507767901303,-0.05544069998313564
62316382,F2_anger_frustration,1.3507491288273215,-0.10464786396642851
62322599,F2_anger_frustration,-1.3540174246186711,1.5458640047490522
62626163,F2_anger_frustration,-0.34661640835538626,-0.4252011331349229
63046139,F2_anger_frustration,-4.077690588108158,-4.47400394046349
63095160,F2_anger_frustration,0.9901014060928418,-0.023901142115969696
63130875,F2_anger_frustration,-0.6318375048553418,1.2823683290664079
63830782,F2_anger_frustration,-1.1056541070218417,-0.4066808464249372
75599070,F2_anger_frustration,0.3686336792315511,6.77894127299092
8686068,F2_anger_frustration,-0.9839466160768372,1.380170288038204
104659050,F3_anxiety_worry,-0.9648148082102884,0.8562106173600731
11266880,F3_anxiety_worry,-1.148048747187469,1.9996783637433073
123257687,F3_anxiety_worry,-2.3109077268723723,1.3098052808164846
123446478,F3_anxiety_worry,-1.4774263973470378,2.187485800620123
127305713,F3_anxiety_worry,-2.0813559054651125,1.2518252967057748
149105520,F3_anxiety_worry,-2.599423761262632,-0.7503159953301725
15197,F3_anxiety_worry,-0.9923252653699393,0.5252395002039778
161913,F3_anxiety_worry,2.8270005745240194,-0.18338993800671455
17561022,F3_anxiety_worry,4.6376366342433695,-0.024212928107562114
1756703,F3_anxiety_worry,-1.387332229314973,-1.7590040513654286
18692741,F3_anxiety_worry,4.50129488991738,0.8893170828789843
201413413,F3_anxiety_worry,6.013015931769663,-1.309994667167436
20346544,F3_anxiety_worry,5.464987454680751,-1.081593337029996
208153130,F3_anxiety_worry,-1.1627350177031934,-2.0679404251172024
21787,F3_anxiety_worry,3.6826826804862898,1.8098025428621858
22609391,F3_anxiety_worry,-0.15481007503474564,1.1000330028083323
22707536,F3_anxiety_worry,-0.5401981894364837,-2.5549804407041026
23518136,F3_anxiety_worry,2.9093472269951874,0.7525972471282006
27394781,F3_anxiety_worry,0.7239700059071533,4.411184331373997
28675670,F3_anxiety_worry,-2.418438950964096,0.0038837202196757422
28869598,F3_anxiety_worry,2.0226038163629996,0.11412316578875147
28963772,F3_anxiety_worry,-0.6031164103835303,0.8714181558195842
29424551,F3_anxiety_worry,-1.3923565912888825,0.32463510769117343
29939161,F3_anxiety_worry,-2.761603570091829,-1.7338784181044478
30291077,F3_anxiety_worry,3.5962474340574317,1.359114640099753
30618705,F3_anxiety_worry,3.4181804590819223,1.2406714065016848
30627346,F3_anxiety_worry,2.8064323202817425,-1.6179327961848826
306364,F3_anxiety_worry,-1.0972951600566334,-1.194057217178645
31276376,F3_anxiety_worry,-0.8114761454325882,-0.2387774879932325
31424202,F3_anxiety_worry,-0.6524523312277112,-1.867177945004119
31625455,F3_anxiety_worry,0.7202263179700489,0.12023727484767727
32195234,F3_anxiety_worry,0.6278895200299133,-0.4120214275159767
33743772,F3_anxiety_worry,0.6706889209414725,0.8412126621800673
34272677,F3_anxiety_worry,-1.6782871649454316,-1.7939884546824432
34322023,F3_anxiety_worry,-0.8660207997314782,-0.5880730359746495
34438741,F3_anxiety_worry,-1.6563692816452233,-2.166055729327346
34812836,F3_anxiety_worry,-0.004314600747104927,0.4098429426815442
35008850,F3_anxiety_worry,-1.002890105542735,1.4151068776948554
35053870,F3_anxiety_worry,-0.32880350293866867,-2.7167766752515923
35109856,F3_anxiety_worry,-1.826620271475372,0.44636014362068116
36429604,F3_anxiety_worry,3.113983090957691,-2.542786682303704
36437212,F3_anxiety_worry,-2.9953647412009694,1.2828556337013093
36512901,F3_anxiety_worry,5.61486283063632,-1.3619422610009504
36564103,F3_anxiety_worry,-4.4243258390569595,0.15525084647158857
36600859,F3_anxiety_worry,2.917787957910794,-2.2917186140970287
36662463,F3_anxiety_worry,3.5310095112227637,2.4632710592907543
40131614,F3_anxiety_worry,-3.5822667048339807,1.1833068964688973
4066312,F3_anxiety_worry,-1.3603825686253435,-0.37817775462399283
40727118,F3_anxiety_worry,-1.7980445825596518,1.0857966732168904
42427664,F3_anxiety_worry,-4.657547748479764,1.9720965426005241
43728457,F3_anxiety_worry,5.263322314601177,-0.5805855558092841
44099084,F3_anxiety_worry,-0.8591247171385421,-0.4936054208096468
44168447,F3_anxiety_worry,3.501035312266772,-0.30139736171211423
45156972,F3_anxiety_worry,-0.36499190709460705,-2.8554883494590593
45857023,F3_anxiety_worry,4.783093839496987,1.3306256931536196
46142566,F3_anxiety_worry,2.671735953813022,-0.18476655456071922
48572514,F3_anxiety_worry,-1.1799192678326766,-1.5057195762115456
49571946,F3_anxiety_worry,-0.8115499442867787,-0.32642781364750273
51208558,F3_anxiety_worry,2.7769348320435063,2.7780262208872877
51778361,F3_anxiety_worry,-2.2960695170767544,-1.9675357795063284
53490997,F3_anxiety_worry,3.4638146316506764,-0.5051260619278655
53491020,F3_anxiety_worry,3.9035279878346416,0.3201609377323607
53491063,F3_anxiety_worry,-0.1362368666503971,-0.5096026124858501
54474410,F3_anxiety_worry,-1.6304472917873962,-2.7177050247634025
55538972,F3_anxiety_worry,-1.8325363343953196,-0.17462107139837624
55583305,F3_anxiety_worry,-0.8261417372478824,0.8104112936101939
55590890,F3_anxiety_worry,-1.7194316537703769,0.4835036710348774
55738401,F3_anxiety_worry,0.2753156275051362,0.5105554385359068
55817097,F3_anxiety_worry,-5.847932228213043,3.2963408162292067
55849103,F3_anxiety_worry,-0.8667368247130782,0.0129080969176789
56916467,F3_anxiety_worry,-0.7909280190137818,-0.09352325547202037
57200226,F3_anxiety_worry,-1.3680543449575369,-2.852243953066164
57216633,F3_anxiety_worry,-0.4933762678555813,0.4913113081908233
58013278,F3_anxiety_worry,1.478312781110145,-0.8921602811590394
58995736,F3_anxiety_worry,-0.40751918090094746,-0.3316013153705025
60217302,F3_anxiety_worry,-3.2890558189827432,1.4446215122779775
60416566,F3_anxiety_worry,-1.957865758152868,0.10752420459138437
60576722,F3_anxiety_worry,-1.6266265171187901,2.377525381777274
60686882,F3_anxiety_worry,-2.235960120983318,-1.0165000806788662
60797616,F3_anxiety_worry,0.14021577282004632,1.0722667603458749
60809640,F3_anxiety_worry,-0.6023014465906542,-1.1983234696142948
61229235,F3_anxiety_worry,-2.3161547925777017,-1.3828709848186969
61273778,F3_anxiety_worry,-0.24613139226533884,-0.3271576948576606
62316382,F3_anxiety_worry,1.4975234351348503,-0.2741703828099197
62322599,F3_anxiety_worry,-1.0397166281244703,0.48677597439045317
62626163,F3_anxiety_worry,-0.46172044399730805,-0.5786039967292331
63046139,F3_anxiety_worry,-2.5837567738767193,-4.652493000727272
63095160,F3_anxiety_worry,0.746344446709645,0.13769288375655073
63130875,F3_anxiety_worry,-0.8241719310397124,1.313203399910516
63830782,F3_anxiety_worry,-1.4622622309658873,-0.05768639255189636
75599070,F3_anxiety_worry,1.2299042703911536,5.947843183834167
8686068,F3_anxiety_worry,-0.7168536313122573,1.1110526796458955
104659050,G_courtship_rituals_gifts,0.45305704162146765,-0.5265765550868066
11266880,G_courtship_rituals_gifts,-0.08852644133139353,0.3972951308102419
123257687,G_courtship_rituals_gifts,-0.6222017917875324,0.058588297927104425
123446478,G_courtship_rituals_gifts,0.20945997500645444,0.3440577482957432
127305713,G_courtship_rituals_gifts,-0.3756491861197727,-0.68122109910118
149105520,G_courtship_rituals_gifts,-0.9126470936777563,-0.03488973977176053
15197,G_courtship_rituals_gifts,0.5738548892284596,-0.5831697118313424
161913,G_courtship_rituals_gifts,0.3870116033959748,-0.6491116636146771
17561022,G_courtship_rituals_gifts,1.4238630749511094,-0.4977160826705724
1756703,G_courtship_rituals_gifts,-1.1303374297192563,0.13293138312746458
18692741,G_courtship_rituals_gifts,1.033971709327233,-1.0939473561198445
201413413,G_courtship_rituals_gifts,-0.2442849257200567,-0.5319343406694875
20346544,G_courtship_rituals_gifts,0.8441836301554154,-0.9178583083473689
208153130,G_courtship_rituals_gifts,-4.262553879323853,0.29848721254004296
21787,G_courtship_rituals_gifts,0.9855147637487267,-1.158198929504546
22609391,G_courtship_rituals_gifts,-2.323287242992152,-0.09359908212399282
22707536,G_courtship_rituals_gifts,-0.6139915395804078,0.28763805993880354
23518136,G_courtship_rituals_gifts,0.8091919993134454,4.239062718486377
27394781,G_courtship_rituals_gifts,2.7179032351512693,5.842518668281991
28675670,G_courtship_rituals_gifts,-0.24403065327008527,0.10843590691798718
28869598,G_courtship_rituals_gifts,0.7090707031644463,-0.10896581801895573
28963772,G_courtship_rituals_gifts,-0.8154030491621324,0.009292559969153184
29424551,G_courtship_rituals_gifts,0.3634458526930137,-0.24236806031557154
29939161,G_courtship_rituals_gifts,-1.189444087633044,0.22307359046259728
30291077,G_courtship_rituals_gifts,1.02188913612073,-0.10628688735128841
30618705,G_courtship_rituals_gifts,1.3215301772154024,-0.20640167469995985
30627346,G_courtship_rituals_gifts,1.2401640664614568,-0.04270778142486054
306364,G_courtship_rituals_gifts,-1.0215610368408945,-0.03818851009987247
31276376,G_courtship_rituals_gifts,-0.6467597438114624,-0.4971964481164924
31424202,G_courtship_rituals_gifts,0.14137818434142266,-0.09107666323696892
31625455,G_courtship_rituals_gifts,0.39594840310833,-0.08006944834436676
32195234,G_courtship_rituals_gifts,0.009451464743122868,-1.2323800468340436
33743772,G_courtship_rituals_gifts,0.35524890975804607,-0.7475765260766599
34272677,G_courtship_rituals_gifts,-0.7259748147123762,0.046274835404861055
34322023,G_courtship_rituals_gifts,-0.12445594989848899,-0.2512165854857085
34438741,G_courtship_rituals_gifts,-0.5060153288114898,-0.41110012752739555
34812836,G_courtship_rituals_gifts,-0.6695882944561199,0.21169514429779815
35008850,G_courtship_rituals_gifts,0.09697285077569064,-0.08191118028506876
35053870,G_courtship_rituals_gifts,0.03549531967522225,-0.19021275639417418
35109856,G_courtship_rituals_gifts,-0.3908924277293067,-0.24126943528575528
36429604,G_courtship_rituals_gifts,-0.24868989202455744,0.12580952148714067
36437212,G_courtship_rituals_gifts,-0.43239884135296053,-0.8123714363046642
36512901,G_courtship_rituals_gifts,0.5603439026787581,-0.4526689776678858
36564103,G_courtship_rituals_gifts,-4.265940817216148,0.9248979901503308
36600859,G_courtship_rituals_gifts,0.06357405884597754,-0.5435631869223356
36662463,G_courtship_rituals_gifts,1.9114631040626,-0.8157867270438507
40131614,G_courtship_rituals_gifts,-0.43062265018999113,-0.48114631024495663
4066312,G_courtship_rituals_gifts,-0.9651762046212501,-0.6208576922109987
40727118,G_courtship_rituals_gifts,-1.1450523331465212,0.3678976460642266
42427664,G_courtship_rituals_gifts,-0.6877944460381269,0.1604502898644679
43728457,G_courtship_rituals_gifts,1.5465575585468787,-0.17627640239779158
44099084,G_courtship_rituals_gifts,1.2183078312869466,-0.4439886038088717
44168447,G_courtship_rituals_gifts,1.238794664521391,-1.2892613446911085
45156972,G_courtship_rituals_gifts,-0.8136019003214086,0.2677251317877695
45857023,G_courtship_rituals_gifts,0.8473884145184148,-0.4347758567661145
46142566,G_courtship_rituals_gifts,1.1298913815770013,0.6184843220602033
48572514,G_courtship_rituals_gifts,0.03949689013392305,0.3642372843477037
49571946,G_courtship_rituals_gifts,-0.1752843579732991,-0.9312771694304525
51208558,G_courtship_rituals_gifts,1.9594711459881273,-0.24465066515788175
51778361,G_courtship_rituals_gifts,0.5503623792034643,-0.3877627772338745
53490997,G_courtship_rituals_gifts,0.6893026755613622,-0.4995698706882659
53491020,G_courtship_rituals_gifts,0.6494785341698363,-0.729044731829069
53491063,G_courtship_rituals_gifts,0.817131453899739,-0.43484670401222963
54474410,G_courtship_rituals_gifts,-0.35469243060604944,-0.4361677909033448
55538972,G_courtship_rituals_gifts,-0.857306897588958,-0.1303181393489165
55583305,G_courtship_rituals_gifts,-0.23261068455821557,0.7421875861056282
55590890,G_courtship_rituals_gifts,-0.20612677485526948,-0.29061023333208896
55738401,G_courtship_rituals_gifts,1.6568001973189657,-0.8268113753124321
55817097,G_courtship_rituals_gifts,-1.0649608485416668,0.6787766343243078
55849103,G_courtship_rituals_gifts,0.3160777428477243,1.101592556336623
56916467,G_courtship_rituals_gifts,0.9425617284475191,-0.08670015769277808
57200226,G_courtship_rituals_gifts,-2.441800778536278,0.5152055439769296
57216633,G_courtship_rituals_gifts,-0.23863234479522452,0.37057495093304227
58013278,G_courtship_rituals_gifts,0.6187655689229065,0.17840116702387013
58995736,G_courtship_rituals_gifts,0.21139441980964013,-0.8926199751618261
60217302,G_courtship_rituals_gifts,-0.2339121050185271,0.45535251128991244
60416566,G_courtship_rituals_gifts,0.2991564858009598,1.9526783544192374
60576722,G_courtship_rituals_gifts,0.7452178517152365,-0.0996410405443388
60686882,G_courtship_rituals_gifts,-0.200848317746537,-0.7530780637087803
60797616,G_courtship_rituals_gifts,0.40563076969826917,2.122413785462527
60809640,G_courtship_rituals_gifts,-0.4039252545742241,-0.27452057174934963
61229235,G_courtship_rituals_gifts,-0.6673025316129946,0.9922819882214475
61273778,G_courtship_rituals_gifts,0.44207030750593757,0.41069137462909516
62316382,G_courtship_rituals_gifts,0.6143419218244524,-1.1050115217815666
62322599,G_courtship_rituals_gifts,0.9608751044041197,1.5296483467756887
62626163,G_courtship_rituals_gifts,0.08291802842797037,-0.2067886111495603
63046139,G_courtship_rituals_gifts,-1.5530477299117622,0.17643246614636454
63095160,G_courtship_rituals_gifts,-0.3884518514093845,-0.2856552388162859
63130875,G_courtship_rituals_gifts,0.5736554457577508,0.2581379617900079
63830782,G_courtship_rituals_gifts,-0.7492845144936766,-0.29442605793835724
75599070,G_courtship_rituals_gifts,0.7693006016022205,-1.457743982991016
8686068,G_courtship_rituals_gifts,-1.3238677353239188,1.2618633655230271
104659050,L_vices_addictions,1.0321950725187234,-0.3222397130237246
11266880,L_vices_addictions,-1.035970365371539,-0.34720301159974354
123257687,L_vices_addictions,-1.1284863550900155,0.10733958927588617
123446478,L_vices_addictions,0.18961726054060252,-0.6246023811743542
127305713,L_vices_addictions,-1.4764102440942957,-0.5158742770447424
149105520,L_vices_addictions,-2.023186303353697,0.3062844782166054
15197,L_vices_addictions,-1.160547879194519,0.4615963260933944
161913,L_vices_addictions,1.6380806246348993,-0.19747203477974204
17561022,L_vices_addictions,1.4800042726951055,0.0006385959463214286
1756703,L_vices_addictions,-1.0679291450785224,-0.8733846077649688
18692741,L_vices_addictions,4.403504739362656,2.7151385099640533
201413413,L_vices_addictions,0.8018810578969963,-1.3687976087634721
20346544,L_vices_addictions,3.3318740061495196,0.30025712133112414
208153130,L_vices_addictions,-0.853713866693813,-1.5620059580436612
21787,L_vices_addictions,2.335718478284754,-0.34127945152230693
22609391,L_vices_addictions,0.11227322947812884,0.7328425121726947
22707536,L_vices_addictions,-3.334277920846169,0.6089051229361909
23518136,L_vices_addictions,2.4502764920392486,-0.7324009238759931
27394781,L_vices_addictions,2.8409926657269797,-0.5651734403981927
28675670,L_vices_addictions,-0.9826717345724924,-0.18111579930668698
28869598,L_vices_addictions,1.0360682930312417,0.8479859207777445
28963772,L_vices_addictions,-1.1414324713902362,-1.8450908375940973
29424551,L_vices_addictions,-0.035939631325541434,-2.145513916550816
29939161,L_vices_addictions,-2.5630119078183324,0.41178698725213997
30291077,L_vices_addictions,2.6736006066700124,1.2607839335827336
30618705,L_vices_addictions,2.3039377581434204,-0.3045001580636181
30627346,L_vices_addictions,2.161262272456762,-0.03905090135960117
306364,L_vices_addictions,-1.8830928140889545,-0.5659604108328055
31276376,L_vices_addictions,-0.26277150834373364,-2.067558949876508
31424202,L_vices_addictions,-0.9771531480999981,0.2266464194488826
31625455,L_vices_addictions,0.31831770374413454,0.42830252939933383
32195234,L_vices_addictions,0.23990276959776813,0.911044631651782
33743772,L_vices_addictions,-0.3867476475552519,1.2033652951056641
34272677,L_vices_addictions,-3.591969715354615,-0.3241953072712985
34322023,L_vices_addictions,-0.574788123098676,-0.35930048028827005
34438741,L_vices_addictions,-1.0257936270903225,-0.8814652884655156
34812836,L_vices_addictions,0.33733845622104314,0.530965682546826
35008850,L_vices_addictions,-0.721482563632321,1.3114816078747393
35053870,L_vices_addictions,-1.4633600467503978,1.1008900449382992
35109856,L_vices_addictions,-1.3998327553442587,1.7404572639763791
36429604,L_vices_addictions,1.0924332091178204,3.4904859226673373
36437212,L_vices_addictions,-2.1039228092166335,1.8156407593119686
36512901,L_vices_addictions,2.8973142812350448,0.7912713392852202
36564103,L_vices_addictions,-2.9067887719959864,-0.5193467829589421
36600859,L_vices_addictions,1.6267900433232996,0.16431216679380228
36662463,L_vices_addictions,2.108510909258694,0.9409748075405321
40131614,L_vices_addictions,-1.5401296214185367,-0.08592124663262753
4066312,L_vices_addictions,-2.1340436003890906,-0.08505016585903168
40727118,L_vices_addictions,-0.946099453370415,0.27968364398950085
42427664,L_vices_addictions,-2.912601667194956,-0.08710030341564477
43728457,L_vices_addictions,3.4559620085412375,-0.03333348224347745
44099084,L_vices_addictions,0.7779428779759483,1.0258884811787778
44168447,L_vices_addictions,2.289676726120352,-0.6257339268060428
45156972,L_vices_addictions,-2.862905865434109,1.652174715566013
45857023,L_vices_addictions,2.3229956329416557,0.4666564722671097
46142566,L_vices_addictions,2.601643356333073,0.1056251291052127
48572514,L_vices_addictions,-0.18619668479972554,-1.5864135237093935
49571946,L_vices_addictions,-1.1077285183787147,0.30170119405666573
51208558,L_vices_addictions,3.3109189365861877,0.19676554465916368
51778361,L_vices_addictions,-0.058876062574801706,1.0389951296466193
53490997,L_vices_addictions,2.2872865325132454,-1.4337456207305956
53491020,L_vices_addictions,2.1844705093862333,-1.7026202482543569
53491063,L_vices_addictions,3.3128430305456162,-1.2750550924517812
54474410,L_vices_addictions,-0.611537595120701,-1.6837397236338694
55538972,L_vices_addictions,-0.9360099813296128,-1.6502364495182187
55583305,L_vices_addictions,-0.8453290110603567,-3.345691773983707
55590890,L_vices_addictions,-0.2816176062652989,-1.0828798681809733
55738401,L_vices_addictions,1.4373171623210055,1.6215325076219005
55817097,L_vices_addictions,-2.172492601614367,-0.9262735528566466
55849103,L_vices_addictions,-0.4967929772238975,0.3380741384083581
56916467,L_vices_addictions,-0.767685132865958,3.3148801242481554
57200226,L_vices_addictions,-1.7211120560699427,0.3721547760404772
57216633,L_vices_addictions,-0.5209739499735498,-2.0782186194337853
58013278,L_vices_addictions,1.4573885971030478,0.43726290312877425
58995736,L_vices_addictions,1.0613755679889143,-0.6494247208337351
60217302,L_vices_addictions,-1.590513636932366,-0.11298237097282882
60416566,L_vices_addictions,-1.3431036994336312,-0.6241448151473916
60576722,L_vices_addictions,-0.4850823954692171,2.7179802102088555
60686882,L_vices_addictions,0.19635890262100056,-0.10908674040686098
60797616,L_vices_addictions,-0.5355403370040673,-0.2841888103654567
60809640,L_vices_addictions,-2.588325986669696,0.4781925010988783
61229235,L_vices_addictions,-0.1609216370913544,-0.10569056437952043
61273778,L_vices_addictions,-0.015357164249725769,0.3746818020061253
62316382,L_vices_addictions,2.3572080031238585,-0.48561140163030664
62322599,L_vices_addictions,-1.1710192977097515,1.019436602625004
62626163,L_vices_addictions,-1.1318645033123116,0.4812828036151925
63046139,L_vices_addictions,-2.6760886403661233,-0.42686616958839696
63095160,L_vices_addictions,0.9275313607823231,-0.321019688483328
63130875,L_vices_addictions,0.365853845963947,-0.42644241272330646
63830782,L_vices_addictions,-2.115753374579527,-0.7510034481374049
75599070,L_vices_addictions,1.517829065394824,-2.8099077068620852
8686068,L_vices_addictions,-1.2595119050671935,2.8395484402394
104659050,M_health_recovery_growth,0.3337875184939469,-0.36962997920475
11266880,M_health_recovery_growth,0.14898479352563734,0.19099942902145947
123257687,M_health_recovery_growth,0.23110091399357538,-0.5202972758743799
123446478,M_health_recovery_growth,0.5596460480443394,-0.8257800900071024
127305713,M_health_recovery_growth,-0.22040446434504235,-0.5998244002144806
149105520,M_health_recovery_growth,-1.873183611006032,0.3168932453214357
15197,M_health_recovery_growth,-0.22062310256102174,0.4607152352570907
161913,M_health_recovery_growth,1.5287565640839447,1.9634862695831699
17561022,M_health_recovery_growth,1.5667898948839596,-0.0032718018500118734
1756703,M_health_recovery_growth,-0.3860475438881373,-1.0104010398693517
18692741,M_health_recovery_growth,1.6566951095625206,-0.22908278983594357
201413413,M_health_recovery_growth,1.2402883265145133,0.7091261525898178
20346544,M_health_recovery_growth,2.50678677532605,0.07541479139517122
208153130,M_health_recovery_growth,-0.5355887455799214,-1.3510604089286944
21787,M_health_recovery_growth,2.979525708049086,0.5045802947907553
22609391,M_health_recovery_growth,0.016875578380786387,0.17930003452007884
22707536,M_health_recovery_growth,-1.3235854163301672,-1.6396152492761085
23518136,M_health_recovery_growth,2.283816633638558,0.26051712260626275
27394781,M_health_recovery_growth,2.79359553003271,-0.6531358891658532
28675670,M_health_recovery_growth,-0.22283280298623453,1.0068467479733658
28869598,M_health_recovery_growth,1.012077551259719,0.07481947045419417
28963772,M_health_recovery_growth,-1.0535753618001829,0.8065203071490029
29424551,M_health_recovery_growth,-0.5527786402996716,0.5676303594895472
29939161,M_health_recovery_growth,-1.2421154751647936,0.3573403004713171
30291077,M_health_recovery_growth,1.282212942917879,0.4680895014144924
30618705,M_health_recovery_growth,1.5555933176264365,0.012456177323153812
30627346,M_health_recovery_growth,1.3029095740115844,0.23821692274663925
306364,M_health_recovery_growth,-0.7494495565375926,-1.044232357320496
31276376,M_health_recovery_growth,0.3888089005065164,-0.6551198939722107
31424202,M_health_recovery_growth,-0.8456189045696407,-0.139132952069776
31625455,M_health_recovery_growth,-0.18078703790728962,3.593857793524712
32195234,M_health_recovery_growth,0.06853164715422277,-0.19097243137257475
33743772,M_health_recovery_growth,-0.34512283661466786,4.4599412698329255
34272677,M_health_recovery_growth,-2.3632604303622338,-2.932054848876786
34322023,M_health_recovery_growth,-0.8826058247536342,0.45970697104405356
34438741,M_health_recovery_growth,-0.256293002407516,-0.8671108404760417
34812836,M_health_recovery_growth,-0.2794127075182739,-0.2256075231295813
35008850,M_health_recovery_growth,-0.5551625337703192,-0.0014334261826917973
35053870,M_health_recovery_growth,-0.36817823633079005,0.03976722549348293
35109856,M_health_recovery_growth,-0.3656549423702592,0.14970932929876896
36429604,M_health_recovery_growth,1.4476122298310252,-0.5734545523234577
36437212,M_health_recovery_growth,-1.6366032436598241,-1.2289863746967504
36512901,M_health_recovery_growth,2.6443944344297234,-0.4750563955465782
36564103,M_health_recovery_growth,-2.114363765553499,0.28749801392231306
36600859,M_health_recovery_growth,0.4838956562595003,0.9128143860362594
36662463,M_health_recovery_growth,0.6829765414339771,-0.2062445383154195
40131614,M_health_recovery_growth,-1.705965755404925,-0.5332461365380782
4066312,M_health_recovery_growth,-0.008561544654200627,-0.11088758730640001
40727118,M_health_recovery_growth,0.2354256765643691,-1.9550652584264985
42427664,M_health_recovery_growth,-0.7606369742209194,1.1206928508134815
43728457,M_health_recovery_growth,2.291329095944107,1.4067972011049328
44099084,M_health_recovery_growth,-0.9832315766205443,0.46971877822785973
44168447,M_health_recovery_growth,1.9345789726554026,-0.31336175992615484
45156972,M_health_recovery_growth,-1.0601874118511652,-0.5477834357382241
45857023,M_health_recovery_growth,1.958989588359652,1.1967667068658252
46142566,M_health_recovery_growth,1.3969047094274565,-0.09906038974842496
48572514,M_health_recovery_growth,-0.8145703348051125,0.007464646250982398
49571946,M_health_recovery_growth,-1.1136625670700364,-0.5545724540194931
51208558,M_health_recovery_growth,2.638049075543835,-1.2150940822983398
51778361,M_health_recovery_growth,-1.031916090273843,0.5640995950247767
53490997,M_health_recovery_growth,1.5840271831838222,-0.639399462624656
53491020,M_health_recovery_growth,1.855372910684371,-1.5187816308261606
53491063,M_health_recovery_growth,-0.9889637510183937,0.19008715592998748
54474410,M_health_recovery_growth,-0.01989396892756807,-1.452763877924624
55538972,M_health_recovery_growth,-0.6440545015928323,0.8044641016797064
55583305,M_health_recovery_growth,-0.5498454110606875,1.8201543237722335
55590890,M_health_recovery_growth,0.026526637118880605,2.438622361114514
55738401,M_health_recovery_growth,-0.3102322498902058,0.5253316039484368
55817097,M_health_recovery_growth,0.032725851958665494,0.1682931294582888
55849103,M_health_recovery_growth,-0.7370202501668124,0.6651741412839328
56916467,M_health_recovery_growth,-0.37672545408689295,-0.9178746720575125
57200226,M_health_recovery_growth,-4.187277252326356,1.4327583221569742
57216633,M_health_recovery_growth,-0.40646761904845136,-0.3109720085806673
58013278,M_health_recovery_growth,-0.26808442747932526,-1.2667367212221792
58995736,M_health_recovery_growth,-0.426371330975284,1.0430279372816724
60217302,M_health_recovery_growth,-0.025227988678202706,0.42620066644634685
60416566,M_health_recovery_growth,-1.5837462122216224,-0.07040854659479077
60576722,M_health_recovery_growth,-1.0201136144893328,1.3092617102182988
60686882,M_health_recovery_growth,-0.5765543319948004,-0.42460046782510896
60797616,M_health_recovery_growth,-1.9447970407529482,1.0039045325230531
60809640,M_health_recovery_growth,-0.40416930724962224,0.2622736766347841
61229235,M_health_recovery_growth,0.264012398797101,-0.2911196863630817
61273778,M_health_recovery_growth,-0.6696304961875494,0.6404959977687231
62316382,M_health_recovery_growth,0.6504134986767397,-1.1789120586868957
62322599,M_health_recovery_growth,0.21730816799640867,-0.767739593472547
62626163,M_health_recovery_growth,-0.4742008202807387,0.19926272757073976
63046139,M_health_recovery_growth,-0.7303018515196721,-0.6868519679840606
63095160,M_health_recovery_growth,-0.565746519620204,-1.5276801884767188
63130875,M_health_recovery_growth,0.1924897184914589,-0.8773434916740841
63830782,M_health_recovery_growth,-0.1817975906658508,0.13639288377033257
75599070,M_health_recovery_growth,-1.2260997459626142,-3.051443307179987
8686068,M_health_recovery_growth,0.37548650205097805,0.12571144289837163
104659050,H_domestic_nesting,2.0749538810558996,0.2478324975051398
11266880,H_domestic_nesting,-0.4064995037290609,-1.484120485926834
123257687,H_domestic_nesting,-0.922967058736407,-2.0899300715064455
123446478,H_domestic_nesting,-1.1437178262693477,-1.9131535540400195
127305713,H_domestic_nesting,-0.924129173462974,-0.9387128691466629
149105520,H_domestic_nesting,-6.454749292165031,-0.5319491064405973
15197,H_domestic_nesting,-1.0717755621663068,-1.1340470486902845
161913,H_domestic_nesting,3.5223812721479417,0.8637962041797536
17561022,H_domestic_nesting,5.284184894989186,-0.13643293008870128
1756703,H_domestic_nesting,-3.5134470202804273,0.18615582837217773
18692741,H_domestic_nesting,6.718448408734697,1.702001336985667
201413413,H_domestic_nesting,4.631073092190764,0.9552172914896063
20346544,H_domestic_nesting,6.70609939381385,2.6231655988366964
208153130,H_domestic_nesting,-2.776723048220867,2.699434200662837
21787,H_domestic_nesting,7.143842818657141,-0.5079046261104562
22609391,H_domestic_nesting,-0.1063091634187078,-2.1629290836993293
22707536,H_domestic_nesting,-3.7973962983571172,-0.4736977613586834
23518136,H_domestic_nesting,6.21236922318725,-1.2542066795189246
27394781,H_domestic_nesting,5.478288901930903,-0.69394831494755
28675670,H_domestic_nesting,-2.660841303143075,-1.1605478217549026
28869598,H_domestic_nesting,1.7587380713040666,-0.7872891953738623
28963772,H_domestic_nesting,-2.9478237864359054,1.6244569460537175
29424551,H_domestic_nesting,-0.8539065962589314,-1.758425042103318
29939161,H_domestic_nesting,-6.712641820284776,-2.3191177760407755
30291077,H_domestic_nesting,5.8691774101515275,-0.003958976304418945
30618705,H_domestic_nesting,5.055731535023818,0.8291331523874764
30627346,H_domestic_nesting,2.906755929748585,1.3994508187366694
306364,H_domestic_nesting,-3.5808299583631085,-0.5519856022741938
31276376,H_domestic_nesting,-0.4322274252937795,-0.9976284557234479
31424202,H_domestic_nesting,-2.382043837699427,-1.6111832898852605
31625455,H_domestic_nesting,0.4854911518247859,-2.4304641766538837
32195234,H_domestic_nesting,1.289314012953236,-2.1701364959981775
33743772,H_domestic_nesting,1.597741894996984,-1.2068597816491313
34272677,H_domestic_nesting,-4.229422856502433,1.6747839000327098
34322023,H_domestic_nesting,0.06309698618118174,-3.756541859741542
34438741,H_domestic_nesting,-2.1857018380436006,2.117742468726375
34812836,H_domestic_nesting,-0.5387114963875641,-3.0318031599869877
35008850,H_domestic_nesting,-1.75768471535063,-0.25093670356225867
35053870,H_domestic_nesting,-1.8803468011179763,2.489905437637086
35109856,H_domestic_nesting,-0.44627113899998977,-4.8681526997074
36429604,H_domestic_nesting,2.7773382700115277,2.642311045401776
36437212,H_domestic_nesting,-8.312543187426847,-2.4171374489677464
36512901,H_domestic_nesting,7.204555329844675,1.4549954353740289
36564103,H_domestic_nesting,-6.82706121365122,1.8701991869923622
36600859,H_domestic_nesting,5.234601116546847,1.118995727861839
36662463,H_domestic_nesting,4.049121991221651,-0.28779188417214907
40131614,H_domestic_nesting,-4.282679917473517,-0.7971401679100788
4066312,H_domestic_nesting,-3.8466469054720522,-0.20808651515241597
40727118,H_domestic_nesting,0.10902824206027024,-1.4367979333895085
42427664,H_domestic_nesting,-3.740453401576535,-1.9788202614750328
43728457,H_domestic_nesting,5.0882454990872095,1.5528756907395926
44099084,H_domestic_nesting,-0.5461302624183255,-0.6477403368892282
44168447,H_domestic_nesting,6.243607316312433,-0.09222269011519245
45156972,H_domestic_nesting,-6.456325912418042,8.742471047074593
45857023,H_domestic_nesting,6.672515829642925,-0.27440758490723466
46142566,H_domestic_nesting,4.765653933650898,-0.3086604141112311
48572514,H_domestic_nesting,-2.8572242477648535,0.20700096881058086
49571946,H_domestic_nesting,-2.595656192018373,0.3738531778324855
51208558,H_domestic_nesting,6.023327684718369,0.5458923941213621
51778361,H_domestic_nesting,-2.371699642777838,-1.3504783864201195
53490997,H_domestic_nesting,5.544218104439952,0.72395493649206
53491020,H_domestic_nesting,5.6074303520517965,2.019272932016085
53491063,H_domestic_nesting,4.714446798162828,0.96915651600195
54474410,H_domestic_nesting,-3.6172290389597226,2.260482337327335
55538972,H_domestic_nesting,-3.251143920006715,-1.1006771747807658
55583305,H_domestic_nesting,-3.4087238200944676,-1.7974237231013719
55590890,H_domestic_nesting,-0.9068450730147695,-1.648789839502681
55738401,H_domestic_nesting,0.5388129528706951,-2.006536666633783
55817097,H_domestic_nesting,-1.8941728207190707,-1.3980144016578946
55849103,H_domestic_nesting,-1.947486332085167,-0.5825276256441358
56916467,H_domestic_nesting,-1.3388800299958497,-0.3533236103462751
57200226,H_domestic_nesting,-6.471938239766035,12.496621341295942
57216633,H_domestic_nesting,-1.2755750815476112,0.010520409674061317
58013278,H_domestic_nesting,0.9515265910390116,2.623715691499191
58995736,H_domestic_nesting,-1.600715088283077,0.8231499915540867
60217302,H_domestic_nesting,-1.4904680905573036,-2.806723016296502
60416566,H_domestic_nesting,-0.8911389581617458,0.18218162584708547
60576722,H_domestic_nesting,-2.4005666479869383,-1.3665518283064073
60686882,H_domestic_nesting,-2.570171006470976,-0.9390276253160109
60797616,H_domestic_nesting,-0.42784530902269574,-0.32584077662901756
60809640,H_domestic_nesting,-4.340896280704415,1.1516019432940277
61229235,H_domestic_nesting,-0.006718366180148148,0.18400471530695722
61273778,H_domestic_nesting,-1.2752244559447006,0.8230761477732932
62316382,H_domestic_nesting,3.941525486838232,1.325083134063018
62322599,H_domestic_nesting,0.15823264874350065,0.3425656037758403
62626163,H_domestic_nesting,-2.596944783608576,2.2034614545637083
63046139,H_domestic_nesting,-5.222317185753564,-0.7298260116976831
63095160,H_domestic_nesting,2.9315956727546215,0.9205519795317273
63130875,H_domestic_nesting,0.09961617330819268,-1.8088417074158891
63830782,H_domestic_nesting,-3.1083068405200525,-1.8134121753625478
75599070,H_domestic_nesting,2.975492143088358,3.7480698902734373
8686068,H_domestic_nesting,1.177314757782837,-2.026277631669382
104659050,I_humor_lightness,-0.3408807142745754,0.8967943673955614
11266880,I_humor_lightness,0.030901574292284226,-0.9769227147213709
123257687,I_humor_lightness,-0.01930631941198929,-1.0518928777773109
123446478,I_humor_lightness,-0.12974996234200228,-0.6582787610078197
127305713,I_humor_lightness,-0.3466082659729102,-0.6392297126170844
149105520,I_humor_lightness,1.9735112114632445,-0.5238801593689362
15197,I_humor_lightness,0.02041058479893107,-0.21293495182459787
161913,I_humor_lightness,-1.269782897147681,0.5213767051870842
17561022,I_humor_lightness,-1.7413027788577446,0.5989249893740964
1756703,I_humor_lightness,1.177315739881651,-1.3635585939580064
18692741,I_humor_lightness,-1.1838676394082959,0.4698034501116366
201413413,I_humor_lightness,-2.5071933179141483,0.6422121830607402
20346544,I_humor_lightness,-1.4981422524799173,-0.10351787208418135
208153130,I_humor_lightness,1.2320124748872592,0.532630753158258
21787,I_humor_lightness,-1.6920524571372886,0.7226018096674894
22609391,I_humor_lightness,-1.7014286538409291,-2.9788781118802246
22707536,I_humor_lightness,1.6537802605290812,0.3146224073185527
23518136,I_humor_lightness,-1.5893778531379226,-0.40193019867880997
27394781,I_humor_lightness,-1.6088998518732174,-0.6350062883290785
28675670,I_humor_lightness,1.179612621461013,-0.8447053427188392
28869598,I_humor_lightness,-0.570032623832025,0.1595302450331465
28963772,I_humor_lightness,0.34150516558449134,-0.6382789764652363
29424551,I_humor_lightness,-1.1605788778529291,0.9130302389610463
29939161,I_humor_lightness,1.606108674014742,-0.9435968349881843
30291077,I_humor_lightness,-1.488676321730553,0.7979391509843344
30618705,I_humor_lightness,-0.8617623540555756,0.21197058681758035
30627346,I_humor_lightness,-0.4818299223347905,-0.28956176500483316
306364,I_humor_lightness,1.0459068491713066,-1.040826071167871
31276376,I_humor_lightness,-0.5101243241501598,0.35681780125092477
31424202,I_humor_lightness,0.233650773761571,-0.17074415649883487
31625455,I_humor_lightness,-0.2672024641442047,-0.8844903512369071
32195234,I_humor_lightness,-0.22563310556666086,-0.055452146399924934
33743772,I_humor_lightness,-1.0094412090952827,-0.4383433440382817
34272677,I_humor_lightness,1.933583527874306,-0.2699353041129116
34322023,I_humor_lightness,-1.8524016988647032,-3.150904980209437
34438741,I_humor_lightness,1.590577122344526,0.19985044724854956
34812836,I_humor_lightness,-0.892120129219709,-0.5409474164632226
35008850,I_humor_lightness,-0.23329908793995588,-0.4420110929592297
35053870,I_humor_lightness,-0.05232433166448379,-0.2725787699987331
35109856,I_humor_lightness,-0.6731488277156736,-1.6036347116074292
36429604,I_humor_lightness,-1.2395290904379919,0.27393054471569706
36437212,I_humor_lightness,4.796882719308311,0.8957250205882753
36512901,I_humor_lightness,-0.886310424181877,1.4454290102996645
36564103,I_humor_lightness,2.3294660541628356,0.12106068001262651
36600859,I_humor_lightness,-0.5859715872109236,1.3953690256799716
36662463,I_humor_lightness,-1.5886937005317994,1.4614059381168938
40131614,I_humor_lightness,2.2805123355625234,-0.4509328217557129
4066312,I_humor_lightness,1.3600736347212024,-1.2069544665099772
40727118,I_humor_lightness,-0.14567857229134543,-0.746997330359118
42427664,I_humor_lightness,1.394175304716662,-1.394674184153968
43728457,I_humor_lightness,-1.8530126677136924,0.6928219464553467
44099084,I_humor_lightness,-1.7940508067840275,0.9836160804060498
44168447,I_humor_lightness,-3.282584452985447,1.3403314134472815
45156972,I_humor_lightness,4.701357408177381,4.18701547725413
45857023,I_humor_lightness,-0.8583297505487987,0.6253775956906455
46142566,I_humor_lightness,-2.5446214469919273,1.511462980779164
48572514,I_humor_lightness,0.6226621370212907,0.6648063294410863
49571946,I_humor_lightness,1.4047117485692087,-0.22080096269403626
51208558,I_humor_lightness,-2.5709934265227146,0.9276002342991516
51778361,I_humor_lightness,1.9909352483240885,2.2353506818929216
53490997,I_humor_lightness,-1.292713788554924,-0.323304332622308
53491020,I_humor_lightness,-1.7288067392927835,-0.3419149152597751
53491063,I_humor_lightness,-1.532078406973818,0.35678447418573533
54474410,I_humor_lightness,0.2008916295177012,-0.638441190227752
55538972,I_humor_lightness,0.44571709193460035,0.0840883042140709
55583305,I_humor_lightness,0.9320663951303761,-0.6037125213483227
55590890,I_humor_lightness,0.2678704026012769,-0.30514872372010676
55738401,I_humor_lightness,-0.25690620406660264,0.6088286315698318
55817097,I_humor_lightness,1.1706420046544188,-1.53746933384615
55849103,I_humor_lightness,0.31376246984484957,0.028799329727376605
56916467,I_humor_lightness,-0.5531869405445436,0.19280230817189348
57200226,I_humor_lightness,2.603557641008241,1.5383090777365513
57216633,I_humor_lightness,0.3693698655891635,0.9020320792573198
58013278,I_humor_lightness,-0.0038943174042239425,1.339417013037917
58995736,I_humor_lightness,0.83271225825321,0.10591177058005026
60217302,I_humor_lightness,0.833485395565478,-1.4289316301299797
60416566,I_humor_lightness,1.4287919928286021,-0.3546712144084666
60576722,I_humor_lightness,-0.8051185976565279,0.5920694618193275
60686882,I_humor_lightness,0.44411930824459794,-0.08234782250602801
60797616,I_humor_lightness,0.317818176562781,0.8483396023669036
60809640,I_humor_lightness,0.613697512019675,-0.32005594925396647
61229235,I_humor_lightness,0.8996130452476195,-0.89965593180465
61273778,I_humor_lightness,-0.3803220643140466,-0.1296120521049778
62316382,I_humor_lightness,-0.18148273035716747,1.0444450206549463
62322599,I_humor_lightness,1.3866187092340247,0.04811996132617036
62626163,I_humor_lightness,0.31488678222142497,0.04488126844885483
63046139,I_humor_lightness,1.3497544140287518,-1.2209197123891513
63095160,I_humor_lightness,-0.1102747711671825,3.2292293470856572
63130875,I_humor_lightness,-0.9607838222385153,-0.59710083607815
63830782,I_humor_lightness,0.3980712961509738,-1.308594459470462
75599070,I_humor_lightness,2.104530627796512,-1.989571533322431
8686068,I_humor_lightness,-1.065117638325979,0.17038768525227166
104659050,J_social_support_kin,2.5244011971152776,2.861716384547315
11266880,J_social_support_kin,-0.5403292251538971,-1.413564623007187
123257687,J_social_support_kin,-1.1281204103140583,-0.17480919528104424
123446478,J_social_support_kin,-0.07518561016302557,0.8046070171834291
127305713,J_social_support_kin,-1.7333172599270465,0.21986105280168625
149105520,J_social_support_kin,-1.5012131199301604,-1.1130342753221463
15197,J_social_support_kin,-0.7207264693703578,0.4404042586613246
161913,J_social_support_kin,1.1565327796601927,0.8465864899837334
17561022,J_social_support_kin,2.2324401940299397,-1.6040940169943159
1756703,J_social_support_kin,-2.2023866874561944,-1.3556679172485315
18692741,J_social_support_kin,2.4884970285134926,-0.6392911601751863
201413413,J_social_support_kin,0.9786395257820611,-2.881636500562663
20346544,J_social_support_kin,4.193231965146942,-1.6137757868460894
208153130,J_social_support_kin,-0.7626632133976798,-1.937677022348413
21787,J_social_support_kin,2.307760437707191,-0.4454281882264931
22609391,J_social_support_kin,-0.1674189963421845,0.04244485330948963
22707536,J_social_support_kin,0.027224120091149173,-1.3959002267699663
23518136,J_social_support_kin,2.935868977263477,0.2024780424414711
27394781,J_social_support_kin,3.9728129998061137,0.6173357628358621
28675670,J_social_support_kin,-0.16203987757509414,-0.40603862610469466
28869598,J_social_support_kin,1.7745088018354205,-1.7987796504729152
28963772,J_social_support_kin,-1.5861762609113415,-1.3432550963717114
29424551,J_social_support_kin,0.5369795573077267,0.12411348158183413
29939161,J_social_support_kin,-3.7723320645790097,-1.8040312213476728
30291077,J_social_support_kin,2.1210691669816693,-0.9297089963511008
30618705,J_social_support_kin,3.5937301345139967,3.2446603432824617
30627346,J_social_support_kin,1.3229752710885545,-0.47521624975691074
306364,J_social_support_kin,-2.6057510798158314,0.8628072072472257
31276376,J_social_support_kin,-0.3538183498576856,1.0666714462769353
31424202,J_social_support_kin,-1.1741638515846904,0.45388111383210733
31625455,J_social_support_kin,0.08986037165106243,1.7098392414938766
32195234,J_social_support_kin,0.9593400619025766,0.9266328749850462
33743772,J_social_support_kin,1.0785331426673752,0.16727854090527583
34272677,J_social_support_kin,-1.1786464322451897,0.008378089964396809
34322023,J_social_support_kin,-0.1535841841139184,-0.5661455856205152
34438741,J_social_support_kin,-0.9480696281645855,-1.89259120263583
34812836,J_social_support_kin,-0.019175053785959354,0.19528696448160715
35008850,J_social_support_kin,-1.9182460269511135,0.5466056705054434
35053870,J_social_support_kin,-1.1461329778500349,-0.5048893682459858
35109856,J_social_support_kin,-0.6737921120260825,-0.7511280102234745
36429604,J_social_support_kin,0.08056587993146394,-2.2040744184373313
36437212,J_social_support_kin,-0.27563367642559566,-2.3715425277118185
36512901,J_social_support_kin,2.8596944227592007,0.5178257172817031
36564103,J_social_support_kin,-3.2506150352868075,-0.9578791791366866
36600859,J_social_support_kin,1.5155907080878857,-0.9326443478046407
36662463,J_social_support_kin,3.9608384178029694,0.48819333564299433
40131614,J_social_support_kin,-1.7104575623310496,-0.5988549494158145
4066312,J_social_support_kin,-2.531873413878704,0.19982834814421283
40727118,J_social_support_kin,-2.0008817335152695,1.7666821258684249
42427664,J_social_support_kin,-1.6272505563984965,-1.3413191242645441
43728457,J_social_support_kin,3.0196800559351877,-1.9165692277336823
44099084,J_social_support_kin,-0.420177614377049,2.033938578052785
44168447,J_social_support_kin,3.7654394829736137,-0.6643369582341472
45156972,J_social_support_kin,-1.563141525144982,-2.6147410255694625
45857023,J_social_support_kin,2.9188445918573196,-1.1676477555152314
46142566,J_social_support_kin,3.387507426343402,-0.8144202655126127
48572514,J_social_support_kin,-4.283500619587906,6.257584589833774
49571946,J_social_support_kin,-1.7528496267911835,-0.8541623039919733
51208558,J_social_support_kin,3.256441504232923,3.7361104313907956
51778361,J_social_support_kin,-0.10765259492981438,0.8644407436410144
53490997,J_social_support_kin,2.306676217040733,-0.4382117026104463
53491020,J_social_support_kin,3.0048194109248945,-0.8527628076018492
53491063,J_social_support_kin,3.9781495326450127,-1.4507707472185118
54474410,J_social_support_kin,-0.8460224126346185,-1.7015654768076893
55538972,J_social_support_kin,0.12468457514938466,-1.0509416685800712
55583305,J_social_support_kin,-1.576738732460963,-1.7599772180278892
55590890,J_social_support_kin,-0.5732724609352869,-0.22540178111116077
55738401,J_social_support_kin,0.27738238812516364,1.338713656950121
55817097,J_social_support_kin,-3.8919711722668606,0.8875684949797278
55849103,J_social_support_kin,-0.20190236603040707,0.11381319949498854
56916467,J_social_support_kin,-1.3900603596799872,1.4936813567713303
57200226,J_social_support_kin,-1.4604946114497417,-2.9331912490767937
57216633,J_social_support_kin,-2.0404675688911764,2.876424894179719
58013278,J_social_support_kin,3.5545724601309097,1.0243036890964303
58995736,J_social_support_kin,-1.252568633003534,0.33174747889799244
60217302,J_social_support_kin,-2.0954657913703705,-0.7276414513328865
60416566,J_social_support_kin,-1.5105419658390122,-1.1225786335074406
60576722,J_social_support_kin,-1.7415055083651259,1.3705147398049482
60686882,J_social_support_kin,-2.52955357723245,2.6835097057291795
60797616,J_social_support_kin,-0.2802749164387182,-0.047944974036917644
60809640,J_social_support_kin,-2.642974806543849,-1.7844112017442122
61229235,J_social_support_kin,-1.9899645858629382,-0.349746905734995
61273778,J_social_support_kin,-0.08989263984052877,-0.7493065085898457
62316382,J_social_support_kin,0.5064629839755946,4.401031740978809
62322599,J_social_support_kin,-1.0174166813004242,2.1442700060725444
62626163,J_social_support_kin,-0.9871982980713019,-0.35151236478241576
63046139,J_social_support_kin,-1.8638745951108724,-2.4716815950513165
63095160,J_social_support_kin,0.7560577246072048,1.613295324516298
63130875,J_social_support_kin,-0.4284138818919835,2.3531188448778972
63830782,J_social_support_kin,-1.6362205218858679,-0.8125185260340154
75599070,J_social_support_kin,2.075328089169231,1.6704006239307219
8686068,J_social_support_kin,0.4509773325317023,4.806433352632308
104659050,K_professional_intrusion,-1.12250986581019,-0.33988821974944944
11266880,K_professional_intrusion,0.6459748529806859,0.07666349816085004
123257687,K_professional_intrusion,1.0748811542459986,1.4370021283599324
123446478,K_professional_intrusion,-0.5544800400044265,0.01589799539682099
127305713,K_professional_intrusion,0.7926222462537691,1.3590550762793305
149105520,K_professional_intrusion,2.9593986506856464,0.18921338206513771
15197,K_professional_intrusion,0.04460913150544451,-1.1315613951439625
161913,K_professional_intrusion,-1.8844723140518294,0.6738785937402677
17561022,K_professional_intrusion,-0.9017735563413409,0.9914471684515961
1756703,K_professional_intrusion,1.042839652883137,0.4833415777778768
18692741,K_professional_intrusion,-2.522060083687622,-0.649094469909698
201413413,K_professional_intrusion,-1.6685163198174227,1.0088644510053115
20346544,K_professional_intrusion,-3.6242033801903735,-0.8036554046270403
208153130,K_professional_intrusion,-0.593813225751952,0.1470557160295609
21787,K_professional_intrusion,-2.0945428115951037,0.48324651538779884
22609391,K_professional_intrusion,-0.007840028996859974,-0.38537843905527724
22707536,K_professional_intrusion,2.7867566570796796,1.026360592875664
23518136,K_professional_intrusion,-0.3359207003382022,2.608903432203833
27394781,K_professional_intrusion,-0.7069781889257877,1.048502956481797
28675670,K_professional_intrusion,1.6060934259687065,0.8972888118747607
28869598,K_professional_intrusion,-0.6334759784972156,0.2817587545202078
28963772,K_professional_intrusion,-1.0090597939944335,0.40056602461478086
29424551,K_professional_intrusion,-0.9436326228554373,-1.0854422296302975
29939161,K_professional_intrusion,4.8843353053365455,-0.4076438957534881
30291077,K_professional_intrusion,-3.66020157703381,-1.8585496262420373
30618705,K_professional_intrusion,-1.2188904091108654,0.7107018802190532
30627346,K_professional_intrusion,-2.06062760042135,-0.23032713051091666
306364,K_professional_intrusion,-0.18195339896434135,0.5089378501431941
31276376,K_professional_intrusion,-0.6339745009031399,0.3459206148233862
31424202,K_professional_intrusion,1.0990015458679872,-1.081966015579744
31625455,K_professional_intrusion,-0.2780700949073194,-1.7388052511712055
32195234,K_professional_intrusion,0.18571462465563163,-0.3361040582808884
33743772,K_professional_intrusion,-0.6484399235765046,-0.028382069132711824
34272677,K_professional_intrusion,1.842929935140757,-4.29142673257917
34322023,K_professional_intrusion,-0.8579050040802516,-0.16465771287349923
34438741,K_professional_intrusion,-0.982163575164684,-0.3739717695562597
34812836,K_professional_intrusion,0.6914198331668145,1.2102269188573576
35008850,K_professional_intrusion,0.9008547668093786,0.6266871823231118
35053870,K_professional_intrusion,0.8688596326226605,-1.0685570299301421
35109856,K_professional_intrusion,-1.2396137097576916,-0.5477968271150271
36429604,K_professional_intrusion,-0.5802849426747471,0.009637304300638526
36437212,K_professional_intrusion,1.1144897747137654,-0.7504385994514167
36512901,K_professional_intrusion,-2.5590755336915305,-0.012465120155418624
36564103,K_professional_intrusion,2.082333327262307,-2.168881070566533
36600859,K_professional_intrusion,-0.8577396778006833,2.2303137293200153
36662463,K_professional_intrusion,-1.3521831202226704,1.7260155897072877
40131614,K_professional_intrusion,1.5590752303355244,0.25064772299394134
4066312,K_professional_intrusion,0.2872835848688867,0.8440033104354951
40727118,K_professional_intrusion,0.3845002961785226,0.9423487257948283
42427664,K_professional_intrusion,1.148543271941911,0.3564300098894418
43728457,K_professional_intrusion,-1.9844395409756648,-0.044415159725948145
44099084,K_professional_intrusion,-0.9089112545349534,-0.5381782716684913
44168447,K_professional_intrusion,-1.548325287406406,1.2841784926910813
45156972,K_professional_intrusion,2.662943331276776,-2.775344716184074
45857023,K_professional_intrusion,-2.6718773438198453,-1.681588602234062
46142566,K_professional_intrusion,-2.953778477195151,-0.5048500348024475
48572514,K_professional_intrusion,-0.2740718119263183,1.7063466243647085
49571946,K_professional_intrusion,2.6987279154136585,-1.564357487968588
51208558,K_professional_intrusion,-2.569437622640242,-0.963069035036901
51778361,K_professional_intrusion,1.4422393220464509,-2.159188482352213
53490997,K_professional_intrusion,-2.2545227016922587,0.21512896375551321
53491020,K_professional_intrusion,-3.4897770527059992,-0.33902616574751526
53491063,K_professional_intrusion,-2.3012158062959944,-2.143581222344411
54474410,K_professional_intrusion,0.837270950251656,0.9634273651799033
55538972,K_professional_intrusion,2.5048426575364187,2.0455143890203256
55583305,K_professional_intrusion,0.7674128653344856,0.3695056439185791
55590890,K_professional_intrusion,1.2680449195920802,1.7582853672188037
55738401,K_professional_intrusion,-0.21642364549486445,-0.5516293679956304
55817097,K_professional_intrusion,1.0630559124046768,1.385964068990208
55849103,K_professional_intrusion,1.8700263363040226,1.9331214664861776
56916467,K_professional_intrusion,0.30025427190068954,0.18909383859848158
57200226,K_professional_intrusion,1.2140430679651963,-2.246951623006861
57216633,K_professional_intrusion,0.9370944066394575,2.1954756447412342
58013278,K_professional_intrusion,1.941936670378511,-6.189148817882367
58995736,K_professional_intrusion,1.4191303597054976,2.1309687025911277
60217302,K_professional_intrusion,0.4234564755345417,1.5630219814101223
60416566,K_professional_intrusion,1.344562273501072,-2.482119043633946
60576722,K_professional_intrusion,0.3241795445401143,0.6302324949237985
60686882,K_professional_intrusion,0.46997076805990984,1.562751697894533
60797616,K_professional_intrusion,-0.2433127331523388,-0.13358740817044817
60809640,K_professional_intrusion,0.7091517450367503,0.7442323696583938
61229235,K_professional_intrusion,0.957302321891908,1.7616837087448287
61273778,K_professional_intrusion,-0.7112194765239479,-0.11456738734478703
62316382,K_professional_intrusion,-2.816159319795941,-0.08808214790249809
62322599,K_professional_intrusion,-0.3490628285607365,-0.34674250734917705
62626163,K_professional_intrusion,-0.7541587592139574,0.44521826264374414
63046139,K_professional_intrusion,6.475399523407194,0.1611537018127756
63095160,K_professional_intrusion,-0.45376800783209553,0.6832466363701725
63130875,K_professional_intrusion,0.1024924721514093,0.8329545115766033
63830782,K_professional_intrusion,1.534381567539813,1.3560826915268107
75599070,K_professional_intrusion,1.6468623966824176,-1.6746133166151684
8686068,K_professional_intrusion,-0.7024353266639631,-2.8124722731714864
104659050,N_separation_reunion,-0.22174552565395533,2.0173562230605815
11266880,N_separation_reunion,-0.22087781922844046,0.5812975803615527
123257687,N_separation_reunion,-0.9912991614694476,0.6874550118232824
123446478,N_separation_reunion,0.20491296678648405,0.6911758905354141
127305713,N_separation_reunion,0.7629390447000821,0.003252776894511615
149105520,N_separation_reunion,1.8877043086720484,-1.4542808183259117
15197,N_separation_reunion,-1.130130739750973,2.184771455771706
161913,N_separation_reunion,0.39383323992265507,-0.23693164951856358
17561022,N_separation_reunion,-1.803043667839147,-0.9347355213686064
1756703,N_separation_reunion,1.194139427833816,0.39003266369348033
18692741,N_separation_reunion,-1.8716917878540618,-1.5557973263701852
201413413,N_separation_reunion,0.6583714092896158,-1.1691666254654889
20346544,N_separation_reunion,-2.5888935342910133,-0.4732137182615238
208153130,N_separation_reunion,0.8177639892221633,0.07172476006892262
21787,N_separation_reunion,0.20218671057218357,0.021675619381177368
22609391,N_separation_reunion,1.476770669414607,-2.9880725826423156
22707536,N_separation_reunion,-1.5306057771003423,-0.559075893212419
23518136,N_separation_reunion,-1.6444659218972428,-0.10908443103089713
27394781,N_separation_reunion,0.029953293815383867,1.3345444694321256
28675670,N_separation_reunion,0.6779701689123715,0.2318093740225405
28869598,N_separation_reunion,-0.26094342018627226,-0.7356271328316459
28963772,N_separation_reunion,0.7589729900474078,0.06805250235290054
29424551,N_separation_reunion,-0.7790812157691027,-0.10499567727183556
29939161,N_separation_reunion,3.7514154023680883,-0.3540702883244594
30291077,N_separation_reunion,-1.3364830961992407,-0.505071341106332
30618705,N_separation_reunion,-2.1838174710841822,-0.6795697685829561
30627346,N_separation_reunion,-0.23150189879143943,0.7821224198007944
306364,N_separation_reunion,0.7734827033480022,-0.33675574641278155
31276376,N_separation_reunion,-0.2745454912409567,0.24186862094505043
31424202,N_separation_reunion,0.8101776084109191,-0.2416557342035813
31625455,N_separation_reunion,-0.47027520843344256,-0.7165938976815049
32195234,N_separation_reunion,-0.49671208418007157,-0.8417348937434816
33743772,N_separation_reunion,0.29659903781924096,0.08207927161317168
34272677,N_separation_reunion,-0.9004063848116076,-1.303629263346272
34322023,N_separation_reunion,3.0066074890355976,-3.70067439419227
34438741,N_separation_reunion,1.1119041826054095,-0.08289631669894024
34812836,N_separation_reunion,0.16375348840373963,0.6871067608598266
35008850,N_separation_reunion,1.0567011373391053,1.6122400625331097
35053870,N_separation_reunion,0.29896928068849254,1.620283471377491
35109856,N_separation_reunion,0.44269896017594196,0.381163603782329
36429604,N_separation_reunion,-1.0260780268239251,-0.2971861186436767
36437212,N_separation_reunion,0.2821237902059512,-1.7636962274064607
36512901,N_separation_reunion,-0.8282388405706199,-1.3371407814226708
36564103,N_separation_reunion,0.5252642490056724,1.7601456784417617
36600859,N_separation_reunion,-1.0158217596184467,0.5573617381596044
36662463,N_separation_reunion,-1.0451559145263394,0.23695607758772894
40131614,N_separation_reunion,1.15814583760874,0.04282736509934084
4066312,N_separation_reunion,1.5137480988931906,-0.06329819992450703
40727118,N_separation_reunion,2.2554233920236406,0.11209351728798367
42427664,N_separation_reunion,0.2065963489910897,0.6090643883456933
43728457,N_separation_reunion,-1.082069929794813,-1.1728445218315589
44099084,N_separation_reunion,1.5488046621892804,1.4477623469440153
44168447,N_separation_reunion,-1.098906235207783,2.086215454625391
45156972,N_separation_reunion,0.2526402239451223,0.39026982464198423
45857023,N_separation_reunion,-2.240258259600238,0.007606225459700925
46142566,N_separation_reunion,0.7563643830650713,2.0904656454228787
48572514,N_separation_reunion,1.2173645380237572,-0.8089198269352574
49571946,N_separation_reunion,0.3520047165933145,0.5864610859974004
51208558,N_separation_reunion,-2.790395431006223,0.5243618041475306
51778361,N_separation_reunion,0.643875442466239,1.6310334074116082
53490997,N_separation_reunion,-1.6498009694831992,0.13436191871786438
53491020,N_separation_reunion,0.33050429715473895,-0.24291135598016997
53491063,N_separation_reunion,-3.2598324061017796,-0.9293199234989131
54474410,N_separation_reunion,0.8230381717041276,0.08764521748864237
55538972,N_separation_reunion,0.9639970109398839,0.18141265093489833
55583305,N_separation_reunion,1.823069680467223,0.032518450560064006
55590890,N_separation_reunion,0.9205876587989215,-0.7303221508916219
55738401,N_separation_reunion,-1.4481802409468476,0.1590666656782766
55817097,N_separation_reunion,-0.0992038811986887,-0.42118274202485845
55849103,N_separation_reunion,-0.6177822266419771,-0.31858773387936934
56916467,N_separation_reunion,0.22718757063293663,0.6027451664368423
57200226,N_separation_reunion,1.2894962686727318,-1.323945155075887
57216633,N_separation_reunion,0.4704371773496158,-0.2625110158089933
58013278,N_separation_reunion,-1.566459319137646,-0.06200810816112761
58995736,N_separation_reunion,0.7464982254317325,-1.1752512627586782
60217302,N_separation_reunion,-0.1195562260828751,0.13365838440421207
60416566,N_separation_reunion,-0.08809858246894371,0.33713374646313693
60576722,N_separation_reunion,1.3766727595877877,-1.293436664162839
60686882,N_separation_reunion,0.10973529863592017,0.43793864974398183
60797616,N_separation_reunion,-0.47772045990524276,1.1952004779593204
60809640,N_separation_reunion,0.9032212487551738,0.1960114983147186
61229235,N_separation_reunion,0.02990758986482456,0.44180193461414985
61273778,N_separation_reunion,0.18258904958968855,0.8131308697578066
62316382,N_separation_reunion,0.6372832542924188,0.6808611257778522
62322599,N_separation_reunion,-0.6945048653460014,-0.43261662140133234
62626163,N_separation_reunion,1.0044128055712127,0.7325058471505864
63046139,N_separation_reunion,-1.668808027798263,-0.9829984620371559
63095160,N_separation_reunion,-0.40613729317079267,1.3930978988536258
63130875,N_separation_reunion,1.308976367005437,1.5694292699656867
63830782,N_separation_reunion,0.43507384974682306,0.9024865743464257
75599070,N_separation_reunion,-1.4227577354685752,-2.733556427181384
8686068,N_separation_reunion,-1.4905846399154643,-0.36827712543224594
104659050,O_aesthetics_appearance,-0.04844242477676484,-0.3335759498091201
11266880,O_aesthetics_appearance,0.02252030708299017,-0.5611315718094009
123257687,O_aesthetics_appearance,0.17774302521309768,0.317831776518027
123446478,O_aesthetics_appearance,-0.34459737207051744,0.4382336141644163
127305713,O_aesthetics_appearance,0.46125262634324476,-0.5412451877645745
149105520,O_aesthetics_appearance,1.6987743394534522,-0.38683580692174385
15197,O_aesthetics_appearance,0.502680089520752,-0.5737257871434941
161913,O_aesthetics_appearance,-0.8511511152863879,0.21305203548038837
17561022,O_aesthetics_appearance,-1.4911975861797013,-0.08358947629812899
1756703,O_aesthetics_appearance,0.22685999706509238,-0.1313683840048831
18692741,O_aesthetics_appearance,-1.108277341760251,0.031430298206941994
201413413,O_aesthetics_appearance,-1.4818466697693937,-0.06344124996693686
20346544,O_aesthetics_appearance,-1.4531780215353673,-0.11235603842982547
208153130,O_aesthetics_appearance,3.630460191531753,3.912334652498386
21787,O_aesthetics_appearance,-1.1839531647212973,-0.15107454343523435
22609391,O_aesthetics_appearance,0.058167986403427636,2.433609315162182
22707536,O_aesthetics_appearance,1.0677339370568297,-0.1016777576281531
23518136,O_aesthetics_appearance,-2.3742440507206015,2.0101865515651083
27394781,O_aesthetics_appearance,-2.9843372623646607,1.9869858624952443
28675670,O_aesthetics_appearance,-0.023713473464633258,-2.258714194470003
28869598,O_aesthetics_appearance,-1.4561474752575685,-1.4278467574503404
28963772,O_aesthetics_appearance,-0.03291944702608865,0.4670655755090254
29424551,O_aesthetics_appearance,-0.8528267856661993,-3.071334766889195
29939161,O_aesthetics_appearance,0.9605956735435003,-0.21939186558002208
30291077,O_aesthetics_appearance,-1.1512688171570156,0.4511412888591702
30618705,O_aesthetics_appearance,-0.9912074728530221,0.6751185395433839
30627346,O_aesthetics_appearance,-1.8437710962474492,-1.1160516706290144
306364,O_aesthetics_appearance,0.5963127085717976,0.18932731283215945
31276376,O_aesthetics_appearance,-0.5018172899929175,-1.4141928359629696
31424202,O_aesthetics_appearance,0.7985184417531921,-0.42135924389299756
31625455,O_aesthetics_appearance,-0.4073137359400785,0.5482850951423754
32195234,O_aesthetics_appearance,0.35572797680633667,-0.5798426226885658
33743772,O_aesthetics_appearance,-0.7213728906324847,-0.4007203081599614
34272677,O_aesthetics_appearance,3.8322535744770074,-1.8146636934761848
34322023,O_aesthetics_appearance,-0.19300096264420472,-0.20301519099682894
34438741,O_aesthetics_appearance,3.7999369935665315,-0.1734438564264335
34812836,O_aesthetics_appearance,-0.7914017770974392,0.6080896686801024
35008850,O_aesthetics_appearance,0.15640923867720477,-0.3715675611893867
35053870,O_aesthetics_appearance,-0.7735708250141605,-1.6751314713464154
35109856,O_aesthetics_appearance,-0.551423123287007,-0.15856818301567613
36429604,O_aesthetics_appearance,-1.2928419686675554,0.43085810712990225
36437212,O_aesthetics_appearance,1.901291870700823,-1.0566726172649947
36512901,O_aesthetics_appearance,-1.5311732759526473,-0.12020668186070735
36564103,O_aesthetics_appearance,1.5991107297132539,3.5656263355950673
36600859,O_aesthetics_appearance,-1.1113600997089925,0.5665322128433357
36662463,O_aesthetics_appearance,-1.1099702776931424,-0.4300659044024232
40131614,O_aesthetics_appearance,2.4953788304434124,-0.6795020402452064
4066312,O_aesthetics_appearance,0.572937373016233,-0.4983654280142237
40727118,O_aesthetics_appearance,0.40787177231588523,1.0048035151144543
42427664,O_aesthetics_appearance,0.48917053398290977,-0.19284475997829365
43728457,O_aesthetics_appearance,-1.267693845007001,0.23189508453815458
44099084,O_aesthetics_appearance,-0.36903991641086736,-0.33829307794517954
44168447,O_aesthetics_appearance,-1.086886841410238,-0.4920370426295279
45156972,O_aesthetics_appearance,0.14833794184211554,-0.02996123162693083
45857023,O_aesthetics_appearance,-1.386741218727113,0.13675166559349436
46142566,O_aesthetics_appearance,-1.4867000814707025,0.5140780348495133
48572514,O_aesthetics_appearance,-0.5237835280964436,0.07747885537778451
49571946,O_aesthetics_appearance,1.3057289277357809,-1.0371395607808735
51208558,O_aesthetics_appearance,-1.350352846809487,-0.014794525133439936
51778361,O_aesthetics_appearance,0.5848742958679052,-0.5614659348662081
53490997,O_aesthetics_appearance,-1.1549988378871776,0.30261419272144385
53491020,O_aesthetics_appearance,-1.2375505377818503,0.07835222040014572
53491063,O_aesthetics_appearance,0.6860098057259022,-0.7811481923930238
54474410,O_aesthetics_appearance,3.2701664789862357,-0.4420054836052597
55538972,O_aesthetics_appearance,0.2755544892681751,1.0776256453597037
55583305,O_aesthetics_appearance,0.7819851886728353,0.35599266211057073
55590890,O_aesthetics_appearance,0.8083692955748342,-0.19324622432892358
55738401,O_aesthetics_appearance,0.5332311789100672,-0.45508061145771406
55817097,O_aesthetics_appearance,0.2240838394068928,0.642909318333286
55849103,O_aesthetics_appearance,-0.3852100960238628,0.04125443252265003
56916467,O_aesthetics_appearance,-0.4017475860043209,-0.00894675447933389
57200226,O_aesthetics_appearance,0.6907236052646245,1.9531319752035217
57216633,O_aesthetics_appearance,0.88123408969887,0.24612056251136857
58013278,O_aesthetics_appearance,0.9389885800920253,-0.9334646949174153
58995736,O_aesthetics_appearance,0.15342944300838,-0.46865169549507313
60217302,O_aesthetics_appearance,0.37286926449666663,0.18935540868267053
60416566,O_aesthetics_appearance,0.7154220889424889,0.020160682953146023
60576722,O_aesthetics_appearance,0.6106530723126912,-0.04376859289113902
60686882,O_aesthetics_appearance,-0.6127029078282457,-0.1352248201699539
60797616,O_aesthetics_appearance,-0.4255044203626352,0.6375954930846375
60809640,O_aesthetics_appearance,0.5525920897797744,-0.36029248048168616
61229235,O_aesthetics_appearance,0.38515032806883265,0.9464211156755162
61273778,O_aesthetics_appearance,-0.18802408649763314,-0.06846362128505906
62316382,O_aesthetics_appearance,-0.9849010896396074,-0.4952514011650605
62322599,O_aesthetics_appearance,-0.3164771814264693,0.2129438403395668
62626163,O_aesthetics_appearance,0.33771867651395615,-0.36144986485252906
63046139,O_aesthetics_appearance,1.374960499248276,-0.1686855395852184
63095160,O_aesthetics_appearance,-0.2931688632378412,-0.01829761016210672
63130875,O_aesthetics_appearance,-0.3026535194760792,-0.2862006636090164
63830782,O_aesthetics_appearance,0.2367947690091562,-0.07022004648652697
75599070,O_aesthetics_appearance,0.3934039249409657,-0.87674860967506
8686068,O_aesthetics_appearance,0.3584731169789436,2.449168739576757
104659050,Q_miscommunication,-0.07780751868352714,-2.712743981248249
11266880,Q_miscommunication,0.2802763747295356,-0.23885989413688508
123257687,Q_miscommunication,-0.3864136008751602,0.4418671669083071
123446478,Q_miscommunication,0.13097276742316014,0.3058653630161336
127305713,Q_miscommunication,-0.404989360690583,0.21736959774763095
149105520,Q_miscommunication,-0.12305377317134684,-0.1839512495130315
15197,Q_miscommunication,0.0005069769389857367,-0.13224476496813123
161913,Q_miscommunication,-1.1964854563179719,-0.18682105053064998
17561022,Q_miscommunication,-1.084843505780691,0.478854307872688
1756703,Q_miscommunication,0.2413841833476564,-0.5005270379424841
18692741,Q_miscommunication,-2.028419672633802,0.3101748553620062
201413413,Q_miscommunication,-0.3820746698676968,0.5399043481148011
20346544,Q_miscommunication,-1.43344738298988,0.2133757018134232
208153130,Q_miscommunication,1.0380845733804547,-1.0191081255431207
21787,Q_miscommunication,-0.795080718228923,0.6353135979289254
22609391,Q_miscommunication,0.41896525184760003,-0.06900489476968917
22707536,Q_miscommunication,-0.7344162948135973,-0.5516847873081346
23518136,Q_miscommunication,-2.010156827203099,-0.41469674882703444
27394781,Q_miscommunication,-1.5317826534793828,-0.418906488273591
28675670,Q_miscommunication,0.9508006649352033,-0.08801973776322458
28869598,Q_miscommunication,0.15715275511472104,1.4872866204780537
28963772,Q_miscommunication,0.1600345903073371,1.4219331344378259
29424551,Q_miscommunication,0.8278195302142533,0.019328072322755574
29939161,Q_miscommunication,0.5121225763843927,0.5783891976393559
30291077,Q_miscommunication,-1.1114840704607087,5.2418674118642015
30618705,Q_miscommunication,-1.8868163793656307,-0.25994075100608227
30627346,Q_miscommunication,-0.3258416333126469,0.8246451369920929
306364,Q_miscommunication,0.9240587604560921,-0.21137277975262558
31276376,Q_miscommunication,0.865330460310806,0.28553275494909675
31424202,Q_miscommunication,0.7029641148207609,-0.7688501969460348
31625455,Q_miscommunication,-0.12093191138264749,-0.3414431690766502
32195234,Q_miscommunication,-0.55899487338084,-0.5516821714894954
33743772,Q_miscommunication,-1.3894966309198682,0.5618183446372292
34272677,Q_miscommunication,0.0232672340629969,-0.5380407013830335
34322023,Q_miscommunication,0.7411353666850194,0.38560116640636677
34438741,Q_miscommunication,1.040338073195292,-0.6583709456523482
34812836,Q_miscommunication,1.2199788162444751,-0.46250377692237354
35008850,Q_miscommunication,-0.11590944188963145,0.8603990971399936
35053870,Q_miscommunication,1.5056709932959822,0.1974295900161505
35109856,Q_miscommunication,0.5517070272016406,0.3311625346165501
36429604,Q_miscommunication,-2.513792242561623,0.9613093479280478
36437212,Q_miscommunication,-0.9770985189577884,0.14922822583148024
36512901,Q_miscommunication,-2.5808704441161137,0.2037330971432129
36564103,Q_miscommunication,1.2843153606855244,0.029693289130627413
36600859,Q_miscommunication,-1.4056014118509508,0.7667616104027853
36662463,Q_miscommunication,-0.15939056181890884,-0.03162405944303172
40131614,Q_miscommunication,1.1880465019514594,-0.704963613339922
4066312,Q_miscommunication,0.8306837858469892,0.006416510493404448
40727118,Q_miscommunication,-0.8771855769312086,0.19890883686982958
42427664,Q_miscommunication,2.270407479625687,0.2905466349856335
43728457,Q_miscommunication,-1.6406785128134302,-0.05789999107508884
44099084,Q_miscommunication,1.1114963109465354,0.2344109893827386
44168447,Q_miscommunication,-1.6797427429923082,-0.15460645866048578
45156972,Q_miscommunication,3.164326618585673,-2.790000569696672
45857023,Q_miscommunication,-1.044707874123133,1.2828893697868748
46142566,Q_miscommunication,-1.368680595317285,-0.5095931512175761
48572514,Q_miscommunication,1.1500319458500305,-0.3760171374264529
49571946,Q_miscommunication,-1.0084692336092043,-0.42240752646754426
51208558,Q_miscommunication,-1.0452781265599693,-0.351810067560612
51778361,Q_miscommunication,-0.7120175150650843,0.24008789495543792
53490997,Q_miscommunication,-1.7778215660943335,-0.4369896277277532
53491020,Q_miscommunication,-3.137541729225454,-0.020728481134650693
53491063,Q_miscommunication,-2.697220941814244,-0.2007245795087735
54474410,Q_miscommunication,0.4100540884263306,-0.2316204038297483
55538972,Q_miscommunication,0.6702218788610835,-0.5245765177578289
55583305,Q_miscommunication,0.03901335913935345,-0.6331743836810432
55590890,Q_miscommunication,0.9545889152741875,0.0050837009748686
55738401,Q_miscommunication,-0.09014831907104504,0.8031025912325606
55817097,Q_miscommunication,3.131949526131441,3.2319449332800985
55849103,Q_miscommunication,1.4131700153139852,1.167118017227941
56916467,Q_miscommunication,1.3013096236678519,0.18333594707080397
57200226,Q_miscommunication,3.473302083042135,-3.6410258768207884
57216633,Q_miscommunication,-0.011689980313349786,-0.6312395667070092
58013278,Q_miscommunication,0.7438516223910343,-0.8525651988998284
58995736,Q_miscommunication,0.7476501046009267,-0.1279205889702457
60217302,Q_miscommunication,2.6184730060414365,4.665092262437305
60416566,Q_miscommunication,-0.03266818052823712,-0.5597461342941313
60576722,Q_miscommunication,1.7017166380988595,0.8873038408354765
60686882,Q_miscommunication,1.5840821317829614,-0.6267926263597886
60797616,Q_miscommunication,0.10819466888964381,-0.2693435582970448
60809640,Q_miscommunication,0.5000789003932906,0.46665269322690667
61229235,Q_miscommunication,0.43996511121778337,0.09629852345720348
61273778,Q_miscommunication,-0.1444050327117714,0.5347378073169811
62316382,Q_miscommunication,-0.9872687921768819,-2.7435244974708275
62322599,Q_miscommunication,2.5782040510478246,-0.04425028207289847
62626163,Q_miscommunication,0.4942662304111392,-0.3382737668504215
63046139,Q_miscommunication,0.46037738979327525,-0.06088590794363414
63095160,Q_miscommunication,-0.7034373801148397,-1.7452512226548258
63130875,Q_miscommunication,1.8563662738201758,-0.41248495515200684
63830782,Q_miscommunication,0.7196569110519675,0.08851910694627706
75599070,Q_miscommunication,-3.3062208639830644,-1.3447286917781907
8686068,Q_miscommunication,-1.6379891055870859,-0.6777505353283908
104659050,Q_repair,-1.893599263339493,3.055695240097987
11266880,Q_repair,0.393997611035611,0.087928418695962
123257687,Q_repair,1.1346977077414488,-0.6038443688765291
123446478,Q_repair,0.7956696809945355,0.44380675838848815
127305713,Q_repair,0.8523141612433431,-1.1162878306942798
149105520,Q_repair,0.9330581377664027,-1.5692672561678362
15197,Q_repair,0.0218455521533838,0.015958565308581665
161913,Q_repair,-0.9293677119385849,0.952316176193614
17561022,Q_repair,-1.1655877023000774,-0.32580311423795494
1756703,Q_repair,1.893509730215796,-0.3645268424132026
18692741,Q_repair,-2.7499081921209227,-1.4007991397588775
201413413,Q_repair,-0.8239607482169643,0.22596227329110485
20346544,Q_repair,-2.522817596803645,0.005758276372114072
208153130,Q_repair,-1.039619397170041,-0.2569910553607283
21787,Q_repair,-1.6347576732933873,1.3548637841456597
22609391,Q_repair,-0.17467590804364544,-0.6890492848537896
22707536,Q_repair,-0.37662413915816545,-2.069740288787021
23518136,Q_repair,-1.652913832367257,0.28653169552903934
27394781,Q_repair,0.7054750807338064,-0.375970352545038
28675670,Q_repair,1.3509467449372519,1.0158359491736588
28869598,Q_repair,-0.7638464051105782,0.056271259699046394
28963772,Q_repair,2.167909265525805,0.22016222948408196
29424551,Q_repair,0.5668591111681929,0.055123765469417774
29939161,Q_repair,0.9511014444543137,0.005279946334323076
30291077,Q_repair,-1.6779266732523588,0.012076266286523593
30618705,Q_repair,-0.8693195071448162,0.3374004012532349
30627346,Q_repair,-0.7318844852758215,0.9959677485691751
306364,Q_repair,1.3701094298265992,-0.024020039819168015
31276376,Q_repair,1.7249088012583935,0.14532621528482964
31424202,Q_repair,0.5835652291462822,-0.3387228945798105
31625455,Q_repair,0.5449616458961495,0.19903804010861473
32195234,Q_repair,-1.1231685997729906,-1.5091780727882922
33743772,Q_repair,-0.4653225133453747,0.6494279889884416
34272677,Q_repair,-1.5071144429535743,-2.549968969852336
34322023,Q_repair,0.22846074807557254,0.6547963278891523
34438741,Q_repair,-0.7743796870039052,-0.4955382020818014
34812836,Q_repair,1.2046736839139138,1.203840713485573
35008850,Q_repair,0.8008919416479724,0.6127751923388886
35053870,Q_repair,0.9638104963369689,0.07565718212006746
35109856,Q_repair,2.168824434696224,-0.6239217438505162
36429604,Q_repair,-1.984354385403451,0.9012341010694304
36437212,Q_repair,-0.21695355890495224,-3.5485957204260736
36512901,Q_repair,-2.518337357803763,0.4762432739707096
36564103,Q_repair,0.8121142616227052,0.7147407054856825
36600859,Q_repair,0.5781523765613162,0.91790839069035
36662463,Q_repair,-1.841169744219937,0.6599063918268272
40131614,Q_repair,0.6991652305595485,0.8407430204589135
4066312,Q_repair,1.6861287580526474,-0.7682815982664437
40727118,Q_repair,1.5321410793103705,-0.8245956891560083
42427664,Q_repair,1.7801573627214633,-0.49517858142823007
43728457,Q_repair,-1.5352049631202684,1.0602295687442005
44099084,Q_repair,1.622293329514845,2.0910081127162807
44168447,Q_repair,-1.8647851563477749,1.091555401976477
45156972,Q_repair,-0.15795963688769765,-0.6677372960649045
45857023,Q_repair,-2.3598220464963515,-0.2427834942722722
46142566,Q_repair,-0.4264524114921872,0.6851982935650158
48572514,Q_repair,-0.5403348169137339,-1.7736265601514931
49571946,Q_repair,0.1783218235968897,0.19297492714525286
51208558,Q_repair,0.1594955253451789,1.1874711712811095
51778361,Q_repair,1.2490488791274348,0.4240766569213442
53490997,Q_repair,-1.6269261080009216,1.1557845908422737
53491020,Q_repair,-0.6409921064782332,-0.48139526972435615
53491063,Q_repair,-4.111901081892114,-0.305548917765978
54474410,Q_repair,-0.22337389946515177,-0.9459016357031133
55538972,Q_repair,0.0858581742299813,0.024424109886271077
55583305,Q_repair,2.2543642309898506,-1.2846376998957938
55590890,Q_repair,0.9690179724456512,-0.7033641447290382
55738401,Q_repair,0.28937828674304683,0.17614118611079213
55817097,Q_repair,1.6919897554038608,-1.719014125334321
55849103,Q_repair,1.4787401157888833,0.24690996696692113
56916467,Q_repair,0.8876484810723229,1.1446807630626357
57200226,Q_repair,-0.7451755394932327,-1.3381219992209827
57216633,Q_repair,-1.4553617171536049,-1.308755192547504
58013278,Q_repair,-1.9047246819049937,-0.427183335055791
58995736,Q_repair,-0.022042453306100072,0.03177327558097278
60217302,Q_repair,3.4239162424121314,0.5175037532435166
60416566,Q_repair,0.7805942759860034,0.5718421019598049
60576722,Q_repair,1.2774989361548066,1.2826945806931878
60686882,Q_repair,0.23043961613191316,-0.015737462570272216
60797616,Q_repair,1.233371441673552,1.4304767268933964
60809640,Q_repair,0.5493008382917905,-0.13934348810874692
61229235,Q_repair,1.1591912964978182,-1.033787125914309
61273778,Q_repair,2.11293948556641,-0.03124795355446584
62316382,Q_repair,-0.39005376331539465,3.2050738821913987
62322599,Q_repair,-0.27574856615639043,-0.4183249450667405
62626163,Q_repair,0.06345685570266286,1.0722152668792428
63046139,Q_repair,-0.33502982346644805,-2.478113857477768
63095160,Q_repair,-1.1108767699848716,2.27173652992667
63130875,Q_repair,1.2448007992630763,0.3566972655563218
63830782,Q_repair,1.5808207935956315,0.19893864883899107
75599070,Q_repair,-2.85682245174657,-0.40588567369068684
8686068,Q_repair,-0.9467393445640163,-1.9271918561990975
104659050,R1_protective_caretaking,2.0720059101980812,1.3176620716100151
11266880,R1_protective_caretaking,1.0590503523083414,-1.1512776999355403
123257687,R1_protective_caretaking,-0.417753968284059,-2.437808729039294
123446478,R1_protective_caretaking,-0.9218404880995744,-1.9096000039659782
127305713,R1_protective_caretaking,0.0805547253468024,-1.099087786803903
149105520,R1_protective_caretaking,-5.830229802824861,0.09460815605664102
15197,R1_protective_caretaking,-1.008315121061988,-1.644548790236226
161913,R1_protective_caretaking,1.6501606431524904,-0.18276835659125165
17561022,R1_protective_caretaking,4.934014756498413,-0.014810910185940175
1756703,R1_protective_caretaking,-2.208206387197738,0.30567924398165763
18692741,R1_protective_caretaking,7.00782576433195,2.4231592307158523
201413413,R1_protective_caretaking,4.585293855501571,0.9643455094612857
20346544,R1_protective_caretaking,6.785755110155828,3.151182910445352
208153130,R1_protective_caretaking,-3.697756270340632,2.9525552744883163
21787,R1_protective_caretaking,6.886657625956632,-0.6028991399344318
22609391,R1_protective_caretaking,0.5388606737263185,-2.2380379305290052
22707536,R1_protective_caretaking,-4.086369681193675,2.1645020374225745
23518136,R1_protective_caretaking,4.934279532620428,-1.4836008185481073
27394781,R1_protective_caretaking,4.118828164698154,-2.021949201332229
28675670,R1_protective_caretaking,-1.9225895539743951,-1.3266103848853465
28869598,R1_protective_caretaking,0.6625808621937912,-0.3387229464772343
28963772,R1_protective_caretaking,-2.1152126416795234,0.9008433836253574
29424551,R1_protective_caretaking,-0.7881582227231457,-2.5362666342173528
29939161,R1_protective_caretaking,-5.931181670178541,-1.8439033714191069
30291077,R1_protective_caretaking,5.188425949975693,0.24003178091402186
30618705,R1_protective_caretaking,5.015314099582362,-0.5639951981156857
30627346,R1_protective_caretaking,1.8245688290173758,0.9987401103483377
306364,R1_protective_caretaking,-3.1248841062433397,-0.8919874466049761
31276376,R1_protective_caretaking,-0.6736299658757878,-1.5842737147715549
31424202,R1_protective_caretaking,-1.4810745785912955,-0.9821963463501808
31625455,R1_protective_caretaking,0.6444273021533533,-1.6315801247219157
32195234,R1_protective_caretaking,2.158185675262609,-0.8590778733998193
33743772,R1_protective_caretaking,1.3114477976774135,-1.4647703445840976
34272677,R1_protective_caretaking,-2.325474285774392,4.018326202727354
34322023,R1_protective_caretaking,-0.07736136065714555,-3.528806911493742
34438741,R1_protective_caretaking,-3.4882382270038716,2.857938393484
34812836,R1_protective_caretaking,-0.9177856740549822,-3.3624866596404366
35008850,R1_protective_caretaking,-1.3530267347851046,0.21481475897598146
35053870,R1_protective_caretaking,-2.6603831921752383,1.1246655332686588
35109856,R1_protective_caretaking,-0.3477704343902335,-4.662429058831426
36429604,R1_protective_caretaking,3.084452993209415,2.0426594411359353
36437212,R1_protective_caretaking,-6.707752615370207,1.3062813556637867
36512901,R1_protective_caretaking,7.309745116989337,2.420526372586459
36564103,R1_protective_caretaking,-5.374888741380066,2.258460409137779
36600859,R1_protective_caretaking,3.963542583159898,0.14676192782658806
36662463,R1_protective_caretaking,2.8551608549795606,-0.9994903935780954
40131614,R1_protective_caretaking,-4.48137118970087,0.006253656758465785
4066312,R1_protective_caretaking,-3.679035521452658,-1.0255289564014498
40727118,R1_protective_caretaking,-0.17780049171715304,-2.019063394539249
42427664,R1_protective_caretaking,-2.7641707963715145,-1.692889250469049
43728457,R1_protective_caretaking,5.072786339692317,1.369132374948292
44099084,R1_protective_caretaking,-1.673704232857448,-1.2385724128348388
44168447,R1_protective_caretaking,5.391894672063236,-0.6648530493259754
45156972,R1_protective_caretaking,-5.707004364732922,7.900928480604607
45857023,R1_protective_caretaking,6.266636315833174,-0.09791985553193258
46142566,R1_protective_caretaking,4.196008349389241,0.007837508499516657
48572514,R1_protective_caretaking,-3.2555595342603714,-0.20831092530014478
49571946,R1_protective_caretaking,-1.6510931622248834,0.7413642880162468
51208558,R1_protective_caretaking,5.399097621509851,-1.0832912735586837
51778361,R1_protective_caretaking,-2.1998171584553927,-0.8992775719250965
53490997,R1_protective_caretaking,4.852602742900856,1.1201885710732697
53491020,R1_protective_caretaking,4.131952609357742,1.8616331590913768
53491063,R1_protective_caretaking,4.744212826271591,3.171307255464621
54474410,R1_protective_caretaking,-4.005287953267538,1.2953271465910094
55538972,R1_protective_caretaking,-4.046268285727622,-1.802367624438918
55583305,R1_protective_caretaking,-3.636692311319859,-1.4178192601422643
55590890,R1_protective_caretaking,-2.2328770830720934,-2.319055715980972
55738401,R1_protective_caretaking,0.32604301557673276,-1.0917860696898745
55817097,R1_protective_caretaking,-1.8696547190512902,-1.9939974098509332
55849103,R1_protective_caretaking,-1.874381050292211,-1.5008716673947724
56916467,R1_protective_caretaking,-1.6115859249538238,-0.42167673887811047
57200226,R1_protective_caretaking,-5.848986293936851,10.552012450234717
57216633,R1_protective_caretaking,-2.538124381178282,-0.527615978815904
58013278,R1_protective_caretaking,2.8701170068273254,2.827664813503056
58995736,R1_protective_caretaking,-2.2940860272300725,0.7132675622198508
60217302,R1_protective_caretaking,-1.558296702817032,-3.307745584342203
60416566,R1_protective_caretaking,0.9425594417338697,0.7972047310210584
60576722,R1_protective_caretaking,-3.1022863206895,-1.9167133066430235
60686882,R1_protective_caretaking,-2.502190312300826,-0.7735071086484354
60797616,R1_protective_caretaking,-0.6616105021376065,-1.1873858838383762
60809640,R1_protective_caretaking,-3.671613439120567,0.6894789148083342
61229235,R1_protective_caretaking,-0.50366422235916,0.00864432722450982
61273778,R1_protective_caretaking,-1.1390716797983906,0.6620584889421292
62316382,R1_protective_caretaking,3.572350204710685,0.8833952696809091
62322599,R1_protective_caretaking,0.20875667251831662,0.2757145650933986
62626163,R1_protective_caretaking,-2.4282180433455682,0.8989041560997255
63046139,R1_protective_caretaking,-3.840633993186431,-0.4632638335990017
63095160,R1_protective_caretaking,2.478014143627222,1.668222452395766
63130875,R1_protective_caretaking,-0.102539712480729,-2.4986591407716197
63830782,R1_protective_caretaking,-2.265862691004435,-1.5156240047587408
75599070,R1_protective_caretaking,3.843915457075049,5.000818139138649
8686068,R1_protective_caretaking,1.8152852271198443,-1.3243196214130186
104659050,R2_alpha_guarding,-0.7334658002568772,-0.5604098687862215
11266880,R2_alpha_guarding,1.2664210874824755,0.7390736835726376
123257687,R2_alpha_guarding,0.7281564032608628,-0.9851858609745522
123446478,R2_alpha_guarding,1.7431865317889537,-0.03154017011663182
127305713,R2_alpha_guarding,1.359319285106333,1.9189041167133993
149105520,R2_alpha_guarding,0.11944133811025266,1.210877035984802
15197,R2_alpha_guarding,-0.15874415020572322,-1.2547213022376171
161913,R2_alpha_guarding,-0.9706268697470188,2.3637026714303007
17561022,R2_alpha_guarding,-1.1203694860413325,0.4104176633993141
1756703,R2_alpha_guarding,1.268841565471495,1.7153849030468977
18692741,R2_alpha_guarding,-1.540426515704913,2.8249569856755525
201413413,R2_alpha_guarding,-0.8803013578215231,1.8312790635035903
20346544,R2_alpha_guarding,-3.039778272353229,-0.3226424993994211
208153130,R2_alpha_guarding,0.2616713403002902,0.9319966396375279
21787,R2_alpha_guarding,-0.6521348455788052,1.7610810530230971
22609391,R2_alpha_guarding,0.48801867553881045,-0.13584249881718505
22707536,R2_alpha_guarding,-0.6440468334727245,-0.4792202703537454
23518136,R2_alpha_guarding,-1.5319168416981104,-1.6225002296465054
27394781,R2_alpha_guarding,-0.594734965889054,-1.9301733080483727
28675670,R2_alpha_guarding,1.4389985986859761,-0.014851713730956544
28869598,R2_alpha_guarding,-1.4212214818169566,1.466125748055469
28963772,R2_alpha_guarding,0.4064438331512377,0.0015714490773974807
29424551,R2_alpha_guarding,0.19159855191138234,-0.14187889503897183
29939161,R2_alpha_guarding,1.0436518628948652,1.458314756312548
30291077,R2_alpha_guarding,-2.517203365790265,-0.41523081026042197
30618705,R2_alpha_guarding,-2.003731486554988,0.6458878699463404
30627346,R2_alpha_guarding,-2.022889422907534,0.9413108176795625
306364,R2_alpha_guarding,-0.19551999415907054,1.596262112256174
31276376,R2_alpha_guarding,1.2851634521021913,-0.6634884512383931
31424202,R2_alpha_guarding,1.0339396358314148,-0.6894918524564592
31625455,R2_alpha_guarding,0.8747762434022108,0.13278966269337245
32195234,R2_alpha_guarding,-0.2160915902594574,-1.4477568657103266
33743772,R2_alpha_guarding,1.8540832113860766,0.6230130081332945
34272677,R2_alpha_guarding,0.24293792245069612,-1.5743011556376318
34322023,R2_alpha_guarding,2.575223967153849,-0.10797983534083255
34438741,R2_alpha_guarding,0.31398044474435494,1.0079681637224354
34812836,R2_alpha_guarding,0.10145587620444906,0.40848487611716544
35008850,R2_alpha_guarding,-0.1859589658456604,-0.36494906639314756
35053870,R2_alpha_guarding,0.21277171893669916,-0.7586769894124782
35109856,R2_alpha_guarding,0.3963771057662702,-0.5699842843765629
36429604,R2_alpha_guarding,-2.838789666183003,-1.1444596301281482
36437212,R2_alpha_guarding,-0.5992989477945532,-2.458743276877476
36512901,R2_alpha_guarding,-2.078427762065337,-0.4133866513375871
36564103,R2_alpha_guarding,1.2332148233895022,-0.1877557178908008
36600859,R2_alpha_guarding,-1.3406031137868184,-0.6062934839642501
36662463,R2_alpha_guarding,-2.8797466265610576,2.3061757408915837
40131614,R2_alpha_guarding,-0.03311843019537939,-0.9076551908509556
4066312,R2_alpha_guarding,0.5637371782772451,-0.2720189696960945
40727118,R2_alpha_guarding,2.909213115151357,0.10400158688479658
42427664,R2_alpha_guarding,1.57670594774123,0.5033700951216534
43728457,R2_alpha_guarding,-2.1749908771105124,0.23239634130485434
44099084,R2_alpha_guarding,1.758850738310331,-0.39946020576271074
44168447,R2_alpha_guarding,-2.201293825807045,1.356070166859189
45156972,R2_alpha_guarding,-0.5046174088308688,-0.3561673349789899
45857023,R2_alpha_guarding,-1.856327146060255,1.0380462456072581
46142566,R2_alpha_guarding,-1.0484269916312978,0.1207322415591299
48572514,R2_alpha_guarding,0.5717629977057715,0.6853755014832941
49571946,R2_alpha_guarding,0.47503719933563265,0.08540234475962506
51208558,R2_alpha_guarding,-1.5443886237644244,0.1701586808302713
51778361,R2_alpha_guarding,-0.6509060833655671,-1.7224378843274344
53490997,R2_alpha_guarding,-1.4304508771030549,-0.025453650773142086
53491020,R2_alpha_guarding,-1.510580288151779,-0.030815448616174836
53491063,R2_alpha_guarding,-1.3772999448388699,-1.4447111461649724
54474410,R2_alpha_guarding,2.0173231037601926,1.870519065097639
55538972,R2_alpha_guarding,1.8247554585284376,0.42224536621510006
55583305,R2_alpha_guarding,0.062779489161313,-0.5286018474396408
55590890,R2_alpha_guarding,0.31158756716026426,-0.43254475308165846
55738401,R2_alpha_guarding,-0.8374218139889115,-2.0510630497106828
55817097,R2_alpha_guarding,3.661404261620732,-0.6233334225434415
55849103,R2_alpha_guarding,1.176406911018339,-0.5052449602514776
56916467,R2_alpha_guarding,0.6111091503358567,0.9213709274541043
57200226,R2_alpha_guarding,-0.9080397242063319,0.1814964809656478
57216633,R2_alpha_guarding,1.4541668762225857,-0.2575258122634796
58013278,R2_alpha_guarding,-1.980213855159109,-0.7525303067008123
58995736,R2_alpha_guarding,-0.4718868372814138,0.6310221246656498
60217302,R2_alpha_guarding,1.7342229982441353,-0.3810609581296592
60416566,R2_alpha_guarding,0.5194765988952065,0.992428734166641
60576722,R2_alpha_guarding,1.0193639211501313,-0.3330385672597529
60686882,R2_alpha_guarding,0.44772206883548415,-1.3703573683580996
60797616,R2_alpha_guarding,1.0679816528837331,-0.6266155400361895
60809640,R2_alpha_guarding,0.21212223562635882,-1.046365838703237
61229235,R2_alpha_guarding,0.318404003317364,-0.18835611070045344
61273778,R2_alpha_guarding,-0.43187036469726015,-0.7064539899610867
62316382,R2_alpha_guarding,-0.08310960891016257,-1.0701262423433218
62322599,R2_alpha_guarding,0.12521010689141146,-0.9556278890916245
62626163,R2_alpha_guarding,-0.1272298704022875,-0.31217238766092215
63046139,R2_alpha_guarding,1.3119708702863553,1.3590927769686365
63095160,R2_alpha_guarding,-0.09142429673106076,-1.1300001673265612
63130875,R2_alpha_guarding,0.38880825276394376,-0.6936021796807189
63830782,R2_alpha_guarding,1.2386992581648066,-0.24234276052466394
75599070,R2_alpha_guarding,0.7236435328131273,1.219905300918979
8686068,R2_alpha_guarding,0.9074862614576147,0.057936669377721184
104659050,R_jealousy_possessiveness,-0.14907303607814615,-0.3873416540118459
11266880,R_jealousy_possessiveness,0.7834966751173854,0.7077698564566339
123257687,R_jealousy_possessiveness,1.7944127173493898,0.5485790133011207
123446478,R_jealousy_possessiveness,1.5943631018978925,1.0488135222823143
127305713,R_jealousy_possessiveness,0.3791707004546772,2.113322779573456
149105520,R_jealousy_possessiveness,-0.22734977373882023,1.481818496643284
15197,R_jealousy_possessiveness,0.14189713202431697,-1.2193597221541606
161913,R_jealousy_possessiveness,-2.1961144378894857,1.1529508056829523
17561022,R_jealousy_possessiveness,-1.0288021395081717,0.023146764923933305
1756703,R_jealousy_possessiveness,0.23499552633830859,1.2240161821204059
18692741,R_jealousy_possessiveness,-2.3189254182279577,1.3586298893718363
201413413,R_jealousy_possessiveness,-1.8170004029220377,1.8725867214845973
20346544,R_jealousy_possessiveness,-1.9346446794523813,-0.3674243886818776
208153130,R_jealousy_possessiveness,-0.6951233814719545,0.8720741818502618
21787,R_jealousy_possessiveness,-1.6775206060981698,0.3039748397809837
22609391,R_jealousy_possessiveness,0.4991364608108618,0.03891373299635832
22707536,R_jealousy_possessiveness,-0.6173900451559685,-1.2415811493926303
23518136,R_jealousy_possessiveness,-0.21431092022788592,-0.917895677650744
27394781,R_jealousy_possessiveness,1.0301719660045583,-1.1070692652432097
28675670,R_jealousy_possessiveness,0.9707977811118937,0.0925880024781416
28869598,R_jealousy_possessiveness,-1.3987949987352148,1.6748336614803514
28963772,R_jealousy_possessiveness,0.2307302988829702,-0.1707136200580136
29424551,R_jealousy_possessiveness,0.523917612354628,0.22548626425396628
29939161,R_jealousy_possessiveness,0.3101264399506059,1.3624955073506062
30291077,R_jealousy_possessiveness,-1.5093575677472162,-0.3766007090571517
30618705,R_jealousy_possessiveness,-2.0369275450292172,-0.08035740865417787
30627346,R_jealousy_possessiveness,-1.6856806165359761,1.0852025694191085
306364,R_jealousy_possessiveness,-0.5993456424032895,1.8724325720353923
31276376,R_jealousy_possessiveness,1.241003845684589,-0.4796376242058835
31424202,R_jealousy_possessiveness,1.2803926536700112,0.290225759841148
31625455,R_jealousy_possessiveness,0.7562689301265142,-0.10796001281346707
32195234,R_jealousy_possessiveness,0.8670962539683725,-0.4490658051727904
33743772,R_jealousy_possessiveness,1.0272859515489414,-1.120287399331468
34272677,R_jealousy_possessiveness,0.8490443365770931,-0.6374473620542475
34322023,R_jealousy_possessiveness,1.869905530923177,0.19244015592879754
34438741,R_jealousy_possessiveness,-0.7817665805050116,0.4438736218532879
34812836,R_jealousy_possessiveness,0.15518779006218142,0.22051484685887365
35008850,R_jealousy_possessiveness,0.36534835435614166,0.19837026632254678
35053870,R_jealousy_possessiveness,0.3744511003460037,-1.002970311370087
35109856,R_jealousy_possessiveness,0.9089989363090648,-0.03699765572749658
36429604,R_jealousy_possessiveness,-1.934411598077737,-1.9035929817017805
36437212,R_jealousy_possessiveness,1.1536990136047776,-1.378140241796741
36512901,R_jealousy_possessiveness,-1.3139321764911671,-0.8609453749382412
36564103,R_jealousy_possessiveness,0.7081200819035642,0.38972853648090094
36600859,R_jealousy_possessiveness,-1.3205471275775045,-2.015665796208597
36662463,R_jealousy_possessiveness,-2.797329344594683,1.929174385275507
40131614,R_jealousy_possessiveness,0.5246092082223285,-0.3100990137873927
4066312,R_jealousy_possessiveness,0.6475194643619069,-0.15972831676546145
40727118,R_jealousy_possessiveness,2.6805647154314243,0.841923981881071
42427664,R_jealousy_possessiveness,0.6904102992519261,0.372267263032552
43728457,R_jealousy_possessiveness,-1.9337204835338246,-0.8691355817346234
44099084,R_jealousy_possessiveness,2.2389953030394585,0.5898017068673517
44168447,R_jealousy_possessiveness,-2.1411153389116664,1.2558802991337785
45156972,R_jealousy_possessiveness,-0.39130784444301914,-0.4230105478962375
45857023,R_jealousy_possessiveness,-1.9800300841849836,-0.40809472448294554
46142566,R_jealousy_possessiveness,-0.7670643247107304,-0.12446226435158303
48572514,R_jealousy_possessiveness,-0.7699277904748832,-0.9426565806701744
49571946,R_jealousy_possessiveness,0.7486732194490988,1.3180698729789322
51208558,R_jealousy_possessiveness,-0.8346495754961902,0.23178134271890616
51778361,R_jealousy_possessiveness,0.17711230484671914,-1.7885606725015066
53490997,R_jealousy_possessiveness,-1.0484694846204072,-0.05172895696934178
53491020,R_jealousy_possessiveness,-1.2042096457283797,-0.5017645906615369
53491063,R_jealousy_possessiveness,-0.8396565065547705,-2.0571468067935363
54474410,R_jealousy_possessiveness,0.20665436195855652,1.6265137969764112
55538972,R_jealousy_possessiveness,0.5894307252337766,-0.03931044838507449
55583305,R_jealousy_possessiveness,0.2471650550410676,0.13531542100962046
55590890,R_jealousy_possessiveness,0.09245867142130865,-0.8276091495929134
55738401,R_jealousy_possessiveness,0.4213785586968892,-1.3335329091525254
55817097,R_jealousy_possessiveness,2.9423638935513865,-0.4042067918362398
55849103,R_jealousy_possessiveness,1.314934813687551,-0.6849442817132709
56916467,R_jealousy_possessiveness,0.9237058972418022,2.570983995709068
57200226,R_jealousy_possessiveness,-1.0403649470032101,0.1674280029242535
57216633,R_jealousy_possessiveness,0.9917070117525771,0.1516153243471109
58013278,R_jealousy_possessiveness,-1.4846710438571908,-1.9279930277110215
58995736,R_jealousy_possessiveness,-0.9339809442496736,0.045785638586987504
60217302,R_jealousy_possessiveness,1.5742920688679893,0.34328657184630135
60416566,R_jealousy_possessiveness,-0.5391964837395832,0.646543631740064
60576722,R_jealousy_possessiveness,1.2632665213182992,0.004183734320535297
60686882,R_jealousy_possessiveness,1.0956212766006426,-0.6798697060836028
60797616,R_jealousy_possessiveness,0.8760380675354643,-0.07647433613037219
60809640,R_jealousy_possessiveness,0.9119711307405793,0.4707102882375239
61229235,R_jealousy_possessiveness,0.6815205543710307,0.5668263258168013
61273778,R_jealousy_possessiveness,0.23092772375467388,-0.53965065820226
62316382,R_jealousy_possessiveness,0.49785663010615006,-0.6263570752557739
62322599,R_jealousy_possessiveness,0.036840037813449564,-0.8059178959240806
62626163,R_jealousy_possessiveness,-0.08064102532378069,-0.3248599792115812
63046139,R_jealousy_possessiveness,0.588149695936141,1.0635263708577571
63095160,R_jealousy_possessiveness,0.716460482961512,-0.2962765276181555
63130875,R_jealousy_possessiveness,0.5326073571841422,-0.5702568476977137
63830782,R_jealousy_possessiveness,0.8725771511270795,-0.18384177420188322
75599070,R_jealousy_possessiveness,-1.5974105209950236,-1.4896131592847792
8686068,R_jealousy_possessiveness,0.47493268941246386,-0.8182497201915968
104659050,S_scene_anchors,1.5827966586428195,-0.607645995926788
11266880,S_scene_anchors,-2.2609094187349155,-0.457628922194202
123257687,S_scene_anchors,-2.350171165683788,-0.16955826685199007
123446478,S_scene_anchors,-0.8021158048144741,-0.33194706753098724
127305713,S_scene_anchors,-1.9638812529900416,-0.0736623530943638
149105520,S_scene_anchors,-3.5322128929410774,-0.6846004595068622
15197,S_scene_anchors,-0.9575394824855786,0.336692737849164
161913,S_scene_anchors,3.1014668384471813,-1.0313836427654468
17561022,S_scene_anchors,3.2941930228243868,-0.19752486407475273
1756703,S_scene_anchors,-3.4560827128088367,-0.40917648932465994
18692741,S_scene_anchors,3.0994535332707476,-0.4850945044706613
201413413,S_scene_anchors,1.9596436245583244,-0.6212125698770069
20346544,S_scene_anchors,3.739217431341632,-0.6055341603525081
208153130,S_scene_anchors,-1.5738496570108635,-0.7254212807119518
21787,S_scene_anchors,3.7045929214332105,-0.5588493487693021
22609391,S_scene_anchors,-0.5269525503721997,-0.5064571224420138
22707536,S_scene_anchors,-2.6921145340817465,-0.47818697763670126
23518136,S_scene_anchors,3.8778105105694007,-0.6905288328179824
27394781,S_scene_anchors,4.30426924677078,-0.9811598177810815
28675670,S_scene_anchors,-1.9210422848359785,2.4116997123916337
28869598,S_scene_anchors,3.7172290666642223,4.055776030473545
28963772,S_scene_anchors,-1.6610184136507682,-0.5656388191810803
29424551,S_scene_anchors,-0.43727233545067257,2.3402069201247255
29939161,S_scene_anchors,-5.162348309217259,-0.018821113875811844
30291077,S_scene_anchors,3.770426179920856,-0.25064756774279984
30618705,S_scene_anchors,3.7325796098195547,-0.20445573038264633
30627346,S_scene_anchors,3.994965363295526,5.675316008389264
306364,S_scene_anchors,-2.399142294795001,-0.5280226621918397
31276376,S_scene_anchors,-0.6453627887371566,1.4501296710681852
31424202,S_scene_anchors,-0.8763604133758692,0.2548788922201498
31625455,S_scene_anchors,1.3095502614147523,-0.37778152756731753
32195234,S_scene_anchors,0.10470312782776435,-0.1545787845764871
33743772,S_scene_anchors,0.5716162556185802,-0.35223073163393154
34272677,S_scene_anchors,-4.875310071801917,-0.17543644739467507
34322023,S_scene_anchors,-0.08490698330394933,-0.9045281769015854
34438741,S_scene_anchors,-0.6099132931916026,-0.6072079845968011
34812836,S_scene_anchors,0.7484711411988346,-0.3715055760809558
35008850,S_scene_anchors,-1.5004366989973927,-0.44595346650753903
35053870,S_scene_anchors,0.1450541299005152,10.694735961176312
35109856,S_scene_anchors,-0.6499848125369486,-0.63985528569616
36429604,S_scene_anchors,2.0836480619191615,-1.0626287389713165
36437212,S_scene_anchors,-4.194508555360853,-0.5043684536090277
36512901,S_scene_anchors,2.862009948658065,-0.9482730528645368
36564103,S_scene_anchors,-5.293669798970267,0.09342238335094478
36600859,S_scene_anchors,3.750712635738198,-0.17767642155781446
36662463,S_scene_anchors,3.42526384104807,0.09515614412667735
40131614,S_scene_anchors,-3.6349171545840195,-0.16792432673247656
4066312,S_scene_anchors,-2.4779307632506393,-0.2805728362802404
40727118,S_scene_anchors,-1.370477341279085,-0.49147757107695295
42427664,S_scene_anchors,-2.569566565828182,-0.3391685143792328
43728457,S_scene_anchors,4.4356053544991205,-0.43388312115218697
44099084,S_scene_anchors,1.2102229515398413,0.07420473846959344
44168447,S_scene_anchors,4.201006219582623,-0.6580319961347363
45156972,S_scene_anchors,-3.345672785840641,0.37213457817588236
45857023,S_scene_anchors,4.05039848119851,-0.11844501979278209
46142566,S_scene_anchors,3.570367742742769,-0.764067790000827
48572514,S_scene_anchors,-1.2381249556267708,0.15527814828125855
49571946,S_scene_anchors,-2.5421948788645476,-0.4805959000387333
51208558,S_scene_anchors,4.478684322590229,-0.5707723880699305
51778361,S_scene_anchors,-1.1897281427451014,0.16309705652495757
53490997,S_scene_anchors,3.9935380535048393,-0.7300842832241832
53491020,S_scene_anchors,3.7291530392711967,-1.092922773374583
53491063,S_scene_anchors,2.648384767322478,-0.5922470436370929
54474410,S_scene_anchors,-2.053801180915586,0.09534671336482503
55538972,S_scene_anchors,-1.3372676856264192,0.28645316272783977
55583305,S_scene_anchors,-3.001882948109671,0.32967294622582477
55590890,S_scene_anchors,-0.7872045725900784,-0.12083101571790728
55738401,S_scene_anchors,1.64685042613886,-0.41004744482497124
55817097,S_scene_anchors,-4.261053127262252,-0.01369308371047056
55849103,S_scene_anchors,-1.495343328849323,-0.3319464296168388
56916467,S_scene_anchors,0.7261776232104108,-0.5922384030940797
57200226,S_scene_anchors,-3.330661079710483,0.48760667278024433
57216633,S_scene_anchors,0.1821129208491767,0.6897933555535379
58013278,S_scene_anchors,0.794601152676063,1.5905511100886067
58995736,S_scene_anchors,0.6225735865086977,-0.4266924974205043
60217302,S_scene_anchors,-2.7274869246414695,-0.10118215983926365
60416566,S_scene_anchors,-1.6019604932142644,-0.23227778868686283
60576722,S_scene_anchors,0.37098187147151995,-0.39849869944702226
60686882,S_scene_anchors,-1.2849925816159573,-0.2503780595034844
60797616,S_scene_anchors,0.30006272920359545,-0.3344946112114316
60809640,S_scene_anchors,-1.839032150316904,-0.04458366074313368
61229235,S_scene_anchors,-1.3608966948057937,-0.6358147172691428
61273778,S_scene_anchors,-0.5319862455778354,-0.4487556510159846
62316382,S_scene_anchors,2.6680987438491117,-0.7215817945514666
62322599,S_scene_anchors,0.9154567155603298,-0.709041603281554
62626163,S_scene_anchors,-0.34996932717023443,-0.2933147921070313
63046139,S_scene_anchors,-3.827273729855879,-0.08980811446309464
63095160,S_scene_anchors,1.5465619247968179,-0.9468900721908556
63130875,S_scene_anchors,0.19628345801019678,-0.3635147900019808
63830782,S_scene_anchors,-2.381230721975846,-0.15307625812750175
75599070,S_scene_anchors,0.7380585410033724,0.5017210169123768
8686068,S_scene_anchors,-0.9370921300062142,0.09016446790458126
